solid ASCII
  facet normal -7.147631e-18 9.914449e-01 1.305262e-01
    outer loop
      vertex   6.936599e+01 7.000000e+00 -5.000000e-01
      vertex   8.466481e+01 6.982963e+00 -3.705905e-01
      vertex   9.775000e+01 7.000000e+00 -5.000000e-01
    endloop
  endfacet
  facet normal 0.000000e+00 9.914449e-01 1.305262e-01
    outer loop
      vertex   9.775000e+01 7.000000e+00 -5.000000e-01
      vertex   8.466481e+01 6.982963e+00 -3.705905e-01
      vertex   8.748185e+01 6.982963e+00 -3.705905e-01
    endloop
  endfacet
  facet normal 0.000000e+00 9.914449e-01 1.305262e-01
    outer loop
      vertex   9.775000e+01 7.000000e+00 -5.000000e-01
      vertex   8.748185e+01 6.982963e+00 -3.705905e-01
      vertex   9.029889e+01 6.982963e+00 -3.705905e-01
    endloop
  endfacet
  facet normal 0.000000e+00 9.238795e-01 3.826834e-01
    outer loop
      vertex   9.029889e+01 6.982963e+00 -3.705905e-01
      vertex   8.748185e+01 6.982963e+00 -3.705905e-01
      vertex   9.029889e+01 6.933013e+00 -2.500000e-01
    endloop
  endfacet
  facet normal 0.000000e+00 9.238795e-01 3.826834e-01
    outer loop
      vertex   9.029889e+01 6.982963e+00 -3.705905e-01
      vertex   9.029889e+01 6.933013e+00 -2.500000e-01
      vertex   9.311592e+01 6.933013e+00 -2.500000e-01
    endloop
  endfacet
  facet normal 0.000000e+00 7.933533e-01 6.087614e-01
    outer loop
      vertex   9.311592e+01 6.933013e+00 -2.500000e-01
      vertex   9.029889e+01 6.933013e+00 -2.500000e-01
      vertex   9.311592e+01 6.853553e+00 -1.464466e-01
    endloop
  endfacet
  facet normal 1.792766e-16 7.933533e-01 6.087614e-01
    outer loop
      vertex   9.311592e+01 6.933013e+00 -2.500000e-01
      vertex   9.311592e+01 6.853553e+00 -1.464466e-01
      vertex   9.593296e+01 6.853553e+00 -1.464466e-01
    endloop
  endfacet
  facet normal 9.813465e-17 6.087614e-01 7.933533e-01
    outer loop
      vertex   9.593296e+01 6.853553e+00 -1.464466e-01
      vertex   9.311592e+01 6.853553e+00 -1.464466e-01
      vertex   9.593296e+01 6.750000e+00 -6.698730e-02
    endloop
  endfacet
  facet normal -1.210882e-03 6.087610e-01 7.933528e-01
    outer loop
      vertex   9.593296e+01 6.853553e+00 -1.464466e-01
      vertex   9.593296e+01 6.750000e+00 -6.698730e-02
      vertex   9.858147e+01 6.777785e+00 -8.426519e-02
    endloop
  endfacet
  facet normal 7.986930e-04 4.720605e-01 8.815658e-01
    outer loop
      vertex   9.858147e+01 6.777785e+00 -8.426519e-02
      vertex   9.593296e+01 6.750000e+00 -6.698730e-02
      vertex   9.867388e+01 6.691342e+00 -3.806023e-02
    endloop
  endfacet
  facet normal -1.560632e-03 3.826830e-01 9.238784e-01
    outer loop
      vertex   9.867388e+01 6.691342e+00 -3.806023e-02
      vertex   9.593296e+01 6.750000e+00 -6.698730e-02
      vertex   9.593296e+01 6.629410e+00 -1.703709e-02
    endloop
  endfacet
  facet normal -3.842429e-04 3.366461e-01 9.416312e-01
    outer loop
      vertex   9.867388e+01 6.691342e+00 -3.806023e-02
      vertex   9.593296e+01 6.629410e+00 -1.703709e-02
      vertex   9.870694e+01 6.645142e+00 -2.152983e-02
    endloop
  endfacet
  facet normal 1.924354e-04 2.430709e-01 9.700085e-01
    outer loop
      vertex   9.870694e+01 6.645142e+00 -2.152983e-02
      vertex   9.593296e+01 6.629410e+00 -1.703709e-02
      vertex   9.873079e+01 6.597545e+00 -9.607360e-03
    endloop
  endfacet
  facet normal -9.589650e-04 1.464520e-01 9.892173e-01
    outer loop
      vertex   9.873079e+01 6.597545e+00 -9.607360e-03
      vertex   9.593296e+01 6.629410e+00 -1.703709e-02
      vertex   9.874518e+01 6.549009e+00 -2.407637e-03
    endloop
  endfacet
  facet normal -3.803720e-03 4.869449e-02 9.988065e-01
    outer loop
      vertex   9.874518e+01 6.549009e+00 -2.407637e-03
      vertex   9.593296e+01 6.629410e+00 -1.703709e-02
      vertex   9.875000e+01 6.500000e+00 3.330669e-15
    endloop
  endfacet
  facet normal 0.000000e+00 1.305262e-01 9.914449e-01
    outer loop
      vertex   9.875000e+01 6.500000e+00 3.330669e-15
      vertex   9.593296e+01 6.629410e+00 -1.703709e-02
      vertex   9.311592e+01 6.629410e+00 -1.703709e-02
    endloop
  endfacet
  facet normal 0.000000e+00 1.305262e-01 9.914449e-01
    outer loop
      vertex   9.875000e+01 6.500000e+00 3.330669e-15
      vertex   9.311592e+01 6.629410e+00 -1.703709e-02
      vertex   9.029889e+01 6.629410e+00 -1.703709e-02
    endloop
  endfacet
  facet normal -0.000000e+00 3.826834e-01 9.238795e-01
    outer loop
      vertex   9.029889e+01 6.629410e+00 -1.703709e-02
      vertex   9.311592e+01 6.629410e+00 -1.703709e-02
      vertex   9.029889e+01 6.750000e+00 -6.698730e-02
    endloop
  endfacet
  facet normal 0.000000e+00 3.826834e-01 9.238795e-01
    outer loop
      vertex   9.029889e+01 6.629410e+00 -1.703709e-02
      vertex   9.029889e+01 6.750000e+00 -6.698730e-02
      vertex   8.748185e+01 6.750000e+00 -6.698730e-02
    endloop
  endfacet
  facet normal -0.000000e+00 6.087614e-01 7.933533e-01
    outer loop
      vertex   8.748185e+01 6.750000e+00 -6.698730e-02
      vertex   9.029889e+01 6.750000e+00 -6.698730e-02
      vertex   8.748185e+01 6.853553e+00 -1.464466e-01
    endloop
  endfacet
  facet normal -9.435609e-17 6.087614e-01 7.933533e-01
    outer loop
      vertex   8.748185e+01 6.750000e+00 -6.698730e-02
      vertex   8.748185e+01 6.853553e+00 -1.464466e-01
      vertex   8.466481e+01 6.853553e+00 -1.464466e-01
    endloop
  endfacet
  facet normal -7.197571e-17 7.933533e-01 6.087614e-01
    outer loop
      vertex   8.466481e+01 6.853553e+00 -1.464466e-01
      vertex   8.748185e+01 6.853553e+00 -1.464466e-01
      vertex   8.466481e+01 6.933013e+00 -2.500000e-01
    endloop
  endfacet
  facet normal 0.000000e+00 7.933533e-01 6.087614e-01
    outer loop
      vertex   8.466481e+01 6.853553e+00 -1.464466e-01
      vertex   8.466481e+01 6.933013e+00 -2.500000e-01
      vertex   8.184777e+01 6.933013e+00 -2.500000e-01
    endloop
  endfacet
  facet normal -0.000000e+00 9.238795e-01 3.826834e-01
    outer loop
      vertex   8.184777e+01 6.933013e+00 -2.500000e-01
      vertex   8.466481e+01 6.933013e+00 -2.500000e-01
      vertex   8.184777e+01 6.982963e+00 -3.705905e-01
    endloop
  endfacet
  facet normal 0.000000e+00 9.238795e-01 3.826834e-01
    outer loop
      vertex   8.184777e+01 6.933013e+00 -2.500000e-01
      vertex   8.184777e+01 6.982963e+00 -3.705905e-01
      vertex   7.903074e+01 6.982963e+00 -3.705905e-01
    endloop
  endfacet
  facet normal -0.000000e+00 9.914449e-01 1.305262e-01
    outer loop
      vertex   7.903074e+01 6.982963e+00 -3.705905e-01
      vertex   8.184777e+01 6.982963e+00 -3.705905e-01
      vertex   6.936599e+01 7.000000e+00 -5.000000e-01
    endloop
  endfacet
  facet normal 0.000000e+00 9.914449e-01 1.305262e-01
    outer loop
      vertex   7.903074e+01 6.982963e+00 -3.705905e-01
      vertex   6.936599e+01 7.000000e+00 -5.000000e-01
      vertex   7.621370e+01 6.982963e+00 -3.705905e-01
    endloop
  endfacet
  facet normal 0.000000e+00 9.914449e-01 1.305262e-01
    outer loop
      vertex   7.621370e+01 6.982963e+00 -3.705905e-01
      vertex   6.936599e+01 7.000000e+00 -5.000000e-01
      vertex   7.339666e+01 6.982963e+00 -3.705905e-01
    endloop
  endfacet
  facet normal 0.000000e+00 9.238795e-01 3.826834e-01
    outer loop
      vertex   7.621370e+01 6.982963e+00 -3.705905e-01
      vertex   7.339666e+01 6.982963e+00 -3.705905e-01
      vertex   7.621370e+01 6.933013e+00 -2.500000e-01
    endloop
  endfacet
  facet normal 0.000000e+00 9.238795e-01 3.826834e-01
    outer loop
      vertex   7.621370e+01 6.933013e+00 -2.500000e-01
      vertex   7.339666e+01 6.982963e+00 -3.705905e-01
      vertex   7.339666e+01 6.933013e+00 -2.500000e-01
    endloop
  endfacet
  facet normal 0.000000e+00 7.933533e-01 6.087614e-01
    outer loop
      vertex   7.621370e+01 6.933013e+00 -2.500000e-01
      vertex   7.339666e+01 6.933013e+00 -2.500000e-01
      vertex   7.621370e+01 6.853553e+00 -1.464466e-01
    endloop
  endfacet
  facet normal 4.222960e-16 7.933533e-01 6.087614e-01
    outer loop
      vertex   7.621370e+01 6.853553e+00 -1.464466e-01
      vertex   7.339666e+01 6.933013e+00 -2.500000e-01
      vertex   7.339666e+01 6.853553e+00 -1.464466e-01
    endloop
  endfacet
  facet normal 2.822532e-16 6.087614e-01 7.933533e-01
    outer loop
      vertex   7.621370e+01 6.853553e+00 -1.464466e-01
      vertex   7.339666e+01 6.853553e+00 -1.464466e-01
      vertex   7.621370e+01 6.750000e+00 -6.698730e-02
    endloop
  endfacet
  facet normal 0.000000e+00 6.087614e-01 7.933533e-01
    outer loop
      vertex   7.621370e+01 6.750000e+00 -6.698730e-02
      vertex   7.339666e+01 6.853553e+00 -1.464466e-01
      vertex   7.339666e+01 6.750000e+00 -6.698730e-02
    endloop
  endfacet
  facet normal 0.000000e+00 3.826834e-01 9.238795e-01
    outer loop
      vertex   7.621370e+01 6.750000e+00 -6.698730e-02
      vertex   7.339666e+01 6.750000e+00 -6.698730e-02
      vertex   7.621370e+01 6.629410e+00 -1.703709e-02
    endloop
  endfacet
  facet normal 0.000000e+00 3.826834e-01 9.238795e-01
    outer loop
      vertex   7.621370e+01 6.629410e+00 -1.703709e-02
      vertex   7.339666e+01 6.750000e+00 -6.698730e-02
      vertex   7.339666e+01 6.629410e+00 -1.703709e-02
    endloop
  endfacet
  facet normal 0.000000e+00 1.548182e-01 9.879430e-01
    outer loop
      vertex   7.621370e+01 6.629410e+00 -1.703709e-02
      vertex   7.339666e+01 6.629410e+00 -1.703709e-02
      vertex   6.776452e+01 6.524534e+00 -6.022719e-04
    endloop
  endfacet
  facet normal 0.000000e+00 1.548182e-01 9.879430e-01
    outer loop
      vertex   6.776452e+01 6.524534e+00 -6.022719e-04
      vertex   7.339666e+01 6.629410e+00 -1.703709e-02
      vertex   7.057962e+01 6.629410e+00 -1.703709e-02
    endloop
  endfacet
  facet normal 3.109193e-03 7.283270e-02 9.973393e-01
    outer loop
      vertex   6.776452e+01 6.524534e+00 -6.022719e-04
      vertex   7.057962e+01 6.629410e+00 -1.703709e-02
      vertex   6.777031e+01 6.549009e+00 -2.407637e-03
    endloop
  endfacet
  facet normal 1.684191e-03 1.217543e-01 9.925588e-01
    outer loop
      vertex   6.777031e+01 6.549009e+00 -2.407637e-03
      vertex   7.057962e+01 6.629410e+00 -1.703709e-02
      vertex   6.777994e+01 6.573365e+00 -5.411745e-03
    endloop
  endfacet
  facet normal 6.764940e-04 1.705964e-01 9.853408e-01
    outer loop
      vertex   6.777994e+01 6.573365e+00 -5.411745e-03
      vertex   7.057962e+01 6.629410e+00 -1.703709e-02
      vertex   6.779339e+01 6.597545e+00 -9.607360e-03
    endloop
  endfacet
  facet normal -1.939122e-04 2.431267e-01 9.699945e-01
    outer loop
      vertex   6.779339e+01 6.597545e+00 -9.607360e-03
      vertex   7.057962e+01 6.629410e+00 -1.703709e-02
      vertex   6.783163e+01 6.645142e+00 -2.152983e-02
    endloop
  endfacet
  facet normal 3.869305e-04 3.364962e-01 9.416847e-01
    outer loop
      vertex   6.783163e+01 6.645142e+00 -2.152983e-02
      vertex   7.057962e+01 6.629410e+00 -1.703709e-02
      vertex   6.788464e+01 6.691342e+00 -3.806023e-02
    endloop
  endfacet
  facet normal 1.587230e-03 3.826830e-01 9.238784e-01
    outer loop
      vertex   6.788464e+01 6.691342e+00 -3.806023e-02
      vertex   7.057962e+01 6.629410e+00 -1.703709e-02
      vertex   7.057962e+01 6.750000e+00 -6.698730e-02
    endloop
  endfacet
  facet normal -8.242632e-04 4.724951e-01 8.813329e-01
    outer loop
      vertex   6.788464e+01 6.691342e+00 -3.806023e-02
      vertex   7.057962e+01 6.750000e+00 -6.698730e-02
      vertex   6.803281e+01 6.777785e+00 -8.426519e-02
    endloop
  endfacet
  facet normal 1.259231e-03 6.087609e-01 7.933527e-01
    outer loop
      vertex   6.803281e+01 6.777785e+00 -8.426519e-02
      vertex   7.057962e+01 6.750000e+00 -6.698730e-02
      vertex   7.057962e+01 6.853553e+00 -1.464466e-01
    endloop
  endfacet
  facet normal -8.293379e-17 6.343933e-01 7.730105e-01
    outer loop
      vertex   6.803281e+01 6.777785e+00 -8.426519e-02
      vertex   7.057962e+01 6.853553e+00 -1.464466e-01
      vertex   6.823221e+01 6.853553e+00 -1.464466e-01
    endloop
  endfacet
  facet normal -6.478142e-17 7.933533e-01 6.087614e-01
    outer loop
      vertex   6.823221e+01 6.853553e+00 -1.464466e-01
      vertex   7.057962e+01 6.853553e+00 -1.464466e-01
      vertex   7.057962e+01 6.933013e+00 -2.500000e-01
    endloop
  endfacet
  facet normal -4.267822e-03 8.377303e-01 5.460675e-01
    outer loop
      vertex   6.823221e+01 6.853553e+00 -1.464466e-01
      vertex   7.057962e+01 6.933013e+00 -2.500000e-01
      vertex   6.875239e+01 6.961940e+00 -3.086583e-01
    endloop
  endfacet
  facet normal 2.341005e-03 9.238770e-01 3.826824e-01
    outer loop
      vertex   6.875239e+01 6.961940e+00 -3.086583e-01
      vertex   7.057962e+01 6.933013e+00 -2.500000e-01
      vertex   7.057962e+01 6.982963e+00 -3.705905e-01
    endloop
  endfacet
  facet normal -5.258182e-03 9.838640e-01 1.788408e-01
    outer loop
      vertex   6.875239e+01 6.961940e+00 -3.086583e-01
      vertex   7.057962e+01 6.982963e+00 -3.705905e-01
      vertex   6.936599e+01 7.000000e+00 -5.000000e-01
    endloop
  endfacet
  facet normal 0.000000e+00 9.914449e-01 1.305262e-01
    outer loop
      vertex   6.936599e+01 7.000000e+00 -5.000000e-01
      vertex   7.057962e+01 6.982963e+00 -3.705905e-01
      vertex   7.339666e+01 6.982963e+00 -3.705905e-01
    endloop
  endfacet
  facet normal -3.581740e-17 2.454123e-02 9.996988e-01
    outer loop
      vertex   6.776259e+01 6.500000e+00 2.220446e-15
      vertex   9.875000e+01 6.500000e+00 3.330669e-15
      vertex   6.776452e+01 6.524534e+00 -6.022719e-04
    endloop
  endfacet
  facet normal 9.361900e-05 1.425359e-01 9.897896e-01
    outer loop
      vertex   6.776452e+01 6.524534e+00 -6.022719e-04
      vertex   9.875000e+01 6.500000e+00 3.330669e-15
      vertex   8.184777e+01 6.629410e+00 -1.703709e-02
    endloop
  endfacet
  facet normal 0.000000e+00 1.548182e-01 9.879430e-01
    outer loop
      vertex   6.776452e+01 6.524534e+00 -6.022719e-04
      vertex   8.184777e+01 6.629410e+00 -1.703709e-02
      vertex   7.903074e+01 6.629410e+00 -1.703709e-02
    endloop
  endfacet
  facet normal -0.000000e+00 3.826834e-01 9.238795e-01
    outer loop
      vertex   7.903074e+01 6.629410e+00 -1.703709e-02
      vertex   8.184777e+01 6.629410e+00 -1.703709e-02
      vertex   7.903074e+01 6.750000e+00 -6.698730e-02
    endloop
  endfacet
  facet normal 0.000000e+00 3.826834e-01 9.238795e-01
    outer loop
      vertex   7.903074e+01 6.629410e+00 -1.703709e-02
      vertex   7.903074e+01 6.750000e+00 -6.698730e-02
      vertex   7.621370e+01 6.750000e+00 -6.698730e-02
    endloop
  endfacet
  facet normal -0.000000e+00 6.087614e-01 7.933533e-01
    outer loop
      vertex   7.621370e+01 6.750000e+00 -6.698730e-02
      vertex   7.903074e+01 6.750000e+00 -6.698730e-02
      vertex   7.621370e+01 6.853553e+00 -1.464466e-01
    endloop
  endfacet
  facet normal -1.931682e-15 6.343933e-01 7.730105e-01
    outer loop
      vertex   9.858147e+01 6.777785e+00 -8.426519e-02
      vertex   9.845711e+01 6.853553e+00 -1.464466e-01
      vertex   9.593296e+01 6.853553e+00 -1.464466e-01
    endloop
  endfacet
  facet normal -1.933302e-15 7.933533e-01 6.087614e-01
    outer loop
      vertex   9.593296e+01 6.853553e+00 -1.464466e-01
      vertex   9.845711e+01 6.853553e+00 -1.464466e-01
      vertex   9.593296e+01 6.933013e+00 -2.500000e-01
    endloop
  endfacet
  facet normal 0.000000e+00 7.933533e-01 6.087614e-01
    outer loop
      vertex   9.593296e+01 6.853553e+00 -1.464466e-01
      vertex   9.593296e+01 6.933013e+00 -2.500000e-01
      vertex   9.311592e+01 6.933013e+00 -2.500000e-01
    endloop
  endfacet
  facet normal -0.000000e+00 9.238795e-01 3.826834e-01
    outer loop
      vertex   9.311592e+01 6.933013e+00 -2.500000e-01
      vertex   9.593296e+01 6.933013e+00 -2.500000e-01
      vertex   9.311592e+01 6.982963e+00 -3.705905e-01
    endloop
  endfacet
  facet normal 0.000000e+00 9.238795e-01 3.826834e-01
    outer loop
      vertex   9.311592e+01 6.933013e+00 -2.500000e-01
      vertex   9.311592e+01 6.982963e+00 -3.705905e-01
      vertex   9.029889e+01 6.982963e+00 -3.705905e-01
    endloop
  endfacet
  facet normal -0.000000e+00 9.914449e-01 1.305262e-01
    outer loop
      vertex   9.029889e+01 6.982963e+00 -3.705905e-01
      vertex   9.311592e+01 6.982963e+00 -3.705905e-01
      vertex   9.775000e+01 7.000000e+00 -5.000000e-01
    endloop
  endfacet
  facet normal 3.699419e-03 8.348660e-01 5.504408e-01
    outer loop
      vertex   9.845711e+01 6.853553e+00 -1.464466e-01
      vertex   9.813268e+01 6.961940e+00 -3.086583e-01
      vertex   9.593296e+01 6.933013e+00 -2.500000e-01
    endloop
  endfacet
  facet normal -1.944593e-03 9.238778e-01 3.826827e-01
    outer loop
      vertex   9.593296e+01 6.933013e+00 -2.500000e-01
      vertex   9.813268e+01 6.961940e+00 -3.086583e-01
      vertex   9.593296e+01 6.982963e+00 -3.705905e-01
    endloop
  endfacet
  facet normal 0.000000e+00 9.238795e-01 3.826834e-01
    outer loop
      vertex   9.593296e+01 6.933013e+00 -2.500000e-01
      vertex   9.593296e+01 6.982963e+00 -3.705905e-01
      vertex   9.311592e+01 6.982963e+00 -3.705905e-01
    endloop
  endfacet
  facet normal -0.000000e+00 9.914449e-01 1.305262e-01
    outer loop
      vertex   9.311592e+01 6.982963e+00 -3.705905e-01
      vertex   9.593296e+01 6.982963e+00 -3.705905e-01
      vertex   9.775000e+01 7.000000e+00 -5.000000e-01
    endloop
  endfacet
  facet normal 4.118873e-03 9.823212e-01 1.871581e-01
    outer loop
      vertex   9.813268e+01 6.961940e+00 -3.086583e-01
      vertex   9.775000e+01 7.000000e+00 -5.000000e-01
      vertex   9.593296e+01 6.982963e+00 -3.705905e-01
    endloop
  endfacet
  facet normal 0.000000e+00 9.238795e-01 3.826834e-01
    outer loop
      vertex   7.339666e+01 6.933013e+00 -2.500000e-01
      vertex   7.339666e+01 6.982963e+00 -3.705905e-01
      vertex   7.057962e+01 6.982963e+00 -3.705905e-01
    endloop
  endfacet
  facet normal 0.000000e+00 9.914449e-01 1.305262e-01
    outer loop
      vertex   8.466481e+01 6.982963e+00 -3.705905e-01
      vertex   6.936599e+01 7.000000e+00 -5.000000e-01
      vertex   8.184777e+01 6.982963e+00 -3.705905e-01
    endloop
  endfacet
  facet normal 0.000000e+00 9.238795e-01 3.826834e-01
    outer loop
      vertex   7.903074e+01 6.982963e+00 -3.705905e-01
      vertex   7.621370e+01 6.982963e+00 -3.705905e-01
      vertex   7.903074e+01 6.933013e+00 -2.500000e-01
    endloop
  endfacet
  facet normal 0.000000e+00 9.238795e-01 3.826834e-01
    outer loop
      vertex   7.903074e+01 6.933013e+00 -2.500000e-01
      vertex   7.621370e+01 6.982963e+00 -3.705905e-01
      vertex   7.621370e+01 6.933013e+00 -2.500000e-01
    endloop
  endfacet
  facet normal 0.000000e+00 7.933533e-01 6.087614e-01
    outer loop
      vertex   7.903074e+01 6.933013e+00 -2.500000e-01
      vertex   7.621370e+01 6.933013e+00 -2.500000e-01
      vertex   7.903074e+01 6.853553e+00 -1.464466e-01
    endloop
  endfacet
  facet normal -5.997976e-17 7.933533e-01 6.087614e-01
    outer loop
      vertex   7.903074e+01 6.853553e+00 -1.464466e-01
      vertex   7.621370e+01 6.933013e+00 -2.500000e-01
      vertex   7.621370e+01 6.853553e+00 -1.464466e-01
    endloop
  endfacet
  facet normal -7.816714e-17 6.087614e-01 7.933533e-01
    outer loop
      vertex   7.903074e+01 6.853553e+00 -1.464466e-01
      vertex   7.621370e+01 6.853553e+00 -1.464466e-01
      vertex   7.903074e+01 6.750000e+00 -6.698730e-02
    endloop
  endfacet
  facet normal -0.000000e+00 9.238795e-01 3.826834e-01
    outer loop
      vertex   8.184777e+01 6.982963e+00 -3.705905e-01
      vertex   8.466481e+01 6.933013e+00 -2.500000e-01
      vertex   8.466481e+01 6.982963e+00 -3.705905e-01
    endloop
  endfacet
  facet normal 0.000000e+00 9.238795e-01 3.826834e-01
    outer loop
      vertex   8.466481e+01 6.982963e+00 -3.705905e-01
      vertex   8.466481e+01 6.933013e+00 -2.500000e-01
      vertex   8.748185e+01 6.933013e+00 -2.500000e-01
    endloop
  endfacet
  facet normal -0.000000e+00 9.238795e-01 3.826834e-01
    outer loop
      vertex   8.466481e+01 6.982963e+00 -3.705905e-01
      vertex   8.748185e+01 6.933013e+00 -2.500000e-01
      vertex   8.748185e+01 6.982963e+00 -3.705905e-01
    endloop
  endfacet
  facet normal 0.000000e+00 9.238795e-01 3.826834e-01
    outer loop
      vertex   8.748185e+01 6.982963e+00 -3.705905e-01
      vertex   8.748185e+01 6.933013e+00 -2.500000e-01
      vertex   9.029889e+01 6.933013e+00 -2.500000e-01
    endloop
  endfacet
  facet normal 0.000000e+00 7.933533e-01 6.087614e-01
    outer loop
      vertex   7.339666e+01 6.853553e+00 -1.464466e-01
      vertex   7.339666e+01 6.933013e+00 -2.500000e-01
      vertex   7.057962e+01 6.933013e+00 -2.500000e-01
    endloop
  endfacet
  facet normal -0.000000e+00 9.238795e-01 3.826834e-01
    outer loop
      vertex   7.057962e+01 6.933013e+00 -2.500000e-01
      vertex   7.339666e+01 6.933013e+00 -2.500000e-01
      vertex   7.057962e+01 6.982963e+00 -3.705905e-01
    endloop
  endfacet
  facet normal 0.000000e+00 9.238795e-01 3.826834e-01
    outer loop
      vertex   7.903074e+01 6.982963e+00 -3.705905e-01
      vertex   7.903074e+01 6.933013e+00 -2.500000e-01
      vertex   8.184777e+01 6.933013e+00 -2.500000e-01
    endloop
  endfacet
  facet normal 0.000000e+00 7.933533e-01 6.087614e-01
    outer loop
      vertex   8.184777e+01 6.933013e+00 -2.500000e-01
      vertex   7.903074e+01 6.933013e+00 -2.500000e-01
      vertex   8.184777e+01 6.853553e+00 -1.464466e-01
    endloop
  endfacet
  facet normal 1.887122e-16 7.933533e-01 6.087614e-01
    outer loop
      vertex   8.184777e+01 6.933013e+00 -2.500000e-01
      vertex   8.184777e+01 6.853553e+00 -1.464466e-01
      vertex   8.466481e+01 6.853553e+00 -1.464466e-01
    endloop
  endfacet
  facet normal 1.137681e-16 6.087614e-01 7.933533e-01
    outer loop
      vertex   8.466481e+01 6.853553e+00 -1.464466e-01
      vertex   8.184777e+01 6.853553e+00 -1.464466e-01
      vertex   8.466481e+01 6.750000e+00 -6.698730e-02
    endloop
  endfacet
  facet normal 0.000000e+00 6.087614e-01 7.933533e-01
    outer loop
      vertex   8.466481e+01 6.853553e+00 -1.464466e-01
      vertex   8.466481e+01 6.750000e+00 -6.698730e-02
      vertex   8.748185e+01 6.750000e+00 -6.698730e-02
    endloop
  endfacet
  facet normal 0.000000e+00 3.826834e-01 9.238795e-01
    outer loop
      vertex   8.748185e+01 6.750000e+00 -6.698730e-02
      vertex   8.466481e+01 6.750000e+00 -6.698730e-02
      vertex   8.748185e+01 6.629410e+00 -1.703709e-02
    endloop
  endfacet
  facet normal 0.000000e+00 3.826834e-01 9.238795e-01
    outer loop
      vertex   8.748185e+01 6.750000e+00 -6.698730e-02
      vertex   8.748185e+01 6.629410e+00 -1.703709e-02
      vertex   9.029889e+01 6.629410e+00 -1.703709e-02
    endloop
  endfacet
  facet normal 0.000000e+00 1.305262e-01 9.914449e-01
    outer loop
      vertex   9.029889e+01 6.629410e+00 -1.703709e-02
      vertex   8.748185e+01 6.629410e+00 -1.703709e-02
      vertex   9.875000e+01 6.500000e+00 3.330669e-15
    endloop
  endfacet
  facet normal -5.997976e-17 7.933533e-01 6.087614e-01
    outer loop
      vertex   8.184777e+01 6.853553e+00 -1.464466e-01
      vertex   7.903074e+01 6.933013e+00 -2.500000e-01
      vertex   7.903074e+01 6.853553e+00 -1.464466e-01
    endloop
  endfacet
  facet normal -0.000000e+00 7.933533e-01 6.087614e-01
    outer loop
      vertex   8.466481e+01 6.933013e+00 -2.500000e-01
      vertex   8.748185e+01 6.853553e+00 -1.464466e-01
      vertex   8.748185e+01 6.933013e+00 -2.500000e-01
    endloop
  endfacet
  facet normal -6.133146e-17 7.933533e-01 6.087614e-01
    outer loop
      vertex   8.748185e+01 6.933013e+00 -2.500000e-01
      vertex   8.748185e+01 6.853553e+00 -1.464466e-01
      vertex   9.029889e+01 6.853553e+00 -1.464466e-01
    endloop
  endfacet
  facet normal -0.000000e+00 7.933533e-01 6.087614e-01
    outer loop
      vertex   8.748185e+01 6.933013e+00 -2.500000e-01
      vertex   9.029889e+01 6.853553e+00 -1.464466e-01
      vertex   9.029889e+01 6.933013e+00 -2.500000e-01
    endloop
  endfacet
  facet normal -6.133146e-17 7.933533e-01 6.087614e-01
    outer loop
      vertex   9.029889e+01 6.933013e+00 -2.500000e-01
      vertex   9.029889e+01 6.853553e+00 -1.464466e-01
      vertex   9.311592e+01 6.853553e+00 -1.464466e-01
    endloop
  endfacet
  facet normal -0.000000e+00 6.087614e-01 7.933533e-01
    outer loop
      vertex   7.057962e+01 6.750000e+00 -6.698730e-02
      vertex   7.339666e+01 6.750000e+00 -6.698730e-02
      vertex   7.057962e+01 6.853553e+00 -1.464466e-01
    endloop
  endfacet
  facet normal -7.816714e-17 6.087614e-01 7.933533e-01
    outer loop
      vertex   7.057962e+01 6.853553e+00 -1.464466e-01
      vertex   7.339666e+01 6.750000e+00 -6.698730e-02
      vertex   7.339666e+01 6.853553e+00 -1.464466e-01
    endloop
  endfacet
  facet normal -5.997976e-17 7.933533e-01 6.087614e-01
    outer loop
      vertex   7.057962e+01 6.853553e+00 -1.464466e-01
      vertex   7.339666e+01 6.853553e+00 -1.464466e-01
      vertex   7.057962e+01 6.933013e+00 -2.500000e-01
    endloop
  endfacet
  facet normal -0.000000e+00 3.826834e-01 9.238795e-01
    outer loop
      vertex   7.057962e+01 6.629410e+00 -1.703709e-02
      vertex   7.339666e+01 6.629410e+00 -1.703709e-02
      vertex   7.057962e+01 6.750000e+00 -6.698730e-02
    endloop
  endfacet
  facet normal -0.000000e+00 3.826834e-01 9.238795e-01
    outer loop
      vertex   7.057962e+01 6.750000e+00 -6.698730e-02
      vertex   7.339666e+01 6.629410e+00 -1.703709e-02
      vertex   7.339666e+01 6.750000e+00 -6.698730e-02
    endloop
  endfacet
  facet normal 0.000000e+00 3.826834e-01 9.238795e-01
    outer loop
      vertex   7.903074e+01 6.629410e+00 -1.703709e-02
      vertex   7.621370e+01 6.750000e+00 -6.698730e-02
      vertex   7.621370e+01 6.629410e+00 -1.703709e-02
    endloop
  endfacet
  facet normal -7.816714e-17 6.087614e-01 7.933533e-01
    outer loop
      vertex   8.184777e+01 6.853553e+00 -1.464466e-01
      vertex   7.903074e+01 6.853553e+00 -1.464466e-01
      vertex   8.184777e+01 6.750000e+00 -6.698730e-02
    endloop
  endfacet
  facet normal 0.000000e+00 6.087614e-01 7.933533e-01
    outer loop
      vertex   8.184777e+01 6.750000e+00 -6.698730e-02
      vertex   7.903074e+01 6.853553e+00 -1.464466e-01
      vertex   7.903074e+01 6.750000e+00 -6.698730e-02
    endloop
  endfacet
  facet normal 0.000000e+00 3.826834e-01 9.238795e-01
    outer loop
      vertex   8.184777e+01 6.750000e+00 -6.698730e-02
      vertex   7.903074e+01 6.750000e+00 -6.698730e-02
      vertex   8.184777e+01 6.629410e+00 -1.703709e-02
    endloop
  endfacet
  facet normal 0.000000e+00 6.087614e-01 7.933533e-01
    outer loop
      vertex   8.184777e+01 6.853553e+00 -1.464466e-01
      vertex   8.184777e+01 6.750000e+00 -6.698730e-02
      vertex   8.466481e+01 6.750000e+00 -6.698730e-02
    endloop
  endfacet
  facet normal 0.000000e+00 3.826834e-01 9.238795e-01
    outer loop
      vertex   8.466481e+01 6.750000e+00 -6.698730e-02
      vertex   8.184777e+01 6.750000e+00 -6.698730e-02
      vertex   8.466481e+01 6.629410e+00 -1.703709e-02
    endloop
  endfacet
  facet normal 0.000000e+00 3.826834e-01 9.238795e-01
    outer loop
      vertex   8.466481e+01 6.750000e+00 -6.698730e-02
      vertex   8.466481e+01 6.629410e+00 -1.703709e-02
      vertex   8.748185e+01 6.629410e+00 -1.703709e-02
    endloop
  endfacet
  facet normal 0.000000e+00 1.305262e-01 9.914449e-01
    outer loop
      vertex   8.748185e+01 6.629410e+00 -1.703709e-02
      vertex   8.466481e+01 6.629410e+00 -1.703709e-02
      vertex   9.875000e+01 6.500000e+00 3.330669e-15
    endloop
  endfacet
  facet normal 0.000000e+00 3.826834e-01 9.238795e-01
    outer loop
      vertex   8.466481e+01 6.629410e+00 -1.703709e-02
      vertex   8.184777e+01 6.750000e+00 -6.698730e-02
      vertex   8.184777e+01 6.629410e+00 -1.703709e-02
    endloop
  endfacet
  facet normal -7.816714e-17 6.087614e-01 7.933533e-01
    outer loop
      vertex   9.029889e+01 6.853553e+00 -1.464466e-01
      vertex   8.748185e+01 6.853553e+00 -1.464466e-01
      vertex   9.029889e+01 6.750000e+00 -6.698730e-02
    endloop
  endfacet
  facet normal -7.816714e-17 6.087614e-01 7.933533e-01
    outer loop
      vertex   9.311592e+01 6.853553e+00 -1.464466e-01
      vertex   9.029889e+01 6.853553e+00 -1.464466e-01
      vertex   9.311592e+01 6.750000e+00 -6.698730e-02
    endloop
  endfacet
  facet normal 0.000000e+00 6.087614e-01 7.933533e-01
    outer loop
      vertex   9.311592e+01 6.750000e+00 -6.698730e-02
      vertex   9.029889e+01 6.853553e+00 -1.464466e-01
      vertex   9.029889e+01 6.750000e+00 -6.698730e-02
    endloop
  endfacet
  facet normal 0.000000e+00 3.826834e-01 9.238795e-01
    outer loop
      vertex   9.311592e+01 6.750000e+00 -6.698730e-02
      vertex   9.029889e+01 6.750000e+00 -6.698730e-02
      vertex   9.311592e+01 6.629410e+00 -1.703709e-02
    endloop
  endfacet
  facet normal 0.000000e+00 3.826834e-01 9.238795e-01
    outer loop
      vertex   9.593296e+01 6.629410e+00 -1.703709e-02
      vertex   9.593296e+01 6.750000e+00 -6.698730e-02
      vertex   9.311592e+01 6.750000e+00 -6.698730e-02
    endloop
  endfacet
  facet normal -0.000000e+00 6.087614e-01 7.933533e-01
    outer loop
      vertex   9.311592e+01 6.750000e+00 -6.698730e-02
      vertex   9.593296e+01 6.750000e+00 -6.698730e-02
      vertex   9.311592e+01 6.853553e+00 -1.464466e-01
    endloop
  endfacet
  facet normal 0.000000e+00 3.826834e-01 9.238795e-01
    outer loop
      vertex   9.593296e+01 6.629410e+00 -1.703709e-02
      vertex   9.311592e+01 6.750000e+00 -6.698730e-02
      vertex   9.311592e+01 6.629410e+00 -1.703709e-02
    endloop
  endfacet
  facet normal 0.000000e+00 1.548182e-01 9.879430e-01
    outer loop
      vertex   6.776452e+01 6.524534e+00 -6.022719e-04
      vertex   7.903074e+01 6.629410e+00 -1.703709e-02
      vertex   7.621370e+01 6.629410e+00 -1.703709e-02
    endloop
  endfacet
  facet normal 0.000000e+00 1.305262e-01 9.914449e-01
    outer loop
      vertex   9.875000e+01 6.500000e+00 3.330669e-15
      vertex   8.466481e+01 6.629410e+00 -1.703709e-02
      vertex   8.184777e+01 6.629410e+00 -1.703709e-02
    endloop
  endfacet
  facet normal -4.066924e-02 9.906246e-01 -1.304182e-01
    outer loop
      vertex   7.515592e+01 7.000000e+00 -4.500000e+00
      vertex   7.515592e+01 6.982963e+00 -4.629410e+00
      vertex   7.508236e+01 6.982963e+00 -4.606472e+00
    endloop
  endfacet
  facet normal -7.675920e-02 9.661871e-01 -2.461516e-01
    outer loop
      vertex   7.508236e+01 6.982963e+00 -4.606472e+00
      vertex   7.515592e+01 6.982963e+00 -4.629410e+00
      vertex   7.508096e+01 6.981983e+00 -4.609883e+00
    endloop
  endfacet
  facet normal -6.100367e-01 7.920482e-01 2.269056e-02
    outer loop
      vertex   7.508236e+01 6.982963e+00 -4.606472e+00
      vertex   7.508096e+01 6.981983e+00 -4.609883e+00
      vertex   7.501382e+01 6.933013e+00 -4.705688e+00
    endloop
  endfacet
  facet normal -1.939091e-01 9.219267e-01 -3.353362e-01
    outer loop
      vertex   7.501382e+01 6.933013e+00 -4.705688e+00
      vertex   7.508096e+01 6.981983e+00 -4.609883e+00
      vertex   7.503621e+01 6.931946e+00 -4.721567e+00
    endloop
  endfacet
  facet normal -3.267355e-01 7.931375e-01 -5.139814e-01
    outer loop
      vertex   7.501382e+01 6.933013e+00 -4.705688e+00
      vertex   7.503621e+01 6.931946e+00 -4.721567e+00
      vertex   7.495496e+01 6.853553e+00 -4.790887e+00
    endloop
  endfacet
  facet normal -3.079343e-01 7.891200e-01 -5.314754e-01
    outer loop
      vertex   7.495496e+01 6.853553e+00 -4.790887e+00
      vertex   7.503621e+01 6.931946e+00 -4.721567e+00
      vertex   7.499962e+01 6.852574e+00 -4.818218e+00
    endloop
  endfacet
  facet normal -4.047403e-01 6.078293e-01 -6.831756e-01
    outer loop
      vertex   7.495496e+01 6.853553e+00 -4.790887e+00
      vertex   7.499962e+01 6.852574e+00 -4.818218e+00
      vertex   7.490979e+01 6.750000e+00 -4.856262e+00
    endloop
  endfacet
  facet normal -3.946752e-01 6.028176e-01 -6.934280e-01
    outer loop
      vertex   7.490979e+01 6.750000e+00 -4.856262e+00
      vertex   7.499962e+01 6.852574e+00 -4.818218e+00
      vertex   7.497367e+01 6.749257e+00 -4.893263e+00
    endloop
  endfacet
  facet normal -4.600058e-01 3.815398e-01 -8.017619e-01
    outer loop
      vertex   7.490979e+01 6.750000e+00 -4.856262e+00
      vertex   7.497367e+01 6.749257e+00 -4.893263e+00
      vertex   7.488140e+01 6.629410e+00 -4.897358e+00
    endloop
  endfacet
  facet normal -4.526251e-01 3.760883e-01 -8.085098e-01
    outer loop
      vertex   7.488140e+01 6.629410e+00 -4.897358e+00
      vertex   7.497367e+01 6.749257e+00 -4.893263e+00
      vertex   7.496009e+01 6.629010e+00 -4.941599e+00
    endloop
  endfacet
  facet normal -4.853964e-01 1.299718e-01 -8.645794e-01
    outer loop
      vertex   7.488140e+01 6.629410e+00 -4.897358e+00
      vertex   7.496009e+01 6.629010e+00 -4.941599e+00
      vertex   7.487172e+01 6.500000e+00 -4.911376e+00
    endloop
  endfacet
  facet normal -4.789980e-01 1.245688e-01 -8.689324e-01
    outer loop
      vertex   7.487172e+01 6.500000e+00 -4.911376e+00
      vertex   7.496009e+01 6.629010e+00 -4.941599e+00
      vertex   7.495981e+01 6.500000e+00 -4.959936e+00
    endloop
  endfacet
  facet normal -2.949691e-01 1.351020e-01 -9.459073e-01
    outer loop
      vertex   7.495981e+01 6.500000e+00 -4.959936e+00
      vertex   7.496009e+01 6.629010e+00 -4.941599e+00
      vertex   7.505584e+01 6.500000e+00 -4.989882e+00
    endloop
  endfacet
  facet normal -2.949691e-01 1.351020e-01 -9.459073e-01
    outer loop
      vertex   7.505584e+01 6.500000e+00 -4.989882e+00
      vertex   7.496009e+01 6.629010e+00 -4.941599e+00
      vertex   7.506602e+01 6.629010e+00 -4.974632e+00
    endloop
  endfacet
  facet normal -9.980639e-02 1.245688e-01 -9.871785e-01
    outer loop
      vertex   7.505584e+01 6.500000e+00 -4.989882e+00
      vertex   7.506602e+01 6.629010e+00 -4.974632e+00
      vertex   7.515592e+01 6.500000e+00 -5.000000e+00
    endloop
  endfacet
  facet normal -9.206777e-02 1.299718e-01 -9.872339e-01
    outer loop
      vertex   7.515592e+01 6.500000e+00 -5.000000e+00
      vertex   7.506602e+01 6.629010e+00 -4.974632e+00
      vertex   7.515592e+01 6.629410e+00 -4.982963e+00
    endloop
  endfacet
  facet normal -8.716041e-02 3.760883e-01 -9.224753e-01
    outer loop
      vertex   7.515592e+01 6.629410e+00 -4.982963e+00
      vertex   7.506602e+01 6.629010e+00 -4.974632e+00
      vertex   7.508233e+01 6.749257e+00 -4.927149e+00
    endloop
  endfacet
  facet normal -7.725238e-02 3.815398e-01 -9.211186e-01
    outer loop
      vertex   7.515592e+01 6.629410e+00 -4.982963e+00
      vertex   7.508233e+01 6.749257e+00 -4.927149e+00
      vertex   7.515592e+01 6.750000e+00 -4.933013e+00
    endloop
  endfacet
  facet normal -6.942599e-02 6.028176e-01 -7.948528e-01
    outer loop
      vertex   7.515592e+01 6.750000e+00 -4.933013e+00
      vertex   7.508233e+01 6.749257e+00 -4.927149e+00
      vertex   7.510363e+01 6.852574e+00 -4.850654e+00
    endloop
  endfacet
  facet normal -5.531750e-02 6.078293e-01 -7.921386e-01
    outer loop
      vertex   7.515592e+01 6.750000e+00 -4.933013e+00
      vertex   7.510363e+01 6.852574e+00 -4.850654e+00
      vertex   7.515592e+01 6.853553e+00 -4.853553e+00
    endloop
  endfacet
  facet normal -4.873808e-02 7.891200e-01 -6.123024e-01
    outer loop
      vertex   7.515592e+01 6.853553e+00 -4.853553e+00
      vertex   7.510363e+01 6.852574e+00 -4.850654e+00
      vertex   7.512847e+01 6.931946e+00 -4.750338e+00
    endloop
  endfacet
  facet normal -2.332583e-02 7.931375e-01 -6.085958e-01
    outer loop
      vertex   7.515592e+01 6.853553e+00 -4.853553e+00
      vertex   7.512847e+01 6.931946e+00 -4.750338e+00
      vertex   7.515592e+01 6.933013e+00 -4.750000e+00
    endloop
  endfacet
  facet normal -3.106665e-02 9.219267e-01 -3.861166e-01
    outer loop
      vertex   7.515592e+01 6.933013e+00 -4.750000e+00
      vertex   7.512847e+01 6.931946e+00 -4.750338e+00
      vertex   7.515513e+01 6.981983e+00 -4.633011e+00
    endloop
  endfacet
  facet normal 5.148058e-01 7.920482e-01 -3.280771e-01
    outer loop
      vertex   7.515592e+01 6.933013e+00 -4.750000e+00
      vertex   7.515513e+01 6.981983e+00 -4.633011e+00
      vertex   7.515592e+01 6.982963e+00 -4.629410e+00
    endloop
  endfacet
  facet normal -7.675920e-02 9.661871e-01 -2.461516e-01
    outer loop
      vertex   7.515592e+01 6.982963e+00 -4.629410e+00
      vertex   7.515513e+01 6.981983e+00 -4.633011e+00
      vertex   7.508096e+01 6.981983e+00 -4.609883e+00
    endloop
  endfacet
  facet normal -2.747318e-01 3.851532e-01 -8.810105e-01
    outer loop
      vertex   7.508233e+01 6.749257e+00 -4.927149e+00
      vertex   7.506602e+01 6.629010e+00 -4.974632e+00
      vertex   7.497367e+01 6.749257e+00 -4.893263e+00
    endloop
  endfacet
  facet normal -2.747318e-01 3.851532e-01 -8.810105e-01
    outer loop
      vertex   7.497367e+01 6.749257e+00 -4.893263e+00
      vertex   7.506602e+01 6.629010e+00 -4.974632e+00
      vertex   7.496009e+01 6.629010e+00 -4.941599e+00
    endloop
  endfacet
  facet normal -2.360800e-01 6.091994e-01 -7.570617e-01
    outer loop
      vertex   7.510363e+01 6.852574e+00 -4.850654e+00
      vertex   7.508233e+01 6.749257e+00 -4.927149e+00
      vertex   7.499962e+01 6.852574e+00 -4.818218e+00
    endloop
  endfacet
  facet normal -2.360800e-01 6.091994e-01 -7.570617e-01
    outer loop
      vertex   7.499962e+01 6.852574e+00 -4.818218e+00
      vertex   7.508233e+01 6.749257e+00 -4.927149e+00
      vertex   7.497367e+01 6.749257e+00 -4.893263e+00
    endloop
  endfacet
  facet normal -1.815355e-01 7.925579e-01 -5.821485e-01
    outer loop
      vertex   7.512847e+01 6.931946e+00 -4.750338e+00
      vertex   7.510363e+01 6.852574e+00 -4.850654e+00
      vertex   7.503621e+01 6.931946e+00 -4.721567e+00
    endloop
  endfacet
  facet normal -1.815355e-01 7.925579e-01 -5.821485e-01
    outer loop
      vertex   7.503621e+01 6.931946e+00 -4.721567e+00
      vertex   7.510363e+01 6.852574e+00 -4.850654e+00
      vertex   7.499962e+01 6.852574e+00 -4.818218e+00
    endloop
  endfacet
  facet normal -1.146163e-01 9.229132e-01 -3.675518e-01
    outer loop
      vertex   7.515513e+01 6.981983e+00 -4.633011e+00
      vertex   7.512847e+01 6.931946e+00 -4.750338e+00
      vertex   7.508096e+01 6.981983e+00 -4.609883e+00
    endloop
  endfacet
  facet normal -1.146163e-01 9.229132e-01 -3.675518e-01
    outer loop
      vertex   7.508096e+01 6.981983e+00 -4.609883e+00
      vertex   7.512847e+01 6.931946e+00 -4.750338e+00
      vertex   7.503621e+01 6.931946e+00 -4.721567e+00
    endloop
  endfacet
  facet normal 3.079844e-02 9.909745e-01 -1.304643e-01
    outer loop
      vertex   9.475000e+01 6.982963e+00 -4.629410e+00
      vertex   9.475000e+01 7.000000e+00 -4.500000e+00
      vertex   9.480787e+01 6.982963e+00 -4.615747e+00
    endloop
  endfacet
  facet normal 8.589236e-02 9.909745e-01 -1.029173e-01
    outer loop
      vertex   9.480787e+01 6.982963e+00 -4.615747e+00
      vertex   9.475000e+01 7.000000e+00 -4.500000e+00
      vertex   9.485353e+01 6.982963e+00 -4.577646e+00
    endloop
  endfacet
  facet normal 2.509213e-01 9.201325e-01 -3.006571e-01
    outer loop
      vertex   9.480787e+01 6.982963e+00 -4.615747e+00
      vertex   9.485353e+01 6.982963e+00 -4.577646e+00
      vertex   9.486180e+01 6.933013e+00 -4.723607e+00
    endloop
  endfacet
  facet normal 2.509213e-01 9.201325e-01 -3.006571e-01
    outer loop
      vertex   9.486180e+01 6.933013e+00 -4.723607e+00
      vertex   9.485353e+01 6.982963e+00 -4.577646e+00
      vertex   9.495000e+01 6.933013e+00 -4.650000e+00
    endloop
  endfacet
  facet normal 3.035239e-01 8.806847e-01 -3.636862e-01
    outer loop
      vertex   9.486180e+01 6.933013e+00 -4.723607e+00
      vertex   9.495000e+01 6.933013e+00 -4.650000e+00
      vertex   9.495496e+01 6.925964e+00 -4.662930e+00
    endloop
  endfacet
  facet normal 5.998681e-01 7.764366e-01 -1.931438e-01
    outer loop
      vertex   9.495496e+01 6.925964e+00 -4.662930e+00
      vertex   9.495000e+01 6.933013e+00 -4.650000e+00
      vertex   9.503284e+01 6.853553e+00 -4.712132e+00
    endloop
  endfacet
  facet normal 4.556755e-01 7.806915e-01 -4.276455e-01
    outer loop
      vertex   9.495496e+01 6.925964e+00 -4.662930e+00
      vertex   9.503284e+01 6.853553e+00 -4.712132e+00
      vertex   9.501247e+01 6.845657e+00 -4.748259e+00
    endloop
  endfacet
  facet normal 6.267138e-01 6.087085e-01 -4.865221e-01
    outer loop
      vertex   9.501247e+01 6.845657e+00 -4.748259e+00
      vertex   9.503284e+01 6.853553e+00 -4.712132e+00
      vertex   9.509641e+01 6.750000e+00 -4.759808e+00
    endloop
  endfacet
  facet normal 5.946101e-01 5.880014e-01 -5.483551e-01
    outer loop
      vertex   9.501247e+01 6.845657e+00 -4.748259e+00
      vertex   9.509641e+01 6.750000e+00 -4.759808e+00
      vertex   9.505209e+01 6.741795e+00 -4.816669e+00
    endloop
  endfacet
  facet normal 7.013505e-01 3.819789e-01 -6.018303e-01
    outer loop
      vertex   9.505209e+01 6.741795e+00 -4.816669e+00
      vertex   9.509641e+01 6.750000e+00 -4.759808e+00
      vertex   9.513637e+01 6.629410e+00 -4.789778e+00
    endloop
  endfacet
  facet normal 6.800875e-01 3.567906e-01 -6.404541e-01
    outer loop
      vertex   9.505209e+01 6.741795e+00 -4.816669e+00
      vertex   9.513637e+01 6.629410e+00 -4.789778e+00
      vertex   9.507112e+01 6.621454e+00 -4.863499e+00
    endloop
  endfacet
  facet normal 7.354557e-01 1.299880e-01 -6.649872e-01
    outer loop
      vertex   9.507112e+01 6.621454e+00 -4.863499e+00
      vertex   9.513637e+01 6.629410e+00 -4.789778e+00
      vertex   9.515000e+01 6.500000e+00 -4.800000e+00
    endloop
  endfacet
  facet normal 7.208084e-01 1.103837e-01 -6.842885e-01
    outer loop
      vertex   9.507112e+01 6.621454e+00 -4.863499e+00
      vertex   9.515000e+01 6.500000e+00 -4.800000e+00
      vertex   9.507037e+01 6.500000e+00 -4.883876e+00
    endloop
  endfacet
  facet normal 5.479298e-01 1.351413e-01 -8.255360e-01
    outer loop
      vertex   9.507112e+01 6.621454e+00 -4.863499e+00
      vertex   9.507037e+01 6.500000e+00 -4.883876e+00
      vertex   9.496599e+01 6.629410e+00 -4.931975e+00
    endloop
  endfacet
  facet normal 5.430320e-01 1.296651e-01 -8.296404e-01
    outer loop
      vertex   9.496599e+01 6.629410e+00 -4.931975e+00
      vertex   9.507037e+01 6.500000e+00 -4.883876e+00
      vertex   9.497361e+01 6.500000e+00 -4.947214e+00
    endloop
  endfacet
  facet normal 3.378931e-01 1.296651e-01 -9.322099e-01
    outer loop
      vertex   9.496599e+01 6.629410e+00 -4.931975e+00
      vertex   9.497361e+01 6.500000e+00 -4.947214e+00
      vertex   9.486488e+01 6.500000e+00 -4.986624e+00
    endloop
  endfacet
  facet normal 3.316709e-01 1.351413e-01 -9.336655e-01
    outer loop
      vertex   9.496599e+01 6.629410e+00 -4.931975e+00
      vertex   9.486488e+01 6.500000e+00 -4.986624e+00
      vertex   9.484813e+01 6.621454e+00 -4.974994e+00
    endloop
  endfacet
  facet normal 1.149458e-01 1.103837e-01 -9.872198e-01
    outer loop
      vertex   9.484813e+01 6.621454e+00 -4.974994e+00
      vertex   9.486488e+01 6.500000e+00 -4.986624e+00
      vertex   9.475000e+01 6.500000e+00 -5.000000e+00
    endloop
  endfacet
  facet normal 9.071630e-02 1.299880e-01 -9.873569e-01
    outer loop
      vertex   9.484813e+01 6.621454e+00 -4.974994e+00
      vertex   9.475000e+01 6.500000e+00 -5.000000e+00
      vertex   9.475000e+01 6.629410e+00 -4.982963e+00
    endloop
  endfacet
  facet normal 1.043108e-01 3.567906e-01 -9.283425e-01
    outer loop
      vertex   9.484813e+01 6.621454e+00 -4.974994e+00
      vertex   9.475000e+01 6.629410e+00 -4.982963e+00
      vertex   9.482208e+01 6.741795e+00 -4.931670e+00
    endloop
  endfacet
  facet normal 6.065391e-02 3.819789e-01 -9.221785e-01
    outer loop
      vertex   9.482208e+01 6.741795e+00 -4.931670e+00
      vertex   9.475000e+01 6.629410e+00 -4.982963e+00
      vertex   9.475000e+01 6.750000e+00 -4.933013e+00
    endloop
  endfacet
  facet normal 8.191800e-02 5.880014e-01 -8.047011e-01
    outer loop
      vertex   9.482208e+01 6.741795e+00 -4.931670e+00
      vertex   9.475000e+01 6.750000e+00 -4.933013e+00
      vertex   9.479113e+01 6.845657e+00 -4.858929e+00
    endloop
  endfacet
  facet normal 1.318943e-02 6.087085e-01 -7.932843e-01
    outer loop
      vertex   9.479113e+01 6.845657e+00 -4.858929e+00
      vertex   9.475000e+01 6.750000e+00 -4.933013e+00
      vertex   9.475000e+01 6.853553e+00 -4.853553e+00
    endloop
  endfacet
  facet normal 6.871116e-02 7.806915e-01 -6.211277e-01
    outer loop
      vertex   9.479113e+01 6.845657e+00 -4.858929e+00
      vertex   9.475000e+01 6.853553e+00 -4.853553e+00
      vertex   9.475737e+01 6.925964e+00 -4.761727e+00
    endloop
  endfacet
  facet normal -2.054058e-01 7.764366e-01 -5.957807e-01
    outer loop
      vertex   9.475737e+01 6.925964e+00 -4.761727e+00
      vertex   9.475000e+01 6.853553e+00 -4.853553e+00
      vertex   9.475000e+01 6.933013e+00 -4.750000e+00
    endloop
  endfacet
  facet normal 1.088346e-01 8.806847e-01 -4.610308e-01
    outer loop
      vertex   9.475737e+01 6.925964e+00 -4.761727e+00
      vertex   9.475000e+01 6.933013e+00 -4.750000e+00
      vertex   9.486180e+01 6.933013e+00 -4.723607e+00
    endloop
  endfacet
  facet normal 8.997291e-02 9.201325e-01 -3.811313e-01
    outer loop
      vertex   9.486180e+01 6.933013e+00 -4.723607e+00
      vertex   9.475000e+01 6.933013e+00 -4.750000e+00
      vertex   9.475000e+01 6.982963e+00 -4.629410e+00
    endloop
  endfacet
  facet normal 8.997291e-02 9.201325e-01 -3.811313e-01
    outer loop
      vertex   9.486180e+01 6.933013e+00 -4.723607e+00
      vertex   9.475000e+01 6.982963e+00 -4.629410e+00
      vertex   9.480787e+01 6.982963e+00 -4.615747e+00
    endloop
  endfacet
  facet normal 5.249409e-01 3.794954e-01 -7.618532e-01
    outer loop
      vertex   9.505209e+01 6.741795e+00 -4.816669e+00
      vertex   9.507112e+01 6.621454e+00 -4.863499e+00
      vertex   9.494365e+01 6.750000e+00 -4.887298e+00
    endloop
  endfacet
  facet normal 5.249409e-01 3.794954e-01 -7.618532e-01
    outer loop
      vertex   9.494365e+01 6.750000e+00 -4.887298e+00
      vertex   9.507112e+01 6.621454e+00 -4.863499e+00
      vertex   9.496599e+01 6.629410e+00 -4.931975e+00
    endloop
  endfacet
  facet normal 2.945181e-01 3.794954e-01 -8.770646e-01
    outer loop
      vertex   9.494365e+01 6.750000e+00 -4.887298e+00
      vertex   9.496599e+01 6.629410e+00 -4.931975e+00
      vertex   9.482208e+01 6.741795e+00 -4.931670e+00
    endloop
  endfacet
  facet normal 2.945181e-01 3.794954e-01 -8.770646e-01
    outer loop
      vertex   9.482208e+01 6.741795e+00 -4.931670e+00
      vertex   9.496599e+01 6.629410e+00 -4.931975e+00
      vertex   9.484813e+01 6.621454e+00 -4.974994e+00
    endloop
  endfacet
  facet normal 4.666625e-01 6.037264e-01 -6.463285e-01
    outer loop
      vertex   9.501247e+01 6.845657e+00 -4.748259e+00
      vertex   9.505209e+01 6.741795e+00 -4.816669e+00
      vertex   9.490811e+01 6.853553e+00 -4.816228e+00
    endloop
  endfacet
  facet normal 4.666625e-01 6.037264e-01 -6.463285e-01
    outer loop
      vertex   9.490811e+01 6.853553e+00 -4.816228e+00
      vertex   9.505209e+01 6.741795e+00 -4.816669e+00
      vertex   9.494365e+01 6.750000e+00 -4.887298e+00
    endloop
  endfacet
  facet normal 2.370653e-01 6.037264e-01 -7.611271e-01
    outer loop
      vertex   9.490811e+01 6.853553e+00 -4.816228e+00
      vertex   9.494365e+01 6.750000e+00 -4.887298e+00
      vertex   9.479113e+01 6.845657e+00 -4.858929e+00
    endloop
  endfacet
  facet normal 2.370653e-01 6.037264e-01 -7.611271e-01
    outer loop
      vertex   9.479113e+01 6.845657e+00 -4.858929e+00
      vertex   9.494365e+01 6.750000e+00 -4.887298e+00
      vertex   9.482208e+01 6.741795e+00 -4.931670e+00
    endloop
  endfacet
  facet normal 3.769804e-01 7.876904e-01 -4.872675e-01
    outer loop
      vertex   9.495496e+01 6.925964e+00 -4.662930e+00
      vertex   9.501247e+01 6.845657e+00 -4.748259e+00
      vertex   9.486180e+01 6.933013e+00 -4.723607e+00
    endloop
  endfacet
  facet normal 3.769804e-01 7.876904e-01 -4.872675e-01
    outer loop
      vertex   9.486180e+01 6.933013e+00 -4.723607e+00
      vertex   9.501247e+01 6.845657e+00 -4.748259e+00
      vertex   9.490811e+01 6.853553e+00 -4.816228e+00
    endloop
  endfacet
  facet normal 1.636258e-01 7.876904e-01 -5.939448e-01
    outer loop
      vertex   9.486180e+01 6.933013e+00 -4.723607e+00
      vertex   9.490811e+01 6.853553e+00 -4.816228e+00
      vertex   9.475737e+01 6.925964e+00 -4.761727e+00
    endloop
  endfacet
  facet normal 1.636258e-01 7.876904e-01 -5.939448e-01
    outer loop
      vertex   9.475737e+01 6.925964e+00 -4.761727e+00
      vertex   9.490811e+01 6.853553e+00 -4.816228e+00
      vertex   9.479113e+01 6.845657e+00 -4.858929e+00
    endloop
  endfacet
  facet normal -9.973792e-02 -1.298754e-01 -9.865013e-01
    outer loop
      vertex   7.515592e+01 5.000000e-01 -5.000000e+00
      vertex   7.515592e+01 3.705905e-01 -4.982963e+00
      vertex   7.505584e+01 5.000000e-01 -4.989882e+00
    endloop
  endfacet
  facet normal -9.211159e-02 -1.240571e-01 -9.879905e-01
    outer loop
      vertex   7.505584e+01 5.000000e-01 -4.989882e+00
      vertex   7.515592e+01 3.705905e-01 -4.982963e+00
      vertex   7.506602e+01 3.709901e-01 -4.974632e+00
    endloop
  endfacet
  facet normal -2.949691e-01 -1.351020e-01 -9.459073e-01
    outer loop
      vertex   7.505584e+01 5.000000e-01 -4.989882e+00
      vertex   7.506602e+01 3.709901e-01 -4.974632e+00
      vertex   7.496009e+01 3.709901e-01 -4.941599e+00
    endloop
  endfacet
  facet normal -2.747318e-01 -3.851532e-01 -8.810105e-01
    outer loop
      vertex   7.496009e+01 3.709901e-01 -4.941599e+00
      vertex   7.506602e+01 3.709901e-01 -4.974632e+00
      vertex   7.497367e+01 2.507432e-01 -4.893263e+00
    endloop
  endfacet
  facet normal -4.526251e-01 -3.760883e-01 -8.085098e-01
    outer loop
      vertex   7.496009e+01 3.709901e-01 -4.941599e+00
      vertex   7.497367e+01 2.507432e-01 -4.893263e+00
      vertex   7.488140e+01 3.705905e-01 -4.897358e+00
    endloop
  endfacet
  facet normal -4.600058e-01 -3.815398e-01 -8.017619e-01
    outer loop
      vertex   7.488140e+01 3.705905e-01 -4.897358e+00
      vertex   7.497367e+01 2.507432e-01 -4.893263e+00
      vertex   7.490979e+01 2.500000e-01 -4.856262e+00
    endloop
  endfacet
  facet normal -3.946752e-01 -6.028176e-01 -6.934280e-01
    outer loop
      vertex   7.490979e+01 2.500000e-01 -4.856262e+00
      vertex   7.497367e+01 2.507432e-01 -4.893263e+00
      vertex   7.499962e+01 1.474257e-01 -4.818218e+00
    endloop
  endfacet
  facet normal -4.047403e-01 -6.078293e-01 -6.831756e-01
    outer loop
      vertex   7.490979e+01 2.500000e-01 -4.856262e+00
      vertex   7.499962e+01 1.474257e-01 -4.818218e+00
      vertex   7.495496e+01 1.464466e-01 -4.790887e+00
    endloop
  endfacet
  facet normal -3.079343e-01 -7.891200e-01 -5.314754e-01
    outer loop
      vertex   7.495496e+01 1.464466e-01 -4.790887e+00
      vertex   7.499962e+01 1.474257e-01 -4.818218e+00
      vertex   7.503621e+01 6.805367e-02 -4.721567e+00
    endloop
  endfacet
  facet normal -3.267355e-01 -7.931375e-01 -5.139814e-01
    outer loop
      vertex   7.495496e+01 1.464466e-01 -4.790887e+00
      vertex   7.503621e+01 6.805367e-02 -4.721567e+00
      vertex   7.501382e+01 6.698730e-02 -4.705688e+00
    endloop
  endfacet
  facet normal -1.939091e-01 -9.219267e-01 -3.353362e-01
    outer loop
      vertex   7.501382e+01 6.698730e-02 -4.705688e+00
      vertex   7.503621e+01 6.805367e-02 -4.721567e+00
      vertex   7.508096e+01 1.801728e-02 -4.609883e+00
    endloop
  endfacet
  facet normal -6.100367e-01 -7.920482e-01 2.269056e-02
    outer loop
      vertex   7.501382e+01 6.698730e-02 -4.705688e+00
      vertex   7.508096e+01 1.801728e-02 -4.609883e+00
      vertex   7.508236e+01 1.703709e-02 -4.606472e+00
    endloop
  endfacet
  facet normal -7.675920e-02 -9.661871e-01 -2.461516e-01
    outer loop
      vertex   7.508236e+01 1.703709e-02 -4.606472e+00
      vertex   7.508096e+01 1.801728e-02 -4.609883e+00
      vertex   7.515592e+01 1.703709e-02 -4.629410e+00
    endloop
  endfacet
  facet normal -4.066924e-02 -9.906246e-01 -1.304182e-01
    outer loop
      vertex   7.508236e+01 1.703709e-02 -4.606472e+00
      vertex   7.515592e+01 1.703709e-02 -4.629410e+00
      vertex   7.515592e+01 0.000000e+00 -4.500000e+00
    endloop
  endfacet
  facet normal -8.716041e-02 -3.760883e-01 -9.224753e-01
    outer loop
      vertex   7.506602e+01 3.709901e-01 -4.974632e+00
      vertex   7.515592e+01 3.705905e-01 -4.982963e+00
      vertex   7.508233e+01 2.507432e-01 -4.927149e+00
    endloop
  endfacet
  facet normal -7.725238e-02 -3.815398e-01 -9.211186e-01
    outer loop
      vertex   7.508233e+01 2.507432e-01 -4.927149e+00
      vertex   7.515592e+01 3.705905e-01 -4.982963e+00
      vertex   7.515592e+01 2.500000e-01 -4.933013e+00
    endloop
  endfacet
  facet normal -6.942599e-02 -6.028176e-01 -7.948528e-01
    outer loop
      vertex   7.508233e+01 2.507432e-01 -4.927149e+00
      vertex   7.515592e+01 2.500000e-01 -4.933013e+00
      vertex   7.510363e+01 1.474257e-01 -4.850654e+00
    endloop
  endfacet
  facet normal -5.531750e-02 -6.078293e-01 -7.921386e-01
    outer loop
      vertex   7.510363e+01 1.474257e-01 -4.850654e+00
      vertex   7.515592e+01 2.500000e-01 -4.933013e+00
      vertex   7.515592e+01 1.464466e-01 -4.853553e+00
    endloop
  endfacet
  facet normal -4.873808e-02 -7.891200e-01 -6.123024e-01
    outer loop
      vertex   7.510363e+01 1.474257e-01 -4.850654e+00
      vertex   7.515592e+01 1.464466e-01 -4.853553e+00
      vertex   7.512847e+01 6.805367e-02 -4.750338e+00
    endloop
  endfacet
  facet normal -2.332583e-02 -7.931375e-01 -6.085958e-01
    outer loop
      vertex   7.512847e+01 6.805367e-02 -4.750338e+00
      vertex   7.515592e+01 1.464466e-01 -4.853553e+00
      vertex   7.515592e+01 6.698730e-02 -4.750000e+00
    endloop
  endfacet
  facet normal -3.106665e-02 -9.219267e-01 -3.861166e-01
    outer loop
      vertex   7.512847e+01 6.805367e-02 -4.750338e+00
      vertex   7.515592e+01 6.698730e-02 -4.750000e+00
      vertex   7.515513e+01 1.801728e-02 -4.633011e+00
    endloop
  endfacet
  facet normal 5.148058e-01 -7.920482e-01 -3.280771e-01
    outer loop
      vertex   7.515513e+01 1.801728e-02 -4.633011e+00
      vertex   7.515592e+01 6.698730e-02 -4.750000e+00
      vertex   7.515592e+01 1.703709e-02 -4.629410e+00
    endloop
  endfacet
  facet normal -7.675920e-02 -9.661871e-01 -2.461516e-01
    outer loop
      vertex   7.515513e+01 1.801728e-02 -4.633011e+00
      vertex   7.515592e+01 1.703709e-02 -4.629410e+00
      vertex   7.508096e+01 1.801728e-02 -4.609883e+00
    endloop
  endfacet
  facet normal -4.853964e-01 -1.299718e-01 -8.645794e-01
    outer loop
      vertex   7.488140e+01 3.705905e-01 -4.897358e+00
      vertex   7.487172e+01 5.000000e-01 -4.911376e+00
      vertex   7.496009e+01 3.709901e-01 -4.941599e+00
    endloop
  endfacet
  facet normal -4.789980e-01 -1.245688e-01 -8.689324e-01
    outer loop
      vertex   7.496009e+01 3.709901e-01 -4.941599e+00
      vertex   7.487172e+01 5.000000e-01 -4.911376e+00
      vertex   7.495981e+01 5.000000e-01 -4.959936e+00
    endloop
  endfacet
  facet normal -2.949691e-01 -1.351020e-01 -9.459073e-01
    outer loop
      vertex   7.496009e+01 3.709901e-01 -4.941599e+00
      vertex   7.495981e+01 5.000000e-01 -4.959936e+00
      vertex   7.505584e+01 5.000000e-01 -4.989882e+00
    endloop
  endfacet
  facet normal -1.146163e-01 -9.229132e-01 -3.675518e-01
    outer loop
      vertex   7.512847e+01 6.805367e-02 -4.750338e+00
      vertex   7.515513e+01 1.801728e-02 -4.633011e+00
      vertex   7.508096e+01 1.801728e-02 -4.609883e+00
    endloop
  endfacet
  facet normal -1.146163e-01 -9.229132e-01 -3.675518e-01
    outer loop
      vertex   7.508096e+01 1.801728e-02 -4.609883e+00
      vertex   7.503621e+01 6.805367e-02 -4.721567e+00
      vertex   7.512847e+01 6.805367e-02 -4.750338e+00
    endloop
  endfacet
  facet normal -1.815355e-01 -7.925579e-01 -5.821485e-01
    outer loop
      vertex   7.512847e+01 6.805367e-02 -4.750338e+00
      vertex   7.503621e+01 6.805367e-02 -4.721567e+00
      vertex   7.510363e+01 1.474257e-01 -4.850654e+00
    endloop
  endfacet
  facet normal -2.747318e-01 -3.851532e-01 -8.810105e-01
    outer loop
      vertex   7.497367e+01 2.507432e-01 -4.893263e+00
      vertex   7.506602e+01 3.709901e-01 -4.974632e+00
      vertex   7.508233e+01 2.507432e-01 -4.927149e+00
    endloop
  endfacet
  facet normal -1.815355e-01 -7.925579e-01 -5.821485e-01
    outer loop
      vertex   7.503621e+01 6.805367e-02 -4.721567e+00
      vertex   7.499962e+01 1.474257e-01 -4.818218e+00
      vertex   7.510363e+01 1.474257e-01 -4.850654e+00
    endloop
  endfacet
  facet normal -2.360800e-01 -6.091994e-01 -7.570617e-01
    outer loop
      vertex   7.510363e+01 1.474257e-01 -4.850654e+00
      vertex   7.499962e+01 1.474257e-01 -4.818218e+00
      vertex   7.508233e+01 2.507432e-01 -4.927149e+00
    endloop
  endfacet
  facet normal -2.360800e-01 -6.091994e-01 -7.570617e-01
    outer loop
      vertex   7.499962e+01 1.474257e-01 -4.818218e+00
      vertex   7.497367e+01 2.507432e-01 -4.893263e+00
      vertex   7.508233e+01 2.507432e-01 -4.927149e+00
    endloop
  endfacet
  facet normal 1.327417e-17 9.914449e-01 1.305262e-01
    outer loop
      vertex   1.372500e+02 7.000000e+00 -5.000000e-01
      vertex   1.503352e+02 6.982963e+00 -3.705905e-01
      vertex   1.656340e+02 7.000000e+00 -5.000000e-01
    endloop
  endfacet
  facet normal 0.000000e+00 9.914449e-01 1.305262e-01
    outer loop
      vertex   1.656340e+02 7.000000e+00 -5.000000e-01
      vertex   1.503352e+02 6.982963e+00 -3.705905e-01
      vertex   1.531522e+02 6.982963e+00 -3.705905e-01
    endloop
  endfacet
  facet normal 0.000000e+00 9.914449e-01 1.305262e-01
    outer loop
      vertex   1.656340e+02 7.000000e+00 -5.000000e-01
      vertex   1.531522e+02 6.982963e+00 -3.705905e-01
      vertex   1.559693e+02 6.982963e+00 -3.705905e-01
    endloop
  endfacet
  facet normal 0.000000e+00 9.238795e-01 3.826834e-01
    outer loop
      vertex   1.559693e+02 6.982963e+00 -3.705905e-01
      vertex   1.531522e+02 6.982963e+00 -3.705905e-01
      vertex   1.559693e+02 6.933013e+00 -2.500000e-01
    endloop
  endfacet
  facet normal 0.000000e+00 9.238795e-01 3.826834e-01
    outer loop
      vertex   1.559693e+02 6.982963e+00 -3.705905e-01
      vertex   1.559693e+02 6.933013e+00 -2.500000e-01
      vertex   1.587863e+02 6.933013e+00 -2.500000e-01
    endloop
  endfacet
  facet normal 0.000000e+00 7.933533e-01 6.087614e-01
    outer loop
      vertex   1.587863e+02 6.933013e+00 -2.500000e-01
      vertex   1.559693e+02 6.933013e+00 -2.500000e-01
      vertex   1.587863e+02 6.853553e+00 -1.464466e-01
    endloop
  endfacet
  facet normal -1.415341e-16 7.933533e-01 6.087614e-01
    outer loop
      vertex   1.587863e+02 6.933013e+00 -2.500000e-01
      vertex   1.587863e+02 6.853553e+00 -1.464466e-01
      vertex   1.616033e+02 6.853553e+00 -1.464466e-01
    endloop
  endfacet
  facet normal -5.123437e-17 6.087614e-01 7.933533e-01
    outer loop
      vertex   1.616033e+02 6.853553e+00 -1.464466e-01
      vertex   1.587863e+02 6.853553e+00 -1.464466e-01
      vertex   1.616033e+02 6.750000e+00 -6.698730e-02
    endloop
  endfacet
  facet normal 0.000000e+00 6.087614e-01 7.933533e-01
    outer loop
      vertex   1.616033e+02 6.853553e+00 -1.464466e-01
      vertex   1.616033e+02 6.750000e+00 -6.698730e-02
      vertex   1.644204e+02 6.750000e+00 -6.698730e-02
    endloop
  endfacet
  facet normal 0.000000e+00 3.826834e-01 9.238795e-01
    outer loop
      vertex   1.644204e+02 6.750000e+00 -6.698730e-02
      vertex   1.616033e+02 6.750000e+00 -6.698730e-02
      vertex   1.644204e+02 6.629410e+00 -1.703709e-02
    endloop
  endfacet
  facet normal -1.587230e-03 3.826830e-01 9.238784e-01
    outer loop
      vertex   1.644204e+02 6.750000e+00 -6.698730e-02
      vertex   1.644204e+02 6.629410e+00 -1.703709e-02
      vertex   1.671154e+02 6.691342e+00 -3.806023e-02
    endloop
  endfacet
  facet normal -3.869305e-04 3.364962e-01 9.416847e-01
    outer loop
      vertex   1.671154e+02 6.691342e+00 -3.806023e-02
      vertex   1.644204e+02 6.629410e+00 -1.703709e-02
      vertex   1.671684e+02 6.645142e+00 -2.152983e-02
    endloop
  endfacet
  facet normal 1.939122e-04 2.431267e-01 9.699945e-01
    outer loop
      vertex   1.671684e+02 6.645142e+00 -2.152983e-02
      vertex   1.644204e+02 6.629410e+00 -1.703709e-02
      vertex   1.672066e+02 6.597545e+00 -9.607360e-03
    endloop
  endfacet
  facet normal -6.764940e-04 1.705964e-01 9.853408e-01
    outer loop
      vertex   1.672066e+02 6.597545e+00 -9.607360e-03
      vertex   1.644204e+02 6.629410e+00 -1.703709e-02
      vertex   1.672201e+02 6.573365e+00 -5.411745e-03
    endloop
  endfacet
  facet normal -1.684191e-03 1.217543e-01 9.925588e-01
    outer loop
      vertex   1.672201e+02 6.573365e+00 -5.411745e-03
      vertex   1.644204e+02 6.629410e+00 -1.703709e-02
      vertex   1.672297e+02 6.549009e+00 -2.407637e-03
    endloop
  endfacet
  facet normal -3.109193e-03 7.283270e-02 9.973393e-01
    outer loop
      vertex   1.672297e+02 6.549009e+00 -2.407637e-03
      vertex   1.644204e+02 6.629410e+00 -1.703709e-02
      vertex   1.672355e+02 6.524534e+00 -6.022719e-04
    endloop
  endfacet
  facet normal -4.936512e-03 2.415255e-02 9.996961e-01
    outer loop
      vertex   1.672355e+02 6.524534e+00 -6.022719e-04
      vertex   1.644204e+02 6.629410e+00 -1.703709e-02
      vertex   1.672374e+02 6.500000e+00 -4.996004e-15
    endloop
  endfacet
  facet normal 0.000000e+00 1.305262e-01 9.914449e-01
    outer loop
      vertex   1.672374e+02 6.500000e+00 -4.996004e-15
      vertex   1.644204e+02 6.629410e+00 -1.703709e-02
      vertex   1.616033e+02 6.629410e+00 -1.703709e-02
    endloop
  endfacet
  facet normal 0.000000e+00 1.305262e-01 9.914449e-01
    outer loop
      vertex   1.672374e+02 6.500000e+00 -4.996004e-15
      vertex   1.616033e+02 6.629410e+00 -1.703709e-02
      vertex   1.587863e+02 6.629410e+00 -1.703709e-02
    endloop
  endfacet
  facet normal -0.000000e+00 3.826834e-01 9.238795e-01
    outer loop
      vertex   1.587863e+02 6.629410e+00 -1.703709e-02
      vertex   1.616033e+02 6.629410e+00 -1.703709e-02
      vertex   1.587863e+02 6.750000e+00 -6.698730e-02
    endloop
  endfacet
  facet normal 0.000000e+00 3.826834e-01 9.238795e-01
    outer loop
      vertex   1.587863e+02 6.629410e+00 -1.703709e-02
      vertex   1.587863e+02 6.750000e+00 -6.698730e-02
      vertex   1.559693e+02 6.750000e+00 -6.698730e-02
    endloop
  endfacet
  facet normal -0.000000e+00 6.087614e-01 7.933533e-01
    outer loop
      vertex   1.559693e+02 6.750000e+00 -6.698730e-02
      vertex   1.587863e+02 6.750000e+00 -6.698730e-02
      vertex   1.559693e+02 6.853553e+00 -1.464466e-01
    endloop
  endfacet
  facet normal 1.320985e-16 6.087614e-01 7.933533e-01
    outer loop
      vertex   1.559693e+02 6.750000e+00 -6.698730e-02
      vertex   1.559693e+02 6.853553e+00 -1.464466e-01
      vertex   1.531522e+02 6.853553e+00 -1.464466e-01
    endloop
  endfacet
  facet normal 1.019656e-16 7.933533e-01 6.087614e-01
    outer loop
      vertex   1.531522e+02 6.853553e+00 -1.464466e-01
      vertex   1.559693e+02 6.853553e+00 -1.464466e-01
      vertex   1.531522e+02 6.933013e+00 -2.500000e-01
    endloop
  endfacet
  facet normal 0.000000e+00 7.933533e-01 6.087614e-01
    outer loop
      vertex   1.531522e+02 6.853553e+00 -1.464466e-01
      vertex   1.531522e+02 6.933013e+00 -2.500000e-01
      vertex   1.503352e+02 6.933013e+00 -2.500000e-01
    endloop
  endfacet
  facet normal -0.000000e+00 9.238795e-01 3.826834e-01
    outer loop
      vertex   1.503352e+02 6.933013e+00 -2.500000e-01
      vertex   1.531522e+02 6.933013e+00 -2.500000e-01
      vertex   1.503352e+02 6.982963e+00 -3.705905e-01
    endloop
  endfacet
  facet normal 0.000000e+00 9.238795e-01 3.826834e-01
    outer loop
      vertex   1.503352e+02 6.933013e+00 -2.500000e-01
      vertex   1.503352e+02 6.982963e+00 -3.705905e-01
      vertex   1.475182e+02 6.982963e+00 -3.705905e-01
    endloop
  endfacet
  facet normal -0.000000e+00 9.914449e-01 1.305262e-01
    outer loop
      vertex   1.475182e+02 6.982963e+00 -3.705905e-01
      vertex   1.503352e+02 6.982963e+00 -3.705905e-01
      vertex   1.372500e+02 7.000000e+00 -5.000000e-01
    endloop
  endfacet
  facet normal 0.000000e+00 9.914449e-01 1.305262e-01
    outer loop
      vertex   1.475182e+02 6.982963e+00 -3.705905e-01
      vertex   1.372500e+02 7.000000e+00 -5.000000e-01
      vertex   1.447011e+02 6.982963e+00 -3.705905e-01
    endloop
  endfacet
  facet normal 0.000000e+00 9.914449e-01 1.305262e-01
    outer loop
      vertex   1.447011e+02 6.982963e+00 -3.705905e-01
      vertex   1.372500e+02 7.000000e+00 -5.000000e-01
      vertex   1.418841e+02 6.982963e+00 -3.705905e-01
    endloop
  endfacet
  facet normal 0.000000e+00 9.238795e-01 3.826834e-01
    outer loop
      vertex   1.447011e+02 6.982963e+00 -3.705905e-01
      vertex   1.418841e+02 6.982963e+00 -3.705905e-01
      vertex   1.447011e+02 6.933013e+00 -2.500000e-01
    endloop
  endfacet
  facet normal 0.000000e+00 9.238795e-01 3.826834e-01
    outer loop
      vertex   1.447011e+02 6.933013e+00 -2.500000e-01
      vertex   1.418841e+02 6.982963e+00 -3.705905e-01
      vertex   1.418841e+02 6.933013e+00 -2.500000e-01
    endloop
  endfacet
  facet normal 0.000000e+00 7.933533e-01 6.087614e-01
    outer loop
      vertex   1.447011e+02 6.933013e+00 -2.500000e-01
      vertex   1.418841e+02 6.933013e+00 -2.500000e-01
      vertex   1.447011e+02 6.853553e+00 -1.464466e-01
    endloop
  endfacet
  facet normal 1.019656e-16 7.933533e-01 6.087614e-01
    outer loop
      vertex   1.447011e+02 6.853553e+00 -1.464466e-01
      vertex   1.418841e+02 6.933013e+00 -2.500000e-01
      vertex   1.418841e+02 6.853553e+00 -1.464466e-01
    endloop
  endfacet
  facet normal 1.328841e-16 6.087614e-01 7.933533e-01
    outer loop
      vertex   1.447011e+02 6.853553e+00 -1.464466e-01
      vertex   1.418841e+02 6.853553e+00 -1.464466e-01
      vertex   1.447011e+02 6.750000e+00 -6.698730e-02
    endloop
  endfacet
  facet normal 0.000000e+00 6.087614e-01 7.933533e-01
    outer loop
      vertex   1.447011e+02 6.750000e+00 -6.698730e-02
      vertex   1.418841e+02 6.853553e+00 -1.464466e-01
      vertex   1.418841e+02 6.750000e+00 -6.698730e-02
    endloop
  endfacet
  facet normal 0.000000e+00 3.826834e-01 9.238795e-01
    outer loop
      vertex   1.447011e+02 6.750000e+00 -6.698730e-02
      vertex   1.418841e+02 6.750000e+00 -6.698730e-02
      vertex   1.447011e+02 6.629410e+00 -1.703709e-02
    endloop
  endfacet
  facet normal 0.000000e+00 3.826834e-01 9.238795e-01
    outer loop
      vertex   1.447011e+02 6.629410e+00 -1.703709e-02
      vertex   1.418841e+02 6.750000e+00 -6.698730e-02
      vertex   1.418841e+02 6.629410e+00 -1.703709e-02
    endloop
  endfacet
  facet normal 0.000000e+00 1.790169e-01 9.838460e-01
    outer loop
      vertex   1.447011e+02 6.629410e+00 -1.703709e-02
      vertex   1.418841e+02 6.629410e+00 -1.703709e-02
      vertex   1.362548e+02 6.549009e+00 -2.407637e-03
    endloop
  endfacet
  facet normal 0.000000e+00 1.790169e-01 9.838460e-01
    outer loop
      vertex   1.362548e+02 6.549009e+00 -2.407637e-03
      vertex   1.418841e+02 6.629410e+00 -1.703709e-02
      vertex   1.390670e+02 6.629410e+00 -1.703709e-02
    endloop
  endfacet
  facet normal 9.589650e-04 1.464520e-01 9.892173e-01
    outer loop
      vertex   1.362548e+02 6.549009e+00 -2.407637e-03
      vertex   1.390670e+02 6.629410e+00 -1.703709e-02
      vertex   1.362692e+02 6.597545e+00 -9.607360e-03
    endloop
  endfacet
  facet normal -1.924354e-04 2.430709e-01 9.700085e-01
    outer loop
      vertex   1.362692e+02 6.597545e+00 -9.607360e-03
      vertex   1.390670e+02 6.629410e+00 -1.703709e-02
      vertex   1.362931e+02 6.645142e+00 -2.152983e-02
    endloop
  endfacet
  facet normal 3.842429e-04 3.366461e-01 9.416312e-01
    outer loop
      vertex   1.362931e+02 6.645142e+00 -2.152983e-02
      vertex   1.390670e+02 6.629410e+00 -1.703709e-02
      vertex   1.363261e+02 6.691342e+00 -3.806023e-02
    endloop
  endfacet
  facet normal 1.560632e-03 3.826830e-01 9.238784e-01
    outer loop
      vertex   1.363261e+02 6.691342e+00 -3.806023e-02
      vertex   1.390670e+02 6.629410e+00 -1.703709e-02
      vertex   1.390670e+02 6.750000e+00 -6.698730e-02
    endloop
  endfacet
  facet normal -7.986930e-04 4.720605e-01 8.815658e-01
    outer loop
      vertex   1.363261e+02 6.691342e+00 -3.806023e-02
      vertex   1.390670e+02 6.750000e+00 -6.698730e-02
      vertex   1.364185e+02 6.777785e+00 -8.426519e-02
    endloop
  endfacet
  facet normal 1.210882e-03 6.087610e-01 7.933528e-01
    outer loop
      vertex   1.364185e+02 6.777785e+00 -8.426519e-02
      vertex   1.390670e+02 6.750000e+00 -6.698730e-02
      vertex   1.390670e+02 6.853553e+00 -1.464466e-01
    endloop
  endfacet
  facet normal 1.367252e-16 6.343933e-01 7.730105e-01
    outer loop
      vertex   1.364185e+02 6.777785e+00 -8.426519e-02
      vertex   1.390670e+02 6.853553e+00 -1.464466e-01
      vertex   1.365429e+02 6.853553e+00 -1.464466e-01
    endloop
  endfacet
  facet normal 1.071034e-16 7.933533e-01 6.087614e-01
    outer loop
      vertex   1.365429e+02 6.853553e+00 -1.464466e-01
      vertex   1.390670e+02 6.853553e+00 -1.464466e-01
      vertex   1.390670e+02 6.933013e+00 -2.500000e-01
    endloop
  endfacet
  facet normal -3.699419e-03 8.348660e-01 5.504408e-01
    outer loop
      vertex   1.365429e+02 6.853553e+00 -1.464466e-01
      vertex   1.390670e+02 6.933013e+00 -2.500000e-01
      vertex   1.368673e+02 6.961940e+00 -3.086583e-01
    endloop
  endfacet
  facet normal 1.944593e-03 9.238778e-01 3.826827e-01
    outer loop
      vertex   1.368673e+02 6.961940e+00 -3.086583e-01
      vertex   1.390670e+02 6.933013e+00 -2.500000e-01
      vertex   1.390670e+02 6.982963e+00 -3.705905e-01
    endloop
  endfacet
  facet normal -4.118873e-03 9.823212e-01 1.871581e-01
    outer loop
      vertex   1.368673e+02 6.961940e+00 -3.086583e-01
      vertex   1.390670e+02 6.982963e+00 -3.705905e-01
      vertex   1.372500e+02 7.000000e+00 -5.000000e-01
    endloop
  endfacet
  facet normal 0.000000e+00 9.914449e-01 1.305262e-01
    outer loop
      vertex   1.372500e+02 7.000000e+00 -5.000000e-01
      vertex   1.390670e+02 6.982963e+00 -3.705905e-01
      vertex   1.418841e+02 6.982963e+00 -3.705905e-01
    endloop
  endfacet
  facet normal -0.000000e+00 4.906767e-02 9.987955e-01
    outer loop
      vertex   1.362500e+02 6.500000e+00 -4.996004e-15
      vertex   1.672374e+02 6.500000e+00 -4.996004e-15
      vertex   1.362548e+02 6.549009e+00 -2.407637e-03
    endloop
  endfacet
  facet normal 1.626363e-04 1.513773e-01 9.884760e-01
    outer loop
      vertex   1.362548e+02 6.549009e+00 -2.407637e-03
      vertex   1.672374e+02 6.500000e+00 -4.996004e-15
      vertex   1.503352e+02 6.629410e+00 -1.703709e-02
    endloop
  endfacet
  facet normal 0.000000e+00 1.790169e-01 9.838460e-01
    outer loop
      vertex   1.362548e+02 6.549009e+00 -2.407637e-03
      vertex   1.503352e+02 6.629410e+00 -1.703709e-02
      vertex   1.475182e+02 6.629410e+00 -1.703709e-02
    endloop
  endfacet
  facet normal -0.000000e+00 3.826834e-01 9.238795e-01
    outer loop
      vertex   1.475182e+02 6.629410e+00 -1.703709e-02
      vertex   1.503352e+02 6.629410e+00 -1.703709e-02
      vertex   1.475182e+02 6.750000e+00 -6.698730e-02
    endloop
  endfacet
  facet normal 0.000000e+00 3.826834e-01 9.238795e-01
    outer loop
      vertex   1.475182e+02 6.629410e+00 -1.703709e-02
      vertex   1.475182e+02 6.750000e+00 -6.698730e-02
      vertex   1.447011e+02 6.750000e+00 -6.698730e-02
    endloop
  endfacet
  facet normal -0.000000e+00 6.087614e-01 7.933533e-01
    outer loop
      vertex   1.447011e+02 6.750000e+00 -6.698730e-02
      vertex   1.475182e+02 6.750000e+00 -6.698730e-02
      vertex   1.447011e+02 6.853553e+00 -1.464466e-01
    endloop
  endfacet
  facet normal 8.242632e-04 4.724951e-01 8.813329e-01
    outer loop
      vertex   1.671154e+02 6.691342e+00 -3.806023e-02
      vertex   1.669672e+02 6.777785e+00 -8.426519e-02
      vertex   1.644204e+02 6.750000e+00 -6.698730e-02
    endloop
  endfacet
  facet normal -1.259231e-03 6.087609e-01 7.933527e-01
    outer loop
      vertex   1.644204e+02 6.750000e+00 -6.698730e-02
      vertex   1.669672e+02 6.777785e+00 -8.426519e-02
      vertex   1.644204e+02 6.853553e+00 -1.464466e-01
    endloop
  endfacet
  facet normal 1.415341e-16 6.087614e-01 7.933533e-01
    outer loop
      vertex   1.644204e+02 6.750000e+00 -6.698730e-02
      vertex   1.644204e+02 6.853553e+00 -1.464466e-01
      vertex   1.616033e+02 6.853553e+00 -1.464466e-01
    endloop
  endfacet
  facet normal 1.079636e-16 7.933533e-01 6.087614e-01
    outer loop
      vertex   1.616033e+02 6.853553e+00 -1.464466e-01
      vertex   1.644204e+02 6.853553e+00 -1.464466e-01
      vertex   1.616033e+02 6.933013e+00 -2.500000e-01
    endloop
  endfacet
  facet normal 0.000000e+00 7.933533e-01 6.087614e-01
    outer loop
      vertex   1.616033e+02 6.853553e+00 -1.464466e-01
      vertex   1.616033e+02 6.933013e+00 -2.500000e-01
      vertex   1.587863e+02 6.933013e+00 -2.500000e-01
    endloop
  endfacet
  facet normal -0.000000e+00 9.238795e-01 3.826834e-01
    outer loop
      vertex   1.587863e+02 6.933013e+00 -2.500000e-01
      vertex   1.616033e+02 6.933013e+00 -2.500000e-01
      vertex   1.587863e+02 6.982963e+00 -3.705905e-01
    endloop
  endfacet
  facet normal 0.000000e+00 9.238795e-01 3.826834e-01
    outer loop
      vertex   1.587863e+02 6.933013e+00 -2.500000e-01
      vertex   1.587863e+02 6.982963e+00 -3.705905e-01
      vertex   1.559693e+02 6.982963e+00 -3.705905e-01
    endloop
  endfacet
  facet normal -0.000000e+00 9.914449e-01 1.305262e-01
    outer loop
      vertex   1.559693e+02 6.982963e+00 -3.705905e-01
      vertex   1.587863e+02 6.982963e+00 -3.705905e-01
      vertex   1.656340e+02 7.000000e+00 -5.000000e-01
    endloop
  endfacet
  facet normal 3.038393e-15 6.343933e-01 7.730105e-01
    outer loop
      vertex   1.669672e+02 6.777785e+00 -8.426519e-02
      vertex   1.667678e+02 6.853553e+00 -1.464466e-01
      vertex   1.644204e+02 6.853553e+00 -1.464466e-01
    endloop
  endfacet
  facet normal 2.947670e-15 7.933533e-01 6.087614e-01
    outer loop
      vertex   1.644204e+02 6.853553e+00 -1.464466e-01
      vertex   1.667678e+02 6.853553e+00 -1.464466e-01
      vertex   1.644204e+02 6.933013e+00 -2.500000e-01
    endloop
  endfacet
  facet normal 0.000000e+00 7.933533e-01 6.087614e-01
    outer loop
      vertex   1.644204e+02 6.853553e+00 -1.464466e-01
      vertex   1.644204e+02 6.933013e+00 -2.500000e-01
      vertex   1.616033e+02 6.933013e+00 -2.500000e-01
    endloop
  endfacet
  facet normal -0.000000e+00 9.238795e-01 3.826834e-01
    outer loop
      vertex   1.616033e+02 6.933013e+00 -2.500000e-01
      vertex   1.644204e+02 6.933013e+00 -2.500000e-01
      vertex   1.616033e+02 6.982963e+00 -3.705905e-01
    endloop
  endfacet
  facet normal 0.000000e+00 9.238795e-01 3.826834e-01
    outer loop
      vertex   1.616033e+02 6.933013e+00 -2.500000e-01
      vertex   1.616033e+02 6.982963e+00 -3.705905e-01
      vertex   1.587863e+02 6.982963e+00 -3.705905e-01
    endloop
  endfacet
  facet normal -0.000000e+00 9.914449e-01 1.305262e-01
    outer loop
      vertex   1.587863e+02 6.982963e+00 -3.705905e-01
      vertex   1.616033e+02 6.982963e+00 -3.705905e-01
      vertex   1.656340e+02 7.000000e+00 -5.000000e-01
    endloop
  endfacet
  facet normal 4.267822e-03 8.377303e-01 5.460675e-01
    outer loop
      vertex   1.667678e+02 6.853553e+00 -1.464466e-01
      vertex   1.662476e+02 6.961940e+00 -3.086583e-01
      vertex   1.644204e+02 6.933013e+00 -2.500000e-01
    endloop
  endfacet
  facet normal -2.341005e-03 9.238770e-01 3.826824e-01
    outer loop
      vertex   1.644204e+02 6.933013e+00 -2.500000e-01
      vertex   1.662476e+02 6.961940e+00 -3.086583e-01
      vertex   1.644204e+02 6.982963e+00 -3.705905e-01
    endloop
  endfacet
  facet normal 0.000000e+00 9.238795e-01 3.826834e-01
    outer loop
      vertex   1.644204e+02 6.933013e+00 -2.500000e-01
      vertex   1.644204e+02 6.982963e+00 -3.705905e-01
      vertex   1.616033e+02 6.982963e+00 -3.705905e-01
    endloop
  endfacet
  facet normal -0.000000e+00 9.914449e-01 1.305262e-01
    outer loop
      vertex   1.616033e+02 6.982963e+00 -3.705905e-01
      vertex   1.644204e+02 6.982963e+00 -3.705905e-01
      vertex   1.656340e+02 7.000000e+00 -5.000000e-01
    endloop
  endfacet
  facet normal 5.258182e-03 9.838640e-01 1.788408e-01
    outer loop
      vertex   1.662476e+02 6.961940e+00 -3.086583e-01
      vertex   1.656340e+02 7.000000e+00 -5.000000e-01
      vertex   1.644204e+02 6.982963e+00 -3.705905e-01
    endloop
  endfacet
  facet normal 0.000000e+00 9.238795e-01 3.826834e-01
    outer loop
      vertex   1.418841e+02 6.933013e+00 -2.500000e-01
      vertex   1.418841e+02 6.982963e+00 -3.705905e-01
      vertex   1.390670e+02 6.982963e+00 -3.705905e-01
    endloop
  endfacet
  facet normal 0.000000e+00 9.238795e-01 3.826834e-01
    outer loop
      vertex   1.475182e+02 6.982963e+00 -3.705905e-01
      vertex   1.447011e+02 6.982963e+00 -3.705905e-01
      vertex   1.475182e+02 6.933013e+00 -2.500000e-01
    endloop
  endfacet
  facet normal 0.000000e+00 9.238795e-01 3.826834e-01
    outer loop
      vertex   1.475182e+02 6.933013e+00 -2.500000e-01
      vertex   1.447011e+02 6.982963e+00 -3.705905e-01
      vertex   1.447011e+02 6.933013e+00 -2.500000e-01
    endloop
  endfacet
  facet normal 0.000000e+00 7.933533e-01 6.087614e-01
    outer loop
      vertex   1.475182e+02 6.933013e+00 -2.500000e-01
      vertex   1.447011e+02 6.933013e+00 -2.500000e-01
      vertex   1.475182e+02 6.853553e+00 -1.464466e-01
    endloop
  endfacet
  facet normal -1.481693e-16 7.933533e-01 6.087614e-01
    outer loop
      vertex   1.475182e+02 6.853553e+00 -1.464466e-01
      vertex   1.447011e+02 6.933013e+00 -2.500000e-01
      vertex   1.447011e+02 6.853553e+00 -1.464466e-01
    endloop
  endfacet
  facet normal -5.905108e-17 6.087614e-01 7.933533e-01
    outer loop
      vertex   1.475182e+02 6.853553e+00 -1.464466e-01
      vertex   1.447011e+02 6.853553e+00 -1.464466e-01
      vertex   1.475182e+02 6.750000e+00 -6.698730e-02
    endloop
  endfacet
  facet normal 0.000000e+00 9.238795e-01 3.826834e-01
    outer loop
      vertex   1.559693e+02 6.933013e+00 -2.500000e-01
      vertex   1.531522e+02 6.982963e+00 -3.705905e-01
      vertex   1.531522e+02 6.933013e+00 -2.500000e-01
    endloop
  endfacet
  facet normal 0.000000e+00 9.238795e-01 3.826834e-01
    outer loop
      vertex   1.531522e+02 6.933013e+00 -2.500000e-01
      vertex   1.531522e+02 6.982963e+00 -3.705905e-01
      vertex   1.503352e+02 6.982963e+00 -3.705905e-01
    endloop
  endfacet
  facet normal 0.000000e+00 7.933533e-01 6.087614e-01
    outer loop
      vertex   1.418841e+02 6.853553e+00 -1.464466e-01
      vertex   1.418841e+02 6.933013e+00 -2.500000e-01
      vertex   1.390670e+02 6.933013e+00 -2.500000e-01
    endloop
  endfacet
  facet normal -0.000000e+00 9.238795e-01 3.826834e-01
    outer loop
      vertex   1.390670e+02 6.933013e+00 -2.500000e-01
      vertex   1.418841e+02 6.933013e+00 -2.500000e-01
      vertex   1.390670e+02 6.982963e+00 -3.705905e-01
    endloop
  endfacet
  facet normal 0.000000e+00 9.238795e-01 3.826834e-01
    outer loop
      vertex   1.475182e+02 6.982963e+00 -3.705905e-01
      vertex   1.475182e+02 6.933013e+00 -2.500000e-01
      vertex   1.503352e+02 6.933013e+00 -2.500000e-01
    endloop
  endfacet
  facet normal 0.000000e+00 7.933533e-01 6.087614e-01
    outer loop
      vertex   1.503352e+02 6.933013e+00 -2.500000e-01
      vertex   1.475182e+02 6.933013e+00 -2.500000e-01
      vertex   1.503352e+02 6.853553e+00 -1.464466e-01
    endloop
  endfacet
  facet normal -1.415341e-16 7.933533e-01 6.087614e-01
    outer loop
      vertex   1.503352e+02 6.933013e+00 -2.500000e-01
      vertex   1.503352e+02 6.853553e+00 -1.464466e-01
      vertex   1.531522e+02 6.853553e+00 -1.464466e-01
    endloop
  endfacet
  facet normal -5.123437e-17 6.087614e-01 7.933533e-01
    outer loop
      vertex   1.531522e+02 6.853553e+00 -1.464466e-01
      vertex   1.503352e+02 6.853553e+00 -1.464466e-01
      vertex   1.531522e+02 6.750000e+00 -6.698730e-02
    endloop
  endfacet
  facet normal 0.000000e+00 6.087614e-01 7.933533e-01
    outer loop
      vertex   1.531522e+02 6.853553e+00 -1.464466e-01
      vertex   1.531522e+02 6.750000e+00 -6.698730e-02
      vertex   1.559693e+02 6.750000e+00 -6.698730e-02
    endloop
  endfacet
  facet normal 0.000000e+00 3.826834e-01 9.238795e-01
    outer loop
      vertex   1.559693e+02 6.750000e+00 -6.698730e-02
      vertex   1.531522e+02 6.750000e+00 -6.698730e-02
      vertex   1.559693e+02 6.629410e+00 -1.703709e-02
    endloop
  endfacet
  facet normal 0.000000e+00 3.826834e-01 9.238795e-01
    outer loop
      vertex   1.559693e+02 6.750000e+00 -6.698730e-02
      vertex   1.559693e+02 6.629410e+00 -1.703709e-02
      vertex   1.587863e+02 6.629410e+00 -1.703709e-02
    endloop
  endfacet
  facet normal 0.000000e+00 1.305262e-01 9.914449e-01
    outer loop
      vertex   1.587863e+02 6.629410e+00 -1.703709e-02
      vertex   1.559693e+02 6.629410e+00 -1.703709e-02
      vertex   1.672374e+02 6.500000e+00 -4.996004e-15
    endloop
  endfacet
  facet normal 1.079636e-16 7.933533e-01 6.087614e-01
    outer loop
      vertex   1.503352e+02 6.853553e+00 -1.464466e-01
      vertex   1.475182e+02 6.933013e+00 -2.500000e-01
      vertex   1.475182e+02 6.853553e+00 -1.464466e-01
    endloop
  endfacet
  facet normal 1.019656e-16 7.933533e-01 6.087614e-01
    outer loop
      vertex   1.587863e+02 6.853553e+00 -1.464466e-01
      vertex   1.559693e+02 6.933013e+00 -2.500000e-01
      vertex   1.559693e+02 6.853553e+00 -1.464466e-01
    endloop
  endfacet
  facet normal 0.000000e+00 7.933533e-01 6.087614e-01
    outer loop
      vertex   1.559693e+02 6.853553e+00 -1.464466e-01
      vertex   1.559693e+02 6.933013e+00 -2.500000e-01
      vertex   1.531522e+02 6.933013e+00 -2.500000e-01
    endloop
  endfacet
  facet normal -0.000000e+00 6.087614e-01 7.933533e-01
    outer loop
      vertex   1.390670e+02 6.750000e+00 -6.698730e-02
      vertex   1.418841e+02 6.750000e+00 -6.698730e-02
      vertex   1.390670e+02 6.853553e+00 -1.464466e-01
    endloop
  endfacet
  facet normal -2.431696e-16 6.087614e-01 7.933533e-01
    outer loop
      vertex   1.390670e+02 6.853553e+00 -1.464466e-01
      vertex   1.418841e+02 6.750000e+00 -6.698730e-02
      vertex   1.418841e+02 6.853553e+00 -1.464466e-01
    endloop
  endfacet
  facet normal -3.923061e-16 7.933533e-01 6.087614e-01
    outer loop
      vertex   1.390670e+02 6.853553e+00 -1.464466e-01
      vertex   1.418841e+02 6.853553e+00 -1.464466e-01
      vertex   1.390670e+02 6.933013e+00 -2.500000e-01
    endloop
  endfacet
  facet normal -0.000000e+00 3.826834e-01 9.238795e-01
    outer loop
      vertex   1.390670e+02 6.629410e+00 -1.703709e-02
      vertex   1.418841e+02 6.629410e+00 -1.703709e-02
      vertex   1.390670e+02 6.750000e+00 -6.698730e-02
    endloop
  endfacet
  facet normal -0.000000e+00 3.826834e-01 9.238795e-01
    outer loop
      vertex   1.390670e+02 6.750000e+00 -6.698730e-02
      vertex   1.418841e+02 6.629410e+00 -1.703709e-02
      vertex   1.418841e+02 6.750000e+00 -6.698730e-02
    endloop
  endfacet
  facet normal 0.000000e+00 3.826834e-01 9.238795e-01
    outer loop
      vertex   1.475182e+02 6.629410e+00 -1.703709e-02
      vertex   1.447011e+02 6.750000e+00 -6.698730e-02
      vertex   1.447011e+02 6.629410e+00 -1.703709e-02
    endloop
  endfacet
  facet normal 1.407009e-16 6.087614e-01 7.933533e-01
    outer loop
      vertex   1.503352e+02 6.853553e+00 -1.464466e-01
      vertex   1.475182e+02 6.853553e+00 -1.464466e-01
      vertex   1.503352e+02 6.750000e+00 -6.698730e-02
    endloop
  endfacet
  facet normal 0.000000e+00 6.087614e-01 7.933533e-01
    outer loop
      vertex   1.503352e+02 6.750000e+00 -6.698730e-02
      vertex   1.475182e+02 6.853553e+00 -1.464466e-01
      vertex   1.475182e+02 6.750000e+00 -6.698730e-02
    endloop
  endfacet
  facet normal 0.000000e+00 3.826834e-01 9.238795e-01
    outer loop
      vertex   1.503352e+02 6.750000e+00 -6.698730e-02
      vertex   1.475182e+02 6.750000e+00 -6.698730e-02
      vertex   1.503352e+02 6.629410e+00 -1.703709e-02
    endloop
  endfacet
  facet normal 0.000000e+00 6.087614e-01 7.933533e-01
    outer loop
      vertex   1.503352e+02 6.853553e+00 -1.464466e-01
      vertex   1.503352e+02 6.750000e+00 -6.698730e-02
      vertex   1.531522e+02 6.750000e+00 -6.698730e-02
    endloop
  endfacet
  facet normal 0.000000e+00 3.826834e-01 9.238795e-01
    outer loop
      vertex   1.531522e+02 6.750000e+00 -6.698730e-02
      vertex   1.503352e+02 6.750000e+00 -6.698730e-02
      vertex   1.531522e+02 6.629410e+00 -1.703709e-02
    endloop
  endfacet
  facet normal 0.000000e+00 3.826834e-01 9.238795e-01
    outer loop
      vertex   1.531522e+02 6.750000e+00 -6.698730e-02
      vertex   1.531522e+02 6.629410e+00 -1.703709e-02
      vertex   1.559693e+02 6.629410e+00 -1.703709e-02
    endloop
  endfacet
  facet normal 0.000000e+00 1.305262e-01 9.914449e-01
    outer loop
      vertex   1.559693e+02 6.629410e+00 -1.703709e-02
      vertex   1.531522e+02 6.629410e+00 -1.703709e-02
      vertex   1.672374e+02 6.500000e+00 -4.996004e-15
    endloop
  endfacet
  facet normal 0.000000e+00 3.826834e-01 9.238795e-01
    outer loop
      vertex   1.531522e+02 6.629410e+00 -1.703709e-02
      vertex   1.503352e+02 6.750000e+00 -6.698730e-02
      vertex   1.503352e+02 6.629410e+00 -1.703709e-02
    endloop
  endfacet
  facet normal 1.328841e-16 6.087614e-01 7.933533e-01
    outer loop
      vertex   1.587863e+02 6.853553e+00 -1.464466e-01
      vertex   1.559693e+02 6.853553e+00 -1.464466e-01
      vertex   1.587863e+02 6.750000e+00 -6.698730e-02
    endloop
  endfacet
  facet normal 0.000000e+00 6.087614e-01 7.933533e-01
    outer loop
      vertex   1.587863e+02 6.853553e+00 -1.464466e-01
      vertex   1.587863e+02 6.750000e+00 -6.698730e-02
      vertex   1.616033e+02 6.750000e+00 -6.698730e-02
    endloop
  endfacet
  facet normal 0.000000e+00 3.826834e-01 9.238795e-01
    outer loop
      vertex   1.616033e+02 6.750000e+00 -6.698730e-02
      vertex   1.587863e+02 6.750000e+00 -6.698730e-02
      vertex   1.616033e+02 6.629410e+00 -1.703709e-02
    endloop
  endfacet
  facet normal 0.000000e+00 3.826834e-01 9.238795e-01
    outer loop
      vertex   1.616033e+02 6.750000e+00 -6.698730e-02
      vertex   1.616033e+02 6.629410e+00 -1.703709e-02
      vertex   1.644204e+02 6.629410e+00 -1.703709e-02
    endloop
  endfacet
  facet normal 0.000000e+00 1.790169e-01 9.838460e-01
    outer loop
      vertex   1.362548e+02 6.549009e+00 -2.407637e-03
      vertex   1.475182e+02 6.629410e+00 -1.703709e-02
      vertex   1.447011e+02 6.629410e+00 -1.703709e-02
    endloop
  endfacet
  facet normal 0.000000e+00 1.305262e-01 9.914449e-01
    outer loop
      vertex   1.672374e+02 6.500000e+00 -4.996004e-15
      vertex   1.531522e+02 6.629410e+00 -1.703709e-02
      vertex   1.503352e+02 6.629410e+00 -1.703709e-02
    endloop
  endfacet
  facet normal -8.589236e-02 9.909745e-01 -1.029173e-01
    outer loop
      vertex   1.401465e+02 6.982963e+00 -4.577646e+00
      vertex   1.402500e+02 7.000000e+00 -4.500000e+00
      vertex   1.401921e+02 6.982963e+00 -4.615747e+00
    endloop
  endfacet
  facet normal -3.079844e-02 9.909745e-01 -1.304643e-01
    outer loop
      vertex   1.401921e+02 6.982963e+00 -4.615747e+00
      vertex   1.402500e+02 7.000000e+00 -4.500000e+00
      vertex   1.402500e+02 6.982963e+00 -4.629410e+00
    endloop
  endfacet
  facet normal -8.997291e-02 9.201325e-01 -3.811313e-01
    outer loop
      vertex   1.401921e+02 6.982963e+00 -4.615747e+00
      vertex   1.402500e+02 6.982963e+00 -4.629410e+00
      vertex   1.401382e+02 6.933013e+00 -4.723607e+00
    endloop
  endfacet
  facet normal -8.997291e-02 9.201325e-01 -3.811313e-01
    outer loop
      vertex   1.401382e+02 6.933013e+00 -4.723607e+00
      vertex   1.402500e+02 6.982963e+00 -4.629410e+00
      vertex   1.402500e+02 6.933013e+00 -4.750000e+00
    endloop
  endfacet
  facet normal -1.088346e-01 8.806847e-01 -4.610308e-01
    outer loop
      vertex   1.401382e+02 6.933013e+00 -4.723607e+00
      vertex   1.402500e+02 6.933013e+00 -4.750000e+00
      vertex   1.402426e+02 6.925964e+00 -4.761727e+00
    endloop
  endfacet
  facet normal 2.054058e-01 7.764366e-01 -5.957807e-01
    outer loop
      vertex   1.402426e+02 6.925964e+00 -4.761727e+00
      vertex   1.402500e+02 6.933013e+00 -4.750000e+00
      vertex   1.402500e+02 6.853553e+00 -4.853553e+00
    endloop
  endfacet
  facet normal -6.871116e-02 7.806915e-01 -6.211277e-01
    outer loop
      vertex   1.402426e+02 6.925964e+00 -4.761727e+00
      vertex   1.402500e+02 6.853553e+00 -4.853553e+00
      vertex   1.402089e+02 6.845657e+00 -4.858929e+00
    endloop
  endfacet
  facet normal -1.318943e-02 6.087085e-01 -7.932843e-01
    outer loop
      vertex   1.402089e+02 6.845657e+00 -4.858929e+00
      vertex   1.402500e+02 6.853553e+00 -4.853553e+00
      vertex   1.402500e+02 6.750000e+00 -4.933013e+00
    endloop
  endfacet
  facet normal -8.191800e-02 5.880014e-01 -8.047011e-01
    outer loop
      vertex   1.402089e+02 6.845657e+00 -4.858929e+00
      vertex   1.402500e+02 6.750000e+00 -4.933013e+00
      vertex   1.401779e+02 6.741795e+00 -4.931670e+00
    endloop
  endfacet
  facet normal -6.065391e-02 3.819789e-01 -9.221785e-01
    outer loop
      vertex   1.401779e+02 6.741795e+00 -4.931670e+00
      vertex   1.402500e+02 6.750000e+00 -4.933013e+00
      vertex   1.402500e+02 6.629410e+00 -4.982963e+00
    endloop
  endfacet
  facet normal -1.043108e-01 3.567906e-01 -9.283425e-01
    outer loop
      vertex   1.401779e+02 6.741795e+00 -4.931670e+00
      vertex   1.402500e+02 6.629410e+00 -4.982963e+00
      vertex   1.401519e+02 6.621454e+00 -4.974994e+00
    endloop
  endfacet
  facet normal -9.071630e-02 1.299880e-01 -9.873569e-01
    outer loop
      vertex   1.401519e+02 6.621454e+00 -4.974994e+00
      vertex   1.402500e+02 6.629410e+00 -4.982963e+00
      vertex   1.402500e+02 6.500000e+00 -5.000000e+00
    endloop
  endfacet
  facet normal -1.149458e-01 1.103837e-01 -9.872198e-01
    outer loop
      vertex   1.401519e+02 6.621454e+00 -4.974994e+00
      vertex   1.402500e+02 6.500000e+00 -5.000000e+00
      vertex   1.401351e+02 6.500000e+00 -4.986624e+00
    endloop
  endfacet
  facet normal -3.316709e-01 1.351413e-01 -9.336655e-01
    outer loop
      vertex   1.401519e+02 6.621454e+00 -4.974994e+00
      vertex   1.401351e+02 6.500000e+00 -4.986624e+00
      vertex   1.400340e+02 6.629410e+00 -4.931975e+00
    endloop
  endfacet
  facet normal -3.378931e-01 1.296651e-01 -9.322099e-01
    outer loop
      vertex   1.400340e+02 6.629410e+00 -4.931975e+00
      vertex   1.401351e+02 6.500000e+00 -4.986624e+00
      vertex   1.400264e+02 6.500000e+00 -4.947214e+00
    endloop
  endfacet
  facet normal -5.430320e-01 1.296651e-01 -8.296404e-01
    outer loop
      vertex   1.400340e+02 6.629410e+00 -4.931975e+00
      vertex   1.400264e+02 6.500000e+00 -4.947214e+00
      vertex   1.399296e+02 6.500000e+00 -4.883876e+00
    endloop
  endfacet
  facet normal -5.479298e-01 1.351413e-01 -8.255360e-01
    outer loop
      vertex   1.400340e+02 6.629410e+00 -4.931975e+00
      vertex   1.399296e+02 6.500000e+00 -4.883876e+00
      vertex   1.399289e+02 6.621454e+00 -4.863499e+00
    endloop
  endfacet
  facet normal -7.208084e-01 1.103837e-01 -6.842885e-01
    outer loop
      vertex   1.399289e+02 6.621454e+00 -4.863499e+00
      vertex   1.399296e+02 6.500000e+00 -4.883876e+00
      vertex   1.398500e+02 6.500000e+00 -4.800000e+00
    endloop
  endfacet
  facet normal -7.354557e-01 1.299880e-01 -6.649872e-01
    outer loop
      vertex   1.399289e+02 6.621454e+00 -4.863499e+00
      vertex   1.398500e+02 6.500000e+00 -4.800000e+00
      vertex   1.398636e+02 6.629410e+00 -4.789778e+00
    endloop
  endfacet
  facet normal -6.800875e-01 3.567906e-01 -6.404541e-01
    outer loop
      vertex   1.399289e+02 6.621454e+00 -4.863499e+00
      vertex   1.398636e+02 6.629410e+00 -4.789778e+00
      vertex   1.399479e+02 6.741795e+00 -4.816669e+00
    endloop
  endfacet
  facet normal -7.013505e-01 3.819789e-01 -6.018303e-01
    outer loop
      vertex   1.399479e+02 6.741795e+00 -4.816669e+00
      vertex   1.398636e+02 6.629410e+00 -4.789778e+00
      vertex   1.399036e+02 6.750000e+00 -4.759808e+00
    endloop
  endfacet
  facet normal -5.946101e-01 5.880014e-01 -5.483551e-01
    outer loop
      vertex   1.399479e+02 6.741795e+00 -4.816669e+00
      vertex   1.399036e+02 6.750000e+00 -4.759808e+00
      vertex   1.399875e+02 6.845657e+00 -4.748259e+00
    endloop
  endfacet
  facet normal -6.267138e-01 6.087085e-01 -4.865221e-01
    outer loop
      vertex   1.399875e+02 6.845657e+00 -4.748259e+00
      vertex   1.399036e+02 6.750000e+00 -4.759808e+00
      vertex   1.399672e+02 6.853553e+00 -4.712132e+00
    endloop
  endfacet
  facet normal -4.556755e-01 7.806915e-01 -4.276455e-01
    outer loop
      vertex   1.399875e+02 6.845657e+00 -4.748259e+00
      vertex   1.399672e+02 6.853553e+00 -4.712132e+00
      vertex   1.400450e+02 6.925964e+00 -4.662930e+00
    endloop
  endfacet
  facet normal -5.998681e-01 7.764366e-01 -1.931438e-01
    outer loop
      vertex   1.400450e+02 6.925964e+00 -4.662930e+00
      vertex   1.399672e+02 6.853553e+00 -4.712132e+00
      vertex   1.400500e+02 6.933013e+00 -4.650000e+00
    endloop
  endfacet
  facet normal -3.035239e-01 8.806847e-01 -3.636862e-01
    outer loop
      vertex   1.400450e+02 6.925964e+00 -4.662930e+00
      vertex   1.400500e+02 6.933013e+00 -4.650000e+00
      vertex   1.401382e+02 6.933013e+00 -4.723607e+00
    endloop
  endfacet
  facet normal -2.509213e-01 9.201325e-01 -3.006571e-01
    outer loop
      vertex   1.401382e+02 6.933013e+00 -4.723607e+00
      vertex   1.400500e+02 6.933013e+00 -4.650000e+00
      vertex   1.401465e+02 6.982963e+00 -4.577646e+00
    endloop
  endfacet
  facet normal -2.509213e-01 9.201325e-01 -3.006571e-01
    outer loop
      vertex   1.401382e+02 6.933013e+00 -4.723607e+00
      vertex   1.401465e+02 6.982963e+00 -4.577646e+00
      vertex   1.401921e+02 6.982963e+00 -4.615747e+00
    endloop
  endfacet
  facet normal -2.945181e-01 3.794954e-01 -8.770646e-01
    outer loop
      vertex   1.401779e+02 6.741795e+00 -4.931670e+00
      vertex   1.401519e+02 6.621454e+00 -4.974994e+00
      vertex   1.400564e+02 6.750000e+00 -4.887298e+00
    endloop
  endfacet
  facet normal -2.945181e-01 3.794954e-01 -8.770646e-01
    outer loop
      vertex   1.400564e+02 6.750000e+00 -4.887298e+00
      vertex   1.401519e+02 6.621454e+00 -4.974994e+00
      vertex   1.400340e+02 6.629410e+00 -4.931975e+00
    endloop
  endfacet
  facet normal -5.249409e-01 3.794954e-01 -7.618532e-01
    outer loop
      vertex   1.400564e+02 6.750000e+00 -4.887298e+00
      vertex   1.400340e+02 6.629410e+00 -4.931975e+00
      vertex   1.399479e+02 6.741795e+00 -4.816669e+00
    endloop
  endfacet
  facet normal -5.249409e-01 3.794954e-01 -7.618532e-01
    outer loop
      vertex   1.399479e+02 6.741795e+00 -4.816669e+00
      vertex   1.400340e+02 6.629410e+00 -4.931975e+00
      vertex   1.399289e+02 6.621454e+00 -4.863499e+00
    endloop
  endfacet
  facet normal -2.370653e-01 6.037264e-01 -7.611271e-01
    outer loop
      vertex   1.402089e+02 6.845657e+00 -4.858929e+00
      vertex   1.401779e+02 6.741795e+00 -4.931670e+00
      vertex   1.400919e+02 6.853553e+00 -4.816228e+00
    endloop
  endfacet
  facet normal -2.370653e-01 6.037264e-01 -7.611271e-01
    outer loop
      vertex   1.400919e+02 6.853553e+00 -4.816228e+00
      vertex   1.401779e+02 6.741795e+00 -4.931670e+00
      vertex   1.400564e+02 6.750000e+00 -4.887298e+00
    endloop
  endfacet
  facet normal -4.666625e-01 6.037264e-01 -6.463285e-01
    outer loop
      vertex   1.400919e+02 6.853553e+00 -4.816228e+00
      vertex   1.400564e+02 6.750000e+00 -4.887298e+00
      vertex   1.399875e+02 6.845657e+00 -4.748259e+00
    endloop
  endfacet
  facet normal -4.666625e-01 6.037264e-01 -6.463285e-01
    outer loop
      vertex   1.399875e+02 6.845657e+00 -4.748259e+00
      vertex   1.400564e+02 6.750000e+00 -4.887298e+00
      vertex   1.399479e+02 6.741795e+00 -4.816669e+00
    endloop
  endfacet
  facet normal -1.636258e-01 7.876904e-01 -5.939448e-01
    outer loop
      vertex   1.402426e+02 6.925964e+00 -4.761727e+00
      vertex   1.402089e+02 6.845657e+00 -4.858929e+00
      vertex   1.401382e+02 6.933013e+00 -4.723607e+00
    endloop
  endfacet
  facet normal -1.636258e-01 7.876904e-01 -5.939448e-01
    outer loop
      vertex   1.401382e+02 6.933013e+00 -4.723607e+00
      vertex   1.402089e+02 6.845657e+00 -4.858929e+00
      vertex   1.400919e+02 6.853553e+00 -4.816228e+00
    endloop
  endfacet
  facet normal -3.769804e-01 7.876904e-01 -4.872675e-01
    outer loop
      vertex   1.401382e+02 6.933013e+00 -4.723607e+00
      vertex   1.400919e+02 6.853553e+00 -4.816228e+00
      vertex   1.400450e+02 6.925964e+00 -4.662930e+00
    endloop
  endfacet
  facet normal -3.769804e-01 7.876904e-01 -4.872675e-01
    outer loop
      vertex   1.400450e+02 6.925964e+00 -4.662930e+00
      vertex   1.400919e+02 6.853553e+00 -4.816228e+00
      vertex   1.399875e+02 6.845657e+00 -4.748259e+00
    endloop
  endfacet
  facet normal 7.208084e-01 -1.103837e-01 -6.842885e-01
    outer loop
      vertex   9.507037e+01 5.000000e-01 -4.883876e+00
      vertex   9.515000e+01 5.000000e-01 -4.800000e+00
      vertex   9.507112e+01 3.785457e-01 -4.863499e+00
    endloop
  endfacet
  facet normal 7.354557e-01 -1.299880e-01 -6.649872e-01
    outer loop
      vertex   9.507112e+01 3.785457e-01 -4.863499e+00
      vertex   9.515000e+01 5.000000e-01 -4.800000e+00
      vertex   9.513637e+01 3.705905e-01 -4.789778e+00
    endloop
  endfacet
  facet normal 6.800875e-01 -3.567906e-01 -6.404541e-01
    outer loop
      vertex   9.507112e+01 3.785457e-01 -4.863499e+00
      vertex   9.513637e+01 3.705905e-01 -4.789778e+00
      vertex   9.505209e+01 2.582054e-01 -4.816669e+00
    endloop
  endfacet
  facet normal 7.013505e-01 -3.819789e-01 -6.018303e-01
    outer loop
      vertex   9.505209e+01 2.582054e-01 -4.816669e+00
      vertex   9.513637e+01 3.705905e-01 -4.789778e+00
      vertex   9.509641e+01 2.500000e-01 -4.759808e+00
    endloop
  endfacet
  facet normal 5.946101e-01 -5.880014e-01 -5.483551e-01
    outer loop
      vertex   9.505209e+01 2.582054e-01 -4.816669e+00
      vertex   9.509641e+01 2.500000e-01 -4.759808e+00
      vertex   9.501247e+01 1.543429e-01 -4.748259e+00
    endloop
  endfacet
  facet normal 6.267138e-01 -6.087085e-01 -4.865221e-01
    outer loop
      vertex   9.501247e+01 1.543429e-01 -4.748259e+00
      vertex   9.509641e+01 2.500000e-01 -4.759808e+00
      vertex   9.503284e+01 1.464466e-01 -4.712132e+00
    endloop
  endfacet
  facet normal 4.556755e-01 -7.806915e-01 -4.276455e-01
    outer loop
      vertex   9.501247e+01 1.543429e-01 -4.748259e+00
      vertex   9.503284e+01 1.464466e-01 -4.712132e+00
      vertex   9.495496e+01 7.403649e-02 -4.662930e+00
    endloop
  endfacet
  facet normal 5.998681e-01 -7.764366e-01 -1.931438e-01
    outer loop
      vertex   9.495496e+01 7.403649e-02 -4.662930e+00
      vertex   9.503284e+01 1.464466e-01 -4.712132e+00
      vertex   9.495000e+01 6.698730e-02 -4.650000e+00
    endloop
  endfacet
  facet normal 3.035239e-01 -8.806847e-01 -3.636862e-01
    outer loop
      vertex   9.495496e+01 7.403649e-02 -4.662930e+00
      vertex   9.495000e+01 6.698730e-02 -4.650000e+00
      vertex   9.486180e+01 6.698730e-02 -4.723607e+00
    endloop
  endfacet
  facet normal 2.509213e-01 -9.201325e-01 -3.006571e-01
    outer loop
      vertex   9.486180e+01 6.698730e-02 -4.723607e+00
      vertex   9.495000e+01 6.698730e-02 -4.650000e+00
      vertex   9.485353e+01 1.703709e-02 -4.577646e+00
    endloop
  endfacet
  facet normal 2.509213e-01 -9.201325e-01 -3.006571e-01
    outer loop
      vertex   9.486180e+01 6.698730e-02 -4.723607e+00
      vertex   9.485353e+01 1.703709e-02 -4.577646e+00
      vertex   9.480787e+01 1.703709e-02 -4.615747e+00
    endloop
  endfacet
  facet normal 8.589236e-02 -9.909745e-01 -1.029173e-01
    outer loop
      vertex   9.480787e+01 1.703709e-02 -4.615747e+00
      vertex   9.485353e+01 1.703709e-02 -4.577646e+00
      vertex   9.475000e+01 0.000000e+00 -4.500000e+00
    endloop
  endfacet
  facet normal 3.079844e-02 -9.909745e-01 -1.304643e-01
    outer loop
      vertex   9.480787e+01 1.703709e-02 -4.615747e+00
      vertex   9.475000e+01 0.000000e+00 -4.500000e+00
      vertex   9.475000e+01 1.703709e-02 -4.629410e+00
    endloop
  endfacet
  facet normal 8.997291e-02 -9.201325e-01 -3.811313e-01
    outer loop
      vertex   9.480787e+01 1.703709e-02 -4.615747e+00
      vertex   9.475000e+01 1.703709e-02 -4.629410e+00
      vertex   9.486180e+01 6.698730e-02 -4.723607e+00
    endloop
  endfacet
  facet normal 8.997291e-02 -9.201325e-01 -3.811313e-01
    outer loop
      vertex   9.486180e+01 6.698730e-02 -4.723607e+00
      vertex   9.475000e+01 1.703709e-02 -4.629410e+00
      vertex   9.475000e+01 6.698730e-02 -4.750000e+00
    endloop
  endfacet
  facet normal 1.088346e-01 -8.806847e-01 -4.610308e-01
    outer loop
      vertex   9.486180e+01 6.698730e-02 -4.723607e+00
      vertex   9.475000e+01 6.698730e-02 -4.750000e+00
      vertex   9.475737e+01 7.403649e-02 -4.761727e+00
    endloop
  endfacet
  facet normal -2.054058e-01 -7.764366e-01 -5.957807e-01
    outer loop
      vertex   9.475737e+01 7.403649e-02 -4.761727e+00
      vertex   9.475000e+01 6.698730e-02 -4.750000e+00
      vertex   9.475000e+01 1.464466e-01 -4.853553e+00
    endloop
  endfacet
  facet normal 6.871116e-02 -7.806915e-01 -6.211277e-01
    outer loop
      vertex   9.475737e+01 7.403649e-02 -4.761727e+00
      vertex   9.475000e+01 1.464466e-01 -4.853553e+00
      vertex   9.479113e+01 1.543429e-01 -4.858929e+00
    endloop
  endfacet
  facet normal 1.318943e-02 -6.087085e-01 -7.932843e-01
    outer loop
      vertex   9.479113e+01 1.543429e-01 -4.858929e+00
      vertex   9.475000e+01 1.464466e-01 -4.853553e+00
      vertex   9.475000e+01 2.500000e-01 -4.933013e+00
    endloop
  endfacet
  facet normal 8.191800e-02 -5.880014e-01 -8.047011e-01
    outer loop
      vertex   9.479113e+01 1.543429e-01 -4.858929e+00
      vertex   9.475000e+01 2.500000e-01 -4.933013e+00
      vertex   9.482208e+01 2.582054e-01 -4.931670e+00
    endloop
  endfacet
  facet normal 6.065391e-02 -3.819789e-01 -9.221785e-01
    outer loop
      vertex   9.482208e+01 2.582054e-01 -4.931670e+00
      vertex   9.475000e+01 2.500000e-01 -4.933013e+00
      vertex   9.475000e+01 3.705905e-01 -4.982963e+00
    endloop
  endfacet
  facet normal 1.043108e-01 -3.567906e-01 -9.283425e-01
    outer loop
      vertex   9.482208e+01 2.582054e-01 -4.931670e+00
      vertex   9.475000e+01 3.705905e-01 -4.982963e+00
      vertex   9.484813e+01 3.785457e-01 -4.974994e+00
    endloop
  endfacet
  facet normal 9.071630e-02 -1.299880e-01 -9.873569e-01
    outer loop
      vertex   9.484813e+01 3.785457e-01 -4.974994e+00
      vertex   9.475000e+01 3.705905e-01 -4.982963e+00
      vertex   9.475000e+01 5.000000e-01 -5.000000e+00
    endloop
  endfacet
  facet normal 1.149458e-01 -1.103837e-01 -9.872198e-01
    outer loop
      vertex   9.484813e+01 3.785457e-01 -4.974994e+00
      vertex   9.475000e+01 5.000000e-01 -5.000000e+00
      vertex   9.486488e+01 5.000000e-01 -4.986624e+00
    endloop
  endfacet
  facet normal 3.316709e-01 -1.351413e-01 -9.336655e-01
    outer loop
      vertex   9.484813e+01 3.785457e-01 -4.974994e+00
      vertex   9.486488e+01 5.000000e-01 -4.986624e+00
      vertex   9.496599e+01 3.705905e-01 -4.931975e+00
    endloop
  endfacet
  facet normal 3.378931e-01 -1.296651e-01 -9.322099e-01
    outer loop
      vertex   9.496599e+01 3.705905e-01 -4.931975e+00
      vertex   9.486488e+01 5.000000e-01 -4.986624e+00
      vertex   9.497361e+01 5.000000e-01 -4.947214e+00
    endloop
  endfacet
  facet normal 5.430320e-01 -1.296651e-01 -8.296404e-01
    outer loop
      vertex   9.496599e+01 3.705905e-01 -4.931975e+00
      vertex   9.497361e+01 5.000000e-01 -4.947214e+00
      vertex   9.507037e+01 5.000000e-01 -4.883876e+00
    endloop
  endfacet
  facet normal 5.479298e-01 -1.351413e-01 -8.255360e-01
    outer loop
      vertex   9.496599e+01 3.705905e-01 -4.931975e+00
      vertex   9.507037e+01 5.000000e-01 -4.883876e+00
      vertex   9.507112e+01 3.785457e-01 -4.863499e+00
    endloop
  endfacet
  facet normal 3.769804e-01 -7.876904e-01 -4.872675e-01
    outer loop
      vertex   9.501247e+01 1.543429e-01 -4.748259e+00
      vertex   9.495496e+01 7.403649e-02 -4.662930e+00
      vertex   9.490811e+01 1.464466e-01 -4.816228e+00
    endloop
  endfacet
  facet normal 3.769804e-01 -7.876904e-01 -4.872675e-01
    outer loop
      vertex   9.490811e+01 1.464466e-01 -4.816228e+00
      vertex   9.495496e+01 7.403649e-02 -4.662930e+00
      vertex   9.486180e+01 6.698730e-02 -4.723607e+00
    endloop
  endfacet
  facet normal 1.636258e-01 -7.876904e-01 -5.939448e-01
    outer loop
      vertex   9.490811e+01 1.464466e-01 -4.816228e+00
      vertex   9.486180e+01 6.698730e-02 -4.723607e+00
      vertex   9.479113e+01 1.543429e-01 -4.858929e+00
    endloop
  endfacet
  facet normal 1.636258e-01 -7.876904e-01 -5.939448e-01
    outer loop
      vertex   9.479113e+01 1.543429e-01 -4.858929e+00
      vertex   9.486180e+01 6.698730e-02 -4.723607e+00
      vertex   9.475737e+01 7.403649e-02 -4.761727e+00
    endloop
  endfacet
  facet normal 5.249409e-01 -3.794954e-01 -7.618532e-01
    outer loop
      vertex   9.496599e+01 3.705905e-01 -4.931975e+00
      vertex   9.507112e+01 3.785457e-01 -4.863499e+00
      vertex   9.505209e+01 2.582054e-01 -4.816669e+00
    endloop
  endfacet
  facet normal 4.666625e-01 -6.037264e-01 -6.463285e-01
    outer loop
      vertex   9.505209e+01 2.582054e-01 -4.816669e+00
      vertex   9.501247e+01 1.543429e-01 -4.748259e+00
      vertex   9.494365e+01 2.500000e-01 -4.887298e+00
    endloop
  endfacet
  facet normal 4.666625e-01 -6.037264e-01 -6.463285e-01
    outer loop
      vertex   9.494365e+01 2.500000e-01 -4.887298e+00
      vertex   9.501247e+01 1.543429e-01 -4.748259e+00
      vertex   9.490811e+01 1.464466e-01 -4.816228e+00
    endloop
  endfacet
  facet normal 2.370653e-01 -6.037264e-01 -7.611271e-01
    outer loop
      vertex   9.494365e+01 2.500000e-01 -4.887298e+00
      vertex   9.490811e+01 1.464466e-01 -4.816228e+00
      vertex   9.482208e+01 2.582054e-01 -4.931670e+00
    endloop
  endfacet
  facet normal 2.370653e-01 -6.037264e-01 -7.611271e-01
    outer loop
      vertex   9.482208e+01 2.582054e-01 -4.931670e+00
      vertex   9.490811e+01 1.464466e-01 -4.816228e+00
      vertex   9.479113e+01 1.543429e-01 -4.858929e+00
    endloop
  endfacet
  facet normal 2.945181e-01 -3.794954e-01 -8.770646e-01
    outer loop
      vertex   9.484813e+01 3.785457e-01 -4.974994e+00
      vertex   9.496599e+01 3.705905e-01 -4.931975e+00
      vertex   9.494365e+01 2.500000e-01 -4.887298e+00
    endloop
  endfacet
  facet normal 5.249409e-01 -3.794954e-01 -7.618532e-01
    outer loop
      vertex   9.494365e+01 2.500000e-01 -4.887298e+00
      vertex   9.496599e+01 3.705905e-01 -4.931975e+00
      vertex   9.505209e+01 2.582054e-01 -4.816669e+00
    endloop
  endfacet
  facet normal 2.945181e-01 -3.794954e-01 -8.770646e-01
    outer loop
      vertex   9.484813e+01 3.785457e-01 -4.974994e+00
      vertex   9.494365e+01 2.500000e-01 -4.887298e+00
      vertex   9.482208e+01 2.582054e-01 -4.931670e+00
    endloop
  endfacet
  facet normal 0.000000e+00 -9.914449e-01 -1.305262e-01
    outer loop
      vertex   7.515592e+01 1.703709e-02 -4.629410e+00
      vertex   7.795507e+01 1.703709e-02 -4.629410e+00
      vertex   7.515592e+01 0.000000e+00 -4.500000e+00
    endloop
  endfacet
  facet normal 2.492671e-17 -9.914449e-01 -1.305262e-01
    outer loop
      vertex   7.515592e+01 0.000000e+00 -4.500000e+00
      vertex   7.795507e+01 1.703709e-02 -4.629410e+00
      vertex   8.075423e+01 1.703709e-02 -4.629410e+00
    endloop
  endfacet
  facet normal 0.000000e+00 -9.914449e-01 -1.305262e-01
    outer loop
      vertex   7.515592e+01 0.000000e+00 -4.500000e+00
      vertex   8.075423e+01 1.703709e-02 -4.629410e+00
      vertex   8.355338e+01 1.703709e-02 -4.629410e+00
    endloop
  endfacet
  facet normal -0.000000e+00 -9.238795e-01 -3.826834e-01
    outer loop
      vertex   8.355338e+01 1.703709e-02 -4.629410e+00
      vertex   8.075423e+01 1.703709e-02 -4.629410e+00
      vertex   8.355338e+01 6.698730e-02 -4.750000e+00
    endloop
  endfacet
  facet normal -2.136575e-17 -9.238795e-01 -3.826834e-01
    outer loop
      vertex   8.355338e+01 1.703709e-02 -4.629410e+00
      vertex   8.355338e+01 6.698730e-02 -4.750000e+00
      vertex   8.635254e+01 6.698730e-02 -4.750000e+00
    endloop
  endfacet
  facet normal -1.966663e-17 -7.933533e-01 -6.087614e-01
    outer loop
      vertex   8.635254e+01 6.698730e-02 -4.750000e+00
      vertex   8.355338e+01 6.698730e-02 -4.750000e+00
      vertex   8.635254e+01 1.464466e-01 -4.853553e+00
    endloop
  endfacet
  facet normal 0.000000e+00 -7.933533e-01 -6.087614e-01
    outer loop
      vertex   8.635254e+01 6.698730e-02 -4.750000e+00
      vertex   8.635254e+01 1.464466e-01 -4.853553e+00
      vertex   8.915169e+01 1.464466e-01 -4.853553e+00
    endloop
  endfacet
  facet normal -0.000000e+00 -6.087614e-01 -7.933533e-01
    outer loop
      vertex   8.915169e+01 1.464466e-01 -4.853553e+00
      vertex   8.635254e+01 1.464466e-01 -4.853553e+00
      vertex   8.915169e+01 2.500000e-01 -4.933013e+00
    endloop
  endfacet
  facet normal 0.000000e+00 -6.087614e-01 -7.933533e-01
    outer loop
      vertex   8.915169e+01 1.464466e-01 -4.853553e+00
      vertex   8.915169e+01 2.500000e-01 -4.933013e+00
      vertex   9.195085e+01 2.500000e-01 -4.933013e+00
    endloop
  endfacet
  facet normal -0.000000e+00 -3.826834e-01 -9.238795e-01
    outer loop
      vertex   9.195085e+01 2.500000e-01 -4.933013e+00
      vertex   8.915169e+01 2.500000e-01 -4.933013e+00
      vertex   9.195085e+01 3.705905e-01 -4.982963e+00
    endloop
  endfacet
  facet normal 3.157383e-16 -3.826834e-01 -9.238795e-01
    outer loop
      vertex   9.195085e+01 2.500000e-01 -4.933013e+00
      vertex   9.195085e+01 3.705905e-01 -4.982963e+00
      vertex   9.475000e+01 3.705905e-01 -4.982963e+00
    endloop
  endfacet
  facet normal 3.223533e-16 -1.305262e-01 -9.914449e-01
    outer loop
      vertex   9.475000e+01 3.705905e-01 -4.982963e+00
      vertex   9.195085e+01 3.705905e-01 -4.982963e+00
      vertex   9.475000e+01 5.000000e-01 -5.000000e+00
    endloop
  endfacet
  facet normal 0.000000e+00 -1.305262e-01 -9.914449e-01
    outer loop
      vertex   9.475000e+01 5.000000e-01 -5.000000e+00
      vertex   9.195085e+01 3.705905e-01 -4.982963e+00
      vertex   8.915169e+01 3.705905e-01 -4.982963e+00
    endloop
  endfacet
  facet normal 0.000000e+00 -1.305262e-01 -9.914449e-01
    outer loop
      vertex   9.475000e+01 5.000000e-01 -5.000000e+00
      vertex   8.915169e+01 3.705905e-01 -4.982963e+00
      vertex   8.635254e+01 3.705905e-01 -4.982963e+00
    endloop
  endfacet
  facet normal 0.000000e+00 -3.826834e-01 -9.238795e-01
    outer loop
      vertex   8.635254e+01 3.705905e-01 -4.982963e+00
      vertex   8.915169e+01 3.705905e-01 -4.982963e+00
      vertex   8.635254e+01 2.500000e-01 -4.933013e+00
    endloop
  endfacet
  facet normal 1.186986e-17 -3.826834e-01 -9.238795e-01
    outer loop
      vertex   8.635254e+01 3.705905e-01 -4.982963e+00
      vertex   8.635254e+01 2.500000e-01 -4.933013e+00
      vertex   8.355338e+01 2.500000e-01 -4.933013e+00
    endloop
  endfacet
  facet normal 1.810888e-17 -6.087614e-01 -7.933533e-01
    outer loop
      vertex   8.355338e+01 2.500000e-01 -4.933013e+00
      vertex   8.635254e+01 2.500000e-01 -4.933013e+00
      vertex   8.355338e+01 1.464466e-01 -4.853553e+00
    endloop
  endfacet
  facet normal 0.000000e+00 -6.087614e-01 -7.933533e-01
    outer loop
      vertex   8.355338e+01 2.500000e-01 -4.933013e+00
      vertex   8.355338e+01 1.464466e-01 -4.853553e+00
      vertex   8.075423e+01 1.464466e-01 -4.853553e+00
    endloop
  endfacet
  facet normal 0.000000e+00 -7.933533e-01 -6.087614e-01
    outer loop
      vertex   8.075423e+01 1.464466e-01 -4.853553e+00
      vertex   8.355338e+01 1.464466e-01 -4.853553e+00
      vertex   8.075423e+01 6.698730e-02 -4.750000e+00
    endloop
  endfacet
  facet normal 0.000000e+00 -7.933533e-01 -6.087614e-01
    outer loop
      vertex   8.075423e+01 1.464466e-01 -4.853553e+00
      vertex   8.075423e+01 6.698730e-02 -4.750000e+00
      vertex   7.795507e+01 6.698730e-02 -4.750000e+00
    endloop
  endfacet
  facet normal 0.000000e+00 -9.238795e-01 -3.826834e-01
    outer loop
      vertex   7.795507e+01 6.698730e-02 -4.750000e+00
      vertex   8.075423e+01 6.698730e-02 -4.750000e+00
      vertex   7.795507e+01 1.703709e-02 -4.629410e+00
    endloop
  endfacet
  facet normal 0.000000e+00 -9.238795e-01 -3.826834e-01
    outer loop
      vertex   7.795507e+01 6.698730e-02 -4.750000e+00
      vertex   7.795507e+01 1.703709e-02 -4.629410e+00
      vertex   7.515592e+01 1.703709e-02 -4.629410e+00
    endloop
  endfacet
  facet normal 4.510548e-17 -9.238795e-01 -3.826834e-01
    outer loop
      vertex   7.515592e+01 1.703709e-02 -4.629410e+00
      vertex   7.515592e+01 6.698730e-02 -4.750000e+00
      vertex   7.795507e+01 6.698730e-02 -4.750000e+00
    endloop
  endfacet
  facet normal 3.933326e-17 -7.933533e-01 -6.087614e-01
    outer loop
      vertex   7.795507e+01 6.698730e-02 -4.750000e+00
      vertex   7.515592e+01 6.698730e-02 -4.750000e+00
      vertex   7.795507e+01 1.464466e-01 -4.853553e+00
    endloop
  endfacet
  facet normal 0.000000e+00 -7.933533e-01 -6.087614e-01
    outer loop
      vertex   7.795507e+01 6.698730e-02 -4.750000e+00
      vertex   7.795507e+01 1.464466e-01 -4.853553e+00
      vertex   8.075423e+01 1.464466e-01 -4.853553e+00
    endloop
  endfacet
  facet normal -0.000000e+00 -6.087614e-01 -7.933533e-01
    outer loop
      vertex   8.075423e+01 1.464466e-01 -4.853553e+00
      vertex   7.795507e+01 1.464466e-01 -4.853553e+00
      vertex   8.075423e+01 2.500000e-01 -4.933013e+00
    endloop
  endfacet
  facet normal 0.000000e+00 -6.087614e-01 -7.933533e-01
    outer loop
      vertex   8.075423e+01 1.464466e-01 -4.853553e+00
      vertex   8.075423e+01 2.500000e-01 -4.933013e+00
      vertex   8.355338e+01 2.500000e-01 -4.933013e+00
    endloop
  endfacet
  facet normal -0.000000e+00 -3.826834e-01 -9.238795e-01
    outer loop
      vertex   8.355338e+01 2.500000e-01 -4.933013e+00
      vertex   8.075423e+01 2.500000e-01 -4.933013e+00
      vertex   8.355338e+01 3.705905e-01 -4.982963e+00
    endloop
  endfacet
  facet normal 7.121917e-18 -3.826834e-01 -9.238795e-01
    outer loop
      vertex   8.355338e+01 2.500000e-01 -4.933013e+00
      vertex   8.355338e+01 3.705905e-01 -4.982963e+00
      vertex   8.635254e+01 3.705905e-01 -4.982963e+00
    endloop
  endfacet
  facet normal 2.588517e-18 -1.305262e-01 -9.914449e-01
    outer loop
      vertex   8.635254e+01 3.705905e-01 -4.982963e+00
      vertex   8.355338e+01 3.705905e-01 -4.982963e+00
      vertex   9.475000e+01 5.000000e-01 -5.000000e+00
    endloop
  endfacet
  facet normal -2.373972e-17 -7.933533e-01 -6.087614e-01
    outer loop
      vertex   7.515592e+01 6.698730e-02 -4.750000e+00
      vertex   7.515592e+01 1.464466e-01 -4.853553e+00
      vertex   7.795507e+01 1.464466e-01 -4.853553e+00
    endloop
  endfacet
  facet normal -1.810888e-17 -6.087614e-01 -7.933533e-01
    outer loop
      vertex   7.795507e+01 1.464466e-01 -4.853553e+00
      vertex   7.515592e+01 1.464466e-01 -4.853553e+00
      vertex   7.795507e+01 2.500000e-01 -4.933013e+00
    endloop
  endfacet
  facet normal 4.747945e-18 -6.087614e-01 -7.933533e-01
    outer loop
      vertex   7.795507e+01 1.464466e-01 -4.853553e+00
      vertex   7.795507e+01 2.500000e-01 -4.933013e+00
      vertex   8.075423e+01 2.500000e-01 -4.933013e+00
    endloop
  endfacet
  facet normal 3.794574e-18 -3.826834e-01 -9.238795e-01
    outer loop
      vertex   8.075423e+01 2.500000e-01 -4.933013e+00
      vertex   7.795507e+01 2.500000e-01 -4.933013e+00
      vertex   8.075423e+01 3.705905e-01 -4.982963e+00
    endloop
  endfacet
  facet normal 0.000000e+00 -3.826834e-01 -9.238795e-01
    outer loop
      vertex   8.075423e+01 2.500000e-01 -4.933013e+00
      vertex   8.075423e+01 3.705905e-01 -4.982963e+00
      vertex   8.355338e+01 3.705905e-01 -4.982963e+00
    endloop
  endfacet
  facet normal -0.000000e+00 -1.305262e-01 -9.914449e-01
    outer loop
      vertex   8.355338e+01 3.705905e-01 -4.982963e+00
      vertex   8.075423e+01 3.705905e-01 -4.982963e+00
      vertex   7.515592e+01 5.000000e-01 -5.000000e+00
    endloop
  endfacet
  facet normal 0.000000e+00 -1.305262e-01 -9.914449e-01
    outer loop
      vertex   8.355338e+01 3.705905e-01 -4.982963e+00
      vertex   7.515592e+01 5.000000e-01 -5.000000e+00
      vertex   9.475000e+01 5.000000e-01 -5.000000e+00
    endloop
  endfacet
  facet normal -9.495890e-18 -6.087614e-01 -7.933533e-01
    outer loop
      vertex   7.515592e+01 1.464466e-01 -4.853553e+00
      vertex   7.515592e+01 2.500000e-01 -4.933013e+00
      vertex   7.795507e+01 2.500000e-01 -4.933013e+00
    endloop
  endfacet
  facet normal -7.589147e-18 -3.826834e-01 -9.238795e-01
    outer loop
      vertex   7.795507e+01 2.500000e-01 -4.933013e+00
      vertex   7.515592e+01 2.500000e-01 -4.933013e+00
      vertex   7.795507e+01 3.705905e-01 -4.982963e+00
    endloop
  endfacet
  facet normal 1.661781e-17 -3.826834e-01 -9.238795e-01
    outer loop
      vertex   7.795507e+01 2.500000e-01 -4.933013e+00
      vertex   7.795507e+01 3.705905e-01 -4.982963e+00
      vertex   8.075423e+01 3.705905e-01 -4.982963e+00
    endloop
  endfacet
  facet normal 5.177034e-18 -1.305262e-01 -9.914449e-01
    outer loop
      vertex   8.075423e+01 3.705905e-01 -4.982963e+00
      vertex   7.795507e+01 3.705905e-01 -4.982963e+00
      vertex   7.515592e+01 5.000000e-01 -5.000000e+00
    endloop
  endfacet
  facet normal -7.121917e-18 -3.826834e-01 -9.238795e-01
    outer loop
      vertex   7.515592e+01 2.500000e-01 -4.933013e+00
      vertex   7.515592e+01 3.705905e-01 -4.982963e+00
      vertex   7.795507e+01 3.705905e-01 -4.982963e+00
    endloop
  endfacet
  facet normal -2.588517e-18 -1.305262e-01 -9.914449e-01
    outer loop
      vertex   7.795507e+01 3.705905e-01 -4.982963e+00
      vertex   7.515592e+01 3.705905e-01 -4.982963e+00
      vertex   7.515592e+01 5.000000e-01 -5.000000e+00
    endloop
  endfacet
  facet normal 5.222739e-17 -3.826834e-01 -9.238795e-01
    outer loop
      vertex   9.475000e+01 3.705905e-01 -4.982963e+00
      vertex   9.475000e+01 2.500000e-01 -4.933013e+00
      vertex   9.195085e+01 2.500000e-01 -4.933013e+00
    endloop
  endfacet
  facet normal 8.450813e-17 -6.087614e-01 -7.933533e-01
    outer loop
      vertex   9.195085e+01 2.500000e-01 -4.933013e+00
      vertex   9.475000e+01 2.500000e-01 -4.933013e+00
      vertex   9.195085e+01 1.464466e-01 -4.853553e+00
    endloop
  endfacet
  facet normal 0.000000e+00 -6.087614e-01 -7.933533e-01
    outer loop
      vertex   9.195085e+01 2.500000e-01 -4.933013e+00
      vertex   9.195085e+01 1.464466e-01 -4.853553e+00
      vertex   8.915169e+01 1.464466e-01 -4.853553e+00
    endloop
  endfacet
  facet normal 0.000000e+00 -7.933533e-01 -6.087614e-01
    outer loop
      vertex   8.915169e+01 1.464466e-01 -4.853553e+00
      vertex   9.195085e+01 1.464466e-01 -4.853553e+00
      vertex   8.915169e+01 6.698730e-02 -4.750000e+00
    endloop
  endfacet
  facet normal 0.000000e+00 -7.933533e-01 -6.087614e-01
    outer loop
      vertex   8.915169e+01 1.464466e-01 -4.853553e+00
      vertex   8.915169e+01 6.698730e-02 -4.750000e+00
      vertex   8.635254e+01 6.698730e-02 -4.750000e+00
    endloop
  endfacet
  facet normal 0.000000e+00 -9.238795e-01 -3.826834e-01
    outer loop
      vertex   8.635254e+01 6.698730e-02 -4.750000e+00
      vertex   8.915169e+01 6.698730e-02 -4.750000e+00
      vertex   8.635254e+01 1.703709e-02 -4.629410e+00
    endloop
  endfacet
  facet normal 0.000000e+00 -9.238795e-01 -3.826834e-01
    outer loop
      vertex   8.635254e+01 6.698730e-02 -4.750000e+00
      vertex   8.635254e+01 1.703709e-02 -4.629410e+00
      vertex   8.355338e+01 1.703709e-02 -4.629410e+00
    endloop
  endfacet
  facet normal 0.000000e+00 -9.914449e-01 -1.305262e-01
    outer loop
      vertex   8.355338e+01 1.703709e-02 -4.629410e+00
      vertex   8.635254e+01 1.703709e-02 -4.629410e+00
      vertex   7.515592e+01 0.000000e+00 -4.500000e+00
    endloop
  endfacet
  facet normal 1.186986e-16 -6.087614e-01 -7.933533e-01
    outer loop
      vertex   9.475000e+01 2.500000e-01 -4.933013e+00
      vertex   9.475000e+01 1.464466e-01 -4.853553e+00
      vertex   9.195085e+01 1.464466e-01 -4.853553e+00
    endloop
  endfacet
  facet normal 1.573331e-16 -7.933533e-01 -6.087614e-01
    outer loop
      vertex   9.195085e+01 1.464466e-01 -4.853553e+00
      vertex   9.475000e+01 1.464466e-01 -4.853553e+00
      vertex   9.195085e+01 6.698730e-02 -4.750000e+00
    endloop
  endfacet
  facet normal 0.000000e+00 -7.933533e-01 -6.087614e-01
    outer loop
      vertex   9.195085e+01 1.464466e-01 -4.853553e+00
      vertex   9.195085e+01 6.698730e-02 -4.750000e+00
      vertex   8.915169e+01 6.698730e-02 -4.750000e+00
    endloop
  endfacet
  facet normal 0.000000e+00 -9.238795e-01 -3.826834e-01
    outer loop
      vertex   8.915169e+01 6.698730e-02 -4.750000e+00
      vertex   9.195085e+01 6.698730e-02 -4.750000e+00
      vertex   8.915169e+01 1.703709e-02 -4.629410e+00
    endloop
  endfacet
  facet normal 0.000000e+00 -9.238795e-01 -3.826834e-01
    outer loop
      vertex   8.915169e+01 6.698730e-02 -4.750000e+00
      vertex   8.915169e+01 1.703709e-02 -4.629410e+00
      vertex   8.635254e+01 1.703709e-02 -4.629410e+00
    endloop
  endfacet
  facet normal 0.000000e+00 -9.914449e-01 -1.305262e-01
    outer loop
      vertex   8.635254e+01 1.703709e-02 -4.629410e+00
      vertex   8.915169e+01 1.703709e-02 -4.629410e+00
      vertex   9.475000e+01 0.000000e+00 -4.500000e+00
    endloop
  endfacet
  facet normal -5.934931e-18 -9.914449e-01 -1.305262e-01
    outer loop
      vertex   8.635254e+01 1.703709e-02 -4.629410e+00
      vertex   9.475000e+01 0.000000e+00 -4.500000e+00
      vertex   7.515592e+01 0.000000e+00 -4.500000e+00
    endloop
  endfacet
  facet normal 3.703397e-16 -7.933533e-01 -6.087614e-01
    outer loop
      vertex   9.475000e+01 1.464466e-01 -4.853553e+00
      vertex   9.475000e+01 6.698730e-02 -4.750000e+00
      vertex   9.195085e+01 6.698730e-02 -4.750000e+00
    endloop
  endfacet
  facet normal 3.275469e-16 -9.238795e-01 -3.826834e-01
    outer loop
      vertex   9.195085e+01 6.698730e-02 -4.750000e+00
      vertex   9.475000e+01 6.698730e-02 -4.750000e+00
      vertex   9.195085e+01 1.703709e-02 -4.629410e+00
    endloop
  endfacet
  facet normal 0.000000e+00 -9.238795e-01 -3.826834e-01
    outer loop
      vertex   9.195085e+01 6.698730e-02 -4.750000e+00
      vertex   9.195085e+01 1.703709e-02 -4.629410e+00
      vertex   8.915169e+01 1.703709e-02 -4.629410e+00
    endloop
  endfacet
  facet normal 0.000000e+00 -9.914449e-01 -1.305262e-01
    outer loop
      vertex   8.915169e+01 1.703709e-02 -4.629410e+00
      vertex   9.195085e+01 1.703709e-02 -4.629410e+00
      vertex   9.475000e+01 0.000000e+00 -4.500000e+00
    endloop
  endfacet
  facet normal 2.279014e-16 -9.238795e-01 -3.826834e-01
    outer loop
      vertex   9.475000e+01 6.698730e-02 -4.750000e+00
      vertex   9.475000e+01 1.703709e-02 -4.629410e+00
      vertex   9.195085e+01 1.703709e-02 -4.629410e+00
    endloop
  endfacet
  facet normal 2.457717e-16 -9.914449e-01 -1.305262e-01
    outer loop
      vertex   9.195085e+01 1.703709e-02 -4.629410e+00
      vertex   9.475000e+01 1.703709e-02 -4.629410e+00
      vertex   9.475000e+01 0.000000e+00 -4.500000e+00
    endloop
  endfacet
  facet normal -0.000000e+00 -9.238795e-01 -3.826834e-01
    outer loop
      vertex   8.355338e+01 6.698730e-02 -4.750000e+00
      vertex   8.075423e+01 1.703709e-02 -4.629410e+00
      vertex   8.075423e+01 6.698730e-02 -4.750000e+00
    endloop
  endfacet
  facet normal 2.373972e-17 -9.238795e-01 -3.826834e-01
    outer loop
      vertex   8.075423e+01 6.698730e-02 -4.750000e+00
      vertex   8.075423e+01 1.703709e-02 -4.629410e+00
      vertex   7.795507e+01 1.703709e-02 -4.629410e+00
    endloop
  endfacet
  facet normal -0.000000e+00 -7.933533e-01 -6.087614e-01
    outer loop
      vertex   8.635254e+01 1.464466e-01 -4.853553e+00
      vertex   8.355338e+01 6.698730e-02 -4.750000e+00
      vertex   8.355338e+01 1.464466e-01 -4.853553e+00
    endloop
  endfacet
  facet normal 0.000000e+00 -7.933533e-01 -6.087614e-01
    outer loop
      vertex   8.355338e+01 1.464466e-01 -4.853553e+00
      vertex   8.355338e+01 6.698730e-02 -4.750000e+00
      vertex   8.075423e+01 6.698730e-02 -4.750000e+00
    endloop
  endfacet
  facet normal -0.000000e+00 -6.087614e-01 -7.933533e-01
    outer loop
      vertex   8.915169e+01 2.500000e-01 -4.933013e+00
      vertex   8.635254e+01 1.464466e-01 -4.853553e+00
      vertex   8.635254e+01 2.500000e-01 -4.933013e+00
    endloop
  endfacet
  facet normal 0.000000e+00 -6.087614e-01 -7.933533e-01
    outer loop
      vertex   8.635254e+01 2.500000e-01 -4.933013e+00
      vertex   8.635254e+01 1.464466e-01 -4.853553e+00
      vertex   8.355338e+01 1.464466e-01 -4.853553e+00
    endloop
  endfacet
  facet normal -0.000000e+00 -3.826834e-01 -9.238795e-01
    outer loop
      vertex   9.195085e+01 3.705905e-01 -4.982963e+00
      vertex   8.915169e+01 2.500000e-01 -4.933013e+00
      vertex   8.915169e+01 3.705905e-01 -4.982963e+00
    endloop
  endfacet
  facet normal 0.000000e+00 -3.826834e-01 -9.238795e-01
    outer loop
      vertex   8.915169e+01 3.705905e-01 -4.982963e+00
      vertex   8.915169e+01 2.500000e-01 -4.933013e+00
      vertex   8.635254e+01 2.500000e-01 -4.933013e+00
    endloop
  endfacet
  facet normal 1.156525e-01 -8.822185e-16 -9.932897e-01
    outer loop
      vertex   9.486488e+01 6.500000e+00 -4.986624e+00
      vertex   9.486488e+01 4.500000e+00 -4.986624e+00
      vertex   9.475000e+01 6.500000e+00 -5.000000e+00
    endloop
  endfacet
  facet normal 1.156525e-01 0.000000e+00 -9.932897e-01
    outer loop
      vertex   9.475000e+01 6.500000e+00 -5.000000e+00
      vertex   9.486488e+01 4.500000e+00 -4.986624e+00
      vertex   9.486488e+01 2.500000e+00 -4.986624e+00
    endloop
  endfacet
  facet normal 1.156525e-01 0.000000e+00 -9.932897e-01
    outer loop
      vertex   9.475000e+01 6.500000e+00 -5.000000e+00
      vertex   9.486488e+01 2.500000e+00 -4.986624e+00
      vertex   9.475000e+01 5.000000e-01 -5.000000e+00
    endloop
  endfacet
  facet normal 1.156525e-01 -5.734475e-15 -9.932897e-01
    outer loop
      vertex   9.475000e+01 5.000000e-01 -5.000000e+00
      vertex   9.486488e+01 2.500000e+00 -4.986624e+00
      vertex   9.486488e+01 5.000000e-01 -4.986624e+00
    endloop
  endfacet
  facet normal 3.407699e-01 -5.427617e-15 -9.401467e-01
    outer loop
      vertex   9.486488e+01 5.000000e-01 -4.986624e+00
      vertex   9.486488e+01 2.500000e+00 -4.986624e+00
      vertex   9.497361e+01 5.000000e-01 -4.947214e+00
    endloop
  endfacet
  facet normal 3.407699e-01 -3.757581e-15 -9.401467e-01
    outer loop
      vertex   9.497361e+01 5.000000e-01 -4.947214e+00
      vertex   9.486488e+01 2.500000e+00 -4.986624e+00
      vertex   9.497361e+01 2.500000e+00 -4.947214e+00
    endloop
  endfacet
  facet normal 5.476554e-01 -3.344141e-15 -8.367040e-01
    outer loop
      vertex   9.497361e+01 5.000000e-01 -4.947214e+00
      vertex   9.497361e+01 2.500000e+00 -4.947214e+00
      vertex   9.507037e+01 5.000000e-01 -4.883876e+00
    endloop
  endfacet
  facet normal 5.476554e-01 -2.600998e-15 -8.367040e-01
    outer loop
      vertex   9.507037e+01 5.000000e-01 -4.883876e+00
      vertex   9.497361e+01 2.500000e+00 -4.947214e+00
      vertex   9.507037e+01 2.500000e+00 -4.883876e+00
    endloop
  endfacet
  facet normal 7.252403e-01 -2.140275e-15 -6.884959e-01
    outer loop
      vertex   9.507037e+01 5.000000e-01 -4.883876e+00
      vertex   9.507037e+01 2.500000e+00 -4.883876e+00
      vertex   9.515000e+01 5.000000e-01 -4.800000e+00
    endloop
  endfacet
  facet normal 7.252403e-01 -9.693391e-15 -6.884959e-01
    outer loop
      vertex   9.515000e+01 5.000000e-01 -4.800000e+00
      vertex   9.507037e+01 2.500000e+00 -4.883876e+00
      vertex   9.507037e+01 4.500000e+00 -4.883876e+00
    endloop
  endfacet
  facet normal 7.252403e-01 5.095893e-16 -6.884959e-01
    outer loop
      vertex   9.515000e+01 5.000000e-01 -4.800000e+00
      vertex   9.507037e+01 4.500000e+00 -4.883876e+00
      vertex   9.515000e+01 6.500000e+00 -4.800000e+00
    endloop
  endfacet
  facet normal 7.252403e-01 -1.529943e-15 -6.884959e-01
    outer loop
      vertex   9.515000e+01 6.500000e+00 -4.800000e+00
      vertex   9.507037e+01 4.500000e+00 -4.883876e+00
      vertex   9.507037e+01 6.500000e+00 -4.883876e+00
    endloop
  endfacet
  facet normal 5.476554e-01 -1.857856e-15 -8.367040e-01
    outer loop
      vertex   9.507037e+01 6.500000e+00 -4.883876e+00
      vertex   9.507037e+01 4.500000e+00 -4.883876e+00
      vertex   9.497361e+01 6.500000e+00 -4.947214e+00
    endloop
  endfacet
  facet normal 5.476554e-01 -1.114714e-15 -8.367040e-01
    outer loop
      vertex   9.497361e+01 6.500000e+00 -4.947214e+00
      vertex   9.507037e+01 4.500000e+00 -4.883876e+00
      vertex   9.497361e+01 4.500000e+00 -4.947214e+00
    endloop
  endfacet
  facet normal 3.407699e-01 -1.252527e-15 -9.401467e-01
    outer loop
      vertex   9.497361e+01 6.500000e+00 -4.947214e+00
      vertex   9.497361e+01 4.500000e+00 -4.947214e+00
      vertex   9.486488e+01 6.500000e+00 -4.986624e+00
    endloop
  endfacet
  facet normal 3.407699e-01 -8.350180e-16 -9.401467e-01
    outer loop
      vertex   9.486488e+01 6.500000e+00 -4.986624e+00
      vertex   9.497361e+01 4.500000e+00 -4.947214e+00
      vertex   9.486488e+01 4.500000e+00 -4.986624e+00
    endloop
  endfacet
  facet normal 3.407699e-01 0.000000e+00 -9.401467e-01
    outer loop
      vertex   9.497361e+01 2.500000e+00 -4.947214e+00
      vertex   9.486488e+01 2.500000e+00 -4.986624e+00
      vertex   9.486488e+01 4.500000e+00 -4.986624e+00
    endloop
  endfacet
  facet normal 3.407699e-01 -4.175090e-16 -9.401467e-01
    outer loop
      vertex   9.497361e+01 2.500000e+00 -4.947214e+00
      vertex   9.486488e+01 4.500000e+00 -4.986624e+00
      vertex   9.497361e+01 4.500000e+00 -4.947214e+00
    endloop
  endfacet
  facet normal 5.476554e-01 -3.712362e-16 -8.367040e-01
    outer loop
      vertex   9.507037e+01 2.500000e+00 -4.883876e+00
      vertex   9.497361e+01 2.500000e+00 -4.947214e+00
      vertex   9.497361e+01 4.500000e+00 -4.947214e+00
    endloop
  endfacet
  facet normal 5.476554e-01 -7.039509e-15 -8.367040e-01
    outer loop
      vertex   9.507037e+01 2.500000e+00 -4.883876e+00
      vertex   9.497361e+01 4.500000e+00 -4.947214e+00
      vertex   9.507037e+01 4.500000e+00 -4.883876e+00
    endloop
  endfacet
  facet normal 4.066924e-02 9.906246e-01 -1.304182e-01
    outer loop
      vertex   1.598441e+02 7.000000e+00 -4.500000e+00
      vertex   1.599176e+02 6.982963e+00 -4.606472e+00
      vertex   1.598441e+02 6.982963e+00 -4.629410e+00
    endloop
  endfacet
  facet normal 7.675920e-02 9.661871e-01 -2.461516e-01
    outer loop
      vertex   1.598441e+02 6.982963e+00 -4.629410e+00
      vertex   1.599176e+02 6.982963e+00 -4.606472e+00
      vertex   1.598449e+02 6.981983e+00 -4.633011e+00
    endloop
  endfacet
  facet normal -5.148058e-01 7.920482e-01 -3.280771e-01
    outer loop
      vertex   1.598441e+02 6.982963e+00 -4.629410e+00
      vertex   1.598449e+02 6.981983e+00 -4.633011e+00
      vertex   1.598441e+02 6.933013e+00 -4.750000e+00
    endloop
  endfacet
  facet normal 3.106665e-02 9.219267e-01 -3.861166e-01
    outer loop
      vertex   1.598441e+02 6.933013e+00 -4.750000e+00
      vertex   1.598449e+02 6.981983e+00 -4.633011e+00
      vertex   1.598715e+02 6.931946e+00 -4.750338e+00
    endloop
  endfacet
  facet normal 2.332583e-02 7.931375e-01 -6.085958e-01
    outer loop
      vertex   1.598441e+02 6.933013e+00 -4.750000e+00
      vertex   1.598715e+02 6.931946e+00 -4.750338e+00
      vertex   1.598441e+02 6.853553e+00 -4.853553e+00
    endloop
  endfacet
  facet normal 4.873808e-02 7.891200e-01 -6.123024e-01
    outer loop
      vertex   1.598441e+02 6.853553e+00 -4.853553e+00
      vertex   1.598715e+02 6.931946e+00 -4.750338e+00
      vertex   1.598964e+02 6.852574e+00 -4.850654e+00
    endloop
  endfacet
  facet normal 5.531750e-02 6.078293e-01 -7.921386e-01
    outer loop
      vertex   1.598441e+02 6.853553e+00 -4.853553e+00
      vertex   1.598964e+02 6.852574e+00 -4.850654e+00
      vertex   1.598441e+02 6.750000e+00 -4.933013e+00
    endloop
  endfacet
  facet normal 6.942599e-02 6.028176e-01 -7.948528e-01
    outer loop
      vertex   1.598441e+02 6.750000e+00 -4.933013e+00
      vertex   1.598964e+02 6.852574e+00 -4.850654e+00
      vertex   1.599177e+02 6.749257e+00 -4.927149e+00
    endloop
  endfacet
  facet normal 7.725238e-02 3.815398e-01 -9.211186e-01
    outer loop
      vertex   1.598441e+02 6.750000e+00 -4.933013e+00
      vertex   1.599177e+02 6.749257e+00 -4.927149e+00
      vertex   1.598441e+02 6.629410e+00 -4.982963e+00
    endloop
  endfacet
  facet normal 8.716041e-02 3.760883e-01 -9.224753e-01
    outer loop
      vertex   1.598441e+02 6.629410e+00 -4.982963e+00
      vertex   1.599177e+02 6.749257e+00 -4.927149e+00
      vertex   1.599340e+02 6.629010e+00 -4.974632e+00
    endloop
  endfacet
  facet normal 9.206777e-02 1.299718e-01 -9.872339e-01
    outer loop
      vertex   1.598441e+02 6.629410e+00 -4.982963e+00
      vertex   1.599340e+02 6.629010e+00 -4.974632e+00
      vertex   1.598441e+02 6.500000e+00 -5.000000e+00
    endloop
  endfacet
  facet normal 9.980639e-02 1.245688e-01 -9.871785e-01
    outer loop
      vertex   1.598441e+02 6.500000e+00 -5.000000e+00
      vertex   1.599340e+02 6.629010e+00 -4.974632e+00
      vertex   1.599442e+02 6.500000e+00 -4.989882e+00
    endloop
  endfacet
  facet normal 2.949691e-01 1.351020e-01 -9.459073e-01
    outer loop
      vertex   1.599442e+02 6.500000e+00 -4.989882e+00
      vertex   1.599340e+02 6.629010e+00 -4.974632e+00
      vertex   1.600402e+02 6.500000e+00 -4.959936e+00
    endloop
  endfacet
  facet normal 2.949691e-01 1.351020e-01 -9.459073e-01
    outer loop
      vertex   1.600402e+02 6.500000e+00 -4.959936e+00
      vertex   1.599340e+02 6.629010e+00 -4.974632e+00
      vertex   1.600399e+02 6.629010e+00 -4.941599e+00
    endloop
  endfacet
  facet normal 4.789980e-01 1.245688e-01 -8.689324e-01
    outer loop
      vertex   1.600402e+02 6.500000e+00 -4.959936e+00
      vertex   1.600399e+02 6.629010e+00 -4.941599e+00
      vertex   1.601283e+02 6.500000e+00 -4.911376e+00
    endloop
  endfacet
  facet normal 4.853964e-01 1.299718e-01 -8.645794e-01
    outer loop
      vertex   1.601283e+02 6.500000e+00 -4.911376e+00
      vertex   1.600399e+02 6.629010e+00 -4.941599e+00
      vertex   1.601186e+02 6.629410e+00 -4.897358e+00
    endloop
  endfacet
  facet normal 4.526251e-01 3.760883e-01 -8.085098e-01
    outer loop
      vertex   1.601186e+02 6.629410e+00 -4.897358e+00
      vertex   1.600399e+02 6.629010e+00 -4.941599e+00
      vertex   1.600263e+02 6.749257e+00 -4.893263e+00
    endloop
  endfacet
  facet normal 4.600058e-01 3.815398e-01 -8.017619e-01
    outer loop
      vertex   1.601186e+02 6.629410e+00 -4.897358e+00
      vertex   1.600263e+02 6.749257e+00 -4.893263e+00
      vertex   1.600902e+02 6.750000e+00 -4.856262e+00
    endloop
  endfacet
  facet normal 3.946752e-01 6.028176e-01 -6.934280e-01
    outer loop
      vertex   1.600902e+02 6.750000e+00 -4.856262e+00
      vertex   1.600263e+02 6.749257e+00 -4.893263e+00
      vertex   1.600004e+02 6.852574e+00 -4.818218e+00
    endloop
  endfacet
  facet normal 4.047403e-01 6.078293e-01 -6.831756e-01
    outer loop
      vertex   1.600902e+02 6.750000e+00 -4.856262e+00
      vertex   1.600004e+02 6.852574e+00 -4.818218e+00
      vertex   1.600450e+02 6.853553e+00 -4.790887e+00
    endloop
  endfacet
  facet normal 3.079343e-01 7.891200e-01 -5.314754e-01
    outer loop
      vertex   1.600450e+02 6.853553e+00 -4.790887e+00
      vertex   1.600004e+02 6.852574e+00 -4.818218e+00
      vertex   1.599638e+02 6.931946e+00 -4.721567e+00
    endloop
  endfacet
  facet normal 3.267355e-01 7.931375e-01 -5.139814e-01
    outer loop
      vertex   1.600450e+02 6.853553e+00 -4.790887e+00
      vertex   1.599638e+02 6.931946e+00 -4.721567e+00
      vertex   1.599862e+02 6.933013e+00 -4.705688e+00
    endloop
  endfacet
  facet normal 1.939091e-01 9.219267e-01 -3.353362e-01
    outer loop
      vertex   1.599862e+02 6.933013e+00 -4.705688e+00
      vertex   1.599638e+02 6.931946e+00 -4.721567e+00
      vertex   1.599190e+02 6.981983e+00 -4.609883e+00
    endloop
  endfacet
  facet normal 6.100367e-01 7.920482e-01 2.269056e-02
    outer loop
      vertex   1.599862e+02 6.933013e+00 -4.705688e+00
      vertex   1.599190e+02 6.981983e+00 -4.609883e+00
      vertex   1.599176e+02 6.982963e+00 -4.606472e+00
    endloop
  endfacet
  facet normal 7.675920e-02 9.661871e-01 -2.461516e-01
    outer loop
      vertex   1.599176e+02 6.982963e+00 -4.606472e+00
      vertex   1.599190e+02 6.981983e+00 -4.609883e+00
      vertex   1.598449e+02 6.981983e+00 -4.633011e+00
    endloop
  endfacet
  facet normal 2.747318e-01 3.851532e-01 -8.810105e-01
    outer loop
      vertex   1.600263e+02 6.749257e+00 -4.893263e+00
      vertex   1.600399e+02 6.629010e+00 -4.941599e+00
      vertex   1.599177e+02 6.749257e+00 -4.927149e+00
    endloop
  endfacet
  facet normal 2.747318e-01 3.851532e-01 -8.810105e-01
    outer loop
      vertex   1.599177e+02 6.749257e+00 -4.927149e+00
      vertex   1.600399e+02 6.629010e+00 -4.941599e+00
      vertex   1.599340e+02 6.629010e+00 -4.974632e+00
    endloop
  endfacet
  facet normal 2.360800e-01 6.091994e-01 -7.570617e-01
    outer loop
      vertex   1.600004e+02 6.852574e+00 -4.818218e+00
      vertex   1.600263e+02 6.749257e+00 -4.893263e+00
      vertex   1.598964e+02 6.852574e+00 -4.850654e+00
    endloop
  endfacet
  facet normal 2.360800e-01 6.091994e-01 -7.570617e-01
    outer loop
      vertex   1.598964e+02 6.852574e+00 -4.850654e+00
      vertex   1.600263e+02 6.749257e+00 -4.893263e+00
      vertex   1.599177e+02 6.749257e+00 -4.927149e+00
    endloop
  endfacet
  facet normal 1.815355e-01 7.925579e-01 -5.821485e-01
    outer loop
      vertex   1.599638e+02 6.931946e+00 -4.721567e+00
      vertex   1.600004e+02 6.852574e+00 -4.818218e+00
      vertex   1.598715e+02 6.931946e+00 -4.750338e+00
    endloop
  endfacet
  facet normal 1.815355e-01 7.925579e-01 -5.821485e-01
    outer loop
      vertex   1.598715e+02 6.931946e+00 -4.750338e+00
      vertex   1.600004e+02 6.852574e+00 -4.818218e+00
      vertex   1.598964e+02 6.852574e+00 -4.850654e+00
    endloop
  endfacet
  facet normal 1.146163e-01 9.229132e-01 -3.675518e-01
    outer loop
      vertex   1.599190e+02 6.981983e+00 -4.609883e+00
      vertex   1.599638e+02 6.931946e+00 -4.721567e+00
      vertex   1.598449e+02 6.981983e+00 -4.633011e+00
    endloop
  endfacet
  facet normal 1.146163e-01 9.229132e-01 -3.675518e-01
    outer loop
      vertex   1.598449e+02 6.981983e+00 -4.633011e+00
      vertex   1.599638e+02 6.931946e+00 -4.721567e+00
      vertex   1.598715e+02 6.931946e+00 -4.750338e+00
    endloop
  endfacet
  facet normal -7.354557e-01 -1.299880e-01 -6.649872e-01
    outer loop
      vertex   1.398636e+02 3.705905e-01 -4.789778e+00
      vertex   1.398500e+02 5.000000e-01 -4.800000e+00
      vertex   1.399289e+02 3.785457e-01 -4.863499e+00
    endloop
  endfacet
  facet normal -7.208084e-01 -1.103837e-01 -6.842885e-01
    outer loop
      vertex   1.399289e+02 3.785457e-01 -4.863499e+00
      vertex   1.398500e+02 5.000000e-01 -4.800000e+00
      vertex   1.399296e+02 5.000000e-01 -4.883876e+00
    endloop
  endfacet
  facet normal -5.479298e-01 -1.351413e-01 -8.255360e-01
    outer loop
      vertex   1.399289e+02 3.785457e-01 -4.863499e+00
      vertex   1.399296e+02 5.000000e-01 -4.883876e+00
      vertex   1.400340e+02 3.705905e-01 -4.931975e+00
    endloop
  endfacet
  facet normal -5.430320e-01 -1.296651e-01 -8.296404e-01
    outer loop
      vertex   1.400340e+02 3.705905e-01 -4.931975e+00
      vertex   1.399296e+02 5.000000e-01 -4.883876e+00
      vertex   1.400264e+02 5.000000e-01 -4.947214e+00
    endloop
  endfacet
  facet normal -3.378931e-01 -1.296651e-01 -9.322099e-01
    outer loop
      vertex   1.400340e+02 3.705905e-01 -4.931975e+00
      vertex   1.400264e+02 5.000000e-01 -4.947214e+00
      vertex   1.401351e+02 5.000000e-01 -4.986624e+00
    endloop
  endfacet
  facet normal -3.316709e-01 -1.351413e-01 -9.336655e-01
    outer loop
      vertex   1.400340e+02 3.705905e-01 -4.931975e+00
      vertex   1.401351e+02 5.000000e-01 -4.986624e+00
      vertex   1.401519e+02 3.785457e-01 -4.974994e+00
    endloop
  endfacet
  facet normal -1.149458e-01 -1.103837e-01 -9.872198e-01
    outer loop
      vertex   1.401519e+02 3.785457e-01 -4.974994e+00
      vertex   1.401351e+02 5.000000e-01 -4.986624e+00
      vertex   1.402500e+02 5.000000e-01 -5.000000e+00
    endloop
  endfacet
  facet normal -9.071630e-02 -1.299880e-01 -9.873569e-01
    outer loop
      vertex   1.401519e+02 3.785457e-01 -4.974994e+00
      vertex   1.402500e+02 5.000000e-01 -5.000000e+00
      vertex   1.402500e+02 3.705905e-01 -4.982963e+00
    endloop
  endfacet
  facet normal -1.043108e-01 -3.567906e-01 -9.283425e-01
    outer loop
      vertex   1.401519e+02 3.785457e-01 -4.974994e+00
      vertex   1.402500e+02 3.705905e-01 -4.982963e+00
      vertex   1.401779e+02 2.582054e-01 -4.931670e+00
    endloop
  endfacet
  facet normal -6.065391e-02 -3.819789e-01 -9.221785e-01
    outer loop
      vertex   1.401779e+02 2.582054e-01 -4.931670e+00
      vertex   1.402500e+02 3.705905e-01 -4.982963e+00
      vertex   1.402500e+02 2.500000e-01 -4.933013e+00
    endloop
  endfacet
  facet normal -8.191800e-02 -5.880014e-01 -8.047011e-01
    outer loop
      vertex   1.401779e+02 2.582054e-01 -4.931670e+00
      vertex   1.402500e+02 2.500000e-01 -4.933013e+00
      vertex   1.402089e+02 1.543429e-01 -4.858929e+00
    endloop
  endfacet
  facet normal -1.318943e-02 -6.087085e-01 -7.932843e-01
    outer loop
      vertex   1.402089e+02 1.543429e-01 -4.858929e+00
      vertex   1.402500e+02 2.500000e-01 -4.933013e+00
      vertex   1.402500e+02 1.464466e-01 -4.853553e+00
    endloop
  endfacet
  facet normal -6.871116e-02 -7.806915e-01 -6.211277e-01
    outer loop
      vertex   1.402089e+02 1.543429e-01 -4.858929e+00
      vertex   1.402500e+02 1.464466e-01 -4.853553e+00
      vertex   1.402426e+02 7.403649e-02 -4.761727e+00
    endloop
  endfacet
  facet normal 2.054058e-01 -7.764366e-01 -5.957807e-01
    outer loop
      vertex   1.402426e+02 7.403649e-02 -4.761727e+00
      vertex   1.402500e+02 1.464466e-01 -4.853553e+00
      vertex   1.402500e+02 6.698730e-02 -4.750000e+00
    endloop
  endfacet
  facet normal -1.088346e-01 -8.806847e-01 -4.610308e-01
    outer loop
      vertex   1.402426e+02 7.403649e-02 -4.761727e+00
      vertex   1.402500e+02 6.698730e-02 -4.750000e+00
      vertex   1.401382e+02 6.698730e-02 -4.723607e+00
    endloop
  endfacet
  facet normal -8.997291e-02 -9.201325e-01 -3.811313e-01
    outer loop
      vertex   1.401382e+02 6.698730e-02 -4.723607e+00
      vertex   1.402500e+02 6.698730e-02 -4.750000e+00
      vertex   1.402500e+02 1.703709e-02 -4.629410e+00
    endloop
  endfacet
  facet normal -8.997291e-02 -9.201325e-01 -3.811313e-01
    outer loop
      vertex   1.401382e+02 6.698730e-02 -4.723607e+00
      vertex   1.402500e+02 1.703709e-02 -4.629410e+00
      vertex   1.401921e+02 1.703709e-02 -4.615747e+00
    endloop
  endfacet
  facet normal -3.079844e-02 -9.909745e-01 -1.304643e-01
    outer loop
      vertex   1.401921e+02 1.703709e-02 -4.615747e+00
      vertex   1.402500e+02 1.703709e-02 -4.629410e+00
      vertex   1.402500e+02 0.000000e+00 -4.500000e+00
    endloop
  endfacet
  facet normal -8.589236e-02 -9.909745e-01 -1.029173e-01
    outer loop
      vertex   1.401921e+02 1.703709e-02 -4.615747e+00
      vertex   1.402500e+02 0.000000e+00 -4.500000e+00
      vertex   1.401465e+02 1.703709e-02 -4.577646e+00
    endloop
  endfacet
  facet normal -2.509213e-01 -9.201325e-01 -3.006571e-01
    outer loop
      vertex   1.401921e+02 1.703709e-02 -4.615747e+00
      vertex   1.401465e+02 1.703709e-02 -4.577646e+00
      vertex   1.401382e+02 6.698730e-02 -4.723607e+00
    endloop
  endfacet
  facet normal -2.509213e-01 -9.201325e-01 -3.006571e-01
    outer loop
      vertex   1.401382e+02 6.698730e-02 -4.723607e+00
      vertex   1.401465e+02 1.703709e-02 -4.577646e+00
      vertex   1.400500e+02 6.698730e-02 -4.650000e+00
    endloop
  endfacet
  facet normal -3.035239e-01 -8.806847e-01 -3.636862e-01
    outer loop
      vertex   1.401382e+02 6.698730e-02 -4.723607e+00
      vertex   1.400500e+02 6.698730e-02 -4.650000e+00
      vertex   1.400450e+02 7.403649e-02 -4.662930e+00
    endloop
  endfacet
  facet normal -5.998681e-01 -7.764366e-01 -1.931438e-01
    outer loop
      vertex   1.400450e+02 7.403649e-02 -4.662930e+00
      vertex   1.400500e+02 6.698730e-02 -4.650000e+00
      vertex   1.399672e+02 1.464466e-01 -4.712132e+00
    endloop
  endfacet
  facet normal -4.556755e-01 -7.806915e-01 -4.276455e-01
    outer loop
      vertex   1.400450e+02 7.403649e-02 -4.662930e+00
      vertex   1.399672e+02 1.464466e-01 -4.712132e+00
      vertex   1.399875e+02 1.543429e-01 -4.748259e+00
    endloop
  endfacet
  facet normal -6.267138e-01 -6.087085e-01 -4.865221e-01
    outer loop
      vertex   1.399875e+02 1.543429e-01 -4.748259e+00
      vertex   1.399672e+02 1.464466e-01 -4.712132e+00
      vertex   1.399036e+02 2.500000e-01 -4.759808e+00
    endloop
  endfacet
  facet normal -5.946101e-01 -5.880014e-01 -5.483551e-01
    outer loop
      vertex   1.399875e+02 1.543429e-01 -4.748259e+00
      vertex   1.399036e+02 2.500000e-01 -4.759808e+00
      vertex   1.399479e+02 2.582054e-01 -4.816669e+00
    endloop
  endfacet
  facet normal -7.013505e-01 -3.819789e-01 -6.018303e-01
    outer loop
      vertex   1.399479e+02 2.582054e-01 -4.816669e+00
      vertex   1.399036e+02 2.500000e-01 -4.759808e+00
      vertex   1.398636e+02 3.705905e-01 -4.789778e+00
    endloop
  endfacet
  facet normal -6.800875e-01 -3.567906e-01 -6.404541e-01
    outer loop
      vertex   1.399479e+02 2.582054e-01 -4.816669e+00
      vertex   1.398636e+02 3.705905e-01 -4.789778e+00
      vertex   1.399289e+02 3.785457e-01 -4.863499e+00
    endloop
  endfacet
  facet normal -5.249409e-01 -3.794954e-01 -7.618532e-01
    outer loop
      vertex   1.399479e+02 2.582054e-01 -4.816669e+00
      vertex   1.399289e+02 3.785457e-01 -4.863499e+00
      vertex   1.400564e+02 2.500000e-01 -4.887298e+00
    endloop
  endfacet
  facet normal -5.249409e-01 -3.794954e-01 -7.618532e-01
    outer loop
      vertex   1.400564e+02 2.500000e-01 -4.887298e+00
      vertex   1.399289e+02 3.785457e-01 -4.863499e+00
      vertex   1.400340e+02 3.705905e-01 -4.931975e+00
    endloop
  endfacet
  facet normal -2.945181e-01 -3.794954e-01 -8.770646e-01
    outer loop
      vertex   1.400564e+02 2.500000e-01 -4.887298e+00
      vertex   1.400340e+02 3.705905e-01 -4.931975e+00
      vertex   1.401779e+02 2.582054e-01 -4.931670e+00
    endloop
  endfacet
  facet normal -2.945181e-01 -3.794954e-01 -8.770646e-01
    outer loop
      vertex   1.401779e+02 2.582054e-01 -4.931670e+00
      vertex   1.400340e+02 3.705905e-01 -4.931975e+00
      vertex   1.401519e+02 3.785457e-01 -4.974994e+00
    endloop
  endfacet
  facet normal -3.769804e-01 -7.876904e-01 -4.872675e-01
    outer loop
      vertex   1.401382e+02 6.698730e-02 -4.723607e+00
      vertex   1.400450e+02 7.403649e-02 -4.662930e+00
      vertex   1.399875e+02 1.543429e-01 -4.748259e+00
    endloop
  endfacet
  facet normal -4.666625e-01 -6.037264e-01 -6.463285e-01
    outer loop
      vertex   1.399875e+02 1.543429e-01 -4.748259e+00
      vertex   1.399479e+02 2.582054e-01 -4.816669e+00
      vertex   1.400919e+02 1.464466e-01 -4.816228e+00
    endloop
  endfacet
  facet normal -4.666625e-01 -6.037264e-01 -6.463285e-01
    outer loop
      vertex   1.400919e+02 1.464466e-01 -4.816228e+00
      vertex   1.399479e+02 2.582054e-01 -4.816669e+00
      vertex   1.400564e+02 2.500000e-01 -4.887298e+00
    endloop
  endfacet
  facet normal -2.370653e-01 -6.037264e-01 -7.611271e-01
    outer loop
      vertex   1.400919e+02 1.464466e-01 -4.816228e+00
      vertex   1.400564e+02 2.500000e-01 -4.887298e+00
      vertex   1.402089e+02 1.543429e-01 -4.858929e+00
    endloop
  endfacet
  facet normal -2.370653e-01 -6.037264e-01 -7.611271e-01
    outer loop
      vertex   1.402089e+02 1.543429e-01 -4.858929e+00
      vertex   1.400564e+02 2.500000e-01 -4.887298e+00
      vertex   1.401779e+02 2.582054e-01 -4.931670e+00
    endloop
  endfacet
  facet normal -1.636258e-01 -7.876904e-01 -5.939448e-01
    outer loop
      vertex   1.402089e+02 1.543429e-01 -4.858929e+00
      vertex   1.402426e+02 7.403649e-02 -4.761727e+00
      vertex   1.400919e+02 1.464466e-01 -4.816228e+00
    endloop
  endfacet
  facet normal -1.636258e-01 -7.876904e-01 -5.939448e-01
    outer loop
      vertex   1.400919e+02 1.464466e-01 -4.816228e+00
      vertex   1.402426e+02 7.403649e-02 -4.761727e+00
      vertex   1.401382e+02 6.698730e-02 -4.723607e+00
    endloop
  endfacet
  facet normal -3.769804e-01 -7.876904e-01 -4.872675e-01
    outer loop
      vertex   1.400919e+02 1.464466e-01 -4.816228e+00
      vertex   1.401382e+02 6.698730e-02 -4.723607e+00
      vertex   1.399875e+02 1.543429e-01 -4.748259e+00
    endloop
  endfacet
  facet normal 4.786694e-01 -1.298754e-01 -8.683364e-01
    outer loop
      vertex   1.601283e+02 5.000000e-01 -4.911376e+00
      vertex   1.601186e+02 3.705905e-01 -4.897358e+00
      vertex   1.600402e+02 5.000000e-01 -4.959936e+00
    endloop
  endfacet
  facet normal 4.857904e-01 -1.240571e-01 -8.652268e-01
    outer loop
      vertex   1.600402e+02 5.000000e-01 -4.959936e+00
      vertex   1.601186e+02 3.705905e-01 -4.897358e+00
      vertex   1.600399e+02 3.709901e-01 -4.941599e+00
    endloop
  endfacet
  facet normal 2.949691e-01 -1.351020e-01 -9.459073e-01
    outer loop
      vertex   1.600402e+02 5.000000e-01 -4.959936e+00
      vertex   1.600399e+02 3.709901e-01 -4.941599e+00
      vertex   1.599340e+02 3.709901e-01 -4.974632e+00
    endloop
  endfacet
  facet normal 2.747318e-01 -3.851532e-01 -8.810105e-01
    outer loop
      vertex   1.599340e+02 3.709901e-01 -4.974632e+00
      vertex   1.600399e+02 3.709901e-01 -4.941599e+00
      vertex   1.599177e+02 2.507432e-01 -4.927149e+00
    endloop
  endfacet
  facet normal 8.716041e-02 -3.760883e-01 -9.224753e-01
    outer loop
      vertex   1.599340e+02 3.709901e-01 -4.974632e+00
      vertex   1.599177e+02 2.507432e-01 -4.927149e+00
      vertex   1.598441e+02 3.705905e-01 -4.982963e+00
    endloop
  endfacet
  facet normal 7.725238e-02 -3.815398e-01 -9.211186e-01
    outer loop
      vertex   1.598441e+02 3.705905e-01 -4.982963e+00
      vertex   1.599177e+02 2.507432e-01 -4.927149e+00
      vertex   1.598441e+02 2.500000e-01 -4.933013e+00
    endloop
  endfacet
  facet normal 6.942599e-02 -6.028176e-01 -7.948528e-01
    outer loop
      vertex   1.598441e+02 2.500000e-01 -4.933013e+00
      vertex   1.599177e+02 2.507432e-01 -4.927149e+00
      vertex   1.598964e+02 1.474257e-01 -4.850654e+00
    endloop
  endfacet
  facet normal 5.531750e-02 -6.078293e-01 -7.921386e-01
    outer loop
      vertex   1.598441e+02 2.500000e-01 -4.933013e+00
      vertex   1.598964e+02 1.474257e-01 -4.850654e+00
      vertex   1.598441e+02 1.464466e-01 -4.853553e+00
    endloop
  endfacet
  facet normal 4.873808e-02 -7.891200e-01 -6.123024e-01
    outer loop
      vertex   1.598441e+02 1.464466e-01 -4.853553e+00
      vertex   1.598964e+02 1.474257e-01 -4.850654e+00
      vertex   1.598715e+02 6.805367e-02 -4.750338e+00
    endloop
  endfacet
  facet normal 2.332583e-02 -7.931375e-01 -6.085958e-01
    outer loop
      vertex   1.598441e+02 1.464466e-01 -4.853553e+00
      vertex   1.598715e+02 6.805367e-02 -4.750338e+00
      vertex   1.598441e+02 6.698730e-02 -4.750000e+00
    endloop
  endfacet
  facet normal 3.106665e-02 -9.219267e-01 -3.861166e-01
    outer loop
      vertex   1.598441e+02 6.698730e-02 -4.750000e+00
      vertex   1.598715e+02 6.805367e-02 -4.750338e+00
      vertex   1.598449e+02 1.801728e-02 -4.633011e+00
    endloop
  endfacet
  facet normal -5.148058e-01 -7.920482e-01 -3.280771e-01
    outer loop
      vertex   1.598441e+02 6.698730e-02 -4.750000e+00
      vertex   1.598449e+02 1.801728e-02 -4.633011e+00
      vertex   1.598441e+02 1.703709e-02 -4.629410e+00
    endloop
  endfacet
  facet normal 7.675920e-02 -9.661871e-01 -2.461516e-01
    outer loop
      vertex   1.598441e+02 1.703709e-02 -4.629410e+00
      vertex   1.598449e+02 1.801728e-02 -4.633011e+00
      vertex   1.599176e+02 1.703709e-02 -4.606472e+00
    endloop
  endfacet
  facet normal 4.066924e-02 -9.906246e-01 -1.304182e-01
    outer loop
      vertex   1.598441e+02 1.703709e-02 -4.629410e+00
      vertex   1.599176e+02 1.703709e-02 -4.606472e+00
      vertex   1.598441e+02 0.000000e+00 -4.500000e+00
    endloop
  endfacet
  facet normal 4.526251e-01 -3.760883e-01 -8.085098e-01
    outer loop
      vertex   1.600399e+02 3.709901e-01 -4.941599e+00
      vertex   1.601186e+02 3.705905e-01 -4.897358e+00
      vertex   1.600263e+02 2.507432e-01 -4.893263e+00
    endloop
  endfacet
  facet normal 4.600058e-01 -3.815398e-01 -8.017619e-01
    outer loop
      vertex   1.600263e+02 2.507432e-01 -4.893263e+00
      vertex   1.601186e+02 3.705905e-01 -4.897358e+00
      vertex   1.600902e+02 2.500000e-01 -4.856262e+00
    endloop
  endfacet
  facet normal 3.946752e-01 -6.028176e-01 -6.934280e-01
    outer loop
      vertex   1.600263e+02 2.507432e-01 -4.893263e+00
      vertex   1.600902e+02 2.500000e-01 -4.856262e+00
      vertex   1.600004e+02 1.474257e-01 -4.818218e+00
    endloop
  endfacet
  facet normal 4.047403e-01 -6.078293e-01 -6.831756e-01
    outer loop
      vertex   1.600004e+02 1.474257e-01 -4.818218e+00
      vertex   1.600902e+02 2.500000e-01 -4.856262e+00
      vertex   1.600450e+02 1.464466e-01 -4.790887e+00
    endloop
  endfacet
  facet normal 3.079343e-01 -7.891200e-01 -5.314754e-01
    outer loop
      vertex   1.600004e+02 1.474257e-01 -4.818218e+00
      vertex   1.600450e+02 1.464466e-01 -4.790887e+00
      vertex   1.599638e+02 6.805367e-02 -4.721567e+00
    endloop
  endfacet
  facet normal 3.267355e-01 -7.931375e-01 -5.139814e-01
    outer loop
      vertex   1.599638e+02 6.805367e-02 -4.721567e+00
      vertex   1.600450e+02 1.464466e-01 -4.790887e+00
      vertex   1.599862e+02 6.698730e-02 -4.705688e+00
    endloop
  endfacet
  facet normal 1.939091e-01 -9.219267e-01 -3.353362e-01
    outer loop
      vertex   1.599638e+02 6.805367e-02 -4.721567e+00
      vertex   1.599862e+02 6.698730e-02 -4.705688e+00
      vertex   1.599190e+02 1.801728e-02 -4.609883e+00
    endloop
  endfacet
  facet normal 6.100367e-01 -7.920482e-01 2.269056e-02
    outer loop
      vertex   1.599190e+02 1.801728e-02 -4.609883e+00
      vertex   1.599862e+02 6.698730e-02 -4.705688e+00
      vertex   1.599176e+02 1.703709e-02 -4.606472e+00
    endloop
  endfacet
  facet normal 7.675920e-02 -9.661871e-01 -2.461516e-01
    outer loop
      vertex   1.599190e+02 1.801728e-02 -4.609883e+00
      vertex   1.599176e+02 1.703709e-02 -4.606472e+00
      vertex   1.598449e+02 1.801728e-02 -4.633011e+00
    endloop
  endfacet
  facet normal 9.206777e-02 -1.299718e-01 -9.872339e-01
    outer loop
      vertex   1.598441e+02 3.705905e-01 -4.982963e+00
      vertex   1.598441e+02 5.000000e-01 -5.000000e+00
      vertex   1.599340e+02 3.709901e-01 -4.974632e+00
    endloop
  endfacet
  facet normal 9.980639e-02 -1.245688e-01 -9.871785e-01
    outer loop
      vertex   1.599340e+02 3.709901e-01 -4.974632e+00
      vertex   1.598441e+02 5.000000e-01 -5.000000e+00
      vertex   1.599442e+02 5.000000e-01 -4.989882e+00
    endloop
  endfacet
  facet normal 2.949691e-01 -1.351020e-01 -9.459073e-01
    outer loop
      vertex   1.599340e+02 3.709901e-01 -4.974632e+00
      vertex   1.599442e+02 5.000000e-01 -4.989882e+00
      vertex   1.600402e+02 5.000000e-01 -4.959936e+00
    endloop
  endfacet
  facet normal 1.146163e-01 -9.229132e-01 -3.675518e-01
    outer loop
      vertex   1.599638e+02 6.805367e-02 -4.721567e+00
      vertex   1.599190e+02 1.801728e-02 -4.609883e+00
      vertex   1.598449e+02 1.801728e-02 -4.633011e+00
    endloop
  endfacet
  facet normal 1.146163e-01 -9.229132e-01 -3.675518e-01
    outer loop
      vertex   1.598449e+02 1.801728e-02 -4.633011e+00
      vertex   1.598715e+02 6.805367e-02 -4.750338e+00
      vertex   1.599638e+02 6.805367e-02 -4.721567e+00
    endloop
  endfacet
  facet normal 1.815355e-01 -7.925579e-01 -5.821485e-01
    outer loop
      vertex   1.599638e+02 6.805367e-02 -4.721567e+00
      vertex   1.598715e+02 6.805367e-02 -4.750338e+00
      vertex   1.600004e+02 1.474257e-01 -4.818218e+00
    endloop
  endfacet
  facet normal 2.747318e-01 -3.851532e-01 -8.810105e-01
    outer loop
      vertex   1.599177e+02 2.507432e-01 -4.927149e+00
      vertex   1.600399e+02 3.709901e-01 -4.941599e+00
      vertex   1.600263e+02 2.507432e-01 -4.893263e+00
    endloop
  endfacet
  facet normal 1.815355e-01 -7.925579e-01 -5.821485e-01
    outer loop
      vertex   1.598715e+02 6.805367e-02 -4.750338e+00
      vertex   1.598964e+02 1.474257e-01 -4.850654e+00
      vertex   1.600004e+02 1.474257e-01 -4.818218e+00
    endloop
  endfacet
  facet normal 2.360800e-01 -6.091994e-01 -7.570617e-01
    outer loop
      vertex   1.600004e+02 1.474257e-01 -4.818218e+00
      vertex   1.598964e+02 1.474257e-01 -4.850654e+00
      vertex   1.600263e+02 2.507432e-01 -4.893263e+00
    endloop
  endfacet
  facet normal 2.360800e-01 -6.091994e-01 -7.570617e-01
    outer loop
      vertex   1.598964e+02 1.474257e-01 -4.850654e+00
      vertex   1.599177e+02 2.507432e-01 -4.927149e+00
      vertex   1.600263e+02 2.507432e-01 -4.893263e+00
    endloop
  endfacet
  facet normal 3.145878e-16 -1.305262e-01 -9.914449e-01
    outer loop
      vertex   1.598441e+02 3.705905e-01 -4.982963e+00
      vertex   1.570449e+02 3.705905e-01 -4.982963e+00
      vertex   1.598441e+02 5.000000e-01 -5.000000e+00
    endloop
  endfacet
  facet normal -2.373972e-18 -1.305262e-01 -9.914449e-01
    outer loop
      vertex   1.598441e+02 5.000000e-01 -5.000000e+00
      vertex   1.570449e+02 3.705905e-01 -4.982963e+00
      vertex   1.542458e+02 3.705905e-01 -4.982963e+00
    endloop
  endfacet
  facet normal -4.747945e-18 -1.305262e-01 -9.914449e-01
    outer loop
      vertex   1.598441e+02 5.000000e-01 -5.000000e+00
      vertex   1.542458e+02 3.705905e-01 -4.982963e+00
      vertex   1.514466e+02 3.705905e-01 -4.982963e+00
    endloop
  endfacet
  facet normal -1.517829e-17 -3.826834e-01 -9.238795e-01
    outer loop
      vertex   1.514466e+02 3.705905e-01 -4.982963e+00
      vertex   1.542458e+02 3.705905e-01 -4.982963e+00
      vertex   1.514466e+02 2.500000e-01 -4.933013e+00
    endloop
  endfacet
  facet normal -3.798356e-17 -3.826834e-01 -9.238795e-01
    outer loop
      vertex   1.514466e+02 3.705905e-01 -4.982963e+00
      vertex   1.514466e+02 2.500000e-01 -4.933013e+00
      vertex   1.486475e+02 2.500000e-01 -4.933013e+00
    endloop
  endfacet
  facet normal -6.036295e-17 -6.087614e-01 -7.933533e-01
    outer loop
      vertex   1.486475e+02 2.500000e-01 -4.933013e+00
      vertex   1.514466e+02 2.500000e-01 -4.933013e+00
      vertex   1.486475e+02 1.464466e-01 -4.853553e+00
    endloop
  endfacet
  facet normal -7.596712e-17 -6.087614e-01 -7.933533e-01
    outer loop
      vertex   1.486475e+02 2.500000e-01 -4.933013e+00
      vertex   1.486475e+02 1.464466e-01 -4.853553e+00
      vertex   1.458483e+02 1.464466e-01 -4.853553e+00
    endloop
  endfacet
  facet normal -9.439983e-17 -7.933533e-01 -6.087614e-01
    outer loop
      vertex   1.458483e+02 1.464466e-01 -4.853553e+00
      vertex   1.486475e+02 1.464466e-01 -4.853553e+00
      vertex   1.458483e+02 6.698730e-02 -4.750000e+00
    endloop
  endfacet
  facet normal -8.071506e-17 -7.933533e-01 -6.087614e-01
    outer loop
      vertex   1.458483e+02 1.464466e-01 -4.853553e+00
      vertex   1.458483e+02 6.698730e-02 -4.750000e+00
      vertex   1.430492e+02 6.698730e-02 -4.750000e+00
    endloop
  endfacet
  facet normal -9.160911e-17 -9.238795e-01 -3.826834e-01
    outer loop
      vertex   1.430492e+02 6.698730e-02 -4.750000e+00
      vertex   1.458483e+02 6.698730e-02 -4.750000e+00
      vertex   1.430492e+02 1.703709e-02 -4.629410e+00
    endloop
  endfacet
  facet normal -6.647123e-17 -9.238795e-01 -3.826834e-01
    outer loop
      vertex   1.430492e+02 6.698730e-02 -4.750000e+00
      vertex   1.430492e+02 1.703709e-02 -4.629410e+00
      vertex   1.402500e+02 1.703709e-02 -4.629410e+00
    endloop
  endfacet
  facet normal -7.373151e-17 -9.914449e-01 -1.305262e-01
    outer loop
      vertex   1.402500e+02 1.703709e-02 -4.629410e+00
      vertex   1.430492e+02 1.703709e-02 -4.629410e+00
      vertex   1.402500e+02 0.000000e+00 -4.500000e+00
    endloop
  endfacet
  facet normal -7.121917e-18 -9.914449e-01 -1.305262e-01
    outer loop
      vertex   1.402500e+02 0.000000e+00 -4.500000e+00
      vertex   1.430492e+02 1.703709e-02 -4.629410e+00
      vertex   1.458483e+02 1.703709e-02 -4.629410e+00
    endloop
  endfacet
  facet normal -8.308903e-18 -9.914449e-01 -1.305262e-01
    outer loop
      vertex   1.402500e+02 0.000000e+00 -4.500000e+00
      vertex   1.458483e+02 1.703709e-02 -4.629410e+00
      vertex   1.486475e+02 1.703709e-02 -4.629410e+00
    endloop
  endfacet
  facet normal 7.562180e-17 -9.238795e-01 -3.826834e-01
    outer loop
      vertex   1.486475e+02 1.703709e-02 -4.629410e+00
      vertex   1.458483e+02 1.703709e-02 -4.629410e+00
      vertex   1.486475e+02 6.698730e-02 -4.750000e+00
    endloop
  endfacet
  facet normal 5.222739e-17 -9.238795e-01 -3.826834e-01
    outer loop
      vertex   1.486475e+02 1.703709e-02 -4.629410e+00
      vertex   1.486475e+02 6.698730e-02 -4.750000e+00
      vertex   1.514466e+02 6.698730e-02 -4.750000e+00
    endloop
  endfacet
  facet normal 1.341615e-16 -7.933533e-01 -6.087614e-01
    outer loop
      vertex   1.514466e+02 6.698730e-02 -4.750000e+00
      vertex   1.486475e+02 6.698730e-02 -4.750000e+00
      vertex   1.514466e+02 1.464466e-01 -4.853553e+00
    endloop
  endfacet
  facet normal 9.021095e-17 -7.933533e-01 -6.087614e-01
    outer loop
      vertex   1.514466e+02 6.698730e-02 -4.750000e+00
      vertex   1.514466e+02 1.464466e-01 -4.853553e+00
      vertex   1.542458e+02 1.464466e-01 -4.853553e+00
    endloop
  endfacet
  facet normal 1.732611e-16 -6.087614e-01 -7.933533e-01
    outer loop
      vertex   1.542458e+02 1.464466e-01 -4.853553e+00
      vertex   1.514466e+02 1.464466e-01 -4.853553e+00
      vertex   1.542458e+02 2.500000e-01 -4.933013e+00
    endloop
  endfacet
  facet normal 1.899178e-16 -6.087614e-01 -7.933533e-01
    outer loop
      vertex   1.542458e+02 1.464466e-01 -4.853553e+00
      vertex   1.542458e+02 2.500000e-01 -4.933013e+00
      vertex   1.570449e+02 2.500000e-01 -4.933013e+00
    endloop
  endfacet
  facet normal 2.552034e-16 -3.826834e-01 -9.238795e-01
    outer loop
      vertex   1.570449e+02 2.500000e-01 -4.933013e+00
      vertex   1.542458e+02 2.500000e-01 -4.933013e+00
      vertex   1.570449e+02 3.705905e-01 -4.982963e+00
    endloop
  endfacet
  facet normal 2.919986e-16 -3.826834e-01 -9.238795e-01
    outer loop
      vertex   1.570449e+02 2.500000e-01 -4.933013e+00
      vertex   1.570449e+02 3.705905e-01 -4.982963e+00
      vertex   1.598441e+02 3.705905e-01 -4.982963e+00
    endloop
  endfacet
  facet normal 3.086164e-17 -3.826834e-01 -9.238795e-01
    outer loop
      vertex   1.598441e+02 3.705905e-01 -4.982963e+00
      vertex   1.598441e+02 2.500000e-01 -4.933013e+00
      vertex   1.570449e+02 2.500000e-01 -4.933013e+00
    endloop
  endfacet
  facet normal 4.829036e-17 -6.087614e-01 -7.933533e-01
    outer loop
      vertex   1.570449e+02 2.500000e-01 -4.933013e+00
      vertex   1.598441e+02 2.500000e-01 -4.933013e+00
      vertex   1.570449e+02 1.464466e-01 -4.853553e+00
    endloop
  endfacet
  facet normal -6.172328e-17 -6.087614e-01 -7.933533e-01
    outer loop
      vertex   1.570449e+02 2.500000e-01 -4.933013e+00
      vertex   1.570449e+02 1.464466e-01 -4.853553e+00
      vertex   1.542458e+02 1.464466e-01 -4.853553e+00
    endloop
  endfacet
  facet normal -7.866653e-17 -7.933533e-01 -6.087614e-01
    outer loop
      vertex   1.542458e+02 1.464466e-01 -4.853553e+00
      vertex   1.570449e+02 1.464466e-01 -4.853553e+00
      vertex   1.542458e+02 6.698730e-02 -4.750000e+00
    endloop
  endfacet
  facet normal -8.071506e-17 -7.933533e-01 -6.087614e-01
    outer loop
      vertex   1.542458e+02 1.464466e-01 -4.853553e+00
      vertex   1.542458e+02 6.698730e-02 -4.750000e+00
      vertex   1.514466e+02 6.698730e-02 -4.750000e+00
    endloop
  endfacet
  facet normal -9.160911e-17 -9.238795e-01 -3.826834e-01
    outer loop
      vertex   1.514466e+02 6.698730e-02 -4.750000e+00
      vertex   1.542458e+02 6.698730e-02 -4.750000e+00
      vertex   1.514466e+02 1.703709e-02 -4.629410e+00
    endloop
  endfacet
  facet normal -6.884520e-17 -9.238795e-01 -3.826834e-01
    outer loop
      vertex   1.514466e+02 6.698730e-02 -4.750000e+00
      vertex   1.514466e+02 1.703709e-02 -4.629410e+00
      vertex   1.486475e+02 1.703709e-02 -4.629410e+00
    endloop
  endfacet
  facet normal -7.373151e-17 -9.914449e-01 -1.305262e-01
    outer loop
      vertex   1.486475e+02 1.703709e-02 -4.629410e+00
      vertex   1.514466e+02 1.703709e-02 -4.629410e+00
      vertex   1.402500e+02 0.000000e+00 -4.500000e+00
    endloop
  endfacet
  facet normal 3.133644e-16 -6.087614e-01 -7.933533e-01
    outer loop
      vertex   1.598441e+02 2.500000e-01 -4.933013e+00
      vertex   1.598441e+02 1.464466e-01 -4.853553e+00
      vertex   1.570449e+02 1.464466e-01 -4.853553e+00
    endloop
  endfacet
  facet normal 2.718280e-16 -7.933533e-01 -6.087614e-01
    outer loop
      vertex   1.570449e+02 1.464466e-01 -4.853553e+00
      vertex   1.598441e+02 1.464466e-01 -4.853553e+00
      vertex   1.570449e+02 6.698730e-02 -4.750000e+00
    endloop
  endfacet
  facet normal 1.139507e-16 -7.933533e-01 -6.087614e-01
    outer loop
      vertex   1.570449e+02 1.464466e-01 -4.853553e+00
      vertex   1.570449e+02 6.698730e-02 -4.750000e+00
      vertex   1.542458e+02 6.698730e-02 -4.750000e+00
    endloop
  endfacet
  facet normal 2.981724e-17 -9.238795e-01 -3.826834e-01
    outer loop
      vertex   1.542458e+02 6.698730e-02 -4.750000e+00
      vertex   1.570449e+02 6.698730e-02 -4.750000e+00
      vertex   1.542458e+02 1.703709e-02 -4.629410e+00
    endloop
  endfacet
  facet normal 5.222739e-17 -9.238795e-01 -3.826834e-01
    outer loop
      vertex   1.542458e+02 6.698730e-02 -4.750000e+00
      vertex   1.542458e+02 1.703709e-02 -4.629410e+00
      vertex   1.514466e+02 1.703709e-02 -4.629410e+00
    endloop
  endfacet
  facet normal -3.231524e-17 -9.914449e-01 -1.305262e-01
    outer loop
      vertex   1.514466e+02 1.703709e-02 -4.629410e+00
      vertex   1.542458e+02 1.703709e-02 -4.629410e+00
      vertex   1.598441e+02 0.000000e+00 -4.500000e+00
    endloop
  endfacet
  facet normal 3.560959e-17 -9.914449e-01 -1.305262e-01
    outer loop
      vertex   1.514466e+02 1.703709e-02 -4.629410e+00
      vertex   1.598441e+02 0.000000e+00 -4.500000e+00
      vertex   1.402500e+02 0.000000e+00 -4.500000e+00
    endloop
  endfacet
  facet normal 3.086164e-16 -7.933533e-01 -6.087614e-01
    outer loop
      vertex   1.598441e+02 1.464466e-01 -4.853553e+00
      vertex   1.598441e+02 6.698730e-02 -4.750000e+00
      vertex   1.570449e+02 6.698730e-02 -4.750000e+00
    endloop
  endfacet
  facet normal 2.588400e-16 -9.238795e-01 -3.826834e-01
    outer loop
      vertex   1.570449e+02 6.698730e-02 -4.750000e+00
      vertex   1.598441e+02 6.698730e-02 -4.750000e+00
      vertex   1.570449e+02 1.703709e-02 -4.629410e+00
    endloop
  endfacet
  facet normal 7.596712e-17 -9.238795e-01 -3.826834e-01
    outer loop
      vertex   1.570449e+02 6.698730e-02 -4.750000e+00
      vertex   1.570449e+02 1.703709e-02 -4.629410e+00
      vertex   1.542458e+02 1.703709e-02 -4.629410e+00
    endloop
  endfacet
  facet normal -7.738074e-18 -9.914449e-01 -1.305262e-01
    outer loop
      vertex   1.542458e+02 1.703709e-02 -4.629410e+00
      vertex   1.570449e+02 1.703709e-02 -4.629410e+00
      vertex   1.598441e+02 0.000000e+00 -4.500000e+00
    endloop
  endfacet
  facet normal 3.038685e-16 -9.238795e-01 -3.826834e-01
    outer loop
      vertex   1.598441e+02 6.698730e-02 -4.750000e+00
      vertex   1.598441e+02 1.703709e-02 -4.629410e+00
      vertex   1.570449e+02 1.703709e-02 -4.629410e+00
    endloop
  endfacet
  facet normal 2.380336e-16 -9.914449e-01 -1.305262e-01
    outer loop
      vertex   1.570449e+02 1.703709e-02 -4.629410e+00
      vertex   1.598441e+02 1.703709e-02 -4.629410e+00
      vertex   1.598441e+02 0.000000e+00 -4.500000e+00
    endloop
  endfacet
  facet normal -9.021095e-17 -9.238795e-01 -3.826834e-01
    outer loop
      vertex   1.402500e+02 1.703709e-02 -4.629410e+00
      vertex   1.402500e+02 6.698730e-02 -4.750000e+00
      vertex   1.430492e+02 6.698730e-02 -4.750000e+00
    endloop
  endfacet
  facet normal -7.866653e-17 -7.933533e-01 -6.087614e-01
    outer loop
      vertex   1.430492e+02 6.698730e-02 -4.750000e+00
      vertex   1.402500e+02 6.698730e-02 -4.750000e+00
      vertex   1.430492e+02 1.464466e-01 -4.853553e+00
    endloop
  endfacet
  facet normal -8.071506e-17 -7.933533e-01 -6.087614e-01
    outer loop
      vertex   1.430492e+02 6.698730e-02 -4.750000e+00
      vertex   1.430492e+02 1.464466e-01 -4.853553e+00
      vertex   1.458483e+02 1.464466e-01 -4.853553e+00
    endloop
  endfacet
  facet normal -6.036295e-17 -6.087614e-01 -7.933533e-01
    outer loop
      vertex   1.458483e+02 1.464466e-01 -4.853553e+00
      vertex   1.430492e+02 1.464466e-01 -4.853553e+00
      vertex   1.458483e+02 2.500000e-01 -4.933013e+00
    endloop
  endfacet
  facet normal -2.848767e-17 -6.087614e-01 -7.933533e-01
    outer loop
      vertex   1.458483e+02 1.464466e-01 -4.853553e+00
      vertex   1.458483e+02 2.500000e-01 -4.933013e+00
      vertex   1.486475e+02 2.500000e-01 -4.933013e+00
    endloop
  endfacet
  facet normal -1.517829e-17 -3.826834e-01 -9.238795e-01
    outer loop
      vertex   1.486475e+02 2.500000e-01 -4.933013e+00
      vertex   1.458483e+02 2.500000e-01 -4.933013e+00
      vertex   1.486475e+02 3.705905e-01 -4.982963e+00
    endloop
  endfacet
  facet normal -1.661781e-17 -3.826834e-01 -9.238795e-01
    outer loop
      vertex   1.486475e+02 2.500000e-01 -4.933013e+00
      vertex   1.486475e+02 3.705905e-01 -4.982963e+00
      vertex   1.514466e+02 3.705905e-01 -4.982963e+00
    endloop
  endfacet
  facet normal -5.177034e-18 -1.305262e-01 -9.914449e-01
    outer loop
      vertex   1.514466e+02 3.705905e-01 -4.982963e+00
      vertex   1.486475e+02 3.705905e-01 -4.982963e+00
      vertex   1.598441e+02 5.000000e-01 -5.000000e+00
    endloop
  endfacet
  facet normal 1.139507e-16 -7.933533e-01 -6.087614e-01
    outer loop
      vertex   1.402500e+02 6.698730e-02 -4.750000e+00
      vertex   1.402500e+02 1.464466e-01 -4.853553e+00
      vertex   1.430492e+02 1.464466e-01 -4.853553e+00
    endloop
  endfacet
  facet normal 1.913699e-16 -6.087614e-01 -7.933533e-01
    outer loop
      vertex   1.430492e+02 1.464466e-01 -4.853553e+00
      vertex   1.402500e+02 1.464466e-01 -4.853553e+00
      vertex   1.430492e+02 2.500000e-01 -4.933013e+00
    endloop
  endfacet
  facet normal -6.172328e-17 -6.087614e-01 -7.933533e-01
    outer loop
      vertex   1.430492e+02 1.464466e-01 -4.853553e+00
      vertex   1.430492e+02 2.500000e-01 -4.933013e+00
      vertex   1.458483e+02 2.500000e-01 -4.933013e+00
    endloop
  endfacet
  facet normal -3.794574e-17 -3.826834e-01 -9.238795e-01
    outer loop
      vertex   1.458483e+02 2.500000e-01 -4.933013e+00
      vertex   1.430492e+02 2.500000e-01 -4.933013e+00
      vertex   1.458483e+02 3.705905e-01 -4.982963e+00
    endloop
  endfacet
  facet normal -1.661781e-17 -3.826834e-01 -9.238795e-01
    outer loop
      vertex   1.458483e+02 2.500000e-01 -4.933013e+00
      vertex   1.458483e+02 3.705905e-01 -4.982963e+00
      vertex   1.486475e+02 3.705905e-01 -4.982963e+00
    endloop
  endfacet
  facet normal -5.177034e-18 -1.305262e-01 -9.914449e-01
    outer loop
      vertex   1.486475e+02 3.705905e-01 -4.982963e+00
      vertex   1.458483e+02 3.705905e-01 -4.982963e+00
      vertex   1.402500e+02 5.000000e-01 -5.000000e+00
    endloop
  endfacet
  facet normal 0.000000e+00 -1.305262e-01 -9.914449e-01
    outer loop
      vertex   1.486475e+02 3.705905e-01 -4.982963e+00
      vertex   1.402500e+02 5.000000e-01 -5.000000e+00
      vertex   1.598441e+02 5.000000e-01 -5.000000e+00
    endloop
  endfacet
  facet normal -4.747945e-17 -6.087614e-01 -7.933533e-01
    outer loop
      vertex   1.402500e+02 1.464466e-01 -4.853553e+00
      vertex   1.402500e+02 2.500000e-01 -4.933013e+00
      vertex   1.430492e+02 2.500000e-01 -4.933013e+00
    endloop
  endfacet
  facet normal -3.035659e-17 -3.826834e-01 -9.238795e-01
    outer loop
      vertex   1.430492e+02 2.500000e-01 -4.933013e+00
      vertex   1.402500e+02 2.500000e-01 -4.933013e+00
      vertex   1.430492e+02 3.705905e-01 -4.982963e+00
    endloop
  endfacet
  facet normal -2.136575e-17 -3.826834e-01 -9.238795e-01
    outer loop
      vertex   1.430492e+02 2.500000e-01 -4.933013e+00
      vertex   1.430492e+02 3.705905e-01 -4.982963e+00
      vertex   1.458483e+02 3.705905e-01 -4.982963e+00
    endloop
  endfacet
  facet normal -7.765550e-18 -1.305262e-01 -9.914449e-01
    outer loop
      vertex   1.458483e+02 3.705905e-01 -4.982963e+00
      vertex   1.430492e+02 3.705905e-01 -4.982963e+00
      vertex   1.402500e+02 5.000000e-01 -5.000000e+00
    endloop
  endfacet
  facet normal -2.136575e-17 -3.826834e-01 -9.238795e-01
    outer loop
      vertex   1.402500e+02 2.500000e-01 -4.933013e+00
      vertex   1.402500e+02 3.705905e-01 -4.982963e+00
      vertex   1.430492e+02 3.705905e-01 -4.982963e+00
    endloop
  endfacet
  facet normal -7.765550e-18 -1.305262e-01 -9.914449e-01
    outer loop
      vertex   1.430492e+02 3.705905e-01 -4.982963e+00
      vertex   1.402500e+02 3.705905e-01 -4.982963e+00
      vertex   1.402500e+02 5.000000e-01 -5.000000e+00
    endloop
  endfacet
  facet normal -3.794574e-17 -3.826834e-01 -9.238795e-01
    outer loop
      vertex   1.514466e+02 2.500000e-01 -4.933013e+00
      vertex   1.542458e+02 3.705905e-01 -4.982963e+00
      vertex   1.542458e+02 2.500000e-01 -4.933013e+00
    endloop
  endfacet
  facet normal -7.121917e-18 -3.826834e-01 -9.238795e-01
    outer loop
      vertex   1.542458e+02 2.500000e-01 -4.933013e+00
      vertex   1.542458e+02 3.705905e-01 -4.982963e+00
      vertex   1.570449e+02 3.705905e-01 -4.982963e+00
    endloop
  endfacet
  facet normal -6.036295e-17 -6.087614e-01 -7.933533e-01
    outer loop
      vertex   1.486475e+02 1.464466e-01 -4.853553e+00
      vertex   1.514466e+02 2.500000e-01 -4.933013e+00
      vertex   1.514466e+02 1.464466e-01 -4.853553e+00
    endloop
  endfacet
  facet normal -6.172328e-17 -6.087614e-01 -7.933533e-01
    outer loop
      vertex   1.514466e+02 1.464466e-01 -4.853553e+00
      vertex   1.514466e+02 2.500000e-01 -4.933013e+00
      vertex   1.542458e+02 2.500000e-01 -4.933013e+00
    endloop
  endfacet
  facet normal 1.144949e-16 -7.933533e-01 -6.087614e-01
    outer loop
      vertex   1.458483e+02 6.698730e-02 -4.750000e+00
      vertex   1.486475e+02 1.464466e-01 -4.853553e+00
      vertex   1.486475e+02 6.698730e-02 -4.750000e+00
    endloop
  endfacet
  facet normal -7.596712e-17 -7.933533e-01 -6.087614e-01
    outer loop
      vertex   1.486475e+02 6.698730e-02 -4.750000e+00
      vertex   1.486475e+02 1.464466e-01 -4.853553e+00
      vertex   1.514466e+02 1.464466e-01 -4.853553e+00
    endloop
  endfacet
  facet normal 7.562180e-17 -9.238795e-01 -3.826834e-01
    outer loop
      vertex   1.430492e+02 1.703709e-02 -4.629410e+00
      vertex   1.458483e+02 6.698730e-02 -4.750000e+00
      vertex   1.458483e+02 1.703709e-02 -4.629410e+00
    endloop
  endfacet
  facet normal 3.086164e-17 -9.238795e-01 -3.826834e-01
    outer loop
      vertex   1.458483e+02 1.703709e-02 -4.629410e+00
      vertex   1.458483e+02 6.698730e-02 -4.750000e+00
      vertex   1.486475e+02 6.698730e-02 -4.750000e+00
    endloop
  endfacet
  facet normal 1.005899e-01 4.418368e-16 -9.949280e-01
    outer loop
      vertex   1.599442e+02 6.500000e+00 -4.989882e+00
      vertex   1.599442e+02 4.500000e+00 -4.989882e+00
      vertex   1.598441e+02 6.500000e+00 -5.000000e+00
    endloop
  endfacet
  facet normal 1.005899e-01 0.000000e+00 -9.949280e-01
    outer loop
      vertex   1.598441e+02 6.500000e+00 -5.000000e+00
      vertex   1.599442e+02 4.500000e+00 -4.989882e+00
      vertex   1.599442e+02 2.500000e+00 -4.989882e+00
    endloop
  endfacet
  facet normal 1.005899e-01 0.000000e+00 -9.949280e-01
    outer loop
      vertex   1.598441e+02 6.500000e+00 -5.000000e+00
      vertex   1.599442e+02 2.500000e+00 -4.989882e+00
      vertex   1.598441e+02 5.000000e-01 -5.000000e+00
    endloop
  endfacet
  facet normal 1.005899e-01 -3.093413e-15 -9.949280e-01
    outer loop
      vertex   1.598441e+02 5.000000e-01 -5.000000e+00
      vertex   1.599442e+02 2.500000e+00 -4.989882e+00
      vertex   1.599442e+02 5.000000e-01 -4.989882e+00
    endloop
  endfacet
  facet normal 2.976984e-01 -2.967679e-15 -9.546600e-01
    outer loop
      vertex   1.599442e+02 5.000000e-01 -4.989882e+00
      vertex   1.599442e+02 2.500000e+00 -4.989882e+00
      vertex   1.600402e+02 5.000000e-01 -4.959936e+00
    endloop
  endfacet
  facet normal 2.976984e-01 -4.663496e-15 -9.546600e-01
    outer loop
      vertex   1.600402e+02 5.000000e-01 -4.959936e+00
      vertex   1.599442e+02 2.500000e+00 -4.989882e+00
      vertex   1.600402e+02 2.500000e+00 -4.959936e+00
    endloop
  endfacet
  facet normal 4.827582e-01 -4.278040e-15 -8.757537e-01
    outer loop
      vertex   1.600402e+02 5.000000e-01 -4.959936e+00
      vertex   1.600402e+02 2.500000e+00 -4.959936e+00
      vertex   1.601283e+02 5.000000e-01 -4.911376e+00
    endloop
  endfacet
  facet normal 4.827582e-01 0.000000e+00 -8.757537e-01
    outer loop
      vertex   1.601283e+02 5.000000e-01 -4.911376e+00
      vertex   1.600402e+02 2.500000e+00 -4.959936e+00
      vertex   1.600402e+02 4.500000e+00 -4.959936e+00
    endloop
  endfacet
  facet normal 4.827582e-01 -2.592752e-16 -8.757537e-01
    outer loop
      vertex   1.601283e+02 5.000000e-01 -4.911376e+00
      vertex   1.600402e+02 4.500000e+00 -4.959936e+00
      vertex   1.601283e+02 6.500000e+00 -4.911376e+00
    endloop
  endfacet
  facet normal 4.827582e-01 2.332455e-15 -8.757537e-01
    outer loop
      vertex   1.601283e+02 6.500000e+00 -4.911376e+00
      vertex   1.600402e+02 4.500000e+00 -4.959936e+00
      vertex   1.600402e+02 6.500000e+00 -4.959936e+00
    endloop
  endfacet
  facet normal 2.976984e-01 2.543725e-15 -9.546600e-01
    outer loop
      vertex   1.600402e+02 6.500000e+00 -4.959936e+00
      vertex   1.600402e+02 4.500000e+00 -4.959936e+00
      vertex   1.599442e+02 6.500000e+00 -4.989882e+00
    endloop
  endfacet
  facet normal 2.976984e-01 4.239542e-16 -9.546600e-01
    outer loop
      vertex   1.599442e+02 6.500000e+00 -4.989882e+00
      vertex   1.600402e+02 4.500000e+00 -4.959936e+00
      vertex   1.599442e+02 4.500000e+00 -4.989882e+00
    endloop
  endfacet
  facet normal 2.976984e-01 0.000000e+00 -9.546600e-01
    outer loop
      vertex   1.600402e+02 2.500000e+00 -4.959936e+00
      vertex   1.599442e+02 2.500000e+00 -4.989882e+00
      vertex   1.599442e+02 4.500000e+00 -4.989882e+00
    endloop
  endfacet
  facet normal 2.976984e-01 0.000000e+00 -9.546600e-01
    outer loop
      vertex   1.600402e+02 2.500000e+00 -4.959936e+00
      vertex   1.599442e+02 4.500000e+00 -4.989882e+00
      vertex   1.600402e+02 4.500000e+00 -4.959936e+00
    endloop
  endfacet
  facet normal 1.955229e-03 -9.999941e-01 -2.830160e-03
    outer loop
      vertex   2.069910e+02 0.000000e+00 2.807170e+01
      vertex   1.598441e+02 0.000000e+00 -4.500000e+00
      vertex   2.069933e+02 1.183272e-05 2.806906e+01
    endloop
  endfacet
  facet normal 5.924041e-02 -9.945531e-01 -8.576010e-02
    outer loop
      vertex   2.069933e+02 1.183272e-05 2.806906e+01
      vertex   1.598441e+02 0.000000e+00 -4.500000e+00
      vertex   2.070558e+02 1.016231e-02 2.799456e+01
    endloop
  endfacet
  facet normal 9.196275e-02 -9.867992e-01 -1.333052e-01
    outer loop
      vertex   2.070558e+02 1.016231e-02 2.799456e+01
      vertex   1.598441e+02 0.000000e+00 -4.500000e+00
      vertex   1.913744e+02 1.703709e-02 1.712554e+01
    endloop
  endfacet
  facet normal 1.306188e-01 -9.732378e-01 -1.890684e-01
    outer loop
      vertex   2.070558e+02 1.016231e-02 2.799456e+01
      vertex   1.913744e+02 1.703709e-02 1.712554e+01
      vertex   1.936213e+02 1.703709e-02 1.867783e+01
    endloop
  endfacet
  facet normal 2.175179e-01 -9.238795e-01 -3.148533e-01
    outer loop
      vertex   1.936213e+02 1.703709e-02 1.867783e+01
      vertex   1.913744e+02 1.703709e-02 1.712554e+01
      vertex   1.936898e+02 6.698730e-02 1.857862e+01
    endloop
  endfacet
  facet normal 2.175179e-01 -9.238795e-01 -3.148533e-01
    outer loop
      vertex   1.936213e+02 1.703709e-02 1.867783e+01
      vertex   1.936898e+02 6.698730e-02 1.857862e+01
      vertex   1.959367e+02 6.698730e-02 2.013090e+01
    endloop
  endfacet
  facet normal 3.464056e-01 -7.928336e-01 -5.014160e-01
    outer loop
      vertex   1.959367e+02 6.698730e-02 2.013090e+01
      vertex   1.936898e+02 6.698730e-02 1.857862e+01
      vertex   1.937490e+02 1.470505e-01 1.849292e+01
    endloop
  endfacet
  facet normal 3.464335e-01 -7.927989e-01 -5.014516e-01
    outer loop
      vertex   1.959367e+02 6.698730e-02 2.013090e+01
      vertex   1.937490e+02 1.470505e-01 1.849292e+01
      vertex   1.959959e+02 1.470908e-01 2.004517e+01
    endloop
  endfacet
  facet normal 4.512362e-01 -6.080842e-01 -6.531611e-01
    outer loop
      vertex   1.959959e+02 1.470908e-01 2.004517e+01
      vertex   1.937490e+02 1.470505e-01 1.849292e+01
      vertex   1.937938e+02 2.500000e-01 1.842804e+01
    endloop
  endfacet
  facet normal 4.512580e-01 -6.080391e-01 -6.531881e-01
    outer loop
      vertex   1.959959e+02 1.470908e-01 2.004517e+01
      vertex   1.937938e+02 2.500000e-01 1.842804e+01
      vertex   1.960407e+02 2.500000e-01 1.998033e+01
    endloop
  endfacet
  facet normal 5.251346e-01 -3.826834e-01 -7.601231e-01
    outer loop
      vertex   1.960407e+02 2.500000e-01 1.998033e+01
      vertex   1.937938e+02 2.500000e-01 1.842804e+01
      vertex   1.960691e+02 3.705905e-01 1.993923e+01
    endloop
  endfacet
  facet normal 5.251346e-01 -3.826834e-01 -7.601231e-01
    outer loop
      vertex   1.960407e+02 2.500000e-01 1.998033e+01
      vertex   1.960691e+02 3.705905e-01 1.993923e+01
      vertex   1.983160e+02 3.705905e-01 2.149152e+01
    endloop
  endfacet
  facet normal 5.635388e-01 -1.305262e-01 -8.157125e-01
    outer loop
      vertex   1.983160e+02 3.705905e-01 2.149152e+01
      vertex   1.960691e+02 3.705905e-01 1.993923e+01
      vertex   2.073134e+02 5.000000e-01 2.768665e+01
    endloop
  endfacet
  facet normal 5.635388e-01 -1.305262e-01 -8.157125e-01
    outer loop
      vertex   1.983160e+02 3.705905e-01 2.149152e+01
      vertex   2.073134e+02 5.000000e-01 2.768665e+01
      vertex   2.005629e+02 3.705905e-01 2.304381e+01
    endloop
  endfacet
  facet normal 5.635388e-01 -1.305262e-01 -8.157125e-01
    outer loop
      vertex   2.005629e+02 3.705905e-01 2.304381e+01
      vertex   2.073134e+02 5.000000e-01 2.768665e+01
      vertex   2.028099e+02 3.705905e-01 2.459609e+01
    endloop
  endfacet
  facet normal 5.251346e-01 -3.826834e-01 -7.601231e-01
    outer loop
      vertex   2.005629e+02 3.705905e-01 2.304381e+01
      vertex   2.028099e+02 3.705905e-01 2.459609e+01
      vertex   2.005346e+02 2.500000e-01 2.308490e+01
    endloop
  endfacet
  facet normal 5.251346e-01 -3.826834e-01 -7.601231e-01
    outer loop
      vertex   2.005346e+02 2.500000e-01 2.308490e+01
      vertex   2.028099e+02 3.705905e-01 2.459609e+01
      vertex   2.027815e+02 2.500000e-01 2.463719e+01
    endloop
  endfacet
  facet normal 4.513170e-01 -6.079036e-01 -6.532734e-01
    outer loop
      vertex   2.005346e+02 2.500000e-01 2.308490e+01
      vertex   2.027815e+02 2.500000e-01 2.463719e+01
      vertex   2.027367e+02 1.472117e-01 2.470194e+01
    endloop
  endfacet
  facet normal 4.513148e-01 -6.079036e-01 -6.532750e-01
    outer loop
      vertex   2.027367e+02 1.472117e-01 2.470194e+01
      vertex   2.027815e+02 2.500000e-01 2.463719e+01
      vertex   2.049837e+02 1.472520e-01 2.625419e+01
    endloop
  endfacet
  facet normal 3.465360e-01 -7.926602e-01 -5.016000e-01
    outer loop
      vertex   2.027367e+02 1.472117e-01 2.470194e+01
      vertex   2.049837e+02 1.472520e-01 2.625419e+01
      vertex   2.049243e+02 6.698730e-02 2.634005e+01
    endloop
  endfacet
  facet normal 3.455160e-01 -7.926596e-01 -5.023041e-01
    outer loop
      vertex   2.049243e+02 6.698730e-02 2.634005e+01
      vertex   2.049837e+02 1.472520e-01 2.625419e+01
      vertex   2.071712e+02 8.519578e-02 2.785685e+01
    endloop
  endfacet
  facet normal 2.705020e-01 -8.801272e-01 -3.901344e-01
    outer loop
      vertex   2.049243e+02 6.698730e-02 2.634005e+01
      vertex   2.071712e+02 8.519578e-02 2.785685e+01
      vertex   2.071159e+02 3.890104e-02 2.792293e+01
    endloop
  endfacet
  facet normal 7.419129e-02 -9.914449e-01 -1.073906e-01
    outer loop
      vertex   1.599176e+02 1.703709e-02 -4.606472e+00
      vertex   1.621645e+02 1.703709e-02 -3.054185e+00
      vertex   1.598441e+02 0.000000e+00 -4.500000e+00
    endloop
  endfacet
  facet normal 7.419129e-02 -9.914449e-01 -1.073906e-01
    outer loop
      vertex   1.598441e+02 0.000000e+00 -4.500000e+00
      vertex   1.621645e+02 1.703709e-02 -3.054185e+00
      vertex   1.644115e+02 1.703709e-02 -1.501898e+00
    endloop
  endfacet
  facet normal 7.419129e-02 -9.914449e-01 -1.073906e-01
    outer loop
      vertex   1.598441e+02 0.000000e+00 -4.500000e+00
      vertex   1.644115e+02 1.703709e-02 -1.501898e+00
      vertex   1.666584e+02 1.703709e-02 5.038876e-02
    endloop
  endfacet
  facet normal 2.175179e-01 -9.238795e-01 -3.148533e-01
    outer loop
      vertex   1.666584e+02 1.703709e-02 5.038876e-02
      vertex   1.644115e+02 1.703709e-02 -1.501898e+00
      vertex   1.667269e+02 6.698730e-02 -4.882721e-02
    endloop
  endfacet
  facet normal 2.175179e-01 -9.238795e-01 -3.148533e-01
    outer loop
      vertex   1.666584e+02 1.703709e-02 5.038876e-02
      vertex   1.667269e+02 6.698730e-02 -4.882721e-02
      vertex   1.689738e+02 6.698730e-02 1.503460e+00
    endloop
  endfacet
  facet normal 3.460979e-01 -7.932494e-01 -5.009706e-01
    outer loop
      vertex   1.689738e+02 6.698730e-02 1.503460e+00
      vertex   1.667269e+02 6.698730e-02 -4.882721e-02
      vertex   1.667858e+02 1.465673e-01 -1.341252e-01
    endloop
  endfacet
  facet normal 3.461258e-01 -7.932148e-01 -5.010062e-01
    outer loop
      vertex   1.689738e+02 6.698730e-02 1.503460e+00
      vertex   1.667858e+02 1.465673e-01 -1.341252e-01
      vertex   1.690328e+02 1.466075e-01 1.418129e+00
    endloop
  endfacet
  facet normal 4.510001e-01 -6.086260e-01 -6.528195e-01
    outer loop
      vertex   1.690328e+02 1.466075e-01 1.418129e+00
      vertex   1.667858e+02 1.465673e-01 -1.341252e-01
      vertex   1.668309e+02 2.500000e-01 -1.994011e-01
    endloop
  endfacet
  facet normal 4.510220e-01 -6.085809e-01 -6.528464e-01
    outer loop
      vertex   1.690328e+02 1.466075e-01 1.418129e+00
      vertex   1.668309e+02 2.500000e-01 -1.994011e-01
      vertex   1.690778e+02 2.500000e-01 1.352886e+00
    endloop
  endfacet
  facet normal 5.251346e-01 -3.826834e-01 -7.601231e-01
    outer loop
      vertex   1.690778e+02 2.500000e-01 1.352886e+00
      vertex   1.668309e+02 2.500000e-01 -1.994011e-01
      vertex   1.691062e+02 3.705905e-01 1.311789e+00
    endloop
  endfacet
  facet normal 5.251346e-01 -3.826834e-01 -7.601231e-01
    outer loop
      vertex   1.690778e+02 2.500000e-01 1.352886e+00
      vertex   1.691062e+02 3.705905e-01 1.311789e+00
      vertex   1.713531e+02 3.705905e-01 2.864076e+00
    endloop
  endfacet
  facet normal 5.635388e-01 -1.305262e-01 -8.157125e-01
    outer loop
      vertex   1.713531e+02 3.705905e-01 2.864076e+00
      vertex   1.691062e+02 3.705905e-01 1.311789e+00
      vertex   1.601283e+02 5.000000e-01 -4.911376e+00
    endloop
  endfacet
  facet normal 5.635388e-01 -1.305262e-01 -8.157125e-01
    outer loop
      vertex   1.713531e+02 3.705905e-01 2.864076e+00
      vertex   1.601283e+02 5.000000e-01 -4.911376e+00
      vertex   1.736000e+02 3.705905e-01 4.416363e+00
    endloop
  endfacet
  facet normal 5.635388e-01 -1.305262e-01 -8.157125e-01
    outer loop
      vertex   1.736000e+02 3.705905e-01 4.416363e+00
      vertex   1.601283e+02 5.000000e-01 -4.911376e+00
      vertex   1.758470e+02 3.705905e-01 5.968650e+00
    endloop
  endfacet
  facet normal 5.251346e-01 -3.826834e-01 -7.601231e-01
    outer loop
      vertex   1.736000e+02 3.705905e-01 4.416363e+00
      vertex   1.758470e+02 3.705905e-01 5.968650e+00
      vertex   1.735717e+02 2.500000e-01 4.457459e+00
    endloop
  endfacet
  facet normal 5.251346e-01 -3.826834e-01 -7.601231e-01
    outer loop
      vertex   1.735717e+02 2.500000e-01 4.457459e+00
      vertex   1.758470e+02 3.705905e-01 5.968650e+00
      vertex   1.758186e+02 2.500000e-01 6.009746e+00
    endloop
  endfacet
  facet normal 4.510810e-01 -6.084455e-01 -6.529319e-01
    outer loop
      vertex   1.735717e+02 2.500000e-01 4.457459e+00
      vertex   1.758186e+02 2.500000e-01 6.009746e+00
      vertex   1.757736e+02 1.467283e-01 6.074890e+00
    endloop
  endfacet
  facet normal 4.510788e-01 -6.084455e-01 -6.529334e-01
    outer loop
      vertex   1.757736e+02 1.467283e-01 6.074890e+00
      vertex   1.758186e+02 2.500000e-01 6.009746e+00
      vertex   1.780205e+02 1.467686e-01 7.627144e+00
    endloop
  endfacet
  facet normal 3.462284e-01 -7.930762e-01 -5.011547e-01
    outer loop
      vertex   1.757736e+02 1.467283e-01 6.074890e+00
      vertex   1.780205e+02 1.467686e-01 7.627144e+00
      vertex   1.779614e+02 6.698730e-02 7.712607e+00
    endloop
  endfacet
  facet normal 3.462261e-01 -7.930762e-01 -5.011562e-01
    outer loop
      vertex   1.779614e+02 6.698730e-02 7.712607e+00
      vertex   1.780205e+02 1.467686e-01 7.627144e+00
      vertex   1.802084e+02 6.698730e-02 9.264894e+00
    endloop
  endfacet
  facet normal 2.175179e-01 -9.238795e-01 -3.148533e-01
    outer loop
      vertex   1.779614e+02 6.698730e-02 7.712607e+00
      vertex   1.802084e+02 6.698730e-02 9.264894e+00
      vertex   1.778929e+02 1.703709e-02 7.811823e+00
    endloop
  endfacet
  facet normal 2.175179e-01 -9.238795e-01 -3.148533e-01
    outer loop
      vertex   1.778929e+02 1.703709e-02 7.811823e+00
      vertex   1.802084e+02 6.698730e-02 9.264894e+00
      vertex   1.801398e+02 1.703709e-02 9.364110e+00
    endloop
  endfacet
  facet normal 7.419129e-02 -9.914449e-01 -1.073906e-01
    outer loop
      vertex   1.778929e+02 1.703709e-02 7.811823e+00
      vertex   1.801398e+02 1.703709e-02 9.364110e+00
      vertex   1.598441e+02 0.000000e+00 -4.500000e+00
    endloop
  endfacet
  facet normal 7.419129e-02 -9.914449e-01 -1.073906e-01
    outer loop
      vertex   1.598441e+02 0.000000e+00 -4.500000e+00
      vertex   1.801398e+02 1.703709e-02 9.364110e+00
      vertex   1.823867e+02 1.703709e-02 1.091640e+01
    endloop
  endfacet
  facet normal 7.419129e-02 -9.914449e-01 -1.073906e-01
    outer loop
      vertex   1.598441e+02 0.000000e+00 -4.500000e+00
      vertex   1.823867e+02 1.703709e-02 1.091640e+01
      vertex   1.846336e+02 1.703709e-02 1.246868e+01
    endloop
  endfacet
  facet normal 2.175179e-01 -9.238795e-01 -3.148533e-01
    outer loop
      vertex   1.846336e+02 1.703709e-02 1.246868e+01
      vertex   1.823867e+02 1.703709e-02 1.091640e+01
      vertex   1.847022e+02 6.698730e-02 1.236947e+01
    endloop
  endfacet
  facet normal 2.175179e-01 -9.238795e-01 -3.148533e-01
    outer loop
      vertex   1.846336e+02 1.703709e-02 1.246868e+01
      vertex   1.847022e+02 6.698730e-02 1.236947e+01
      vertex   1.869491e+02 6.698730e-02 1.392175e+01
    endloop
  endfacet
  facet normal 3.463031e-01 -7.929723e-01 -5.012676e-01
    outer loop
      vertex   1.869491e+02 6.698730e-02 1.392175e+01
      vertex   1.847022e+02 6.698730e-02 1.236947e+01
      vertex   1.847613e+02 1.468894e-01 1.228391e+01
    endloop
  endfacet
  facet normal 3.463309e-01 -7.929376e-01 -5.013031e-01
    outer loop
      vertex   1.869491e+02 6.698730e-02 1.392175e+01
      vertex   1.847613e+02 1.468894e-01 1.228391e+01
      vertex   1.870082e+02 1.469296e-01 1.383616e+01
    endloop
  endfacet
  facet normal 4.511575e-01 -6.082649e-01 -6.530473e-01
    outer loop
      vertex   1.870082e+02 1.469296e-01 1.383616e+01
      vertex   1.847613e+02 1.468894e-01 1.228391e+01
      vertex   1.848062e+02 2.500000e-01 1.221889e+01
    endloop
  endfacet
  facet normal 4.511794e-01 -6.082197e-01 -6.530742e-01
    outer loop
      vertex   1.870082e+02 1.469296e-01 1.383616e+01
      vertex   1.848062e+02 2.500000e-01 1.221889e+01
      vertex   1.870531e+02 2.500000e-01 1.377118e+01
    endloop
  endfacet
  facet normal 5.251346e-01 -3.826834e-01 -7.601231e-01
    outer loop
      vertex   1.870531e+02 2.500000e-01 1.377118e+01
      vertex   1.848062e+02 2.500000e-01 1.221889e+01
      vertex   1.870815e+02 3.705905e-01 1.373008e+01
    endloop
  endfacet
  facet normal 5.251346e-01 -3.826834e-01 -7.601231e-01
    outer loop
      vertex   1.870531e+02 2.500000e-01 1.377118e+01
      vertex   1.870815e+02 3.705905e-01 1.373008e+01
      vertex   1.893284e+02 3.705905e-01 1.528237e+01
    endloop
  endfacet
  facet normal 5.635388e-01 -1.305262e-01 -8.157125e-01
    outer loop
      vertex   1.893284e+02 3.705905e-01 1.528237e+01
      vertex   1.870815e+02 3.705905e-01 1.373008e+01
      vertex   2.073134e+02 5.000000e-01 2.768665e+01
    endloop
  endfacet
  facet normal 5.635388e-01 -1.305262e-01 -8.157125e-01
    outer loop
      vertex   1.893284e+02 3.705905e-01 1.528237e+01
      vertex   2.073134e+02 5.000000e-01 2.768665e+01
      vertex   1.915753e+02 3.705905e-01 1.683466e+01
    endloop
  endfacet
  facet normal 5.635388e-01 -1.305262e-01 -8.157125e-01
    outer loop
      vertex   1.915753e+02 3.705905e-01 1.683466e+01
      vertex   2.073134e+02 5.000000e-01 2.768665e+01
      vertex   1.938222e+02 3.705905e-01 1.838694e+01
    endloop
  endfacet
  facet normal 5.251346e-01 -3.826834e-01 -7.601231e-01
    outer loop
      vertex   1.915753e+02 3.705905e-01 1.683466e+01
      vertex   1.938222e+02 3.705905e-01 1.838694e+01
      vertex   1.915469e+02 2.500000e-01 1.687575e+01
    endloop
  endfacet
  facet normal 5.251346e-01 -3.826834e-01 -7.601231e-01
    outer loop
      vertex   1.915469e+02 2.500000e-01 1.687575e+01
      vertex   1.938222e+02 3.705905e-01 1.838694e+01
      vertex   1.937938e+02 2.500000e-01 1.842804e+01
    endloop
  endfacet
  facet normal 4.512384e-01 -6.080842e-01 -6.531596e-01
    outer loop
      vertex   1.915469e+02 2.500000e-01 1.687575e+01
      vertex   1.937938e+02 2.500000e-01 1.842804e+01
      vertex   1.937490e+02 1.470505e-01 1.849292e+01
    endloop
  endfacet
  facet normal 2.175179e-01 -9.238795e-01 -3.148533e-01
    outer loop
      vertex   1.621645e+02 1.703709e-02 -3.054185e+00
      vertex   1.599176e+02 1.703709e-02 -4.606472e+00
      vertex   1.622331e+02 6.698730e-02 -3.153401e+00
    endloop
  endfacet
  facet normal 2.175179e-01 -9.238795e-01 -3.148533e-01
    outer loop
      vertex   1.622331e+02 6.698730e-02 -3.153401e+00
      vertex   1.599176e+02 1.703709e-02 -4.606472e+00
      vertex   1.599862e+02 6.698730e-02 -4.705688e+00
    endloop
  endfacet
  facet normal 3.460210e-01 -7.933533e-01 -5.008592e-01
    outer loop
      vertex   1.622331e+02 6.698730e-02 -3.153401e+00
      vertex   1.599862e+02 6.698730e-02 -4.705688e+00
      vertex   1.600450e+02 1.464466e-01 -4.790887e+00
    endloop
  endfacet
  facet normal 3.460488e-01 -7.933187e-01 -5.008948e-01
    outer loop
      vertex   1.622331e+02 6.698730e-02 -3.153401e+00
      vertex   1.600450e+02 1.464466e-01 -4.790887e+00
      vertex   1.622920e+02 1.464868e-01 -3.238633e+00
    endloop
  endfacet
  facet normal 4.509410e-01 -6.087614e-01 -6.527340e-01
    outer loop
      vertex   1.622920e+02 1.464868e-01 -3.238633e+00
      vertex   1.600450e+02 1.464466e-01 -4.790887e+00
      vertex   1.600902e+02 2.500000e-01 -4.856262e+00
    endloop
  endfacet
  facet normal 4.509630e-01 -6.087163e-01 -6.527610e-01
    outer loop
      vertex   1.622920e+02 1.464868e-01 -3.238633e+00
      vertex   1.600902e+02 2.500000e-01 -4.856262e+00
      vertex   1.623371e+02 2.500000e-01 -3.303975e+00
    endloop
  endfacet
  facet normal 5.251346e-01 -3.826834e-01 -7.601231e-01
    outer loop
      vertex   1.623371e+02 2.500000e-01 -3.303975e+00
      vertex   1.600902e+02 2.500000e-01 -4.856262e+00
      vertex   1.623655e+02 3.705905e-01 -3.345071e+00
    endloop
  endfacet
  facet normal 5.251346e-01 -3.826834e-01 -7.601231e-01
    outer loop
      vertex   1.623371e+02 2.500000e-01 -3.303975e+00
      vertex   1.623655e+02 3.705905e-01 -3.345071e+00
      vertex   1.646124e+02 3.705905e-01 -1.792785e+00
    endloop
  endfacet
  facet normal 5.635388e-01 -1.305262e-01 -8.157125e-01
    outer loop
      vertex   1.646124e+02 3.705905e-01 -1.792785e+00
      vertex   1.623655e+02 3.705905e-01 -3.345071e+00
      vertex   1.601283e+02 5.000000e-01 -4.911376e+00
    endloop
  endfacet
  facet normal 5.635388e-01 -1.305262e-01 -8.157125e-01
    outer loop
      vertex   1.646124e+02 3.705905e-01 -1.792785e+00
      vertex   1.601283e+02 5.000000e-01 -4.911376e+00
      vertex   1.668593e+02 3.705905e-01 -2.404977e-01
    endloop
  endfacet
  facet normal 5.635388e-01 -1.305262e-01 -8.157125e-01
    outer loop
      vertex   1.668593e+02 3.705905e-01 -2.404977e-01
      vertex   1.601283e+02 5.000000e-01 -4.911376e+00
      vertex   1.691062e+02 3.705905e-01 1.311789e+00
    endloop
  endfacet
  facet normal 5.251346e-01 -3.826834e-01 -7.601231e-01
    outer loop
      vertex   1.668593e+02 3.705905e-01 -2.404977e-01
      vertex   1.691062e+02 3.705905e-01 1.311789e+00
      vertex   1.668309e+02 2.500000e-01 -1.994011e-01
    endloop
  endfacet
  facet normal 5.251346e-01 -3.826834e-01 -7.601231e-01
    outer loop
      vertex   1.600902e+02 2.500000e-01 -4.856262e+00
      vertex   1.601186e+02 3.705905e-01 -4.897358e+00
      vertex   1.623655e+02 3.705905e-01 -3.345071e+00
    endloop
  endfacet
  facet normal 5.635388e-01 -1.305262e-01 -8.157125e-01
    outer loop
      vertex   1.623655e+02 3.705905e-01 -3.345071e+00
      vertex   1.601186e+02 3.705905e-01 -4.897358e+00
      vertex   1.601283e+02 5.000000e-01 -4.911376e+00
    endloop
  endfacet
  facet normal 5.635388e-01 -1.305262e-01 -8.157125e-01
    outer loop
      vertex   2.073134e+02 5.000000e-01 2.768665e+01
      vertex   1.825877e+02 3.705905e-01 1.062551e+01
      vertex   1.601283e+02 5.000000e-01 -4.911376e+00
    endloop
  endfacet
  facet normal 5.635388e-01 -1.305262e-01 -8.157125e-01
    outer loop
      vertex   1.601283e+02 5.000000e-01 -4.911376e+00
      vertex   1.825877e+02 3.705905e-01 1.062551e+01
      vertex   1.803408e+02 3.705905e-01 9.073223e+00
    endloop
  endfacet
  facet normal 5.635388e-01 -1.305262e-01 -8.157125e-01
    outer loop
      vertex   1.601283e+02 5.000000e-01 -4.911376e+00
      vertex   1.803408e+02 3.705905e-01 9.073223e+00
      vertex   1.780939e+02 3.705905e-01 7.520937e+00
    endloop
  endfacet
  facet normal 5.251346e-01 -3.826834e-01 -7.601231e-01
    outer loop
      vertex   1.780939e+02 3.705905e-01 7.520937e+00
      vertex   1.803408e+02 3.705905e-01 9.073223e+00
      vertex   1.780655e+02 2.500000e-01 7.562033e+00
    endloop
  endfacet
  facet normal 5.251346e-01 -3.826834e-01 -7.601231e-01
    outer loop
      vertex   1.780939e+02 3.705905e-01 7.520937e+00
      vertex   1.780655e+02 2.500000e-01 7.562033e+00
      vertex   1.758186e+02 2.500000e-01 6.009746e+00
    endloop
  endfacet
  facet normal 4.511007e-01 -6.084003e-01 -6.529603e-01
    outer loop
      vertex   1.758186e+02 2.500000e-01 6.009746e+00
      vertex   1.780655e+02 2.500000e-01 7.562033e+00
      vertex   1.780205e+02 1.467686e-01 7.627144e+00
    endloop
  endfacet
  facet normal 5.635388e-01 -1.305262e-01 -8.157125e-01
    outer loop
      vertex   2.028099e+02 3.705905e-01 2.459609e+01
      vertex   2.073134e+02 5.000000e-01 2.768665e+01
      vertex   2.050568e+02 3.705905e-01 2.614838e+01
    endloop
  endfacet
  facet normal 5.643813e-01 -9.776721e-02 -8.197044e-01
    outer loop
      vertex   2.050568e+02 3.705905e-01 2.614838e+01
      vertex   2.073134e+02 5.000000e-01 2.768665e+01
      vertex   2.073072e+02 4.026893e-01 2.769402e+01
    endloop
  endfacet
  facet normal 5.446893e-01 -2.895982e-01 -7.870492e-01
    outer loop
      vertex   2.050568e+02 3.705905e-01 2.614838e+01
      vertex   2.073072e+02 4.026893e-01 2.769402e+01
      vertex   2.072890e+02 3.091174e-01 2.771585e+01
    endloop
  endfacet
  facet normal 5.238437e-01 -3.826830e-01 -7.610135e-01
    outer loop
      vertex   2.050568e+02 3.705905e-01 2.614838e+01
      vertex   2.072890e+02 3.091174e-01 2.771585e+01
      vertex   2.050284e+02 2.500000e-01 2.618948e+01
    endloop
  endfacet
  facet normal 5.022642e-01 -4.702620e-01 -7.256613e-01
    outer loop
      vertex   2.050284e+02 2.500000e-01 2.618948e+01
      vertex   2.072890e+02 3.091174e-01 2.771585e+01
      vertex   2.072594e+02 2.229002e-01 2.775127e+01
    endloop
  endfacet
  facet normal 4.503949e-01 -6.078580e-01 -6.539519e-01
    outer loop
      vertex   2.050284e+02 2.500000e-01 2.618948e+01
      vertex   2.072594e+02 2.229002e-01 2.775127e+01
      vertex   2.049837e+02 1.472520e-01 2.625419e+01
    endloop
  endfacet
  facet normal 4.401060e-01 -6.328310e-01 -6.370492e-01
    outer loop
      vertex   2.049837e+02 1.472520e-01 2.625419e+01
      vertex   2.072594e+02 2.229002e-01 2.775127e+01
      vertex   2.072197e+02 1.472921e-01 2.779889e+01
    endloop
  endfacet
  facet normal 3.618486e-01 -7.711906e-01 -5.237659e-01
    outer loop
      vertex   2.049837e+02 1.472520e-01 2.625419e+01
      vertex   2.072197e+02 1.472921e-01 2.779889e+01
      vertex   2.071712e+02 8.519578e-02 2.785685e+01
    endloop
  endfacet
  facet normal 2.162169e-01 -9.238784e-01 -3.157515e-01
    outer loop
      vertex   2.049243e+02 6.698730e-02 2.634005e+01
      vertex   2.071159e+02 3.890104e-02 2.792293e+01
      vertex   2.048558e+02 1.703709e-02 2.643927e+01
    endloop
  endfacet
  facet normal 1.682897e-01 -9.555000e-01 -2.422773e-01
    outer loop
      vertex   2.048558e+02 1.703709e-02 2.643927e+01
      vertex   2.071159e+02 3.890104e-02 2.792293e+01
      vertex   2.070558e+02 1.016231e-02 2.799456e+01
    endloop
  endfacet
  facet normal 1.306188e-01 -9.732378e-01 -1.890684e-01
    outer loop
      vertex   2.048558e+02 1.703709e-02 2.643927e+01
      vertex   2.070558e+02 1.016231e-02 2.799456e+01
      vertex   2.026089e+02 1.703709e-02 2.488698e+01
    endloop
  endfacet
  facet normal 1.306188e-01 -9.732378e-01 -1.890684e-01
    outer loop
      vertex   2.026089e+02 1.703709e-02 2.488698e+01
      vertex   2.070558e+02 1.016231e-02 2.799456e+01
      vertex   2.003620e+02 1.703709e-02 2.333469e+01
    endloop
  endfacet
  facet normal 2.175179e-01 -9.238795e-01 -3.148533e-01
    outer loop
      vertex   2.026089e+02 1.703709e-02 2.488698e+01
      vertex   2.003620e+02 1.703709e-02 2.333469e+01
      vertex   2.026774e+02 6.698730e-02 2.478776e+01
    endloop
  endfacet
  facet normal 2.175179e-01 -9.238795e-01 -3.148533e-01
    outer loop
      vertex   2.026774e+02 6.698730e-02 2.478776e+01
      vertex   2.003620e+02 1.703709e-02 2.333469e+01
      vertex   2.004305e+02 6.698730e-02 2.323548e+01
    endloop
  endfacet
  facet normal 3.464825e-01 -7.927296e-01 -5.015273e-01
    outer loop
      vertex   2.026774e+02 6.698730e-02 2.478776e+01
      vertex   2.004305e+02 6.698730e-02 2.323548e+01
      vertex   2.004898e+02 1.471714e-01 2.314968e+01
    endloop
  endfacet
  facet normal 3.464848e-01 -7.927296e-01 -5.015258e-01
    outer loop
      vertex   2.004898e+02 1.471714e-01 2.314968e+01
      vertex   2.004305e+02 6.698730e-02 2.323548e+01
      vertex   1.982429e+02 1.471311e-01 2.159743e+01
    endloop
  endfacet
  facet normal 4.512755e-01 -6.079939e-01 -6.532181e-01
    outer loop
      vertex   2.004898e+02 1.471714e-01 2.314968e+01
      vertex   1.982429e+02 1.471311e-01 2.159743e+01
      vertex   1.982876e+02 2.500000e-01 2.153262e+01
    endloop
  endfacet
  facet normal 4.512777e-01 -6.079939e-01 -6.532165e-01
    outer loop
      vertex   1.982876e+02 2.500000e-01 2.153262e+01
      vertex   1.982429e+02 1.471311e-01 2.159743e+01
      vertex   1.960407e+02 2.500000e-01 1.998033e+01
    endloop
  endfacet
  facet normal 5.251346e-01 -3.826834e-01 -7.601231e-01
    outer loop
      vertex   1.982876e+02 2.500000e-01 2.153262e+01
      vertex   1.960407e+02 2.500000e-01 1.998033e+01
      vertex   1.983160e+02 3.705905e-01 2.149152e+01
    endloop
  endfacet
  facet normal 2.175179e-01 -9.238795e-01 -3.148533e-01
    outer loop
      vertex   1.644115e+02 1.703709e-02 -1.501898e+00
      vertex   1.621645e+02 1.703709e-02 -3.054185e+00
      vertex   1.644800e+02 6.698730e-02 -1.601114e+00
    endloop
  endfacet
  facet normal 2.175179e-01 -9.238795e-01 -3.148533e-01
    outer loop
      vertex   1.644800e+02 6.698730e-02 -1.601114e+00
      vertex   1.621645e+02 1.703709e-02 -3.054185e+00
      vertex   1.622331e+02 6.698730e-02 -3.153401e+00
    endloop
  endfacet
  facet normal 3.460466e-01 -7.933187e-01 -5.008964e-01
    outer loop
      vertex   1.644800e+02 6.698730e-02 -1.601114e+00
      vertex   1.622331e+02 6.698730e-02 -3.153401e+00
      vertex   1.622920e+02 1.464868e-01 -3.238633e+00
    endloop
  endfacet
  facet normal 7.419129e-02 -9.914449e-01 -1.073906e-01
    outer loop
      vertex   1.666584e+02 1.703709e-02 5.038876e-02
      vertex   1.689053e+02 1.703709e-02 1.602676e+00
      vertex   1.598441e+02 0.000000e+00 -4.500000e+00
    endloop
  endfacet
  facet normal 7.419129e-02 -9.914449e-01 -1.073906e-01
    outer loop
      vertex   1.598441e+02 0.000000e+00 -4.500000e+00
      vertex   1.689053e+02 1.703709e-02 1.602676e+00
      vertex   1.711522e+02 1.703709e-02 3.154963e+00
    endloop
  endfacet
  facet normal 7.419129e-02 -9.914449e-01 -1.073906e-01
    outer loop
      vertex   1.598441e+02 0.000000e+00 -4.500000e+00
      vertex   1.711522e+02 1.703709e-02 3.154963e+00
      vertex   1.733991e+02 1.703709e-02 4.707249e+00
    endloop
  endfacet
  facet normal 2.175179e-01 -9.238795e-01 -3.148533e-01
    outer loop
      vertex   1.733991e+02 1.703709e-02 4.707249e+00
      vertex   1.711522e+02 1.703709e-02 3.154963e+00
      vertex   1.734676e+02 6.698730e-02 4.608033e+00
    endloop
  endfacet
  facet normal 2.175179e-01 -9.238795e-01 -3.148533e-01
    outer loop
      vertex   1.733991e+02 1.703709e-02 4.707249e+00
      vertex   1.734676e+02 6.698730e-02 4.608033e+00
      vertex   1.757145e+02 6.698730e-02 6.160320e+00
    endloop
  endfacet
  facet normal 3.461748e-01 -7.931455e-01 -5.010820e-01
    outer loop
      vertex   1.757145e+02 6.698730e-02 6.160320e+00
      vertex   1.734676e+02 6.698730e-02 4.608033e+00
      vertex   1.735266e+02 1.466880e-01 4.522636e+00
    endloop
  endfacet
  facet normal 3.462027e-01 -7.931109e-01 -5.011176e-01
    outer loop
      vertex   1.757145e+02 6.698730e-02 6.160320e+00
      vertex   1.735266e+02 1.466880e-01 4.522636e+00
      vertex   1.757736e+02 1.467283e-01 6.074890e+00
    endloop
  endfacet
  facet normal 4.510591e-01 -6.084906e-01 -6.529049e-01
    outer loop
      vertex   1.757736e+02 1.467283e-01 6.074890e+00
      vertex   1.735266e+02 1.466880e-01 4.522636e+00
      vertex   1.735717e+02 2.500000e-01 4.457459e+00
    endloop
  endfacet
  facet normal 2.175179e-01 -9.238795e-01 -3.148533e-01
    outer loop
      vertex   1.666584e+02 1.703709e-02 5.038876e-02
      vertex   1.689738e+02 6.698730e-02 1.503460e+00
      vertex   1.689053e+02 1.703709e-02 1.602676e+00
    endloop
  endfacet
  facet normal 2.175179e-01 -9.238795e-01 -3.148533e-01
    outer loop
      vertex   1.689053e+02 1.703709e-02 1.602676e+00
      vertex   1.689738e+02 6.698730e-02 1.503460e+00
      vertex   1.712207e+02 6.698730e-02 3.055747e+00
    endloop
  endfacet
  facet normal 2.175179e-01 -9.238795e-01 -3.148533e-01
    outer loop
      vertex   1.689053e+02 1.703709e-02 1.602676e+00
      vertex   1.712207e+02 6.698730e-02 3.055747e+00
      vertex   1.711522e+02 1.703709e-02 3.154963e+00
    endloop
  endfacet
  facet normal 2.175179e-01 -9.238795e-01 -3.148533e-01
    outer loop
      vertex   1.711522e+02 1.703709e-02 3.154963e+00
      vertex   1.712207e+02 6.698730e-02 3.055747e+00
      vertex   1.734676e+02 6.698730e-02 4.608033e+00
    endloop
  endfacet
  facet normal 7.419129e-02 -9.914449e-01 -1.073906e-01
    outer loop
      vertex   1.778929e+02 1.703709e-02 7.811823e+00
      vertex   1.598441e+02 0.000000e+00 -4.500000e+00
      vertex   1.756460e+02 1.703709e-02 6.259536e+00
    endloop
  endfacet
  facet normal 7.419129e-02 -9.914449e-01 -1.073906e-01
    outer loop
      vertex   1.756460e+02 1.703709e-02 6.259536e+00
      vertex   1.598441e+02 0.000000e+00 -4.500000e+00
      vertex   1.733991e+02 1.703709e-02 4.707249e+00
    endloop
  endfacet
  facet normal 2.175179e-01 -9.238795e-01 -3.148533e-01
    outer loop
      vertex   1.756460e+02 1.703709e-02 6.259536e+00
      vertex   1.733991e+02 1.703709e-02 4.707249e+00
      vertex   1.757145e+02 6.698730e-02 6.160320e+00
    endloop
  endfacet
  facet normal 2.175179e-01 -9.238795e-01 -3.148533e-01
    outer loop
      vertex   1.779614e+02 6.698730e-02 7.712607e+00
      vertex   1.778929e+02 1.703709e-02 7.811823e+00
      vertex   1.756460e+02 1.703709e-02 6.259536e+00
    endloop
  endfacet
  facet normal 2.175179e-01 -9.238795e-01 -3.148533e-01
    outer loop
      vertex   1.779614e+02 6.698730e-02 7.712607e+00
      vertex   1.756460e+02 1.703709e-02 6.259536e+00
      vertex   1.757145e+02 6.698730e-02 6.160320e+00
    endloop
  endfacet
  facet normal 2.175179e-01 -9.238795e-01 -3.148533e-01
    outer loop
      vertex   1.823867e+02 1.703709e-02 1.091640e+01
      vertex   1.801398e+02 1.703709e-02 9.364110e+00
      vertex   1.824553e+02 6.698730e-02 1.081718e+01
    endloop
  endfacet
  facet normal 2.175179e-01 -9.238795e-01 -3.148533e-01
    outer loop
      vertex   1.824553e+02 6.698730e-02 1.081718e+01
      vertex   1.801398e+02 1.703709e-02 9.364110e+00
      vertex   1.802084e+02 6.698730e-02 9.264894e+00
    endloop
  endfacet
  facet normal 3.462518e-01 -7.930416e-01 -5.011934e-01
    outer loop
      vertex   1.824553e+02 6.698730e-02 1.081718e+01
      vertex   1.802084e+02 6.698730e-02 9.264894e+00
      vertex   1.802674e+02 1.468088e-01 9.179398e+00
    endloop
  endfacet
  facet normal 3.462540e-01 -7.930416e-01 -5.011918e-01
    outer loop
      vertex   1.802674e+02 1.468088e-01 9.179398e+00
      vertex   1.802084e+02 6.698730e-02 9.264894e+00
      vertex   1.780205e+02 1.467686e-01 7.627144e+00
    endloop
  endfacet
  facet normal 4.510985e-01 -6.084003e-01 -6.529619e-01
    outer loop
      vertex   1.802674e+02 1.468088e-01 9.179398e+00
      vertex   1.780205e+02 1.467686e-01 7.627144e+00
      vertex   1.780655e+02 2.500000e-01 7.562033e+00
    endloop
  endfacet
  facet normal 7.419129e-02 -9.914449e-01 -1.073906e-01
    outer loop
      vertex   1.846336e+02 1.703709e-02 1.246868e+01
      vertex   1.868805e+02 1.703709e-02 1.402097e+01
      vertex   1.598441e+02 0.000000e+00 -4.500000e+00
    endloop
  endfacet
  facet normal 7.419129e-02 -9.914449e-01 -1.073906e-01
    outer loop
      vertex   1.598441e+02 0.000000e+00 -4.500000e+00
      vertex   1.868805e+02 1.703709e-02 1.402097e+01
      vertex   1.891274e+02 1.703709e-02 1.557326e+01
    endloop
  endfacet
  facet normal 7.419129e-02 -9.914449e-01 -1.073906e-01
    outer loop
      vertex   1.598441e+02 0.000000e+00 -4.500000e+00
      vertex   1.891274e+02 1.703709e-02 1.557326e+01
      vertex   1.913744e+02 1.703709e-02 1.712554e+01
    endloop
  endfacet
  facet normal 2.175179e-01 -9.238795e-01 -3.148533e-01
    outer loop
      vertex   1.913744e+02 1.703709e-02 1.712554e+01
      vertex   1.891274e+02 1.703709e-02 1.557326e+01
      vertex   1.914429e+02 6.698730e-02 1.702633e+01
    endloop
  endfacet
  facet normal 2.175179e-01 -9.238795e-01 -3.148533e-01
    outer loop
      vertex   1.913744e+02 1.703709e-02 1.712554e+01
      vertex   1.914429e+02 6.698730e-02 1.702633e+01
      vertex   1.936898e+02 6.698730e-02 1.857862e+01
    endloop
  endfacet
  facet normal 3.463800e-01 -7.928683e-01 -5.013789e-01
    outer loop
      vertex   1.936898e+02 6.698730e-02 1.857862e+01
      vertex   1.914429e+02 6.698730e-02 1.702633e+01
      vertex   1.915021e+02 1.470102e-01 1.694067e+01
    endloop
  endfacet
  facet normal 3.464079e-01 -7.928336e-01 -5.014145e-01
    outer loop
      vertex   1.936898e+02 6.698730e-02 1.857862e+01
      vertex   1.915021e+02 1.470102e-01 1.694067e+01
      vertex   1.937490e+02 1.470505e-01 1.849292e+01
    endloop
  endfacet
  facet normal 4.512165e-01 -6.081294e-01 -6.531327e-01
    outer loop
      vertex   1.937490e+02 1.470505e-01 1.849292e+01
      vertex   1.915021e+02 1.470102e-01 1.694067e+01
      vertex   1.915469e+02 2.500000e-01 1.687575e+01
    endloop
  endfacet
  facet normal 2.175179e-01 -9.238795e-01 -3.148533e-01
    outer loop
      vertex   1.846336e+02 1.703709e-02 1.246868e+01
      vertex   1.869491e+02 6.698730e-02 1.392175e+01
      vertex   1.868805e+02 1.703709e-02 1.402097e+01
    endloop
  endfacet
  facet normal 2.175179e-01 -9.238795e-01 -3.148533e-01
    outer loop
      vertex   1.868805e+02 1.703709e-02 1.402097e+01
      vertex   1.869491e+02 6.698730e-02 1.392175e+01
      vertex   1.891960e+02 6.698730e-02 1.547404e+01
    endloop
  endfacet
  facet normal 2.175179e-01 -9.238795e-01 -3.148533e-01
    outer loop
      vertex   1.868805e+02 1.703709e-02 1.402097e+01
      vertex   1.891960e+02 6.698730e-02 1.547404e+01
      vertex   1.891274e+02 1.703709e-02 1.557326e+01
    endloop
  endfacet
  facet normal 2.175179e-01 -9.238795e-01 -3.148533e-01
    outer loop
      vertex   1.891274e+02 1.703709e-02 1.557326e+01
      vertex   1.891960e+02 6.698730e-02 1.547404e+01
      vertex   1.914429e+02 6.698730e-02 1.702633e+01
    endloop
  endfacet
  facet normal 1.306188e-01 -9.732378e-01 -1.890684e-01
    outer loop
      vertex   1.936213e+02 1.703709e-02 1.867783e+01
      vertex   1.958682e+02 1.703709e-02 2.023012e+01
      vertex   2.070558e+02 1.016231e-02 2.799456e+01
    endloop
  endfacet
  facet normal 1.306188e-01 -9.732378e-01 -1.890684e-01
    outer loop
      vertex   2.070558e+02 1.016231e-02 2.799456e+01
      vertex   1.958682e+02 1.703709e-02 2.023012e+01
      vertex   1.981151e+02 1.703709e-02 2.178240e+01
    endloop
  endfacet
  facet normal 1.306188e-01 -9.732378e-01 -1.890684e-01
    outer loop
      vertex   2.070558e+02 1.016231e-02 2.799456e+01
      vertex   1.981151e+02 1.703709e-02 2.178240e+01
      vertex   2.003620e+02 1.703709e-02 2.333469e+01
    endloop
  endfacet
  facet normal 2.175179e-01 -9.238795e-01 -3.148533e-01
    outer loop
      vertex   2.003620e+02 1.703709e-02 2.333469e+01
      vertex   1.981151e+02 1.703709e-02 2.178240e+01
      vertex   2.004305e+02 6.698730e-02 2.323548e+01
    endloop
  endfacet
  facet normal 2.175179e-01 -9.238795e-01 -3.148533e-01
    outer loop
      vertex   1.936213e+02 1.703709e-02 1.867783e+01
      vertex   1.959367e+02 6.698730e-02 2.013090e+01
      vertex   1.958682e+02 1.703709e-02 2.023012e+01
    endloop
  endfacet
  facet normal 2.175179e-01 -9.238795e-01 -3.148533e-01
    outer loop
      vertex   1.958682e+02 1.703709e-02 2.023012e+01
      vertex   1.959367e+02 6.698730e-02 2.013090e+01
      vertex   1.981836e+02 6.698730e-02 2.168319e+01
    endloop
  endfacet
  facet normal 2.175179e-01 -9.238795e-01 -3.148533e-01
    outer loop
      vertex   1.958682e+02 1.703709e-02 2.023012e+01
      vertex   1.981836e+02 6.698730e-02 2.168319e+01
      vertex   1.981151e+02 1.703709e-02 2.178240e+01
    endloop
  endfacet
  facet normal 2.175179e-01 -9.238795e-01 -3.148533e-01
    outer loop
      vertex   1.981151e+02 1.703709e-02 2.178240e+01
      vertex   1.981836e+02 6.698730e-02 2.168319e+01
      vertex   2.004305e+02 6.698730e-02 2.323548e+01
    endloop
  endfacet
  facet normal 2.175179e-01 -9.238795e-01 -3.148533e-01
    outer loop
      vertex   2.049243e+02 6.698730e-02 2.634005e+01
      vertex   2.048558e+02 1.703709e-02 2.643927e+01
      vertex   2.026089e+02 1.703709e-02 2.488698e+01
    endloop
  endfacet
  facet normal 2.175179e-01 -9.238795e-01 -3.148533e-01
    outer loop
      vertex   2.049243e+02 6.698730e-02 2.634005e+01
      vertex   2.026089e+02 1.703709e-02 2.488698e+01
      vertex   2.026774e+02 6.698730e-02 2.478776e+01
    endloop
  endfacet
  facet normal 2.175179e-01 -9.238795e-01 -3.148533e-01
    outer loop
      vertex   1.644115e+02 1.703709e-02 -1.501898e+00
      vertex   1.644800e+02 6.698730e-02 -1.601114e+00
      vertex   1.667269e+02 6.698730e-02 -4.882721e-02
    endloop
  endfacet
  facet normal 3.460723e-01 -7.932841e-01 -5.009335e-01
    outer loop
      vertex   1.667269e+02 6.698730e-02 -4.882721e-02
      vertex   1.644800e+02 6.698730e-02 -1.601114e+00
      vertex   1.645389e+02 1.465271e-01 -1.686379e+00
    endloop
  endfacet
  facet normal 3.461001e-01 -7.932494e-01 -5.009691e-01
    outer loop
      vertex   1.667269e+02 6.698730e-02 -4.882721e-02
      vertex   1.645389e+02 1.465271e-01 -1.686379e+00
      vertex   1.667858e+02 1.465673e-01 -1.341252e-01
    endloop
  endfacet
  facet normal 4.509804e-01 -6.086712e-01 -6.527910e-01
    outer loop
      vertex   1.667858e+02 1.465673e-01 -1.341252e-01
      vertex   1.645389e+02 1.465271e-01 -1.686379e+00
      vertex   1.645840e+02 2.500000e-01 -1.751688e+00
    endloop
  endfacet
  facet normal 4.510023e-01 -6.086260e-01 -6.528179e-01
    outer loop
      vertex   1.667858e+02 1.465673e-01 -1.341252e-01
      vertex   1.645840e+02 2.500000e-01 -1.751688e+00
      vertex   1.668309e+02 2.500000e-01 -1.994011e-01
    endloop
  endfacet
  facet normal 5.251346e-01 -3.826834e-01 -7.601231e-01
    outer loop
      vertex   1.668309e+02 2.500000e-01 -1.994011e-01
      vertex   1.645840e+02 2.500000e-01 -1.751688e+00
      vertex   1.668593e+02 3.705905e-01 -2.404977e-01
    endloop
  endfacet
  facet normal 3.460745e-01 -7.932841e-01 -5.009320e-01
    outer loop
      vertex   1.645389e+02 1.465271e-01 -1.686379e+00
      vertex   1.644800e+02 6.698730e-02 -1.601114e+00
      vertex   1.622920e+02 1.464868e-01 -3.238633e+00
    endloop
  endfacet
  facet normal 3.461236e-01 -7.932148e-01 -5.010078e-01
    outer loop
      vertex   1.689738e+02 6.698730e-02 1.503460e+00
      vertex   1.690328e+02 1.466075e-01 1.418129e+00
      vertex   1.712207e+02 6.698730e-02 3.055747e+00
    endloop
  endfacet
  facet normal 3.461514e-01 -7.931802e-01 -5.010433e-01
    outer loop
      vertex   1.712207e+02 6.698730e-02 3.055747e+00
      vertex   1.690328e+02 1.466075e-01 1.418129e+00
      vertex   1.712797e+02 1.466478e-01 2.970382e+00
    endloop
  endfacet
  facet normal 3.461492e-01 -7.931802e-01 -5.010449e-01
    outer loop
      vertex   1.712207e+02 6.698730e-02 3.055747e+00
      vertex   1.712797e+02 1.466478e-01 2.970382e+00
      vertex   1.734676e+02 6.698730e-02 4.608033e+00
    endloop
  endfacet
  facet normal 3.461771e-01 -7.931455e-01 -5.010805e-01
    outer loop
      vertex   1.734676e+02 6.698730e-02 4.608033e+00
      vertex   1.712797e+02 1.466478e-01 2.970382e+00
      vertex   1.735266e+02 1.466880e-01 4.522636e+00
    endloop
  endfacet
  facet normal 3.462005e-01 -7.931109e-01 -5.011191e-01
    outer loop
      vertex   1.757736e+02 1.467283e-01 6.074890e+00
      vertex   1.779614e+02 6.698730e-02 7.712607e+00
      vertex   1.757145e+02 6.698730e-02 6.160320e+00
    endloop
  endfacet
  facet normal 2.175179e-01 -9.238795e-01 -3.148533e-01
    outer loop
      vertex   1.823867e+02 1.703709e-02 1.091640e+01
      vertex   1.824553e+02 6.698730e-02 1.081718e+01
      vertex   1.847022e+02 6.698730e-02 1.236947e+01
    endloop
  endfacet
  facet normal 3.462774e-01 -7.930069e-01 -5.012305e-01
    outer loop
      vertex   1.847022e+02 6.698730e-02 1.236947e+01
      vertex   1.824553e+02 6.698730e-02 1.081718e+01
      vertex   1.825144e+02 1.468491e-01 1.073165e+01
    endloop
  endfacet
  facet normal 3.463053e-01 -7.929723e-01 -5.012660e-01
    outer loop
      vertex   1.847022e+02 6.698730e-02 1.236947e+01
      vertex   1.825144e+02 1.468491e-01 1.073165e+01
      vertex   1.847613e+02 1.468894e-01 1.228391e+01
    endloop
  endfacet
  facet normal 4.511378e-01 -6.083100e-01 -6.530188e-01
    outer loop
      vertex   1.847613e+02 1.468894e-01 1.228391e+01
      vertex   1.825144e+02 1.468491e-01 1.073165e+01
      vertex   1.825593e+02 2.500000e-01 1.066661e+01
    endloop
  endfacet
  facet normal 4.511597e-01 -6.082649e-01 -6.530458e-01
    outer loop
      vertex   1.847613e+02 1.468894e-01 1.228391e+01
      vertex   1.825593e+02 2.500000e-01 1.066661e+01
      vertex   1.848062e+02 2.500000e-01 1.221889e+01
    endloop
  endfacet
  facet normal 5.251346e-01 -3.826834e-01 -7.601231e-01
    outer loop
      vertex   1.848062e+02 2.500000e-01 1.221889e+01
      vertex   1.825593e+02 2.500000e-01 1.066661e+01
      vertex   1.848346e+02 3.705905e-01 1.217780e+01
    endloop
  endfacet
  facet normal 5.251346e-01 -3.826834e-01 -7.601231e-01
    outer loop
      vertex   1.848062e+02 2.500000e-01 1.221889e+01
      vertex   1.848346e+02 3.705905e-01 1.217780e+01
      vertex   1.870815e+02 3.705905e-01 1.373008e+01
    endloop
  endfacet
  facet normal 5.635388e-01 -1.305262e-01 -8.157125e-01
    outer loop
      vertex   1.870815e+02 3.705905e-01 1.373008e+01
      vertex   1.848346e+02 3.705905e-01 1.217780e+01
      vertex   2.073134e+02 5.000000e-01 2.768665e+01
    endloop
  endfacet
  facet normal 3.462797e-01 -7.930069e-01 -5.012289e-01
    outer loop
      vertex   1.825144e+02 1.468491e-01 1.073165e+01
      vertex   1.824553e+02 6.698730e-02 1.081718e+01
      vertex   1.802674e+02 1.468088e-01 9.179398e+00
    endloop
  endfacet
  facet normal 3.463287e-01 -7.929376e-01 -5.013047e-01
    outer loop
      vertex   1.869491e+02 6.698730e-02 1.392175e+01
      vertex   1.870082e+02 1.469296e-01 1.383616e+01
      vertex   1.891960e+02 6.698730e-02 1.547404e+01
    endloop
  endfacet
  facet normal 3.463566e-01 -7.929029e-01 -5.013403e-01
    outer loop
      vertex   1.891960e+02 6.698730e-02 1.547404e+01
      vertex   1.870082e+02 1.469296e-01 1.383616e+01
      vertex   1.892551e+02 1.469699e-01 1.538841e+01
    endloop
  endfacet
  facet normal 3.463543e-01 -7.929029e-01 -5.013418e-01
    outer loop
      vertex   1.891960e+02 6.698730e-02 1.547404e+01
      vertex   1.892551e+02 1.469699e-01 1.538841e+01
      vertex   1.914429e+02 6.698730e-02 1.702633e+01
    endloop
  endfacet
  facet normal 3.463822e-01 -7.928683e-01 -5.013774e-01
    outer loop
      vertex   1.914429e+02 6.698730e-02 1.702633e+01
      vertex   1.892551e+02 1.469699e-01 1.538841e+01
      vertex   1.915021e+02 1.470102e-01 1.694067e+01
    endloop
  endfacet
  facet normal 3.464569e-01 -7.927643e-01 -5.014902e-01
    outer loop
      vertex   1.982429e+02 1.471311e-01 2.159743e+01
      vertex   2.004305e+02 6.698730e-02 2.323548e+01
      vertex   1.981836e+02 6.698730e-02 2.168319e+01
    endloop
  endfacet
  facet normal 3.464591e-01 -7.927643e-01 -5.014887e-01
    outer loop
      vertex   1.982429e+02 1.471311e-01 2.159743e+01
      vertex   1.981836e+02 6.698730e-02 2.168319e+01
      vertex   1.959959e+02 1.470908e-01 2.004517e+01
    endloop
  endfacet
  facet normal 3.464312e-01 -7.927989e-01 -5.014531e-01
    outer loop
      vertex   1.959959e+02 1.470908e-01 2.004517e+01
      vertex   1.981836e+02 6.698730e-02 2.168319e+01
      vertex   1.959367e+02 6.698730e-02 2.013090e+01
    endloop
  endfacet
  facet normal 3.465081e-01 -7.926949e-01 -5.015644e-01
    outer loop
      vertex   2.027367e+02 1.472117e-01 2.470194e+01
      vertex   2.049243e+02 6.698730e-02 2.634005e+01
      vertex   2.026774e+02 6.698730e-02 2.478776e+01
    endloop
  endfacet
  facet normal 3.465104e-01 -7.926949e-01 -5.015629e-01
    outer loop
      vertex   2.027367e+02 1.472117e-01 2.470194e+01
      vertex   2.026774e+02 6.698730e-02 2.478776e+01
      vertex   2.004898e+02 1.471714e-01 2.314968e+01
    endloop
  endfacet
  facet normal 4.509826e-01 -6.086712e-01 -6.527895e-01
    outer loop
      vertex   1.645840e+02 2.500000e-01 -1.751688e+00
      vertex   1.645389e+02 1.465271e-01 -1.686379e+00
      vertex   1.623371e+02 2.500000e-01 -3.303975e+00
    endloop
  endfacet
  facet normal 4.509607e-01 -6.087163e-01 -6.527625e-01
    outer loop
      vertex   1.623371e+02 2.500000e-01 -3.303975e+00
      vertex   1.645389e+02 1.465271e-01 -1.686379e+00
      vertex   1.622920e+02 1.464868e-01 -3.238633e+00
    endloop
  endfacet
  facet normal 4.510198e-01 -6.085809e-01 -6.528480e-01
    outer loop
      vertex   1.690328e+02 1.466075e-01 1.418129e+00
      vertex   1.690778e+02 2.500000e-01 1.352886e+00
      vertex   1.712797e+02 1.466478e-01 2.970382e+00
    endloop
  endfacet
  facet normal 4.510417e-01 -6.085358e-01 -6.528749e-01
    outer loop
      vertex   1.712797e+02 1.466478e-01 2.970382e+00
      vertex   1.690778e+02 2.500000e-01 1.352886e+00
      vertex   1.713247e+02 2.500000e-01 2.905173e+00
    endloop
  endfacet
  facet normal 4.510395e-01 -6.085358e-01 -6.528764e-01
    outer loop
      vertex   1.712797e+02 1.466478e-01 2.970382e+00
      vertex   1.713247e+02 2.500000e-01 2.905173e+00
      vertex   1.735266e+02 1.466880e-01 4.522636e+00
    endloop
  endfacet
  facet normal 4.510614e-01 -6.084906e-01 -6.529034e-01
    outer loop
      vertex   1.735266e+02 1.466880e-01 4.522636e+00
      vertex   1.713247e+02 2.500000e-01 2.905173e+00
      vertex   1.735717e+02 2.500000e-01 4.457459e+00
    endloop
  endfacet
  facet normal 4.511182e-01 -6.083552e-01 -6.529904e-01
    outer loop
      vertex   1.825144e+02 1.468491e-01 1.073165e+01
      vertex   1.802674e+02 1.468088e-01 9.179398e+00
      vertex   1.803124e+02 2.500000e-01 9.114320e+00
    endloop
  endfacet
  facet normal 4.511204e-01 -6.083552e-01 -6.529888e-01
    outer loop
      vertex   1.803124e+02 2.500000e-01 9.114320e+00
      vertex   1.802674e+02 1.468088e-01 9.179398e+00
      vertex   1.780655e+02 2.500000e-01 7.562033e+00
    endloop
  endfacet
  facet normal 5.251346e-01 -3.826834e-01 -7.601231e-01
    outer loop
      vertex   1.803124e+02 2.500000e-01 9.114320e+00
      vertex   1.780655e+02 2.500000e-01 7.562033e+00
      vertex   1.803408e+02 3.705905e-01 9.073223e+00
    endloop
  endfacet
  facet normal 4.511772e-01 -6.082197e-01 -6.530758e-01
    outer loop
      vertex   1.870082e+02 1.469296e-01 1.383616e+01
      vertex   1.870531e+02 2.500000e-01 1.377118e+01
      vertex   1.892551e+02 1.469699e-01 1.538841e+01
    endloop
  endfacet
  facet normal 4.511990e-01 -6.081746e-01 -6.531027e-01
    outer loop
      vertex   1.892551e+02 1.469699e-01 1.538841e+01
      vertex   1.870531e+02 2.500000e-01 1.377118e+01
      vertex   1.893000e+02 2.500000e-01 1.532347e+01
    endloop
  endfacet
  facet normal 4.511968e-01 -6.081746e-01 -6.531042e-01
    outer loop
      vertex   1.892551e+02 1.469699e-01 1.538841e+01
      vertex   1.893000e+02 2.500000e-01 1.532347e+01
      vertex   1.915021e+02 1.470102e-01 1.694067e+01
    endloop
  endfacet
  facet normal 4.512187e-01 -6.081294e-01 -6.531312e-01
    outer loop
      vertex   1.915021e+02 1.470102e-01 1.694067e+01
      vertex   1.893000e+02 2.500000e-01 1.532347e+01
      vertex   1.915469e+02 2.500000e-01 1.687575e+01
    endloop
  endfacet
  facet normal 4.512558e-01 -6.080391e-01 -6.531896e-01
    outer loop
      vertex   1.960407e+02 2.500000e-01 1.998033e+01
      vertex   1.982429e+02 1.471311e-01 2.159743e+01
      vertex   1.959959e+02 1.470908e-01 2.004517e+01
    endloop
  endfacet
  facet normal 4.512951e-01 -6.079488e-01 -6.532465e-01
    outer loop
      vertex   2.005346e+02 2.500000e-01 2.308490e+01
      vertex   2.027367e+02 1.472117e-01 2.470194e+01
      vertex   2.004898e+02 1.471714e-01 2.314968e+01
    endloop
  endfacet
  facet normal 4.512974e-01 -6.079488e-01 -6.532450e-01
    outer loop
      vertex   2.005346e+02 2.500000e-01 2.308490e+01
      vertex   2.004898e+02 1.471714e-01 2.314968e+01
      vertex   1.982876e+02 2.500000e-01 2.153262e+01
    endloop
  endfacet
  facet normal 4.513367e-01 -6.078584e-01 -6.533019e-01
    outer loop
      vertex   2.050284e+02 2.500000e-01 2.618948e+01
      vertex   2.049837e+02 1.472520e-01 2.625419e+01
      vertex   2.027815e+02 2.500000e-01 2.463719e+01
    endloop
  endfacet
  facet normal 5.251346e-01 -3.826834e-01 -7.601231e-01
    outer loop
      vertex   1.668593e+02 3.705905e-01 -2.404977e-01
      vertex   1.645840e+02 2.500000e-01 -1.751688e+00
      vertex   1.646124e+02 3.705905e-01 -1.792785e+00
    endloop
  endfacet
  facet normal 5.251346e-01 -3.826834e-01 -7.601231e-01
    outer loop
      vertex   1.646124e+02 3.705905e-01 -1.792785e+00
      vertex   1.645840e+02 2.500000e-01 -1.751688e+00
      vertex   1.623371e+02 2.500000e-01 -3.303975e+00
    endloop
  endfacet
  facet normal 5.251346e-01 -3.826834e-01 -7.601231e-01
    outer loop
      vertex   1.736000e+02 3.705905e-01 4.416363e+00
      vertex   1.735717e+02 2.500000e-01 4.457459e+00
      vertex   1.713247e+02 2.500000e-01 2.905173e+00
    endloop
  endfacet
  facet normal 5.251346e-01 -3.826834e-01 -7.601231e-01
    outer loop
      vertex   1.736000e+02 3.705905e-01 4.416363e+00
      vertex   1.713247e+02 2.500000e-01 2.905173e+00
      vertex   1.713531e+02 3.705905e-01 2.864076e+00
    endloop
  endfacet
  facet normal 5.251346e-01 -3.826834e-01 -7.601231e-01
    outer loop
      vertex   1.713531e+02 3.705905e-01 2.864076e+00
      vertex   1.713247e+02 2.500000e-01 2.905173e+00
      vertex   1.690778e+02 2.500000e-01 1.352886e+00
    endloop
  endfacet
  facet normal 5.251346e-01 -3.826834e-01 -7.601231e-01
    outer loop
      vertex   1.780939e+02 3.705905e-01 7.520937e+00
      vertex   1.758186e+02 2.500000e-01 6.009746e+00
      vertex   1.758470e+02 3.705905e-01 5.968650e+00
    endloop
  endfacet
  facet normal 4.511400e-01 -6.083100e-01 -6.530173e-01
    outer loop
      vertex   1.825144e+02 1.468491e-01 1.073165e+01
      vertex   1.803124e+02 2.500000e-01 9.114320e+00
      vertex   1.825593e+02 2.500000e-01 1.066661e+01
    endloop
  endfacet
  facet normal 5.251346e-01 -3.826834e-01 -7.601231e-01
    outer loop
      vertex   1.825593e+02 2.500000e-01 1.066661e+01
      vertex   1.803124e+02 2.500000e-01 9.114320e+00
      vertex   1.825877e+02 3.705905e-01 1.062551e+01
    endloop
  endfacet
  facet normal 5.251346e-01 -3.826834e-01 -7.601231e-01
    outer loop
      vertex   1.825593e+02 2.500000e-01 1.066661e+01
      vertex   1.825877e+02 3.705905e-01 1.062551e+01
      vertex   1.848346e+02 3.705905e-01 1.217780e+01
    endloop
  endfacet
  facet normal 5.635388e-01 -1.305262e-01 -8.157125e-01
    outer loop
      vertex   1.848346e+02 3.705905e-01 1.217780e+01
      vertex   1.825877e+02 3.705905e-01 1.062551e+01
      vertex   2.073134e+02 5.000000e-01 2.768665e+01
    endloop
  endfacet
  facet normal 5.251346e-01 -3.826834e-01 -7.601231e-01
    outer loop
      vertex   1.825877e+02 3.705905e-01 1.062551e+01
      vertex   1.803124e+02 2.500000e-01 9.114320e+00
      vertex   1.803408e+02 3.705905e-01 9.073223e+00
    endloop
  endfacet
  facet normal 5.251346e-01 -3.826834e-01 -7.601231e-01
    outer loop
      vertex   1.915753e+02 3.705905e-01 1.683466e+01
      vertex   1.915469e+02 2.500000e-01 1.687575e+01
      vertex   1.893000e+02 2.500000e-01 1.532347e+01
    endloop
  endfacet
  facet normal 5.251346e-01 -3.826834e-01 -7.601231e-01
    outer loop
      vertex   1.915753e+02 3.705905e-01 1.683466e+01
      vertex   1.893000e+02 2.500000e-01 1.532347e+01
      vertex   1.893284e+02 3.705905e-01 1.528237e+01
    endloop
  endfacet
  facet normal 5.251346e-01 -3.826834e-01 -7.601231e-01
    outer loop
      vertex   1.893284e+02 3.705905e-01 1.528237e+01
      vertex   1.893000e+02 2.500000e-01 1.532347e+01
      vertex   1.870531e+02 2.500000e-01 1.377118e+01
    endloop
  endfacet
  facet normal 5.251346e-01 -3.826834e-01 -7.601231e-01
    outer loop
      vertex   1.960691e+02 3.705905e-01 1.993923e+01
      vertex   1.937938e+02 2.500000e-01 1.842804e+01
      vertex   1.938222e+02 3.705905e-01 1.838694e+01
    endloop
  endfacet
  facet normal 5.251346e-01 -3.826834e-01 -7.601231e-01
    outer loop
      vertex   2.005629e+02 3.705905e-01 2.304381e+01
      vertex   2.005346e+02 2.500000e-01 2.308490e+01
      vertex   1.982876e+02 2.500000e-01 2.153262e+01
    endloop
  endfacet
  facet normal 5.251346e-01 -3.826834e-01 -7.601231e-01
    outer loop
      vertex   2.005629e+02 3.705905e-01 2.304381e+01
      vertex   1.982876e+02 2.500000e-01 2.153262e+01
      vertex   1.983160e+02 3.705905e-01 2.149152e+01
    endloop
  endfacet
  facet normal 5.251346e-01 -3.826834e-01 -7.601231e-01
    outer loop
      vertex   2.050568e+02 3.705905e-01 2.614838e+01
      vertex   2.050284e+02 2.500000e-01 2.618948e+01
      vertex   2.027815e+02 2.500000e-01 2.463719e+01
    endloop
  endfacet
  facet normal 5.251346e-01 -3.826834e-01 -7.601231e-01
    outer loop
      vertex   2.050568e+02 3.705905e-01 2.614838e+01
      vertex   2.027815e+02 2.500000e-01 2.463719e+01
      vertex   2.028099e+02 3.705905e-01 2.459609e+01
    endloop
  endfacet
  facet normal 5.635388e-01 -1.305262e-01 -8.157125e-01
    outer loop
      vertex   1.601283e+02 5.000000e-01 -4.911376e+00
      vertex   1.780939e+02 3.705905e-01 7.520937e+00
      vertex   1.758470e+02 3.705905e-01 5.968650e+00
    endloop
  endfacet
  facet normal 5.635388e-01 -1.305262e-01 -8.157125e-01
    outer loop
      vertex   2.073134e+02 5.000000e-01 2.768665e+01
      vertex   1.960691e+02 3.705905e-01 1.993923e+01
      vertex   1.938222e+02 3.705905e-01 1.838694e+01
    endloop
  endfacet
  facet normal 7.694062e-01 -9.645408e-02 -6.314354e-01
    outer loop
      vertex   2.073134e+02 5.000000e-01 2.768665e+01
      vertex   2.080720e+02 5.000000e-01 2.861102e+01
      vertex   2.073072e+02 4.026893e-01 2.769402e+01
    endloop
  endfacet
  facet normal 7.682041e-01 -1.299428e-01 -6.268790e-01
    outer loop
      vertex   2.073072e+02 4.026893e-01 2.769402e+01
      vertex   2.080720e+02 5.000000e-01 2.861102e+01
      vertex   2.080578e+02 3.705905e-01 2.862049e+01
    endloop
  endfacet
  facet normal 7.396633e-01 -2.860370e-01 -6.091642e-01
    outer loop
      vertex   2.073072e+02 4.026893e-01 2.769402e+01
      vertex   2.080578e+02 3.705905e-01 2.862049e+01
      vertex   2.072890e+02 3.091174e-01 2.771585e+01
    endloop
  endfacet
  facet normal 7.170706e-01 -3.812399e-01 -5.834945e-01
    outer loop
      vertex   2.072890e+02 3.091174e-01 2.771585e+01
      vertex   2.080578e+02 3.705905e-01 2.862049e+01
      vertex   2.080163e+02 2.500000e-01 2.864824e+01
    endloop
  endfacet
  facet normal 6.833751e-01 -4.653415e-01 -5.625441e-01
    outer loop
      vertex   2.072890e+02 3.091174e-01 2.771585e+01
      vertex   2.080163e+02 2.500000e-01 2.864824e+01
      vertex   2.072594e+02 2.229002e-01 2.775127e+01
    endloop
  endfacet
  facet normal 6.162918e-01 -6.070596e-01 -5.016603e-01
    outer loop
      vertex   2.072594e+02 2.229002e-01 2.775127e+01
      vertex   2.080163e+02 2.500000e-01 2.864824e+01
      vertex   2.079502e+02 1.464466e-01 2.869238e+01
    endloop
  endfacet
  facet normal 6.024324e-01 -6.275926e-01 -4.931559e-01
    outer loop
      vertex   2.072594e+02 2.229002e-01 2.775127e+01
      vertex   2.079502e+02 1.464466e-01 2.869238e+01
      vertex   2.072197e+02 1.472921e-01 2.779889e+01
    endloop
  endfacet
  facet normal 4.964600e-01 -7.669221e-01 -4.066424e-01
    outer loop
      vertex   2.072197e+02 1.472921e-01 2.779889e+01
      vertex   2.079502e+02 1.464466e-01 2.869238e+01
      vertex   2.071712e+02 8.519578e-02 2.785685e+01
    endloop
  endfacet
  facet normal 4.743219e-01 -7.921131e-01 -3.841557e-01
    outer loop
      vertex   2.071712e+02 8.519578e-02 2.785685e+01
      vertex   2.079502e+02 1.464466e-01 2.869238e+01
      vertex   2.078641e+02 6.698730e-02 2.874991e+01
    endloop
  endfacet
  facet normal 3.700358e-01 -8.775289e-01 -3.049862e-01
    outer loop
      vertex   2.071712e+02 8.519578e-02 2.785685e+01
      vertex   2.078641e+02 6.698730e-02 2.874991e+01
      vertex   2.071159e+02 3.890104e-02 2.792293e+01
    endloop
  endfacet
  facet normal 2.997474e-01 -9.233798e-01 -2.398358e-01
    outer loop
      vertex   2.071159e+02 3.890104e-02 2.792293e+01
      vertex   2.078641e+02 6.698730e-02 2.874991e+01
      vertex   2.077638e+02 1.703709e-02 2.881691e+01
    endloop
  endfacet
  facet normal 1.485450e-01 -9.801056e-01 -1.316337e-01
    outer loop
      vertex   2.071159e+02 3.890104e-02 2.792293e+01
      vertex   2.077638e+02 1.703709e-02 2.881691e+01
      vertex   2.069910e+02 0.000000e+00 2.807170e+01
    endloop
  endfacet
  facet normal 9.904396e-02 -9.918594e-01 -8.003243e-02
    outer loop
      vertex   2.069910e+02 0.000000e+00 2.807170e+01
      vertex   2.077638e+02 1.703709e-02 2.881691e+01
      vertex   2.076787e+02 0.000000e+00 2.892271e+01
    endloop
  endfacet
  facet normal 1.191517e-01 -9.908313e-01 -6.368791e-02
    outer loop
      vertex   2.076787e+02 0.000000e+00 2.892271e+01
      vertex   2.077638e+02 1.703709e-02 2.881691e+01
      vertex   2.082933e+02 1.703709e-02 2.980745e+01
    endloop
  endfacet
  facet normal 1.130030e-01 -9.918176e-01 -5.939778e-02
    outer loop
      vertex   2.076787e+02 0.000000e+00 2.892271e+01
      vertex   2.082933e+02 1.703709e-02 2.980745e+01
      vertex   2.081878e+02 0.000000e+00 2.989118e+01
    endloop
  endfacet
  facet normal 1.289458e-01 -9.908799e-01 -3.911527e-02
    outer loop
      vertex   2.081878e+02 0.000000e+00 2.989118e+01
      vertex   2.082933e+02 1.703709e-02 2.980745e+01
      vertex   2.086193e+02 1.703709e-02 3.088225e+01
    endloop
  endfacet
  facet normal 1.227112e-01 -9.917752e-01 -3.638504e-02
    outer loop
      vertex   2.081878e+02 0.000000e+00 2.989118e+01
      vertex   2.086193e+02 1.703709e-02 3.088225e+01
      vertex   2.084988e+02 0.000000e+00 3.094015e+01
    endloop
  endfacet
  facet normal 1.337434e-01 -9.909284e-01 -1.317258e-02
    outer loop
      vertex   2.084988e+02 0.000000e+00 3.094015e+01
      vertex   2.086193e+02 1.703709e-02 3.088225e+01
      vertex   2.087294e+02 1.703709e-02 3.200000e+01
    endloop
  endfacet
  facet normal 1.277756e-01 -9.917322e-01 -1.186110e-02
    outer loop
      vertex   2.084988e+02 0.000000e+00 3.094015e+01
      vertex   2.087294e+02 1.703709e-02 3.200000e+01
      vertex   2.085999e+02 0.000000e+00 3.202958e+01
    endloop
  endfacet
  facet normal 1.333871e-01 -9.909769e-01 1.313748e-02
    outer loop
      vertex   2.085999e+02 0.000000e+00 3.202958e+01
      vertex   2.087294e+02 1.703709e-02 3.200000e+01
      vertex   2.086193e+02 1.703709e-02 3.311775e+01
    endloop
  endfacet
  facet normal 1.279786e-01 -9.916885e-01 1.324504e-02
    outer loop
      vertex   2.085999e+02 0.000000e+00 3.202958e+01
      vertex   2.086193e+02 1.703709e-02 3.311775e+01
      vertex   2.084873e+02 0.000000e+00 3.311788e+01
    endloop
  endfacet
  facet normal 1.279178e-01 -9.910254e-01 3.880345e-02
    outer loop
      vertex   2.084873e+02 0.000000e+00 3.311788e+01
      vertex   2.086193e+02 1.703709e-02 3.311775e+01
      vertex   2.082933e+02 1.703709e-02 3.419255e+01
    endloop
  endfacet
  facet normal 1.232869e-01 -9.916441e-01 3.797726e-02
    outer loop
      vertex   2.084873e+02 0.000000e+00 3.311788e+01
      vertex   2.082933e+02 1.703709e-02 3.419255e+01
      vertex   2.081652e+02 0.000000e+00 3.416351e+01
    endloop
  endfacet
  facet normal 1.175728e-01 -9.910738e-01 6.284399e-02
    outer loop
      vertex   2.081652e+02 0.000000e+00 3.416351e+01
      vertex   2.082933e+02 1.703709e-02 3.419255e+01
      vertex   2.077638e+02 1.703709e-02 3.518309e+01
    endloop
  endfacet
  facet normal 1.138537e-01 -9.915991e-01 6.138870e-02
    outer loop
      vertex   2.081652e+02 0.000000e+00 3.416351e+01
      vertex   2.077638e+02 1.703709e-02 3.518309e+01
      vertex   2.076459e+02 0.000000e+00 3.512655e+01
    endloop
  endfacet
  facet normal 1.027752e-01 -9.911221e-01 8.434545e-02
    outer loop
      vertex   2.076459e+02 0.000000e+00 3.512655e+01
      vertex   2.077638e+02 1.703709e-02 3.518309e+01
      vertex   2.070513e+02 1.703709e-02 3.605130e+01
    endloop
  endfacet
  facet normal 1.000139e-01 -9.915534e-01 8.257783e-02
    outer loop
      vertex   2.076459e+02 0.000000e+00 3.512655e+01
      vertex   2.070513e+02 1.703709e-02 3.605130e+01
      vertex   2.069493e+02 0.000000e+00 3.597024e+01
    endloop
  endfacet
  facet normal 8.411676e-02 -9.911704e-01 1.024966e-01
    outer loop
      vertex   2.069493e+02 0.000000e+00 3.597024e+01
      vertex   2.070513e+02 1.703709e-02 3.605130e+01
      vertex   2.061831e+02 1.703709e-02 3.676383e+01
    endloop
  endfacet
  facet normal 8.227248e-02 -9.915070e-01 1.007231e-01
    outer loop
      vertex   2.069493e+02 0.000000e+00 3.597024e+01
      vertex   2.061831e+02 1.703709e-02 3.676383e+01
      vertex   2.061020e+02 0.000000e+00 3.666238e+01
    endloop
  endfacet
  facet normal 6.227629e-02 -9.912169e-01 1.166651e-01
    outer loop
      vertex   2.061020e+02 0.000000e+00 3.666238e+01
      vertex   2.061831e+02 1.703709e-02 3.676383e+01
      vertex   2.051867e+02 1.703709e-02 3.729569e+01
    endloop
  endfacet
  facet normal 6.157144e-02 -9.913798e-01 1.156509e-01
    outer loop
      vertex   2.061020e+02 0.000000e+00 3.666238e+01
      vertex   2.051867e+02 1.703709e-02 3.729569e+01
      vertex   2.051362e+02 0.000000e+00 3.717655e+01
    endloop
  endfacet
  facet normal 3.800023e-02 -9.913475e-01 1.256432e-01
    outer loop
      vertex   2.051362e+02 0.000000e+00 3.717655e+01
      vertex   2.051867e+02 1.703709e-02 3.729569e+01
      vertex   2.041147e+02 1.703709e-02 3.761993e+01
    endloop
  endfacet
  facet normal 3.792659e-02 -9.913716e-01 1.254745e-01
    outer loop
      vertex   2.051362e+02 0.000000e+00 3.717655e+01
      vertex   2.041147e+02 1.703709e-02 3.761993e+01
      vertex   2.040889e+02 0.000000e+00 3.749312e+01
    endloop
  endfacet
  facet normal 1.282429e-02 -9.913554e-01 1.305755e-01
    outer loop
      vertex   2.040889e+02 0.000000e+00 3.749312e+01
      vertex   2.041147e+02 1.703709e-02 3.761993e+01
      vertex   2.030000e+02 1.703709e-02 3.772941e+01
    endloop
  endfacet
  facet normal 1.281115e-02 -9.913635e-01 1.305155e-01
    outer loop
      vertex   2.040889e+02 0.000000e+00 3.749312e+01
      vertex   2.030000e+02 1.703709e-02 3.772941e+01
      vertex   2.030000e+02 0.000000e+00 3.760000e+01
    endloop
  endfacet
  facet normal 8.744479e-01 -1.299083e-01 -4.674021e-01
    outer loop
      vertex   2.080578e+02 3.705905e-01 2.862049e+01
      vertex   2.080720e+02 5.000000e-01 2.861102e+01
      vertex   2.086199e+02 3.705905e-01 2.967215e+01
    endloop
  endfacet
  facet normal 8.744479e-01 -1.299083e-01 -4.674021e-01
    outer loop
      vertex   2.086199e+02 3.705905e-01 2.967215e+01
      vertex   2.080720e+02 5.000000e-01 2.861102e+01
      vertex   2.086357e+02 5.000000e-01 2.966563e+01
    endloop
  endfacet
  facet normal 9.488312e-01 -1.299083e-01 -2.878248e-01
    outer loop
      vertex   2.086199e+02 3.705905e-01 2.967215e+01
      vertex   2.086357e+02 5.000000e-01 2.966563e+01
      vertex   2.089661e+02 3.705905e-01 3.081327e+01
    endloop
  endfacet
  facet normal 9.488312e-01 -1.299083e-01 -2.878248e-01
    outer loop
      vertex   2.089661e+02 3.705905e-01 3.081327e+01
      vertex   2.086357e+02 5.000000e-01 2.966563e+01
      vertex   2.089828e+02 5.000000e-01 3.080995e+01
    endloop
  endfacet
  facet normal 9.867515e-01 -1.299083e-01 -9.718654e-02
    outer loop
      vertex   2.089661e+02 3.705905e-01 3.081327e+01
      vertex   2.089828e+02 5.000000e-01 3.080995e+01
      vertex   2.090830e+02 3.705905e-01 3.200000e+01
    endloop
  endfacet
  facet normal 9.867515e-01 -1.299083e-01 -9.718654e-02
    outer loop
      vertex   2.090830e+02 3.705905e-01 3.200000e+01
      vertex   2.089828e+02 5.000000e-01 3.080995e+01
      vertex   2.091000e+02 5.000000e-01 3.200000e+01
    endloop
  endfacet
  facet normal 9.867515e-01 -1.299083e-01 9.718654e-02
    outer loop
      vertex   2.090830e+02 3.705905e-01 3.200000e+01
      vertex   2.091000e+02 5.000000e-01 3.200000e+01
      vertex   2.089661e+02 3.705905e-01 3.318673e+01
    endloop
  endfacet
  facet normal 9.867515e-01 -1.299083e-01 9.718654e-02
    outer loop
      vertex   2.089661e+02 3.705905e-01 3.318673e+01
      vertex   2.091000e+02 5.000000e-01 3.200000e+01
      vertex   2.089828e+02 5.000000e-01 3.319005e+01
    endloop
  endfacet
  facet normal 9.488312e-01 -1.299083e-01 2.878248e-01
    outer loop
      vertex   2.089661e+02 3.705905e-01 3.318673e+01
      vertex   2.089828e+02 5.000000e-01 3.319005e+01
      vertex   2.086199e+02 3.705905e-01 3.432785e+01
    endloop
  endfacet
  facet normal 9.488312e-01 -1.299083e-01 2.878248e-01
    outer loop
      vertex   2.086199e+02 3.705905e-01 3.432785e+01
      vertex   2.089828e+02 5.000000e-01 3.319005e+01
      vertex   2.086357e+02 5.000000e-01 3.433437e+01
    endloop
  endfacet
  facet normal 8.744479e-01 -1.299083e-01 4.674021e-01
    outer loop
      vertex   2.086199e+02 3.705905e-01 3.432785e+01
      vertex   2.086357e+02 5.000000e-01 3.433437e+01
      vertex   2.080578e+02 3.705905e-01 3.537951e+01
    endloop
  endfacet
  facet normal 8.744479e-01 -1.299083e-01 4.674021e-01
    outer loop
      vertex   2.080578e+02 3.705905e-01 3.537951e+01
      vertex   2.086357e+02 5.000000e-01 3.433437e+01
      vertex   2.080720e+02 5.000000e-01 3.538898e+01
    endloop
  endfacet
  facet normal 7.664600e-01 -1.299083e-01 6.290174e-01
    outer loop
      vertex   2.080578e+02 3.705905e-01 3.537951e+01
      vertex   2.080720e+02 5.000000e-01 3.538898e+01
      vertex   2.073013e+02 3.705905e-01 3.630130e+01
    endloop
  endfacet
  facet normal 7.664600e-01 -1.299083e-01 6.290174e-01
    outer loop
      vertex   2.073013e+02 3.705905e-01 3.630130e+01
      vertex   2.080720e+02 5.000000e-01 3.538898e+01
      vertex   2.073134e+02 5.000000e-01 3.631335e+01
    endloop
  endfacet
  facet normal 6.290174e-01 -1.299083e-01 7.664600e-01
    outer loop
      vertex   2.073013e+02 3.705905e-01 3.630130e+01
      vertex   2.073134e+02 5.000000e-01 3.631335e+01
      vertex   2.063795e+02 3.705905e-01 3.705780e+01
    endloop
  endfacet
  facet normal 6.290174e-01 -1.299083e-01 7.664600e-01
    outer loop
      vertex   2.063795e+02 3.705905e-01 3.705780e+01
      vertex   2.073134e+02 5.000000e-01 3.631335e+01
      vertex   2.063890e+02 5.000000e-01 3.707196e+01
    endloop
  endfacet
  facet normal 4.674021e-01 -1.299083e-01 8.744479e-01
    outer loop
      vertex   2.063795e+02 3.705905e-01 3.705780e+01
      vertex   2.063890e+02 5.000000e-01 3.707196e+01
      vertex   2.053344e+02 5.000000e-01 3.763567e+01
    endloop
  endfacet
  facet normal 4.672445e-01 -1.308980e-01 8.743845e-01
    outer loop
      vertex   2.063795e+02 3.705905e-01 3.705780e+01
      vertex   2.053344e+02 5.000000e-01 3.763567e+01
      vertex   2.053266e+02 3.705905e-01 3.762044e+01
    endloop
  endfacet
  facet normal 2.878622e-01 -1.289207e-01 9.489546e-01
    outer loop
      vertex   2.053266e+02 3.705905e-01 3.762044e+01
      vertex   2.053344e+02 5.000000e-01 3.763567e+01
      vertex   2.041901e+02 5.000000e-01 3.798279e+01
    endloop
  endfacet
  facet normal 2.876493e-01 -1.304040e-01 9.488165e-01
    outer loop
      vertex   2.053266e+02 3.705905e-01 3.762044e+01
      vertex   2.041901e+02 5.000000e-01 3.798279e+01
      vertex   2.041861e+02 3.705905e-01 3.796621e+01
    endloop
  endfacet
  facet normal 9.719288e-02 -1.294143e-01 9.868158e-01
    outer loop
      vertex   2.041861e+02 3.705905e-01 3.796621e+01
      vertex   2.041901e+02 5.000000e-01 3.798279e+01
      vertex   2.030000e+02 5.000000e-01 3.810000e+01
    endloop
  endfacet
  facet normal 9.713224e-02 -1.299090e-01 9.867568e-01
    outer loop
      vertex   2.041861e+02 3.705905e-01 3.796621e+01
      vertex   2.030000e+02 5.000000e-01 3.810000e+01
      vertex   2.030000e+02 3.705905e-01 3.808296e+01
    endloop
  endfacet
  facet normal 9.058630e-02 -3.806846e-01 9.202572e-01
    outer loop
      vertex   2.041861e+02 3.705905e-01 3.796621e+01
      vertex   2.030000e+02 3.705905e-01 3.808296e+01
      vertex   2.041757e+02 2.500000e-01 3.791735e+01
    endloop
  endfacet
  facet normal 9.051841e-02 -3.811124e-01 9.200868e-01
    outer loop
      vertex   2.041757e+02 2.500000e-01 3.791735e+01
      vertex   2.030000e+02 3.705905e-01 3.808296e+01
      vertex   2.030000e+02 2.500000e-01 3.803301e+01
    endloop
  endfacet
  facet normal 7.783691e-02 -6.066047e-01 7.911840e-01
    outer loop
      vertex   2.041757e+02 2.500000e-01 3.791735e+01
      vertex   2.030000e+02 2.500000e-01 3.803301e+01
      vertex   2.041596e+02 1.464466e-01 3.783954e+01
    endloop
  endfacet
  facet normal 7.777000e-02 -6.069177e-01 7.909505e-01
    outer loop
      vertex   2.041596e+02 1.464466e-01 3.783954e+01
      vertex   2.030000e+02 2.500000e-01 3.803301e+01
      vertex   2.030000e+02 1.464466e-01 3.795355e+01
    endloop
  endfacet
  facet normal 5.977226e-02 -7.917555e-01 6.079067e-01
    outer loop
      vertex   2.041596e+02 1.464466e-01 3.783954e+01
      vertex   2.030000e+02 1.464466e-01 3.795355e+01
      vertex   2.041388e+02 6.698730e-02 3.773810e+01
    endloop
  endfacet
  facet normal 5.971573e-02 -7.919375e-01 6.076750e-01
    outer loop
      vertex   2.041388e+02 6.698730e-02 3.773810e+01
      vertex   2.030000e+02 1.464466e-01 3.795355e+01
      vertex   2.030000e+02 6.698730e-02 3.785000e+01
    endloop
  endfacet
  facet normal 3.759588e-02 -9.231569e-01 3.825806e-01
    outer loop
      vertex   2.041388e+02 6.698730e-02 3.773810e+01
      vertex   2.030000e+02 6.698730e-02 3.785000e+01
      vertex   2.041147e+02 1.703709e-02 3.761993e+01
    endloop
  endfacet
  facet normal 3.755821e-02 -9.232277e-01 3.824134e-01
    outer loop
      vertex   2.041147e+02 1.703709e-02 3.761993e+01
      vertex   2.030000e+02 6.698730e-02 3.785000e+01
      vertex   2.030000e+02 1.703709e-02 3.772941e+01
    endloop
  endfacet
  facet normal 7.655179e-01 4.006122e-03 6.434021e-01
    outer loop
      vertex   2.069910e+02 0.000000e+00 2.807170e+01
      vertex   2.069933e+02 1.183272e-05 2.806906e+01
      vertex   2.071159e+02 3.890104e-02 2.792293e+01
    endloop
  endfacet
  facet normal 7.655438e-01 3.812891e-03 6.433725e-01
    outer loop
      vertex   2.071159e+02 3.890104e-02 2.792293e+01
      vertex   2.069933e+02 1.183272e-05 2.806906e+01
      vertex   2.070558e+02 1.016231e-02 2.799456e+01
    endloop
  endfacet
  facet normal 1.111897e-01 -9.232991e-01 3.676353e-01
    outer loop
      vertex   2.041388e+02 6.698730e-02 3.773810e+01
      vertex   2.041147e+02 1.703709e-02 3.761993e+01
      vertex   2.051867e+02 1.703709e-02 3.729569e+01
    endloop
  endfacet
  facet normal 8.153628e-01 -3.811089e-01 -4.358205e-01
    outer loop
      vertex   2.080163e+02 2.500000e-01 2.864824e+01
      vertex   2.080578e+02 3.705905e-01 2.862049e+01
      vertex   2.085738e+02 2.500000e-01 2.969127e+01
    endloop
  endfacet
  facet normal 8.153628e-01 -3.811089e-01 -4.358205e-01
    outer loop
      vertex   2.085738e+02 2.500000e-01 2.969127e+01
      vertex   2.080578e+02 3.705905e-01 2.862049e+01
      vertex   2.086199e+02 3.705905e-01 2.967215e+01
    endloop
  endfacet
  facet normal 8.847202e-01 -3.811089e-01 -2.683769e-01
    outer loop
      vertex   2.085738e+02 2.500000e-01 2.969127e+01
      vertex   2.086199e+02 3.705905e-01 2.967215e+01
      vertex   2.089171e+02 2.500000e-01 3.082302e+01
    endloop
  endfacet
  facet normal 8.847202e-01 -3.811089e-01 -2.683769e-01
    outer loop
      vertex   2.089171e+02 2.500000e-01 3.082302e+01
      vertex   2.086199e+02 3.705905e-01 2.967215e+01
      vertex   2.089661e+02 3.705905e-01 3.081327e+01
    endloop
  endfacet
  facet normal 9.200783e-01 -3.811089e-01 -9.061980e-02
    outer loop
      vertex   2.089171e+02 2.500000e-01 3.082302e+01
      vertex   2.089661e+02 3.705905e-01 3.081327e+01
      vertex   2.090330e+02 2.500000e-01 3.200000e+01
    endloop
  endfacet
  facet normal 9.200783e-01 -3.811089e-01 -9.061980e-02
    outer loop
      vertex   2.090330e+02 2.500000e-01 3.200000e+01
      vertex   2.089661e+02 3.705905e-01 3.081327e+01
      vertex   2.090830e+02 3.705905e-01 3.200000e+01
    endloop
  endfacet
  facet normal 9.200783e-01 -3.811089e-01 9.061980e-02
    outer loop
      vertex   2.090330e+02 2.500000e-01 3.200000e+01
      vertex   2.090830e+02 3.705905e-01 3.200000e+01
      vertex   2.089171e+02 2.500000e-01 3.317698e+01
    endloop
  endfacet
  facet normal 9.200783e-01 -3.811089e-01 9.061980e-02
    outer loop
      vertex   2.089171e+02 2.500000e-01 3.317698e+01
      vertex   2.090830e+02 3.705905e-01 3.200000e+01
      vertex   2.089661e+02 3.705905e-01 3.318673e+01
    endloop
  endfacet
  facet normal 8.847202e-01 -3.811089e-01 2.683769e-01
    outer loop
      vertex   2.089171e+02 2.500000e-01 3.317698e+01
      vertex   2.089661e+02 3.705905e-01 3.318673e+01
      vertex   2.085738e+02 2.500000e-01 3.430873e+01
    endloop
  endfacet
  facet normal 8.847202e-01 -3.811089e-01 2.683769e-01
    outer loop
      vertex   2.085738e+02 2.500000e-01 3.430873e+01
      vertex   2.089661e+02 3.705905e-01 3.318673e+01
      vertex   2.086199e+02 3.705905e-01 3.432785e+01
    endloop
  endfacet
  facet normal 8.153628e-01 -3.811089e-01 4.358205e-01
    outer loop
      vertex   2.085738e+02 2.500000e-01 3.430873e+01
      vertex   2.086199e+02 3.705905e-01 3.432785e+01
      vertex   2.080163e+02 2.500000e-01 3.535176e+01
    endloop
  endfacet
  facet normal 8.153628e-01 -3.811089e-01 4.358205e-01
    outer loop
      vertex   2.080163e+02 2.500000e-01 3.535176e+01
      vertex   2.086199e+02 3.705905e-01 3.432785e+01
      vertex   2.080578e+02 3.705905e-01 3.537951e+01
    endloop
  endfacet
  facet normal 7.146715e-01 -3.811089e-01 5.865157e-01
    outer loop
      vertex   2.080163e+02 2.500000e-01 3.535176e+01
      vertex   2.080578e+02 3.705905e-01 3.537951e+01
      vertex   2.072660e+02 2.500000e-01 3.626598e+01
    endloop
  endfacet
  facet normal 7.146715e-01 -3.811089e-01 5.865157e-01
    outer loop
      vertex   2.072660e+02 2.500000e-01 3.626598e+01
      vertex   2.080578e+02 3.705905e-01 3.537951e+01
      vertex   2.073013e+02 3.705905e-01 3.630130e+01
    endloop
  endfacet
  facet normal 5.865157e-01 -3.811089e-01 7.146715e-01
    outer loop
      vertex   2.072660e+02 2.500000e-01 3.626598e+01
      vertex   2.073013e+02 3.705905e-01 3.630130e+01
      vertex   2.063518e+02 2.500000e-01 3.701627e+01
    endloop
  endfacet
  facet normal 5.865157e-01 -3.811089e-01 7.146715e-01
    outer loop
      vertex   2.063518e+02 2.500000e-01 3.701627e+01
      vertex   2.073013e+02 3.705905e-01 3.630130e+01
      vertex   2.063795e+02 3.705905e-01 3.705780e+01
    endloop
  endfacet
  facet normal 4.357315e-01 -3.811054e-01 8.154120e-01
    outer loop
      vertex   2.063518e+02 2.500000e-01 3.701627e+01
      vertex   2.063795e+02 3.705905e-01 3.705780e+01
      vertex   2.053266e+02 3.705905e-01 3.762044e+01
    endloop
  endfacet
  facet normal 7.009241e-01 -6.069115e-01 -3.746517e-01
    outer loop
      vertex   2.079502e+02 1.464466e-01 2.869238e+01
      vertex   2.080163e+02 2.500000e-01 2.864824e+01
      vertex   2.085004e+02 1.464466e-01 2.972167e+01
    endloop
  endfacet
  facet normal 7.009241e-01 -6.069115e-01 -3.746517e-01
    outer loop
      vertex   2.085004e+02 1.464466e-01 2.972167e+01
      vertex   2.080163e+02 2.500000e-01 2.864824e+01
      vertex   2.085738e+02 2.500000e-01 2.969127e+01
    endloop
  endfacet
  facet normal 7.605469e-01 -6.069115e-01 -2.307094e-01
    outer loop
      vertex   2.085004e+02 1.464466e-01 2.972167e+01
      vertex   2.085738e+02 2.500000e-01 2.969127e+01
      vertex   2.088392e+02 1.464466e-01 3.083852e+01
    endloop
  endfacet
  facet normal 7.605469e-01 -6.069115e-01 -2.307094e-01
    outer loop
      vertex   2.088392e+02 1.464466e-01 3.083852e+01
      vertex   2.085738e+02 2.500000e-01 2.969127e+01
      vertex   2.089171e+02 2.500000e-01 3.082302e+01
    endloop
  endfacet
  facet normal 7.909424e-01 -6.069115e-01 -7.790103e-02
    outer loop
      vertex   2.088392e+02 1.464466e-01 3.083852e+01
      vertex   2.089171e+02 2.500000e-01 3.082302e+01
      vertex   2.089536e+02 1.464466e-01 3.200000e+01
    endloop
  endfacet
  facet normal 7.909424e-01 -6.069115e-01 -7.790103e-02
    outer loop
      vertex   2.089536e+02 1.464466e-01 3.200000e+01
      vertex   2.089171e+02 2.500000e-01 3.082302e+01
      vertex   2.090330e+02 2.500000e-01 3.200000e+01
    endloop
  endfacet
  facet normal 7.909424e-01 -6.069115e-01 7.790103e-02
    outer loop
      vertex   2.089536e+02 1.464466e-01 3.200000e+01
      vertex   2.090330e+02 2.500000e-01 3.200000e+01
      vertex   2.088392e+02 1.464466e-01 3.316148e+01
    endloop
  endfacet
  facet normal 7.909424e-01 -6.069115e-01 7.790103e-02
    outer loop
      vertex   2.088392e+02 1.464466e-01 3.316148e+01
      vertex   2.090330e+02 2.500000e-01 3.200000e+01
      vertex   2.089171e+02 2.500000e-01 3.317698e+01
    endloop
  endfacet
  facet normal 7.605469e-01 -6.069115e-01 2.307094e-01
    outer loop
      vertex   2.088392e+02 1.464466e-01 3.316148e+01
      vertex   2.089171e+02 2.500000e-01 3.317698e+01
      vertex   2.085004e+02 1.464466e-01 3.427833e+01
    endloop
  endfacet
  facet normal 7.605469e-01 -6.069115e-01 2.307094e-01
    outer loop
      vertex   2.085004e+02 1.464466e-01 3.427833e+01
      vertex   2.089171e+02 2.500000e-01 3.317698e+01
      vertex   2.085738e+02 2.500000e-01 3.430873e+01
    endloop
  endfacet
  facet normal 7.009241e-01 -6.069115e-01 3.746517e-01
    outer loop
      vertex   2.085004e+02 1.464466e-01 3.427833e+01
      vertex   2.085738e+02 2.500000e-01 3.430873e+01
      vertex   2.079502e+02 1.464466e-01 3.530762e+01
    endloop
  endfacet
  facet normal 7.009241e-01 -6.069115e-01 3.746517e-01
    outer loop
      vertex   2.079502e+02 1.464466e-01 3.530762e+01
      vertex   2.085738e+02 2.500000e-01 3.430873e+01
      vertex   2.080163e+02 2.500000e-01 3.535176e+01
    endloop
  endfacet
  facet normal 6.143651e-01 -6.069115e-01 5.041964e-01
    outer loop
      vertex   2.079502e+02 1.464466e-01 3.530762e+01
      vertex   2.080163e+02 2.500000e-01 3.535176e+01
      vertex   2.072098e+02 1.464466e-01 3.620980e+01
    endloop
  endfacet
  facet normal 6.143651e-01 -6.069115e-01 5.041964e-01
    outer loop
      vertex   2.072098e+02 1.464466e-01 3.620980e+01
      vertex   2.080163e+02 2.500000e-01 3.535176e+01
      vertex   2.072660e+02 2.500000e-01 3.626598e+01
    endloop
  endfacet
  facet normal 5.041964e-01 -6.069115e-01 6.143651e-01
    outer loop
      vertex   2.072098e+02 1.464466e-01 3.620980e+01
      vertex   2.072660e+02 2.500000e-01 3.626598e+01
      vertex   2.063076e+02 1.464466e-01 3.695020e+01
    endloop
  endfacet
  facet normal 5.041964e-01 -6.069115e-01 6.143651e-01
    outer loop
      vertex   2.063076e+02 1.464466e-01 3.695020e+01
      vertex   2.072660e+02 2.500000e-01 3.626598e+01
      vertex   2.063518e+02 2.500000e-01 3.701627e+01
    endloop
  endfacet
  facet normal 3.745004e-01 -6.069031e-01 7.010121e-01
    outer loop
      vertex   2.063076e+02 1.464466e-01 3.695020e+01
      vertex   2.063518e+02 2.500000e-01 3.701627e+01
      vertex   2.053063e+02 2.500000e-01 3.757479e+01
    endloop
  endfacet
  facet normal 4.354751e-01 -3.819623e-01 8.151480e-01
    outer loop
      vertex   2.053063e+02 2.500000e-01 3.757479e+01
      vertex   2.063518e+02 2.500000e-01 3.701627e+01
      vertex   2.053266e+02 3.705905e-01 3.762044e+01
    endloop
  endfacet
  facet normal 2.683324e-01 -3.802587e-01 8.850994e-01
    outer loop
      vertex   2.053063e+02 2.500000e-01 3.757479e+01
      vertex   2.053266e+02 3.705905e-01 3.762044e+01
      vertex   2.041861e+02 3.705905e-01 3.796621e+01
    endloop
  endfacet
  facet normal 3.388890e-01 -9.232240e-01 -1.811400e-01
    outer loop
      vertex   2.082933e+02 1.703709e-02 2.980745e+01
      vertex   2.077638e+02 1.703709e-02 2.881691e+01
      vertex   2.078641e+02 6.698730e-02 2.874991e+01
    endloop
  endfacet
  facet normal 5.385103e-01 -7.919311e-01 -2.878397e-01
    outer loop
      vertex   2.078641e+02 6.698730e-02 2.874991e+01
      vertex   2.079502e+02 1.464466e-01 2.869238e+01
      vertex   2.084047e+02 6.698730e-02 2.976130e+01
    endloop
  endfacet
  facet normal 5.385103e-01 -7.919311e-01 -2.878397e-01
    outer loop
      vertex   2.084047e+02 6.698730e-02 2.976130e+01
      vertex   2.079502e+02 1.464466e-01 2.869238e+01
      vertex   2.085004e+02 1.464466e-01 2.972167e+01
    endloop
  endfacet
  facet normal 5.843177e-01 -7.919311e-01 -1.772508e-01
    outer loop
      vertex   2.084047e+02 6.698730e-02 2.976130e+01
      vertex   2.085004e+02 1.464466e-01 2.972167e+01
      vertex   2.087376e+02 6.698730e-02 3.085872e+01
    endloop
  endfacet
  facet normal 5.843177e-01 -7.919311e-01 -1.772508e-01
    outer loop
      vertex   2.087376e+02 6.698730e-02 3.085872e+01
      vertex   2.085004e+02 1.464466e-01 2.972167e+01
      vertex   2.088392e+02 1.464466e-01 3.083852e+01
    endloop
  endfacet
  facet normal 6.076701e-01 -7.919311e-01 -5.985029e-02
    outer loop
      vertex   2.087376e+02 6.698730e-02 3.085872e+01
      vertex   2.088392e+02 1.464466e-01 3.083852e+01
      vertex   2.088500e+02 6.698730e-02 3.200000e+01
    endloop
  endfacet
  facet normal 6.076701e-01 -7.919311e-01 -5.985029e-02
    outer loop
      vertex   2.088500e+02 6.698730e-02 3.200000e+01
      vertex   2.088392e+02 1.464466e-01 3.083852e+01
      vertex   2.089536e+02 1.464466e-01 3.200000e+01
    endloop
  endfacet
  facet normal 6.076701e-01 -7.919311e-01 5.985029e-02
    outer loop
      vertex   2.088500e+02 6.698730e-02 3.200000e+01
      vertex   2.089536e+02 1.464466e-01 3.200000e+01
      vertex   2.087376e+02 6.698730e-02 3.314128e+01
    endloop
  endfacet
  facet normal 6.076701e-01 -7.919311e-01 5.985029e-02
    outer loop
      vertex   2.087376e+02 6.698730e-02 3.314128e+01
      vertex   2.089536e+02 1.464466e-01 3.200000e+01
      vertex   2.088392e+02 1.464466e-01 3.316148e+01
    endloop
  endfacet
  facet normal 5.843177e-01 -7.919311e-01 1.772508e-01
    outer loop
      vertex   2.087376e+02 6.698730e-02 3.314128e+01
      vertex   2.088392e+02 1.464466e-01 3.316148e+01
      vertex   2.084047e+02 6.698730e-02 3.423870e+01
    endloop
  endfacet
  facet normal 5.843177e-01 -7.919311e-01 1.772508e-01
    outer loop
      vertex   2.084047e+02 6.698730e-02 3.423870e+01
      vertex   2.088392e+02 1.464466e-01 3.316148e+01
      vertex   2.085004e+02 1.464466e-01 3.427833e+01
    endloop
  endfacet
  facet normal 5.385103e-01 -7.919311e-01 2.878397e-01
    outer loop
      vertex   2.084047e+02 6.698730e-02 3.423870e+01
      vertex   2.085004e+02 1.464466e-01 3.427833e+01
      vertex   2.078641e+02 6.698730e-02 3.525009e+01
    endloop
  endfacet
  facet normal 5.385103e-01 -7.919311e-01 2.878397e-01
    outer loop
      vertex   2.078641e+02 6.698730e-02 3.525009e+01
      vertex   2.085004e+02 1.464466e-01 3.427833e+01
      vertex   2.079502e+02 1.464466e-01 3.530762e+01
    endloop
  endfacet
  facet normal 4.720082e-01 -7.919311e-01 3.873671e-01
    outer loop
      vertex   2.078641e+02 6.698730e-02 3.525009e+01
      vertex   2.079502e+02 1.464466e-01 3.530762e+01
      vertex   2.071366e+02 6.698730e-02 3.613657e+01
    endloop
  endfacet
  facet normal 4.720082e-01 -7.919311e-01 3.873671e-01
    outer loop
      vertex   2.071366e+02 6.698730e-02 3.613657e+01
      vertex   2.079502e+02 1.464466e-01 3.530762e+01
      vertex   2.072098e+02 1.464466e-01 3.620980e+01
    endloop
  endfacet
  facet normal 3.873671e-01 -7.919311e-01 4.720082e-01
    outer loop
      vertex   2.071366e+02 6.698730e-02 3.613657e+01
      vertex   2.072098e+02 1.464466e-01 3.620980e+01
      vertex   2.062501e+02 6.698730e-02 3.686410e+01
    endloop
  endfacet
  facet normal 3.873671e-01 -7.919311e-01 4.720082e-01
    outer loop
      vertex   2.062501e+02 6.698730e-02 3.686410e+01
      vertex   2.072098e+02 1.464466e-01 3.620980e+01
      vertex   2.063076e+02 1.464466e-01 3.695020e+01
    endloop
  endfacet
  facet normal 2.876678e-01 -7.919215e-01 5.386163e-01
    outer loop
      vertex   2.062501e+02 6.698730e-02 3.686410e+01
      vertex   2.063076e+02 1.464466e-01 3.695020e+01
      vertex   2.052747e+02 1.464466e-01 3.750187e+01
    endloop
  endfacet
  facet normal 3.741973e-01 -6.075308e-01 7.006302e-01
    outer loop
      vertex   2.052747e+02 1.464466e-01 3.750187e+01
      vertex   2.063076e+02 1.464466e-01 3.695020e+01
      vertex   2.053063e+02 2.500000e-01 3.757479e+01
    endloop
  endfacet
  facet normal 2.305949e-01 -6.062938e-01 7.610741e-01
    outer loop
      vertex   2.052747e+02 1.464466e-01 3.750187e+01
      vertex   2.053063e+02 2.500000e-01 3.757479e+01
      vertex   2.041757e+02 2.500000e-01 3.791735e+01
    endloop
  endfacet
  facet normal 2.680331e-01 -3.815416e-01 8.846379e-01
    outer loop
      vertex   2.041757e+02 2.500000e-01 3.791735e+01
      vertex   2.053063e+02 2.500000e-01 3.757479e+01
      vertex   2.041861e+02 3.705905e-01 3.796621e+01
    endloop
  endfacet
  facet normal 3.677160e-01 -9.232240e-01 -1.115454e-01
    outer loop
      vertex   2.086193e+02 1.703709e-02 3.088225e+01
      vertex   2.082933e+02 1.703709e-02 2.980745e+01
      vertex   2.084047e+02 6.698730e-02 2.976130e+01
    endloop
  endfacet
  facet normal 3.388890e-01 -9.232240e-01 -1.811400e-01
    outer loop
      vertex   2.084047e+02 6.698730e-02 2.976130e+01
      vertex   2.082933e+02 1.703709e-02 2.980745e+01
      vertex   2.078641e+02 6.698730e-02 2.874991e+01
    endloop
  endfacet
  facet normal 3.677160e-01 -9.232240e-01 -1.115454e-01
    outer loop
      vertex   2.086193e+02 1.703709e-02 3.088225e+01
      vertex   2.084047e+02 6.698730e-02 2.976130e+01
      vertex   2.087376e+02 6.698730e-02 3.085872e+01
    endloop
  endfacet
  facet normal 3.824119e-01 -9.232240e-01 -3.766428e-02
    outer loop
      vertex   2.087294e+02 1.703709e-02 3.200000e+01
      vertex   2.086193e+02 1.703709e-02 3.088225e+01
      vertex   2.087376e+02 6.698730e-02 3.085872e+01
    endloop
  endfacet
  facet normal 3.824119e-01 -9.232240e-01 -3.766428e-02
    outer loop
      vertex   2.087294e+02 1.703709e-02 3.200000e+01
      vertex   2.087376e+02 6.698730e-02 3.085872e+01
      vertex   2.088500e+02 6.698730e-02 3.200000e+01
    endloop
  endfacet
  facet normal 3.824119e-01 -9.232240e-01 3.766428e-02
    outer loop
      vertex   2.086193e+02 1.703709e-02 3.311775e+01
      vertex   2.087294e+02 1.703709e-02 3.200000e+01
      vertex   2.088500e+02 6.698730e-02 3.200000e+01
    endloop
  endfacet
  facet normal 3.824119e-01 -9.232240e-01 3.766428e-02
    outer loop
      vertex   2.086193e+02 1.703709e-02 3.311775e+01
      vertex   2.088500e+02 6.698730e-02 3.200000e+01
      vertex   2.087376e+02 6.698730e-02 3.314128e+01
    endloop
  endfacet
  facet normal 3.677160e-01 -9.232240e-01 1.115454e-01
    outer loop
      vertex   2.082933e+02 1.703709e-02 3.419255e+01
      vertex   2.086193e+02 1.703709e-02 3.311775e+01
      vertex   2.087376e+02 6.698730e-02 3.314128e+01
    endloop
  endfacet
  facet normal 3.677160e-01 -9.232240e-01 1.115454e-01
    outer loop
      vertex   2.082933e+02 1.703709e-02 3.419255e+01
      vertex   2.087376e+02 6.698730e-02 3.314128e+01
      vertex   2.084047e+02 6.698730e-02 3.423870e+01
    endloop
  endfacet
  facet normal 3.388890e-01 -9.232240e-01 1.811400e-01
    outer loop
      vertex   2.077638e+02 1.703709e-02 3.518309e+01
      vertex   2.082933e+02 1.703709e-02 3.419255e+01
      vertex   2.084047e+02 6.698730e-02 3.423870e+01
    endloop
  endfacet
  facet normal 3.388890e-01 -9.232240e-01 1.811400e-01
    outer loop
      vertex   2.077638e+02 1.703709e-02 3.518309e+01
      vertex   2.084047e+02 6.698730e-02 3.423870e+01
      vertex   2.078641e+02 6.698730e-02 3.525009e+01
    endloop
  endfacet
  facet normal 2.970387e-01 -9.232240e-01 2.437734e-01
    outer loop
      vertex   2.070513e+02 1.703709e-02 3.605130e+01
      vertex   2.077638e+02 1.703709e-02 3.518309e+01
      vertex   2.078641e+02 6.698730e-02 3.525009e+01
    endloop
  endfacet
  facet normal 2.970387e-01 -9.232240e-01 2.437734e-01
    outer loop
      vertex   2.070513e+02 1.703709e-02 3.605130e+01
      vertex   2.078641e+02 6.698730e-02 3.525009e+01
      vertex   2.071366e+02 6.698730e-02 3.613657e+01
    endloop
  endfacet
  facet normal 2.437734e-01 -9.232240e-01 2.970387e-01
    outer loop
      vertex   2.061831e+02 1.703709e-02 3.676383e+01
      vertex   2.070513e+02 1.703709e-02 3.605130e+01
      vertex   2.071366e+02 6.698730e-02 3.613657e+01
    endloop
  endfacet
  facet normal 2.437734e-01 -9.232240e-01 2.970387e-01
    outer loop
      vertex   2.061831e+02 1.703709e-02 3.676383e+01
      vertex   2.071366e+02 6.698730e-02 3.613657e+01
      vertex   2.062501e+02 6.698730e-02 3.686410e+01
    endloop
  endfacet
  facet normal 1.809975e-01 -9.232181e-01 3.389813e-01
    outer loop
      vertex   2.061831e+02 1.703709e-02 3.676383e+01
      vertex   2.062501e+02 6.698730e-02 3.686410e+01
      vertex   2.052339e+02 6.698730e-02 3.740666e+01
    endloop
  endfacet
  facet normal 2.873851e-01 -7.922871e-01 5.382294e-01
    outer loop
      vertex   2.052339e+02 6.698730e-02 3.740666e+01
      vertex   2.062501e+02 6.698730e-02 3.686410e+01
      vertex   2.052747e+02 1.464466e-01 3.750187e+01
    endloop
  endfacet
  facet normal 1.770953e-01 -7.915750e-01 5.848473e-01
    outer loop
      vertex   2.052339e+02 6.698730e-02 3.740666e+01
      vertex   2.052747e+02 1.464466e-01 3.750187e+01
      vertex   2.041596e+02 1.464466e-01 3.783954e+01
    endloop
  endfacet
  facet normal 2.302617e-01 -6.072323e-01 7.604265e-01
    outer loop
      vertex   2.041596e+02 1.464466e-01 3.783954e+01
      vertex   2.052747e+02 1.464466e-01 3.750187e+01
      vertex   2.041757e+02 2.500000e-01 3.791735e+01
    endloop
  endfacet
  facet normal 1.113980e-01 -9.230868e-01 3.681048e-01
    outer loop
      vertex   2.041388e+02 6.698730e-02 3.773810e+01
      vertex   2.051867e+02 1.703709e-02 3.729569e+01
      vertex   2.052339e+02 6.698730e-02 3.740666e+01
    endloop
  endfacet
  facet normal 1.807990e-01 -9.233604e-01 3.386994e-01
    outer loop
      vertex   2.052339e+02 6.698730e-02 3.740666e+01
      vertex   2.051867e+02 1.703709e-02 3.729569e+01
      vertex   2.061831e+02 1.703709e-02 3.676383e+01
    endloop
  endfacet
  facet normal 1.767937e-01 -7.921209e-01 5.841990e-01
    outer loop
      vertex   2.041388e+02 6.698730e-02 3.773810e+01
      vertex   2.052339e+02 6.698730e-02 3.740666e+01
      vertex   2.041596e+02 1.464466e-01 3.783954e+01
    endloop
  endfacet
  facet normal -8.437319e-14 -1.305262e-01 9.914449e-01
    outer loop
      vertex   3.200000e+01 3.705905e-01 3.808296e+01
      vertex   3.480328e+01 3.705905e-01 3.808296e+01
      vertex   3.200000e+01 5.000000e-01 3.810000e+01
    endloop
  endfacet
  facet normal 5.689152e-17 -1.305262e-01 9.914449e-01
    outer loop
      vertex   3.200000e+01 5.000000e-01 3.810000e+01
      vertex   3.480328e+01 3.705905e-01 3.808296e+01
      vertex   3.760656e+01 3.705905e-01 3.808296e+01
    endloop
  endfacet
  facet normal 6.163248e-17 -1.305262e-01 9.914449e-01
    outer loop
      vertex   3.200000e+01 5.000000e-01 3.810000e+01
      vertex   3.760656e+01 3.705905e-01 3.808296e+01
      vertex   4.040984e+01 3.705905e-01 3.808296e+01
    endloop
  endfacet
  facet normal 1.818716e-16 -3.826834e-01 9.238795e-01
    outer loop
      vertex   4.040984e+01 3.705905e-01 3.808296e+01
      vertex   3.760656e+01 3.705905e-01 3.808296e+01
      vertex   4.040984e+01 2.500000e-01 3.803301e+01
    endloop
  endfacet
  facet normal 2.417890e-15 -3.826834e-01 9.238795e-01
    outer loop
      vertex   4.040984e+01 3.705905e-01 3.808296e+01
      vertex   4.040984e+01 2.500000e-01 3.803301e+01
      vertex   4.321311e+01 2.500000e-01 3.803301e+01
    endloop
  endfacet
  facet normal 2.131449e-15 -6.087614e-01 7.933533e-01
    outer loop
      vertex   4.321311e+01 2.500000e-01 3.803301e+01
      vertex   4.040984e+01 2.500000e-01 3.803301e+01
      vertex   4.321311e+01 1.464466e-01 3.795355e+01
    endloop
  endfacet
  facet normal 1.967498e-15 -6.087614e-01 7.933533e-01
    outer loop
      vertex   4.321311e+01 2.500000e-01 3.803301e+01
      vertex   4.321311e+01 1.464466e-01 3.795355e+01
      vertex   4.601639e+01 1.464466e-01 3.795355e+01
    endloop
  endfacet
  facet normal 1.488033e-15 -7.933533e-01 6.087614e-01
    outer loop
      vertex   4.601639e+01 1.464466e-01 3.795355e+01
      vertex   4.321311e+01 1.464466e-01 3.795355e+01
      vertex   4.601639e+01 6.698730e-02 3.785000e+01
    endloop
  endfacet
  facet normal -1.185240e-16 -7.933533e-01 6.087614e-01
    outer loop
      vertex   4.601639e+01 1.464466e-01 3.795355e+01
      vertex   4.601639e+01 6.698730e-02 3.785000e+01
      vertex   4.881967e+01 6.698730e-02 3.785000e+01
    endloop
  endfacet
  facet normal -1.372115e-16 -9.238795e-01 3.826834e-01
    outer loop
      vertex   4.881967e+01 6.698730e-02 3.785000e+01
      vertex   4.601639e+01 6.698730e-02 3.785000e+01
      vertex   4.881967e+01 1.703709e-02 3.772941e+01
    endloop
  endfacet
  facet normal -1.611926e-16 -9.238795e-01 3.826834e-01
    outer loop
      vertex   4.881967e+01 6.698730e-02 3.785000e+01
      vertex   4.881967e+01 1.703709e-02 3.772941e+01
      vertex   5.162295e+01 1.703709e-02 3.772941e+01
    endloop
  endfacet
  facet normal -1.717871e-16 -9.914449e-01 1.305262e-01
    outer loop
      vertex   5.162295e+01 1.703709e-02 3.772941e+01
      vertex   4.881967e+01 1.703709e-02 3.772941e+01
      vertex   3.200000e+01 0.000000e+00 3.760000e+01
    endloop
  endfacet
  facet normal 1.590556e-16 -9.914449e-01 1.305262e-01
    outer loop
      vertex   5.162295e+01 1.703709e-02 3.772941e+01
      vertex   3.200000e+01 0.000000e+00 3.760000e+01
      vertex   5.442623e+01 1.703709e-02 3.772941e+01
    endloop
  endfacet
  facet normal 1.835966e-16 -9.914449e-01 1.305262e-01
    outer loop
      vertex   5.442623e+01 1.703709e-02 3.772941e+01
      vertex   3.200000e+01 0.000000e+00 3.760000e+01
      vertex   5.722951e+01 1.703709e-02 3.772941e+01
    endloop
  endfacet
  facet normal 8.327703e-16 -9.238795e-01 3.826834e-01
    outer loop
      vertex   5.442623e+01 1.703709e-02 3.772941e+01
      vertex   5.722951e+01 1.703709e-02 3.772941e+01
      vertex   5.442623e+01 6.698730e-02 3.785000e+01
    endloop
  endfacet
  facet normal 7.870331e-16 -9.238795e-01 3.826834e-01
    outer loop
      vertex   5.442623e+01 6.698730e-02 3.785000e+01
      vertex   5.722951e+01 1.703709e-02 3.772941e+01
      vertex   5.722951e+01 6.698730e-02 3.785000e+01
    endloop
  endfacet
  facet normal 1.385917e-15 -7.933533e-01 6.087614e-01
    outer loop
      vertex   5.442623e+01 6.698730e-02 3.785000e+01
      vertex   5.722951e+01 6.698730e-02 3.785000e+01
      vertex   5.442623e+01 1.464466e-01 3.795355e+01
    endloop
  endfacet
  facet normal 1.488033e-15 -7.933533e-01 6.087614e-01
    outer loop
      vertex   5.442623e+01 1.464466e-01 3.795355e+01
      vertex   5.722951e+01 6.698730e-02 3.785000e+01
      vertex   5.722951e+01 1.464466e-01 3.795355e+01
    endloop
  endfacet
  facet normal 1.968709e-15 -6.087614e-01 7.933533e-01
    outer loop
      vertex   5.442623e+01 1.464466e-01 3.795355e+01
      vertex   5.722951e+01 1.464466e-01 3.795355e+01
      vertex   5.442623e+01 2.500000e-01 3.803301e+01
    endloop
  endfacet
  facet normal 9.643864e-17 -6.087614e-01 7.933533e-01
    outer loop
      vertex   5.442623e+01 2.500000e-01 3.803301e+01
      vertex   5.722951e+01 1.464466e-01 3.795355e+01
      vertex   5.722951e+01 2.500000e-01 3.803301e+01
    endloop
  endfacet
  facet normal 6.062386e-17 -3.826834e-01 9.238795e-01
    outer loop
      vertex   5.442623e+01 2.500000e-01 3.803301e+01
      vertex   5.722951e+01 2.500000e-01 3.803301e+01
      vertex   5.442623e+01 3.705905e-01 3.808296e+01
    endloop
  endfacet
  facet normal 1.818716e-16 -3.826834e-01 9.238795e-01
    outer loop
      vertex   5.442623e+01 3.705905e-01 3.808296e+01
      vertex   5.722951e+01 2.500000e-01 3.803301e+01
      vertex   5.722951e+01 3.705905e-01 3.808296e+01
    endloop
  endfacet
  facet normal 6.203301e-17 -1.305262e-01 9.914449e-01
    outer loop
      vertex   5.442623e+01 3.705905e-01 3.808296e+01
      vertex   5.722951e+01 3.705905e-01 3.808296e+01
      vertex   3.200000e+01 5.000000e-01 3.810000e+01
    endloop
  endfacet
  facet normal 2.575527e-15 -1.305262e-01 9.914449e-01
    outer loop
      vertex   3.200000e+01 5.000000e-01 3.810000e+01
      vertex   5.722951e+01 3.705905e-01 3.808296e+01
      vertex   6.003279e+01 3.705905e-01 3.808296e+01
    endloop
  endfacet
  facet normal 2.569600e-15 -1.305262e-01 9.914449e-01
    outer loop
      vertex   3.200000e+01 5.000000e-01 3.810000e+01
      vertex   6.003279e+01 3.705905e-01 3.808296e+01
      vertex   6.283607e+01 3.705905e-01 3.808296e+01
    endloop
  endfacet
  facet normal 2.508459e-15 -3.826834e-01 9.238795e-01
    outer loop
      vertex   6.283607e+01 3.705905e-01 3.808296e+01
      vertex   6.003279e+01 3.705905e-01 3.808296e+01
      vertex   6.283607e+01 2.500000e-01 3.803301e+01
    endloop
  endfacet
  facet normal 2.413149e-15 -3.826834e-01 9.238795e-01
    outer loop
      vertex   6.283607e+01 3.705905e-01 3.808296e+01
      vertex   6.283607e+01 2.500000e-01 3.803301e+01
      vertex   6.563934e+01 2.500000e-01 3.803301e+01
    endloop
  endfacet
  facet normal 2.125421e-15 -6.087614e-01 7.933533e-01
    outer loop
      vertex   6.563934e+01 2.500000e-01 3.803301e+01
      vertex   6.283607e+01 2.500000e-01 3.803301e+01
      vertex   6.563934e+01 1.464466e-01 3.795355e+01
    endloop
  endfacet
  facet normal -5.215056e-17 -6.087614e-01 7.933533e-01
    outer loop
      vertex   6.563934e+01 2.500000e-01 3.803301e+01
      vertex   6.563934e+01 1.464466e-01 3.795355e+01
      vertex   6.844262e+01 1.464466e-01 3.795355e+01
    endloop
  endfacet
  facet normal -6.284064e-17 -7.933533e-01 6.087614e-01
    outer loop
      vertex   6.844262e+01 1.464466e-01 3.795355e+01
      vertex   6.563934e+01 1.464466e-01 3.795355e+01
      vertex   6.844262e+01 6.698730e-02 3.785000e+01
    endloop
  endfacet
  facet normal 1.408065e-15 -7.933533e-01 6.087614e-01
    outer loop
      vertex   6.844262e+01 1.464466e-01 3.795355e+01
      vertex   6.844262e+01 6.698730e-02 3.785000e+01
      vertex   7.124590e+01 6.698730e-02 3.785000e+01
    endloop
  endfacet
  facet normal 8.099017e-16 -9.238795e-01 3.826834e-01
    outer loop
      vertex   7.124590e+01 6.698730e-02 3.785000e+01
      vertex   6.844262e+01 6.698730e-02 3.785000e+01
      vertex   7.124590e+01 1.703709e-02 3.772941e+01
    endloop
  endfacet
  facet normal 8.320385e-16 -9.238795e-01 3.826834e-01
    outer loop
      vertex   7.124590e+01 6.698730e-02 3.785000e+01
      vertex   7.124590e+01 1.703709e-02 3.772941e+01
      vertex   7.404918e+01 1.703709e-02 3.772941e+01
    endloop
  endfacet
  facet normal 1.835966e-16 -9.914449e-01 1.305262e-01
    outer loop
      vertex   7.404918e+01 1.703709e-02 3.772941e+01
      vertex   7.124590e+01 1.703709e-02 3.772941e+01
      vertex   3.200000e+01 0.000000e+00 3.760000e+01
    endloop
  endfacet
  facet normal 1.590556e-16 -9.914449e-01 1.305262e-01
    outer loop
      vertex   7.404918e+01 1.703709e-02 3.772941e+01
      vertex   3.200000e+01 0.000000e+00 3.760000e+01
      vertex   7.685246e+01 1.703709e-02 3.772941e+01
    endloop
  endfacet
  facet normal 1.590556e-16 -9.914449e-01 1.305262e-01
    outer loop
      vertex   7.685246e+01 1.703709e-02 3.772941e+01
      vertex   3.200000e+01 0.000000e+00 3.760000e+01
      vertex   7.965574e+01 1.703709e-02 3.772941e+01
    endloop
  endfacet
  facet normal 8.099017e-16 -9.238795e-01 3.826834e-01
    outer loop
      vertex   7.685246e+01 1.703709e-02 3.772941e+01
      vertex   7.965574e+01 1.703709e-02 3.772941e+01
      vertex   7.685246e+01 6.698730e-02 3.785000e+01
    endloop
  endfacet
  facet normal 8.099017e-16 -9.238795e-01 3.826834e-01
    outer loop
      vertex   7.685246e+01 6.698730e-02 3.785000e+01
      vertex   7.965574e+01 1.703709e-02 3.772941e+01
      vertex   7.965574e+01 6.698730e-02 3.785000e+01
    endloop
  endfacet
  facet normal 1.405554e-15 -7.933533e-01 6.087614e-01
    outer loop
      vertex   7.685246e+01 6.698730e-02 3.785000e+01
      vertex   7.965574e+01 6.698730e-02 3.785000e+01
      vertex   7.685246e+01 1.464466e-01 3.795355e+01
    endloop
  endfacet
  facet normal -3.927540e-17 -7.933533e-01 6.087614e-01
    outer loop
      vertex   7.685246e+01 1.464466e-01 3.795355e+01
      vertex   7.965574e+01 6.698730e-02 3.785000e+01
      vertex   7.965574e+01 1.464466e-01 3.795355e+01
    endloop
  endfacet
  facet normal -3.013707e-17 -6.087614e-01 7.933533e-01
    outer loop
      vertex   7.685246e+01 1.464466e-01 3.795355e+01
      vertex   7.965574e+01 1.464466e-01 3.795355e+01
      vertex   7.685246e+01 2.500000e-01 3.803301e+01
    endloop
  endfacet
  facet normal 1.024661e-16 -6.087614e-01 7.933533e-01
    outer loop
      vertex   7.685246e+01 2.500000e-01 3.803301e+01
      vertex   7.965574e+01 1.464466e-01 3.795355e+01
      vertex   7.965574e+01 2.500000e-01 3.803301e+01
    endloop
  endfacet
  facet normal 6.441285e-17 -3.826834e-01 9.238795e-01
    outer loop
      vertex   7.685246e+01 2.500000e-01 3.803301e+01
      vertex   7.965574e+01 2.500000e-01 3.803301e+01
      vertex   7.685246e+01 3.705905e-01 3.808296e+01
    endloop
  endfacet
  facet normal 2.531193e-15 -3.826834e-01 9.238795e-01
    outer loop
      vertex   7.685246e+01 3.705905e-01 3.808296e+01
      vertex   7.965574e+01 2.500000e-01 3.803301e+01
      vertex   7.965574e+01 3.705905e-01 3.808296e+01
    endloop
  endfacet
  facet normal 2.577618e-15 -1.305262e-01 9.914449e-01
    outer loop
      vertex   7.685246e+01 3.705905e-01 3.808296e+01
      vertex   7.965574e+01 3.705905e-01 3.808296e+01
      vertex   3.200000e+01 5.000000e-01 3.810000e+01
    endloop
  endfacet
  facet normal 2.569600e-15 -1.305262e-01 9.914449e-01
    outer loop
      vertex   3.200000e+01 5.000000e-01 3.810000e+01
      vertex   7.965574e+01 3.705905e-01 3.808296e+01
      vertex   8.245902e+01 3.705905e-01 3.808296e+01
    endloop
  endfacet
  facet normal 5.926200e-17 -1.305262e-01 9.914449e-01
    outer loop
      vertex   3.200000e+01 5.000000e-01 3.810000e+01
      vertex   8.245902e+01 3.705905e-01 3.808296e+01
      vertex   8.526230e+01 3.705905e-01 3.808296e+01
    endloop
  endfacet
  facet normal 1.742936e-16 -3.826834e-01 9.238795e-01
    outer loop
      vertex   8.526230e+01 3.705905e-01 3.808296e+01
      vertex   8.245902e+01 3.705905e-01 3.808296e+01
      vertex   8.526230e+01 2.500000e-01 3.803301e+01
    endloop
  endfacet
  facet normal 2.394185e-15 -3.826834e-01 9.238795e-01
    outer loop
      vertex   8.526230e+01 3.705905e-01 3.808296e+01
      vertex   8.526230e+01 2.500000e-01 3.803301e+01
      vertex   8.806557e+01 2.500000e-01 3.803301e+01
    endloop
  endfacet
  facet normal 2.095284e-15 -6.087614e-01 7.933533e-01
    outer loop
      vertex   8.806557e+01 2.500000e-01 3.803301e+01
      vertex   8.526230e+01 2.500000e-01 3.803301e+01
      vertex   8.806557e+01 1.464466e-01 3.795355e+01
    endloop
  endfacet
  facet normal -2.370480e-17 -6.087614e-01 7.933533e-01
    outer loop
      vertex   8.806557e+01 2.500000e-01 3.803301e+01
      vertex   8.806557e+01 1.464466e-01 3.795355e+01
      vertex   9.086885e+01 1.464466e-01 3.795355e+01
    endloop
  endfacet
  facet normal -3.142032e-17 -7.933533e-01 6.087614e-01
    outer loop
      vertex   9.086885e+01 1.464466e-01 3.795355e+01
      vertex   8.806557e+01 1.464466e-01 3.795355e+01
      vertex   9.086885e+01 6.698730e-02 3.785000e+01
    endloop
  endfacet
  facet normal 1.403324e-15 -7.933533e-01 6.087614e-01
    outer loop
      vertex   9.086885e+01 1.464466e-01 3.795355e+01
      vertex   9.086885e+01 6.698730e-02 3.785000e+01
      vertex   9.367213e+01 6.698730e-02 3.785000e+01
    endloop
  endfacet
  facet normal 8.099017e-16 -9.238795e-01 3.826834e-01
    outer loop
      vertex   9.367213e+01 6.698730e-02 3.785000e+01
      vertex   9.086885e+01 6.698730e-02 3.785000e+01
      vertex   9.367213e+01 1.703709e-02 3.772941e+01
    endloop
  endfacet
  facet normal 1.756526e-15 -9.238795e-01 3.826834e-01
    outer loop
      vertex   9.367213e+01 6.698730e-02 3.785000e+01
      vertex   9.367213e+01 1.703709e-02 3.772941e+01
      vertex   9.647541e+01 1.703709e-02 3.772941e+01
    endloop
  endfacet
  facet normal 4.653573e-16 -9.914449e-01 1.305262e-01
    outer loop
      vertex   9.647541e+01 1.703709e-02 3.772941e+01
      vertex   9.367213e+01 1.703709e-02 3.772941e+01
      vertex   3.200000e+01 0.000000e+00 3.760000e+01
    endloop
  endfacet
  facet normal -1.472461e-16 -9.914449e-01 1.305262e-01
    outer loop
      vertex   9.647541e+01 1.703709e-02 3.772941e+01
      vertex   3.200000e+01 0.000000e+00 3.760000e+01
      vertex   9.927869e+01 1.703709e-02 3.772941e+01
    endloop
  endfacet
  facet normal 1.835966e-16 -9.914449e-01 1.305262e-01
    outer loop
      vertex   9.927869e+01 1.703709e-02 3.772941e+01
      vertex   3.200000e+01 0.000000e+00 3.760000e+01
      vertex   1.020820e+02 1.703709e-02 3.772941e+01
    endloop
  endfacet
  facet normal 8.327703e-16 -9.238795e-01 3.826834e-01
    outer loop
      vertex   9.927869e+01 1.703709e-02 3.772941e+01
      vertex   1.020820e+02 1.703709e-02 3.772941e+01
      vertex   9.927869e+01 6.698730e-02 3.785000e+01
    endloop
  endfacet
  facet normal 1.757015e-15 -9.238795e-01 3.826834e-01
    outer loop
      vertex   9.927869e+01 6.698730e-02 3.785000e+01
      vertex   1.020820e+02 1.703709e-02 3.772941e+01
      vertex   1.020820e+02 6.698730e-02 3.785000e+01
    endloop
  endfacet
  facet normal 2.928935e-15 -7.933533e-01 6.087614e-01
    outer loop
      vertex   9.927869e+01 6.698730e-02 3.785000e+01
      vertex   1.020820e+02 6.698730e-02 3.785000e+01
      vertex   9.927869e+01 1.464466e-01 3.795355e+01
    endloop
  endfacet
  facet normal 1.503743e-15 -7.933533e-01 6.087614e-01
    outer loop
      vertex   9.927869e+01 1.464466e-01 3.795355e+01
      vertex   1.020820e+02 6.698730e-02 3.785000e+01
      vertex   1.020820e+02 1.464466e-01 3.795355e+01
    endloop
  endfacet
  facet normal 1.980763e-15 -6.087614e-01 7.933533e-01
    outer loop
      vertex   9.927869e+01 1.464466e-01 3.795355e+01
      vertex   1.020820e+02 1.464466e-01 3.795355e+01
      vertex   9.927869e+01 2.500000e-01 3.803301e+01
    endloop
  endfacet
  facet normal 2.119394e-15 -6.087614e-01 7.933533e-01
    outer loop
      vertex   9.927869e+01 2.500000e-01 3.803301e+01
      vertex   1.020820e+02 1.464466e-01 3.795355e+01
      vertex   1.020820e+02 2.500000e-01 3.803301e+01
    endloop
  endfacet
  facet normal 2.409945e-15 -3.826834e-01 9.238795e-01
    outer loop
      vertex   9.927869e+01 2.500000e-01 3.803301e+01
      vertex   1.020820e+02 2.500000e-01 3.803301e+01
      vertex   9.927869e+01 3.705905e-01 3.808296e+01
    endloop
  endfacet
  facet normal 1.742936e-16 -3.826834e-01 9.238795e-01
    outer loop
      vertex   9.927869e+01 3.705905e-01 3.808296e+01
      vertex   1.020820e+02 2.500000e-01 3.803301e+01
      vertex   1.020820e+02 3.705905e-01 3.808296e+01
    endloop
  endfacet
  facet normal 5.944830e-17 -1.305262e-01 9.914449e-01
    outer loop
      vertex   9.927869e+01 3.705905e-01 3.808296e+01
      vertex   1.020820e+02 3.705905e-01 3.808296e+01
      vertex   3.200000e+01 5.000000e-01 3.810000e+01
    endloop
  endfacet
  facet normal 2.571971e-15 -1.305262e-01 9.914449e-01
    outer loop
      vertex   3.200000e+01 5.000000e-01 3.810000e+01
      vertex   1.020820e+02 3.705905e-01 3.808296e+01
      vertex   1.048852e+02 3.705905e-01 3.808296e+01
    endloop
  endfacet
  facet normal 5.926200e-17 -1.305262e-01 9.914449e-01
    outer loop
      vertex   3.200000e+01 5.000000e-01 3.810000e+01
      vertex   1.048852e+02 3.705905e-01 3.808296e+01
      vertex   1.076885e+02 3.705905e-01 3.808296e+01
    endloop
  endfacet
  facet normal 1.742936e-16 -3.826834e-01 9.238795e-01
    outer loop
      vertex   1.076885e+02 3.705905e-01 3.808296e+01
      vertex   1.048852e+02 3.705905e-01 3.808296e+01
      vertex   1.076885e+02 2.500000e-01 3.803301e+01
    endloop
  endfacet
  facet normal 2.401296e-15 -3.826834e-01 9.238795e-01
    outer loop
      vertex   1.076885e+02 3.705905e-01 3.808296e+01
      vertex   1.076885e+02 2.500000e-01 3.803301e+01
      vertex   1.104918e+02 2.500000e-01 3.803301e+01
    endloop
  endfacet
  facet normal 2.107339e-15 -6.087614e-01 7.933533e-01
    outer loop
      vertex   1.104918e+02 2.500000e-01 3.803301e+01
      vertex   1.076885e+02 2.500000e-01 3.803301e+01
      vertex   1.104918e+02 1.464466e-01 3.795355e+01
    endloop
  endfacet
  facet normal -3.792768e-17 -6.087614e-01 7.933533e-01
    outer loop
      vertex   1.104918e+02 2.500000e-01 3.803301e+01
      vertex   1.104918e+02 1.464466e-01 3.795355e+01
      vertex   1.132951e+02 1.464466e-01 3.795355e+01
    endloop
  endfacet
  facet normal -4.713048e-17 -7.933533e-01 6.087614e-01
    outer loop
      vertex   1.132951e+02 1.464466e-01 3.795355e+01
      vertex   1.104918e+02 1.464466e-01 3.795355e+01
      vertex   1.132951e+02 6.698730e-02 3.785000e+01
    endloop
  endfacet
  facet normal 1.403324e-15 -7.933533e-01 6.087614e-01
    outer loop
      vertex   1.132951e+02 1.464466e-01 3.795355e+01
      vertex   1.132951e+02 6.698730e-02 3.785000e+01
      vertex   1.160984e+02 6.698730e-02 3.785000e+01
    endloop
  endfacet
  facet normal 8.099017e-16 -9.238795e-01 3.826834e-01
    outer loop
      vertex   1.160984e+02 6.698730e-02 3.785000e+01
      vertex   1.132951e+02 6.698730e-02 3.785000e+01
      vertex   1.160984e+02 1.703709e-02 3.772941e+01
    endloop
  endfacet
  facet normal 8.320385e-16 -9.238795e-01 3.826834e-01
    outer loop
      vertex   1.160984e+02 6.698730e-02 3.785000e+01
      vertex   1.160984e+02 1.703709e-02 3.772941e+01
      vertex   1.189016e+02 1.703709e-02 3.772941e+01
    endloop
  endfacet
  facet normal 1.835966e-16 -9.914449e-01 1.305262e-01
    outer loop
      vertex   1.189016e+02 1.703709e-02 3.772941e+01
      vertex   1.160984e+02 1.703709e-02 3.772941e+01
      vertex   2.030000e+02 0.000000e+00 3.760000e+01
    endloop
  endfacet
  facet normal 1.590556e-16 -9.914449e-01 1.305262e-01
    outer loop
      vertex   1.189016e+02 1.703709e-02 3.772941e+01
      vertex   2.030000e+02 0.000000e+00 3.760000e+01
      vertex   1.217049e+02 1.703709e-02 3.772941e+01
    endloop
  endfacet
  facet normal -1.717871e-16 -9.914449e-01 1.305262e-01
    outer loop
      vertex   1.217049e+02 1.703709e-02 3.772941e+01
      vertex   2.030000e+02 0.000000e+00 3.760000e+01
      vertex   1.245082e+02 1.703709e-02 3.772941e+01
    endloop
  endfacet
  facet normal -1.600801e-16 -9.238795e-01 3.826834e-01
    outer loop
      vertex   1.217049e+02 1.703709e-02 3.772941e+01
      vertex   1.245082e+02 1.703709e-02 3.772941e+01
      vertex   1.217049e+02 6.698730e-02 3.785000e+01
    endloop
  endfacet
  facet normal 8.327703e-16 -9.238795e-01 3.826834e-01
    outer loop
      vertex   1.217049e+02 6.698730e-02 3.785000e+01
      vertex   1.245082e+02 1.703709e-02 3.772941e+01
      vertex   1.245082e+02 6.698730e-02 3.785000e+01
    endloop
  endfacet
  facet normal 1.425192e-15 -7.933533e-01 6.087614e-01
    outer loop
      vertex   1.217049e+02 6.698730e-02 3.785000e+01
      vertex   1.245082e+02 6.698730e-02 3.785000e+01
      vertex   1.217049e+02 1.464466e-01 3.795355e+01
    endloop
  endfacet
  facet normal 1.503743e-15 -7.933533e-01 6.087614e-01
    outer loop
      vertex   1.217049e+02 1.464466e-01 3.795355e+01
      vertex   1.245082e+02 6.698730e-02 3.785000e+01
      vertex   1.245082e+02 1.464466e-01 3.795355e+01
    endloop
  endfacet
  facet normal 1.980763e-15 -6.087614e-01 7.933533e-01
    outer loop
      vertex   1.217049e+02 1.464466e-01 3.795355e+01
      vertex   1.245082e+02 1.464466e-01 3.795355e+01
      vertex   1.217049e+02 2.500000e-01 3.803301e+01
    endloop
  endfacet
  facet normal 8.438381e-17 -6.087614e-01 7.933533e-01
    outer loop
      vertex   1.217049e+02 2.500000e-01 3.803301e+01
      vertex   1.245082e+02 1.464466e-01 3.795355e+01
      vertex   1.245082e+02 2.500000e-01 3.803301e+01
    endloop
  endfacet
  facet normal 5.304588e-17 -3.826834e-01 9.238795e-01
    outer loop
      vertex   1.217049e+02 2.500000e-01 3.803301e+01
      vertex   1.245082e+02 2.500000e-01 3.803301e+01
      vertex   1.217049e+02 3.705905e-01 3.808296e+01
    endloop
  endfacet
  facet normal 2.516037e-15 -3.826834e-01 9.238795e-01
    outer loop
      vertex   1.217049e+02 3.705905e-01 3.808296e+01
      vertex   1.245082e+02 2.500000e-01 3.803301e+01
      vertex   1.245082e+02 3.705905e-01 3.808296e+01
    endloop
  endfacet
  facet normal 2.572448e-15 -1.305262e-01 9.914449e-01
    outer loop
      vertex   1.217049e+02 3.705905e-01 3.808296e+01
      vertex   1.245082e+02 3.705905e-01 3.808296e+01
      vertex   2.030000e+02 5.000000e-01 3.810000e+01
    endloop
  endfacet
  facet normal 2.574341e-15 -1.305262e-01 9.914449e-01
    outer loop
      vertex   2.030000e+02 5.000000e-01 3.810000e+01
      vertex   1.245082e+02 3.705905e-01 3.808296e+01
      vertex   1.273115e+02 3.705905e-01 3.808296e+01
    endloop
  endfacet
  facet normal 6.163248e-17 -1.305262e-01 9.914449e-01
    outer loop
      vertex   2.030000e+02 5.000000e-01 3.810000e+01
      vertex   1.273115e+02 3.705905e-01 3.808296e+01
      vertex   1.301148e+02 3.705905e-01 3.808296e+01
    endloop
  endfacet
  facet normal 1.818716e-16 -3.826834e-01 9.238795e-01
    outer loop
      vertex   1.301148e+02 3.705905e-01 3.808296e+01
      vertex   1.273115e+02 3.705905e-01 3.808296e+01
      vertex   1.301148e+02 2.500000e-01 3.803301e+01
    endloop
  endfacet
  facet normal 2.417890e-15 -3.826834e-01 9.238795e-01
    outer loop
      vertex   1.301148e+02 3.705905e-01 3.808296e+01
      vertex   1.301148e+02 2.500000e-01 3.803301e+01
      vertex   1.329180e+02 2.500000e-01 3.803301e+01
    endloop
  endfacet
  facet normal 2.131449e-15 -6.087614e-01 7.933533e-01
    outer loop
      vertex   1.329180e+02 2.500000e-01 3.803301e+01
      vertex   1.301148e+02 2.500000e-01 3.803301e+01
      vertex   1.329180e+02 1.464466e-01 3.795355e+01
    endloop
  endfacet
  facet normal 1.986462e-15 -6.087614e-01 7.933533e-01
    outer loop
      vertex   1.329180e+02 2.500000e-01 3.803301e+01
      vertex   1.329180e+02 1.464466e-01 3.795355e+01
      vertex   1.357213e+02 1.464466e-01 3.795355e+01
    endloop
  endfacet
  facet normal 1.511598e-15 -7.933533e-01 6.087614e-01
    outer loop
      vertex   1.357213e+02 1.464466e-01 3.795355e+01
      vertex   1.329180e+02 1.464466e-01 3.795355e+01
      vertex   1.357213e+02 6.698730e-02 3.785000e+01
    endloop
  endfacet
  facet normal -1.374878e-16 -7.933533e-01 6.087614e-01
    outer loop
      vertex   1.357213e+02 1.464466e-01 3.795355e+01
      vertex   1.357213e+02 6.698730e-02 3.785000e+01
      vertex   1.385246e+02 6.698730e-02 3.785000e+01
    endloop
  endfacet
  facet normal -1.600801e-16 -9.238795e-01 3.826834e-01
    outer loop
      vertex   1.385246e+02 6.698730e-02 3.785000e+01
      vertex   1.357213e+02 6.698730e-02 3.785000e+01
      vertex   1.385246e+02 1.703709e-02 3.772941e+01
    endloop
  endfacet
  facet normal 1.803935e-15 -9.238795e-01 3.826834e-01
    outer loop
      vertex   1.385246e+02 6.698730e-02 3.785000e+01
      vertex   1.385246e+02 1.703709e-02 3.772941e+01
      vertex   1.413279e+02 1.703709e-02 3.772941e+01
    endloop
  endfacet
  facet normal 5.144394e-16 -9.914449e-01 1.305262e-01
    outer loop
      vertex   1.413279e+02 1.703709e-02 3.772941e+01
      vertex   1.385246e+02 1.703709e-02 3.772941e+01
      vertex   2.030000e+02 0.000000e+00 3.760000e+01
    endloop
  endfacet
  facet normal -1.717871e-16 -9.914449e-01 1.305262e-01
    outer loop
      vertex   1.413279e+02 1.703709e-02 3.772941e+01
      vertex   2.030000e+02 0.000000e+00 3.760000e+01
      vertex   1.441311e+02 1.703709e-02 3.772941e+01
    endloop
  endfacet
  facet normal 1.590556e-16 -9.914449e-01 1.305262e-01
    outer loop
      vertex   1.441311e+02 1.703709e-02 3.772941e+01
      vertex   2.030000e+02 0.000000e+00 3.760000e+01
      vertex   1.469344e+02 1.703709e-02 3.772941e+01
    endloop
  endfacet
  facet normal 8.099017e-16 -9.238795e-01 3.826834e-01
    outer loop
      vertex   1.441311e+02 1.703709e-02 3.772941e+01
      vertex   1.469344e+02 1.703709e-02 3.772941e+01
      vertex   1.441311e+02 6.698730e-02 3.785000e+01
    endloop
  endfacet
  facet normal 8.099017e-16 -9.238795e-01 3.826834e-01
    outer loop
      vertex   1.441311e+02 6.698730e-02 3.785000e+01
      vertex   1.469344e+02 1.703709e-02 3.772941e+01
      vertex   1.469344e+02 6.698730e-02 3.785000e+01
    endloop
  endfacet
  facet normal 1.405554e-15 -7.933533e-01 6.087614e-01
    outer loop
      vertex   1.441311e+02 6.698730e-02 3.785000e+01
      vertex   1.469344e+02 6.698730e-02 3.785000e+01
      vertex   1.441311e+02 1.464466e-01 3.795355e+01
    endloop
  endfacet
  facet normal -3.927540e-17 -7.933533e-01 6.087614e-01
    outer loop
      vertex   1.441311e+02 1.464466e-01 3.795355e+01
      vertex   1.469344e+02 6.698730e-02 3.785000e+01
      vertex   1.469344e+02 1.464466e-01 3.795355e+01
    endloop
  endfacet
  facet normal -3.013707e-17 -6.087614e-01 7.933533e-01
    outer loop
      vertex   1.441311e+02 1.464466e-01 3.795355e+01
      vertex   1.469344e+02 1.464466e-01 3.795355e+01
      vertex   1.441311e+02 2.500000e-01 3.803301e+01
    endloop
  endfacet
  facet normal 2.107339e-15 -6.087614e-01 7.933533e-01
    outer loop
      vertex   1.441311e+02 2.500000e-01 3.803301e+01
      vertex   1.469344e+02 1.464466e-01 3.795355e+01
      vertex   1.469344e+02 2.500000e-01 3.803301e+01
    endloop
  endfacet
  facet normal 2.402367e-15 -3.826834e-01 9.238795e-01
    outer loop
      vertex   1.441311e+02 2.500000e-01 3.803301e+01
      vertex   1.469344e+02 2.500000e-01 3.803301e+01
      vertex   1.441311e+02 3.705905e-01 3.808296e+01
    endloop
  endfacet
  facet normal 1.742936e-16 -3.826834e-01 9.238795e-01
    outer loop
      vertex   1.441311e+02 3.705905e-01 3.808296e+01
      vertex   1.469344e+02 2.500000e-01 3.803301e+01
      vertex   1.469344e+02 3.705905e-01 3.808296e+01
    endloop
  endfacet
  facet normal 5.944830e-17 -1.305262e-01 9.914449e-01
    outer loop
      vertex   1.441311e+02 3.705905e-01 3.808296e+01
      vertex   1.469344e+02 3.705905e-01 3.808296e+01
      vertex   2.030000e+02 5.000000e-01 3.810000e+01
    endloop
  endfacet
  facet normal 2.577897e-15 -1.305262e-01 9.914449e-01
    outer loop
      vertex   2.030000e+02 5.000000e-01 3.810000e+01
      vertex   1.469344e+02 3.705905e-01 3.808296e+01
      vertex   1.497377e+02 3.705905e-01 3.808296e+01
    endloop
  endfacet
  facet normal 6.281772e-17 -1.305262e-01 9.914449e-01
    outer loop
      vertex   2.030000e+02 5.000000e-01 3.810000e+01
      vertex   1.497377e+02 3.705905e-01 3.808296e+01
      vertex   1.525410e+02 3.705905e-01 3.808296e+01
    endloop
  endfacet
  facet normal 1.818716e-16 -3.826834e-01 9.238795e-01
    outer loop
      vertex   1.525410e+02 3.705905e-01 3.808296e+01
      vertex   1.497377e+02 3.705905e-01 3.808296e+01
      vertex   1.525410e+02 2.500000e-01 3.803301e+01
    endloop
  endfacet
  facet normal 2.403667e-15 -3.826834e-01 9.238795e-01
    outer loop
      vertex   1.525410e+02 3.705905e-01 3.808296e+01
      vertex   1.525410e+02 2.500000e-01 3.803301e+01
      vertex   1.553443e+02 2.500000e-01 3.803301e+01
    endloop
  endfacet
  facet normal 2.107339e-15 -6.087614e-01 7.933533e-01
    outer loop
      vertex   1.553443e+02 2.500000e-01 3.803301e+01
      vertex   1.525410e+02 2.500000e-01 3.803301e+01
      vertex   1.553443e+02 1.464466e-01 3.795355e+01
    endloop
  endfacet
  facet normal 1.976980e-15 -6.087614e-01 7.933533e-01
    outer loop
      vertex   1.553443e+02 2.500000e-01 3.803301e+01
      vertex   1.553443e+02 1.464466e-01 3.795355e+01
      vertex   1.581475e+02 1.464466e-01 3.795355e+01
    endloop
  endfacet
  facet normal 1.495888e-15 -7.933533e-01 6.087614e-01
    outer loop
      vertex   1.581475e+02 1.464466e-01 3.795355e+01
      vertex   1.553443e+02 1.464466e-01 3.795355e+01
      vertex   1.581475e+02 6.698730e-02 3.785000e+01
    endloop
  endfacet
  facet normal 1.384360e-15 -7.933533e-01 6.087614e-01
    outer loop
      vertex   1.581475e+02 1.464466e-01 3.795355e+01
      vertex   1.581475e+02 6.698730e-02 3.785000e+01
      vertex   1.609508e+02 6.698730e-02 3.785000e+01
    endloop
  endfacet
  facet normal 7.870331e-16 -9.238795e-01 3.826834e-01
    outer loop
      vertex   1.609508e+02 6.698730e-02 3.785000e+01
      vertex   1.581475e+02 6.698730e-02 3.785000e+01
      vertex   1.609508e+02 1.703709e-02 3.772941e+01
    endloop
  endfacet
  facet normal 8.320385e-16 -9.238795e-01 3.826834e-01
    outer loop
      vertex   1.609508e+02 6.698730e-02 3.785000e+01
      vertex   1.609508e+02 1.703709e-02 3.772941e+01
      vertex   1.637541e+02 1.703709e-02 3.772941e+01
    endloop
  endfacet
  facet normal 1.835966e-16 -9.914449e-01 1.305262e-01
    outer loop
      vertex   1.637541e+02 1.703709e-02 3.772941e+01
      vertex   1.609508e+02 1.703709e-02 3.772941e+01
      vertex   2.030000e+02 0.000000e+00 3.760000e+01
    endloop
  endfacet
  facet normal 1.590556e-16 -9.914449e-01 1.305262e-01
    outer loop
      vertex   1.637541e+02 1.703709e-02 3.772941e+01
      vertex   2.030000e+02 0.000000e+00 3.760000e+01
      vertex   1.665574e+02 1.703709e-02 3.772941e+01
    endloop
  endfacet
  facet normal 1.590556e-16 -9.914449e-01 1.305262e-01
    outer loop
      vertex   1.665574e+02 1.703709e-02 3.772941e+01
      vertex   2.030000e+02 0.000000e+00 3.760000e+01
      vertex   1.693607e+02 1.703709e-02 3.772941e+01
    endloop
  endfacet
  facet normal 8.099017e-16 -9.238795e-01 3.826834e-01
    outer loop
      vertex   1.665574e+02 1.703709e-02 3.772941e+01
      vertex   1.693607e+02 1.703709e-02 3.772941e+01
      vertex   1.665574e+02 6.698730e-02 3.785000e+01
    endloop
  endfacet
  facet normal 8.099017e-16 -9.238795e-01 3.826834e-01
    outer loop
      vertex   1.665574e+02 6.698730e-02 3.785000e+01
      vertex   1.693607e+02 1.703709e-02 3.772941e+01
      vertex   1.693607e+02 6.698730e-02 3.785000e+01
    endloop
  endfacet
  facet normal 1.405554e-15 -7.933533e-01 6.087614e-01
    outer loop
      vertex   1.665574e+02 6.698730e-02 3.785000e+01
      vertex   1.693607e+02 6.698730e-02 3.785000e+01
      vertex   1.665574e+02 1.464466e-01 3.795355e+01
    endloop
  endfacet
  facet normal 1.503743e-15 -7.933533e-01 6.087614e-01
    outer loop
      vertex   1.665574e+02 1.464466e-01 3.795355e+01
      vertex   1.693607e+02 6.698730e-02 3.785000e+01
      vertex   1.693607e+02 1.464466e-01 3.795355e+01
    endloop
  endfacet
  facet normal 1.980763e-15 -6.087614e-01 7.933533e-01
    outer loop
      vertex   1.665574e+02 1.464466e-01 3.795355e+01
      vertex   1.693607e+02 1.464466e-01 3.795355e+01
      vertex   1.665574e+02 2.500000e-01 3.803301e+01
    endloop
  endfacet
  facet normal 2.131449e-15 -6.087614e-01 7.933533e-01
    outer loop
      vertex   1.665574e+02 2.500000e-01 3.803301e+01
      vertex   1.693607e+02 1.464466e-01 3.795355e+01
      vertex   1.693607e+02 2.500000e-01 3.803301e+01
    endloop
  endfacet
  facet normal 2.417523e-15 -3.826834e-01 9.238795e-01
    outer loop
      vertex   1.665574e+02 2.500000e-01 3.803301e+01
      vertex   1.693607e+02 2.500000e-01 3.803301e+01
      vertex   1.665574e+02 3.705905e-01 3.808296e+01
    endloop
  endfacet
  facet normal 2.508459e-15 -3.826834e-01 9.238795e-01
    outer loop
      vertex   1.665574e+02 3.705905e-01 3.808296e+01
      vertex   1.693607e+02 2.500000e-01 3.803301e+01
      vertex   1.693607e+02 3.705905e-01 3.808296e+01
    endloop
  endfacet
  facet normal 2.569864e-15 -1.305262e-01 9.914449e-01
    outer loop
      vertex   1.665574e+02 3.705905e-01 3.808296e+01
      vertex   1.693607e+02 3.705905e-01 3.808296e+01
      vertex   2.030000e+02 5.000000e-01 3.810000e+01
    endloop
  endfacet
  facet normal 6.400296e-17 -1.305262e-01 9.914449e-01
    outer loop
      vertex   2.030000e+02 5.000000e-01 3.810000e+01
      vertex   1.693607e+02 3.705905e-01 3.808296e+01
      vertex   1.721639e+02 3.705905e-01 3.808296e+01
    endloop
  endfacet
  facet normal 2.573156e-15 -1.305262e-01 9.914449e-01
    outer loop
      vertex   2.030000e+02 5.000000e-01 3.810000e+01
      vertex   1.721639e+02 3.705905e-01 3.808296e+01
      vertex   1.749672e+02 3.705905e-01 3.808296e+01
    endloop
  endfacet
  facet normal 2.516037e-15 -3.826834e-01 9.238795e-01
    outer loop
      vertex   1.749672e+02 3.705905e-01 3.808296e+01
      vertex   1.721639e+02 3.705905e-01 3.808296e+01
      vertex   1.749672e+02 2.500000e-01 3.803301e+01
    endloop
  endfacet
  facet normal 6.874392e-17 -3.826834e-01 9.238795e-01
    outer loop
      vertex   1.749672e+02 3.705905e-01 3.808296e+01
      vertex   1.749672e+02 2.500000e-01 3.803301e+01
      vertex   1.777705e+02 2.500000e-01 3.803301e+01
    endloop
  endfacet
  facet normal 1.084935e-16 -6.087614e-01 7.933533e-01
    outer loop
      vertex   1.777705e+02 2.500000e-01 3.803301e+01
      vertex   1.749672e+02 2.500000e-01 3.803301e+01
      vertex   1.777705e+02 1.464466e-01 3.795355e+01
    endloop
  endfacet
  facet normal 1.986462e-15 -6.087614e-01 7.933533e-01
    outer loop
      vertex   1.777705e+02 2.500000e-01 3.803301e+01
      vertex   1.777705e+02 1.464466e-01 3.795355e+01
      vertex   1.805738e+02 1.464466e-01 3.795355e+01
    endloop
  endfacet
  facet normal 1.511598e-15 -7.933533e-01 6.087614e-01
    outer loop
      vertex   1.805738e+02 1.464466e-01 3.795355e+01
      vertex   1.777705e+02 1.464466e-01 3.795355e+01
      vertex   1.805738e+02 6.698730e-02 3.785000e+01
    endloop
  endfacet
  facet normal 1.403324e-15 -7.933533e-01 6.087614e-01
    outer loop
      vertex   1.805738e+02 1.464466e-01 3.795355e+01
      vertex   1.805738e+02 6.698730e-02 3.785000e+01
      vertex   1.833770e+02 6.698730e-02 3.785000e+01
    endloop
  endfacet
  facet normal 8.099017e-16 -9.238795e-01 3.826834e-01
    outer loop
      vertex   1.833770e+02 6.698730e-02 3.785000e+01
      vertex   1.805738e+02 6.698730e-02 3.785000e+01
      vertex   1.833770e+02 1.703709e-02 3.772941e+01
    endloop
  endfacet
  facet normal -1.848974e-16 -9.238795e-01 3.826834e-01
    outer loop
      vertex   1.833770e+02 6.698730e-02 3.785000e+01
      vertex   1.833770e+02 1.703709e-02 3.772941e+01
      vertex   1.861803e+02 1.703709e-02 3.772941e+01
    endloop
  endfacet
  facet normal -1.963281e-16 -9.914449e-01 1.305262e-01
    outer loop
      vertex   1.861803e+02 1.703709e-02 3.772941e+01
      vertex   1.833770e+02 1.703709e-02 3.772941e+01
      vertex   2.030000e+02 0.000000e+00 3.760000e+01
    endloop
  endfacet
  facet normal 1.835966e-16 -9.914449e-01 1.305262e-01
    outer loop
      vertex   1.861803e+02 1.703709e-02 3.772941e+01
      vertex   2.030000e+02 0.000000e+00 3.760000e+01
      vertex   1.889836e+02 1.703709e-02 3.772941e+01
    endloop
  endfacet
  facet normal 1.835966e-16 -9.914449e-01 1.305262e-01
    outer loop
      vertex   1.889836e+02 1.703709e-02 3.772941e+01
      vertex   2.030000e+02 0.000000e+00 3.760000e+01
      vertex   1.917869e+02 1.703709e-02 3.772941e+01
    endloop
  endfacet
  facet normal 8.327703e-16 -9.238795e-01 3.826834e-01
    outer loop
      vertex   1.889836e+02 1.703709e-02 3.772941e+01
      vertex   1.917869e+02 1.703709e-02 3.772941e+01
      vertex   1.889836e+02 6.698730e-02 3.785000e+01
    endloop
  endfacet
  facet normal 7.870331e-16 -9.238795e-01 3.826834e-01
    outer loop
      vertex   1.889836e+02 6.698730e-02 3.785000e+01
      vertex   1.917869e+02 1.703709e-02 3.772941e+01
      vertex   1.917869e+02 6.698730e-02 3.785000e+01
    endloop
  endfacet
  facet normal 1.385917e-15 -7.933533e-01 6.087614e-01
    outer loop
      vertex   1.889836e+02 6.698730e-02 3.785000e+01
      vertex   1.917869e+02 6.698730e-02 3.785000e+01
      vertex   1.889836e+02 1.464466e-01 3.795355e+01
    endloop
  endfacet
  facet normal 1.503743e-15 -7.933533e-01 6.087614e-01
    outer loop
      vertex   1.889836e+02 1.464466e-01 3.795355e+01
      vertex   1.917869e+02 6.698730e-02 3.785000e+01
      vertex   1.917869e+02 1.464466e-01 3.795355e+01
    endloop
  endfacet
  facet normal 1.980763e-15 -6.087614e-01 7.933533e-01
    outer loop
      vertex   1.889836e+02 1.464466e-01 3.795355e+01
      vertex   1.917869e+02 1.464466e-01 3.795355e+01
      vertex   1.889836e+02 2.500000e-01 3.803301e+01
    endloop
  endfacet
  facet normal 2.107339e-15 -6.087614e-01 7.933533e-01
    outer loop
      vertex   1.889836e+02 2.500000e-01 3.803301e+01
      vertex   1.917869e+02 1.464466e-01 3.795355e+01
      vertex   1.917869e+02 2.500000e-01 3.803301e+01
    endloop
  endfacet
  facet normal 2.402367e-15 -3.826834e-01 9.238795e-01
    outer loop
      vertex   1.889836e+02 2.500000e-01 3.803301e+01
      vertex   1.917869e+02 2.500000e-01 3.803301e+01
      vertex   1.889836e+02 3.705905e-01 3.808296e+01
    endloop
  endfacet
  facet normal 2.523615e-15 -3.826834e-01 9.238795e-01
    outer loop
      vertex   1.889836e+02 3.705905e-01 3.808296e+01
      vertex   1.917869e+02 2.500000e-01 3.803301e+01
      vertex   1.917869e+02 3.705905e-01 3.808296e+01
    endloop
  endfacet
  facet normal 2.575033e-15 -1.305262e-01 9.914449e-01
    outer loop
      vertex   1.889836e+02 3.705905e-01 3.808296e+01
      vertex   1.917869e+02 3.705905e-01 3.808296e+01
      vertex   2.030000e+02 5.000000e-01 3.810000e+01
    endloop
  endfacet
  facet normal 6.518820e-17 -1.305262e-01 9.914449e-01
    outer loop
      vertex   2.030000e+02 5.000000e-01 3.810000e+01
      vertex   1.917869e+02 3.705905e-01 3.808296e+01
      vertex   1.945902e+02 3.705905e-01 3.808296e+01
    endloop
  endfacet
  facet normal 2.571971e-15 -1.305262e-01 9.914449e-01
    outer loop
      vertex   2.030000e+02 5.000000e-01 3.810000e+01
      vertex   1.945902e+02 3.705905e-01 3.808296e+01
      vertex   1.973934e+02 3.705905e-01 3.808296e+01
    endloop
  endfacet
  facet normal 2.516037e-15 -3.826834e-01 9.238795e-01
    outer loop
      vertex   1.973934e+02 3.705905e-01 3.808296e+01
      vertex   1.945902e+02 3.705905e-01 3.808296e+01
      vertex   1.973934e+02 2.500000e-01 3.803301e+01
    endloop
  endfacet
  facet normal 2.401296e-15 -3.826834e-01 9.238795e-01
    outer loop
      vertex   1.973934e+02 3.705905e-01 3.808296e+01
      vertex   1.973934e+02 2.500000e-01 3.803301e+01
      vertex   2.001967e+02 2.500000e-01 3.803301e+01
    endloop
  endfacet
  facet normal 2.107339e-15 -6.087614e-01 7.933533e-01
    outer loop
      vertex   2.001967e+02 2.500000e-01 3.803301e+01
      vertex   1.973934e+02 2.500000e-01 3.803301e+01
      vertex   2.001967e+02 1.464466e-01 3.795355e+01
    endloop
  endfacet
  facet normal 5.779231e-15 -6.087614e-01 7.933533e-01
    outer loop
      vertex   2.001967e+02 2.500000e-01 3.803301e+01
      vertex   2.001967e+02 1.464466e-01 3.795355e+01
      vertex   2.030000e+02 1.464466e-01 3.795355e+01
    endloop
  endfacet
  facet normal 5.379720e-15 -7.933533e-01 6.087614e-01
    outer loop
      vertex   2.030000e+02 1.464466e-01 3.795355e+01
      vertex   2.001967e+02 1.464466e-01 3.795355e+01
      vertex   2.030000e+02 6.698730e-02 3.785000e+01
    endloop
  endfacet
  facet normal 1.851386e-15 -7.933533e-01 6.087614e-01
    outer loop
      vertex   2.030000e+02 6.698730e-02 3.785000e+01
      vertex   2.001967e+02 1.464466e-01 3.795355e+01
      vertex   2.001967e+02 6.698730e-02 3.785000e+01
    endloop
  endfacet
  facet normal 4.636688e-15 -9.238795e-01 3.826834e-01
    outer loop
      vertex   2.030000e+02 6.698730e-02 3.785000e+01
      vertex   2.001967e+02 6.698730e-02 3.785000e+01
      vertex   2.030000e+02 1.703709e-02 3.772941e+01
    endloop
  endfacet
  facet normal -2.395238e-15 -9.238795e-01 3.826834e-01
    outer loop
      vertex   2.030000e+02 1.703709e-02 3.772941e+01
      vertex   2.001967e+02 6.698730e-02 3.785000e+01
      vertex   2.001967e+02 1.703709e-02 3.772941e+01
    endloop
  endfacet
  facet normal 3.820277e-15 -9.914449e-01 1.305262e-01
    outer loop
      vertex   2.030000e+02 1.703709e-02 3.772941e+01
      vertex   2.001967e+02 1.703709e-02 3.772941e+01
      vertex   2.030000e+02 0.000000e+00 3.760000e+01
    endloop
  endfacet
  facet normal 5.143942e-16 -9.914449e-01 1.305262e-01
    outer loop
      vertex   2.030000e+02 0.000000e+00 3.760000e+01
      vertex   2.001967e+02 1.703709e-02 3.772941e+01
      vertex   1.973934e+02 1.703709e-02 3.772941e+01
    endloop
  endfacet
  facet normal -1.967498e-16 -9.914449e-01 1.305262e-01
    outer loop
      vertex   2.030000e+02 0.000000e+00 3.760000e+01
      vertex   1.973934e+02 1.703709e-02 3.772941e+01
      vertex   1.945902e+02 1.703709e-02 3.772941e+01
    endloop
  endfacet
  facet normal -1.829487e-16 -9.238795e-01 3.826834e-01
    outer loop
      vertex   1.945902e+02 1.703709e-02 3.772941e+01
      vertex   1.973934e+02 1.703709e-02 3.772941e+01
      vertex   1.945902e+02 6.698730e-02 3.785000e+01
    endloop
  endfacet
  facet normal -1.825270e-16 -9.238795e-01 3.826834e-01
    outer loop
      vertex   1.945902e+02 1.703709e-02 3.772941e+01
      vertex   1.945902e+02 6.698730e-02 3.785000e+01
      vertex   1.917869e+02 6.698730e-02 3.785000e+01
    endloop
  endfacet
  facet normal -1.571016e-16 -7.933533e-01 6.087614e-01
    outer loop
      vertex   1.917869e+02 6.698730e-02 3.785000e+01
      vertex   1.945902e+02 6.698730e-02 3.785000e+01
      vertex   1.917869e+02 1.464466e-01 3.795355e+01
    endloop
  endfacet
  facet normal -8.653768e-14 -3.826834e-01 9.238795e-01
    outer loop
      vertex   3.480328e+01 3.705905e-01 3.808296e+01
      vertex   3.200000e+01 3.705905e-01 3.808296e+01
      vertex   3.480328e+01 2.500000e-01 3.803301e+01
    endloop
  endfacet
  facet normal -8.386206e-14 -3.826834e-01 9.238795e-01
    outer loop
      vertex   3.480328e+01 2.500000e-01 3.803301e+01
      vertex   3.200000e+01 3.705905e-01 3.808296e+01
      vertex   3.200000e+01 2.500000e-01 3.803301e+01
    endloop
  endfacet
  facet normal -8.540557e-14 -6.087614e-01 7.933533e-01
    outer loop
      vertex   3.480328e+01 2.500000e-01 3.803301e+01
      vertex   3.200000e+01 2.500000e-01 3.803301e+01
      vertex   3.480328e+01 1.464466e-01 3.795355e+01
    endloop
  endfacet
  facet normal -8.890824e-14 -6.087614e-01 7.933533e-01
    outer loop
      vertex   3.480328e+01 1.464466e-01 3.795355e+01
      vertex   3.200000e+01 2.500000e-01 3.803301e+01
      vertex   3.200000e+01 1.464466e-01 3.795355e+01
    endloop
  endfacet
  facet normal -8.892652e-14 -7.933533e-01 6.087614e-01
    outer loop
      vertex   3.480328e+01 1.464466e-01 3.795355e+01
      vertex   3.200000e+01 1.464466e-01 3.795355e+01
      vertex   3.480328e+01 6.698730e-02 3.785000e+01
    endloop
  endfacet
  facet normal -8.770859e-14 -7.933533e-01 6.087614e-01
    outer loop
      vertex   3.480328e+01 6.698730e-02 3.785000e+01
      vertex   3.200000e+01 1.464466e-01 3.795355e+01
      vertex   3.200000e+01 6.698730e-02 3.785000e+01
    endloop
  endfacet
  facet normal -8.725460e-14 -9.238795e-01 3.826834e-01
    outer loop
      vertex   3.480328e+01 6.698730e-02 3.785000e+01
      vertex   3.200000e+01 6.698730e-02 3.785000e+01
      vertex   3.480328e+01 1.703709e-02 3.772941e+01
    endloop
  endfacet
  facet normal -8.964453e-14 -9.238795e-01 3.826834e-01
    outer loop
      vertex   3.480328e+01 1.703709e-02 3.772941e+01
      vertex   3.200000e+01 6.698730e-02 3.785000e+01
      vertex   3.200000e+01 1.703709e-02 3.772941e+01
    endloop
  endfacet
  facet normal -8.767952e-14 -9.914449e-01 1.305262e-01
    outer loop
      vertex   3.480328e+01 1.703709e-02 3.772941e+01
      vertex   3.200000e+01 1.703709e-02 3.772941e+01
      vertex   3.200000e+01 0.000000e+00 3.760000e+01
    endloop
  endfacet
  facet normal 2.060988e-16 -9.914449e-01 1.305262e-01
    outer loop
      vertex   2.030000e+02 0.000000e+00 3.760000e+01
      vertex   1.160984e+02 1.703709e-02 3.772941e+01
      vertex   3.200000e+01 0.000000e+00 3.760000e+01
    endloop
  endfacet
  facet normal -1.718598e-16 -9.914449e-01 1.305262e-01
    outer loop
      vertex   3.200000e+01 0.000000e+00 3.760000e+01
      vertex   1.160984e+02 1.703709e-02 3.772941e+01
      vertex   1.132951e+02 1.703709e-02 3.772941e+01
    endloop
  endfacet
  facet normal 4.895041e-16 -9.914449e-01 1.305262e-01
    outer loop
      vertex   3.200000e+01 0.000000e+00 3.760000e+01
      vertex   1.132951e+02 1.703709e-02 3.772941e+01
      vertex   1.104918e+02 1.703709e-02 3.772941e+01
    endloop
  endfacet
  facet normal 1.779884e-15 -9.238795e-01 3.826834e-01
    outer loop
      vertex   1.104918e+02 1.703709e-02 3.772941e+01
      vertex   1.132951e+02 1.703709e-02 3.772941e+01
      vertex   1.104918e+02 6.698730e-02 3.785000e+01
    endloop
  endfacet
  facet normal 7.869994e-16 -9.238795e-01 3.826834e-01
    outer loop
      vertex   1.104918e+02 1.703709e-02 3.772941e+01
      vertex   1.104918e+02 6.698730e-02 3.785000e+01
      vertex   1.076885e+02 6.698730e-02 3.785000e+01
    endloop
  endfacet
  facet normal 1.385917e-15 -7.933533e-01 6.087614e-01
    outer loop
      vertex   1.076885e+02 6.698730e-02 3.785000e+01
      vertex   1.104918e+02 6.698730e-02 3.785000e+01
      vertex   1.076885e+02 1.464466e-01 3.795355e+01
    endloop
  endfacet
  facet normal 1.507625e-15 -7.933533e-01 6.087614e-01
    outer loop
      vertex   1.076885e+02 6.698730e-02 3.785000e+01
      vertex   1.076885e+02 1.464466e-01 3.795355e+01
      vertex   1.048852e+02 1.464466e-01 3.795355e+01
    endloop
  endfacet
  facet normal 1.980763e-15 -6.087614e-01 7.933533e-01
    outer loop
      vertex   1.048852e+02 1.464466e-01 3.795355e+01
      vertex   1.076885e+02 1.464466e-01 3.795355e+01
      vertex   1.048852e+02 2.500000e-01 3.803301e+01
    endloop
  endfacet
  facet normal 2.109727e-15 -6.087614e-01 7.933533e-01
    outer loop
      vertex   1.048852e+02 1.464466e-01 3.795355e+01
      vertex   1.048852e+02 2.500000e-01 3.803301e+01
      vertex   1.020820e+02 2.500000e-01 3.803301e+01
    endloop
  endfacet
  facet normal 2.402367e-15 -3.826834e-01 9.238795e-01
    outer loop
      vertex   1.020820e+02 2.500000e-01 3.803301e+01
      vertex   1.048852e+02 2.500000e-01 3.803301e+01
      vertex   1.020820e+02 3.705905e-01 3.808296e+01
    endloop
  endfacet
  facet normal 5.556405e-15 -6.087614e-01 7.933533e-01
    outer loop
      vertex   2.030000e+02 1.464466e-01 3.795355e+01
      vertex   2.030000e+02 2.500000e-01 3.803301e+01
      vertex   2.001967e+02 2.500000e-01 3.803301e+01
    endloop
  endfacet
  facet normal 8.882129e-15 -3.826834e-01 9.238795e-01
    outer loop
      vertex   2.001967e+02 2.500000e-01 3.803301e+01
      vertex   2.030000e+02 2.500000e-01 3.803301e+01
      vertex   2.001967e+02 3.705905e-01 3.808296e+01
    endloop
  endfacet
  facet normal 1.730450e-16 -3.826834e-01 9.238795e-01
    outer loop
      vertex   2.001967e+02 2.500000e-01 3.803301e+01
      vertex   2.001967e+02 3.705905e-01 3.808296e+01
      vertex   1.973934e+02 3.705905e-01 3.808296e+01
    endloop
  endfacet
  facet normal 5.944830e-17 -1.305262e-01 9.914449e-01
    outer loop
      vertex   1.973934e+02 3.705905e-01 3.808296e+01
      vertex   2.001967e+02 3.705905e-01 3.808296e+01
      vertex   2.030000e+02 5.000000e-01 3.810000e+01
    endloop
  endfacet
  facet normal 6.236733e-15 -3.826834e-01 9.238795e-01
    outer loop
      vertex   2.030000e+02 2.500000e-01 3.803301e+01
      vertex   2.030000e+02 3.705905e-01 3.808296e+01
      vertex   2.001967e+02 3.705905e-01 3.808296e+01
    endloop
  endfacet
  facet normal 1.241317e-14 -1.305262e-01 9.914449e-01
    outer loop
      vertex   2.001967e+02 3.705905e-01 3.808296e+01
      vertex   2.030000e+02 3.705905e-01 3.808296e+01
      vertex   2.030000e+02 5.000000e-01 3.810000e+01
    endloop
  endfacet
  facet normal 6.203301e-17 -1.305262e-01 9.914449e-01
    outer loop
      vertex   1.217049e+02 3.705905e-01 3.808296e+01
      vertex   2.030000e+02 5.000000e-01 3.810000e+01
      vertex   1.189016e+02 3.705905e-01 3.808296e+01
    endloop
  endfacet
  facet normal 1.235953e-16 -1.305262e-01 9.914449e-01
    outer loop
      vertex   1.189016e+02 3.705905e-01 3.808296e+01
      vertex   2.030000e+02 5.000000e-01 3.810000e+01
      vertex   3.200000e+01 5.000000e-01 3.810000e+01
    endloop
  endfacet
  facet normal 6.461772e-17 -1.305262e-01 9.914449e-01
    outer loop
      vertex   1.189016e+02 3.705905e-01 3.808296e+01
      vertex   3.200000e+01 5.000000e-01 3.810000e+01
      vertex   1.160984e+02 3.705905e-01 3.808296e+01
    endloop
  endfacet
  facet normal 2.569864e-15 -1.305262e-01 9.914449e-01
    outer loop
      vertex   1.160984e+02 3.705905e-01 3.808296e+01
      vertex   3.200000e+01 5.000000e-01 3.810000e+01
      vertex   1.132951e+02 3.705905e-01 3.808296e+01
    endloop
  endfacet
  facet normal 2.508459e-15 -3.826834e-01 9.238795e-01
    outer loop
      vertex   1.160984e+02 3.705905e-01 3.808296e+01
      vertex   1.132951e+02 3.705905e-01 3.808296e+01
      vertex   1.160984e+02 2.500000e-01 3.803301e+01
    endloop
  endfacet
  facet normal 2.409945e-15 -3.826834e-01 9.238795e-01
    outer loop
      vertex   1.160984e+02 2.500000e-01 3.803301e+01
      vertex   1.132951e+02 3.705905e-01 3.808296e+01
      vertex   1.132951e+02 2.500000e-01 3.803301e+01
    endloop
  endfacet
  facet normal 2.119394e-15 -6.087614e-01 7.933533e-01
    outer loop
      vertex   1.160984e+02 2.500000e-01 3.803301e+01
      vertex   1.132951e+02 2.500000e-01 3.803301e+01
      vertex   1.160984e+02 1.464466e-01 3.795355e+01
    endloop
  endfacet
  facet normal 1.986791e-15 -6.087614e-01 7.933533e-01
    outer loop
      vertex   1.160984e+02 1.464466e-01 3.795355e+01
      vertex   1.132951e+02 2.500000e-01 3.803301e+01
      vertex   1.132951e+02 1.464466e-01 3.795355e+01
    endloop
  endfacet
  facet normal 1.511598e-15 -7.933533e-01 6.087614e-01
    outer loop
      vertex   1.160984e+02 1.464466e-01 3.795355e+01
      vertex   1.132951e+02 1.464466e-01 3.795355e+01
      vertex   1.160984e+02 6.698730e-02 3.785000e+01
    endloop
  endfacet
  facet normal 1.667156e-16 -3.826834e-01 9.238795e-01
    outer loop
      vertex   3.760656e+01 3.705905e-01 3.808296e+01
      vertex   3.480328e+01 3.705905e-01 3.808296e+01
      vertex   3.760656e+01 2.500000e-01 3.803301e+01
    endloop
  endfacet
  facet normal 6.441285e-17 -3.826834e-01 9.238795e-01
    outer loop
      vertex   3.760656e+01 2.500000e-01 3.803301e+01
      vertex   3.480328e+01 3.705905e-01 3.808296e+01
      vertex   3.480328e+01 2.500000e-01 3.803301e+01
    endloop
  endfacet
  facet normal 1.024661e-16 -6.087614e-01 7.933533e-01
    outer loop
      vertex   3.760656e+01 2.500000e-01 3.803301e+01
      vertex   3.480328e+01 2.500000e-01 3.803301e+01
      vertex   3.760656e+01 1.464466e-01 3.795355e+01
    endloop
  endfacet
  facet normal 1.980763e-15 -6.087614e-01 7.933533e-01
    outer loop
      vertex   3.760656e+01 1.464466e-01 3.795355e+01
      vertex   3.480328e+01 2.500000e-01 3.803301e+01
      vertex   3.480328e+01 1.464466e-01 3.795355e+01
    endloop
  endfacet
  facet normal 1.503743e-15 -7.933533e-01 6.087614e-01
    outer loop
      vertex   3.760656e+01 1.464466e-01 3.795355e+01
      vertex   3.480328e+01 1.464466e-01 3.795355e+01
      vertex   3.760656e+01 6.698730e-02 3.785000e+01
    endloop
  endfacet
  facet normal -1.374639e-16 -7.933533e-01 6.087614e-01
    outer loop
      vertex   3.760656e+01 6.698730e-02 3.785000e+01
      vertex   3.480328e+01 1.464466e-01 3.795355e+01
      vertex   3.480328e+01 6.698730e-02 3.785000e+01
    endloop
  endfacet
  facet normal -1.600801e-16 -9.238795e-01 3.826834e-01
    outer loop
      vertex   3.760656e+01 6.698730e-02 3.785000e+01
      vertex   3.480328e+01 6.698730e-02 3.785000e+01
      vertex   3.760656e+01 1.703709e-02 3.772941e+01
    endloop
  endfacet
  facet normal 8.327703e-16 -9.238795e-01 3.826834e-01
    outer loop
      vertex   3.760656e+01 1.703709e-02 3.772941e+01
      vertex   3.480328e+01 6.698730e-02 3.785000e+01
      vertex   3.480328e+01 1.703709e-02 3.772941e+01
    endloop
  endfacet
  facet normal 1.835966e-16 -9.914449e-01 1.305262e-01
    outer loop
      vertex   3.760656e+01 1.703709e-02 3.772941e+01
      vertex   3.480328e+01 1.703709e-02 3.772941e+01
      vertex   3.200000e+01 0.000000e+00 3.760000e+01
    endloop
  endfacet
  facet normal 2.572448e-15 -1.305262e-01 9.914449e-01
    outer loop
      vertex   4.040984e+01 3.705905e-01 3.808296e+01
      vertex   4.321311e+01 3.705905e-01 3.808296e+01
      vertex   3.200000e+01 5.000000e-01 3.810000e+01
    endloop
  endfacet
  facet normal 2.571971e-15 -1.305262e-01 9.914449e-01
    outer loop
      vertex   3.200000e+01 5.000000e-01 3.810000e+01
      vertex   4.321311e+01 3.705905e-01 3.808296e+01
      vertex   4.601639e+01 3.705905e-01 3.808296e+01
    endloop
  endfacet
  facet normal 6.163248e-17 -1.305262e-01 9.914449e-01
    outer loop
      vertex   3.200000e+01 5.000000e-01 3.810000e+01
      vertex   4.601639e+01 3.705905e-01 3.808296e+01
      vertex   4.881967e+01 3.705905e-01 3.808296e+01
    endloop
  endfacet
  facet normal 1.818716e-16 -3.826834e-01 9.238795e-01
    outer loop
      vertex   4.881967e+01 3.705905e-01 3.808296e+01
      vertex   4.601639e+01 3.705905e-01 3.808296e+01
      vertex   4.881967e+01 2.500000e-01 3.803301e+01
    endloop
  endfacet
  facet normal 6.400296e-17 -3.826834e-01 9.238795e-01
    outer loop
      vertex   4.881967e+01 3.705905e-01 3.808296e+01
      vertex   4.881967e+01 2.500000e-01 3.803301e+01
      vertex   5.162295e+01 2.500000e-01 3.803301e+01
    endloop
  endfacet
  facet normal 1.024661e-16 -6.087614e-01 7.933533e-01
    outer loop
      vertex   5.162295e+01 2.500000e-01 3.803301e+01
      vertex   4.881967e+01 2.500000e-01 3.803301e+01
      vertex   5.162295e+01 1.464466e-01 3.795355e+01
    endloop
  endfacet
  facet normal -3.792768e-17 -6.087614e-01 7.933533e-01
    outer loop
      vertex   5.162295e+01 2.500000e-01 3.803301e+01
      vertex   5.162295e+01 1.464466e-01 3.795355e+01
      vertex   5.442623e+01 1.464466e-01 3.795355e+01
    endloop
  endfacet
  facet normal -4.713048e-17 -7.933533e-01 6.087614e-01
    outer loop
      vertex   5.442623e+01 1.464466e-01 3.795355e+01
      vertex   5.162295e+01 1.464466e-01 3.795355e+01
      vertex   5.442623e+01 6.698730e-02 3.785000e+01
    endloop
  endfacet
  facet normal 2.516037e-15 -3.826834e-01 9.238795e-01
    outer loop
      vertex   4.040984e+01 3.705905e-01 3.808296e+01
      vertex   4.321311e+01 2.500000e-01 3.803301e+01
      vertex   4.321311e+01 3.705905e-01 3.808296e+01
    endloop
  endfacet
  facet normal 6.874392e-17 -3.826834e-01 9.238795e-01
    outer loop
      vertex   4.321311e+01 3.705905e-01 3.808296e+01
      vertex   4.321311e+01 2.500000e-01 3.803301e+01
      vertex   4.601639e+01 2.500000e-01 3.803301e+01
    endloop
  endfacet
  facet normal 2.516037e-15 -3.826834e-01 9.238795e-01
    outer loop
      vertex   4.321311e+01 3.705905e-01 3.808296e+01
      vertex   4.601639e+01 2.500000e-01 3.803301e+01
      vertex   4.601639e+01 3.705905e-01 3.808296e+01
    endloop
  endfacet
  facet normal 2.408408e-15 -3.826834e-01 9.238795e-01
    outer loop
      vertex   4.601639e+01 3.705905e-01 3.808296e+01
      vertex   4.601639e+01 2.500000e-01 3.803301e+01
      vertex   4.881967e+01 2.500000e-01 3.803301e+01
    endloop
  endfacet
  facet normal 2.569864e-15 -1.305262e-01 9.914449e-01
    outer loop
      vertex   5.442623e+01 3.705905e-01 3.808296e+01
      vertex   3.200000e+01 5.000000e-01 3.810000e+01
      vertex   5.162295e+01 3.705905e-01 3.808296e+01
    endloop
  endfacet
  facet normal 5.944830e-17 -1.305262e-01 9.914449e-01
    outer loop
      vertex   5.162295e+01 3.705905e-01 3.808296e+01
      vertex   3.200000e+01 5.000000e-01 3.810000e+01
      vertex   4.881967e+01 3.705905e-01 3.808296e+01
    endloop
  endfacet
  facet normal 1.742936e-16 -3.826834e-01 9.238795e-01
    outer loop
      vertex   5.162295e+01 3.705905e-01 3.808296e+01
      vertex   4.881967e+01 3.705905e-01 3.808296e+01
      vertex   5.162295e+01 2.500000e-01 3.803301e+01
    endloop
  endfacet
  facet normal 2.507968e-15 -3.826834e-01 9.238795e-01
    outer loop
      vertex   5.442623e+01 2.500000e-01 3.803301e+01
      vertex   5.442623e+01 3.705905e-01 3.808296e+01
      vertex   5.162295e+01 3.705905e-01 3.808296e+01
    endloop
  endfacet
  facet normal 2.406156e-15 -3.826834e-01 9.238795e-01
    outer loop
      vertex   5.442623e+01 2.500000e-01 3.803301e+01
      vertex   5.162295e+01 3.705905e-01 3.808296e+01
      vertex   5.162295e+01 2.500000e-01 3.803301e+01
    endloop
  endfacet
  facet normal 2.523615e-15 -3.826834e-01 9.238795e-01
    outer loop
      vertex   6.003279e+01 3.705905e-01 3.808296e+01
      vertex   5.722951e+01 3.705905e-01 3.808296e+01
      vertex   6.003279e+01 2.500000e-01 3.803301e+01
    endloop
  endfacet
  facet normal 2.413734e-15 -3.826834e-01 9.238795e-01
    outer loop
      vertex   6.003279e+01 2.500000e-01 3.803301e+01
      vertex   5.722951e+01 3.705905e-01 3.808296e+01
      vertex   5.722951e+01 2.500000e-01 3.803301e+01
    endloop
  endfacet
  facet normal 2.125421e-15 -6.087614e-01 7.933533e-01
    outer loop
      vertex   6.003279e+01 2.500000e-01 3.803301e+01
      vertex   5.722951e+01 2.500000e-01 3.803301e+01
      vertex   6.003279e+01 1.464466e-01 3.795355e+01
    endloop
  endfacet
  facet normal -3.013707e-17 -6.087614e-01 7.933533e-01
    outer loop
      vertex   6.003279e+01 1.464466e-01 3.795355e+01
      vertex   5.722951e+01 2.500000e-01 3.803301e+01
      vertex   5.722951e+01 1.464466e-01 3.795355e+01
    endloop
  endfacet
  facet normal -3.927540e-17 -7.933533e-01 6.087614e-01
    outer loop
      vertex   6.003279e+01 1.464466e-01 3.795355e+01
      vertex   5.722951e+01 1.464466e-01 3.795355e+01
      vertex   6.003279e+01 6.698730e-02 3.785000e+01
    endloop
  endfacet
  facet normal 1.405554e-15 -7.933533e-01 6.087614e-01
    outer loop
      vertex   6.003279e+01 6.698730e-02 3.785000e+01
      vertex   5.722951e+01 1.464466e-01 3.795355e+01
      vertex   5.722951e+01 6.698730e-02 3.785000e+01
    endloop
  endfacet
  facet normal 8.099017e-16 -9.238795e-01 3.826834e-01
    outer loop
      vertex   6.003279e+01 6.698730e-02 3.785000e+01
      vertex   5.722951e+01 6.698730e-02 3.785000e+01
      vertex   6.003279e+01 1.703709e-02 3.772941e+01
    endloop
  endfacet
  facet normal -1.600801e-16 -9.238795e-01 3.826834e-01
    outer loop
      vertex   6.003279e+01 1.703709e-02 3.772941e+01
      vertex   5.722951e+01 6.698730e-02 3.785000e+01
      vertex   5.722951e+01 1.703709e-02 3.772941e+01
    endloop
  endfacet
  facet normal -1.717871e-16 -9.914449e-01 1.305262e-01
    outer loop
      vertex   6.003279e+01 1.703709e-02 3.772941e+01
      vertex   5.722951e+01 1.703709e-02 3.772941e+01
      vertex   3.200000e+01 0.000000e+00 3.760000e+01
    endloop
  endfacet
  facet normal 6.203301e-17 -1.305262e-01 9.914449e-01
    outer loop
      vertex   6.283607e+01 3.705905e-01 3.808296e+01
      vertex   6.563934e+01 3.705905e-01 3.808296e+01
      vertex   3.200000e+01 5.000000e-01 3.810000e+01
    endloop
  endfacet
  facet normal 2.575527e-15 -1.305262e-01 9.914449e-01
    outer loop
      vertex   3.200000e+01 5.000000e-01 3.810000e+01
      vertex   6.563934e+01 3.705905e-01 3.808296e+01
      vertex   6.844262e+01 3.705905e-01 3.808296e+01
    endloop
  endfacet
  facet normal 2.570786e-15 -1.305262e-01 9.914449e-01
    outer loop
      vertex   3.200000e+01 5.000000e-01 3.810000e+01
      vertex   6.844262e+01 3.705905e-01 3.808296e+01
      vertex   7.124590e+01 3.705905e-01 3.808296e+01
    endloop
  endfacet
  facet normal 2.508459e-15 -3.826834e-01 9.238795e-01
    outer loop
      vertex   7.124590e+01 3.705905e-01 3.808296e+01
      vertex   6.844262e+01 3.705905e-01 3.808296e+01
      vertex   7.124590e+01 2.500000e-01 3.803301e+01
    endloop
  endfacet
  facet normal 2.408408e-15 -3.826834e-01 9.238795e-01
    outer loop
      vertex   7.124590e+01 3.705905e-01 3.808296e+01
      vertex   7.124590e+01 2.500000e-01 3.803301e+01
      vertex   7.404918e+01 2.500000e-01 3.803301e+01
    endloop
  endfacet
  facet normal 2.119394e-15 -6.087614e-01 7.933533e-01
    outer loop
      vertex   7.404918e+01 2.500000e-01 3.803301e+01
      vertex   7.124590e+01 2.500000e-01 3.803301e+01
      vertex   7.404918e+01 1.464466e-01 3.795355e+01
    endloop
  endfacet
  facet normal 1.967498e-15 -6.087614e-01 7.933533e-01
    outer loop
      vertex   7.404918e+01 2.500000e-01 3.803301e+01
      vertex   7.404918e+01 1.464466e-01 3.795355e+01
      vertex   7.685246e+01 1.464466e-01 3.795355e+01
    endloop
  endfacet
  facet normal 1.488033e-15 -7.933533e-01 6.087614e-01
    outer loop
      vertex   7.685246e+01 1.464466e-01 3.795355e+01
      vertex   7.404918e+01 1.464466e-01 3.795355e+01
      vertex   7.685246e+01 6.698730e-02 3.785000e+01
    endloop
  endfacet
  facet normal 1.818716e-16 -3.826834e-01 9.238795e-01
    outer loop
      vertex   6.283607e+01 3.705905e-01 3.808296e+01
      vertex   6.563934e+01 2.500000e-01 3.803301e+01
      vertex   6.563934e+01 3.705905e-01 3.808296e+01
    endloop
  endfacet
  facet normal 2.401296e-15 -3.826834e-01 9.238795e-01
    outer loop
      vertex   6.563934e+01 3.705905e-01 3.808296e+01
      vertex   6.563934e+01 2.500000e-01 3.803301e+01
      vertex   6.844262e+01 2.500000e-01 3.803301e+01
    endloop
  endfacet
  facet normal 2.523615e-15 -3.826834e-01 9.238795e-01
    outer loop
      vertex   6.563934e+01 3.705905e-01 3.808296e+01
      vertex   6.844262e+01 2.500000e-01 3.803301e+01
      vertex   6.844262e+01 3.705905e-01 3.808296e+01
    endloop
  endfacet
  facet normal 6.400296e-17 -3.826834e-01 9.238795e-01
    outer loop
      vertex   6.844262e+01 3.705905e-01 3.808296e+01
      vertex   6.844262e+01 2.500000e-01 3.803301e+01
      vertex   7.124590e+01 2.500000e-01 3.803301e+01
    endloop
  endfacet
  facet normal 5.944830e-17 -1.305262e-01 9.914449e-01
    outer loop
      vertex   7.685246e+01 3.705905e-01 3.808296e+01
      vertex   3.200000e+01 5.000000e-01 3.810000e+01
      vertex   7.404918e+01 3.705905e-01 3.808296e+01
    endloop
  endfacet
  facet normal 5.686359e-17 -1.305262e-01 9.914449e-01
    outer loop
      vertex   7.404918e+01 3.705905e-01 3.808296e+01
      vertex   3.200000e+01 5.000000e-01 3.810000e+01
      vertex   7.124590e+01 3.705905e-01 3.808296e+01
    endloop
  endfacet
  facet normal 1.667156e-16 -3.826834e-01 9.238795e-01
    outer loop
      vertex   7.404918e+01 3.705905e-01 3.808296e+01
      vertex   7.124590e+01 3.705905e-01 3.808296e+01
      vertex   7.404918e+01 2.500000e-01 3.803301e+01
    endloop
  endfacet
  facet normal 1.754155e-16 -3.826834e-01 9.238795e-01
    outer loop
      vertex   7.685246e+01 2.500000e-01 3.803301e+01
      vertex   7.685246e+01 3.705905e-01 3.808296e+01
      vertex   7.404918e+01 3.705905e-01 3.808296e+01
    endloop
  endfacet
  facet normal 2.409945e-15 -3.826834e-01 9.238795e-01
    outer loop
      vertex   7.685246e+01 2.500000e-01 3.803301e+01
      vertex   7.404918e+01 3.705905e-01 3.808296e+01
      vertex   7.404918e+01 2.500000e-01 3.803301e+01
    endloop
  endfacet
  facet normal 2.508459e-15 -3.826834e-01 9.238795e-01
    outer loop
      vertex   8.245902e+01 3.705905e-01 3.808296e+01
      vertex   7.965574e+01 3.705905e-01 3.808296e+01
      vertex   8.245902e+01 2.500000e-01 3.803301e+01
    endloop
  endfacet
  facet normal 2.402367e-15 -3.826834e-01 9.238795e-01
    outer loop
      vertex   8.245902e+01 2.500000e-01 3.803301e+01
      vertex   7.965574e+01 3.705905e-01 3.808296e+01
      vertex   7.965574e+01 2.500000e-01 3.803301e+01
    endloop
  endfacet
  facet normal 2.107339e-15 -6.087614e-01 7.933533e-01
    outer loop
      vertex   8.245902e+01 2.500000e-01 3.803301e+01
      vertex   7.965574e+01 2.500000e-01 3.803301e+01
      vertex   8.245902e+01 1.464466e-01 3.795355e+01
    endloop
  endfacet
  facet normal 1.980763e-15 -6.087614e-01 7.933533e-01
    outer loop
      vertex   8.245902e+01 1.464466e-01 3.795355e+01
      vertex   7.965574e+01 2.500000e-01 3.803301e+01
      vertex   7.965574e+01 1.464466e-01 3.795355e+01
    endloop
  endfacet
  facet normal 1.503743e-15 -7.933533e-01 6.087614e-01
    outer loop
      vertex   8.245902e+01 1.464466e-01 3.795355e+01
      vertex   7.965574e+01 1.464466e-01 3.795355e+01
      vertex   8.245902e+01 6.698730e-02 3.785000e+01
    endloop
  endfacet
  facet normal 1.385917e-15 -7.933533e-01 6.087614e-01
    outer loop
      vertex   8.245902e+01 6.698730e-02 3.785000e+01
      vertex   7.965574e+01 1.464466e-01 3.795355e+01
      vertex   7.965574e+01 6.698730e-02 3.785000e+01
    endloop
  endfacet
  facet normal 7.870331e-16 -9.238795e-01 3.826834e-01
    outer loop
      vertex   8.245902e+01 6.698730e-02 3.785000e+01
      vertex   7.965574e+01 6.698730e-02 3.785000e+01
      vertex   8.245902e+01 1.703709e-02 3.772941e+01
    endloop
  endfacet
  facet normal 8.327703e-16 -9.238795e-01 3.826834e-01
    outer loop
      vertex   8.245902e+01 1.703709e-02 3.772941e+01
      vertex   7.965574e+01 6.698730e-02 3.785000e+01
      vertex   7.965574e+01 1.703709e-02 3.772941e+01
    endloop
  endfacet
  facet normal 1.835966e-16 -9.914449e-01 1.305262e-01
    outer loop
      vertex   8.245902e+01 1.703709e-02 3.772941e+01
      vertex   7.965574e+01 1.703709e-02 3.772941e+01
      vertex   3.200000e+01 0.000000e+00 3.760000e+01
    endloop
  endfacet
  facet normal 6.461772e-17 -1.305262e-01 9.914449e-01
    outer loop
      vertex   8.526230e+01 3.705905e-01 3.808296e+01
      vertex   8.806557e+01 3.705905e-01 3.808296e+01
      vertex   3.200000e+01 5.000000e-01 3.810000e+01
    endloop
  endfacet
  facet normal 2.569600e-15 -1.305262e-01 9.914449e-01
    outer loop
      vertex   3.200000e+01 5.000000e-01 3.810000e+01
      vertex   8.806557e+01 3.705905e-01 3.808296e+01
      vertex   9.086885e+01 3.705905e-01 3.808296e+01
    endloop
  endfacet
  facet normal 5.926200e-17 -1.305262e-01 9.914449e-01
    outer loop
      vertex   3.200000e+01 5.000000e-01 3.810000e+01
      vertex   9.086885e+01 3.705905e-01 3.808296e+01
      vertex   9.367213e+01 3.705905e-01 3.808296e+01
    endloop
  endfacet
  facet normal 1.742936e-16 -3.826834e-01 9.238795e-01
    outer loop
      vertex   9.367213e+01 3.705905e-01 3.808296e+01
      vertex   9.086885e+01 3.705905e-01 3.808296e+01
      vertex   9.367213e+01 2.500000e-01 3.803301e+01
    endloop
  endfacet
  facet normal 2.401296e-15 -3.826834e-01 9.238795e-01
    outer loop
      vertex   9.367213e+01 3.705905e-01 3.808296e+01
      vertex   9.367213e+01 2.500000e-01 3.803301e+01
      vertex   9.647541e+01 2.500000e-01 3.803301e+01
    endloop
  endfacet
  facet normal 2.107339e-15 -6.087614e-01 7.933533e-01
    outer loop
      vertex   9.647541e+01 2.500000e-01 3.803301e+01
      vertex   9.367213e+01 2.500000e-01 3.803301e+01
      vertex   9.647541e+01 1.464466e-01 3.795355e+01
    endloop
  endfacet
  facet normal -4.740960e-17 -6.087614e-01 7.933533e-01
    outer loop
      vertex   9.647541e+01 2.500000e-01 3.803301e+01
      vertex   9.647541e+01 1.464466e-01 3.795355e+01
      vertex   9.927869e+01 1.464466e-01 3.795355e+01
    endloop
  endfacet
  facet normal -6.284064e-17 -7.933533e-01 6.087614e-01
    outer loop
      vertex   9.927869e+01 1.464466e-01 3.795355e+01
      vertex   9.647541e+01 1.464466e-01 3.795355e+01
      vertex   9.927869e+01 6.698730e-02 3.785000e+01
    endloop
  endfacet
  facet normal 1.894496e-16 -3.826834e-01 9.238795e-01
    outer loop
      vertex   8.526230e+01 3.705905e-01 3.808296e+01
      vertex   8.806557e+01 2.500000e-01 3.803301e+01
      vertex   8.806557e+01 3.705905e-01 3.808296e+01
    endloop
  endfacet
  facet normal 2.417890e-15 -3.826834e-01 9.238795e-01
    outer loop
      vertex   8.806557e+01 3.705905e-01 3.808296e+01
      vertex   8.806557e+01 2.500000e-01 3.803301e+01
      vertex   9.086885e+01 2.500000e-01 3.803301e+01
    endloop
  endfacet
  facet normal 2.508459e-15 -3.826834e-01 9.238795e-01
    outer loop
      vertex   8.806557e+01 3.705905e-01 3.808296e+01
      vertex   9.086885e+01 2.500000e-01 3.803301e+01
      vertex   9.086885e+01 3.705905e-01 3.808296e+01
    endloop
  endfacet
  facet normal 6.637344e-17 -3.826834e-01 9.238795e-01
    outer loop
      vertex   9.086885e+01 3.705905e-01 3.808296e+01
      vertex   9.086885e+01 2.500000e-01 3.803301e+01
      vertex   9.367213e+01 2.500000e-01 3.803301e+01
    endloop
  endfacet
  facet normal 2.572448e-15 -1.305262e-01 9.914449e-01
    outer loop
      vertex   9.927869e+01 3.705905e-01 3.808296e+01
      vertex   3.200000e+01 5.000000e-01 3.810000e+01
      vertex   9.647541e+01 3.705905e-01 3.808296e+01
    endloop
  endfacet
  facet normal 2.575033e-15 -1.305262e-01 9.914449e-01
    outer loop
      vertex   9.647541e+01 3.705905e-01 3.808296e+01
      vertex   3.200000e+01 5.000000e-01 3.810000e+01
      vertex   9.367213e+01 3.705905e-01 3.808296e+01
    endloop
  endfacet
  facet normal 2.523615e-15 -3.826834e-01 9.238795e-01
    outer loop
      vertex   9.647541e+01 3.705905e-01 3.808296e+01
      vertex   9.367213e+01 3.705905e-01 3.808296e+01
      vertex   9.647541e+01 2.500000e-01 3.803301e+01
    endloop
  endfacet
  facet normal 2.515079e-15 -3.826834e-01 9.238795e-01
    outer loop
      vertex   9.927869e+01 2.500000e-01 3.803301e+01
      vertex   9.927869e+01 3.705905e-01 3.808296e+01
      vertex   9.647541e+01 3.705905e-01 3.808296e+01
    endloop
  endfacet
  facet normal 6.820185e-17 -3.826834e-01 9.238795e-01
    outer loop
      vertex   9.927869e+01 2.500000e-01 3.803301e+01
      vertex   9.647541e+01 3.705905e-01 3.808296e+01
      vertex   9.647541e+01 2.500000e-01 3.803301e+01
    endloop
  endfacet
  facet normal 6.820185e-17 -3.826834e-01 9.238795e-01
    outer loop
      vertex   1.076885e+02 2.500000e-01 3.803301e+01
      vertex   1.048852e+02 3.705905e-01 3.808296e+01
      vertex   1.048852e+02 2.500000e-01 3.803301e+01
    endloop
  endfacet
  facet normal 2.517450e-15 -3.826834e-01 9.238795e-01
    outer loop
      vertex   1.048852e+02 2.500000e-01 3.803301e+01
      vertex   1.048852e+02 3.705905e-01 3.808296e+01
      vertex   1.020820e+02 3.705905e-01 3.808296e+01
    endloop
  endfacet
  facet normal 2.572448e-15 -1.305262e-01 9.914449e-01
    outer loop
      vertex   1.132951e+02 3.705905e-01 3.808296e+01
      vertex   3.200000e+01 5.000000e-01 3.810000e+01
      vertex   1.104918e+02 3.705905e-01 3.808296e+01
    endloop
  endfacet
  facet normal 6.203301e-17 -1.305262e-01 9.914449e-01
    outer loop
      vertex   1.104918e+02 3.705905e-01 3.808296e+01
      vertex   3.200000e+01 5.000000e-01 3.810000e+01
      vertex   1.076885e+02 3.705905e-01 3.808296e+01
    endloop
  endfacet
  facet normal 1.818716e-16 -3.826834e-01 9.238795e-01
    outer loop
      vertex   1.104918e+02 3.705905e-01 3.808296e+01
      vertex   1.076885e+02 3.705905e-01 3.808296e+01
      vertex   1.104918e+02 2.500000e-01 3.803301e+01
    endloop
  endfacet
  facet normal 2.515079e-15 -3.826834e-01 9.238795e-01
    outer loop
      vertex   1.132951e+02 2.500000e-01 3.803301e+01
      vertex   1.132951e+02 3.705905e-01 3.808296e+01
      vertex   1.104918e+02 3.705905e-01 3.808296e+01
    endloop
  endfacet
  facet normal 6.820185e-17 -3.826834e-01 9.238795e-01
    outer loop
      vertex   1.132951e+02 2.500000e-01 3.803301e+01
      vertex   1.104918e+02 3.705905e-01 3.808296e+01
      vertex   1.104918e+02 2.500000e-01 3.803301e+01
    endloop
  endfacet
  facet normal 1.825270e-16 -3.826834e-01 9.238795e-01
    outer loop
      vertex   1.217049e+02 2.500000e-01 3.803301e+01
      vertex   1.217049e+02 3.705905e-01 3.808296e+01
      vertex   1.189016e+02 3.705905e-01 3.808296e+01
    endloop
  endfacet
  facet normal 1.894496e-16 -3.826834e-01 9.238795e-01
    outer loop
      vertex   1.189016e+02 3.705905e-01 3.808296e+01
      vertex   1.160984e+02 3.705905e-01 3.808296e+01
      vertex   1.189016e+02 2.500000e-01 3.803301e+01
    endloop
  endfacet
  facet normal 6.820185e-17 -3.826834e-01 9.238795e-01
    outer loop
      vertex   1.189016e+02 2.500000e-01 3.803301e+01
      vertex   1.160984e+02 3.705905e-01 3.808296e+01
      vertex   1.160984e+02 2.500000e-01 3.803301e+01
    endloop
  endfacet
  facet normal 1.084935e-16 -6.087614e-01 7.933533e-01
    outer loop
      vertex   1.189016e+02 2.500000e-01 3.803301e+01
      vertex   1.160984e+02 2.500000e-01 3.803301e+01
      vertex   1.189016e+02 1.464466e-01 3.795355e+01
    endloop
  endfacet
  facet normal -3.616449e-17 -6.087614e-01 7.933533e-01
    outer loop
      vertex   1.189016e+02 1.464466e-01 3.795355e+01
      vertex   1.160984e+02 2.500000e-01 3.803301e+01
      vertex   1.160984e+02 1.464466e-01 3.795355e+01
    endloop
  endfacet
  facet normal -4.713048e-17 -7.933533e-01 6.087614e-01
    outer loop
      vertex   1.189016e+02 1.464466e-01 3.795355e+01
      vertex   1.160984e+02 1.464466e-01 3.795355e+01
      vertex   1.189016e+02 6.698730e-02 3.785000e+01
    endloop
  endfacet
  facet normal -1.374639e-16 -7.933533e-01 6.087614e-01
    outer loop
      vertex   1.189016e+02 6.698730e-02 3.785000e+01
      vertex   1.160984e+02 1.464466e-01 3.795355e+01
      vertex   1.160984e+02 6.698730e-02 3.785000e+01
    endloop
  endfacet
  facet normal -1.600801e-16 -9.238795e-01 3.826834e-01
    outer loop
      vertex   1.189016e+02 6.698730e-02 3.785000e+01
      vertex   1.160984e+02 6.698730e-02 3.785000e+01
      vertex   1.189016e+02 1.703709e-02 3.772941e+01
    endloop
  endfacet
  facet normal 2.523615e-15 -3.826834e-01 9.238795e-01
    outer loop
      vertex   1.273115e+02 3.705905e-01 3.808296e+01
      vertex   1.245082e+02 3.705905e-01 3.808296e+01
      vertex   1.273115e+02 2.500000e-01 3.803301e+01
    endloop
  endfacet
  facet normal 2.417523e-15 -3.826834e-01 9.238795e-01
    outer loop
      vertex   1.273115e+02 2.500000e-01 3.803301e+01
      vertex   1.245082e+02 3.705905e-01 3.808296e+01
      vertex   1.245082e+02 2.500000e-01 3.803301e+01
    endloop
  endfacet
  facet normal 2.131449e-15 -6.087614e-01 7.933533e-01
    outer loop
      vertex   1.273115e+02 2.500000e-01 3.803301e+01
      vertex   1.245082e+02 2.500000e-01 3.803301e+01
      vertex   1.273115e+02 1.464466e-01 3.795355e+01
    endloop
  endfacet
  facet normal 1.980763e-15 -6.087614e-01 7.933533e-01
    outer loop
      vertex   1.273115e+02 1.464466e-01 3.795355e+01
      vertex   1.245082e+02 2.500000e-01 3.803301e+01
      vertex   1.245082e+02 1.464466e-01 3.795355e+01
    endloop
  endfacet
  facet normal 1.503743e-15 -7.933533e-01 6.087614e-01
    outer loop
      vertex   1.273115e+02 1.464466e-01 3.795355e+01
      vertex   1.245082e+02 1.464466e-01 3.795355e+01
      vertex   1.273115e+02 6.698730e-02 3.785000e+01
    endloop
  endfacet
  facet normal -1.571016e-16 -7.933533e-01 6.087614e-01
    outer loop
      vertex   1.273115e+02 6.698730e-02 3.785000e+01
      vertex   1.245082e+02 1.464466e-01 3.795355e+01
      vertex   1.245082e+02 6.698730e-02 3.785000e+01
    endloop
  endfacet
  facet normal -1.829487e-16 -9.238795e-01 3.826834e-01
    outer loop
      vertex   1.273115e+02 6.698730e-02 3.785000e+01
      vertex   1.245082e+02 6.698730e-02 3.785000e+01
      vertex   1.273115e+02 1.703709e-02 3.772941e+01
    endloop
  endfacet
  facet normal 8.327703e-16 -9.238795e-01 3.826834e-01
    outer loop
      vertex   1.273115e+02 1.703709e-02 3.772941e+01
      vertex   1.245082e+02 6.698730e-02 3.785000e+01
      vertex   1.245082e+02 1.703709e-02 3.772941e+01
    endloop
  endfacet
  facet normal 1.835966e-16 -9.914449e-01 1.305262e-01
    outer loop
      vertex   1.273115e+02 1.703709e-02 3.772941e+01
      vertex   1.245082e+02 1.703709e-02 3.772941e+01
      vertex   2.030000e+02 0.000000e+00 3.760000e+01
    endloop
  endfacet
  facet normal 2.575033e-15 -1.305262e-01 9.914449e-01
    outer loop
      vertex   1.301148e+02 3.705905e-01 3.808296e+01
      vertex   1.329180e+02 3.705905e-01 3.808296e+01
      vertex   2.030000e+02 5.000000e-01 3.810000e+01
    endloop
  endfacet
  facet normal 2.575527e-15 -1.305262e-01 9.914449e-01
    outer loop
      vertex   2.030000e+02 5.000000e-01 3.810000e+01
      vertex   1.329180e+02 3.705905e-01 3.808296e+01
      vertex   1.357213e+02 3.705905e-01 3.808296e+01
    endloop
  endfacet
  facet normal 5.689152e-17 -1.305262e-01 9.914449e-01
    outer loop
      vertex   2.030000e+02 5.000000e-01 3.810000e+01
      vertex   1.357213e+02 3.705905e-01 3.808296e+01
      vertex   1.385246e+02 3.705905e-01 3.808296e+01
    endloop
  endfacet
  facet normal 1.667156e-16 -3.826834e-01 9.238795e-01
    outer loop
      vertex   1.385246e+02 3.705905e-01 3.808296e+01
      vertex   1.357213e+02 3.705905e-01 3.808296e+01
      vertex   1.385246e+02 2.500000e-01 3.803301e+01
    endloop
  endfacet
  facet normal 2.417890e-15 -3.826834e-01 9.238795e-01
    outer loop
      vertex   1.385246e+02 3.705905e-01 3.808296e+01
      vertex   1.385246e+02 2.500000e-01 3.803301e+01
      vertex   1.413279e+02 2.500000e-01 3.803301e+01
    endloop
  endfacet
  facet normal 2.131449e-15 -6.087614e-01 7.933533e-01
    outer loop
      vertex   1.413279e+02 2.500000e-01 3.803301e+01
      vertex   1.385246e+02 2.500000e-01 3.803301e+01
      vertex   1.413279e+02 1.464466e-01 3.795355e+01
    endloop
  endfacet
  facet normal 1.981721e-15 -6.087614e-01 7.933533e-01
    outer loop
      vertex   1.413279e+02 2.500000e-01 3.803301e+01
      vertex   1.413279e+02 1.464466e-01 3.795355e+01
      vertex   1.441311e+02 1.464466e-01 3.795355e+01
    endloop
  endfacet
  facet normal 1.503743e-15 -7.933533e-01 6.087614e-01
    outer loop
      vertex   1.441311e+02 1.464466e-01 3.795355e+01
      vertex   1.413279e+02 1.464466e-01 3.795355e+01
      vertex   1.441311e+02 6.698730e-02 3.785000e+01
    endloop
  endfacet
  facet normal 2.523615e-15 -3.826834e-01 9.238795e-01
    outer loop
      vertex   1.301148e+02 3.705905e-01 3.808296e+01
      vertex   1.329180e+02 2.500000e-01 3.803301e+01
      vertex   1.329180e+02 3.705905e-01 3.808296e+01
    endloop
  endfacet
  facet normal 6.163248e-17 -3.826834e-01 9.238795e-01
    outer loop
      vertex   1.329180e+02 3.705905e-01 3.808296e+01
      vertex   1.329180e+02 2.500000e-01 3.803301e+01
      vertex   1.357213e+02 2.500000e-01 3.803301e+01
    endloop
  endfacet
  facet normal 2.523615e-15 -3.826834e-01 9.238795e-01
    outer loop
      vertex   1.329180e+02 3.705905e-01 3.808296e+01
      vertex   1.357213e+02 2.500000e-01 3.803301e+01
      vertex   1.357213e+02 3.705905e-01 3.808296e+01
    endloop
  endfacet
  facet normal 2.408408e-15 -3.826834e-01 9.238795e-01
    outer loop
      vertex   1.357213e+02 3.705905e-01 3.808296e+01
      vertex   1.357213e+02 2.500000e-01 3.803301e+01
      vertex   1.385246e+02 2.500000e-01 3.803301e+01
    endloop
  endfacet
  facet normal 5.944830e-17 -1.305262e-01 9.914449e-01
    outer loop
      vertex   1.441311e+02 3.705905e-01 3.808296e+01
      vertex   2.030000e+02 5.000000e-01 3.810000e+01
      vertex   1.413279e+02 3.705905e-01 3.808296e+01
    endloop
  endfacet
  facet normal 2.577618e-15 -1.305262e-01 9.914449e-01
    outer loop
      vertex   1.413279e+02 3.705905e-01 3.808296e+01
      vertex   2.030000e+02 5.000000e-01 3.810000e+01
      vertex   1.385246e+02 3.705905e-01 3.808296e+01
    endloop
  endfacet
  facet normal 2.531193e-15 -3.826834e-01 9.238795e-01
    outer loop
      vertex   1.413279e+02 3.705905e-01 3.808296e+01
      vertex   1.385246e+02 3.705905e-01 3.808296e+01
      vertex   1.413279e+02 2.500000e-01 3.803301e+01
    endloop
  endfacet
  facet normal 1.754155e-16 -3.826834e-01 9.238795e-01
    outer loop
      vertex   1.441311e+02 2.500000e-01 3.803301e+01
      vertex   1.441311e+02 3.705905e-01 3.808296e+01
      vertex   1.413279e+02 3.705905e-01 3.808296e+01
    endloop
  endfacet
  facet normal 6.062386e-17 -3.826834e-01 9.238795e-01
    outer loop
      vertex   1.441311e+02 2.500000e-01 3.803301e+01
      vertex   1.413279e+02 3.705905e-01 3.808296e+01
      vertex   1.413279e+02 2.500000e-01 3.803301e+01
    endloop
  endfacet
  facet normal 2.531193e-15 -3.826834e-01 9.238795e-01
    outer loop
      vertex   1.497377e+02 3.705905e-01 3.808296e+01
      vertex   1.469344e+02 3.705905e-01 3.808296e+01
      vertex   1.497377e+02 2.500000e-01 3.803301e+01
    endloop
  endfacet
  facet normal 5.304588e-17 -3.826834e-01 9.238795e-01
    outer loop
      vertex   1.497377e+02 2.500000e-01 3.803301e+01
      vertex   1.469344e+02 3.705905e-01 3.808296e+01
      vertex   1.469344e+02 2.500000e-01 3.803301e+01
    endloop
  endfacet
  facet normal 8.438381e-17 -6.087614e-01 7.933533e-01
    outer loop
      vertex   1.497377e+02 2.500000e-01 3.803301e+01
      vertex   1.469344e+02 2.500000e-01 3.803301e+01
      vertex   1.497377e+02 1.464466e-01 3.795355e+01
    endloop
  endfacet
  facet normal 1.980763e-15 -6.087614e-01 7.933533e-01
    outer loop
      vertex   1.497377e+02 1.464466e-01 3.795355e+01
      vertex   1.469344e+02 2.500000e-01 3.803301e+01
      vertex   1.469344e+02 1.464466e-01 3.795355e+01
    endloop
  endfacet
  facet normal 1.503743e-15 -7.933533e-01 6.087614e-01
    outer loop
      vertex   1.497377e+02 1.464466e-01 3.795355e+01
      vertex   1.469344e+02 1.464466e-01 3.795355e+01
      vertex   1.497377e+02 6.698730e-02 3.785000e+01
    endloop
  endfacet
  facet normal 1.366279e-15 -7.933533e-01 6.087614e-01
    outer loop
      vertex   1.497377e+02 6.698730e-02 3.785000e+01
      vertex   1.469344e+02 1.464466e-01 3.795355e+01
      vertex   1.469344e+02 6.698730e-02 3.785000e+01
    endloop
  endfacet
  facet normal 7.641645e-16 -9.238795e-01 3.826834e-01
    outer loop
      vertex   1.497377e+02 6.698730e-02 3.785000e+01
      vertex   1.469344e+02 6.698730e-02 3.785000e+01
      vertex   1.497377e+02 1.703709e-02 3.772941e+01
    endloop
  endfacet
  facet normal 8.327703e-16 -9.238795e-01 3.826834e-01
    outer loop
      vertex   1.497377e+02 1.703709e-02 3.772941e+01
      vertex   1.469344e+02 6.698730e-02 3.785000e+01
      vertex   1.469344e+02 1.703709e-02 3.772941e+01
    endloop
  endfacet
  facet normal 1.835966e-16 -9.914449e-01 1.305262e-01
    outer loop
      vertex   1.497377e+02 1.703709e-02 3.772941e+01
      vertex   1.469344e+02 1.703709e-02 3.772941e+01
      vertex   2.030000e+02 0.000000e+00 3.760000e+01
    endloop
  endfacet
  facet normal 2.569864e-15 -1.305262e-01 9.914449e-01
    outer loop
      vertex   1.525410e+02 3.705905e-01 3.808296e+01
      vertex   1.553443e+02 3.705905e-01 3.808296e+01
      vertex   2.030000e+02 5.000000e-01 3.810000e+01
    endloop
  endfacet
  facet normal 6.281772e-17 -1.305262e-01 9.914449e-01
    outer loop
      vertex   2.030000e+02 5.000000e-01 3.810000e+01
      vertex   1.553443e+02 3.705905e-01 3.808296e+01
      vertex   1.581475e+02 3.705905e-01 3.808296e+01
    endloop
  endfacet
  facet normal 2.575527e-15 -1.305262e-01 9.914449e-01
    outer loop
      vertex   2.030000e+02 5.000000e-01 3.810000e+01
      vertex   1.581475e+02 3.705905e-01 3.808296e+01
      vertex   1.609508e+02 3.705905e-01 3.808296e+01
    endloop
  endfacet
  facet normal 2.523615e-15 -3.826834e-01 9.238795e-01
    outer loop
      vertex   1.609508e+02 3.705905e-01 3.808296e+01
      vertex   1.581475e+02 3.705905e-01 3.808296e+01
      vertex   1.609508e+02 2.500000e-01 3.803301e+01
    endloop
  endfacet
  facet normal 2.401296e-15 -3.826834e-01 9.238795e-01
    outer loop
      vertex   1.609508e+02 3.705905e-01 3.808296e+01
      vertex   1.609508e+02 2.500000e-01 3.803301e+01
      vertex   1.637541e+02 2.500000e-01 3.803301e+01
    endloop
  endfacet
  facet normal 2.107339e-15 -6.087614e-01 7.933533e-01
    outer loop
      vertex   1.637541e+02 2.500000e-01 3.803301e+01
      vertex   1.609508e+02 2.500000e-01 3.803301e+01
      vertex   1.637541e+02 1.464466e-01 3.795355e+01
    endloop
  endfacet
  facet normal -2.844576e-17 -6.087614e-01 7.933533e-01
    outer loop
      vertex   1.637541e+02 2.500000e-01 3.803301e+01
      vertex   1.637541e+02 1.464466e-01 3.795355e+01
      vertex   1.665574e+02 1.464466e-01 3.795355e+01
    endloop
  endfacet
  facet normal -3.927540e-17 -7.933533e-01 6.087614e-01
    outer loop
      vertex   1.665574e+02 1.464466e-01 3.795355e+01
      vertex   1.637541e+02 1.464466e-01 3.795355e+01
      vertex   1.665574e+02 6.698730e-02 3.785000e+01
    endloop
  endfacet
  facet normal 2.508459e-15 -3.826834e-01 9.238795e-01
    outer loop
      vertex   1.525410e+02 3.705905e-01 3.808296e+01
      vertex   1.553443e+02 2.500000e-01 3.803301e+01
      vertex   1.553443e+02 3.705905e-01 3.808296e+01
    endloop
  endfacet
  facet normal 2.410778e-15 -3.826834e-01 9.238795e-01
    outer loop
      vertex   1.553443e+02 3.705905e-01 3.808296e+01
      vertex   1.553443e+02 2.500000e-01 3.803301e+01
      vertex   1.581475e+02 2.500000e-01 3.803301e+01
    endloop
  endfacet
  facet normal 1.818716e-16 -3.826834e-01 9.238795e-01
    outer loop
      vertex   1.553443e+02 3.705905e-01 3.808296e+01
      vertex   1.581475e+02 2.500000e-01 3.803301e+01
      vertex   1.581475e+02 3.705905e-01 3.808296e+01
    endloop
  endfacet
  facet normal 6.637344e-17 -3.826834e-01 9.238795e-01
    outer loop
      vertex   1.581475e+02 3.705905e-01 3.808296e+01
      vertex   1.581475e+02 2.500000e-01 3.803301e+01
      vertex   1.609508e+02 2.500000e-01 3.803301e+01
    endloop
  endfacet
  facet normal 2.572448e-15 -1.305262e-01 9.914449e-01
    outer loop
      vertex   1.665574e+02 3.705905e-01 3.808296e+01
      vertex   2.030000e+02 5.000000e-01 3.810000e+01
      vertex   1.637541e+02 3.705905e-01 3.808296e+01
    endloop
  endfacet
  facet normal 6.461772e-17 -1.305262e-01 9.914449e-01
    outer loop
      vertex   1.637541e+02 3.705905e-01 3.808296e+01
      vertex   2.030000e+02 5.000000e-01 3.810000e+01
      vertex   1.609508e+02 3.705905e-01 3.808296e+01
    endloop
  endfacet
  facet normal 1.894496e-16 -3.826834e-01 9.238795e-01
    outer loop
      vertex   1.637541e+02 3.705905e-01 3.808296e+01
      vertex   1.609508e+02 3.705905e-01 3.808296e+01
      vertex   1.637541e+02 2.500000e-01 3.803301e+01
    endloop
  endfacet
  facet normal 2.517450e-15 -3.826834e-01 9.238795e-01
    outer loop
      vertex   1.665574e+02 2.500000e-01 3.803301e+01
      vertex   1.665574e+02 3.705905e-01 3.808296e+01
      vertex   1.637541e+02 3.705905e-01 3.808296e+01
    endloop
  endfacet
  facet normal 6.062386e-17 -3.826834e-01 9.238795e-01
    outer loop
      vertex   1.665574e+02 2.500000e-01 3.803301e+01
      vertex   1.637541e+02 3.705905e-01 3.808296e+01
      vertex   1.637541e+02 2.500000e-01 3.803301e+01
    endloop
  endfacet
  facet normal 1.894496e-16 -3.826834e-01 9.238795e-01
    outer loop
      vertex   1.721639e+02 3.705905e-01 3.808296e+01
      vertex   1.693607e+02 3.705905e-01 3.808296e+01
      vertex   1.721639e+02 2.500000e-01 3.803301e+01
    endloop
  endfacet
  facet normal 2.394789e-15 -3.826834e-01 9.238795e-01
    outer loop
      vertex   1.721639e+02 2.500000e-01 3.803301e+01
      vertex   1.693607e+02 3.705905e-01 3.808296e+01
      vertex   1.693607e+02 2.500000e-01 3.803301e+01
    endloop
  endfacet
  facet normal 2.095284e-15 -6.087614e-01 7.933533e-01
    outer loop
      vertex   1.721639e+02 2.500000e-01 3.803301e+01
      vertex   1.693607e+02 2.500000e-01 3.803301e+01
      vertex   1.721639e+02 1.464466e-01 3.795355e+01
    endloop
  endfacet
  facet normal 1.980763e-15 -6.087614e-01 7.933533e-01
    outer loop
      vertex   1.721639e+02 1.464466e-01 3.795355e+01
      vertex   1.693607e+02 2.500000e-01 3.803301e+01
      vertex   1.693607e+02 1.464466e-01 3.795355e+01
    endloop
  endfacet
  facet normal 1.503743e-15 -7.933533e-01 6.087614e-01
    outer loop
      vertex   1.721639e+02 1.464466e-01 3.795355e+01
      vertex   1.693607e+02 1.464466e-01 3.795355e+01
      vertex   1.721639e+02 6.698730e-02 3.785000e+01
    endloop
  endfacet
  facet normal 1.385917e-15 -7.933533e-01 6.087614e-01
    outer loop
      vertex   1.721639e+02 6.698730e-02 3.785000e+01
      vertex   1.693607e+02 1.464466e-01 3.795355e+01
      vertex   1.693607e+02 6.698730e-02 3.785000e+01
    endloop
  endfacet
  facet normal 7.870331e-16 -9.238795e-01 3.826834e-01
    outer loop
      vertex   1.721639e+02 6.698730e-02 3.785000e+01
      vertex   1.693607e+02 6.698730e-02 3.785000e+01
      vertex   1.721639e+02 1.703709e-02 3.772941e+01
    endloop
  endfacet
  facet normal -1.372115e-16 -9.238795e-01 3.826834e-01
    outer loop
      vertex   1.721639e+02 1.703709e-02 3.772941e+01
      vertex   1.693607e+02 6.698730e-02 3.785000e+01
      vertex   1.693607e+02 1.703709e-02 3.772941e+01
    endloop
  endfacet
  facet normal -1.472461e-16 -9.914449e-01 1.305262e-01
    outer loop
      vertex   1.721639e+02 1.703709e-02 3.772941e+01
      vertex   1.693607e+02 1.703709e-02 3.772941e+01
      vertex   2.030000e+02 0.000000e+00 3.760000e+01
    endloop
  endfacet
  facet normal 2.572448e-15 -1.305262e-01 9.914449e-01
    outer loop
      vertex   1.749672e+02 3.705905e-01 3.808296e+01
      vertex   1.777705e+02 3.705905e-01 3.808296e+01
      vertex   2.030000e+02 5.000000e-01 3.810000e+01
    endloop
  endfacet
  facet normal 6.281772e-17 -1.305262e-01 9.914449e-01
    outer loop
      vertex   2.030000e+02 5.000000e-01 3.810000e+01
      vertex   1.777705e+02 3.705905e-01 3.808296e+01
      vertex   1.805738e+02 3.705905e-01 3.808296e+01
    endloop
  endfacet
  facet normal 6.163248e-17 -1.305262e-01 9.914449e-01
    outer loop
      vertex   2.030000e+02 5.000000e-01 3.810000e+01
      vertex   1.805738e+02 3.705905e-01 3.808296e+01
      vertex   1.833770e+02 3.705905e-01 3.808296e+01
    endloop
  endfacet
  facet normal 1.818716e-16 -3.826834e-01 9.238795e-01
    outer loop
      vertex   1.833770e+02 3.705905e-01 3.808296e+01
      vertex   1.805738e+02 3.705905e-01 3.808296e+01
      vertex   1.833770e+02 2.500000e-01 3.803301e+01
    endloop
  endfacet
  facet normal 7.585536e-17 -3.826834e-01 9.238795e-01
    outer loop
      vertex   1.833770e+02 3.705905e-01 3.808296e+01
      vertex   1.833770e+02 2.500000e-01 3.803301e+01
      vertex   1.861803e+02 2.500000e-01 3.803301e+01
    endloop
  endfacet
  facet normal 1.205483e-16 -6.087614e-01 7.933533e-01
    outer loop
      vertex   1.861803e+02 2.500000e-01 3.803301e+01
      vertex   1.833770e+02 2.500000e-01 3.803301e+01
      vertex   1.861803e+02 1.464466e-01 3.795355e+01
    endloop
  endfacet
  facet normal 1.981721e-15 -6.087614e-01 7.933533e-01
    outer loop
      vertex   1.861803e+02 2.500000e-01 3.803301e+01
      vertex   1.861803e+02 1.464466e-01 3.795355e+01
      vertex   1.889836e+02 1.464466e-01 3.795355e+01
    endloop
  endfacet
  facet normal 1.503743e-15 -7.933533e-01 6.087614e-01
    outer loop
      vertex   1.889836e+02 1.464466e-01 3.795355e+01
      vertex   1.861803e+02 1.464466e-01 3.795355e+01
      vertex   1.889836e+02 6.698730e-02 3.785000e+01
    endloop
  endfacet
  facet normal 2.516037e-15 -3.826834e-01 9.238795e-01
    outer loop
      vertex   1.749672e+02 3.705905e-01 3.808296e+01
      vertex   1.777705e+02 2.500000e-01 3.803301e+01
      vertex   1.777705e+02 3.705905e-01 3.808296e+01
    endloop
  endfacet
  facet normal 2.401296e-15 -3.826834e-01 9.238795e-01
    outer loop
      vertex   1.777705e+02 3.705905e-01 3.808296e+01
      vertex   1.777705e+02 2.500000e-01 3.803301e+01
      vertex   1.805738e+02 2.500000e-01 3.803301e+01
    endloop
  endfacet
  facet normal 1.818716e-16 -3.826834e-01 9.238795e-01
    outer loop
      vertex   1.777705e+02 3.705905e-01 3.808296e+01
      vertex   1.805738e+02 2.500000e-01 3.803301e+01
      vertex   1.805738e+02 3.705905e-01 3.808296e+01
    endloop
  endfacet
  facet normal 2.403667e-15 -3.826834e-01 9.238795e-01
    outer loop
      vertex   1.805738e+02 3.705905e-01 3.808296e+01
      vertex   1.805738e+02 2.500000e-01 3.803301e+01
      vertex   1.833770e+02 2.500000e-01 3.803301e+01
    endloop
  endfacet
  facet normal 2.575033e-15 -1.305262e-01 9.914449e-01
    outer loop
      vertex   1.889836e+02 3.705905e-01 3.808296e+01
      vertex   2.030000e+02 5.000000e-01 3.810000e+01
      vertex   1.861803e+02 3.705905e-01 3.808296e+01
    endloop
  endfacet
  facet normal 5.944830e-17 -1.305262e-01 9.914449e-01
    outer loop
      vertex   1.861803e+02 3.705905e-01 3.808296e+01
      vertex   2.030000e+02 5.000000e-01 3.810000e+01
      vertex   1.833770e+02 3.705905e-01 3.808296e+01
    endloop
  endfacet
  facet normal 1.742936e-16 -3.826834e-01 9.238795e-01
    outer loop
      vertex   1.861803e+02 3.705905e-01 3.808296e+01
      vertex   1.833770e+02 3.705905e-01 3.808296e+01
      vertex   1.861803e+02 2.500000e-01 3.803301e+01
    endloop
  endfacet
  facet normal 2.522191e-15 -3.826834e-01 9.238795e-01
    outer loop
      vertex   1.889836e+02 2.500000e-01 3.803301e+01
      vertex   1.889836e+02 3.705905e-01 3.808296e+01
      vertex   1.861803e+02 3.705905e-01 3.808296e+01
    endloop
  endfacet
  facet normal 6.062386e-17 -3.826834e-01 9.238795e-01
    outer loop
      vertex   1.889836e+02 2.500000e-01 3.803301e+01
      vertex   1.861803e+02 3.705905e-01 3.808296e+01
      vertex   1.861803e+02 2.500000e-01 3.803301e+01
    endloop
  endfacet
  facet normal 1.894496e-16 -3.826834e-01 9.238795e-01
    outer loop
      vertex   1.945902e+02 3.705905e-01 3.808296e+01
      vertex   1.917869e+02 3.705905e-01 3.808296e+01
      vertex   1.945902e+02 2.500000e-01 3.803301e+01
    endloop
  endfacet
  facet normal 2.409945e-15 -3.826834e-01 9.238795e-01
    outer loop
      vertex   1.945902e+02 2.500000e-01 3.803301e+01
      vertex   1.917869e+02 3.705905e-01 3.808296e+01
      vertex   1.917869e+02 2.500000e-01 3.803301e+01
    endloop
  endfacet
  facet normal 2.119394e-15 -6.087614e-01 7.933533e-01
    outer loop
      vertex   1.945902e+02 2.500000e-01 3.803301e+01
      vertex   1.917869e+02 2.500000e-01 3.803301e+01
      vertex   1.945902e+02 1.464466e-01 3.795355e+01
    endloop
  endfacet
  facet normal -3.013707e-17 -6.087614e-01 7.933533e-01
    outer loop
      vertex   1.945902e+02 1.464466e-01 3.795355e+01
      vertex   1.917869e+02 2.500000e-01 3.803301e+01
      vertex   1.917869e+02 1.464466e-01 3.795355e+01
    endloop
  endfacet
  facet normal -3.927540e-17 -7.933533e-01 6.087614e-01
    outer loop
      vertex   1.945902e+02 1.464466e-01 3.795355e+01
      vertex   1.917869e+02 1.464466e-01 3.795355e+01
      vertex   1.945902e+02 6.698730e-02 3.785000e+01
    endloop
  endfacet
  facet normal 5.689152e-17 -3.826834e-01 9.238795e-01
    outer loop
      vertex   3.760656e+01 3.705905e-01 3.808296e+01
      vertex   3.760656e+01 2.500000e-01 3.803301e+01
      vertex   4.040984e+01 2.500000e-01 3.803301e+01
    endloop
  endfacet
  facet normal 9.041122e-17 -6.087614e-01 7.933533e-01
    outer loop
      vertex   4.040984e+01 2.500000e-01 3.803301e+01
      vertex   3.760656e+01 2.500000e-01 3.803301e+01
      vertex   4.040984e+01 1.464466e-01 3.795355e+01
    endloop
  endfacet
  facet normal -2.844576e-17 -6.087614e-01 7.933533e-01
    outer loop
      vertex   4.040984e+01 2.500000e-01 3.803301e+01
      vertex   4.040984e+01 1.464466e-01 3.795355e+01
      vertex   4.321311e+01 1.464466e-01 3.795355e+01
    endloop
  endfacet
  facet normal -3.927540e-17 -7.933533e-01 6.087614e-01
    outer loop
      vertex   4.321311e+01 1.464466e-01 3.795355e+01
      vertex   4.040984e+01 1.464466e-01 3.795355e+01
      vertex   4.321311e+01 6.698730e-02 3.785000e+01
    endloop
  endfacet
  facet normal 1.384360e-15 -7.933533e-01 6.087614e-01
    outer loop
      vertex   4.321311e+01 1.464466e-01 3.795355e+01
      vertex   4.321311e+01 6.698730e-02 3.785000e+01
      vertex   4.601639e+01 6.698730e-02 3.785000e+01
    endloop
  endfacet
  facet normal 7.870331e-16 -9.238795e-01 3.826834e-01
    outer loop
      vertex   4.601639e+01 6.698730e-02 3.785000e+01
      vertex   4.321311e+01 6.698730e-02 3.785000e+01
      vertex   4.601639e+01 1.703709e-02 3.772941e+01
    endloop
  endfacet
  facet normal 8.320385e-16 -9.238795e-01 3.826834e-01
    outer loop
      vertex   4.601639e+01 6.698730e-02 3.785000e+01
      vertex   4.601639e+01 1.703709e-02 3.772941e+01
      vertex   4.881967e+01 1.703709e-02 3.772941e+01
    endloop
  endfacet
  facet normal 1.835966e-16 -9.914449e-01 1.305262e-01
    outer loop
      vertex   4.881967e+01 1.703709e-02 3.772941e+01
      vertex   4.601639e+01 1.703709e-02 3.772941e+01
      vertex   3.200000e+01 0.000000e+00 3.760000e+01
    endloop
  endfacet
  facet normal 1.980763e-15 -6.087614e-01 7.933533e-01
    outer loop
      vertex   4.040984e+01 1.464466e-01 3.795355e+01
      vertex   3.760656e+01 2.500000e-01 3.803301e+01
      vertex   3.760656e+01 1.464466e-01 3.795355e+01
    endloop
  endfacet
  facet normal 1.084935e-16 -6.087614e-01 7.933533e-01
    outer loop
      vertex   4.321311e+01 2.500000e-01 3.803301e+01
      vertex   4.601639e+01 1.464466e-01 3.795355e+01
      vertex   4.601639e+01 2.500000e-01 3.803301e+01
    endloop
  endfacet
  facet normal 1.972239e-15 -6.087614e-01 7.933533e-01
    outer loop
      vertex   4.601639e+01 2.500000e-01 3.803301e+01
      vertex   4.601639e+01 1.464466e-01 3.795355e+01
      vertex   4.881967e+01 1.464466e-01 3.795355e+01
    endloop
  endfacet
  facet normal 2.113367e-15 -6.087614e-01 7.933533e-01
    outer loop
      vertex   4.601639e+01 2.500000e-01 3.803301e+01
      vertex   4.881967e+01 1.464466e-01 3.795355e+01
      vertex   4.881967e+01 2.500000e-01 3.803301e+01
    endloop
  endfacet
  facet normal -2.844576e-17 -6.087614e-01 7.933533e-01
    outer loop
      vertex   4.881967e+01 2.500000e-01 3.803301e+01
      vertex   4.881967e+01 1.464466e-01 3.795355e+01
      vertex   5.162295e+01 1.464466e-01 3.795355e+01
    endloop
  endfacet
  facet normal 2.109727e-15 -6.087614e-01 7.933533e-01
    outer loop
      vertex   5.442623e+01 1.464466e-01 3.795355e+01
      vertex   5.442623e+01 2.500000e-01 3.803301e+01
      vertex   5.162295e+01 2.500000e-01 3.803301e+01
    endloop
  endfacet
  facet normal 6.163248e-17 -3.826834e-01 9.238795e-01
    outer loop
      vertex   6.003279e+01 3.705905e-01 3.808296e+01
      vertex   6.003279e+01 2.500000e-01 3.803301e+01
      vertex   6.283607e+01 2.500000e-01 3.803301e+01
    endloop
  endfacet
  facet normal 9.643864e-17 -6.087614e-01 7.933533e-01
    outer loop
      vertex   6.283607e+01 2.500000e-01 3.803301e+01
      vertex   6.003279e+01 2.500000e-01 3.803301e+01
      vertex   6.283607e+01 1.464466e-01 3.795355e+01
    endloop
  endfacet
  facet normal 1.981721e-15 -6.087614e-01 7.933533e-01
    outer loop
      vertex   6.283607e+01 2.500000e-01 3.803301e+01
      vertex   6.283607e+01 1.464466e-01 3.795355e+01
      vertex   6.563934e+01 1.464466e-01 3.795355e+01
    endloop
  endfacet
  facet normal 1.503743e-15 -7.933533e-01 6.087614e-01
    outer loop
      vertex   6.563934e+01 1.464466e-01 3.795355e+01
      vertex   6.283607e+01 1.464466e-01 3.795355e+01
      vertex   6.563934e+01 6.698730e-02 3.785000e+01
    endloop
  endfacet
  facet normal 1.408065e-15 -7.933533e-01 6.087614e-01
    outer loop
      vertex   6.563934e+01 1.464466e-01 3.795355e+01
      vertex   6.563934e+01 6.698730e-02 3.785000e+01
      vertex   6.844262e+01 6.698730e-02 3.785000e+01
    endloop
  endfacet
  facet normal 8.099017e-16 -9.238795e-01 3.826834e-01
    outer loop
      vertex   6.844262e+01 6.698730e-02 3.785000e+01
      vertex   6.563934e+01 6.698730e-02 3.785000e+01
      vertex   6.844262e+01 1.703709e-02 3.772941e+01
    endloop
  endfacet
  facet normal 8.344090e-16 -9.238795e-01 3.826834e-01
    outer loop
      vertex   6.844262e+01 6.698730e-02 3.785000e+01
      vertex   6.844262e+01 1.703709e-02 3.772941e+01
      vertex   7.124590e+01 1.703709e-02 3.772941e+01
    endloop
  endfacet
  facet normal 1.835966e-16 -9.914449e-01 1.305262e-01
    outer loop
      vertex   7.124590e+01 1.703709e-02 3.772941e+01
      vertex   6.844262e+01 1.703709e-02 3.772941e+01
      vertex   3.200000e+01 0.000000e+00 3.760000e+01
    endloop
  endfacet
  facet normal 1.980763e-15 -6.087614e-01 7.933533e-01
    outer loop
      vertex   6.283607e+01 1.464466e-01 3.795355e+01
      vertex   6.003279e+01 2.500000e-01 3.803301e+01
      vertex   6.003279e+01 1.464466e-01 3.795355e+01
    endloop
  endfacet
  facet normal 2.107339e-15 -6.087614e-01 7.933533e-01
    outer loop
      vertex   6.563934e+01 2.500000e-01 3.803301e+01
      vertex   6.844262e+01 1.464466e-01 3.795355e+01
      vertex   6.844262e+01 2.500000e-01 3.803301e+01
    endloop
  endfacet
  facet normal 1.986462e-15 -6.087614e-01 7.933533e-01
    outer loop
      vertex   6.844262e+01 2.500000e-01 3.803301e+01
      vertex   6.844262e+01 1.464466e-01 3.795355e+01
      vertex   7.124590e+01 1.464466e-01 3.795355e+01
    endloop
  endfacet
  facet normal 1.024661e-16 -6.087614e-01 7.933533e-01
    outer loop
      vertex   6.844262e+01 2.500000e-01 3.803301e+01
      vertex   7.124590e+01 1.464466e-01 3.795355e+01
      vertex   7.124590e+01 2.500000e-01 3.803301e+01
    endloop
  endfacet
  facet normal 1.976980e-15 -6.087614e-01 7.933533e-01
    outer loop
      vertex   7.124590e+01 2.500000e-01 3.803301e+01
      vertex   7.124590e+01 1.464466e-01 3.795355e+01
      vertex   7.404918e+01 1.464466e-01 3.795355e+01
    endloop
  endfacet
  facet normal 2.119209e-15 -6.087614e-01 7.933533e-01
    outer loop
      vertex   7.685246e+01 1.464466e-01 3.795355e+01
      vertex   7.685246e+01 2.500000e-01 3.803301e+01
      vertex   7.404918e+01 2.500000e-01 3.803301e+01
    endloop
  endfacet
  facet normal -2.270920e-15 -3.826834e-01 9.238795e-01
    outer loop
      vertex   8.245902e+01 3.705905e-01 3.808296e+01
      vertex   8.245902e+01 2.500000e-01 3.803301e+01
      vertex   8.526230e+01 2.500000e-01 3.803301e+01
    endloop
  endfacet
  facet normal -1.896380e-15 -6.087614e-01 7.933533e-01
    outer loop
      vertex   8.526230e+01 2.500000e-01 3.803301e+01
      vertex   8.245902e+01 2.500000e-01 3.803301e+01
      vertex   8.526230e+01 1.464466e-01 3.795355e+01
    endloop
  endfacet
  facet normal 1.962758e-15 -6.087614e-01 7.933533e-01
    outer loop
      vertex   8.526230e+01 2.500000e-01 3.803301e+01
      vertex   8.526230e+01 1.464466e-01 3.795355e+01
      vertex   8.806557e+01 1.464466e-01 3.795355e+01
    endloop
  endfacet
  facet normal 1.480178e-15 -7.933533e-01 6.087614e-01
    outer loop
      vertex   8.806557e+01 1.464466e-01 3.795355e+01
      vertex   8.526230e+01 1.464466e-01 3.795355e+01
      vertex   8.806557e+01 6.698730e-02 3.785000e+01
    endloop
  endfacet
  facet normal -1.374878e-16 -7.933533e-01 6.087614e-01
    outer loop
      vertex   8.806557e+01 1.464466e-01 3.795355e+01
      vertex   8.806557e+01 6.698730e-02 3.785000e+01
      vertex   9.086885e+01 6.698730e-02 3.785000e+01
    endloop
  endfacet
  facet normal -1.600801e-16 -9.238795e-01 3.826834e-01
    outer loop
      vertex   9.086885e+01 6.698730e-02 3.785000e+01
      vertex   8.806557e+01 6.698730e-02 3.785000e+01
      vertex   9.086885e+01 1.703709e-02 3.772941e+01
    endloop
  endfacet
  facet normal -1.374878e-16 -9.238795e-01 3.826834e-01
    outer loop
      vertex   9.086885e+01 6.698730e-02 3.785000e+01
      vertex   9.086885e+01 1.703709e-02 3.772941e+01
      vertex   9.367213e+01 1.703709e-02 3.772941e+01
    endloop
  endfacet
  facet normal -1.472461e-16 -9.914449e-01 1.305262e-01
    outer loop
      vertex   9.367213e+01 1.703709e-02 3.772941e+01
      vertex   9.086885e+01 1.703709e-02 3.772941e+01
      vertex   3.200000e+01 0.000000e+00 3.760000e+01
    endloop
  endfacet
  facet normal -3.013707e-17 -6.087614e-01 7.933533e-01
    outer loop
      vertex   8.526230e+01 1.464466e-01 3.795355e+01
      vertex   8.245902e+01 2.500000e-01 3.803301e+01
      vertex   8.245902e+01 1.464466e-01 3.795355e+01
    endloop
  endfacet
  facet normal 2.131449e-15 -6.087614e-01 7.933533e-01
    outer loop
      vertex   8.806557e+01 2.500000e-01 3.803301e+01
      vertex   9.086885e+01 1.464466e-01 3.795355e+01
      vertex   9.086885e+01 2.500000e-01 3.803301e+01
    endloop
  endfacet
  facet normal 1.976980e-15 -6.087614e-01 7.933533e-01
    outer loop
      vertex   9.086885e+01 2.500000e-01 3.803301e+01
      vertex   9.086885e+01 1.464466e-01 3.795355e+01
      vertex   9.367213e+01 1.464466e-01 3.795355e+01
    endloop
  endfacet
  facet normal 1.084935e-16 -6.087614e-01 7.933533e-01
    outer loop
      vertex   9.086885e+01 2.500000e-01 3.803301e+01
      vertex   9.367213e+01 1.464466e-01 3.795355e+01
      vertex   9.367213e+01 2.500000e-01 3.803301e+01
    endloop
  endfacet
  facet normal 1.986462e-15 -6.087614e-01 7.933533e-01
    outer loop
      vertex   9.367213e+01 2.500000e-01 3.803301e+01
      vertex   9.367213e+01 1.464466e-01 3.795355e+01
      vertex   9.647541e+01 1.464466e-01 3.795355e+01
    endloop
  endfacet
  facet normal 1.090421e-16 -6.087614e-01 7.933533e-01
    outer loop
      vertex   9.927869e+01 1.464466e-01 3.795355e+01
      vertex   9.927869e+01 2.500000e-01 3.803301e+01
      vertex   9.647541e+01 2.500000e-01 3.803301e+01
    endloop
  endfacet
  facet normal -3.013707e-17 -6.087614e-01 7.933533e-01
    outer loop
      vertex   1.048852e+02 1.464466e-01 3.795355e+01
      vertex   1.020820e+02 2.500000e-01 3.803301e+01
      vertex   1.020820e+02 1.464466e-01 3.795355e+01
    endloop
  endfacet
  facet normal 1.968709e-15 -6.087614e-01 7.933533e-01
    outer loop
      vertex   1.104918e+02 1.464466e-01 3.795355e+01
      vertex   1.076885e+02 2.500000e-01 3.803301e+01
      vertex   1.076885e+02 1.464466e-01 3.795355e+01
    endloop
  endfacet
  facet normal 1.090421e-16 -6.087614e-01 7.933533e-01
    outer loop
      vertex   1.076885e+02 1.464466e-01 3.795355e+01
      vertex   1.076885e+02 2.500000e-01 3.803301e+01
      vertex   1.048852e+02 2.500000e-01 3.803301e+01
    endloop
  endfacet
  facet normal 1.090421e-16 -6.087614e-01 7.933533e-01
    outer loop
      vertex   1.132951e+02 1.464466e-01 3.795355e+01
      vertex   1.132951e+02 2.500000e-01 3.803301e+01
      vertex   1.104918e+02 2.500000e-01 3.803301e+01
    endloop
  endfacet
  facet normal 2.119209e-15 -6.087614e-01 7.933533e-01
    outer loop
      vertex   1.217049e+02 1.464466e-01 3.795355e+01
      vertex   1.217049e+02 2.500000e-01 3.803301e+01
      vertex   1.189016e+02 2.500000e-01 3.803301e+01
    endloop
  endfacet
  facet normal 2.409945e-15 -3.826834e-01 9.238795e-01
    outer loop
      vertex   1.189016e+02 2.500000e-01 3.803301e+01
      vertex   1.217049e+02 2.500000e-01 3.803301e+01
      vertex   1.189016e+02 3.705905e-01 3.808296e+01
    endloop
  endfacet
  facet normal -4.219190e-17 -6.087614e-01 7.933533e-01
    outer loop
      vertex   1.217049e+02 1.464466e-01 3.795355e+01
      vertex   1.189016e+02 2.500000e-01 3.803301e+01
      vertex   1.189016e+02 1.464466e-01 3.795355e+01
    endloop
  endfacet
  facet normal 5.215056e-17 -3.826834e-01 9.238795e-01
    outer loop
      vertex   1.273115e+02 3.705905e-01 3.808296e+01
      vertex   1.273115e+02 2.500000e-01 3.803301e+01
      vertex   1.301148e+02 2.500000e-01 3.803301e+01
    endloop
  endfacet
  facet normal 8.438381e-17 -6.087614e-01 7.933533e-01
    outer loop
      vertex   1.301148e+02 2.500000e-01 3.803301e+01
      vertex   1.273115e+02 2.500000e-01 3.803301e+01
      vertex   1.301148e+02 1.464466e-01 3.795355e+01
    endloop
  endfacet
  facet normal 1.962758e-15 -6.087614e-01 7.933533e-01
    outer loop
      vertex   1.301148e+02 2.500000e-01 3.803301e+01
      vertex   1.301148e+02 1.464466e-01 3.795355e+01
      vertex   1.329180e+02 1.464466e-01 3.795355e+01
    endloop
  endfacet
  facet normal 1.480178e-15 -7.933533e-01 6.087614e-01
    outer loop
      vertex   1.329180e+02 1.464466e-01 3.795355e+01
      vertex   1.301148e+02 1.464466e-01 3.795355e+01
      vertex   1.329180e+02 6.698730e-02 3.785000e+01
    endloop
  endfacet
  facet normal 1.408065e-15 -7.933533e-01 6.087614e-01
    outer loop
      vertex   1.329180e+02 1.464466e-01 3.795355e+01
      vertex   1.329180e+02 6.698730e-02 3.785000e+01
      vertex   1.357213e+02 6.698730e-02 3.785000e+01
    endloop
  endfacet
  facet normal 8.099017e-16 -9.238795e-01 3.826834e-01
    outer loop
      vertex   1.357213e+02 6.698730e-02 3.785000e+01
      vertex   1.329180e+02 6.698730e-02 3.785000e+01
      vertex   1.357213e+02 1.703709e-02 3.772941e+01
    endloop
  endfacet
  facet normal -1.611926e-16 -9.238795e-01 3.826834e-01
    outer loop
      vertex   1.357213e+02 6.698730e-02 3.785000e+01
      vertex   1.357213e+02 1.703709e-02 3.772941e+01
      vertex   1.385246e+02 1.703709e-02 3.772941e+01
    endloop
  endfacet
  facet normal -1.717871e-16 -9.914449e-01 1.305262e-01
    outer loop
      vertex   1.385246e+02 1.703709e-02 3.772941e+01
      vertex   1.357213e+02 1.703709e-02 3.772941e+01
      vertex   2.030000e+02 0.000000e+00 3.760000e+01
    endloop
  endfacet
  facet normal -3.013707e-17 -6.087614e-01 7.933533e-01
    outer loop
      vertex   1.301148e+02 1.464466e-01 3.795355e+01
      vertex   1.273115e+02 2.500000e-01 3.803301e+01
      vertex   1.273115e+02 1.464466e-01 3.795355e+01
    endloop
  endfacet
  facet normal 9.643864e-17 -6.087614e-01 7.933533e-01
    outer loop
      vertex   1.329180e+02 2.500000e-01 3.803301e+01
      vertex   1.357213e+02 1.464466e-01 3.795355e+01
      vertex   1.357213e+02 2.500000e-01 3.803301e+01
    endloop
  endfacet
  facet normal -3.792768e-17 -6.087614e-01 7.933533e-01
    outer loop
      vertex   1.357213e+02 2.500000e-01 3.803301e+01
      vertex   1.357213e+02 1.464466e-01 3.795355e+01
      vertex   1.385246e+02 1.464466e-01 3.795355e+01
    endloop
  endfacet
  facet normal 2.119394e-15 -6.087614e-01 7.933533e-01
    outer loop
      vertex   1.357213e+02 2.500000e-01 3.803301e+01
      vertex   1.385246e+02 1.464466e-01 3.795355e+01
      vertex   1.385246e+02 2.500000e-01 3.803301e+01
    endloop
  endfacet
  facet normal 1.972239e-15 -6.087614e-01 7.933533e-01
    outer loop
      vertex   1.385246e+02 2.500000e-01 3.803301e+01
      vertex   1.385246e+02 1.464466e-01 3.795355e+01
      vertex   1.413279e+02 1.464466e-01 3.795355e+01
    endloop
  endfacet
  facet normal 9.956016e-17 -6.087614e-01 7.933533e-01
    outer loop
      vertex   1.441311e+02 1.464466e-01 3.795355e+01
      vertex   1.441311e+02 2.500000e-01 3.803301e+01
      vertex   1.413279e+02 2.500000e-01 3.803301e+01
    endloop
  endfacet
  facet normal 7.585536e-17 -3.826834e-01 9.238795e-01
    outer loop
      vertex   1.497377e+02 3.705905e-01 3.808296e+01
      vertex   1.497377e+02 2.500000e-01 3.803301e+01
      vertex   1.525410e+02 2.500000e-01 3.803301e+01
    endloop
  endfacet
  facet normal 1.205483e-16 -6.087614e-01 7.933533e-01
    outer loop
      vertex   1.525410e+02 2.500000e-01 3.803301e+01
      vertex   1.497377e+02 2.500000e-01 3.803301e+01
      vertex   1.525410e+02 1.464466e-01 3.795355e+01
    endloop
  endfacet
  facet normal 1.986462e-15 -6.087614e-01 7.933533e-01
    outer loop
      vertex   1.525410e+02 2.500000e-01 3.803301e+01
      vertex   1.525410e+02 1.464466e-01 3.795355e+01
      vertex   1.553443e+02 1.464466e-01 3.795355e+01
    endloop
  endfacet
  facet normal 1.511598e-15 -7.933533e-01 6.087614e-01
    outer loop
      vertex   1.553443e+02 1.464466e-01 3.795355e+01
      vertex   1.525410e+02 1.464466e-01 3.795355e+01
      vertex   1.553443e+02 6.698730e-02 3.785000e+01
    endloop
  endfacet
  facet normal 1.403324e-15 -7.933533e-01 6.087614e-01
    outer loop
      vertex   1.553443e+02 1.464466e-01 3.795355e+01
      vertex   1.553443e+02 6.698730e-02 3.785000e+01
      vertex   1.581475e+02 6.698730e-02 3.785000e+01
    endloop
  endfacet
  facet normal 8.099017e-16 -9.238795e-01 3.826834e-01
    outer loop
      vertex   1.581475e+02 6.698730e-02 3.785000e+01
      vertex   1.553443e+02 6.698730e-02 3.785000e+01
      vertex   1.581475e+02 1.703709e-02 3.772941e+01
    endloop
  endfacet
  facet normal 8.107042e-16 -9.238795e-01 3.826834e-01
    outer loop
      vertex   1.581475e+02 6.698730e-02 3.785000e+01
      vertex   1.581475e+02 1.703709e-02 3.772941e+01
      vertex   1.609508e+02 1.703709e-02 3.772941e+01
    endloop
  endfacet
  facet normal 1.590556e-16 -9.914449e-01 1.305262e-01
    outer loop
      vertex   1.609508e+02 1.703709e-02 3.772941e+01
      vertex   1.581475e+02 1.703709e-02 3.772941e+01
      vertex   2.030000e+02 0.000000e+00 3.760000e+01
    endloop
  endfacet
  facet normal -4.821932e-17 -6.087614e-01 7.933533e-01
    outer loop
      vertex   1.525410e+02 1.464466e-01 3.795355e+01
      vertex   1.497377e+02 2.500000e-01 3.803301e+01
      vertex   1.497377e+02 1.464466e-01 3.795355e+01
    endloop
  endfacet
  facet normal 2.119394e-15 -6.087614e-01 7.933533e-01
    outer loop
      vertex   1.553443e+02 2.500000e-01 3.803301e+01
      vertex   1.581475e+02 1.464466e-01 3.795355e+01
      vertex   1.581475e+02 2.500000e-01 3.803301e+01
    endloop
  endfacet
  facet normal -2.370480e-17 -6.087614e-01 7.933533e-01
    outer loop
      vertex   1.581475e+02 2.500000e-01 3.803301e+01
      vertex   1.581475e+02 1.464466e-01 3.795355e+01
      vertex   1.609508e+02 1.464466e-01 3.795355e+01
    endloop
  endfacet
  facet normal 1.084935e-16 -6.087614e-01 7.933533e-01
    outer loop
      vertex   1.581475e+02 2.500000e-01 3.803301e+01
      vertex   1.609508e+02 1.464466e-01 3.795355e+01
      vertex   1.609508e+02 2.500000e-01 3.803301e+01
    endloop
  endfacet
  facet normal 1.962758e-15 -6.087614e-01 7.933533e-01
    outer loop
      vertex   1.609508e+02 2.500000e-01 3.803301e+01
      vertex   1.609508e+02 1.464466e-01 3.795355e+01
      vertex   1.637541e+02 1.464466e-01 3.795355e+01
    endloop
  endfacet
  facet normal 9.481920e-17 -6.087614e-01 7.933533e-01
    outer loop
      vertex   1.665574e+02 1.464466e-01 3.795355e+01
      vertex   1.665574e+02 2.500000e-01 3.803301e+01
      vertex   1.637541e+02 2.500000e-01 3.803301e+01
    endloop
  endfacet
  facet normal 6.163248e-17 -3.826834e-01 9.238795e-01
    outer loop
      vertex   1.721639e+02 3.705905e-01 3.808296e+01
      vertex   1.721639e+02 2.500000e-01 3.803301e+01
      vertex   1.749672e+02 2.500000e-01 3.803301e+01
    endloop
  endfacet
  facet normal 9.643864e-17 -6.087614e-01 7.933533e-01
    outer loop
      vertex   1.749672e+02 2.500000e-01 3.803301e+01
      vertex   1.721639e+02 2.500000e-01 3.803301e+01
      vertex   1.749672e+02 1.464466e-01 3.795355e+01
    endloop
  endfacet
  facet normal 1.976980e-15 -6.087614e-01 7.933533e-01
    outer loop
      vertex   1.749672e+02 2.500000e-01 3.803301e+01
      vertex   1.749672e+02 1.464466e-01 3.795355e+01
      vertex   1.777705e+02 1.464466e-01 3.795355e+01
    endloop
  endfacet
  facet normal 1.495888e-15 -7.933533e-01 6.087614e-01
    outer loop
      vertex   1.777705e+02 1.464466e-01 3.795355e+01
      vertex   1.749672e+02 1.464466e-01 3.795355e+01
      vertex   1.777705e+02 6.698730e-02 3.785000e+01
    endloop
  endfacet
  facet normal 1.403324e-15 -7.933533e-01 6.087614e-01
    outer loop
      vertex   1.777705e+02 1.464466e-01 3.795355e+01
      vertex   1.777705e+02 6.698730e-02 3.785000e+01
      vertex   1.805738e+02 6.698730e-02 3.785000e+01
    endloop
  endfacet
  facet normal 8.099017e-16 -9.238795e-01 3.826834e-01
    outer loop
      vertex   1.805738e+02 6.698730e-02 3.785000e+01
      vertex   1.777705e+02 6.698730e-02 3.785000e+01
      vertex   1.805738e+02 1.703709e-02 3.772941e+01
    endloop
  endfacet
  facet normal 8.320385e-16 -9.238795e-01 3.826834e-01
    outer loop
      vertex   1.805738e+02 6.698730e-02 3.785000e+01
      vertex   1.805738e+02 1.703709e-02 3.772941e+01
      vertex   1.833770e+02 1.703709e-02 3.772941e+01
    endloop
  endfacet
  facet normal 1.835966e-16 -9.914449e-01 1.305262e-01
    outer loop
      vertex   1.833770e+02 1.703709e-02 3.772941e+01
      vertex   1.805738e+02 1.703709e-02 3.772941e+01
      vertex   2.030000e+02 0.000000e+00 3.760000e+01
    endloop
  endfacet
  facet normal -4.219190e-17 -6.087614e-01 7.933533e-01
    outer loop
      vertex   1.749672e+02 1.464466e-01 3.795355e+01
      vertex   1.721639e+02 2.500000e-01 3.803301e+01
      vertex   1.721639e+02 1.464466e-01 3.795355e+01
    endloop
  endfacet
  facet normal 2.107339e-15 -6.087614e-01 7.933533e-01
    outer loop
      vertex   1.777705e+02 2.500000e-01 3.803301e+01
      vertex   1.805738e+02 1.464466e-01 3.795355e+01
      vertex   1.805738e+02 2.500000e-01 3.803301e+01
    endloop
  endfacet
  facet normal -3.318672e-17 -6.087614e-01 7.933533e-01
    outer loop
      vertex   1.805738e+02 2.500000e-01 3.803301e+01
      vertex   1.805738e+02 1.464466e-01 3.795355e+01
      vertex   1.833770e+02 1.464466e-01 3.795355e+01
    endloop
  endfacet
  facet normal 2.107339e-15 -6.087614e-01 7.933533e-01
    outer loop
      vertex   1.805738e+02 2.500000e-01 3.803301e+01
      vertex   1.833770e+02 1.464466e-01 3.795355e+01
      vertex   1.833770e+02 2.500000e-01 3.803301e+01
    endloop
  endfacet
  facet normal -4.266864e-17 -6.087614e-01 7.933533e-01
    outer loop
      vertex   1.833770e+02 2.500000e-01 3.803301e+01
      vertex   1.833770e+02 1.464466e-01 3.795355e+01
      vertex   1.861803e+02 1.464466e-01 3.795355e+01
    endloop
  endfacet
  facet normal 9.956016e-17 -6.087614e-01 7.933533e-01
    outer loop
      vertex   1.889836e+02 1.464466e-01 3.795355e+01
      vertex   1.889836e+02 2.500000e-01 3.803301e+01
      vertex   1.861803e+02 2.500000e-01 3.803301e+01
    endloop
  endfacet
  facet normal 6.874392e-17 -3.826834e-01 9.238795e-01
    outer loop
      vertex   1.945902e+02 3.705905e-01 3.808296e+01
      vertex   1.945902e+02 2.500000e-01 3.803301e+01
      vertex   1.973934e+02 2.500000e-01 3.803301e+01
    endloop
  endfacet
  facet normal 1.084935e-16 -6.087614e-01 7.933533e-01
    outer loop
      vertex   1.973934e+02 2.500000e-01 3.803301e+01
      vertex   1.945902e+02 2.500000e-01 3.803301e+01
      vertex   1.973934e+02 1.464466e-01 3.795355e+01
    endloop
  endfacet
  facet normal -2.370480e-17 -6.087614e-01 7.933533e-01
    outer loop
      vertex   1.973934e+02 2.500000e-01 3.803301e+01
      vertex   1.973934e+02 1.464466e-01 3.795355e+01
      vertex   2.001967e+02 1.464466e-01 3.795355e+01
    endloop
  endfacet
  facet normal -3.142032e-17 -7.933533e-01 6.087614e-01
    outer loop
      vertex   2.001967e+02 1.464466e-01 3.795355e+01
      vertex   1.973934e+02 1.464466e-01 3.795355e+01
      vertex   2.001967e+02 6.698730e-02 3.785000e+01
    endloop
  endfacet
  facet normal 1.962681e-15 -6.087614e-01 7.933533e-01
    outer loop
      vertex   1.973934e+02 1.464466e-01 3.795355e+01
      vertex   1.945902e+02 2.500000e-01 3.803301e+01
      vertex   1.945902e+02 1.464466e-01 3.795355e+01
    endloop
  endfacet
  facet normal 1.503743e-15 -7.933533e-01 6.087614e-01
    outer loop
      vertex   4.040984e+01 1.464466e-01 3.795355e+01
      vertex   3.760656e+01 1.464466e-01 3.795355e+01
      vertex   4.040984e+01 6.698730e-02 3.785000e+01
    endloop
  endfacet
  facet normal 1.405554e-15 -7.933533e-01 6.087614e-01
    outer loop
      vertex   4.040984e+01 6.698730e-02 3.785000e+01
      vertex   3.760656e+01 1.464466e-01 3.795355e+01
      vertex   3.760656e+01 6.698730e-02 3.785000e+01
    endloop
  endfacet
  facet normal 8.099017e-16 -9.238795e-01 3.826834e-01
    outer loop
      vertex   4.040984e+01 6.698730e-02 3.785000e+01
      vertex   3.760656e+01 6.698730e-02 3.785000e+01
      vertex   4.040984e+01 1.703709e-02 3.772941e+01
    endloop
  endfacet
  facet normal 8.099017e-16 -9.238795e-01 3.826834e-01
    outer loop
      vertex   4.040984e+01 1.703709e-02 3.772941e+01
      vertex   3.760656e+01 6.698730e-02 3.785000e+01
      vertex   3.760656e+01 1.703709e-02 3.772941e+01
    endloop
  endfacet
  facet normal 1.590556e-16 -9.914449e-01 1.305262e-01
    outer loop
      vertex   4.040984e+01 1.703709e-02 3.772941e+01
      vertex   3.760656e+01 1.703709e-02 3.772941e+01
      vertex   3.200000e+01 0.000000e+00 3.760000e+01
    endloop
  endfacet
  facet normal 1.495888e-15 -7.933533e-01 6.087614e-01
    outer loop
      vertex   4.601639e+01 1.464466e-01 3.795355e+01
      vertex   4.881967e+01 6.698730e-02 3.785000e+01
      vertex   4.881967e+01 1.464466e-01 3.795355e+01
    endloop
  endfacet
  facet normal -1.611926e-16 -7.933533e-01 6.087614e-01
    outer loop
      vertex   4.881967e+01 1.464466e-01 3.795355e+01
      vertex   4.881967e+01 6.698730e-02 3.785000e+01
      vertex   5.162295e+01 6.698730e-02 3.785000e+01
    endloop
  endfacet
  facet normal -3.142032e-17 -7.933533e-01 6.087614e-01
    outer loop
      vertex   4.881967e+01 1.464466e-01 3.795355e+01
      vertex   5.162295e+01 6.698730e-02 3.785000e+01
      vertex   5.162295e+01 1.464466e-01 3.795355e+01
    endloop
  endfacet
  facet normal 1.403324e-15 -7.933533e-01 6.087614e-01
    outer loop
      vertex   5.162295e+01 1.464466e-01 3.795355e+01
      vertex   5.162295e+01 6.698730e-02 3.785000e+01
      vertex   5.442623e+01 6.698730e-02 3.785000e+01
    endloop
  endfacet
  facet normal 1.503743e-15 -7.933533e-01 6.087614e-01
    outer loop
      vertex   6.283607e+01 1.464466e-01 3.795355e+01
      vertex   6.003279e+01 1.464466e-01 3.795355e+01
      vertex   6.283607e+01 6.698730e-02 3.785000e+01
    endloop
  endfacet
  facet normal 1.405554e-15 -7.933533e-01 6.087614e-01
    outer loop
      vertex   6.283607e+01 6.698730e-02 3.785000e+01
      vertex   6.003279e+01 1.464466e-01 3.795355e+01
      vertex   6.003279e+01 6.698730e-02 3.785000e+01
    endloop
  endfacet
  facet normal 8.099017e-16 -9.238795e-01 3.826834e-01
    outer loop
      vertex   6.283607e+01 6.698730e-02 3.785000e+01
      vertex   6.003279e+01 6.698730e-02 3.785000e+01
      vertex   6.283607e+01 1.703709e-02 3.772941e+01
    endloop
  endfacet
  facet normal 1.779884e-15 -9.238795e-01 3.826834e-01
    outer loop
      vertex   6.283607e+01 1.703709e-02 3.772941e+01
      vertex   6.003279e+01 6.698730e-02 3.785000e+01
      vertex   6.003279e+01 1.703709e-02 3.772941e+01
    endloop
  endfacet
  facet normal 4.898984e-16 -9.914449e-01 1.305262e-01
    outer loop
      vertex   6.283607e+01 1.703709e-02 3.772941e+01
      vertex   6.003279e+01 1.703709e-02 3.772941e+01
      vertex   3.200000e+01 0.000000e+00 3.760000e+01
    endloop
  endfacet
  facet normal 1.511598e-15 -7.933533e-01 6.087614e-01
    outer loop
      vertex   6.844262e+01 1.464466e-01 3.795355e+01
      vertex   7.124590e+01 6.698730e-02 3.785000e+01
      vertex   7.124590e+01 1.464466e-01 3.795355e+01
    endloop
  endfacet
  facet normal 1.365397e-15 -7.933533e-01 6.087614e-01
    outer loop
      vertex   7.124590e+01 1.464466e-01 3.795355e+01
      vertex   7.124590e+01 6.698730e-02 3.785000e+01
      vertex   7.404918e+01 6.698730e-02 3.785000e+01
    endloop
  endfacet
  facet normal 1.495888e-15 -7.933533e-01 6.087614e-01
    outer loop
      vertex   7.124590e+01 1.464466e-01 3.795355e+01
      vertex   7.404918e+01 6.698730e-02 3.785000e+01
      vertex   7.404918e+01 1.464466e-01 3.795355e+01
    endloop
  endfacet
  facet normal -1.374878e-16 -7.933533e-01 6.087614e-01
    outer loop
      vertex   7.404918e+01 1.464466e-01 3.795355e+01
      vertex   7.404918e+01 6.698730e-02 3.785000e+01
      vertex   7.685246e+01 6.698730e-02 3.785000e+01
    endloop
  endfacet
  facet normal -3.927540e-17 -7.933533e-01 6.087614e-01
    outer loop
      vertex   8.526230e+01 1.464466e-01 3.795355e+01
      vertex   8.245902e+01 1.464466e-01 3.795355e+01
      vertex   8.526230e+01 6.698730e-02 3.785000e+01
    endloop
  endfacet
  facet normal -1.374639e-16 -7.933533e-01 6.087614e-01
    outer loop
      vertex   8.526230e+01 6.698730e-02 3.785000e+01
      vertex   8.245902e+01 1.464466e-01 3.795355e+01
      vertex   8.245902e+01 6.698730e-02 3.785000e+01
    endloop
  endfacet
  facet normal -1.600801e-16 -9.238795e-01 3.826834e-01
    outer loop
      vertex   8.526230e+01 6.698730e-02 3.785000e+01
      vertex   8.245902e+01 6.698730e-02 3.785000e+01
      vertex   8.526230e+01 1.703709e-02 3.772941e+01
    endloop
  endfacet
  facet normal -1.600801e-16 -9.238795e-01 3.826834e-01
    outer loop
      vertex   8.526230e+01 1.703709e-02 3.772941e+01
      vertex   8.245902e+01 6.698730e-02 3.785000e+01
      vertex   8.245902e+01 1.703709e-02 3.772941e+01
    endloop
  endfacet
  facet normal -1.717871e-16 -9.914449e-01 1.305262e-01
    outer loop
      vertex   8.526230e+01 1.703709e-02 3.772941e+01
      vertex   8.245902e+01 1.703709e-02 3.772941e+01
      vertex   3.200000e+01 0.000000e+00 3.760000e+01
    endloop
  endfacet
  facet normal 1.495888e-15 -7.933533e-01 6.087614e-01
    outer loop
      vertex   9.086885e+01 1.464466e-01 3.795355e+01
      vertex   9.367213e+01 6.698730e-02 3.785000e+01
      vertex   9.367213e+01 1.464466e-01 3.795355e+01
    endloop
  endfacet
  facet normal 1.384360e-15 -7.933533e-01 6.087614e-01
    outer loop
      vertex   9.367213e+01 1.464466e-01 3.795355e+01
      vertex   9.367213e+01 6.698730e-02 3.785000e+01
      vertex   9.647541e+01 6.698730e-02 3.785000e+01
    endloop
  endfacet
  facet normal 1.511598e-15 -7.933533e-01 6.087614e-01
    outer loop
      vertex   9.367213e+01 1.464466e-01 3.795355e+01
      vertex   9.647541e+01 6.698730e-02 3.785000e+01
      vertex   9.647541e+01 1.464466e-01 3.795355e+01
    endloop
  endfacet
  facet normal -1.564517e-16 -7.933533e-01 6.087614e-01
    outer loop
      vertex   9.647541e+01 1.464466e-01 3.795355e+01
      vertex   9.647541e+01 6.698730e-02 3.785000e+01
      vertex   9.927869e+01 6.698730e-02 3.785000e+01
    endloop
  endfacet
  facet normal -3.927540e-17 -7.933533e-01 6.087614e-01
    outer loop
      vertex   1.048852e+02 1.464466e-01 3.795355e+01
      vertex   1.020820e+02 1.464466e-01 3.795355e+01
      vertex   1.048852e+02 6.698730e-02 3.785000e+01
    endloop
  endfacet
  facet normal -1.374639e-16 -7.933533e-01 6.087614e-01
    outer loop
      vertex   1.048852e+02 6.698730e-02 3.785000e+01
      vertex   1.020820e+02 1.464466e-01 3.795355e+01
      vertex   1.020820e+02 6.698730e-02 3.785000e+01
    endloop
  endfacet
  facet normal -1.600801e-16 -9.238795e-01 3.826834e-01
    outer loop
      vertex   1.048852e+02 6.698730e-02 3.785000e+01
      vertex   1.020820e+02 6.698730e-02 3.785000e+01
      vertex   1.048852e+02 1.703709e-02 3.772941e+01
    endloop
  endfacet
  facet normal 8.099017e-16 -9.238795e-01 3.826834e-01
    outer loop
      vertex   1.048852e+02 1.703709e-02 3.772941e+01
      vertex   1.020820e+02 6.698730e-02 3.785000e+01
      vertex   1.020820e+02 1.703709e-02 3.772941e+01
    endloop
  endfacet
  facet normal 1.590556e-16 -9.914449e-01 1.305262e-01
    outer loop
      vertex   1.048852e+02 1.703709e-02 3.772941e+01
      vertex   1.020820e+02 1.703709e-02 3.772941e+01
      vertex   3.200000e+01 0.000000e+00 3.760000e+01
    endloop
  endfacet
  facet normal -1.374639e-16 -7.933533e-01 6.087614e-01
    outer loop
      vertex   1.132951e+02 6.698730e-02 3.785000e+01
      vertex   1.104918e+02 1.464466e-01 3.795355e+01
      vertex   1.104918e+02 6.698730e-02 3.785000e+01
    endloop
  endfacet
  facet normal 1.488662e-15 -7.933533e-01 6.087614e-01
    outer loop
      vertex   1.104918e+02 6.698730e-02 3.785000e+01
      vertex   1.104918e+02 1.464466e-01 3.795355e+01
      vertex   1.076885e+02 1.464466e-01 3.795355e+01
    endloop
  endfacet
  facet normal -5.689152e-17 -7.933533e-01 6.087614e-01
    outer loop
      vertex   1.217049e+02 6.698730e-02 3.785000e+01
      vertex   1.217049e+02 1.464466e-01 3.795355e+01
      vertex   1.189016e+02 1.464466e-01 3.795355e+01
    endloop
  endfacet
  facet normal 1.366279e-15 -7.933533e-01 6.087614e-01
    outer loop
      vertex   1.217049e+02 6.698730e-02 3.785000e+01
      vertex   1.189016e+02 1.464466e-01 3.795355e+01
      vertex   1.189016e+02 6.698730e-02 3.785000e+01
    endloop
  endfacet
  facet normal -3.927540e-17 -7.933533e-01 6.087614e-01
    outer loop
      vertex   1.301148e+02 1.464466e-01 3.795355e+01
      vertex   1.273115e+02 1.464466e-01 3.795355e+01
      vertex   1.301148e+02 6.698730e-02 3.785000e+01
    endloop
  endfacet
  facet normal 1.405554e-15 -7.933533e-01 6.087614e-01
    outer loop
      vertex   1.301148e+02 6.698730e-02 3.785000e+01
      vertex   1.273115e+02 1.464466e-01 3.795355e+01
      vertex   1.273115e+02 6.698730e-02 3.785000e+01
    endloop
  endfacet
  facet normal 8.099017e-16 -9.238795e-01 3.826834e-01
    outer loop
      vertex   1.301148e+02 6.698730e-02 3.785000e+01
      vertex   1.273115e+02 6.698730e-02 3.785000e+01
      vertex   1.301148e+02 1.703709e-02 3.772941e+01
    endloop
  endfacet
  facet normal 8.099017e-16 -9.238795e-01 3.826834e-01
    outer loop
      vertex   1.301148e+02 1.703709e-02 3.772941e+01
      vertex   1.273115e+02 6.698730e-02 3.785000e+01
      vertex   1.273115e+02 1.703709e-02 3.772941e+01
    endloop
  endfacet
  facet normal 1.590556e-16 -9.914449e-01 1.305262e-01
    outer loop
      vertex   1.301148e+02 1.703709e-02 3.772941e+01
      vertex   1.273115e+02 1.703709e-02 3.772941e+01
      vertex   2.030000e+02 0.000000e+00 3.760000e+01
    endloop
  endfacet
  facet normal -4.713048e-17 -7.933533e-01 6.087614e-01
    outer loop
      vertex   1.357213e+02 1.464466e-01 3.795355e+01
      vertex   1.385246e+02 6.698730e-02 3.785000e+01
      vertex   1.385246e+02 1.464466e-01 3.795355e+01
    endloop
  endfacet
  facet normal 1.384360e-15 -7.933533e-01 6.087614e-01
    outer loop
      vertex   1.385246e+02 1.464466e-01 3.795355e+01
      vertex   1.385246e+02 6.698730e-02 3.785000e+01
      vertex   1.413279e+02 6.698730e-02 3.785000e+01
    endloop
  endfacet
  facet normal 1.488033e-15 -7.933533e-01 6.087614e-01
    outer loop
      vertex   1.385246e+02 1.464466e-01 3.795355e+01
      vertex   1.413279e+02 6.698730e-02 3.785000e+01
      vertex   1.413279e+02 1.464466e-01 3.795355e+01
    endloop
  endfacet
  facet normal 1.408065e-15 -7.933533e-01 6.087614e-01
    outer loop
      vertex   1.413279e+02 1.464466e-01 3.795355e+01
      vertex   1.413279e+02 6.698730e-02 3.785000e+01
      vertex   1.441311e+02 6.698730e-02 3.785000e+01
    endloop
  endfacet
  facet normal -6.284064e-17 -7.933533e-01 6.087614e-01
    outer loop
      vertex   1.525410e+02 1.464466e-01 3.795355e+01
      vertex   1.497377e+02 1.464466e-01 3.795355e+01
      vertex   1.525410e+02 6.698730e-02 3.785000e+01
    endloop
  endfacet
  facet normal -1.374639e-16 -7.933533e-01 6.087614e-01
    outer loop
      vertex   1.525410e+02 6.698730e-02 3.785000e+01
      vertex   1.497377e+02 1.464466e-01 3.795355e+01
      vertex   1.497377e+02 6.698730e-02 3.785000e+01
    endloop
  endfacet
  facet normal -1.600801e-16 -9.238795e-01 3.826834e-01
    outer loop
      vertex   1.525410e+02 6.698730e-02 3.785000e+01
      vertex   1.497377e+02 6.698730e-02 3.785000e+01
      vertex   1.525410e+02 1.703709e-02 3.772941e+01
    endloop
  endfacet
  facet normal -1.600801e-16 -9.238795e-01 3.826834e-01
    outer loop
      vertex   1.525410e+02 1.703709e-02 3.772941e+01
      vertex   1.497377e+02 6.698730e-02 3.785000e+01
      vertex   1.497377e+02 1.703709e-02 3.772941e+01
    endloop
  endfacet
  facet normal -1.717871e-16 -9.914449e-01 1.305262e-01
    outer loop
      vertex   1.525410e+02 1.703709e-02 3.772941e+01
      vertex   1.497377e+02 1.703709e-02 3.772941e+01
      vertex   2.030000e+02 0.000000e+00 3.760000e+01
    endloop
  endfacet
  facet normal -3.142032e-17 -7.933533e-01 6.087614e-01
    outer loop
      vertex   1.581475e+02 1.464466e-01 3.795355e+01
      vertex   1.609508e+02 6.698730e-02 3.785000e+01
      vertex   1.609508e+02 1.464466e-01 3.795355e+01
    endloop
  endfacet
  facet normal 1.403324e-15 -7.933533e-01 6.087614e-01
    outer loop
      vertex   1.609508e+02 1.464466e-01 3.795355e+01
      vertex   1.609508e+02 6.698730e-02 3.785000e+01
      vertex   1.637541e+02 6.698730e-02 3.785000e+01
    endloop
  endfacet
  facet normal 1.480178e-15 -7.933533e-01 6.087614e-01
    outer loop
      vertex   1.609508e+02 1.464466e-01 3.795355e+01
      vertex   1.637541e+02 6.698730e-02 3.785000e+01
      vertex   1.637541e+02 1.464466e-01 3.795355e+01
    endloop
  endfacet
  facet normal -1.374878e-16 -7.933533e-01 6.087614e-01
    outer loop
      vertex   1.637541e+02 1.464466e-01 3.795355e+01
      vertex   1.637541e+02 6.698730e-02 3.785000e+01
      vertex   1.665574e+02 6.698730e-02 3.785000e+01
    endloop
  endfacet
  facet normal -5.498556e-17 -7.933533e-01 6.087614e-01
    outer loop
      vertex   1.749672e+02 1.464466e-01 3.795355e+01
      vertex   1.721639e+02 1.464466e-01 3.795355e+01
      vertex   1.749672e+02 6.698730e-02 3.785000e+01
    endloop
  endfacet
  facet normal 1.385917e-15 -7.933533e-01 6.087614e-01
    outer loop
      vertex   1.749672e+02 6.698730e-02 3.785000e+01
      vertex   1.721639e+02 1.464466e-01 3.795355e+01
      vertex   1.721639e+02 6.698730e-02 3.785000e+01
    endloop
  endfacet
  facet normal 7.870331e-16 -9.238795e-01 3.826834e-01
    outer loop
      vertex   1.749672e+02 6.698730e-02 3.785000e+01
      vertex   1.721639e+02 6.698730e-02 3.785000e+01
      vertex   1.749672e+02 1.703709e-02 3.772941e+01
    endloop
  endfacet
  facet normal 8.099017e-16 -9.238795e-01 3.826834e-01
    outer loop
      vertex   1.749672e+02 1.703709e-02 3.772941e+01
      vertex   1.721639e+02 6.698730e-02 3.785000e+01
      vertex   1.721639e+02 1.703709e-02 3.772941e+01
    endloop
  endfacet
  facet normal 1.590556e-16 -9.914449e-01 1.305262e-01
    outer loop
      vertex   1.749672e+02 1.703709e-02 3.772941e+01
      vertex   1.721639e+02 1.703709e-02 3.772941e+01
      vertex   2.030000e+02 0.000000e+00 3.760000e+01
    endloop
  endfacet
  facet normal -4.713048e-17 -7.933533e-01 6.087614e-01
    outer loop
      vertex   1.805738e+02 1.464466e-01 3.795355e+01
      vertex   1.833770e+02 6.698730e-02 3.785000e+01
      vertex   1.833770e+02 1.464466e-01 3.795355e+01
    endloop
  endfacet
  facet normal -1.374878e-16 -7.933533e-01 6.087614e-01
    outer loop
      vertex   1.833770e+02 1.464466e-01 3.795355e+01
      vertex   1.833770e+02 6.698730e-02 3.785000e+01
      vertex   1.861803e+02 6.698730e-02 3.785000e+01
    endloop
  endfacet
  facet normal -5.498556e-17 -7.933533e-01 6.087614e-01
    outer loop
      vertex   1.833770e+02 1.464466e-01 3.795355e+01
      vertex   1.861803e+02 6.698730e-02 3.785000e+01
      vertex   1.861803e+02 1.464466e-01 3.795355e+01
    endloop
  endfacet
  facet normal 1.403324e-15 -7.933533e-01 6.087614e-01
    outer loop
      vertex   1.861803e+02 1.464466e-01 3.795355e+01
      vertex   1.861803e+02 6.698730e-02 3.785000e+01
      vertex   1.889836e+02 6.698730e-02 3.785000e+01
    endloop
  endfacet
  facet normal 1.480178e-15 -7.933533e-01 6.087614e-01
    outer loop
      vertex   1.973934e+02 1.464466e-01 3.795355e+01
      vertex   1.945902e+02 1.464466e-01 3.795355e+01
      vertex   1.973934e+02 6.698730e-02 3.785000e+01
    endloop
  endfacet
  facet normal 1.405554e-15 -7.933533e-01 6.087614e-01
    outer loop
      vertex   1.973934e+02 6.698730e-02 3.785000e+01
      vertex   1.945902e+02 1.464466e-01 3.795355e+01
      vertex   1.945902e+02 6.698730e-02 3.785000e+01
    endloop
  endfacet
  facet normal 8.099017e-16 -9.238795e-01 3.826834e-01
    outer loop
      vertex   1.973934e+02 6.698730e-02 3.785000e+01
      vertex   1.945902e+02 6.698730e-02 3.785000e+01
      vertex   1.973934e+02 1.703709e-02 3.772941e+01
    endloop
  endfacet
  facet normal 1.389101e-15 -7.933533e-01 6.087614e-01
    outer loop
      vertex   4.040984e+01 1.464466e-01 3.795355e+01
      vertex   4.040984e+01 6.698730e-02 3.785000e+01
      vertex   4.321311e+01 6.698730e-02 3.785000e+01
    endloop
  endfacet
  facet normal 7.870331e-16 -9.238795e-01 3.826834e-01
    outer loop
      vertex   4.321311e+01 6.698730e-02 3.785000e+01
      vertex   4.040984e+01 6.698730e-02 3.785000e+01
      vertex   4.321311e+01 1.703709e-02 3.772941e+01
    endloop
  endfacet
  facet normal 8.320385e-16 -9.238795e-01 3.826834e-01
    outer loop
      vertex   4.321311e+01 6.698730e-02 3.785000e+01
      vertex   4.321311e+01 1.703709e-02 3.772941e+01
      vertex   4.601639e+01 1.703709e-02 3.772941e+01
    endloop
  endfacet
  facet normal 1.835966e-16 -9.914449e-01 1.305262e-01
    outer loop
      vertex   4.601639e+01 1.703709e-02 3.772941e+01
      vertex   4.321311e+01 1.703709e-02 3.772941e+01
      vertex   3.200000e+01 0.000000e+00 3.760000e+01
    endloop
  endfacet
  facet normal 8.099017e-16 -9.238795e-01 3.826834e-01
    outer loop
      vertex   4.321311e+01 1.703709e-02 3.772941e+01
      vertex   4.040984e+01 6.698730e-02 3.785000e+01
      vertex   4.040984e+01 1.703709e-02 3.772941e+01
    endloop
  endfacet
  facet normal 8.107042e-16 -9.238795e-01 3.826834e-01
    outer loop
      vertex   5.442623e+01 1.703709e-02 3.772941e+01
      vertex   5.442623e+01 6.698730e-02 3.785000e+01
      vertex   5.162295e+01 6.698730e-02 3.785000e+01
    endloop
  endfacet
  facet normal 8.099017e-16 -9.238795e-01 3.826834e-01
    outer loop
      vertex   5.442623e+01 1.703709e-02 3.772941e+01
      vertex   5.162295e+01 6.698730e-02 3.785000e+01
      vertex   5.162295e+01 1.703709e-02 3.772941e+01
    endloop
  endfacet
  facet normal -1.848974e-16 -9.238795e-01 3.826834e-01
    outer loop
      vertex   5.162295e+01 1.703709e-02 3.772941e+01
      vertex   5.162295e+01 6.698730e-02 3.785000e+01
      vertex   4.881967e+01 6.698730e-02 3.785000e+01
    endloop
  endfacet
  facet normal -1.564517e-16 -7.933533e-01 6.087614e-01
    outer loop
      vertex   6.283607e+01 1.464466e-01 3.795355e+01
      vertex   6.283607e+01 6.698730e-02 3.785000e+01
      vertex   6.563934e+01 6.698730e-02 3.785000e+01
    endloop
  endfacet
  facet normal -1.829487e-16 -9.238795e-01 3.826834e-01
    outer loop
      vertex   6.563934e+01 6.698730e-02 3.785000e+01
      vertex   6.283607e+01 6.698730e-02 3.785000e+01
      vertex   6.563934e+01 1.703709e-02 3.772941e+01
    endloop
  endfacet
  facet normal 7.869994e-16 -9.238795e-01 3.826834e-01
    outer loop
      vertex   6.563934e+01 6.698730e-02 3.785000e+01
      vertex   6.563934e+01 1.703709e-02 3.772941e+01
      vertex   6.844262e+01 1.703709e-02 3.772941e+01
    endloop
  endfacet
  facet normal 1.345146e-16 -9.914449e-01 1.305262e-01
    outer loop
      vertex   6.844262e+01 1.703709e-02 3.772941e+01
      vertex   6.563934e+01 1.703709e-02 3.772941e+01
      vertex   3.200000e+01 0.000000e+00 3.760000e+01
    endloop
  endfacet
  facet normal -1.372115e-16 -9.238795e-01 3.826834e-01
    outer loop
      vertex   6.563934e+01 1.703709e-02 3.772941e+01
      vertex   6.283607e+01 6.698730e-02 3.785000e+01
      vertex   6.283607e+01 1.703709e-02 3.772941e+01
    endloop
  endfacet
  facet normal -1.611926e-16 -9.238795e-01 3.826834e-01
    outer loop
      vertex   7.685246e+01 1.703709e-02 3.772941e+01
      vertex   7.685246e+01 6.698730e-02 3.785000e+01
      vertex   7.404918e+01 6.698730e-02 3.785000e+01
    endloop
  endfacet
  facet normal 8.099017e-16 -9.238795e-01 3.826834e-01
    outer loop
      vertex   7.685246e+01 1.703709e-02 3.772941e+01
      vertex   7.404918e+01 6.698730e-02 3.785000e+01
      vertex   7.404918e+01 1.703709e-02 3.772941e+01
    endloop
  endfacet
  facet normal 7.632946e-16 -9.238795e-01 3.826834e-01
    outer loop
      vertex   7.404918e+01 1.703709e-02 3.772941e+01
      vertex   7.404918e+01 6.698730e-02 3.785000e+01
      vertex   7.124590e+01 6.698730e-02 3.785000e+01
    endloop
  endfacet
  facet normal 1.403324e-15 -7.933533e-01 6.087614e-01
    outer loop
      vertex   8.526230e+01 1.464466e-01 3.795355e+01
      vertex   8.526230e+01 6.698730e-02 3.785000e+01
      vertex   8.806557e+01 6.698730e-02 3.785000e+01
    endloop
  endfacet
  facet normal 8.099017e-16 -9.238795e-01 3.826834e-01
    outer loop
      vertex   8.806557e+01 6.698730e-02 3.785000e+01
      vertex   8.526230e+01 6.698730e-02 3.785000e+01
      vertex   8.806557e+01 1.703709e-02 3.772941e+01
    endloop
  endfacet
  facet normal 8.320385e-16 -9.238795e-01 3.826834e-01
    outer loop
      vertex   8.806557e+01 6.698730e-02 3.785000e+01
      vertex   8.806557e+01 1.703709e-02 3.772941e+01
      vertex   9.086885e+01 1.703709e-02 3.772941e+01
    endloop
  endfacet
  facet normal 1.835966e-16 -9.914449e-01 1.305262e-01
    outer loop
      vertex   9.086885e+01 1.703709e-02 3.772941e+01
      vertex   8.806557e+01 1.703709e-02 3.772941e+01
      vertex   3.200000e+01 0.000000e+00 3.760000e+01
    endloop
  endfacet
  facet normal 8.099017e-16 -9.238795e-01 3.826834e-01
    outer loop
      vertex   8.806557e+01 1.703709e-02 3.772941e+01
      vertex   8.526230e+01 6.698730e-02 3.785000e+01
      vertex   8.526230e+01 1.703709e-02 3.772941e+01
    endloop
  endfacet
  facet normal -1.848974e-16 -9.238795e-01 3.826834e-01
    outer loop
      vertex   9.927869e+01 1.703709e-02 3.772941e+01
      vertex   9.927869e+01 6.698730e-02 3.785000e+01
      vertex   9.647541e+01 6.698730e-02 3.785000e+01
    endloop
  endfacet
  facet normal -1.372115e-16 -9.238795e-01 3.826834e-01
    outer loop
      vertex   9.927869e+01 1.703709e-02 3.772941e+01
      vertex   9.647541e+01 6.698730e-02 3.785000e+01
      vertex   9.647541e+01 1.703709e-02 3.772941e+01
    endloop
  endfacet
  facet normal 7.869994e-16 -9.238795e-01 3.826834e-01
    outer loop
      vertex   9.647541e+01 1.703709e-02 3.772941e+01
      vertex   9.647541e+01 6.698730e-02 3.785000e+01
      vertex   9.367213e+01 6.698730e-02 3.785000e+01
    endloop
  endfacet
  facet normal 1.408065e-15 -7.933533e-01 6.087614e-01
    outer loop
      vertex   1.048852e+02 1.464466e-01 3.795355e+01
      vertex   1.048852e+02 6.698730e-02 3.785000e+01
      vertex   1.076885e+02 6.698730e-02 3.785000e+01
    endloop
  endfacet
  facet normal 8.099017e-16 -9.238795e-01 3.826834e-01
    outer loop
      vertex   1.076885e+02 6.698730e-02 3.785000e+01
      vertex   1.048852e+02 6.698730e-02 3.785000e+01
      vertex   1.076885e+02 1.703709e-02 3.772941e+01
    endloop
  endfacet
  facet normal -1.374878e-16 -9.238795e-01 3.826834e-01
    outer loop
      vertex   1.076885e+02 6.698730e-02 3.785000e+01
      vertex   1.076885e+02 1.703709e-02 3.772941e+01
      vertex   1.104918e+02 1.703709e-02 3.772941e+01
    endloop
  endfacet
  facet normal -1.472461e-16 -9.914449e-01 1.305262e-01
    outer loop
      vertex   1.104918e+02 1.703709e-02 3.772941e+01
      vertex   1.076885e+02 1.703709e-02 3.772941e+01
      vertex   3.200000e+01 0.000000e+00 3.760000e+01
    endloop
  endfacet
  facet normal 8.099017e-16 -9.238795e-01 3.826834e-01
    outer loop
      vertex   1.076885e+02 1.703709e-02 3.772941e+01
      vertex   1.048852e+02 6.698730e-02 3.785000e+01
      vertex   1.048852e+02 1.703709e-02 3.772941e+01
    endloop
  endfacet
  facet normal -1.600801e-16 -9.238795e-01 3.826834e-01
    outer loop
      vertex   1.160984e+02 1.703709e-02 3.772941e+01
      vertex   1.132951e+02 6.698730e-02 3.785000e+01
      vertex   1.132951e+02 1.703709e-02 3.772941e+01
    endloop
  endfacet
  facet normal -1.611926e-16 -9.238795e-01 3.826834e-01
    outer loop
      vertex   1.132951e+02 1.703709e-02 3.772941e+01
      vertex   1.132951e+02 6.698730e-02 3.785000e+01
      vertex   1.104918e+02 6.698730e-02 3.785000e+01
    endloop
  endfacet
  facet normal 7.632946e-16 -9.238795e-01 3.826834e-01
    outer loop
      vertex   1.217049e+02 1.703709e-02 3.772941e+01
      vertex   1.217049e+02 6.698730e-02 3.785000e+01
      vertex   1.189016e+02 6.698730e-02 3.785000e+01
    endloop
  endfacet
  facet normal 8.099017e-16 -9.238795e-01 3.826834e-01
    outer loop
      vertex   1.217049e+02 1.703709e-02 3.772941e+01
      vertex   1.189016e+02 6.698730e-02 3.785000e+01
      vertex   1.189016e+02 1.703709e-02 3.772941e+01
    endloop
  endfacet
  facet normal 1.384360e-15 -7.933533e-01 6.087614e-01
    outer loop
      vertex   1.301148e+02 1.464466e-01 3.795355e+01
      vertex   1.301148e+02 6.698730e-02 3.785000e+01
      vertex   1.329180e+02 6.698730e-02 3.785000e+01
    endloop
  endfacet
  facet normal 7.870331e-16 -9.238795e-01 3.826834e-01
    outer loop
      vertex   1.329180e+02 6.698730e-02 3.785000e+01
      vertex   1.301148e+02 6.698730e-02 3.785000e+01
      vertex   1.329180e+02 1.703709e-02 3.772941e+01
    endloop
  endfacet
  facet normal 8.083337e-16 -9.238795e-01 3.826834e-01
    outer loop
      vertex   1.329180e+02 6.698730e-02 3.785000e+01
      vertex   1.329180e+02 1.703709e-02 3.772941e+01
      vertex   1.357213e+02 1.703709e-02 3.772941e+01
    endloop
  endfacet
  facet normal 1.590556e-16 -9.914449e-01 1.305262e-01
    outer loop
      vertex   1.357213e+02 1.703709e-02 3.772941e+01
      vertex   1.329180e+02 1.703709e-02 3.772941e+01
      vertex   2.030000e+02 0.000000e+00 3.760000e+01
    endloop
  endfacet
  facet normal 8.327703e-16 -9.238795e-01 3.826834e-01
    outer loop
      vertex   1.329180e+02 1.703709e-02 3.772941e+01
      vertex   1.301148e+02 6.698730e-02 3.785000e+01
      vertex   1.301148e+02 1.703709e-02 3.772941e+01
    endloop
  endfacet
  facet normal 8.107042e-16 -9.238795e-01 3.826834e-01
    outer loop
      vertex   1.441311e+02 1.703709e-02 3.772941e+01
      vertex   1.441311e+02 6.698730e-02 3.785000e+01
      vertex   1.413279e+02 6.698730e-02 3.785000e+01
    endloop
  endfacet
  facet normal -1.600801e-16 -9.238795e-01 3.826834e-01
    outer loop
      vertex   1.441311e+02 1.703709e-02 3.772941e+01
      vertex   1.413279e+02 6.698730e-02 3.785000e+01
      vertex   1.413279e+02 1.703709e-02 3.772941e+01
    endloop
  endfacet
  facet normal 7.869994e-16 -9.238795e-01 3.826834e-01
    outer loop
      vertex   1.413279e+02 1.703709e-02 3.772941e+01
      vertex   1.413279e+02 6.698730e-02 3.785000e+01
      vertex   1.385246e+02 6.698730e-02 3.785000e+01
    endloop
  endfacet
  facet normal -1.374878e-16 -7.933533e-01 6.087614e-01
    outer loop
      vertex   1.525410e+02 1.464466e-01 3.795355e+01
      vertex   1.525410e+02 6.698730e-02 3.785000e+01
      vertex   1.553443e+02 6.698730e-02 3.785000e+01
    endloop
  endfacet
  facet normal -1.600801e-16 -9.238795e-01 3.826834e-01
    outer loop
      vertex   1.553443e+02 6.698730e-02 3.785000e+01
      vertex   1.525410e+02 6.698730e-02 3.785000e+01
      vertex   1.553443e+02 1.703709e-02 3.772941e+01
    endloop
  endfacet
  facet normal -1.588222e-16 -9.238795e-01 3.826834e-01
    outer loop
      vertex   1.553443e+02 6.698730e-02 3.785000e+01
      vertex   1.553443e+02 1.703709e-02 3.772941e+01
      vertex   1.581475e+02 1.703709e-02 3.772941e+01
    endloop
  endfacet
  facet normal -1.717871e-16 -9.914449e-01 1.305262e-01
    outer loop
      vertex   1.581475e+02 1.703709e-02 3.772941e+01
      vertex   1.553443e+02 1.703709e-02 3.772941e+01
      vertex   2.030000e+02 0.000000e+00 3.760000e+01
    endloop
  endfacet
  facet normal 1.802752e-15 -9.238795e-01 3.826834e-01
    outer loop
      vertex   1.553443e+02 1.703709e-02 3.772941e+01
      vertex   1.525410e+02 6.698730e-02 3.785000e+01
      vertex   1.525410e+02 1.703709e-02 3.772941e+01
    endloop
  endfacet
  facet normal -1.611926e-16 -9.238795e-01 3.826834e-01
    outer loop
      vertex   1.665574e+02 1.703709e-02 3.772941e+01
      vertex   1.665574e+02 6.698730e-02 3.785000e+01
      vertex   1.637541e+02 6.698730e-02 3.785000e+01
    endloop
  endfacet
  facet normal 8.099017e-16 -9.238795e-01 3.826834e-01
    outer loop
      vertex   1.665574e+02 1.703709e-02 3.772941e+01
      vertex   1.637541e+02 6.698730e-02 3.785000e+01
      vertex   1.637541e+02 1.703709e-02 3.772941e+01
    endloop
  endfacet
  facet normal 8.083337e-16 -9.238795e-01 3.826834e-01
    outer loop
      vertex   1.637541e+02 1.703709e-02 3.772941e+01
      vertex   1.637541e+02 6.698730e-02 3.785000e+01
      vertex   1.609508e+02 6.698730e-02 3.785000e+01
    endloop
  endfacet
  facet normal -1.564517e-16 -7.933533e-01 6.087614e-01
    outer loop
      vertex   1.749672e+02 1.464466e-01 3.795355e+01
      vertex   1.749672e+02 6.698730e-02 3.785000e+01
      vertex   1.777705e+02 6.698730e-02 3.785000e+01
    endloop
  endfacet
  facet normal -1.829487e-16 -9.238795e-01 3.826834e-01
    outer loop
      vertex   1.777705e+02 6.698730e-02 3.785000e+01
      vertex   1.749672e+02 6.698730e-02 3.785000e+01
      vertex   1.777705e+02 1.703709e-02 3.772941e+01
    endloop
  endfacet
  facet normal 8.320385e-16 -9.238795e-01 3.826834e-01
    outer loop
      vertex   1.777705e+02 6.698730e-02 3.785000e+01
      vertex   1.777705e+02 1.703709e-02 3.772941e+01
      vertex   1.805738e+02 1.703709e-02 3.772941e+01
    endloop
  endfacet
  facet normal 1.835966e-16 -9.914449e-01 1.305262e-01
    outer loop
      vertex   1.805738e+02 1.703709e-02 3.772941e+01
      vertex   1.777705e+02 1.703709e-02 3.772941e+01
      vertex   2.030000e+02 0.000000e+00 3.760000e+01
    endloop
  endfacet
  facet normal 8.099017e-16 -9.238795e-01 3.826834e-01
    outer loop
      vertex   1.777705e+02 1.703709e-02 3.772941e+01
      vertex   1.749672e+02 6.698730e-02 3.785000e+01
      vertex   1.749672e+02 1.703709e-02 3.772941e+01
    endloop
  endfacet
  facet normal 8.107042e-16 -9.238795e-01 3.826834e-01
    outer loop
      vertex   1.889836e+02 1.703709e-02 3.772941e+01
      vertex   1.889836e+02 6.698730e-02 3.785000e+01
      vertex   1.861803e+02 6.698730e-02 3.785000e+01
    endloop
  endfacet
  facet normal 8.327703e-16 -9.238795e-01 3.826834e-01
    outer loop
      vertex   1.889836e+02 1.703709e-02 3.772941e+01
      vertex   1.861803e+02 6.698730e-02 3.785000e+01
      vertex   1.861803e+02 1.703709e-02 3.772941e+01
    endloop
  endfacet
  facet normal -1.611926e-16 -9.238795e-01 3.826834e-01
    outer loop
      vertex   1.861803e+02 1.703709e-02 3.772941e+01
      vertex   1.861803e+02 6.698730e-02 3.785000e+01
      vertex   1.833770e+02 6.698730e-02 3.785000e+01
    endloop
  endfacet
  facet normal 8.327703e-16 -9.238795e-01 3.826834e-01
    outer loop
      vertex   1.945902e+02 1.703709e-02 3.772941e+01
      vertex   1.917869e+02 6.698730e-02 3.785000e+01
      vertex   1.917869e+02 1.703709e-02 3.772941e+01
    endloop
  endfacet
  facet normal 7.869994e-16 -9.238795e-01 3.826834e-01
    outer loop
      vertex   2.001967e+02 1.703709e-02 3.772941e+01
      vertex   2.001967e+02 6.698730e-02 3.785000e+01
      vertex   1.973934e+02 6.698730e-02 3.785000e+01
    endloop
  endfacet
  facet normal 1.385917e-15 -7.933533e-01 6.087614e-01
    outer loop
      vertex   1.973934e+02 6.698730e-02 3.785000e+01
      vertex   2.001967e+02 6.698730e-02 3.785000e+01
      vertex   1.973934e+02 1.464466e-01 3.795355e+01
    endloop
  endfacet
  facet normal 1.802752e-15 -9.238795e-01 3.826834e-01
    outer loop
      vertex   2.001967e+02 1.703709e-02 3.772941e+01
      vertex   1.973934e+02 6.698730e-02 3.785000e+01
      vertex   1.973934e+02 1.703709e-02 3.772941e+01
    endloop
  endfacet
  facet normal 1.588222e-16 -9.914449e-01 1.305262e-01
    outer loop
      vertex   3.200000e+01 0.000000e+00 3.760000e+01
      vertex   4.321311e+01 1.703709e-02 3.772941e+01
      vertex   4.040984e+01 1.703709e-02 3.772941e+01
    endloop
  endfacet
  facet normal -1.481550e-16 -9.914449e-01 1.305262e-01
    outer loop
      vertex   3.200000e+01 0.000000e+00 3.760000e+01
      vertex   6.563934e+01 1.703709e-02 3.772941e+01
      vertex   6.283607e+01 1.703709e-02 3.772941e+01
    endloop
  endfacet
  facet normal 1.600074e-16 -9.914449e-01 1.305262e-01
    outer loop
      vertex   3.200000e+01 0.000000e+00 3.760000e+01
      vertex   8.806557e+01 1.703709e-02 3.772941e+01
      vertex   8.526230e+01 1.703709e-02 3.772941e+01
    endloop
  endfacet
  facet normal 1.588222e-16 -9.914449e-01 1.305262e-01
    outer loop
      vertex   3.200000e+01 0.000000e+00 3.760000e+01
      vertex   1.076885e+02 1.703709e-02 3.772941e+01
      vertex   1.048852e+02 1.703709e-02 3.772941e+01
    endloop
  endfacet
  facet normal 1.837122e-16 -9.914449e-01 1.305262e-01
    outer loop
      vertex   2.030000e+02 0.000000e+00 3.760000e+01
      vertex   1.329180e+02 1.703709e-02 3.772941e+01
      vertex   1.301148e+02 1.703709e-02 3.772941e+01
    endloop
  endfacet
  facet normal 5.143942e-16 -9.914449e-01 1.305262e-01
    outer loop
      vertex   2.030000e+02 0.000000e+00 3.760000e+01
      vertex   1.553443e+02 1.703709e-02 3.772941e+01
      vertex   1.525410e+02 1.703709e-02 3.772941e+01
    endloop
  endfacet
  facet normal 1.600074e-16 -9.914449e-01 1.305262e-01
    outer loop
      vertex   2.030000e+02 0.000000e+00 3.760000e+01
      vertex   1.777705e+02 1.703709e-02 3.772941e+01
      vertex   1.749672e+02 1.703709e-02 3.772941e+01
    endloop
  endfacet
  facet normal 1.837122e-16 -9.914449e-01 1.305262e-01
    outer loop
      vertex   2.030000e+02 0.000000e+00 3.760000e+01
      vertex   1.945902e+02 1.703709e-02 3.772941e+01
      vertex   1.917869e+02 1.703709e-02 3.772941e+01
    endloop
  endfacet
  facet normal -2.713635e-03 -9.999939e-01 -2.192752e-03
    outer loop
      vertex   2.800895e+01 0.000000e+00 2.807170e+01
      vertex   2.732130e+01 0.000000e+00 2.892271e+01
      vertex   2.800673e+01 1.183272e-05 2.806906e+01
    endloop
  endfacet
  facet normal -8.246932e-02 -9.943903e-01 -6.623183e-02
    outer loop
      vertex   2.800673e+01 1.183272e-05 2.806906e+01
      vertex   2.732130e+01 0.000000e+00 2.892271e+01
      vertex   2.794417e+01 1.016231e-02 2.799456e+01
    endloop
  endfacet
  facet normal -1.008705e-01 -9.917937e-01 -7.855221e-02
    outer loop
      vertex   2.794417e+01 1.016231e-02 2.799456e+01
      vertex   2.732130e+01 0.000000e+00 2.892271e+01
      vertex   2.723617e+01 1.703709e-02 2.881691e+01
    endloop
  endfacet
  facet normal -2.300440e-01 -9.544376e-01 -1.900753e-01
    outer loop
      vertex   2.794417e+01 1.016231e-02 2.799456e+01
      vertex   2.723617e+01 1.703709e-02 2.881691e+01
      vertex   2.788412e+01 3.890104e-02 2.792293e+01
    endloop
  endfacet
  facet normal -2.997474e-01 -9.233798e-01 -2.398358e-01
    outer loop
      vertex   2.788412e+01 3.890104e-02 2.792293e+01
      vertex   2.723617e+01 1.703709e-02 2.881691e+01
      vertex   2.713590e+01 6.698730e-02 2.874991e+01
    endloop
  endfacet
  facet normal -3.700358e-01 -8.775289e-01 -3.049862e-01
    outer loop
      vertex   2.788412e+01 3.890104e-02 2.792293e+01
      vertex   2.713590e+01 6.698730e-02 2.874991e+01
      vertex   2.782879e+01 8.519578e-02 2.785685e+01
    endloop
  endfacet
  facet normal -4.743219e-01 -7.921131e-01 -3.841557e-01
    outer loop
      vertex   2.782879e+01 8.519578e-02 2.785685e+01
      vertex   2.713590e+01 6.698730e-02 2.874991e+01
      vertex   2.704980e+01 1.464466e-01 2.869238e+01
    endloop
  endfacet
  facet normal -4.964600e-01 -7.669221e-01 -4.066424e-01
    outer loop
      vertex   2.782879e+01 8.519578e-02 2.785685e+01
      vertex   2.704980e+01 1.464466e-01 2.869238e+01
      vertex   2.778034e+01 1.472921e-01 2.779889e+01
    endloop
  endfacet
  facet normal -6.024324e-01 -6.275926e-01 -4.931559e-01
    outer loop
      vertex   2.778034e+01 1.472921e-01 2.779889e+01
      vertex   2.704980e+01 1.464466e-01 2.869238e+01
      vertex   2.774056e+01 2.229002e-01 2.775127e+01
    endloop
  endfacet
  facet normal -6.162918e-01 -6.070596e-01 -5.016603e-01
    outer loop
      vertex   2.774056e+01 2.229002e-01 2.775127e+01
      vertex   2.704980e+01 1.464466e-01 2.869238e+01
      vertex   2.698373e+01 2.500000e-01 2.864824e+01
    endloop
  endfacet
  facet normal -6.833751e-01 -4.653415e-01 -5.625441e-01
    outer loop
      vertex   2.774056e+01 2.229002e-01 2.775127e+01
      vertex   2.698373e+01 2.500000e-01 2.864824e+01
      vertex   2.771100e+01 3.091174e-01 2.771585e+01
    endloop
  endfacet
  facet normal -7.170706e-01 -3.812399e-01 -5.834945e-01
    outer loop
      vertex   2.771100e+01 3.091174e-01 2.771585e+01
      vertex   2.698373e+01 2.500000e-01 2.864824e+01
      vertex   2.694220e+01 3.705905e-01 2.862049e+01
    endloop
  endfacet
  facet normal -7.396633e-01 -2.860370e-01 -6.091642e-01
    outer loop
      vertex   2.771100e+01 3.091174e-01 2.771585e+01
      vertex   2.694220e+01 3.705905e-01 2.862049e+01
      vertex   2.769280e+01 4.026893e-01 2.769402e+01
    endloop
  endfacet
  facet normal -7.682041e-01 -1.299428e-01 -6.268790e-01
    outer loop
      vertex   2.769280e+01 4.026893e-01 2.769402e+01
      vertex   2.694220e+01 3.705905e-01 2.862049e+01
      vertex   2.692804e+01 5.000000e-01 2.861102e+01
    endloop
  endfacet
  facet normal -7.694062e-01 -9.645408e-02 -6.314354e-01
    outer loop
      vertex   2.769280e+01 4.026893e-01 2.769402e+01
      vertex   2.692804e+01 5.000000e-01 2.861102e+01
      vertex   2.768665e+01 5.000000e-01 2.768665e+01
    endloop
  endfacet
  facet normal -1.191517e-01 -9.908313e-01 -6.368791e-02
    outer loop
      vertex   2.723617e+01 1.703709e-02 2.881691e+01
      vertex   2.732130e+01 0.000000e+00 2.892271e+01
      vertex   2.670672e+01 1.703709e-02 2.980745e+01
    endloop
  endfacet
  facet normal -1.130030e-01 -9.918176e-01 -5.939778e-02
    outer loop
      vertex   2.670672e+01 1.703709e-02 2.980745e+01
      vertex   2.732130e+01 0.000000e+00 2.892271e+01
      vertex   2.681224e+01 0.000000e+00 2.989118e+01
    endloop
  endfacet
  facet normal -1.289458e-01 -9.908799e-01 -3.911527e-02
    outer loop
      vertex   2.670672e+01 1.703709e-02 2.980745e+01
      vertex   2.681224e+01 0.000000e+00 2.989118e+01
      vertex   2.638068e+01 1.703709e-02 3.088225e+01
    endloop
  endfacet
  facet normal -1.227112e-01 -9.917752e-01 -3.638504e-02
    outer loop
      vertex   2.638068e+01 1.703709e-02 3.088225e+01
      vertex   2.681224e+01 0.000000e+00 2.989118e+01
      vertex   2.650121e+01 0.000000e+00 3.094015e+01
    endloop
  endfacet
  facet normal -1.337434e-01 -9.909284e-01 -1.317258e-02
    outer loop
      vertex   2.638068e+01 1.703709e-02 3.088225e+01
      vertex   2.650121e+01 0.000000e+00 3.094015e+01
      vertex   2.627059e+01 1.703709e-02 3.200000e+01
    endloop
  endfacet
  facet normal -1.277756e-01 -9.917322e-01 -1.186110e-02
    outer loop
      vertex   2.627059e+01 1.703709e-02 3.200000e+01
      vertex   2.650121e+01 0.000000e+00 3.094015e+01
      vertex   2.640008e+01 0.000000e+00 3.202958e+01
    endloop
  endfacet
  facet normal -1.333871e-01 -9.909769e-01 1.313748e-02
    outer loop
      vertex   2.627059e+01 1.703709e-02 3.200000e+01
      vertex   2.640008e+01 0.000000e+00 3.202958e+01
      vertex   2.638068e+01 1.703709e-02 3.311775e+01
    endloop
  endfacet
  facet normal -1.279786e-01 -9.916885e-01 1.324504e-02
    outer loop
      vertex   2.638068e+01 1.703709e-02 3.311775e+01
      vertex   2.640008e+01 0.000000e+00 3.202958e+01
      vertex   2.651271e+01 0.000000e+00 3.311788e+01
    endloop
  endfacet
  facet normal -1.279178e-01 -9.910254e-01 3.880345e-02
    outer loop
      vertex   2.638068e+01 1.703709e-02 3.311775e+01
      vertex   2.651271e+01 0.000000e+00 3.311788e+01
      vertex   2.670672e+01 1.703709e-02 3.419255e+01
    endloop
  endfacet
  facet normal -1.232869e-01 -9.916441e-01 3.797726e-02
    outer loop
      vertex   2.670672e+01 1.703709e-02 3.419255e+01
      vertex   2.651271e+01 0.000000e+00 3.311788e+01
      vertex   2.683481e+01 0.000000e+00 3.416351e+01
    endloop
  endfacet
  facet normal -1.175728e-01 -9.910738e-01 6.284399e-02
    outer loop
      vertex   2.670672e+01 1.703709e-02 3.419255e+01
      vertex   2.683481e+01 0.000000e+00 3.416351e+01
      vertex   2.723617e+01 1.703709e-02 3.518309e+01
    endloop
  endfacet
  facet normal -1.138537e-01 -9.915991e-01 6.138870e-02
    outer loop
      vertex   2.723617e+01 1.703709e-02 3.518309e+01
      vertex   2.683481e+01 0.000000e+00 3.416351e+01
      vertex   2.735407e+01 0.000000e+00 3.512655e+01
    endloop
  endfacet
  facet normal -1.027752e-01 -9.911221e-01 8.434545e-02
    outer loop
      vertex   2.723617e+01 1.703709e-02 3.518309e+01
      vertex   2.735407e+01 0.000000e+00 3.512655e+01
      vertex   2.794870e+01 1.703709e-02 3.605130e+01
    endloop
  endfacet
  facet normal -1.000139e-01 -9.915534e-01 8.257783e-02
    outer loop
      vertex   2.794870e+01 1.703709e-02 3.605130e+01
      vertex   2.735407e+01 0.000000e+00 3.512655e+01
      vertex   2.805067e+01 0.000000e+00 3.597024e+01
    endloop
  endfacet
  facet normal -8.411676e-02 -9.911704e-01 1.024966e-01
    outer loop
      vertex   2.794870e+01 1.703709e-02 3.605130e+01
      vertex   2.805067e+01 0.000000e+00 3.597024e+01
      vertex   2.881691e+01 1.703709e-02 3.676383e+01
    endloop
  endfacet
  facet normal -8.227248e-02 -9.915070e-01 1.007231e-01
    outer loop
      vertex   2.881691e+01 1.703709e-02 3.676383e+01
      vertex   2.805067e+01 0.000000e+00 3.597024e+01
      vertex   2.889804e+01 0.000000e+00 3.666238e+01
    endloop
  endfacet
  facet normal -6.227629e-02 -9.912169e-01 1.166651e-01
    outer loop
      vertex   2.881691e+01 1.703709e-02 3.676383e+01
      vertex   2.889804e+01 0.000000e+00 3.666238e+01
      vertex   2.981328e+01 1.703709e-02 3.729569e+01
    endloop
  endfacet
  facet normal -6.157144e-02 -9.913798e-01 1.156509e-01
    outer loop
      vertex   2.981328e+01 1.703709e-02 3.729569e+01
      vertex   2.889804e+01 0.000000e+00 3.666238e+01
      vertex   2.986381e+01 0.000000e+00 3.717655e+01
    endloop
  endfacet
  facet normal -3.800023e-02 -9.913475e-01 1.256432e-01
    outer loop
      vertex   2.981328e+01 1.703709e-02 3.729569e+01
      vertex   2.986381e+01 0.000000e+00 3.717655e+01
      vertex   3.088534e+01 1.703709e-02 3.761993e+01
    endloop
  endfacet
  facet normal -3.792659e-02 -9.913716e-01 1.254745e-01
    outer loop
      vertex   3.088534e+01 1.703709e-02 3.761993e+01
      vertex   2.986381e+01 0.000000e+00 3.717655e+01
      vertex   3.091112e+01 0.000000e+00 3.749312e+01
    endloop
  endfacet
  facet normal -1.282429e-02 -9.913554e-01 1.305755e-01
    outer loop
      vertex   3.088534e+01 1.703709e-02 3.761993e+01
      vertex   3.091112e+01 0.000000e+00 3.749312e+01
      vertex   3.200000e+01 1.703709e-02 3.772941e+01
    endloop
  endfacet
  facet normal -1.281115e-02 -9.913635e-01 1.305155e-01
    outer loop
      vertex   3.200000e+01 1.703709e-02 3.772941e+01
      vertex   3.091112e+01 0.000000e+00 3.749312e+01
      vertex   3.200000e+01 0.000000e+00 3.760000e+01
    endloop
  endfacet
  facet normal -3.755821e-02 -9.232277e-01 3.824134e-01
    outer loop
      vertex   3.200000e+01 1.703709e-02 3.772941e+01
      vertex   3.200000e+01 6.698730e-02 3.785000e+01
      vertex   3.088534e+01 1.703709e-02 3.761993e+01
    endloop
  endfacet
  facet normal -3.759588e-02 -9.231569e-01 3.825806e-01
    outer loop
      vertex   3.088534e+01 1.703709e-02 3.761993e+01
      vertex   3.200000e+01 6.698730e-02 3.785000e+01
      vertex   3.086125e+01 6.698730e-02 3.773810e+01
    endloop
  endfacet
  facet normal -1.111897e-01 -9.232991e-01 3.676353e-01
    outer loop
      vertex   3.088534e+01 1.703709e-02 3.761993e+01
      vertex   3.086125e+01 6.698730e-02 3.773810e+01
      vertex   2.981328e+01 1.703709e-02 3.729569e+01
    endloop
  endfacet
  facet normal -1.113980e-01 -9.230868e-01 3.681048e-01
    outer loop
      vertex   2.981328e+01 1.703709e-02 3.729569e+01
      vertex   3.086125e+01 6.698730e-02 3.773810e+01
      vertex   2.976606e+01 6.698730e-02 3.740666e+01
    endloop
  endfacet
  facet normal -1.807990e-01 -9.233604e-01 3.386994e-01
    outer loop
      vertex   2.981328e+01 1.703709e-02 3.729569e+01
      vertex   2.976606e+01 6.698730e-02 3.740666e+01
      vertex   2.881691e+01 1.703709e-02 3.676383e+01
    endloop
  endfacet
  facet normal -1.809975e-01 -9.232181e-01 3.389813e-01
    outer loop
      vertex   2.881691e+01 1.703709e-02 3.676383e+01
      vertex   2.976606e+01 6.698730e-02 3.740666e+01
      vertex   2.874991e+01 6.698730e-02 3.686410e+01
    endloop
  endfacet
  facet normal -2.437734e-01 -9.232240e-01 2.970387e-01
    outer loop
      vertex   2.881691e+01 1.703709e-02 3.676383e+01
      vertex   2.874991e+01 6.698730e-02 3.686410e+01
      vertex   2.794870e+01 1.703709e-02 3.605130e+01
    endloop
  endfacet
  facet normal -2.437734e-01 -9.232240e-01 2.970387e-01
    outer loop
      vertex   2.794870e+01 1.703709e-02 3.605130e+01
      vertex   2.874991e+01 6.698730e-02 3.686410e+01
      vertex   2.786343e+01 6.698730e-02 3.613657e+01
    endloop
  endfacet
  facet normal -2.970387e-01 -9.232240e-01 2.437734e-01
    outer loop
      vertex   2.794870e+01 1.703709e-02 3.605130e+01
      vertex   2.786343e+01 6.698730e-02 3.613657e+01
      vertex   2.723617e+01 1.703709e-02 3.518309e+01
    endloop
  endfacet
  facet normal -2.970387e-01 -9.232240e-01 2.437734e-01
    outer loop
      vertex   2.723617e+01 1.703709e-02 3.518309e+01
      vertex   2.786343e+01 6.698730e-02 3.613657e+01
      vertex   2.713590e+01 6.698730e-02 3.525009e+01
    endloop
  endfacet
  facet normal -3.388890e-01 -9.232240e-01 1.811400e-01
    outer loop
      vertex   2.723617e+01 1.703709e-02 3.518309e+01
      vertex   2.713590e+01 6.698730e-02 3.525009e+01
      vertex   2.670672e+01 1.703709e-02 3.419255e+01
    endloop
  endfacet
  facet normal -3.388890e-01 -9.232240e-01 1.811400e-01
    outer loop
      vertex   2.670672e+01 1.703709e-02 3.419255e+01
      vertex   2.713590e+01 6.698730e-02 3.525009e+01
      vertex   2.659530e+01 6.698730e-02 3.423870e+01
    endloop
  endfacet
  facet normal -3.677160e-01 -9.232240e-01 1.115454e-01
    outer loop
      vertex   2.670672e+01 1.703709e-02 3.419255e+01
      vertex   2.659530e+01 6.698730e-02 3.423870e+01
      vertex   2.638068e+01 1.703709e-02 3.311775e+01
    endloop
  endfacet
  facet normal -3.677160e-01 -9.232240e-01 1.115454e-01
    outer loop
      vertex   2.638068e+01 1.703709e-02 3.311775e+01
      vertex   2.659530e+01 6.698730e-02 3.423870e+01
      vertex   2.626241e+01 6.698730e-02 3.314128e+01
    endloop
  endfacet
  facet normal -3.824119e-01 -9.232240e-01 3.766428e-02
    outer loop
      vertex   2.638068e+01 1.703709e-02 3.311775e+01
      vertex   2.626241e+01 6.698730e-02 3.314128e+01
      vertex   2.627059e+01 1.703709e-02 3.200000e+01
    endloop
  endfacet
  facet normal -3.824119e-01 -9.232240e-01 3.766428e-02
    outer loop
      vertex   2.627059e+01 1.703709e-02 3.200000e+01
      vertex   2.626241e+01 6.698730e-02 3.314128e+01
      vertex   2.615000e+01 6.698730e-02 3.200000e+01
    endloop
  endfacet
  facet normal -3.824119e-01 -9.232240e-01 -3.766428e-02
    outer loop
      vertex   2.627059e+01 1.703709e-02 3.200000e+01
      vertex   2.615000e+01 6.698730e-02 3.200000e+01
      vertex   2.638068e+01 1.703709e-02 3.088225e+01
    endloop
  endfacet
  facet normal -3.824119e-01 -9.232240e-01 -3.766428e-02
    outer loop
      vertex   2.638068e+01 1.703709e-02 3.088225e+01
      vertex   2.615000e+01 6.698730e-02 3.200000e+01
      vertex   2.626241e+01 6.698730e-02 3.085872e+01
    endloop
  endfacet
  facet normal -3.677160e-01 -9.232240e-01 -1.115454e-01
    outer loop
      vertex   2.638068e+01 1.703709e-02 3.088225e+01
      vertex   2.626241e+01 6.698730e-02 3.085872e+01
      vertex   2.670672e+01 1.703709e-02 2.980745e+01
    endloop
  endfacet
  facet normal -3.677160e-01 -9.232240e-01 -1.115454e-01
    outer loop
      vertex   2.670672e+01 1.703709e-02 2.980745e+01
      vertex   2.626241e+01 6.698730e-02 3.085872e+01
      vertex   2.659530e+01 6.698730e-02 2.976130e+01
    endloop
  endfacet
  facet normal -3.388890e-01 -9.232240e-01 -1.811400e-01
    outer loop
      vertex   2.670672e+01 1.703709e-02 2.980745e+01
      vertex   2.659530e+01 6.698730e-02 2.976130e+01
      vertex   2.723617e+01 1.703709e-02 2.881691e+01
    endloop
  endfacet
  facet normal -3.388890e-01 -9.232240e-01 -1.811400e-01
    outer loop
      vertex   2.723617e+01 1.703709e-02 2.881691e+01
      vertex   2.659530e+01 6.698730e-02 2.976130e+01
      vertex   2.713590e+01 6.698730e-02 2.874991e+01
    endloop
  endfacet
  facet normal -5.971573e-02 -7.919375e-01 6.076750e-01
    outer loop
      vertex   3.200000e+01 6.698730e-02 3.785000e+01
      vertex   3.200000e+01 1.464466e-01 3.795355e+01
      vertex   3.086125e+01 6.698730e-02 3.773810e+01
    endloop
  endfacet
  facet normal -5.977226e-02 -7.917555e-01 6.079067e-01
    outer loop
      vertex   3.086125e+01 6.698730e-02 3.773810e+01
      vertex   3.200000e+01 1.464466e-01 3.795355e+01
      vertex   3.084045e+01 1.464466e-01 3.783954e+01
    endloop
  endfacet
  facet normal -1.767937e-01 -7.921209e-01 5.841990e-01
    outer loop
      vertex   3.086125e+01 6.698730e-02 3.773810e+01
      vertex   3.084045e+01 1.464466e-01 3.783954e+01
      vertex   2.976606e+01 6.698730e-02 3.740666e+01
    endloop
  endfacet
  facet normal -1.770953e-01 -7.915750e-01 5.848473e-01
    outer loop
      vertex   2.976606e+01 6.698730e-02 3.740666e+01
      vertex   3.084045e+01 1.464466e-01 3.783954e+01
      vertex   2.972531e+01 1.464466e-01 3.750187e+01
    endloop
  endfacet
  facet normal -2.873851e-01 -7.922871e-01 5.382294e-01
    outer loop
      vertex   2.976606e+01 6.698730e-02 3.740666e+01
      vertex   2.972531e+01 1.464466e-01 3.750187e+01
      vertex   2.874991e+01 6.698730e-02 3.686410e+01
    endloop
  endfacet
  facet normal -2.876678e-01 -7.919215e-01 5.386163e-01
    outer loop
      vertex   2.874991e+01 6.698730e-02 3.686410e+01
      vertex   2.972531e+01 1.464466e-01 3.750187e+01
      vertex   2.869238e+01 1.464466e-01 3.695020e+01
    endloop
  endfacet
  facet normal -3.873671e-01 -7.919311e-01 4.720082e-01
    outer loop
      vertex   2.874991e+01 6.698730e-02 3.686410e+01
      vertex   2.869238e+01 1.464466e-01 3.695020e+01
      vertex   2.786343e+01 6.698730e-02 3.613657e+01
    endloop
  endfacet
  facet normal -3.873671e-01 -7.919311e-01 4.720082e-01
    outer loop
      vertex   2.786343e+01 6.698730e-02 3.613657e+01
      vertex   2.869238e+01 1.464466e-01 3.695020e+01
      vertex   2.779020e+01 1.464466e-01 3.620980e+01
    endloop
  endfacet
  facet normal -4.720082e-01 -7.919311e-01 3.873671e-01
    outer loop
      vertex   2.786343e+01 6.698730e-02 3.613657e+01
      vertex   2.779020e+01 1.464466e-01 3.620980e+01
      vertex   2.713590e+01 6.698730e-02 3.525009e+01
    endloop
  endfacet
  facet normal -4.720082e-01 -7.919311e-01 3.873671e-01
    outer loop
      vertex   2.713590e+01 6.698730e-02 3.525009e+01
      vertex   2.779020e+01 1.464466e-01 3.620980e+01
      vertex   2.704980e+01 1.464466e-01 3.530762e+01
    endloop
  endfacet
  facet normal -5.385103e-01 -7.919311e-01 2.878397e-01
    outer loop
      vertex   2.713590e+01 6.698730e-02 3.525009e+01
      vertex   2.704980e+01 1.464466e-01 3.530762e+01
      vertex   2.659530e+01 6.698730e-02 3.423870e+01
    endloop
  endfacet
  facet normal -5.385103e-01 -7.919311e-01 2.878397e-01
    outer loop
      vertex   2.659530e+01 6.698730e-02 3.423870e+01
      vertex   2.704980e+01 1.464466e-01 3.530762e+01
      vertex   2.649963e+01 1.464466e-01 3.427833e+01
    endloop
  endfacet
  facet normal -5.843177e-01 -7.919311e-01 1.772508e-01
    outer loop
      vertex   2.659530e+01 6.698730e-02 3.423870e+01
      vertex   2.649963e+01 1.464466e-01 3.427833e+01
      vertex   2.626241e+01 6.698730e-02 3.314128e+01
    endloop
  endfacet
  facet normal -5.843177e-01 -7.919311e-01 1.772508e-01
    outer loop
      vertex   2.626241e+01 6.698730e-02 3.314128e+01
      vertex   2.649963e+01 1.464466e-01 3.427833e+01
      vertex   2.616084e+01 1.464466e-01 3.316148e+01
    endloop
  endfacet
  facet normal -6.076701e-01 -7.919311e-01 5.985029e-02
    outer loop
      vertex   2.626241e+01 6.698730e-02 3.314128e+01
      vertex   2.616084e+01 1.464466e-01 3.316148e+01
      vertex   2.615000e+01 6.698730e-02 3.200000e+01
    endloop
  endfacet
  facet normal -6.076701e-01 -7.919311e-01 5.985029e-02
    outer loop
      vertex   2.615000e+01 6.698730e-02 3.200000e+01
      vertex   2.616084e+01 1.464466e-01 3.316148e+01
      vertex   2.604645e+01 1.464466e-01 3.200000e+01
    endloop
  endfacet
  facet normal -6.076701e-01 -7.919311e-01 -5.985029e-02
    outer loop
      vertex   2.615000e+01 6.698730e-02 3.200000e+01
      vertex   2.604645e+01 1.464466e-01 3.200000e+01
      vertex   2.626241e+01 6.698730e-02 3.085872e+01
    endloop
  endfacet
  facet normal -6.076701e-01 -7.919311e-01 -5.985029e-02
    outer loop
      vertex   2.626241e+01 6.698730e-02 3.085872e+01
      vertex   2.604645e+01 1.464466e-01 3.200000e+01
      vertex   2.616084e+01 1.464466e-01 3.083852e+01
    endloop
  endfacet
  facet normal -5.843177e-01 -7.919311e-01 -1.772508e-01
    outer loop
      vertex   2.626241e+01 6.698730e-02 3.085872e+01
      vertex   2.616084e+01 1.464466e-01 3.083852e+01
      vertex   2.659530e+01 6.698730e-02 2.976130e+01
    endloop
  endfacet
  facet normal -5.843177e-01 -7.919311e-01 -1.772508e-01
    outer loop
      vertex   2.659530e+01 6.698730e-02 2.976130e+01
      vertex   2.616084e+01 1.464466e-01 3.083852e+01
      vertex   2.649963e+01 1.464466e-01 2.972167e+01
    endloop
  endfacet
  facet normal -5.385103e-01 -7.919311e-01 -2.878397e-01
    outer loop
      vertex   2.659530e+01 6.698730e-02 2.976130e+01
      vertex   2.649963e+01 1.464466e-01 2.972167e+01
      vertex   2.713590e+01 6.698730e-02 2.874991e+01
    endloop
  endfacet
  facet normal -5.385103e-01 -7.919311e-01 -2.878397e-01
    outer loop
      vertex   2.713590e+01 6.698730e-02 2.874991e+01
      vertex   2.649963e+01 1.464466e-01 2.972167e+01
      vertex   2.704980e+01 1.464466e-01 2.869238e+01
    endloop
  endfacet
  facet normal -7.777000e-02 -6.069177e-01 7.909505e-01
    outer loop
      vertex   3.200000e+01 1.464466e-01 3.795355e+01
      vertex   3.200000e+01 2.500000e-01 3.803301e+01
      vertex   3.084045e+01 1.464466e-01 3.783954e+01
    endloop
  endfacet
  facet normal -7.783691e-02 -6.066047e-01 7.911840e-01
    outer loop
      vertex   3.084045e+01 1.464466e-01 3.783954e+01
      vertex   3.200000e+01 2.500000e-01 3.803301e+01
      vertex   3.082432e+01 2.500000e-01 3.791735e+01
    endloop
  endfacet
  facet normal -2.302617e-01 -6.072323e-01 7.604265e-01
    outer loop
      vertex   3.084045e+01 1.464466e-01 3.783954e+01
      vertex   3.082432e+01 2.500000e-01 3.791735e+01
      vertex   2.972531e+01 1.464466e-01 3.750187e+01
    endloop
  endfacet
  facet normal -2.305949e-01 -6.062938e-01 7.610741e-01
    outer loop
      vertex   2.972531e+01 1.464466e-01 3.750187e+01
      vertex   3.082432e+01 2.500000e-01 3.791735e+01
      vertex   2.969372e+01 2.500000e-01 3.757479e+01
    endloop
  endfacet
  facet normal -3.741973e-01 -6.075308e-01 7.006302e-01
    outer loop
      vertex   2.972531e+01 1.464466e-01 3.750187e+01
      vertex   2.969372e+01 2.500000e-01 3.757479e+01
      vertex   2.869238e+01 1.464466e-01 3.695020e+01
    endloop
  endfacet
  facet normal -3.745004e-01 -6.069031e-01 7.010121e-01
    outer loop
      vertex   2.869238e+01 1.464466e-01 3.695020e+01
      vertex   2.969372e+01 2.500000e-01 3.757479e+01
      vertex   2.864824e+01 2.500000e-01 3.701627e+01
    endloop
  endfacet
  facet normal -5.041964e-01 -6.069115e-01 6.143651e-01
    outer loop
      vertex   2.869238e+01 1.464466e-01 3.695020e+01
      vertex   2.864824e+01 2.500000e-01 3.701627e+01
      vertex   2.779020e+01 1.464466e-01 3.620980e+01
    endloop
  endfacet
  facet normal -5.041964e-01 -6.069115e-01 6.143651e-01
    outer loop
      vertex   2.779020e+01 1.464466e-01 3.620980e+01
      vertex   2.864824e+01 2.500000e-01 3.701627e+01
      vertex   2.773402e+01 2.500000e-01 3.626598e+01
    endloop
  endfacet
  facet normal -6.143651e-01 -6.069115e-01 5.041964e-01
    outer loop
      vertex   2.779020e+01 1.464466e-01 3.620980e+01
      vertex   2.773402e+01 2.500000e-01 3.626598e+01
      vertex   2.704980e+01 1.464466e-01 3.530762e+01
    endloop
  endfacet
  facet normal -6.143651e-01 -6.069115e-01 5.041964e-01
    outer loop
      vertex   2.704980e+01 1.464466e-01 3.530762e+01
      vertex   2.773402e+01 2.500000e-01 3.626598e+01
      vertex   2.698373e+01 2.500000e-01 3.535176e+01
    endloop
  endfacet
  facet normal -7.009241e-01 -6.069115e-01 3.746517e-01
    outer loop
      vertex   2.704980e+01 1.464466e-01 3.530762e+01
      vertex   2.698373e+01 2.500000e-01 3.535176e+01
      vertex   2.649963e+01 1.464466e-01 3.427833e+01
    endloop
  endfacet
  facet normal -7.009241e-01 -6.069115e-01 3.746517e-01
    outer loop
      vertex   2.649963e+01 1.464466e-01 3.427833e+01
      vertex   2.698373e+01 2.500000e-01 3.535176e+01
      vertex   2.642622e+01 2.500000e-01 3.430873e+01
    endloop
  endfacet
  facet normal -7.605469e-01 -6.069115e-01 2.307094e-01
    outer loop
      vertex   2.649963e+01 1.464466e-01 3.427833e+01
      vertex   2.642622e+01 2.500000e-01 3.430873e+01
      vertex   2.616084e+01 1.464466e-01 3.316148e+01
    endloop
  endfacet
  facet normal -7.605469e-01 -6.069115e-01 2.307094e-01
    outer loop
      vertex   2.616084e+01 1.464466e-01 3.316148e+01
      vertex   2.642622e+01 2.500000e-01 3.430873e+01
      vertex   2.608291e+01 2.500000e-01 3.317698e+01
    endloop
  endfacet
  facet normal -7.909424e-01 -6.069115e-01 7.790103e-02
    outer loop
      vertex   2.616084e+01 1.464466e-01 3.316148e+01
      vertex   2.608291e+01 2.500000e-01 3.317698e+01
      vertex   2.604645e+01 1.464466e-01 3.200000e+01
    endloop
  endfacet
  facet normal -7.909424e-01 -6.069115e-01 7.790103e-02
    outer loop
      vertex   2.604645e+01 1.464466e-01 3.200000e+01
      vertex   2.608291e+01 2.500000e-01 3.317698e+01
      vertex   2.596699e+01 2.500000e-01 3.200000e+01
    endloop
  endfacet
  facet normal -7.909424e-01 -6.069115e-01 -7.790103e-02
    outer loop
      vertex   2.604645e+01 1.464466e-01 3.200000e+01
      vertex   2.596699e+01 2.500000e-01 3.200000e+01
      vertex   2.616084e+01 1.464466e-01 3.083852e+01
    endloop
  endfacet
  facet normal -7.909424e-01 -6.069115e-01 -7.790103e-02
    outer loop
      vertex   2.616084e+01 1.464466e-01 3.083852e+01
      vertex   2.596699e+01 2.500000e-01 3.200000e+01
      vertex   2.608291e+01 2.500000e-01 3.082302e+01
    endloop
  endfacet
  facet normal -7.605469e-01 -6.069115e-01 -2.307094e-01
    outer loop
      vertex   2.616084e+01 1.464466e-01 3.083852e+01
      vertex   2.608291e+01 2.500000e-01 3.082302e+01
      vertex   2.649963e+01 1.464466e-01 2.972167e+01
    endloop
  endfacet
  facet normal -7.605469e-01 -6.069115e-01 -2.307094e-01
    outer loop
      vertex   2.649963e+01 1.464466e-01 2.972167e+01
      vertex   2.608291e+01 2.500000e-01 3.082302e+01
      vertex   2.642622e+01 2.500000e-01 2.969127e+01
    endloop
  endfacet
  facet normal -7.009241e-01 -6.069115e-01 -3.746517e-01
    outer loop
      vertex   2.649963e+01 1.464466e-01 2.972167e+01
      vertex   2.642622e+01 2.500000e-01 2.969127e+01
      vertex   2.704980e+01 1.464466e-01 2.869238e+01
    endloop
  endfacet
  facet normal -7.009241e-01 -6.069115e-01 -3.746517e-01
    outer loop
      vertex   2.704980e+01 1.464466e-01 2.869238e+01
      vertex   2.642622e+01 2.500000e-01 2.969127e+01
      vertex   2.698373e+01 2.500000e-01 2.864824e+01
    endloop
  endfacet
  facet normal -9.051841e-02 -3.811124e-01 9.200868e-01
    outer loop
      vertex   3.200000e+01 2.500000e-01 3.803301e+01
      vertex   3.200000e+01 3.705905e-01 3.808296e+01
      vertex   3.082432e+01 2.500000e-01 3.791735e+01
    endloop
  endfacet
  facet normal -9.058630e-02 -3.806846e-01 9.202572e-01
    outer loop
      vertex   3.082432e+01 2.500000e-01 3.791735e+01
      vertex   3.200000e+01 3.705905e-01 3.808296e+01
      vertex   3.081393e+01 3.705905e-01 3.796621e+01
    endloop
  endfacet
  facet normal -2.680331e-01 -3.815416e-01 8.846379e-01
    outer loop
      vertex   3.082432e+01 2.500000e-01 3.791735e+01
      vertex   3.081393e+01 3.705905e-01 3.796621e+01
      vertex   2.969372e+01 2.500000e-01 3.757479e+01
    endloop
  endfacet
  facet normal -2.683324e-01 -3.802587e-01 8.850994e-01
    outer loop
      vertex   2.969372e+01 2.500000e-01 3.757479e+01
      vertex   3.081393e+01 3.705905e-01 3.796621e+01
      vertex   2.967339e+01 3.705905e-01 3.762044e+01
    endloop
  endfacet
  facet normal -4.354751e-01 -3.819623e-01 8.151480e-01
    outer loop
      vertex   2.969372e+01 2.500000e-01 3.757479e+01
      vertex   2.967339e+01 3.705905e-01 3.762044e+01
      vertex   2.864824e+01 2.500000e-01 3.701627e+01
    endloop
  endfacet
  facet normal -4.357315e-01 -3.811054e-01 8.154120e-01
    outer loop
      vertex   2.864824e+01 2.500000e-01 3.701627e+01
      vertex   2.967339e+01 3.705905e-01 3.762044e+01
      vertex   2.862049e+01 3.705905e-01 3.705780e+01
    endloop
  endfacet
  facet normal -5.865157e-01 -3.811089e-01 7.146715e-01
    outer loop
      vertex   2.864824e+01 2.500000e-01 3.701627e+01
      vertex   2.862049e+01 3.705905e-01 3.705780e+01
      vertex   2.773402e+01 2.500000e-01 3.626598e+01
    endloop
  endfacet
  facet normal -5.865157e-01 -3.811089e-01 7.146715e-01
    outer loop
      vertex   2.773402e+01 2.500000e-01 3.626598e+01
      vertex   2.862049e+01 3.705905e-01 3.705780e+01
      vertex   2.769870e+01 3.705905e-01 3.630130e+01
    endloop
  endfacet
  facet normal -7.146715e-01 -3.811089e-01 5.865157e-01
    outer loop
      vertex   2.773402e+01 2.500000e-01 3.626598e+01
      vertex   2.769870e+01 3.705905e-01 3.630130e+01
      vertex   2.698373e+01 2.500000e-01 3.535176e+01
    endloop
  endfacet
  facet normal -7.146715e-01 -3.811089e-01 5.865157e-01
    outer loop
      vertex   2.698373e+01 2.500000e-01 3.535176e+01
      vertex   2.769870e+01 3.705905e-01 3.630130e+01
      vertex   2.694220e+01 3.705905e-01 3.537951e+01
    endloop
  endfacet
  facet normal -8.153628e-01 -3.811089e-01 4.358205e-01
    outer loop
      vertex   2.698373e+01 2.500000e-01 3.535176e+01
      vertex   2.694220e+01 3.705905e-01 3.537951e+01
      vertex   2.642622e+01 2.500000e-01 3.430873e+01
    endloop
  endfacet
  facet normal -8.153628e-01 -3.811089e-01 4.358205e-01
    outer loop
      vertex   2.642622e+01 2.500000e-01 3.430873e+01
      vertex   2.694220e+01 3.705905e-01 3.537951e+01
      vertex   2.638008e+01 3.705905e-01 3.432785e+01
    endloop
  endfacet
  facet normal -8.847202e-01 -3.811089e-01 2.683769e-01
    outer loop
      vertex   2.642622e+01 2.500000e-01 3.430873e+01
      vertex   2.638008e+01 3.705905e-01 3.432785e+01
      vertex   2.608291e+01 2.500000e-01 3.317698e+01
    endloop
  endfacet
  facet normal -8.847202e-01 -3.811089e-01 2.683769e-01
    outer loop
      vertex   2.608291e+01 2.500000e-01 3.317698e+01
      vertex   2.638008e+01 3.705905e-01 3.432785e+01
      vertex   2.603392e+01 3.705905e-01 3.318673e+01
    endloop
  endfacet
  facet normal -9.200783e-01 -3.811089e-01 9.061980e-02
    outer loop
      vertex   2.608291e+01 2.500000e-01 3.317698e+01
      vertex   2.603392e+01 3.705905e-01 3.318673e+01
      vertex   2.596699e+01 2.500000e-01 3.200000e+01
    endloop
  endfacet
  facet normal -9.200783e-01 -3.811089e-01 9.061980e-02
    outer loop
      vertex   2.596699e+01 2.500000e-01 3.200000e+01
      vertex   2.603392e+01 3.705905e-01 3.318673e+01
      vertex   2.591704e+01 3.705905e-01 3.200000e+01
    endloop
  endfacet
  facet normal -9.200783e-01 -3.811089e-01 -9.061980e-02
    outer loop
      vertex   2.596699e+01 2.500000e-01 3.200000e+01
      vertex   2.591704e+01 3.705905e-01 3.200000e+01
      vertex   2.608291e+01 2.500000e-01 3.082302e+01
    endloop
  endfacet
  facet normal -9.200783e-01 -3.811089e-01 -9.061980e-02
    outer loop
      vertex   2.608291e+01 2.500000e-01 3.082302e+01
      vertex   2.591704e+01 3.705905e-01 3.200000e+01
      vertex   2.603392e+01 3.705905e-01 3.081327e+01
    endloop
  endfacet
  facet normal -8.847202e-01 -3.811089e-01 -2.683769e-01
    outer loop
      vertex   2.608291e+01 2.500000e-01 3.082302e+01
      vertex   2.603392e+01 3.705905e-01 3.081327e+01
      vertex   2.642622e+01 2.500000e-01 2.969127e+01
    endloop
  endfacet
  facet normal -8.847202e-01 -3.811089e-01 -2.683769e-01
    outer loop
      vertex   2.642622e+01 2.500000e-01 2.969127e+01
      vertex   2.603392e+01 3.705905e-01 3.081327e+01
      vertex   2.638008e+01 3.705905e-01 2.967215e+01
    endloop
  endfacet
  facet normal -8.153628e-01 -3.811089e-01 -4.358205e-01
    outer loop
      vertex   2.642622e+01 2.500000e-01 2.969127e+01
      vertex   2.638008e+01 3.705905e-01 2.967215e+01
      vertex   2.698373e+01 2.500000e-01 2.864824e+01
    endloop
  endfacet
  facet normal -8.153628e-01 -3.811089e-01 -4.358205e-01
    outer loop
      vertex   2.698373e+01 2.500000e-01 2.864824e+01
      vertex   2.638008e+01 3.705905e-01 2.967215e+01
      vertex   2.694220e+01 3.705905e-01 2.862049e+01
    endloop
  endfacet
  facet normal -9.713224e-02 -1.299090e-01 9.867568e-01
    outer loop
      vertex   3.200000e+01 3.705905e-01 3.808296e+01
      vertex   3.200000e+01 5.000000e-01 3.810000e+01
      vertex   3.081393e+01 3.705905e-01 3.796621e+01
    endloop
  endfacet
  facet normal -9.719288e-02 -1.294143e-01 9.868158e-01
    outer loop
      vertex   3.081393e+01 3.705905e-01 3.796621e+01
      vertex   3.200000e+01 5.000000e-01 3.810000e+01
      vertex   3.080995e+01 5.000000e-01 3.798279e+01
    endloop
  endfacet
  facet normal -2.876493e-01 -1.304040e-01 9.488165e-01
    outer loop
      vertex   3.081393e+01 3.705905e-01 3.796621e+01
      vertex   3.080995e+01 5.000000e-01 3.798279e+01
      vertex   2.967339e+01 3.705905e-01 3.762044e+01
    endloop
  endfacet
  facet normal -2.878622e-01 -1.289207e-01 9.489546e-01
    outer loop
      vertex   2.967339e+01 3.705905e-01 3.762044e+01
      vertex   3.080995e+01 5.000000e-01 3.798279e+01
      vertex   2.966563e+01 5.000000e-01 3.763567e+01
    endloop
  endfacet
  facet normal -4.672445e-01 -1.308980e-01 8.743845e-01
    outer loop
      vertex   2.967339e+01 3.705905e-01 3.762044e+01
      vertex   2.966563e+01 5.000000e-01 3.763567e+01
      vertex   2.862049e+01 3.705905e-01 3.705780e+01
    endloop
  endfacet
  facet normal -4.674021e-01 -1.299083e-01 8.744479e-01
    outer loop
      vertex   2.862049e+01 3.705905e-01 3.705780e+01
      vertex   2.966563e+01 5.000000e-01 3.763567e+01
      vertex   2.861102e+01 5.000000e-01 3.707196e+01
    endloop
  endfacet
  facet normal -6.290174e-01 -1.299083e-01 7.664600e-01
    outer loop
      vertex   2.862049e+01 3.705905e-01 3.705780e+01
      vertex   2.861102e+01 5.000000e-01 3.707196e+01
      vertex   2.769870e+01 3.705905e-01 3.630130e+01
    endloop
  endfacet
  facet normal -6.290174e-01 -1.299083e-01 7.664600e-01
    outer loop
      vertex   2.769870e+01 3.705905e-01 3.630130e+01
      vertex   2.861102e+01 5.000000e-01 3.707196e+01
      vertex   2.768665e+01 5.000000e-01 3.631335e+01
    endloop
  endfacet
  facet normal -7.664600e-01 -1.299083e-01 6.290174e-01
    outer loop
      vertex   2.769870e+01 3.705905e-01 3.630130e+01
      vertex   2.768665e+01 5.000000e-01 3.631335e+01
      vertex   2.694220e+01 3.705905e-01 3.537951e+01
    endloop
  endfacet
  facet normal -7.664600e-01 -1.299083e-01 6.290174e-01
    outer loop
      vertex   2.694220e+01 3.705905e-01 3.537951e+01
      vertex   2.768665e+01 5.000000e-01 3.631335e+01
      vertex   2.692804e+01 5.000000e-01 3.538898e+01
    endloop
  endfacet
  facet normal -8.744479e-01 -1.299083e-01 4.674021e-01
    outer loop
      vertex   2.694220e+01 3.705905e-01 3.537951e+01
      vertex   2.692804e+01 5.000000e-01 3.538898e+01
      vertex   2.638008e+01 3.705905e-01 3.432785e+01
    endloop
  endfacet
  facet normal -8.744479e-01 -1.299083e-01 4.674021e-01
    outer loop
      vertex   2.638008e+01 3.705905e-01 3.432785e+01
      vertex   2.692804e+01 5.000000e-01 3.538898e+01
      vertex   2.636433e+01 5.000000e-01 3.433437e+01
    endloop
  endfacet
  facet normal -9.488312e-01 -1.299083e-01 2.878248e-01
    outer loop
      vertex   2.638008e+01 3.705905e-01 3.432785e+01
      vertex   2.636433e+01 5.000000e-01 3.433437e+01
      vertex   2.603392e+01 3.705905e-01 3.318673e+01
    endloop
  endfacet
  facet normal -9.488312e-01 -1.299083e-01 2.878248e-01
    outer loop
      vertex   2.603392e+01 3.705905e-01 3.318673e+01
      vertex   2.636433e+01 5.000000e-01 3.433437e+01
      vertex   2.601721e+01 5.000000e-01 3.319005e+01
    endloop
  endfacet
  facet normal -9.867515e-01 -1.299083e-01 9.718654e-02
    outer loop
      vertex   2.603392e+01 3.705905e-01 3.318673e+01
      vertex   2.601721e+01 5.000000e-01 3.319005e+01
      vertex   2.591704e+01 3.705905e-01 3.200000e+01
    endloop
  endfacet
  facet normal -9.867515e-01 -1.299083e-01 9.718654e-02
    outer loop
      vertex   2.591704e+01 3.705905e-01 3.200000e+01
      vertex   2.601721e+01 5.000000e-01 3.319005e+01
      vertex   2.590000e+01 5.000000e-01 3.200000e+01
    endloop
  endfacet
  facet normal -9.867515e-01 -1.299083e-01 -9.718654e-02
    outer loop
      vertex   2.591704e+01 3.705905e-01 3.200000e+01
      vertex   2.590000e+01 5.000000e-01 3.200000e+01
      vertex   2.603392e+01 3.705905e-01 3.081327e+01
    endloop
  endfacet
  facet normal -9.867515e-01 -1.299083e-01 -9.718654e-02
    outer loop
      vertex   2.603392e+01 3.705905e-01 3.081327e+01
      vertex   2.590000e+01 5.000000e-01 3.200000e+01
      vertex   2.601721e+01 5.000000e-01 3.080995e+01
    endloop
  endfacet
  facet normal -9.488312e-01 -1.299083e-01 -2.878248e-01
    outer loop
      vertex   2.603392e+01 3.705905e-01 3.081327e+01
      vertex   2.601721e+01 5.000000e-01 3.080995e+01
      vertex   2.638008e+01 3.705905e-01 2.967215e+01
    endloop
  endfacet
  facet normal -9.488312e-01 -1.299083e-01 -2.878248e-01
    outer loop
      vertex   2.638008e+01 3.705905e-01 2.967215e+01
      vertex   2.601721e+01 5.000000e-01 3.080995e+01
      vertex   2.636433e+01 5.000000e-01 2.966563e+01
    endloop
  endfacet
  facet normal -8.744479e-01 -1.299083e-01 -4.674021e-01
    outer loop
      vertex   2.638008e+01 3.705905e-01 2.967215e+01
      vertex   2.636433e+01 5.000000e-01 2.966563e+01
      vertex   2.694220e+01 3.705905e-01 2.862049e+01
    endloop
  endfacet
  facet normal -8.744479e-01 -1.299083e-01 -4.674021e-01
    outer loop
      vertex   2.694220e+01 3.705905e-01 2.862049e+01
      vertex   2.636433e+01 5.000000e-01 2.966563e+01
      vertex   2.692804e+01 5.000000e-01 2.861102e+01
    endloop
  endfacet
  facet normal 7.931559e-01 -1.305262e-01 -5.948669e-01
    outer loop
      vertex   1.058864e+02 3.705905e-01 9.543556e+00
      vertex   1.043507e+02 3.705905e-01 7.495937e+00
      vertex   1.059000e+02 5.000000e-01 9.533333e+00
    endloop
  endfacet
  facet normal 7.931559e-01 -1.305262e-01 -5.948669e-01
    outer loop
      vertex   1.059000e+02 5.000000e-01 9.533333e+00
      vertex   1.043507e+02 3.705905e-01 7.495937e+00
      vertex   1.028149e+02 3.705905e-01 5.448317e+00
    endloop
  endfacet
  facet normal 7.931559e-01 -1.305262e-01 -5.948669e-01
    outer loop
      vertex   1.059000e+02 5.000000e-01 9.533333e+00
      vertex   1.028149e+02 3.705905e-01 5.448317e+00
      vertex   1.012792e+02 3.705905e-01 3.400698e+00
    endloop
  endfacet
  facet normal 7.391036e-01 -3.826834e-01 -5.543277e-01
    outer loop
      vertex   1.012792e+02 3.705905e-01 3.400698e+00
      vertex   1.028149e+02 3.705905e-01 5.448317e+00
      vertex   1.012393e+02 2.500000e-01 3.430669e+00
    endloop
  endfacet
  facet normal 7.391036e-01 -3.826834e-01 -5.543277e-01
    outer loop
      vertex   1.012792e+02 3.705905e-01 3.400698e+00
      vertex   1.012393e+02 2.500000e-01 3.430669e+00
      vertex   9.970355e+01 2.500000e-01 1.383050e+00
    endloop
  endfacet
  facet normal 6.346827e-01 -6.087614e-01 -4.760120e-01
    outer loop
      vertex   9.970355e+01 2.500000e-01 1.383050e+00
      vertex   1.012393e+02 2.500000e-01 3.430669e+00
      vertex   9.963999e+01 1.464466e-01 1.430725e+00
    endloop
  endfacet
  facet normal 6.346827e-01 -6.087614e-01 -4.760120e-01
    outer loop
      vertex   9.970355e+01 2.500000e-01 1.383050e+00
      vertex   9.963999e+01 1.464466e-01 1.430725e+00
      vertex   9.810427e+01 1.464466e-01 -6.168939e-01
    endloop
  endfacet
  facet normal 4.870091e-01 -7.933533e-01 -3.652569e-01
    outer loop
      vertex   9.810427e+01 1.464466e-01 -6.168939e-01
      vertex   9.963999e+01 1.464466e-01 1.430725e+00
      vertex   9.802143e+01 6.698730e-02 -5.547619e-01
    endloop
  endfacet
  facet normal 4.870091e-01 -7.933533e-01 -3.652569e-01
    outer loop
      vertex   9.810427e+01 1.464466e-01 -6.168939e-01
      vertex   9.802143e+01 6.698730e-02 -5.547619e-01
      vertex   9.648571e+01 6.698730e-02 -2.602381e+00
    endloop
  endfacet
  facet normal 3.061467e-01 -9.238795e-01 -2.296101e-01
    outer loop
      vertex   9.648571e+01 6.698730e-02 -2.602381e+00
      vertex   9.802143e+01 6.698730e-02 -5.547619e-01
      vertex   9.638924e+01 1.703709e-02 -2.530027e+00
    endloop
  endfacet
  facet normal 3.061467e-01 -9.238795e-01 -2.296101e-01
    outer loop
      vertex   9.648571e+01 6.698730e-02 -2.602381e+00
      vertex   9.638924e+01 1.703709e-02 -2.530027e+00
      vertex   9.485353e+01 1.703709e-02 -4.577646e+00
    endloop
  endfacet
  facet normal 1.044210e-01 -9.914449e-01 -7.831572e-02
    outer loop
      vertex   9.485353e+01 1.703709e-02 -4.577646e+00
      vertex   9.638924e+01 1.703709e-02 -2.530027e+00
      vertex   9.475000e+01 0.000000e+00 -4.500000e+00
    endloop
  endfacet
  facet normal 1.044210e-01 -9.914449e-01 -7.831572e-02
    outer loop
      vertex   9.475000e+01 0.000000e+00 -4.500000e+00
      vertex   9.638924e+01 1.703709e-02 -2.530027e+00
      vertex   9.792496e+01 1.703709e-02 -4.824076e-01
    endloop
  endfacet
  facet normal 1.044210e-01 -9.914449e-01 -7.831572e-02
    outer loop
      vertex   9.475000e+01 0.000000e+00 -4.500000e+00
      vertex   9.792496e+01 1.703709e-02 -4.824076e-01
      vertex   9.946067e+01 1.703709e-02 1.565211e+00
    endloop
  endfacet
  facet normal 3.061467e-01 -9.238795e-01 -2.296101e-01
    outer loop
      vertex   9.946067e+01 1.703709e-02 1.565211e+00
      vertex   9.792496e+01 1.703709e-02 -4.824076e-01
      vertex   9.955714e+01 6.698730e-02 1.492857e+00
    endloop
  endfacet
  facet normal 3.061467e-01 -9.238795e-01 -2.296101e-01
    outer loop
      vertex   9.946067e+01 1.703709e-02 1.565211e+00
      vertex   9.955714e+01 6.698730e-02 1.492857e+00
      vertex   1.010929e+02 6.698730e-02 3.540476e+00
    endloop
  endfacet
  facet normal 4.870091e-01 -7.933533e-01 -3.652569e-01
    outer loop
      vertex   1.010929e+02 6.698730e-02 3.540476e+00
      vertex   9.955714e+01 6.698730e-02 1.492857e+00
      vertex   1.011757e+02 1.464466e-01 3.478344e+00
    endloop
  endfacet
  facet normal 4.870091e-01 -7.933533e-01 -3.652569e-01
    outer loop
      vertex   1.010929e+02 6.698730e-02 3.540476e+00
      vertex   1.011757e+02 1.464466e-01 3.478344e+00
      vertex   1.027114e+02 1.464466e-01 5.525963e+00
    endloop
  endfacet
  facet normal 6.346827e-01 -6.087614e-01 -4.760120e-01
    outer loop
      vertex   1.027114e+02 1.464466e-01 5.525963e+00
      vertex   1.011757e+02 1.464466e-01 3.478344e+00
      vertex   1.027750e+02 2.500000e-01 5.478288e+00
    endloop
  endfacet
  facet normal 6.346827e-01 -6.087614e-01 -4.760120e-01
    outer loop
      vertex   1.027114e+02 1.464466e-01 5.525963e+00
      vertex   1.027750e+02 2.500000e-01 5.478288e+00
      vertex   1.043107e+02 2.500000e-01 7.525907e+00
    endloop
  endfacet
  facet normal 7.391036e-01 -3.826834e-01 -5.543277e-01
    outer loop
      vertex   1.043107e+02 2.500000e-01 7.525907e+00
      vertex   1.027750e+02 2.500000e-01 5.478288e+00
      vertex   1.043507e+02 3.705905e-01 7.495937e+00
    endloop
  endfacet
  facet normal 7.391036e-01 -3.826834e-01 -5.543277e-01
    outer loop
      vertex   1.043107e+02 2.500000e-01 7.525907e+00
      vertex   1.043507e+02 3.705905e-01 7.495937e+00
      vertex   1.058864e+02 3.705905e-01 9.543556e+00
    endloop
  endfacet
  facet normal 7.391036e-01 -3.826834e-01 -5.543277e-01
    outer loop
      vertex   1.058864e+02 3.705905e-01 9.543556e+00
      vertex   1.058464e+02 2.500000e-01 9.573526e+00
      vertex   1.043107e+02 2.500000e-01 7.525907e+00
    endloop
  endfacet
  facet normal 6.346827e-01 -6.087614e-01 -4.760120e-01
    outer loop
      vertex   1.043107e+02 2.500000e-01 7.525907e+00
      vertex   1.058464e+02 2.500000e-01 9.573526e+00
      vertex   1.042471e+02 1.464466e-01 7.573582e+00
    endloop
  endfacet
  facet normal 6.346827e-01 -6.087614e-01 -4.760120e-01
    outer loop
      vertex   1.043107e+02 2.500000e-01 7.525907e+00
      vertex   1.042471e+02 1.464466e-01 7.573582e+00
      vertex   1.027114e+02 1.464466e-01 5.525963e+00
    endloop
  endfacet
  facet normal 4.870091e-01 -7.933533e-01 -3.652569e-01
    outer loop
      vertex   1.027114e+02 1.464466e-01 5.525963e+00
      vertex   1.042471e+02 1.464466e-01 7.573582e+00
      vertex   1.026286e+02 6.698730e-02 5.588095e+00
    endloop
  endfacet
  facet normal 4.870091e-01 -7.933533e-01 -3.652569e-01
    outer loop
      vertex   1.027114e+02 1.464466e-01 5.525963e+00
      vertex   1.026286e+02 6.698730e-02 5.588095e+00
      vertex   1.010929e+02 6.698730e-02 3.540476e+00
    endloop
  endfacet
  facet normal 3.061467e-01 -9.238795e-01 -2.296101e-01
    outer loop
      vertex   1.010929e+02 6.698730e-02 3.540476e+00
      vertex   1.026286e+02 6.698730e-02 5.588095e+00
      vertex   1.009964e+02 1.703709e-02 3.612830e+00
    endloop
  endfacet
  facet normal 3.061467e-01 -9.238795e-01 -2.296101e-01
    outer loop
      vertex   1.010929e+02 6.698730e-02 3.540476e+00
      vertex   1.009964e+02 1.703709e-02 3.612830e+00
      vertex   9.946067e+01 1.703709e-02 1.565211e+00
    endloop
  endfacet
  facet normal 1.044210e-01 -9.914449e-01 -7.831572e-02
    outer loop
      vertex   9.946067e+01 1.703709e-02 1.565211e+00
      vertex   1.009964e+02 1.703709e-02 3.612830e+00
      vertex   9.475000e+01 0.000000e+00 -4.500000e+00
    endloop
  endfacet
  facet normal 6.346827e-01 -6.087614e-01 -4.760120e-01
    outer loop
      vertex   1.058464e+02 2.500000e-01 9.573526e+00
      vertex   1.057828e+02 1.464466e-01 9.621201e+00
      vertex   1.042471e+02 1.464466e-01 7.573582e+00
    endloop
  endfacet
  facet normal 4.870091e-01 -7.933533e-01 -3.652569e-01
    outer loop
      vertex   1.042471e+02 1.464466e-01 7.573582e+00
      vertex   1.057828e+02 1.464466e-01 9.621201e+00
      vertex   1.041643e+02 6.698730e-02 7.635714e+00
    endloop
  endfacet
  facet normal 4.870091e-01 -7.933533e-01 -3.652569e-01
    outer loop
      vertex   1.042471e+02 1.464466e-01 7.573582e+00
      vertex   1.041643e+02 6.698730e-02 7.635714e+00
      vertex   1.026286e+02 6.698730e-02 5.588095e+00
    endloop
  endfacet
  facet normal 3.061467e-01 -9.238795e-01 -2.296101e-01
    outer loop
      vertex   1.026286e+02 6.698730e-02 5.588095e+00
      vertex   1.041643e+02 6.698730e-02 7.635714e+00
      vertex   1.025321e+02 1.703709e-02 5.660450e+00
    endloop
  endfacet
  facet normal 3.061467e-01 -9.238795e-01 -2.296101e-01
    outer loop
      vertex   1.026286e+02 6.698730e-02 5.588095e+00
      vertex   1.025321e+02 1.703709e-02 5.660450e+00
      vertex   1.009964e+02 1.703709e-02 3.612830e+00
    endloop
  endfacet
  facet normal 1.044210e-01 -9.914449e-01 -7.831572e-02
    outer loop
      vertex   1.009964e+02 1.703709e-02 3.612830e+00
      vertex   1.025321e+02 1.703709e-02 5.660450e+00
      vertex   1.055000e+02 0.000000e+00 9.833333e+00
    endloop
  endfacet
  facet normal 1.044210e-01 -9.914449e-01 -7.831572e-02
    outer loop
      vertex   1.009964e+02 1.703709e-02 3.612830e+00
      vertex   1.055000e+02 0.000000e+00 9.833333e+00
      vertex   9.475000e+01 0.000000e+00 -4.500000e+00
    endloop
  endfacet
  facet normal 4.870091e-01 -7.933533e-01 -3.652569e-01
    outer loop
      vertex   1.057828e+02 1.464466e-01 9.621201e+00
      vertex   1.057000e+02 6.698730e-02 9.683333e+00
      vertex   1.041643e+02 6.698730e-02 7.635714e+00
    endloop
  endfacet
  facet normal 3.061467e-01 -9.238795e-01 -2.296101e-01
    outer loop
      vertex   1.041643e+02 6.698730e-02 7.635714e+00
      vertex   1.057000e+02 6.698730e-02 9.683333e+00
      vertex   1.040678e+02 1.703709e-02 7.708069e+00
    endloop
  endfacet
  facet normal 3.061467e-01 -9.238795e-01 -2.296101e-01
    outer loop
      vertex   1.041643e+02 6.698730e-02 7.635714e+00
      vertex   1.040678e+02 1.703709e-02 7.708069e+00
      vertex   1.025321e+02 1.703709e-02 5.660450e+00
    endloop
  endfacet
  facet normal 1.044210e-01 -9.914449e-01 -7.831572e-02
    outer loop
      vertex   1.025321e+02 1.703709e-02 5.660450e+00
      vertex   1.040678e+02 1.703709e-02 7.708069e+00
      vertex   1.055000e+02 0.000000e+00 9.833333e+00
    endloop
  endfacet
  facet normal 3.061467e-01 -9.238795e-01 -2.296101e-01
    outer loop
      vertex   1.057000e+02 6.698730e-02 9.683333e+00
      vertex   1.056035e+02 1.703709e-02 9.755688e+00
      vertex   1.040678e+02 1.703709e-02 7.708069e+00
    endloop
  endfacet
  facet normal 1.044210e-01 -9.914449e-01 -7.831572e-02
    outer loop
      vertex   1.040678e+02 1.703709e-02 7.708069e+00
      vertex   1.056035e+02 1.703709e-02 9.755688e+00
      vertex   1.055000e+02 0.000000e+00 9.833333e+00
    endloop
  endfacet
  facet normal 3.061467e-01 -9.238795e-01 -2.296101e-01
    outer loop
      vertex   9.485353e+01 1.703709e-02 -4.577646e+00
      vertex   9.495000e+01 6.698730e-02 -4.650000e+00
      vertex   9.648571e+01 6.698730e-02 -2.602381e+00
    endloop
  endfacet
  facet normal 4.870091e-01 -7.933533e-01 -3.652569e-01
    outer loop
      vertex   9.648571e+01 6.698730e-02 -2.602381e+00
      vertex   9.495000e+01 6.698730e-02 -4.650000e+00
      vertex   9.656856e+01 1.464466e-01 -2.664513e+00
    endloop
  endfacet
  facet normal 4.870091e-01 -7.933533e-01 -3.652569e-01
    outer loop
      vertex   9.648571e+01 6.698730e-02 -2.602381e+00
      vertex   9.656856e+01 1.464466e-01 -2.664513e+00
      vertex   9.810427e+01 1.464466e-01 -6.168939e-01
    endloop
  endfacet
  facet normal 6.346827e-01 -6.087614e-01 -4.760120e-01
    outer loop
      vertex   9.810427e+01 1.464466e-01 -6.168939e-01
      vertex   9.656856e+01 1.464466e-01 -2.664513e+00
      vertex   9.816784e+01 2.500000e-01 -6.645695e-01
    endloop
  endfacet
  facet normal 6.346827e-01 -6.087614e-01 -4.760120e-01
    outer loop
      vertex   9.810427e+01 1.464466e-01 -6.168939e-01
      vertex   9.816784e+01 2.500000e-01 -6.645695e-01
      vertex   9.970355e+01 2.500000e-01 1.383050e+00
    endloop
  endfacet
  facet normal 7.391036e-01 -3.826834e-01 -5.543277e-01
    outer loop
      vertex   9.970355e+01 2.500000e-01 1.383050e+00
      vertex   9.816784e+01 2.500000e-01 -6.645695e-01
      vertex   9.974351e+01 3.705905e-01 1.353079e+00
    endloop
  endfacet
  facet normal 7.391036e-01 -3.826834e-01 -5.543277e-01
    outer loop
      vertex   9.970355e+01 2.500000e-01 1.383050e+00
      vertex   9.974351e+01 3.705905e-01 1.353079e+00
      vertex   1.012792e+02 3.705905e-01 3.400698e+00
    endloop
  endfacet
  facet normal 7.931559e-01 -1.305262e-01 -5.948669e-01
    outer loop
      vertex   1.012792e+02 3.705905e-01 3.400698e+00
      vertex   9.974351e+01 3.705905e-01 1.353079e+00
      vertex   1.059000e+02 5.000000e-01 9.533333e+00
    endloop
  endfacet
  facet normal 4.870091e-01 -7.933533e-01 -3.652569e-01
    outer loop
      vertex   9.495000e+01 6.698730e-02 -4.650000e+00
      vertex   9.503284e+01 1.464466e-01 -4.712132e+00
      vertex   9.656856e+01 1.464466e-01 -2.664513e+00
    endloop
  endfacet
  facet normal 6.346827e-01 -6.087614e-01 -4.760120e-01
    outer loop
      vertex   9.656856e+01 1.464466e-01 -2.664513e+00
      vertex   9.503284e+01 1.464466e-01 -4.712132e+00
      vertex   9.663212e+01 2.500000e-01 -2.712189e+00
    endloop
  endfacet
  facet normal 6.346827e-01 -6.087614e-01 -4.760120e-01
    outer loop
      vertex   9.656856e+01 1.464466e-01 -2.664513e+00
      vertex   9.663212e+01 2.500000e-01 -2.712189e+00
      vertex   9.816784e+01 2.500000e-01 -6.645695e-01
    endloop
  endfacet
  facet normal 7.391036e-01 -3.826834e-01 -5.543277e-01
    outer loop
      vertex   9.816784e+01 2.500000e-01 -6.645695e-01
      vertex   9.663212e+01 2.500000e-01 -2.712189e+00
      vertex   9.820780e+01 3.705905e-01 -6.945397e-01
    endloop
  endfacet
  facet normal 7.391036e-01 -3.826834e-01 -5.543277e-01
    outer loop
      vertex   9.816784e+01 2.500000e-01 -6.645695e-01
      vertex   9.820780e+01 3.705905e-01 -6.945397e-01
      vertex   9.974351e+01 3.705905e-01 1.353079e+00
    endloop
  endfacet
  facet normal 7.931559e-01 -1.305262e-01 -5.948669e-01
    outer loop
      vertex   9.974351e+01 3.705905e-01 1.353079e+00
      vertex   9.820780e+01 3.705905e-01 -6.945397e-01
      vertex   9.515000e+01 5.000000e-01 -4.800000e+00
    endloop
  endfacet
  facet normal 7.931559e-01 -1.305262e-01 -5.948669e-01
    outer loop
      vertex   9.974351e+01 3.705905e-01 1.353079e+00
      vertex   9.515000e+01 5.000000e-01 -4.800000e+00
      vertex   1.059000e+02 5.000000e-01 9.533333e+00
    endloop
  endfacet
  facet normal 6.346827e-01 -6.087614e-01 -4.760120e-01
    outer loop
      vertex   9.503284e+01 1.464466e-01 -4.712132e+00
      vertex   9.509641e+01 2.500000e-01 -4.759808e+00
      vertex   9.663212e+01 2.500000e-01 -2.712189e+00
    endloop
  endfacet
  facet normal 7.391036e-01 -3.826834e-01 -5.543277e-01
    outer loop
      vertex   9.663212e+01 2.500000e-01 -2.712189e+00
      vertex   9.509641e+01 2.500000e-01 -4.759808e+00
      vertex   9.667208e+01 3.705905e-01 -2.742159e+00
    endloop
  endfacet
  facet normal 7.391036e-01 -3.826834e-01 -5.543277e-01
    outer loop
      vertex   9.663212e+01 2.500000e-01 -2.712189e+00
      vertex   9.667208e+01 3.705905e-01 -2.742159e+00
      vertex   9.820780e+01 3.705905e-01 -6.945397e-01
    endloop
  endfacet
  facet normal 7.931559e-01 -1.305262e-01 -5.948669e-01
    outer loop
      vertex   9.820780e+01 3.705905e-01 -6.945397e-01
      vertex   9.667208e+01 3.705905e-01 -2.742159e+00
      vertex   9.515000e+01 5.000000e-01 -4.800000e+00
    endloop
  endfacet
  facet normal 7.391036e-01 -3.826834e-01 -5.543277e-01
    outer loop
      vertex   9.509641e+01 2.500000e-01 -4.759808e+00
      vertex   9.513637e+01 3.705905e-01 -4.789778e+00
      vertex   9.667208e+01 3.705905e-01 -2.742159e+00
    endloop
  endfacet
  facet normal 7.931559e-01 -1.305262e-01 -5.948669e-01
    outer loop
      vertex   9.667208e+01 3.705905e-01 -2.742159e+00
      vertex   9.513637e+01 3.705905e-01 -4.789778e+00
      vertex   9.515000e+01 5.000000e-01 -4.800000e+00
    endloop
  endfacet
  facet normal 7.391036e-01 -3.826834e-01 -5.543277e-01
    outer loop
      vertex   1.012393e+02 2.500000e-01 3.430669e+00
      vertex   1.028149e+02 3.705905e-01 5.448317e+00
      vertex   1.027750e+02 2.500000e-01 5.478288e+00
    endloop
  endfacet
  facet normal 7.391036e-01 -3.826834e-01 -5.543277e-01
    outer loop
      vertex   1.027750e+02 2.500000e-01 5.478288e+00
      vertex   1.028149e+02 3.705905e-01 5.448317e+00
      vertex   1.043507e+02 3.705905e-01 7.495937e+00
    endloop
  endfacet
  facet normal 6.346827e-01 -6.087614e-01 -4.760120e-01
    outer loop
      vertex   9.963999e+01 1.464466e-01 1.430725e+00
      vertex   1.012393e+02 2.500000e-01 3.430669e+00
      vertex   1.011757e+02 1.464466e-01 3.478344e+00
    endloop
  endfacet
  facet normal 6.346827e-01 -6.087614e-01 -4.760120e-01
    outer loop
      vertex   1.011757e+02 1.464466e-01 3.478344e+00
      vertex   1.012393e+02 2.500000e-01 3.430669e+00
      vertex   1.027750e+02 2.500000e-01 5.478288e+00
    endloop
  endfacet
  facet normal 4.870091e-01 -7.933533e-01 -3.652569e-01
    outer loop
      vertex   9.802143e+01 6.698730e-02 -5.547619e-01
      vertex   9.963999e+01 1.464466e-01 1.430725e+00
      vertex   9.955714e+01 6.698730e-02 1.492857e+00
    endloop
  endfacet
  facet normal 4.870091e-01 -7.933533e-01 -3.652569e-01
    outer loop
      vertex   9.955714e+01 6.698730e-02 1.492857e+00
      vertex   9.963999e+01 1.464466e-01 1.430725e+00
      vertex   1.011757e+02 1.464466e-01 3.478344e+00
    endloop
  endfacet
  facet normal 3.061467e-01 -9.238795e-01 -2.296101e-01
    outer loop
      vertex   9.638924e+01 1.703709e-02 -2.530027e+00
      vertex   9.802143e+01 6.698730e-02 -5.547619e-01
      vertex   9.792496e+01 1.703709e-02 -4.824076e-01
    endloop
  endfacet
  facet normal 3.061467e-01 -9.238795e-01 -2.296101e-01
    outer loop
      vertex   9.792496e+01 1.703709e-02 -4.824076e-01
      vertex   9.802143e+01 6.698730e-02 -5.547619e-01
      vertex   9.955714e+01 6.698730e-02 1.492857e+00
    endloop
  endfacet
  facet normal -7.549143e-01 -1.302811e-01 -6.427529e-01
    outer loop
      vertex   1.291000e+02 5.000000e-01 9.533333e+00
      vertex   1.291136e+02 3.705905e-01 9.543556e+00
      vertex   1.279385e+02 5.000000e-01 1.089749e+01
    endloop
  endfacet
  facet normal -7.549143e-01 -1.302811e-01 -6.427529e-01
    outer loop
      vertex   1.279385e+02 5.000000e-01 1.089749e+01
      vertex   1.291136e+02 3.705905e-01 9.543556e+00
      vertex   1.279508e+02 3.705905e-01 1.090931e+01
    endloop
  endfacet
  facet normal -6.698843e-01 -1.302811e-01 -7.309459e-01
    outer loop
      vertex   1.279385e+02 5.000000e-01 1.089749e+01
      vertex   1.279508e+02 3.705905e-01 1.090931e+01
      vertex   1.266177e+02 5.000000e-01 1.210799e+01
    endloop
  endfacet
  facet normal -6.698843e-01 -1.302811e-01 -7.309459e-01
    outer loop
      vertex   1.266177e+02 5.000000e-01 1.210799e+01
      vertex   1.279508e+02 3.705905e-01 1.090931e+01
      vertex   1.266284e+02 3.705905e-01 1.212123e+01
    endloop
  endfacet
  facet normal -5.746271e-01 -1.302811e-01 -8.079793e-01
    outer loop
      vertex   1.266177e+02 5.000000e-01 1.210799e+01
      vertex   1.266284e+02 3.705905e-01 1.212123e+01
      vertex   1.251576e+02 5.000000e-01 1.314636e+01
    endloop
  endfacet
  facet normal -5.746271e-01 -1.302811e-01 -8.079793e-01
    outer loop
      vertex   1.251576e+02 5.000000e-01 1.314636e+01
      vertex   1.266284e+02 3.705905e-01 1.212123e+01
      vertex   1.251666e+02 3.705905e-01 1.316082e+01
    endloop
  endfacet
  facet normal -4.705968e-01 -1.302811e-01 -8.726772e-01
    outer loop
      vertex   1.251576e+02 5.000000e-01 1.314636e+01
      vertex   1.251666e+02 3.705905e-01 1.316082e+01
      vertex   1.235807e+02 5.000000e-01 1.399674e+01
    endloop
  endfacet
  facet normal -4.705968e-01 -1.302811e-01 -8.726772e-01
    outer loop
      vertex   1.235807e+02 5.000000e-01 1.399674e+01
      vertex   1.251666e+02 3.705905e-01 1.316082e+01
      vertex   1.235878e+02 3.705905e-01 1.401221e+01
    endloop
  endfacet
  facet normal -3.593819e-01 -1.302811e-01 -9.240517e-01
    outer loop
      vertex   1.235807e+02 5.000000e-01 1.399674e+01
      vertex   1.235878e+02 3.705905e-01 1.401221e+01
      vertex   1.219109e+02 5.000000e-01 1.464615e+01
    endloop
  endfacet
  facet normal -3.593819e-01 -1.302811e-01 -9.240517e-01
    outer loop
      vertex   1.219109e+02 5.000000e-01 1.464615e+01
      vertex   1.235878e+02 3.705905e-01 1.401221e+01
      vertex   1.219161e+02 3.705905e-01 1.466238e+01
    endloop
  endfacet
  facet normal -2.426802e-01 -1.302811e-01 -9.613184e-01
    outer loop
      vertex   1.219109e+02 5.000000e-01 1.464615e+01
      vertex   1.219161e+02 3.705905e-01 1.466238e+01
      vertex   1.201738e+02 5.000000e-01 1.508468e+01
    endloop
  endfacet
  facet normal -2.426802e-01 -1.302811e-01 -9.613184e-01
    outer loop
      vertex   1.201738e+02 5.000000e-01 1.508468e+01
      vertex   1.219161e+02 3.705905e-01 1.466238e+01
      vertex   1.201769e+02 3.705905e-01 1.510143e+01
    endloop
  endfacet
  facet normal -1.222735e-01 -1.302811e-01 -9.839085e-01
    outer loop
      vertex   1.201738e+02 5.000000e-01 1.508468e+01
      vertex   1.201769e+02 3.705905e-01 1.510143e+01
      vertex   1.183958e+02 5.000000e-01 1.530564e+01
    endloop
  endfacet
  facet normal -1.222735e-01 -1.302811e-01 -9.839085e-01
    outer loop
      vertex   1.183958e+02 5.000000e-01 1.530564e+01
      vertex   1.201769e+02 3.705905e-01 1.510143e+01
      vertex   1.183969e+02 3.705905e-01 1.532264e+01
    endloop
  endfacet
  facet normal -0.000000e+00 -1.302811e-01 -9.914771e-01
    outer loop
      vertex   1.183958e+02 5.000000e-01 1.530564e+01
      vertex   1.183969e+02 3.705905e-01 1.532264e+01
      vertex   1.166042e+02 5.000000e-01 1.530564e+01
    endloop
  endfacet
  facet normal 0.000000e+00 -1.302811e-01 -9.914771e-01
    outer loop
      vertex   1.166042e+02 5.000000e-01 1.530564e+01
      vertex   1.183969e+02 3.705905e-01 1.532264e+01
      vertex   1.166031e+02 3.705905e-01 1.532264e+01
    endloop
  endfacet
  facet normal 1.222735e-01 -1.302811e-01 -9.839085e-01
    outer loop
      vertex   1.166042e+02 5.000000e-01 1.530564e+01
      vertex   1.166031e+02 3.705905e-01 1.532264e+01
      vertex   1.148262e+02 5.000000e-01 1.508468e+01
    endloop
  endfacet
  facet normal 1.222735e-01 -1.302811e-01 -9.839085e-01
    outer loop
      vertex   1.148262e+02 5.000000e-01 1.508468e+01
      vertex   1.166031e+02 3.705905e-01 1.532264e+01
      vertex   1.148231e+02 3.705905e-01 1.510143e+01
    endloop
  endfacet
  facet normal 2.426802e-01 -1.302811e-01 -9.613184e-01
    outer loop
      vertex   1.148262e+02 5.000000e-01 1.508468e+01
      vertex   1.148231e+02 3.705905e-01 1.510143e+01
      vertex   1.130891e+02 5.000000e-01 1.464615e+01
    endloop
  endfacet
  facet normal 2.426802e-01 -1.302811e-01 -9.613184e-01
    outer loop
      vertex   1.130891e+02 5.000000e-01 1.464615e+01
      vertex   1.148231e+02 3.705905e-01 1.510143e+01
      vertex   1.130839e+02 3.705905e-01 1.466238e+01
    endloop
  endfacet
  facet normal 3.593819e-01 -1.302811e-01 -9.240517e-01
    outer loop
      vertex   1.130891e+02 5.000000e-01 1.464615e+01
      vertex   1.130839e+02 3.705905e-01 1.466238e+01
      vertex   1.114193e+02 5.000000e-01 1.399674e+01
    endloop
  endfacet
  facet normal 3.593819e-01 -1.302811e-01 -9.240517e-01
    outer loop
      vertex   1.114193e+02 5.000000e-01 1.399674e+01
      vertex   1.130839e+02 3.705905e-01 1.466238e+01
      vertex   1.114122e+02 3.705905e-01 1.401221e+01
    endloop
  endfacet
  facet normal 4.705968e-01 -1.302811e-01 -8.726772e-01
    outer loop
      vertex   1.114193e+02 5.000000e-01 1.399674e+01
      vertex   1.114122e+02 3.705905e-01 1.401221e+01
      vertex   1.098424e+02 5.000000e-01 1.314636e+01
    endloop
  endfacet
  facet normal 4.705968e-01 -1.302811e-01 -8.726772e-01
    outer loop
      vertex   1.098424e+02 5.000000e-01 1.314636e+01
      vertex   1.114122e+02 3.705905e-01 1.401221e+01
      vertex   1.098334e+02 3.705905e-01 1.316082e+01
    endloop
  endfacet
  facet normal 5.746271e-01 -1.302811e-01 -8.079793e-01
    outer loop
      vertex   1.098424e+02 5.000000e-01 1.314636e+01
      vertex   1.098334e+02 3.705905e-01 1.316082e+01
      vertex   1.083823e+02 5.000000e-01 1.210799e+01
    endloop
  endfacet
  facet normal 5.746271e-01 -1.302811e-01 -8.079793e-01
    outer loop
      vertex   1.083823e+02 5.000000e-01 1.210799e+01
      vertex   1.098334e+02 3.705905e-01 1.316082e+01
      vertex   1.083716e+02 3.705905e-01 1.212123e+01
    endloop
  endfacet
  facet normal 6.698843e-01 -1.302811e-01 -7.309459e-01
    outer loop
      vertex   1.083823e+02 5.000000e-01 1.210799e+01
      vertex   1.083716e+02 3.705905e-01 1.212123e+01
      vertex   1.070615e+02 5.000000e-01 1.089749e+01
    endloop
  endfacet
  facet normal 6.698843e-01 -1.302811e-01 -7.309459e-01
    outer loop
      vertex   1.070615e+02 5.000000e-01 1.089749e+01
      vertex   1.083716e+02 3.705905e-01 1.212123e+01
      vertex   1.070492e+02 3.705905e-01 1.090931e+01
    endloop
  endfacet
  facet normal 7.549143e-01 -1.302811e-01 -6.427529e-01
    outer loop
      vertex   1.070615e+02 5.000000e-01 1.089749e+01
      vertex   1.070492e+02 3.705905e-01 1.090931e+01
      vertex   1.059000e+02 5.000000e-01 9.533333e+00
    endloop
  endfacet
  facet normal 7.549143e-01 -1.302811e-01 -6.427529e-01
    outer loop
      vertex   1.059000e+02 5.000000e-01 9.533333e+00
      vertex   1.070492e+02 3.705905e-01 1.090931e+01
      vertex   1.058864e+02 3.705905e-01 9.543556e+00
    endloop
  endfacet
  facet normal 7.036419e-01 -3.820592e-01 -5.990983e-01
    outer loop
      vertex   1.058864e+02 3.705905e-01 9.543556e+00
      vertex   1.070492e+02 3.705905e-01 1.090931e+01
      vertex   1.070132e+02 2.500000e-01 1.094398e+01
    endloop
  endfacet
  facet normal 7.036419e-01 -3.820592e-01 -5.990983e-01
    outer loop
      vertex   1.058864e+02 3.705905e-01 9.543556e+00
      vertex   1.070132e+02 2.500000e-01 1.094398e+01
      vertex   1.058464e+02 2.500000e-01 9.573526e+00
    endloop
  endfacet
  facet normal 6.044898e-01 -6.080287e-01 -5.146777e-01
    outer loop
      vertex   1.058464e+02 2.500000e-01 9.573526e+00
      vertex   1.070132e+02 2.500000e-01 1.094398e+01
      vertex   1.069560e+02 1.464466e-01 1.099913e+01
    endloop
  endfacet
  facet normal 6.044898e-01 -6.080287e-01 -5.146777e-01
    outer loop
      vertex   1.058464e+02 2.500000e-01 9.573526e+00
      vertex   1.069560e+02 1.464466e-01 1.099913e+01
      vertex   1.057828e+02 1.464466e-01 9.621201e+00
    endloop
  endfacet
  facet normal 4.640709e-01 -7.927907e-01 -3.951216e-01
    outer loop
      vertex   1.057828e+02 1.464466e-01 9.621201e+00
      vertex   1.069560e+02 1.464466e-01 1.099913e+01
      vertex   1.068815e+02 6.698730e-02 1.107101e+01
    endloop
  endfacet
  facet normal 4.640709e-01 -7.927907e-01 -3.951216e-01
    outer loop
      vertex   1.057828e+02 1.464466e-01 9.621201e+00
      vertex   1.068815e+02 6.698730e-02 1.107101e+01
      vertex   1.057000e+02 6.698730e-02 9.683333e+00
    endloop
  endfacet
  facet normal 2.918523e-01 -9.236204e-01 -2.484904e-01
    outer loop
      vertex   1.057000e+02 6.698730e-02 9.683333e+00
      vertex   1.068815e+02 6.698730e-02 1.107101e+01
      vertex   1.067947e+02 1.703709e-02 1.115471e+01
    endloop
  endfacet
  facet normal 2.918523e-01 -9.236204e-01 -2.484904e-01
    outer loop
      vertex   1.057000e+02 6.698730e-02 9.683333e+00
      vertex   1.067947e+02 1.703709e-02 1.115471e+01
      vertex   1.056035e+02 1.703709e-02 9.755688e+00
    endloop
  endfacet
  facet normal 9.957007e-02 -9.914125e-01 -8.477645e-02
    outer loop
      vertex   1.056035e+02 1.703709e-02 9.755688e+00
      vertex   1.067947e+02 1.703709e-02 1.115471e+01
      vertex   1.067015e+02 0.000000e+00 1.124453e+01
    endloop
  endfacet
  facet normal 9.957007e-02 -9.914125e-01 -8.477645e-02
    outer loop
      vertex   1.056035e+02 1.703709e-02 9.755688e+00
      vertex   1.067015e+02 0.000000e+00 1.124453e+01
      vertex   1.055000e+02 0.000000e+00 9.833333e+00
    endloop
  endfacet
  facet normal -7.036419e-01 -3.820592e-01 -5.990983e-01
    outer loop
      vertex   1.291136e+02 3.705905e-01 9.543556e+00
      vertex   1.291536e+02 2.500000e-01 9.573526e+00
      vertex   1.279508e+02 3.705905e-01 1.090931e+01
    endloop
  endfacet
  facet normal -7.036419e-01 -3.820592e-01 -5.990983e-01
    outer loop
      vertex   1.279508e+02 3.705905e-01 1.090931e+01
      vertex   1.291536e+02 2.500000e-01 9.573526e+00
      vertex   1.279868e+02 2.500000e-01 1.094398e+01
    endloop
  endfacet
  facet normal -6.243870e-01 -3.820592e-01 -6.813014e-01
    outer loop
      vertex   1.279508e+02 3.705905e-01 1.090931e+01
      vertex   1.279868e+02 2.500000e-01 1.094398e+01
      vertex   1.266284e+02 3.705905e-01 1.212123e+01
    endloop
  endfacet
  facet normal -6.243870e-01 -3.820592e-01 -6.813014e-01
    outer loop
      vertex   1.266284e+02 3.705905e-01 1.212123e+01
      vertex   1.279868e+02 2.500000e-01 1.094398e+01
      vertex   1.266598e+02 2.500000e-01 1.216007e+01
    endloop
  endfacet
  facet normal -5.355995e-01 -3.820592e-01 -7.531029e-01
    outer loop
      vertex   1.266284e+02 3.705905e-01 1.212123e+01
      vertex   1.266598e+02 2.500000e-01 1.216007e+01
      vertex   1.251666e+02 3.705905e-01 1.316082e+01
    endloop
  endfacet
  facet normal -5.355995e-01 -3.820592e-01 -7.531029e-01
    outer loop
      vertex   1.251666e+02 3.705905e-01 1.316082e+01
      vertex   1.266598e+02 2.500000e-01 1.216007e+01
      vertex   1.251930e+02 2.500000e-01 1.320324e+01
    endloop
  endfacet
  facet normal -4.386348e-01 -3.820592e-01 -8.134066e-01
    outer loop
      vertex   1.251666e+02 3.705905e-01 1.316082e+01
      vertex   1.251930e+02 2.500000e-01 1.320324e+01
      vertex   1.235878e+02 3.705905e-01 1.401221e+01
    endloop
  endfacet
  facet normal -4.386348e-01 -3.820592e-01 -8.134066e-01
    outer loop
      vertex   1.235878e+02 3.705905e-01 1.401221e+01
      vertex   1.251930e+02 2.500000e-01 1.320324e+01
      vertex   1.236088e+02 2.500000e-01 1.405755e+01
    endloop
  endfacet
  facet normal -3.349734e-01 -3.820592e-01 -8.612918e-01
    outer loop
      vertex   1.235878e+02 3.705905e-01 1.401221e+01
      vertex   1.236088e+02 2.500000e-01 1.405755e+01
      vertex   1.219161e+02 3.705905e-01 1.466238e+01
    endloop
  endfacet
  facet normal -3.349734e-01 -3.820592e-01 -8.612918e-01
    outer loop
      vertex   1.219161e+02 3.705905e-01 1.466238e+01
      vertex   1.236088e+02 2.500000e-01 1.405755e+01
      vertex   1.219313e+02 2.500000e-01 1.470997e+01
    endloop
  endfacet
  facet normal -2.261979e-01 -3.820592e-01 -8.960275e-01
    outer loop
      vertex   1.219161e+02 3.705905e-01 1.466238e+01
      vertex   1.219313e+02 2.500000e-01 1.470997e+01
      vertex   1.201769e+02 3.705905e-01 1.510143e+01
    endloop
  endfacet
  facet normal -2.261979e-01 -3.820592e-01 -8.960275e-01
    outer loop
      vertex   1.201769e+02 3.705905e-01 1.510143e+01
      vertex   1.219313e+02 2.500000e-01 1.470997e+01
      vertex   1.201861e+02 2.500000e-01 1.515052e+01
    endloop
  endfacet
  facet normal -1.139689e-01 -3.820592e-01 -9.170833e-01
    outer loop
      vertex   1.201769e+02 3.705905e-01 1.510143e+01
      vertex   1.201861e+02 2.500000e-01 1.515052e+01
      vertex   1.183969e+02 3.705905e-01 1.532264e+01
    endloop
  endfacet
  facet normal -1.139689e-01 -3.820592e-01 -9.170833e-01
    outer loop
      vertex   1.183969e+02 3.705905e-01 1.532264e+01
      vertex   1.201861e+02 2.500000e-01 1.515052e+01
      vertex   1.184000e+02 2.500000e-01 1.537249e+01
    endloop
  endfacet
  facet normal -0.000000e+00 -3.820592e-01 -9.241378e-01
    outer loop
      vertex   1.183969e+02 3.705905e-01 1.532264e+01
      vertex   1.184000e+02 2.500000e-01 1.537249e+01
      vertex   1.166031e+02 3.705905e-01 1.532264e+01
    endloop
  endfacet
  facet normal 0.000000e+00 -3.820592e-01 -9.241378e-01
    outer loop
      vertex   1.166031e+02 3.705905e-01 1.532264e+01
      vertex   1.184000e+02 2.500000e-01 1.537249e+01
      vertex   1.166000e+02 2.500000e-01 1.537249e+01
    endloop
  endfacet
  facet normal 1.139689e-01 -3.820592e-01 -9.170833e-01
    outer loop
      vertex   1.166031e+02 3.705905e-01 1.532264e+01
      vertex   1.166000e+02 2.500000e-01 1.537249e+01
      vertex   1.148231e+02 3.705905e-01 1.510143e+01
    endloop
  endfacet
  facet normal 1.139689e-01 -3.820592e-01 -9.170833e-01
    outer loop
      vertex   1.148231e+02 3.705905e-01 1.510143e+01
      vertex   1.166000e+02 2.500000e-01 1.537249e+01
      vertex   1.148139e+02 2.500000e-01 1.515052e+01
    endloop
  endfacet
  facet normal 2.261979e-01 -3.820592e-01 -8.960275e-01
    outer loop
      vertex   1.148231e+02 3.705905e-01 1.510143e+01
      vertex   1.148139e+02 2.500000e-01 1.515052e+01
      vertex   1.130839e+02 3.705905e-01 1.466238e+01
    endloop
  endfacet
  facet normal 2.261979e-01 -3.820592e-01 -8.960275e-01
    outer loop
      vertex   1.130839e+02 3.705905e-01 1.466238e+01
      vertex   1.148139e+02 2.500000e-01 1.515052e+01
      vertex   1.130687e+02 2.500000e-01 1.470997e+01
    endloop
  endfacet
  facet normal 3.349734e-01 -3.820592e-01 -8.612918e-01
    outer loop
      vertex   1.130839e+02 3.705905e-01 1.466238e+01
      vertex   1.130687e+02 2.500000e-01 1.470997e+01
      vertex   1.114122e+02 3.705905e-01 1.401221e+01
    endloop
  endfacet
  facet normal 3.349734e-01 -3.820592e-01 -8.612918e-01
    outer loop
      vertex   1.114122e+02 3.705905e-01 1.401221e+01
      vertex   1.130687e+02 2.500000e-01 1.470997e+01
      vertex   1.113912e+02 2.500000e-01 1.405755e+01
    endloop
  endfacet
  facet normal 4.386348e-01 -3.820592e-01 -8.134066e-01
    outer loop
      vertex   1.114122e+02 3.705905e-01 1.401221e+01
      vertex   1.113912e+02 2.500000e-01 1.405755e+01
      vertex   1.098334e+02 3.705905e-01 1.316082e+01
    endloop
  endfacet
  facet normal 4.386348e-01 -3.820592e-01 -8.134066e-01
    outer loop
      vertex   1.098334e+02 3.705905e-01 1.316082e+01
      vertex   1.113912e+02 2.500000e-01 1.405755e+01
      vertex   1.098070e+02 2.500000e-01 1.320324e+01
    endloop
  endfacet
  facet normal 5.355995e-01 -3.820592e-01 -7.531029e-01
    outer loop
      vertex   1.098334e+02 3.705905e-01 1.316082e+01
      vertex   1.098070e+02 2.500000e-01 1.320324e+01
      vertex   1.083716e+02 3.705905e-01 1.212123e+01
    endloop
  endfacet
  facet normal 5.355995e-01 -3.820592e-01 -7.531029e-01
    outer loop
      vertex   1.083716e+02 3.705905e-01 1.212123e+01
      vertex   1.098070e+02 2.500000e-01 1.320324e+01
      vertex   1.083402e+02 2.500000e-01 1.216007e+01
    endloop
  endfacet
  facet normal 6.243870e-01 -3.820592e-01 -6.813014e-01
    outer loop
      vertex   1.083716e+02 3.705905e-01 1.212123e+01
      vertex   1.083402e+02 2.500000e-01 1.216007e+01
      vertex   1.070492e+02 3.705905e-01 1.090931e+01
    endloop
  endfacet
  facet normal 6.243870e-01 -3.820592e-01 -6.813014e-01
    outer loop
      vertex   1.070492e+02 3.705905e-01 1.090931e+01
      vertex   1.083402e+02 2.500000e-01 1.216007e+01
      vertex   1.070132e+02 2.500000e-01 1.094398e+01
    endloop
  endfacet
  facet normal -6.044898e-01 -6.080287e-01 -5.146777e-01
    outer loop
      vertex   1.291536e+02 2.500000e-01 9.573526e+00
      vertex   1.292172e+02 1.464466e-01 9.621201e+00
      vertex   1.279868e+02 2.500000e-01 1.094398e+01
    endloop
  endfacet
  facet normal -6.044898e-01 -6.080287e-01 -5.146777e-01
    outer loop
      vertex   1.279868e+02 2.500000e-01 1.094398e+01
      vertex   1.292172e+02 1.464466e-01 9.621201e+00
      vertex   1.280440e+02 1.464466e-01 1.099913e+01
    endloop
  endfacet
  facet normal -5.364029e-01 -6.080287e-01 -5.852973e-01
    outer loop
      vertex   1.279868e+02 2.500000e-01 1.094398e+01
      vertex   1.280440e+02 1.464466e-01 1.099913e+01
      vertex   1.266598e+02 2.500000e-01 1.216007e+01
    endloop
  endfacet
  facet normal -5.364029e-01 -6.080287e-01 -5.852973e-01
    outer loop
      vertex   1.266598e+02 2.500000e-01 1.216007e+01
      vertex   1.280440e+02 1.464466e-01 1.099913e+01
      vertex   1.267098e+02 1.464466e-01 1.222186e+01
    endloop
  endfacet
  facet normal -4.601267e-01 -6.080287e-01 -6.469811e-01
    outer loop
      vertex   1.266598e+02 2.500000e-01 1.216007e+01
      vertex   1.267098e+02 1.464466e-01 1.222186e+01
      vertex   1.251930e+02 2.500000e-01 1.320324e+01
    endloop
  endfacet
  facet normal -4.601267e-01 -6.080287e-01 -6.469811e-01
    outer loop
      vertex   1.251930e+02 2.500000e-01 1.320324e+01
      vertex   1.267098e+02 1.464466e-01 1.222186e+01
      vertex   1.252350e+02 1.464466e-01 1.327071e+01
    endloop
  endfacet
  facet normal -3.768256e-01 -6.080287e-01 -6.987872e-01
    outer loop
      vertex   1.251930e+02 2.500000e-01 1.320324e+01
      vertex   1.252350e+02 1.464466e-01 1.327071e+01
      vertex   1.236088e+02 2.500000e-01 1.405755e+01
    endloop
  endfacet
  facet normal -3.768256e-01 -6.080287e-01 -6.987872e-01
    outer loop
      vertex   1.236088e+02 2.500000e-01 1.405755e+01
      vertex   1.252350e+02 1.464466e-01 1.327071e+01
      vertex   1.236421e+02 1.464466e-01 1.412969e+01
    endloop
  endfacet
  facet normal -2.877714e-01 -6.080287e-01 -7.399248e-01
    outer loop
      vertex   1.236088e+02 2.500000e-01 1.405755e+01
      vertex   1.236421e+02 1.464466e-01 1.412969e+01
      vertex   1.219313e+02 2.500000e-01 1.470997e+01
    endloop
  endfacet
  facet normal -2.877714e-01 -6.080287e-01 -7.399248e-01
    outer loop
      vertex   1.219313e+02 2.500000e-01 1.470997e+01
      vertex   1.236421e+02 1.464466e-01 1.412969e+01
      vertex   1.219554e+02 1.464466e-01 1.478566e+01
    endloop
  endfacet
  facet normal -1.943237e-01 -6.080287e-01 -7.697658e-01
    outer loop
      vertex   1.219313e+02 2.500000e-01 1.470997e+01
      vertex   1.219554e+02 1.464466e-01 1.478566e+01
      vertex   1.201861e+02 2.500000e-01 1.515052e+01
    endloop
  endfacet
  facet normal -1.943237e-01 -6.080287e-01 -7.697658e-01
    outer loop
      vertex   1.201861e+02 2.500000e-01 1.515052e+01
      vertex   1.219554e+02 1.464466e-01 1.478566e+01
      vertex   1.202008e+02 1.464466e-01 1.522862e+01
    endloop
  endfacet
  facet normal -9.790925e-02 -6.080287e-01 -7.878546e-01
    outer loop
      vertex   1.201861e+02 2.500000e-01 1.515052e+01
      vertex   1.202008e+02 1.464466e-01 1.522862e+01
      vertex   1.184000e+02 2.500000e-01 1.537249e+01
    endloop
  endfacet
  facet normal -9.790925e-02 -6.080287e-01 -7.878546e-01
    outer loop
      vertex   1.184000e+02 2.500000e-01 1.537249e+01
      vertex   1.202008e+02 1.464466e-01 1.522862e+01
      vertex   1.184049e+02 1.464466e-01 1.545180e+01
    endloop
  endfacet
  facet normal -0.000000e+00 -6.080287e-01 -7.939150e-01
    outer loop
      vertex   1.184000e+02 2.500000e-01 1.537249e+01
      vertex   1.184049e+02 1.464466e-01 1.545180e+01
      vertex   1.166000e+02 2.500000e-01 1.537249e+01
    endloop
  endfacet
  facet normal 0.000000e+00 -6.080287e-01 -7.939150e-01
    outer loop
      vertex   1.166000e+02 2.500000e-01 1.537249e+01
      vertex   1.184049e+02 1.464466e-01 1.545180e+01
      vertex   1.165951e+02 1.464466e-01 1.545180e+01
    endloop
  endfacet
  facet normal 9.790925e-02 -6.080287e-01 -7.878546e-01
    outer loop
      vertex   1.166000e+02 2.500000e-01 1.537249e+01
      vertex   1.165951e+02 1.464466e-01 1.545180e+01
      vertex   1.148139e+02 2.500000e-01 1.515052e+01
    endloop
  endfacet
  facet normal 9.790925e-02 -6.080287e-01 -7.878546e-01
    outer loop
      vertex   1.148139e+02 2.500000e-01 1.515052e+01
      vertex   1.165951e+02 1.464466e-01 1.545180e+01
      vertex   1.147992e+02 1.464466e-01 1.522862e+01
    endloop
  endfacet
  facet normal 1.943237e-01 -6.080287e-01 -7.697658e-01
    outer loop
      vertex   1.148139e+02 2.500000e-01 1.515052e+01
      vertex   1.147992e+02 1.464466e-01 1.522862e+01
      vertex   1.130687e+02 2.500000e-01 1.470997e+01
    endloop
  endfacet
  facet normal 1.943237e-01 -6.080287e-01 -7.697658e-01
    outer loop
      vertex   1.130687e+02 2.500000e-01 1.470997e+01
      vertex   1.147992e+02 1.464466e-01 1.522862e+01
      vertex   1.130446e+02 1.464466e-01 1.478566e+01
    endloop
  endfacet
  facet normal 2.877714e-01 -6.080287e-01 -7.399248e-01
    outer loop
      vertex   1.130687e+02 2.500000e-01 1.470997e+01
      vertex   1.130446e+02 1.464466e-01 1.478566e+01
      vertex   1.113912e+02 2.500000e-01 1.405755e+01
    endloop
  endfacet
  facet normal 2.877714e-01 -6.080287e-01 -7.399248e-01
    outer loop
      vertex   1.113912e+02 2.500000e-01 1.405755e+01
      vertex   1.130446e+02 1.464466e-01 1.478566e+01
      vertex   1.113579e+02 1.464466e-01 1.412969e+01
    endloop
  endfacet
  facet normal 3.768256e-01 -6.080287e-01 -6.987872e-01
    outer loop
      vertex   1.113912e+02 2.500000e-01 1.405755e+01
      vertex   1.113579e+02 1.464466e-01 1.412969e+01
      vertex   1.098070e+02 2.500000e-01 1.320324e+01
    endloop
  endfacet
  facet normal 3.768256e-01 -6.080287e-01 -6.987872e-01
    outer loop
      vertex   1.098070e+02 2.500000e-01 1.320324e+01
      vertex   1.113579e+02 1.464466e-01 1.412969e+01
      vertex   1.097650e+02 1.464466e-01 1.327071e+01
    endloop
  endfacet
  facet normal 4.601267e-01 -6.080287e-01 -6.469811e-01
    outer loop
      vertex   1.098070e+02 2.500000e-01 1.320324e+01
      vertex   1.097650e+02 1.464466e-01 1.327071e+01
      vertex   1.083402e+02 2.500000e-01 1.216007e+01
    endloop
  endfacet
  facet normal 4.601267e-01 -6.080287e-01 -6.469811e-01
    outer loop
      vertex   1.083402e+02 2.500000e-01 1.216007e+01
      vertex   1.097650e+02 1.464466e-01 1.327071e+01
      vertex   1.082902e+02 1.464466e-01 1.222186e+01
    endloop
  endfacet
  facet normal 5.364029e-01 -6.080287e-01 -5.852973e-01
    outer loop
      vertex   1.083402e+02 2.500000e-01 1.216007e+01
      vertex   1.082902e+02 1.464466e-01 1.222186e+01
      vertex   1.070132e+02 2.500000e-01 1.094398e+01
    endloop
  endfacet
  facet normal 5.364029e-01 -6.080287e-01 -5.852973e-01
    outer loop
      vertex   1.070132e+02 2.500000e-01 1.094398e+01
      vertex   1.082902e+02 1.464466e-01 1.222186e+01
      vertex   1.069560e+02 1.464466e-01 1.099913e+01
    endloop
  endfacet
  facet normal -4.640709e-01 -7.927907e-01 -3.951216e-01
    outer loop
      vertex   1.292172e+02 1.464466e-01 9.621201e+00
      vertex   1.293000e+02 6.698730e-02 9.683333e+00
      vertex   1.280440e+02 1.464466e-01 1.099913e+01
    endloop
  endfacet
  facet normal -4.640709e-01 -7.927907e-01 -3.951216e-01
    outer loop
      vertex   1.280440e+02 1.464466e-01 1.099913e+01
      vertex   1.293000e+02 6.698730e-02 9.683333e+00
      vertex   1.281185e+02 6.698730e-02 1.107101e+01
    endloop
  endfacet
  facet normal -4.118002e-01 -7.927907e-01 -4.493368e-01
    outer loop
      vertex   1.280440e+02 1.464466e-01 1.099913e+01
      vertex   1.281185e+02 6.698730e-02 1.107101e+01
      vertex   1.267098e+02 1.464466e-01 1.222186e+01
    endloop
  endfacet
  facet normal -4.118002e-01 -7.927907e-01 -4.493368e-01
    outer loop
      vertex   1.267098e+02 1.464466e-01 1.222186e+01
      vertex   1.281185e+02 6.698730e-02 1.107101e+01
      vertex   1.267749e+02 6.698730e-02 1.230238e+01
    endloop
  endfacet
  facet normal -3.532424e-01 -7.927907e-01 -4.966918e-01
    outer loop
      vertex   1.267098e+02 1.464466e-01 1.222186e+01
      vertex   1.267749e+02 6.698730e-02 1.230238e+01
      vertex   1.252350e+02 1.464466e-01 1.327071e+01
    endloop
  endfacet
  facet normal -3.532424e-01 -7.927907e-01 -4.966918e-01
    outer loop
      vertex   1.252350e+02 1.464466e-01 1.327071e+01
      vertex   1.267749e+02 6.698730e-02 1.230238e+01
      vertex   1.252897e+02 6.698730e-02 1.335865e+01
    endloop
  endfacet
  facet normal -2.892915e-01 -7.927907e-01 -5.364637e-01
    outer loop
      vertex   1.252350e+02 1.464466e-01 1.327071e+01
      vertex   1.252897e+02 6.698730e-02 1.335865e+01
      vertex   1.236421e+02 1.464466e-01 1.412969e+01
    endloop
  endfacet
  facet normal -2.892915e-01 -7.927907e-01 -5.364637e-01
    outer loop
      vertex   1.236421e+02 1.464466e-01 1.412969e+01
      vertex   1.252897e+02 6.698730e-02 1.335865e+01
      vertex   1.236855e+02 6.698730e-02 1.422369e+01
    endloop
  endfacet
  facet normal -2.209240e-01 -7.927907e-01 -5.680453e-01
    outer loop
      vertex   1.236421e+02 1.464466e-01 1.412969e+01
      vertex   1.236855e+02 6.698730e-02 1.422369e+01
      vertex   1.219554e+02 1.464466e-01 1.478566e+01
    endloop
  endfacet
  facet normal -2.209240e-01 -7.927907e-01 -5.680453e-01
    outer loop
      vertex   1.219554e+02 1.464466e-01 1.478566e+01
      vertex   1.236855e+02 6.698730e-02 1.422369e+01
      vertex   1.219869e+02 6.698730e-02 1.488430e+01
    endloop
  endfacet
  facet normal -1.491836e-01 -7.927907e-01 -5.909544e-01
    outer loop
      vertex   1.219554e+02 1.464466e-01 1.478566e+01
      vertex   1.219869e+02 6.698730e-02 1.488430e+01
      vertex   1.202008e+02 1.464466e-01 1.522862e+01
    endloop
  endfacet
  facet normal -1.491836e-01 -7.927907e-01 -5.909544e-01
    outer loop
      vertex   1.202008e+02 1.464466e-01 1.522862e+01
      vertex   1.219869e+02 6.698730e-02 1.488430e+01
      vertex   1.202199e+02 6.698730e-02 1.533040e+01
    endloop
  endfacet
  facet normal -7.516560e-02 -7.927907e-01 -6.048413e-01
    outer loop
      vertex   1.202008e+02 1.464466e-01 1.522862e+01
      vertex   1.202199e+02 6.698730e-02 1.533040e+01
      vertex   1.184049e+02 1.464466e-01 1.545180e+01
    endloop
  endfacet
  facet normal -7.516560e-02 -7.927907e-01 -6.048413e-01
    outer loop
      vertex   1.184049e+02 1.464466e-01 1.545180e+01
      vertex   1.202199e+02 6.698730e-02 1.533040e+01
      vertex   1.184113e+02 6.698730e-02 1.555516e+01
    endloop
  endfacet
  facet normal -0.000000e+00 -7.927907e-01 -6.094940e-01
    outer loop
      vertex   1.184049e+02 1.464466e-01 1.545180e+01
      vertex   1.184113e+02 6.698730e-02 1.555516e+01
      vertex   1.165951e+02 1.464466e-01 1.545180e+01
    endloop
  endfacet
  facet normal 0.000000e+00 -7.927907e-01 -6.094940e-01
    outer loop
      vertex   1.165951e+02 1.464466e-01 1.545180e+01
      vertex   1.184113e+02 6.698730e-02 1.555516e+01
      vertex   1.165887e+02 6.698730e-02 1.555516e+01
    endloop
  endfacet
  facet normal 7.516560e-02 -7.927907e-01 -6.048413e-01
    outer loop
      vertex   1.165951e+02 1.464466e-01 1.545180e+01
      vertex   1.165887e+02 6.698730e-02 1.555516e+01
      vertex   1.147992e+02 1.464466e-01 1.522862e+01
    endloop
  endfacet
  facet normal 7.516560e-02 -7.927907e-01 -6.048413e-01
    outer loop
      vertex   1.147992e+02 1.464466e-01 1.522862e+01
      vertex   1.165887e+02 6.698730e-02 1.555516e+01
      vertex   1.147801e+02 6.698730e-02 1.533040e+01
    endloop
  endfacet
  facet normal 1.491836e-01 -7.927907e-01 -5.909544e-01
    outer loop
      vertex   1.147992e+02 1.464466e-01 1.522862e+01
      vertex   1.147801e+02 6.698730e-02 1.533040e+01
      vertex   1.130446e+02 1.464466e-01 1.478566e+01
    endloop
  endfacet
  facet normal 1.491836e-01 -7.927907e-01 -5.909544e-01
    outer loop
      vertex   1.130446e+02 1.464466e-01 1.478566e+01
      vertex   1.147801e+02 6.698730e-02 1.533040e+01
      vertex   1.130131e+02 6.698730e-02 1.488430e+01
    endloop
  endfacet
  facet normal 2.209240e-01 -7.927907e-01 -5.680453e-01
    outer loop
      vertex   1.130446e+02 1.464466e-01 1.478566e+01
      vertex   1.130131e+02 6.698730e-02 1.488430e+01
      vertex   1.113579e+02 1.464466e-01 1.412969e+01
    endloop
  endfacet
  facet normal 2.209240e-01 -7.927907e-01 -5.680453e-01
    outer loop
      vertex   1.113579e+02 1.464466e-01 1.412969e+01
      vertex   1.130131e+02 6.698730e-02 1.488430e+01
      vertex   1.113145e+02 6.698730e-02 1.422369e+01
    endloop
  endfacet
  facet normal 2.892915e-01 -7.927907e-01 -5.364637e-01
    outer loop
      vertex   1.113579e+02 1.464466e-01 1.412969e+01
      vertex   1.113145e+02 6.698730e-02 1.422369e+01
      vertex   1.097650e+02 1.464466e-01 1.327071e+01
    endloop
  endfacet
  facet normal 2.892915e-01 -7.927907e-01 -5.364637e-01
    outer loop
      vertex   1.097650e+02 1.464466e-01 1.327071e+01
      vertex   1.113145e+02 6.698730e-02 1.422369e+01
      vertex   1.097103e+02 6.698730e-02 1.335865e+01
    endloop
  endfacet
  facet normal 3.532424e-01 -7.927907e-01 -4.966918e-01
    outer loop
      vertex   1.097650e+02 1.464466e-01 1.327071e+01
      vertex   1.097103e+02 6.698730e-02 1.335865e+01
      vertex   1.082902e+02 1.464466e-01 1.222186e+01
    endloop
  endfacet
  facet normal 3.532424e-01 -7.927907e-01 -4.966918e-01
    outer loop
      vertex   1.082902e+02 1.464466e-01 1.222186e+01
      vertex   1.097103e+02 6.698730e-02 1.335865e+01
      vertex   1.082251e+02 6.698730e-02 1.230238e+01
    endloop
  endfacet
  facet normal 4.118002e-01 -7.927907e-01 -4.493368e-01
    outer loop
      vertex   1.082902e+02 1.464466e-01 1.222186e+01
      vertex   1.082251e+02 6.698730e-02 1.230238e+01
      vertex   1.069560e+02 1.464466e-01 1.099913e+01
    endloop
  endfacet
  facet normal 4.118002e-01 -7.927907e-01 -4.493368e-01
    outer loop
      vertex   1.069560e+02 1.464466e-01 1.099913e+01
      vertex   1.082251e+02 6.698730e-02 1.230238e+01
      vertex   1.068815e+02 6.698730e-02 1.107101e+01
    endloop
  endfacet
  facet normal -2.918523e-01 -9.236204e-01 -2.484904e-01
    outer loop
      vertex   1.293000e+02 6.698730e-02 9.683333e+00
      vertex   1.293965e+02 1.703709e-02 9.755688e+00
      vertex   1.281185e+02 6.698730e-02 1.107101e+01
    endloop
  endfacet
  facet normal -2.918523e-01 -9.236204e-01 -2.484904e-01
    outer loop
      vertex   1.281185e+02 6.698730e-02 1.107101e+01
      vertex   1.293965e+02 1.703709e-02 9.755688e+00
      vertex   1.282053e+02 1.703709e-02 1.115471e+01
    endloop
  endfacet
  facet normal -2.589795e-01 -9.236204e-01 -2.825861e-01
    outer loop
      vertex   1.281185e+02 6.698730e-02 1.107101e+01
      vertex   1.282053e+02 1.703709e-02 1.115471e+01
      vertex   1.267749e+02 6.698730e-02 1.230238e+01
    endloop
  endfacet
  facet normal -2.589795e-01 -9.236204e-01 -2.825861e-01
    outer loop
      vertex   1.267749e+02 6.698730e-02 1.230238e+01
      vertex   1.282053e+02 1.703709e-02 1.115471e+01
      vertex   1.268507e+02 1.703709e-02 1.239614e+01
    endloop
  endfacet
  facet normal -2.221527e-01 -9.236204e-01 -3.123675e-01
    outer loop
      vertex   1.267749e+02 6.698730e-02 1.230238e+01
      vertex   1.268507e+02 1.703709e-02 1.239614e+01
      vertex   1.252897e+02 6.698730e-02 1.335865e+01
    endloop
  endfacet
  facet normal -2.221527e-01 -9.236204e-01 -3.123675e-01
    outer loop
      vertex   1.252897e+02 6.698730e-02 1.335865e+01
      vertex   1.268507e+02 1.703709e-02 1.239614e+01
      vertex   1.253534e+02 1.703709e-02 1.346105e+01
    endloop
  endfacet
  facet normal -1.819343e-01 -9.236204e-01 -3.373799e-01
    outer loop
      vertex   1.252897e+02 6.698730e-02 1.335865e+01
      vertex   1.253534e+02 1.703709e-02 1.346105e+01
      vertex   1.236855e+02 6.698730e-02 1.422369e+01
    endloop
  endfacet
  facet normal -1.819343e-01 -9.236204e-01 -3.373799e-01
    outer loop
      vertex   1.236855e+02 6.698730e-02 1.422369e+01
      vertex   1.253534e+02 1.703709e-02 1.346105e+01
      vertex   1.237361e+02 1.703709e-02 1.433317e+01
    endloop
  endfacet
  facet normal -1.389382e-01 -9.236204e-01 -3.572414e-01
    outer loop
      vertex   1.236855e+02 6.698730e-02 1.422369e+01
      vertex   1.237361e+02 1.703709e-02 1.433317e+01
      vertex   1.219869e+02 6.698730e-02 1.488430e+01
    endloop
  endfacet
  facet normal -1.389382e-01 -9.236204e-01 -3.572414e-01
    outer loop
      vertex   1.219869e+02 6.698730e-02 1.488430e+01
      vertex   1.237361e+02 1.703709e-02 1.433317e+01
      vertex   1.220236e+02 1.703709e-02 1.499918e+01
    endloop
  endfacet
  facet normal -9.382099e-02 -9.236204e-01 -3.716489e-01
    outer loop
      vertex   1.219869e+02 6.698730e-02 1.488430e+01
      vertex   1.220236e+02 1.703709e-02 1.499918e+01
      vertex   1.202199e+02 6.698730e-02 1.533040e+01
    endloop
  endfacet
  facet normal -9.382099e-02 -9.236204e-01 -3.716489e-01
    outer loop
      vertex   1.202199e+02 6.698730e-02 1.533040e+01
      vertex   1.220236e+02 1.703709e-02 1.499918e+01
      vertex   1.202421e+02 1.703709e-02 1.544892e+01
    endloop
  endfacet
  facet normal -4.727134e-02 -9.236204e-01 -3.803823e-01
    outer loop
      vertex   1.202199e+02 6.698730e-02 1.533040e+01
      vertex   1.202421e+02 1.703709e-02 1.544892e+01
      vertex   1.184113e+02 6.698730e-02 1.555516e+01
    endloop
  endfacet
  facet normal -4.727134e-02 -9.236204e-01 -3.803823e-01
    outer loop
      vertex   1.184113e+02 6.698730e-02 1.555516e+01
      vertex   1.202421e+02 1.703709e-02 1.544892e+01
      vertex   1.184187e+02 1.703709e-02 1.567552e+01
    endloop
  endfacet
  facet normal -0.000000e+00 -9.236204e-01 -3.833083e-01
    outer loop
      vertex   1.184113e+02 6.698730e-02 1.555516e+01
      vertex   1.184187e+02 1.703709e-02 1.567552e+01
      vertex   1.165887e+02 6.698730e-02 1.555516e+01
    endloop
  endfacet
  facet normal 0.000000e+00 -9.236204e-01 -3.833083e-01
    outer loop
      vertex   1.165887e+02 6.698730e-02 1.555516e+01
      vertex   1.184187e+02 1.703709e-02 1.567552e+01
      vertex   1.165813e+02 1.703709e-02 1.567552e+01
    endloop
  endfacet
  facet normal 4.727134e-02 -9.236204e-01 -3.803823e-01
    outer loop
      vertex   1.165887e+02 6.698730e-02 1.555516e+01
      vertex   1.165813e+02 1.703709e-02 1.567552e+01
      vertex   1.147801e+02 6.698730e-02 1.533040e+01
    endloop
  endfacet
  facet normal 4.727134e-02 -9.236204e-01 -3.803823e-01
    outer loop
      vertex   1.147801e+02 6.698730e-02 1.533040e+01
      vertex   1.165813e+02 1.703709e-02 1.567552e+01
      vertex   1.147579e+02 1.703709e-02 1.544892e+01
    endloop
  endfacet
  facet normal 9.382099e-02 -9.236204e-01 -3.716489e-01
    outer loop
      vertex   1.147801e+02 6.698730e-02 1.533040e+01
      vertex   1.147579e+02 1.703709e-02 1.544892e+01
      vertex   1.130131e+02 6.698730e-02 1.488430e+01
    endloop
  endfacet
  facet normal 9.382099e-02 -9.236204e-01 -3.716489e-01
    outer loop
      vertex   1.130131e+02 6.698730e-02 1.488430e+01
      vertex   1.147579e+02 1.703709e-02 1.544892e+01
      vertex   1.129764e+02 1.703709e-02 1.499918e+01
    endloop
  endfacet
  facet normal 1.389382e-01 -9.236204e-01 -3.572414e-01
    outer loop
      vertex   1.130131e+02 6.698730e-02 1.488430e+01
      vertex   1.129764e+02 1.703709e-02 1.499918e+01
      vertex   1.113145e+02 6.698730e-02 1.422369e+01
    endloop
  endfacet
  facet normal 1.389382e-01 -9.236204e-01 -3.572414e-01
    outer loop
      vertex   1.113145e+02 6.698730e-02 1.422369e+01
      vertex   1.129764e+02 1.703709e-02 1.499918e+01
      vertex   1.112639e+02 1.703709e-02 1.433317e+01
    endloop
  endfacet
  facet normal 1.819343e-01 -9.236204e-01 -3.373799e-01
    outer loop
      vertex   1.113145e+02 6.698730e-02 1.422369e+01
      vertex   1.112639e+02 1.703709e-02 1.433317e+01
      vertex   1.097103e+02 6.698730e-02 1.335865e+01
    endloop
  endfacet
  facet normal 1.819343e-01 -9.236204e-01 -3.373799e-01
    outer loop
      vertex   1.097103e+02 6.698730e-02 1.335865e+01
      vertex   1.112639e+02 1.703709e-02 1.433317e+01
      vertex   1.096466e+02 1.703709e-02 1.346105e+01
    endloop
  endfacet
  facet normal 2.221527e-01 -9.236204e-01 -3.123675e-01
    outer loop
      vertex   1.097103e+02 6.698730e-02 1.335865e+01
      vertex   1.096466e+02 1.703709e-02 1.346105e+01
      vertex   1.082251e+02 6.698730e-02 1.230238e+01
    endloop
  endfacet
  facet normal 2.221527e-01 -9.236204e-01 -3.123675e-01
    outer loop
      vertex   1.082251e+02 6.698730e-02 1.230238e+01
      vertex   1.096466e+02 1.703709e-02 1.346105e+01
      vertex   1.081493e+02 1.703709e-02 1.239614e+01
    endloop
  endfacet
  facet normal 2.589795e-01 -9.236204e-01 -2.825861e-01
    outer loop
      vertex   1.082251e+02 6.698730e-02 1.230238e+01
      vertex   1.081493e+02 1.703709e-02 1.239614e+01
      vertex   1.068815e+02 6.698730e-02 1.107101e+01
    endloop
  endfacet
  facet normal 2.589795e-01 -9.236204e-01 -2.825861e-01
    outer loop
      vertex   1.068815e+02 6.698730e-02 1.107101e+01
      vertex   1.081493e+02 1.703709e-02 1.239614e+01
      vertex   1.067947e+02 1.703709e-02 1.115471e+01
    endloop
  endfacet
  facet normal -9.957007e-02 -9.914125e-01 -8.477645e-02
    outer loop
      vertex   1.293965e+02 1.703709e-02 9.755688e+00
      vertex   1.295000e+02 0.000000e+00 9.833333e+00
      vertex   1.282053e+02 1.703709e-02 1.115471e+01
    endloop
  endfacet
  facet normal -9.957007e-02 -9.914125e-01 -8.477645e-02
    outer loop
      vertex   1.282053e+02 1.703709e-02 1.115471e+01
      vertex   1.295000e+02 0.000000e+00 9.833333e+00
      vertex   1.282985e+02 0.000000e+00 1.124453e+01
    endloop
  endfacet
  facet normal -8.835497e-02 -9.914125e-01 -9.640874e-02
    outer loop
      vertex   1.282053e+02 1.703709e-02 1.115471e+01
      vertex   1.282985e+02 0.000000e+00 1.124453e+01
      vertex   1.268507e+02 1.703709e-02 1.239614e+01
    endloop
  endfacet
  facet normal -8.835497e-02 -9.914125e-01 -9.640874e-02
    outer loop
      vertex   1.268507e+02 1.703709e-02 1.239614e+01
      vertex   1.282985e+02 0.000000e+00 1.124453e+01
      vertex   1.269321e+02 0.000000e+00 1.249677e+01
    endloop
  endfacet
  facet normal -7.579094e-02 -9.914125e-01 -1.065691e-01
    outer loop
      vertex   1.268507e+02 1.703709e-02 1.239614e+01
      vertex   1.269321e+02 0.000000e+00 1.249677e+01
      vertex   1.253534e+02 1.703709e-02 1.346105e+01
    endloop
  endfacet
  facet normal -7.579094e-02 -9.914125e-01 -1.065691e-01
    outer loop
      vertex   1.253534e+02 1.703709e-02 1.346105e+01
      vertex   1.269321e+02 0.000000e+00 1.249677e+01
      vertex   1.254217e+02 0.000000e+00 1.357094e+01
    endloop
  endfacet
  facet normal -6.206978e-02 -9.914125e-01 -1.151025e-01
    outer loop
      vertex   1.253534e+02 1.703709e-02 1.346105e+01
      vertex   1.254217e+02 0.000000e+00 1.357094e+01
      vertex   1.237361e+02 1.703709e-02 1.433317e+01
    endloop
  endfacet
  facet normal -6.206978e-02 -9.914125e-01 -1.151025e-01
    outer loop
      vertex   1.237361e+02 1.703709e-02 1.433317e+01
      vertex   1.254217e+02 0.000000e+00 1.357094e+01
      vertex   1.237904e+02 0.000000e+00 1.445065e+01
    endloop
  endfacet
  facet normal -4.740099e-02 -9.914125e-01 -1.218786e-01
    outer loop
      vertex   1.237361e+02 1.703709e-02 1.433317e+01
      vertex   1.237904e+02 0.000000e+00 1.445065e+01
      vertex   1.220236e+02 1.703709e-02 1.499918e+01
    endloop
  endfacet
  facet normal -4.740099e-02 -9.914125e-01 -1.218786e-01
    outer loop
      vertex   1.220236e+02 1.703709e-02 1.499918e+01
      vertex   1.237904e+02 0.000000e+00 1.445065e+01
      vertex   1.220630e+02 0.000000e+00 1.512246e+01
    endloop
  endfacet
  facet normal -3.200852e-02 -9.914125e-01 -1.267939e-01
    outer loop
      vertex   1.220236e+02 1.703709e-02 1.499918e+01
      vertex   1.220630e+02 0.000000e+00 1.512246e+01
      vertex   1.202421e+02 1.703709e-02 1.544892e+01
    endloop
  endfacet
  facet normal -3.200852e-02 -9.914125e-01 -1.267939e-01
    outer loop
      vertex   1.202421e+02 1.703709e-02 1.544892e+01
      vertex   1.220630e+02 0.000000e+00 1.512246e+01
      vertex   1.202660e+02 0.000000e+00 1.557611e+01
    endloop
  endfacet
  facet normal -1.612737e-02 -9.914125e-01 -1.297735e-01
    outer loop
      vertex   1.202421e+02 1.703709e-02 1.544892e+01
      vertex   1.202660e+02 0.000000e+00 1.557611e+01
      vertex   1.184187e+02 1.703709e-02 1.567552e+01
    endloop
  endfacet
  facet normal -1.612737e-02 -9.914125e-01 -1.297735e-01
    outer loop
      vertex   1.184187e+02 1.703709e-02 1.567552e+01
      vertex   1.202660e+02 0.000000e+00 1.557611e+01
      vertex   1.184267e+02 0.000000e+00 1.580468e+01
    endloop
  endfacet
  facet normal -0.000000e+00 -9.914125e-01 -1.307717e-01
    outer loop
      vertex   1.184187e+02 1.703709e-02 1.567552e+01
      vertex   1.184267e+02 0.000000e+00 1.580468e+01
      vertex   1.165813e+02 1.703709e-02 1.567552e+01
    endloop
  endfacet
  facet normal 0.000000e+00 -9.914125e-01 -1.307717e-01
    outer loop
      vertex   1.165813e+02 1.703709e-02 1.567552e+01
      vertex   1.184267e+02 0.000000e+00 1.580468e+01
      vertex   1.165733e+02 0.000000e+00 1.580468e+01
    endloop
  endfacet
  facet normal 1.612737e-02 -9.914125e-01 -1.297735e-01
    outer loop
      vertex   1.165813e+02 1.703709e-02 1.567552e+01
      vertex   1.165733e+02 0.000000e+00 1.580468e+01
      vertex   1.147579e+02 1.703709e-02 1.544892e+01
    endloop
  endfacet
  facet normal 1.612737e-02 -9.914125e-01 -1.297735e-01
    outer loop
      vertex   1.147579e+02 1.703709e-02 1.544892e+01
      vertex   1.165733e+02 0.000000e+00 1.580468e+01
      vertex   1.147340e+02 0.000000e+00 1.557611e+01
    endloop
  endfacet
  facet normal 3.200852e-02 -9.914125e-01 -1.267939e-01
    outer loop
      vertex   1.147579e+02 1.703709e-02 1.544892e+01
      vertex   1.147340e+02 0.000000e+00 1.557611e+01
      vertex   1.129764e+02 1.703709e-02 1.499918e+01
    endloop
  endfacet
  facet normal 3.200852e-02 -9.914125e-01 -1.267939e-01
    outer loop
      vertex   1.129764e+02 1.703709e-02 1.499918e+01
      vertex   1.147340e+02 0.000000e+00 1.557611e+01
      vertex   1.129370e+02 0.000000e+00 1.512246e+01
    endloop
  endfacet
  facet normal 4.740099e-02 -9.914125e-01 -1.218786e-01
    outer loop
      vertex   1.129764e+02 1.703709e-02 1.499918e+01
      vertex   1.129370e+02 0.000000e+00 1.512246e+01
      vertex   1.112639e+02 1.703709e-02 1.433317e+01
    endloop
  endfacet
  facet normal 4.740099e-02 -9.914125e-01 -1.218786e-01
    outer loop
      vertex   1.112639e+02 1.703709e-02 1.433317e+01
      vertex   1.129370e+02 0.000000e+00 1.512246e+01
      vertex   1.112096e+02 0.000000e+00 1.445065e+01
    endloop
  endfacet
  facet normal 6.206978e-02 -9.914125e-01 -1.151025e-01
    outer loop
      vertex   1.112639e+02 1.703709e-02 1.433317e+01
      vertex   1.112096e+02 0.000000e+00 1.445065e+01
      vertex   1.096466e+02 1.703709e-02 1.346105e+01
    endloop
  endfacet
  facet normal 6.206978e-02 -9.914125e-01 -1.151025e-01
    outer loop
      vertex   1.096466e+02 1.703709e-02 1.346105e+01
      vertex   1.112096e+02 0.000000e+00 1.445065e+01
      vertex   1.095783e+02 0.000000e+00 1.357094e+01
    endloop
  endfacet
  facet normal 7.579094e-02 -9.914125e-01 -1.065691e-01
    outer loop
      vertex   1.096466e+02 1.703709e-02 1.346105e+01
      vertex   1.095783e+02 0.000000e+00 1.357094e+01
      vertex   1.081493e+02 1.703709e-02 1.239614e+01
    endloop
  endfacet
  facet normal 7.579094e-02 -9.914125e-01 -1.065691e-01
    outer loop
      vertex   1.081493e+02 1.703709e-02 1.239614e+01
      vertex   1.095783e+02 0.000000e+00 1.357094e+01
      vertex   1.080679e+02 0.000000e+00 1.249677e+01
    endloop
  endfacet
  facet normal 8.835497e-02 -9.914125e-01 -9.640874e-02
    outer loop
      vertex   1.081493e+02 1.703709e-02 1.239614e+01
      vertex   1.080679e+02 0.000000e+00 1.249677e+01
      vertex   1.067947e+02 1.703709e-02 1.115471e+01
    endloop
  endfacet
  facet normal 8.835497e-02 -9.914125e-01 -9.640874e-02
    outer loop
      vertex   1.067947e+02 1.703709e-02 1.115471e+01
      vertex   1.080679e+02 0.000000e+00 1.249677e+01
      vertex   1.067015e+02 0.000000e+00 1.124453e+01
    endloop
  endfacet
  facet normal -1.044210e-01 -9.914449e-01 -7.831572e-02
    outer loop
      vertex   1.293965e+02 1.703709e-02 9.755688e+00
      vertex   1.309322e+02 1.703709e-02 7.708069e+00
      vertex   1.295000e+02 0.000000e+00 9.833333e+00
    endloop
  endfacet
  facet normal -1.044210e-01 -9.914449e-01 -7.831572e-02
    outer loop
      vertex   1.295000e+02 0.000000e+00 9.833333e+00
      vertex   1.309322e+02 1.703709e-02 7.708069e+00
      vertex   1.324679e+02 1.703709e-02 5.660450e+00
    endloop
  endfacet
  facet normal -1.044210e-01 -9.914449e-01 -7.831572e-02
    outer loop
      vertex   1.295000e+02 0.000000e+00 9.833333e+00
      vertex   1.324679e+02 1.703709e-02 5.660450e+00
      vertex   1.340036e+02 1.703709e-02 3.612830e+00
    endloop
  endfacet
  facet normal -3.061467e-01 -9.238795e-01 -2.296101e-01
    outer loop
      vertex   1.340036e+02 1.703709e-02 3.612830e+00
      vertex   1.324679e+02 1.703709e-02 5.660450e+00
      vertex   1.339071e+02 6.698730e-02 3.540476e+00
    endloop
  endfacet
  facet normal -3.061467e-01 -9.238795e-01 -2.296101e-01
    outer loop
      vertex   1.340036e+02 1.703709e-02 3.612830e+00
      vertex   1.339071e+02 6.698730e-02 3.540476e+00
      vertex   1.354429e+02 6.698730e-02 1.492857e+00
    endloop
  endfacet
  facet normal -4.870091e-01 -7.933533e-01 -3.652569e-01
    outer loop
      vertex   1.354429e+02 6.698730e-02 1.492857e+00
      vertex   1.339071e+02 6.698730e-02 3.540476e+00
      vertex   1.353600e+02 1.464466e-01 1.430725e+00
    endloop
  endfacet
  facet normal -4.870091e-01 -7.933533e-01 -3.652569e-01
    outer loop
      vertex   1.354429e+02 6.698730e-02 1.492857e+00
      vertex   1.353600e+02 1.464466e-01 1.430725e+00
      vertex   1.368957e+02 1.464466e-01 -6.168939e-01
    endloop
  endfacet
  facet normal -6.346827e-01 -6.087614e-01 -4.760120e-01
    outer loop
      vertex   1.368957e+02 1.464466e-01 -6.168939e-01
      vertex   1.353600e+02 1.464466e-01 1.430725e+00
      vertex   1.368322e+02 2.500000e-01 -6.645695e-01
    endloop
  endfacet
  facet normal -6.346827e-01 -6.087614e-01 -4.760120e-01
    outer loop
      vertex   1.368957e+02 1.464466e-01 -6.168939e-01
      vertex   1.368322e+02 2.500000e-01 -6.645695e-01
      vertex   1.383679e+02 2.500000e-01 -2.712189e+00
    endloop
  endfacet
  facet normal -7.391036e-01 -3.826834e-01 -5.543277e-01
    outer loop
      vertex   1.383679e+02 2.500000e-01 -2.712189e+00
      vertex   1.368322e+02 2.500000e-01 -6.645695e-01
      vertex   1.383279e+02 3.705905e-01 -2.742159e+00
    endloop
  endfacet
  facet normal -7.391036e-01 -3.826834e-01 -5.543277e-01
    outer loop
      vertex   1.383679e+02 2.500000e-01 -2.712189e+00
      vertex   1.383279e+02 3.705905e-01 -2.742159e+00
      vertex   1.398636e+02 3.705905e-01 -4.789778e+00
    endloop
  endfacet
  facet normal -7.931559e-01 -1.305262e-01 -5.948669e-01
    outer loop
      vertex   1.398636e+02 3.705905e-01 -4.789778e+00
      vertex   1.383279e+02 3.705905e-01 -2.742159e+00
      vertex   1.398500e+02 5.000000e-01 -4.800000e+00
    endloop
  endfacet
  facet normal -7.931559e-01 -1.305262e-01 -5.948669e-01
    outer loop
      vertex   1.398500e+02 5.000000e-01 -4.800000e+00
      vertex   1.383279e+02 3.705905e-01 -2.742159e+00
      vertex   1.367922e+02 3.705905e-01 -6.945397e-01
    endloop
  endfacet
  facet normal -7.931559e-01 -1.305262e-01 -5.948669e-01
    outer loop
      vertex   1.398500e+02 5.000000e-01 -4.800000e+00
      vertex   1.367922e+02 3.705905e-01 -6.945397e-01
      vertex   1.352565e+02 3.705905e-01 1.353079e+00
    endloop
  endfacet
  facet normal -7.391036e-01 -3.826834e-01 -5.543277e-01
    outer loop
      vertex   1.352565e+02 3.705905e-01 1.353079e+00
      vertex   1.367922e+02 3.705905e-01 -6.945397e-01
      vertex   1.352964e+02 2.500000e-01 1.383050e+00
    endloop
  endfacet
  facet normal -7.391036e-01 -3.826834e-01 -5.543277e-01
    outer loop
      vertex   1.352565e+02 3.705905e-01 1.353079e+00
      vertex   1.352964e+02 2.500000e-01 1.383050e+00
      vertex   1.337607e+02 2.500000e-01 3.430669e+00
    endloop
  endfacet
  facet normal -6.346827e-01 -6.087614e-01 -4.760120e-01
    outer loop
      vertex   1.337607e+02 2.500000e-01 3.430669e+00
      vertex   1.352964e+02 2.500000e-01 1.383050e+00
      vertex   1.338243e+02 1.464466e-01 3.478344e+00
    endloop
  endfacet
  facet normal -6.346827e-01 -6.087614e-01 -4.760120e-01
    outer loop
      vertex   1.337607e+02 2.500000e-01 3.430669e+00
      vertex   1.338243e+02 1.464466e-01 3.478344e+00
      vertex   1.322886e+02 1.464466e-01 5.525963e+00
    endloop
  endfacet
  facet normal -4.870091e-01 -7.933533e-01 -3.652569e-01
    outer loop
      vertex   1.322886e+02 1.464466e-01 5.525963e+00
      vertex   1.338243e+02 1.464466e-01 3.478344e+00
      vertex   1.323714e+02 6.698730e-02 5.588095e+00
    endloop
  endfacet
  facet normal -4.870091e-01 -7.933533e-01 -3.652569e-01
    outer loop
      vertex   1.322886e+02 1.464466e-01 5.525963e+00
      vertex   1.323714e+02 6.698730e-02 5.588095e+00
      vertex   1.308357e+02 6.698730e-02 7.635714e+00
    endloop
  endfacet
  facet normal -3.061467e-01 -9.238795e-01 -2.296101e-01
    outer loop
      vertex   1.308357e+02 6.698730e-02 7.635714e+00
      vertex   1.323714e+02 6.698730e-02 5.588095e+00
      vertex   1.309322e+02 1.703709e-02 7.708069e+00
    endloop
  endfacet
  facet normal -3.061467e-01 -9.238795e-01 -2.296101e-01
    outer loop
      vertex   1.308357e+02 6.698730e-02 7.635714e+00
      vertex   1.309322e+02 1.703709e-02 7.708069e+00
      vertex   1.293965e+02 1.703709e-02 9.755688e+00
    endloop
  endfacet
  facet normal -3.061467e-01 -9.238795e-01 -2.296101e-01
    outer loop
      vertex   1.293965e+02 1.703709e-02 9.755688e+00
      vertex   1.293000e+02 6.698730e-02 9.683333e+00
      vertex   1.308357e+02 6.698730e-02 7.635714e+00
    endloop
  endfacet
  facet normal -4.870091e-01 -7.933533e-01 -3.652569e-01
    outer loop
      vertex   1.308357e+02 6.698730e-02 7.635714e+00
      vertex   1.293000e+02 6.698730e-02 9.683333e+00
      vertex   1.307529e+02 1.464466e-01 7.573582e+00
    endloop
  endfacet
  facet normal -4.870091e-01 -7.933533e-01 -3.652569e-01
    outer loop
      vertex   1.308357e+02 6.698730e-02 7.635714e+00
      vertex   1.307529e+02 1.464466e-01 7.573582e+00
      vertex   1.322886e+02 1.464466e-01 5.525963e+00
    endloop
  endfacet
  facet normal -6.346827e-01 -6.087614e-01 -4.760120e-01
    outer loop
      vertex   1.322886e+02 1.464466e-01 5.525963e+00
      vertex   1.307529e+02 1.464466e-01 7.573582e+00
      vertex   1.322250e+02 2.500000e-01 5.478288e+00
    endloop
  endfacet
  facet normal -6.346827e-01 -6.087614e-01 -4.760120e-01
    outer loop
      vertex   1.322886e+02 1.464466e-01 5.525963e+00
      vertex   1.322250e+02 2.500000e-01 5.478288e+00
      vertex   1.337607e+02 2.500000e-01 3.430669e+00
    endloop
  endfacet
  facet normal -7.391036e-01 -3.826834e-01 -5.543277e-01
    outer loop
      vertex   1.337607e+02 2.500000e-01 3.430669e+00
      vertex   1.322250e+02 2.500000e-01 5.478288e+00
      vertex   1.337208e+02 3.705905e-01 3.400698e+00
    endloop
  endfacet
  facet normal -7.391036e-01 -3.826834e-01 -5.543277e-01
    outer loop
      vertex   1.337607e+02 2.500000e-01 3.430669e+00
      vertex   1.337208e+02 3.705905e-01 3.400698e+00
      vertex   1.352565e+02 3.705905e-01 1.353079e+00
    endloop
  endfacet
  facet normal -7.931559e-01 -1.305262e-01 -5.948669e-01
    outer loop
      vertex   1.352565e+02 3.705905e-01 1.353079e+00
      vertex   1.337208e+02 3.705905e-01 3.400698e+00
      vertex   1.398500e+02 5.000000e-01 -4.800000e+00
    endloop
  endfacet
  facet normal -4.870091e-01 -7.933533e-01 -3.652569e-01
    outer loop
      vertex   1.293000e+02 6.698730e-02 9.683333e+00
      vertex   1.292172e+02 1.464466e-01 9.621201e+00
      vertex   1.307529e+02 1.464466e-01 7.573582e+00
    endloop
  endfacet
  facet normal -6.346827e-01 -6.087614e-01 -4.760120e-01
    outer loop
      vertex   1.307529e+02 1.464466e-01 7.573582e+00
      vertex   1.292172e+02 1.464466e-01 9.621201e+00
      vertex   1.306893e+02 2.500000e-01 7.525907e+00
    endloop
  endfacet
  facet normal -6.346827e-01 -6.087614e-01 -4.760120e-01
    outer loop
      vertex   1.307529e+02 1.464466e-01 7.573582e+00
      vertex   1.306893e+02 2.500000e-01 7.525907e+00
      vertex   1.322250e+02 2.500000e-01 5.478288e+00
    endloop
  endfacet
  facet normal -7.391036e-01 -3.826834e-01 -5.543277e-01
    outer loop
      vertex   1.322250e+02 2.500000e-01 5.478288e+00
      vertex   1.306893e+02 2.500000e-01 7.525907e+00
      vertex   1.321851e+02 3.705905e-01 5.448317e+00
    endloop
  endfacet
  facet normal -7.391036e-01 -3.826834e-01 -5.543277e-01
    outer loop
      vertex   1.322250e+02 2.500000e-01 5.478288e+00
      vertex   1.321851e+02 3.705905e-01 5.448317e+00
      vertex   1.337208e+02 3.705905e-01 3.400698e+00
    endloop
  endfacet
  facet normal -7.931559e-01 -1.305262e-01 -5.948669e-01
    outer loop
      vertex   1.337208e+02 3.705905e-01 3.400698e+00
      vertex   1.321851e+02 3.705905e-01 5.448317e+00
      vertex   1.291000e+02 5.000000e-01 9.533333e+00
    endloop
  endfacet
  facet normal -7.931559e-01 -1.305262e-01 -5.948669e-01
    outer loop
      vertex   1.337208e+02 3.705905e-01 3.400698e+00
      vertex   1.291000e+02 5.000000e-01 9.533333e+00
      vertex   1.398500e+02 5.000000e-01 -4.800000e+00
    endloop
  endfacet
  facet normal -6.346827e-01 -6.087614e-01 -4.760120e-01
    outer loop
      vertex   1.292172e+02 1.464466e-01 9.621201e+00
      vertex   1.291536e+02 2.500000e-01 9.573526e+00
      vertex   1.306893e+02 2.500000e-01 7.525907e+00
    endloop
  endfacet
  facet normal -7.391036e-01 -3.826834e-01 -5.543277e-01
    outer loop
      vertex   1.306893e+02 2.500000e-01 7.525907e+00
      vertex   1.291536e+02 2.500000e-01 9.573526e+00
      vertex   1.306493e+02 3.705905e-01 7.495937e+00
    endloop
  endfacet
  facet normal -7.391036e-01 -3.826834e-01 -5.543277e-01
    outer loop
      vertex   1.306893e+02 2.500000e-01 7.525907e+00
      vertex   1.306493e+02 3.705905e-01 7.495937e+00
      vertex   1.321851e+02 3.705905e-01 5.448317e+00
    endloop
  endfacet
  facet normal -7.931559e-01 -1.305262e-01 -5.948669e-01
    outer loop
      vertex   1.321851e+02 3.705905e-01 5.448317e+00
      vertex   1.306493e+02 3.705905e-01 7.495937e+00
      vertex   1.291000e+02 5.000000e-01 9.533333e+00
    endloop
  endfacet
  facet normal -7.391036e-01 -3.826834e-01 -5.543277e-01
    outer loop
      vertex   1.291536e+02 2.500000e-01 9.573526e+00
      vertex   1.291136e+02 3.705905e-01 9.543556e+00
      vertex   1.306493e+02 3.705905e-01 7.495937e+00
    endloop
  endfacet
  facet normal -7.931559e-01 -1.305262e-01 -5.948669e-01
    outer loop
      vertex   1.306493e+02 3.705905e-01 7.495937e+00
      vertex   1.291136e+02 3.705905e-01 9.543556e+00
      vertex   1.291000e+02 5.000000e-01 9.533333e+00
    endloop
  endfacet
  facet normal -7.391036e-01 -3.826834e-01 -5.543277e-01
    outer loop
      vertex   1.398636e+02 3.705905e-01 -4.789778e+00
      vertex   1.399036e+02 2.500000e-01 -4.759808e+00
      vertex   1.383679e+02 2.500000e-01 -2.712189e+00
    endloop
  endfacet
  facet normal -6.346827e-01 -6.087614e-01 -4.760120e-01
    outer loop
      vertex   1.383679e+02 2.500000e-01 -2.712189e+00
      vertex   1.399036e+02 2.500000e-01 -4.759808e+00
      vertex   1.384314e+02 1.464466e-01 -2.664513e+00
    endloop
  endfacet
  facet normal -6.346827e-01 -6.087614e-01 -4.760120e-01
    outer loop
      vertex   1.383679e+02 2.500000e-01 -2.712189e+00
      vertex   1.384314e+02 1.464466e-01 -2.664513e+00
      vertex   1.368957e+02 1.464466e-01 -6.168939e-01
    endloop
  endfacet
  facet normal -4.870091e-01 -7.933533e-01 -3.652569e-01
    outer loop
      vertex   1.368957e+02 1.464466e-01 -6.168939e-01
      vertex   1.384314e+02 1.464466e-01 -2.664513e+00
      vertex   1.369786e+02 6.698730e-02 -5.547619e-01
    endloop
  endfacet
  facet normal -4.870091e-01 -7.933533e-01 -3.652569e-01
    outer loop
      vertex   1.368957e+02 1.464466e-01 -6.168939e-01
      vertex   1.369786e+02 6.698730e-02 -5.547619e-01
      vertex   1.354429e+02 6.698730e-02 1.492857e+00
    endloop
  endfacet
  facet normal -3.061467e-01 -9.238795e-01 -2.296101e-01
    outer loop
      vertex   1.354429e+02 6.698730e-02 1.492857e+00
      vertex   1.369786e+02 6.698730e-02 -5.547619e-01
      vertex   1.355393e+02 1.703709e-02 1.565211e+00
    endloop
  endfacet
  facet normal -3.061467e-01 -9.238795e-01 -2.296101e-01
    outer loop
      vertex   1.354429e+02 6.698730e-02 1.492857e+00
      vertex   1.355393e+02 1.703709e-02 1.565211e+00
      vertex   1.340036e+02 1.703709e-02 3.612830e+00
    endloop
  endfacet
  facet normal -1.044210e-01 -9.914449e-01 -7.831572e-02
    outer loop
      vertex   1.340036e+02 1.703709e-02 3.612830e+00
      vertex   1.355393e+02 1.703709e-02 1.565211e+00
      vertex   1.295000e+02 0.000000e+00 9.833333e+00
    endloop
  endfacet
  facet normal -6.346827e-01 -6.087614e-01 -4.760120e-01
    outer loop
      vertex   1.399036e+02 2.500000e-01 -4.759808e+00
      vertex   1.399672e+02 1.464466e-01 -4.712132e+00
      vertex   1.384314e+02 1.464466e-01 -2.664513e+00
    endloop
  endfacet
  facet normal -4.870091e-01 -7.933533e-01 -3.652569e-01
    outer loop
      vertex   1.384314e+02 1.464466e-01 -2.664513e+00
      vertex   1.399672e+02 1.464466e-01 -4.712132e+00
      vertex   1.385143e+02 6.698730e-02 -2.602381e+00
    endloop
  endfacet
  facet normal -4.870091e-01 -7.933533e-01 -3.652569e-01
    outer loop
      vertex   1.384314e+02 1.464466e-01 -2.664513e+00
      vertex   1.385143e+02 6.698730e-02 -2.602381e+00
      vertex   1.369786e+02 6.698730e-02 -5.547619e-01
    endloop
  endfacet
  facet normal -3.061467e-01 -9.238795e-01 -2.296101e-01
    outer loop
      vertex   1.369786e+02 6.698730e-02 -5.547619e-01
      vertex   1.385143e+02 6.698730e-02 -2.602381e+00
      vertex   1.370750e+02 1.703709e-02 -4.824076e-01
    endloop
  endfacet
  facet normal -3.061467e-01 -9.238795e-01 -2.296101e-01
    outer loop
      vertex   1.369786e+02 6.698730e-02 -5.547619e-01
      vertex   1.370750e+02 1.703709e-02 -4.824076e-01
      vertex   1.355393e+02 1.703709e-02 1.565211e+00
    endloop
  endfacet
  facet normal -1.044210e-01 -9.914449e-01 -7.831572e-02
    outer loop
      vertex   1.355393e+02 1.703709e-02 1.565211e+00
      vertex   1.370750e+02 1.703709e-02 -4.824076e-01
      vertex   1.402500e+02 0.000000e+00 -4.500000e+00
    endloop
  endfacet
  facet normal -1.044210e-01 -9.914449e-01 -7.831572e-02
    outer loop
      vertex   1.355393e+02 1.703709e-02 1.565211e+00
      vertex   1.402500e+02 0.000000e+00 -4.500000e+00
      vertex   1.295000e+02 0.000000e+00 9.833333e+00
    endloop
  endfacet
  facet normal -4.870091e-01 -7.933533e-01 -3.652569e-01
    outer loop
      vertex   1.399672e+02 1.464466e-01 -4.712132e+00
      vertex   1.400500e+02 6.698730e-02 -4.650000e+00
      vertex   1.385143e+02 6.698730e-02 -2.602381e+00
    endloop
  endfacet
  facet normal -3.061467e-01 -9.238795e-01 -2.296101e-01
    outer loop
      vertex   1.385143e+02 6.698730e-02 -2.602381e+00
      vertex   1.400500e+02 6.698730e-02 -4.650000e+00
      vertex   1.386108e+02 1.703709e-02 -2.530027e+00
    endloop
  endfacet
  facet normal -3.061467e-01 -9.238795e-01 -2.296101e-01
    outer loop
      vertex   1.385143e+02 6.698730e-02 -2.602381e+00
      vertex   1.386108e+02 1.703709e-02 -2.530027e+00
      vertex   1.370750e+02 1.703709e-02 -4.824076e-01
    endloop
  endfacet
  facet normal -1.044210e-01 -9.914449e-01 -7.831572e-02
    outer loop
      vertex   1.370750e+02 1.703709e-02 -4.824076e-01
      vertex   1.386108e+02 1.703709e-02 -2.530027e+00
      vertex   1.402500e+02 0.000000e+00 -4.500000e+00
    endloop
  endfacet
  facet normal -3.061467e-01 -9.238795e-01 -2.296101e-01
    outer loop
      vertex   1.400500e+02 6.698730e-02 -4.650000e+00
      vertex   1.401465e+02 1.703709e-02 -4.577646e+00
      vertex   1.386108e+02 1.703709e-02 -2.530027e+00
    endloop
  endfacet
  facet normal -1.044210e-01 -9.914449e-01 -7.831572e-02
    outer loop
      vertex   1.386108e+02 1.703709e-02 -2.530027e+00
      vertex   1.401465e+02 1.703709e-02 -4.577646e+00
      vertex   1.402500e+02 0.000000e+00 -4.500000e+00
    endloop
  endfacet
  facet normal -3.061467e-01 -9.238795e-01 -2.296101e-01
    outer loop
      vertex   1.339071e+02 6.698730e-02 3.540476e+00
      vertex   1.324679e+02 1.703709e-02 5.660450e+00
      vertex   1.323714e+02 6.698730e-02 5.588095e+00
    endloop
  endfacet
  facet normal -3.061467e-01 -9.238795e-01 -2.296101e-01
    outer loop
      vertex   1.323714e+02 6.698730e-02 5.588095e+00
      vertex   1.324679e+02 1.703709e-02 5.660450e+00
      vertex   1.309322e+02 1.703709e-02 7.708069e+00
    endloop
  endfacet
  facet normal -4.870091e-01 -7.933533e-01 -3.652569e-01
    outer loop
      vertex   1.353600e+02 1.464466e-01 1.430725e+00
      vertex   1.339071e+02 6.698730e-02 3.540476e+00
      vertex   1.338243e+02 1.464466e-01 3.478344e+00
    endloop
  endfacet
  facet normal -4.870091e-01 -7.933533e-01 -3.652569e-01
    outer loop
      vertex   1.338243e+02 1.464466e-01 3.478344e+00
      vertex   1.339071e+02 6.698730e-02 3.540476e+00
      vertex   1.323714e+02 6.698730e-02 5.588095e+00
    endloop
  endfacet
  facet normal -6.346827e-01 -6.087614e-01 -4.760120e-01
    outer loop
      vertex   1.368322e+02 2.500000e-01 -6.645695e-01
      vertex   1.353600e+02 1.464466e-01 1.430725e+00
      vertex   1.352964e+02 2.500000e-01 1.383050e+00
    endloop
  endfacet
  facet normal -6.346827e-01 -6.087614e-01 -4.760120e-01
    outer loop
      vertex   1.352964e+02 2.500000e-01 1.383050e+00
      vertex   1.353600e+02 1.464466e-01 1.430725e+00
      vertex   1.338243e+02 1.464466e-01 3.478344e+00
    endloop
  endfacet
  facet normal -7.391036e-01 -3.826834e-01 -5.543277e-01
    outer loop
      vertex   1.383279e+02 3.705905e-01 -2.742159e+00
      vertex   1.368322e+02 2.500000e-01 -6.645695e-01
      vertex   1.367922e+02 3.705905e-01 -6.945397e-01
    endloop
  endfacet
  facet normal -7.391036e-01 -3.826834e-01 -5.543277e-01
    outer loop
      vertex   1.367922e+02 3.705905e-01 -6.945397e-01
      vertex   1.368322e+02 2.500000e-01 -6.645695e-01
      vertex   1.352964e+02 2.500000e-01 1.383050e+00
    endloop
  endfacet
  facet normal -7.252403e-01 1.305807e-14 -6.884959e-01
    outer loop
      vertex   1.399296e+02 6.500000e+00 -4.883876e+00
      vertex   1.399296e+02 4.500000e+00 -4.883876e+00
      vertex   1.398500e+02 6.500000e+00 -4.800000e+00
    endloop
  endfacet
  facet normal -7.252403e-01 -6.112273e-16 -6.884959e-01
    outer loop
      vertex   1.398500e+02 6.500000e+00 -4.800000e+00
      vertex   1.399296e+02 4.500000e+00 -4.883876e+00
      vertex   1.399296e+02 2.500000e+00 -4.883876e+00
    endloop
  endfacet
  facet normal -7.252403e-01 3.057536e-16 -6.884959e-01
    outer loop
      vertex   1.398500e+02 6.500000e+00 -4.800000e+00
      vertex   1.399296e+02 2.500000e+00 -4.883876e+00
      vertex   1.398500e+02 5.000000e-01 -4.800000e+00
    endloop
  endfacet
  facet normal -7.252403e-01 9.187159e-16 -6.884959e-01
    outer loop
      vertex   1.398500e+02 5.000000e-01 -4.800000e+00
      vertex   1.399296e+02 2.500000e+00 -4.883876e+00
      vertex   1.399296e+02 5.000000e-01 -4.883876e+00
    endloop
  endfacet
  facet normal -5.476554e-01 1.114714e-15 -8.367040e-01
    outer loop
      vertex   1.399296e+02 5.000000e-01 -4.883876e+00
      vertex   1.399296e+02 2.500000e+00 -4.883876e+00
      vertex   1.400264e+02 5.000000e-01 -4.947214e+00
    endloop
  endfacet
  facet normal -5.476554e-01 7.431424e-16 -8.367040e-01
    outer loop
      vertex   1.400264e+02 5.000000e-01 -4.947214e+00
      vertex   1.399296e+02 2.500000e+00 -4.883876e+00
      vertex   1.400264e+02 2.500000e+00 -4.947214e+00
    endloop
  endfacet
  facet normal -3.407699e-01 8.350180e-16 -9.401467e-01
    outer loop
      vertex   1.400264e+02 5.000000e-01 -4.947214e+00
      vertex   1.400264e+02 2.500000e+00 -4.947214e+00
      vertex   1.401351e+02 5.000000e-01 -4.986624e+00
    endloop
  endfacet
  facet normal -3.407699e-01 -8.350180e-16 -9.401467e-01
    outer loop
      vertex   1.401351e+02 5.000000e-01 -4.986624e+00
      vertex   1.400264e+02 2.500000e+00 -4.947214e+00
      vertex   1.401351e+02 2.500000e+00 -4.986624e+00
    endloop
  endfacet
  facet normal -1.156525e-01 -8.822185e-16 -9.932897e-01
    outer loop
      vertex   1.401351e+02 5.000000e-01 -4.986624e+00
      vertex   1.401351e+02 2.500000e+00 -4.986624e+00
      vertex   1.402500e+02 5.000000e-01 -5.000000e+00
    endloop
  endfacet
  facet normal -1.156525e-01 4.406087e-16 -9.932897e-01
    outer loop
      vertex   1.402500e+02 5.000000e-01 -5.000000e+00
      vertex   1.401351e+02 2.500000e+00 -4.986624e+00
      vertex   1.401351e+02 4.500000e+00 -4.986624e+00
    endloop
  endfacet
  facet normal -1.156525e-01 0.000000e+00 -9.932897e-01
    outer loop
      vertex   1.402500e+02 5.000000e-01 -5.000000e+00
      vertex   1.401351e+02 4.500000e+00 -4.986624e+00
      vertex   1.402500e+02 6.500000e+00 -5.000000e+00
    endloop
  endfacet
  facet normal -1.156525e-01 6.176021e-15 -9.932897e-01
    outer loop
      vertex   1.402500e+02 6.500000e+00 -5.000000e+00
      vertex   1.401351e+02 4.500000e+00 -4.986624e+00
      vertex   1.401351e+02 6.500000e+00 -4.986624e+00
    endloop
  endfacet
  facet normal -3.407699e-01 5.845126e-15 -9.401467e-01
    outer loop
      vertex   1.401351e+02 6.500000e+00 -4.986624e+00
      vertex   1.401351e+02 4.500000e+00 -4.986624e+00
      vertex   1.400264e+02 6.500000e+00 -4.947214e+00
    endloop
  endfacet
  facet normal -3.407699e-01 4.175090e-15 -9.401467e-01
    outer loop
      vertex   1.400264e+02 6.500000e+00 -4.947214e+00
      vertex   1.401351e+02 4.500000e+00 -4.986624e+00
      vertex   1.400264e+02 4.500000e+00 -4.947214e+00
    endloop
  endfacet
  facet normal -5.476554e-01 3.715712e-15 -8.367040e-01
    outer loop
      vertex   1.400264e+02 6.500000e+00 -4.947214e+00
      vertex   1.400264e+02 4.500000e+00 -4.947214e+00
      vertex   1.399296e+02 6.500000e+00 -4.883876e+00
    endloop
  endfacet
  facet normal -5.476554e-01 1.112679e-14 -8.367040e-01
    outer loop
      vertex   1.399296e+02 6.500000e+00 -4.883876e+00
      vertex   1.400264e+02 4.500000e+00 -4.947214e+00
      vertex   1.399296e+02 4.500000e+00 -4.883876e+00
    endloop
  endfacet
  facet normal -5.476554e-01 -7.424725e-16 -8.367040e-01
    outer loop
      vertex   1.400264e+02 2.500000e+00 -4.947214e+00
      vertex   1.399296e+02 2.500000e+00 -4.883876e+00
      vertex   1.399296e+02 4.500000e+00 -4.883876e+00
    endloop
  endfacet
  facet normal -5.476554e-01 0.000000e+00 -8.367040e-01
    outer loop
      vertex   1.400264e+02 2.500000e+00 -4.947214e+00
      vertex   1.399296e+02 4.500000e+00 -4.883876e+00
      vertex   1.400264e+02 4.500000e+00 -4.947214e+00
    endloop
  endfacet
  facet normal -3.407699e-01 0.000000e+00 -9.401467e-01
    outer loop
      vertex   1.401351e+02 2.500000e+00 -4.986624e+00
      vertex   1.400264e+02 2.500000e+00 -4.947214e+00
      vertex   1.400264e+02 4.500000e+00 -4.947214e+00
    endloop
  endfacet
  facet normal -3.407699e-01 4.175090e-16 -9.401467e-01
    outer loop
      vertex   1.401351e+02 2.500000e+00 -4.986624e+00
      vertex   1.400264e+02 4.500000e+00 -4.947214e+00
      vertex   1.401351e+02 4.500000e+00 -4.986624e+00
    endloop
  endfacet
  facet normal 0.000000e+00 1.305262e-01 -9.914449e-01
    outer loop
      vertex   1.402500e+02 6.629410e+00 -4.982963e+00
      vertex   1.430492e+02 6.629410e+00 -4.982963e+00
      vertex   1.402500e+02 6.500000e+00 -5.000000e+00
    endloop
  endfacet
  facet normal 0.000000e+00 1.305262e-01 -9.914449e-01
    outer loop
      vertex   1.402500e+02 6.500000e+00 -5.000000e+00
      vertex   1.430492e+02 6.629410e+00 -4.982963e+00
      vertex   1.458483e+02 6.629410e+00 -4.982963e+00
    endloop
  endfacet
  facet normal 0.000000e+00 1.305262e-01 -9.914449e-01
    outer loop
      vertex   1.402500e+02 6.500000e+00 -5.000000e+00
      vertex   1.458483e+02 6.629410e+00 -4.982963e+00
      vertex   1.486475e+02 6.629410e+00 -4.982963e+00
    endloop
  endfacet
  facet normal 0.000000e+00 3.826834e-01 -9.238795e-01
    outer loop
      vertex   1.486475e+02 6.629410e+00 -4.982963e+00
      vertex   1.458483e+02 6.629410e+00 -4.982963e+00
      vertex   1.486475e+02 6.750000e+00 -4.933013e+00
    endloop
  endfacet
  facet normal 0.000000e+00 3.826834e-01 -9.238795e-01
    outer loop
      vertex   1.486475e+02 6.629410e+00 -4.982963e+00
      vertex   1.486475e+02 6.750000e+00 -4.933013e+00
      vertex   1.514466e+02 6.750000e+00 -4.933013e+00
    endloop
  endfacet
  facet normal 0.000000e+00 6.087614e-01 -7.933533e-01
    outer loop
      vertex   1.514466e+02 6.750000e+00 -4.933013e+00
      vertex   1.486475e+02 6.750000e+00 -4.933013e+00
      vertex   1.514466e+02 6.853553e+00 -4.853553e+00
    endloop
  endfacet
  facet normal 0.000000e+00 6.087614e-01 -7.933533e-01
    outer loop
      vertex   1.514466e+02 6.750000e+00 -4.933013e+00
      vertex   1.514466e+02 6.853553e+00 -4.853553e+00
      vertex   1.542458e+02 6.853553e+00 -4.853553e+00
    endloop
  endfacet
  facet normal 0.000000e+00 7.933533e-01 -6.087614e-01
    outer loop
      vertex   1.542458e+02 6.853553e+00 -4.853553e+00
      vertex   1.514466e+02 6.853553e+00 -4.853553e+00
      vertex   1.542458e+02 6.933013e+00 -4.750000e+00
    endloop
  endfacet
  facet normal 0.000000e+00 7.933533e-01 -6.087614e-01
    outer loop
      vertex   1.542458e+02 6.853553e+00 -4.853553e+00
      vertex   1.542458e+02 6.933013e+00 -4.750000e+00
      vertex   1.570449e+02 6.933013e+00 -4.750000e+00
    endloop
  endfacet
  facet normal 0.000000e+00 9.238795e-01 -3.826834e-01
    outer loop
      vertex   1.570449e+02 6.933013e+00 -4.750000e+00
      vertex   1.542458e+02 6.933013e+00 -4.750000e+00
      vertex   1.570449e+02 6.982963e+00 -4.629410e+00
    endloop
  endfacet
  facet normal 0.000000e+00 9.238795e-01 -3.826834e-01
    outer loop
      vertex   1.570449e+02 6.933013e+00 -4.750000e+00
      vertex   1.570449e+02 6.982963e+00 -4.629410e+00
      vertex   1.598441e+02 6.982963e+00 -4.629410e+00
    endloop
  endfacet
  facet normal 0.000000e+00 9.914449e-01 -1.305262e-01
    outer loop
      vertex   1.598441e+02 6.982963e+00 -4.629410e+00
      vertex   1.570449e+02 6.982963e+00 -4.629410e+00
      vertex   1.598441e+02 7.000000e+00 -4.500000e+00
    endloop
  endfacet
  facet normal 0.000000e+00 9.914449e-01 -1.305262e-01
    outer loop
      vertex   1.598441e+02 7.000000e+00 -4.500000e+00
      vertex   1.570449e+02 6.982963e+00 -4.629410e+00
      vertex   1.542458e+02 6.982963e+00 -4.629410e+00
    endloop
  endfacet
  facet normal 0.000000e+00 9.914449e-01 -1.305262e-01
    outer loop
      vertex   1.598441e+02 7.000000e+00 -4.500000e+00
      vertex   1.542458e+02 6.982963e+00 -4.629410e+00
      vertex   1.514466e+02 6.982963e+00 -4.629410e+00
    endloop
  endfacet
  facet normal 0.000000e+00 9.238795e-01 -3.826834e-01
    outer loop
      vertex   1.514466e+02 6.982963e+00 -4.629410e+00
      vertex   1.542458e+02 6.982963e+00 -4.629410e+00
      vertex   1.514466e+02 6.933013e+00 -4.750000e+00
    endloop
  endfacet
  facet normal 0.000000e+00 9.238795e-01 -3.826834e-01
    outer loop
      vertex   1.514466e+02 6.982963e+00 -4.629410e+00
      vertex   1.514466e+02 6.933013e+00 -4.750000e+00
      vertex   1.486475e+02 6.933013e+00 -4.750000e+00
    endloop
  endfacet
  facet normal 0.000000e+00 7.933533e-01 -6.087614e-01
    outer loop
      vertex   1.486475e+02 6.933013e+00 -4.750000e+00
      vertex   1.514466e+02 6.933013e+00 -4.750000e+00
      vertex   1.486475e+02 6.853553e+00 -4.853553e+00
    endloop
  endfacet
  facet normal 0.000000e+00 7.933533e-01 -6.087614e-01
    outer loop
      vertex   1.486475e+02 6.933013e+00 -4.750000e+00
      vertex   1.486475e+02 6.853553e+00 -4.853553e+00
      vertex   1.458483e+02 6.853553e+00 -4.853553e+00
    endloop
  endfacet
  facet normal 0.000000e+00 6.087614e-01 -7.933533e-01
    outer loop
      vertex   1.458483e+02 6.853553e+00 -4.853553e+00
      vertex   1.486475e+02 6.853553e+00 -4.853553e+00
      vertex   1.458483e+02 6.750000e+00 -4.933013e+00
    endloop
  endfacet
  facet normal 0.000000e+00 6.087614e-01 -7.933533e-01
    outer loop
      vertex   1.458483e+02 6.853553e+00 -4.853553e+00
      vertex   1.458483e+02 6.750000e+00 -4.933013e+00
      vertex   1.430492e+02 6.750000e+00 -4.933013e+00
    endloop
  endfacet
  facet normal 0.000000e+00 3.826834e-01 -9.238795e-01
    outer loop
      vertex   1.430492e+02 6.750000e+00 -4.933013e+00
      vertex   1.458483e+02 6.750000e+00 -4.933013e+00
      vertex   1.430492e+02 6.629410e+00 -4.982963e+00
    endloop
  endfacet
  facet normal 0.000000e+00 3.826834e-01 -9.238795e-01
    outer loop
      vertex   1.430492e+02 6.750000e+00 -4.933013e+00
      vertex   1.430492e+02 6.629410e+00 -4.982963e+00
      vertex   1.402500e+02 6.629410e+00 -4.982963e+00
    endloop
  endfacet
  facet normal 0.000000e+00 3.826834e-01 -9.238795e-01
    outer loop
      vertex   1.402500e+02 6.629410e+00 -4.982963e+00
      vertex   1.402500e+02 6.750000e+00 -4.933013e+00
      vertex   1.430492e+02 6.750000e+00 -4.933013e+00
    endloop
  endfacet
  facet normal 0.000000e+00 6.087614e-01 -7.933533e-01
    outer loop
      vertex   1.430492e+02 6.750000e+00 -4.933013e+00
      vertex   1.402500e+02 6.750000e+00 -4.933013e+00
      vertex   1.430492e+02 6.853553e+00 -4.853553e+00
    endloop
  endfacet
  facet normal 0.000000e+00 6.087614e-01 -7.933533e-01
    outer loop
      vertex   1.430492e+02 6.750000e+00 -4.933013e+00
      vertex   1.430492e+02 6.853553e+00 -4.853553e+00
      vertex   1.458483e+02 6.853553e+00 -4.853553e+00
    endloop
  endfacet
  facet normal 0.000000e+00 7.933533e-01 -6.087614e-01
    outer loop
      vertex   1.458483e+02 6.853553e+00 -4.853553e+00
      vertex   1.430492e+02 6.853553e+00 -4.853553e+00
      vertex   1.458483e+02 6.933013e+00 -4.750000e+00
    endloop
  endfacet
  facet normal 0.000000e+00 7.933533e-01 -6.087614e-01
    outer loop
      vertex   1.458483e+02 6.853553e+00 -4.853553e+00
      vertex   1.458483e+02 6.933013e+00 -4.750000e+00
      vertex   1.486475e+02 6.933013e+00 -4.750000e+00
    endloop
  endfacet
  facet normal 0.000000e+00 9.238795e-01 -3.826834e-01
    outer loop
      vertex   1.486475e+02 6.933013e+00 -4.750000e+00
      vertex   1.458483e+02 6.933013e+00 -4.750000e+00
      vertex   1.486475e+02 6.982963e+00 -4.629410e+00
    endloop
  endfacet
  facet normal 0.000000e+00 9.238795e-01 -3.826834e-01
    outer loop
      vertex   1.486475e+02 6.933013e+00 -4.750000e+00
      vertex   1.486475e+02 6.982963e+00 -4.629410e+00
      vertex   1.514466e+02 6.982963e+00 -4.629410e+00
    endloop
  endfacet
  facet normal 0.000000e+00 9.914449e-01 -1.305262e-01
    outer loop
      vertex   1.514466e+02 6.982963e+00 -4.629410e+00
      vertex   1.486475e+02 6.982963e+00 -4.629410e+00
      vertex   1.598441e+02 7.000000e+00 -4.500000e+00
    endloop
  endfacet
  facet normal 0.000000e+00 6.087614e-01 -7.933533e-01
    outer loop
      vertex   1.402500e+02 6.750000e+00 -4.933013e+00
      vertex   1.402500e+02 6.853553e+00 -4.853553e+00
      vertex   1.430492e+02 6.853553e+00 -4.853553e+00
    endloop
  endfacet
  facet normal 0.000000e+00 7.933533e-01 -6.087614e-01
    outer loop
      vertex   1.430492e+02 6.853553e+00 -4.853553e+00
      vertex   1.402500e+02 6.853553e+00 -4.853553e+00
      vertex   1.430492e+02 6.933013e+00 -4.750000e+00
    endloop
  endfacet
  facet normal 0.000000e+00 7.933533e-01 -6.087614e-01
    outer loop
      vertex   1.430492e+02 6.853553e+00 -4.853553e+00
      vertex   1.430492e+02 6.933013e+00 -4.750000e+00
      vertex   1.458483e+02 6.933013e+00 -4.750000e+00
    endloop
  endfacet
  facet normal 0.000000e+00 9.238795e-01 -3.826834e-01
    outer loop
      vertex   1.458483e+02 6.933013e+00 -4.750000e+00
      vertex   1.430492e+02 6.933013e+00 -4.750000e+00
      vertex   1.458483e+02 6.982963e+00 -4.629410e+00
    endloop
  endfacet
  facet normal 0.000000e+00 9.238795e-01 -3.826834e-01
    outer loop
      vertex   1.458483e+02 6.933013e+00 -4.750000e+00
      vertex   1.458483e+02 6.982963e+00 -4.629410e+00
      vertex   1.486475e+02 6.982963e+00 -4.629410e+00
    endloop
  endfacet
  facet normal 0.000000e+00 9.914449e-01 -1.305262e-01
    outer loop
      vertex   1.486475e+02 6.982963e+00 -4.629410e+00
      vertex   1.458483e+02 6.982963e+00 -4.629410e+00
      vertex   1.402500e+02 7.000000e+00 -4.500000e+00
    endloop
  endfacet
  facet normal 1.780479e-17 9.914449e-01 -1.305262e-01
    outer loop
      vertex   1.486475e+02 6.982963e+00 -4.629410e+00
      vertex   1.402500e+02 7.000000e+00 -4.500000e+00
      vertex   1.598441e+02 7.000000e+00 -4.500000e+00
    endloop
  endfacet
  facet normal 0.000000e+00 7.933533e-01 -6.087614e-01
    outer loop
      vertex   1.402500e+02 6.853553e+00 -4.853553e+00
      vertex   1.402500e+02 6.933013e+00 -4.750000e+00
      vertex   1.430492e+02 6.933013e+00 -4.750000e+00
    endloop
  endfacet
  facet normal 0.000000e+00 9.238795e-01 -3.826834e-01
    outer loop
      vertex   1.430492e+02 6.933013e+00 -4.750000e+00
      vertex   1.402500e+02 6.933013e+00 -4.750000e+00
      vertex   1.430492e+02 6.982963e+00 -4.629410e+00
    endloop
  endfacet
  facet normal 0.000000e+00 9.238795e-01 -3.826834e-01
    outer loop
      vertex   1.430492e+02 6.933013e+00 -4.750000e+00
      vertex   1.430492e+02 6.982963e+00 -4.629410e+00
      vertex   1.458483e+02 6.982963e+00 -4.629410e+00
    endloop
  endfacet
  facet normal 0.000000e+00 9.914449e-01 -1.305262e-01
    outer loop
      vertex   1.458483e+02 6.982963e+00 -4.629410e+00
      vertex   1.430492e+02 6.982963e+00 -4.629410e+00
      vertex   1.402500e+02 7.000000e+00 -4.500000e+00
    endloop
  endfacet
  facet normal 0.000000e+00 9.238795e-01 -3.826834e-01
    outer loop
      vertex   1.402500e+02 6.933013e+00 -4.750000e+00
      vertex   1.402500e+02 6.982963e+00 -4.629410e+00
      vertex   1.430492e+02 6.982963e+00 -4.629410e+00
    endloop
  endfacet
  facet normal 0.000000e+00 9.914449e-01 -1.305262e-01
    outer loop
      vertex   1.430492e+02 6.982963e+00 -4.629410e+00
      vertex   1.402500e+02 6.982963e+00 -4.629410e+00
      vertex   1.402500e+02 7.000000e+00 -4.500000e+00
    endloop
  endfacet
  facet normal -2.943726e-16 9.238795e-01 -3.826834e-01
    outer loop
      vertex   1.598441e+02 6.982963e+00 -4.629410e+00
      vertex   1.598441e+02 6.933013e+00 -4.750000e+00
      vertex   1.570449e+02 6.933013e+00 -4.750000e+00
    endloop
  endfacet
  facet normal -2.517329e-16 7.933533e-01 -6.087614e-01
    outer loop
      vertex   1.570449e+02 6.933013e+00 -4.750000e+00
      vertex   1.598441e+02 6.933013e+00 -4.750000e+00
      vertex   1.570449e+02 6.853553e+00 -4.853553e+00
    endloop
  endfacet
  facet normal 0.000000e+00 7.933533e-01 -6.087614e-01
    outer loop
      vertex   1.570449e+02 6.933013e+00 -4.750000e+00
      vertex   1.570449e+02 6.853553e+00 -4.853553e+00
      vertex   1.542458e+02 6.853553e+00 -4.853553e+00
    endloop
  endfacet
  facet normal 0.000000e+00 6.087614e-01 -7.933533e-01
    outer loop
      vertex   1.542458e+02 6.853553e+00 -4.853553e+00
      vertex   1.570449e+02 6.853553e+00 -4.853553e+00
      vertex   1.542458e+02 6.750000e+00 -4.933013e+00
    endloop
  endfacet
  facet normal 0.000000e+00 6.087614e-01 -7.933533e-01
    outer loop
      vertex   1.542458e+02 6.853553e+00 -4.853553e+00
      vertex   1.542458e+02 6.750000e+00 -4.933013e+00
      vertex   1.514466e+02 6.750000e+00 -4.933013e+00
    endloop
  endfacet
  facet normal 0.000000e+00 3.826834e-01 -9.238795e-01
    outer loop
      vertex   1.514466e+02 6.750000e+00 -4.933013e+00
      vertex   1.542458e+02 6.750000e+00 -4.933013e+00
      vertex   1.514466e+02 6.629410e+00 -4.982963e+00
    endloop
  endfacet
  facet normal 0.000000e+00 3.826834e-01 -9.238795e-01
    outer loop
      vertex   1.514466e+02 6.750000e+00 -4.933013e+00
      vertex   1.514466e+02 6.629410e+00 -4.982963e+00
      vertex   1.486475e+02 6.629410e+00 -4.982963e+00
    endloop
  endfacet
  facet normal 0.000000e+00 1.305262e-01 -9.914449e-01
    outer loop
      vertex   1.486475e+02 6.629410e+00 -4.982963e+00
      vertex   1.514466e+02 6.629410e+00 -4.982963e+00
      vertex   1.402500e+02 6.500000e+00 -5.000000e+00
    endloop
  endfacet
  facet normal 0.000000e+00 7.933533e-01 -6.087614e-01
    outer loop
      vertex   1.598441e+02 6.933013e+00 -4.750000e+00
      vertex   1.598441e+02 6.853553e+00 -4.853553e+00
      vertex   1.570449e+02 6.853553e+00 -4.853553e+00
    endloop
  endfacet
  facet normal 0.000000e+00 6.087614e-01 -7.933533e-01
    outer loop
      vertex   1.570449e+02 6.853553e+00 -4.853553e+00
      vertex   1.598441e+02 6.853553e+00 -4.853553e+00
      vertex   1.570449e+02 6.750000e+00 -4.933013e+00
    endloop
  endfacet
  facet normal 0.000000e+00 6.087614e-01 -7.933533e-01
    outer loop
      vertex   1.570449e+02 6.853553e+00 -4.853553e+00
      vertex   1.570449e+02 6.750000e+00 -4.933013e+00
      vertex   1.542458e+02 6.750000e+00 -4.933013e+00
    endloop
  endfacet
  facet normal 0.000000e+00 3.826834e-01 -9.238795e-01
    outer loop
      vertex   1.542458e+02 6.750000e+00 -4.933013e+00
      vertex   1.570449e+02 6.750000e+00 -4.933013e+00
      vertex   1.542458e+02 6.629410e+00 -4.982963e+00
    endloop
  endfacet
  facet normal 0.000000e+00 3.826834e-01 -9.238795e-01
    outer loop
      vertex   1.542458e+02 6.750000e+00 -4.933013e+00
      vertex   1.542458e+02 6.629410e+00 -4.982963e+00
      vertex   1.514466e+02 6.629410e+00 -4.982963e+00
    endloop
  endfacet
  facet normal 0.000000e+00 1.305262e-01 -9.914449e-01
    outer loop
      vertex   1.514466e+02 6.629410e+00 -4.982963e+00
      vertex   1.542458e+02 6.629410e+00 -4.982963e+00
      vertex   1.598441e+02 6.500000e+00 -5.000000e+00
    endloop
  endfacet
  facet normal 0.000000e+00 1.305262e-01 -9.914449e-01
    outer loop
      vertex   1.514466e+02 6.629410e+00 -4.982963e+00
      vertex   1.598441e+02 6.500000e+00 -5.000000e+00
      vertex   1.402500e+02 6.500000e+00 -5.000000e+00
    endloop
  endfacet
  facet normal 0.000000e+00 6.087614e-01 -7.933533e-01
    outer loop
      vertex   1.598441e+02 6.853553e+00 -4.853553e+00
      vertex   1.598441e+02 6.750000e+00 -4.933013e+00
      vertex   1.570449e+02 6.750000e+00 -4.933013e+00
    endloop
  endfacet
  facet normal 0.000000e+00 3.826834e-01 -9.238795e-01
    outer loop
      vertex   1.570449e+02 6.750000e+00 -4.933013e+00
      vertex   1.598441e+02 6.750000e+00 -4.933013e+00
      vertex   1.570449e+02 6.629410e+00 -4.982963e+00
    endloop
  endfacet
  facet normal 0.000000e+00 3.826834e-01 -9.238795e-01
    outer loop
      vertex   1.570449e+02 6.750000e+00 -4.933013e+00
      vertex   1.570449e+02 6.629410e+00 -4.982963e+00
      vertex   1.542458e+02 6.629410e+00 -4.982963e+00
    endloop
  endfacet
  facet normal 0.000000e+00 1.305262e-01 -9.914449e-01
    outer loop
      vertex   1.542458e+02 6.629410e+00 -4.982963e+00
      vertex   1.570449e+02 6.629410e+00 -4.982963e+00
      vertex   1.598441e+02 6.500000e+00 -5.000000e+00
    endloop
  endfacet
  facet normal -2.943726e-16 3.826834e-01 -9.238795e-01
    outer loop
      vertex   1.598441e+02 6.750000e+00 -4.933013e+00
      vertex   1.598441e+02 6.629410e+00 -4.982963e+00
      vertex   1.570449e+02 6.629410e+00 -4.982963e+00
    endloop
  endfacet
  facet normal -3.145878e-16 1.305262e-01 -9.914449e-01
    outer loop
      vertex   1.570449e+02 6.629410e+00 -4.982963e+00
      vertex   1.598441e+02 6.629410e+00 -4.982963e+00
      vertex   1.598441e+02 6.500000e+00 -5.000000e+00
    endloop
  endfacet
  facet normal 0.000000e+00 3.826834e-01 -9.238795e-01
    outer loop
      vertex   1.486475e+02 6.750000e+00 -4.933013e+00
      vertex   1.458483e+02 6.629410e+00 -4.982963e+00
      vertex   1.458483e+02 6.750000e+00 -4.933013e+00
    endloop
  endfacet
  facet normal 0.000000e+00 3.826834e-01 -9.238795e-01
    outer loop
      vertex   1.458483e+02 6.750000e+00 -4.933013e+00
      vertex   1.458483e+02 6.629410e+00 -4.982963e+00
      vertex   1.430492e+02 6.629410e+00 -4.982963e+00
    endloop
  endfacet
  facet normal 0.000000e+00 6.087614e-01 -7.933533e-01
    outer loop
      vertex   1.514466e+02 6.853553e+00 -4.853553e+00
      vertex   1.486475e+02 6.750000e+00 -4.933013e+00
      vertex   1.486475e+02 6.853553e+00 -4.853553e+00
    endloop
  endfacet
  facet normal 0.000000e+00 6.087614e-01 -7.933533e-01
    outer loop
      vertex   1.486475e+02 6.853553e+00 -4.853553e+00
      vertex   1.486475e+02 6.750000e+00 -4.933013e+00
      vertex   1.458483e+02 6.750000e+00 -4.933013e+00
    endloop
  endfacet
  facet normal 0.000000e+00 7.933533e-01 -6.087614e-01
    outer loop
      vertex   1.542458e+02 6.933013e+00 -4.750000e+00
      vertex   1.514466e+02 6.853553e+00 -4.853553e+00
      vertex   1.514466e+02 6.933013e+00 -4.750000e+00
    endloop
  endfacet
  facet normal 0.000000e+00 7.933533e-01 -6.087614e-01
    outer loop
      vertex   1.514466e+02 6.933013e+00 -4.750000e+00
      vertex   1.514466e+02 6.853553e+00 -4.853553e+00
      vertex   1.486475e+02 6.853553e+00 -4.853553e+00
    endloop
  endfacet
  facet normal 0.000000e+00 9.238795e-01 -3.826834e-01
    outer loop
      vertex   1.570449e+02 6.982963e+00 -4.629410e+00
      vertex   1.542458e+02 6.933013e+00 -4.750000e+00
      vertex   1.542458e+02 6.982963e+00 -4.629410e+00
    endloop
  endfacet
  facet normal 0.000000e+00 9.238795e-01 -3.826834e-01
    outer loop
      vertex   1.542458e+02 6.982963e+00 -4.629410e+00
      vertex   1.542458e+02 6.933013e+00 -4.750000e+00
      vertex   1.514466e+02 6.933013e+00 -4.750000e+00
    endloop
  endfacet
  facet normal 5.682304e-01 2.454123e-02 -8.225035e-01
    outer loop
      vertex   1.672374e+02 6.500000e+00 -4.996004e-15
      vertex   1.601283e+02 6.500000e+00 -4.911376e+00
      vertex   1.672355e+02 6.524534e+00 -6.022719e-04
    endloop
  endfacet
  facet normal 5.620623e-01 1.455838e-01 -8.141814e-01
    outer loop
      vertex   1.672355e+02 6.524534e+00 -6.022719e-04
      vertex   1.601283e+02 6.500000e+00 -4.911376e+00
      vertex   1.648580e+02 6.629410e+00 -1.623108e+00
    endloop
  endfacet
  facet normal 5.643872e-01 7.284891e-02 -8.222895e-01
    outer loop
      vertex   1.672355e+02 6.524534e+00 -6.022719e-04
      vertex   1.648580e+02 6.629410e+00 -1.623108e+00
      vertex   1.672297e+02 6.549009e+00 -2.407637e-03
    endloop
  endfacet
  facet normal 5.628162e-01 1.217689e-01 -8.175636e-01
    outer loop
      vertex   1.672297e+02 6.549009e+00 -2.407637e-03
      vertex   1.648580e+02 6.629410e+00 -1.623108e+00
      vertex   1.672201e+02 6.573365e+00 -5.411745e-03
    endloop
  endfacet
  facet normal 5.595243e-01 1.706046e-01 -8.110651e-01
    outer loop
      vertex   1.672201e+02 6.573365e+00 -5.411745e-03
      vertex   1.648580e+02 6.629410e+00 -1.623108e+00
      vertex   1.672066e+02 6.597545e+00 -9.607360e-03
    endloop
  endfacet
  facet normal 5.515028e-01 2.431235e-01 -7.979571e-01
    outer loop
      vertex   1.672066e+02 6.597545e+00 -9.607360e-03
      vertex   1.648580e+02 6.629410e+00 -1.623108e+00
      vertex   1.671684e+02 6.645142e+00 -2.152983e-02
    endloop
  endfacet
  facet normal 5.349421e-01 3.365050e-01 -7.749848e-01
    outer loop
      vertex   1.671684e+02 6.645142e+00 -2.152983e-02
      vertex   1.648580e+02 6.629410e+00 -1.623108e+00
      vertex   1.671154e+02 6.691342e+00 -3.806023e-02
    endloop
  endfacet
  facet normal 5.238580e-01 3.826830e-01 -7.610037e-01
    outer loop
      vertex   1.671154e+02 6.691342e+00 -3.806023e-02
      vertex   1.648580e+02 6.629410e+00 -1.623108e+00
      vertex   1.648296e+02 6.750000e+00 -1.582011e+00
    endloop
  endfacet
  facet normal 5.016210e-01 4.724690e-01 -7.246719e-01
    outer loop
      vertex   1.671154e+02 6.691342e+00 -3.806023e-02
      vertex   1.648296e+02 6.750000e+00 -1.582011e+00
      vertex   1.669672e+02 6.777785e+00 -8.426519e-02
    endloop
  endfacet
  facet normal 4.499320e-01 6.087610e-01 -6.534304e-01
    outer loop
      vertex   1.669672e+02 6.777785e+00 -8.426519e-02
      vertex   1.648296e+02 6.750000e+00 -1.582011e+00
      vertex   1.647845e+02 6.853553e+00 -1.516636e+00
    endloop
  endfacet
  facet normal 4.393804e-01 6.343933e-01 -6.359953e-01
    outer loop
      vertex   1.669672e+02 6.777785e+00 -8.426519e-02
      vertex   1.647845e+02 6.853553e+00 -1.516636e+00
      vertex   1.667678e+02 6.853553e+00 -1.464466e-01
    endloop
  endfacet
  facet normal 3.460210e-01 7.933533e-01 -5.008592e-01
    outer loop
      vertex   1.667678e+02 6.853553e+00 -1.464466e-01
      vertex   1.647845e+02 6.853553e+00 -1.516636e+00
      vertex   1.647256e+02 6.933013e+00 -1.431437e+00
    endloop
  endfacet
  facet normal 3.139555e-01 8.375405e-01 -4.471665e-01
    outer loop
      vertex   1.667678e+02 6.853553e+00 -1.464466e-01
      vertex   1.647256e+02 6.933013e+00 -1.431437e+00
      vertex   1.662476e+02 6.961940e+00 -3.086583e-01
    endloop
  endfacet
  facet normal 2.156556e-01 9.238772e-01 -3.161386e-01
    outer loop
      vertex   1.662476e+02 6.961940e+00 -3.086583e-01
      vertex   1.647256e+02 6.933013e+00 -1.431437e+00
      vertex   1.646571e+02 6.982963e+00 -1.332221e+00
    endloop
  endfacet
  facet normal 1.061641e-01 9.837540e-01 -1.447663e-01
    outer loop
      vertex   1.662476e+02 6.961940e+00 -3.086583e-01
      vertex   1.646571e+02 6.982963e+00 -1.332221e+00
      vertex   1.656340e+02 7.000000e+00 -5.000000e-01
    endloop
  endfacet
  facet normal 7.419129e-02 9.914449e-01 -1.073906e-01
    outer loop
      vertex   1.656340e+02 7.000000e+00 -5.000000e-01
      vertex   1.646571e+02 6.982963e+00 -1.332221e+00
      vertex   1.622874e+02 6.982963e+00 -2.969347e+00
    endloop
  endfacet
  facet normal 7.419129e-02 9.914449e-01 -1.073906e-01
    outer loop
      vertex   1.656340e+02 7.000000e+00 -5.000000e-01
      vertex   1.622874e+02 6.982963e+00 -2.969347e+00
      vertex   1.598441e+02 7.000000e+00 -4.500000e+00
    endloop
  endfacet
  facet normal 7.419129e-02 9.914449e-01 -1.073906e-01
    outer loop
      vertex   1.598441e+02 7.000000e+00 -4.500000e+00
      vertex   1.622874e+02 6.982963e+00 -2.969347e+00
      vertex   1.599176e+02 6.982963e+00 -4.606472e+00
    endloop
  endfacet
  facet normal 2.175179e-01 9.238795e-01 -3.148533e-01
    outer loop
      vertex   1.599176e+02 6.982963e+00 -4.606472e+00
      vertex   1.622874e+02 6.982963e+00 -2.969347e+00
      vertex   1.599862e+02 6.933013e+00 -4.705688e+00
    endloop
  endfacet
  facet normal 2.175179e-01 9.238795e-01 -3.148533e-01
    outer loop
      vertex   1.599862e+02 6.933013e+00 -4.705688e+00
      vertex   1.622874e+02 6.982963e+00 -2.969347e+00
      vertex   1.623559e+02 6.933013e+00 -3.068563e+00
    endloop
  endfacet
  facet normal 3.460210e-01 7.933533e-01 -5.008592e-01
    outer loop
      vertex   1.599862e+02 6.933013e+00 -4.705688e+00
      vertex   1.623559e+02 6.933013e+00 -3.068563e+00
      vertex   1.600450e+02 6.853553e+00 -4.790887e+00
    endloop
  endfacet
  facet normal 3.460210e-01 7.933533e-01 -5.008592e-01
    outer loop
      vertex   1.600450e+02 6.853553e+00 -4.790887e+00
      vertex   1.623559e+02 6.933013e+00 -3.068563e+00
      vertex   1.624148e+02 6.853553e+00 -3.153761e+00
    endloop
  endfacet
  facet normal 4.509433e-01 6.087614e-01 -6.527325e-01
    outer loop
      vertex   1.600450e+02 6.853553e+00 -4.790887e+00
      vertex   1.624148e+02 6.853553e+00 -3.153761e+00
      vertex   1.600902e+02 6.750000e+00 -4.856262e+00
    endloop
  endfacet
  facet normal 4.509433e-01 6.087614e-01 -6.527325e-01
    outer loop
      vertex   1.600902e+02 6.750000e+00 -4.856262e+00
      vertex   1.624148e+02 6.853553e+00 -3.153761e+00
      vertex   1.624599e+02 6.750000e+00 -3.219137e+00
    endloop
  endfacet
  facet normal 5.251346e-01 3.826834e-01 -7.601231e-01
    outer loop
      vertex   1.600902e+02 6.750000e+00 -4.856262e+00
      vertex   1.624599e+02 6.750000e+00 -3.219137e+00
      vertex   1.601186e+02 6.629410e+00 -4.897358e+00
    endloop
  endfacet
  facet normal 5.251346e-01 3.826834e-01 -7.601231e-01
    outer loop
      vertex   1.601186e+02 6.629410e+00 -4.897358e+00
      vertex   1.624599e+02 6.750000e+00 -3.219137e+00
      vertex   1.624883e+02 6.629410e+00 -3.260233e+00
    endloop
  endfacet
  facet normal 5.635388e-01 1.305262e-01 -8.157125e-01
    outer loop
      vertex   1.601186e+02 6.629410e+00 -4.897358e+00
      vertex   1.624883e+02 6.629410e+00 -3.260233e+00
      vertex   1.601283e+02 6.500000e+00 -4.911376e+00
    endloop
  endfacet
  facet normal 5.635388e-01 1.305262e-01 -8.157125e-01
    outer loop
      vertex   1.601283e+02 6.500000e+00 -4.911376e+00
      vertex   1.624883e+02 6.629410e+00 -3.260233e+00
      vertex   1.648580e+02 6.629410e+00 -1.623108e+00
    endloop
  endfacet
  facet normal 5.251346e-01 3.826834e-01 -7.601231e-01
    outer loop
      vertex   1.648296e+02 6.750000e+00 -1.582011e+00
      vertex   1.648580e+02 6.629410e+00 -1.623108e+00
      vertex   1.624883e+02 6.629410e+00 -3.260233e+00
    endloop
  endfacet
  facet normal 5.251346e-01 3.826834e-01 -7.601231e-01
    outer loop
      vertex   1.648296e+02 6.750000e+00 -1.582011e+00
      vertex   1.624883e+02 6.629410e+00 -3.260233e+00
      vertex   1.624599e+02 6.750000e+00 -3.219137e+00
    endloop
  endfacet
  facet normal 4.509433e-01 6.087614e-01 -6.527325e-01
    outer loop
      vertex   1.647845e+02 6.853553e+00 -1.516636e+00
      vertex   1.648296e+02 6.750000e+00 -1.582011e+00
      vertex   1.624599e+02 6.750000e+00 -3.219137e+00
    endloop
  endfacet
  facet normal 4.509433e-01 6.087614e-01 -6.527325e-01
    outer loop
      vertex   1.647845e+02 6.853553e+00 -1.516636e+00
      vertex   1.624599e+02 6.750000e+00 -3.219137e+00
      vertex   1.624148e+02 6.853553e+00 -3.153761e+00
    endloop
  endfacet
  facet normal 3.460210e-01 7.933533e-01 -5.008592e-01
    outer loop
      vertex   1.647256e+02 6.933013e+00 -1.431437e+00
      vertex   1.647845e+02 6.853553e+00 -1.516636e+00
      vertex   1.624148e+02 6.853553e+00 -3.153761e+00
    endloop
  endfacet
  facet normal 3.460210e-01 7.933533e-01 -5.008592e-01
    outer loop
      vertex   1.647256e+02 6.933013e+00 -1.431437e+00
      vertex   1.624148e+02 6.853553e+00 -3.153761e+00
      vertex   1.623559e+02 6.933013e+00 -3.068563e+00
    endloop
  endfacet
  facet normal 2.175179e-01 9.238795e-01 -3.148533e-01
    outer loop
      vertex   1.646571e+02 6.982963e+00 -1.332221e+00
      vertex   1.647256e+02 6.933013e+00 -1.431437e+00
      vertex   1.623559e+02 6.933013e+00 -3.068563e+00
    endloop
  endfacet
  facet normal 2.175179e-01 9.238795e-01 -3.148533e-01
    outer loop
      vertex   1.646571e+02 6.982963e+00 -1.332221e+00
      vertex   1.623559e+02 6.933013e+00 -3.068563e+00
      vertex   1.622874e+02 6.982963e+00 -2.969347e+00
    endloop
  endfacet
  facet normal -5.656778e-01 -9.778124e-02 -8.188086e-01
    outer loop
      vertex   2.768665e+01 5.000000e-01 2.768665e+01
      vertex   7.487172e+01 5.000000e-01 -4.911376e+00
      vertex   2.769280e+01 4.026893e-01 2.769402e+01
    endloop
  endfacet
  facet normal -5.607058e-01 -1.630186e-01 -8.118091e-01
    outer loop
      vertex   2.769280e+01 4.026893e-01 2.769402e+01
      vertex   7.487172e+01 5.000000e-01 -4.911376e+00
      vertex   4.342469e+01 3.705905e-01 1.683466e+01
    endloop
  endfacet
  facet normal -5.535848e-01 -2.268376e-01 -8.013043e-01
    outer loop
      vertex   2.769280e+01 4.026893e-01 2.769402e+01
      vertex   4.342469e+01 3.705905e-01 1.683466e+01
      vertex   4.117778e+01 3.705905e-01 1.838694e+01
    endloop
  endfacet
  facet normal -5.251346e-01 -3.826834e-01 -7.601231e-01
    outer loop
      vertex   4.117778e+01 3.705905e-01 1.838694e+01
      vertex   4.342469e+01 3.705905e-01 1.683466e+01
      vertex   4.120617e+01 2.500000e-01 1.842804e+01
    endloop
  endfacet
  facet normal -5.251346e-01 -3.826834e-01 -7.601231e-01
    outer loop
      vertex   4.117778e+01 3.705905e-01 1.838694e+01
      vertex   4.120617e+01 2.500000e-01 1.842804e+01
      vertex   3.895926e+01 2.500000e-01 1.998033e+01
    endloop
  endfacet
  facet normal -4.512580e-01 -6.080391e-01 -6.531881e-01
    outer loop
      vertex   3.895926e+01 2.500000e-01 1.998033e+01
      vertex   4.120617e+01 2.500000e-01 1.842804e+01
      vertex   3.900406e+01 1.470908e-01 2.004517e+01
    endloop
  endfacet
  facet normal -4.512558e-01 -6.080391e-01 -6.531896e-01
    outer loop
      vertex   3.895926e+01 2.500000e-01 1.998033e+01
      vertex   3.900406e+01 1.470908e-01 2.004517e+01
      vertex   3.675713e+01 1.471311e-01 2.159743e+01
    endloop
  endfacet
  facet normal -3.464591e-01 -7.927643e-01 -5.014887e-01
    outer loop
      vertex   3.675713e+01 1.471311e-01 2.159743e+01
      vertex   3.900406e+01 1.470908e-01 2.004517e+01
      vertex   3.681638e+01 6.698730e-02 2.168319e+01
    endloop
  endfacet
  facet normal -3.464569e-01 -7.927643e-01 -5.014902e-01
    outer loop
      vertex   3.675713e+01 1.471311e-01 2.159743e+01
      vertex   3.681638e+01 6.698730e-02 2.168319e+01
      vertex   3.456947e+01 6.698730e-02 2.323548e+01
    endloop
  endfacet
  facet normal -2.175179e-01 -9.238795e-01 -3.148533e-01
    outer loop
      vertex   3.456947e+01 6.698730e-02 2.323548e+01
      vertex   3.681638e+01 6.698730e-02 2.168319e+01
      vertex   3.463802e+01 1.703709e-02 2.333469e+01
    endloop
  endfacet
  facet normal -2.175179e-01 -9.238795e-01 -3.148533e-01
    outer loop
      vertex   3.456947e+01 6.698730e-02 2.323548e+01
      vertex   3.463802e+01 1.703709e-02 2.333469e+01
      vertex   3.239111e+01 1.703709e-02 2.488698e+01
    endloop
  endfacet
  facet normal -7.419129e-02 -9.914449e-01 -1.073906e-01
    outer loop
      vertex   3.239111e+01 1.703709e-02 2.488698e+01
      vertex   3.463802e+01 1.703709e-02 2.333469e+01
      vertex   2.800895e+01 0.000000e+00 2.807170e+01
    endloop
  endfacet
  facet normal -7.419129e-02 -9.914449e-01 -1.073906e-01
    outer loop
      vertex   3.239111e+01 1.703709e-02 2.488698e+01
      vertex   2.800895e+01 0.000000e+00 2.807170e+01
      vertex   3.014420e+01 1.703709e-02 2.643927e+01
    endloop
  endfacet
  facet normal 2.775450e-03 -9.999730e-01 -6.805993e-03
    outer loop
      vertex   3.014420e+01 1.703709e-02 2.643927e+01
      vertex   2.800895e+01 0.000000e+00 2.807170e+01
      vertex   2.800673e+01 1.183272e-05 2.806906e+01
    endloop
  endfacet
  facet normal -5.815964e-02 -9.945383e-01 -8.666566e-02
    outer loop
      vertex   3.014420e+01 1.703709e-02 2.643927e+01
      vertex   2.800673e+01 1.183272e-05 2.806906e+01
      vertex   2.794417e+01 1.016231e-02 2.799456e+01
    endloop
  endfacet
  facet normal -5.635388e-01 -1.305262e-01 -8.157125e-01
    outer loop
      vertex   7.488140e+01 3.705905e-01 -4.897358e+00
      vertex   7.263449e+01 3.705905e-01 -3.345071e+00
      vertex   7.487172e+01 5.000000e-01 -4.911376e+00
    endloop
  endfacet
  facet normal -5.635388e-01 -1.305262e-01 -8.157125e-01
    outer loop
      vertex   7.487172e+01 5.000000e-01 -4.911376e+00
      vertex   7.263449e+01 3.705905e-01 -3.345071e+00
      vertex   7.038758e+01 3.705905e-01 -1.792785e+00
    endloop
  endfacet
  facet normal -5.635388e-01 -1.305262e-01 -8.157125e-01
    outer loop
      vertex   7.487172e+01 5.000000e-01 -4.911376e+00
      vertex   7.038758e+01 3.705905e-01 -1.792785e+00
      vertex   6.814068e+01 3.705905e-01 -2.404977e-01
    endloop
  endfacet
  facet normal -5.251346e-01 -3.826834e-01 -7.601231e-01
    outer loop
      vertex   6.814068e+01 3.705905e-01 -2.404977e-01
      vertex   7.038758e+01 3.705905e-01 -1.792785e+00
      vertex   6.816907e+01 2.500000e-01 -1.994011e-01
    endloop
  endfacet
  facet normal -5.251346e-01 -3.826834e-01 -7.601231e-01
    outer loop
      vertex   6.814068e+01 3.705905e-01 -2.404977e-01
      vertex   6.816907e+01 2.500000e-01 -1.994011e-01
      vertex   6.592216e+01 2.500000e-01 1.352886e+00
    endloop
  endfacet
  facet normal -4.510220e-01 -6.085809e-01 -6.528464e-01
    outer loop
      vertex   6.592216e+01 2.500000e-01 1.352886e+00
      vertex   6.816907e+01 2.500000e-01 -1.994011e-01
      vertex   6.596723e+01 1.466075e-01 1.418129e+00
    endloop
  endfacet
  facet normal -4.510198e-01 -6.085809e-01 -6.528480e-01
    outer loop
      vertex   6.592216e+01 2.500000e-01 1.352886e+00
      vertex   6.596723e+01 1.466075e-01 1.418129e+00
      vertex   6.372030e+01 1.466478e-01 2.970382e+00
    endloop
  endfacet
  facet normal -3.461514e-01 -7.931802e-01 -5.010433e-01
    outer loop
      vertex   6.372030e+01 1.466478e-01 2.970382e+00
      vertex   6.596723e+01 1.466075e-01 1.418129e+00
      vertex   6.377928e+01 6.698730e-02 3.055747e+00
    endloop
  endfacet
  facet normal -3.461492e-01 -7.931802e-01 -5.010449e-01
    outer loop
      vertex   6.372030e+01 1.466478e-01 2.970382e+00
      vertex   6.377928e+01 6.698730e-02 3.055747e+00
      vertex   6.153237e+01 6.698730e-02 4.608033e+00
    endloop
  endfacet
  facet normal -2.175179e-01 -9.238795e-01 -3.148533e-01
    outer loop
      vertex   6.153237e+01 6.698730e-02 4.608033e+00
      vertex   6.377928e+01 6.698730e-02 3.055747e+00
      vertex   6.160091e+01 1.703709e-02 4.707249e+00
    endloop
  endfacet
  facet normal -2.175179e-01 -9.238795e-01 -3.148533e-01
    outer loop
      vertex   6.153237e+01 6.698730e-02 4.608033e+00
      vertex   6.160091e+01 1.703709e-02 4.707249e+00
      vertex   5.935400e+01 1.703709e-02 6.259536e+00
    endloop
  endfacet
  facet normal -7.419129e-02 -9.914449e-01 -1.073906e-01
    outer loop
      vertex   5.935400e+01 1.703709e-02 6.259536e+00
      vertex   6.160091e+01 1.703709e-02 4.707249e+00
      vertex   7.515592e+01 0.000000e+00 -4.500000e+00
    endloop
  endfacet
  facet normal -7.419129e-02 -9.914449e-01 -1.073906e-01
    outer loop
      vertex   5.935400e+01 1.703709e-02 6.259536e+00
      vertex   7.515592e+01 0.000000e+00 -4.500000e+00
      vertex   5.710710e+01 1.703709e-02 7.811823e+00
    endloop
  endfacet
  facet normal -7.419129e-02 -9.914449e-01 -1.073906e-01
    outer loop
      vertex   5.710710e+01 1.703709e-02 7.811823e+00
      vertex   7.515592e+01 0.000000e+00 -4.500000e+00
      vertex   5.486019e+01 1.703709e-02 9.364110e+00
    endloop
  endfacet
  facet normal -2.175179e-01 -9.238795e-01 -3.148533e-01
    outer loop
      vertex   5.710710e+01 1.703709e-02 7.811823e+00
      vertex   5.486019e+01 1.703709e-02 9.364110e+00
      vertex   5.703855e+01 6.698730e-02 7.712607e+00
    endloop
  endfacet
  facet normal -2.175179e-01 -9.238795e-01 -3.148533e-01
    outer loop
      vertex   5.703855e+01 6.698730e-02 7.712607e+00
      vertex   5.486019e+01 1.703709e-02 9.364110e+00
      vertex   5.479164e+01 6.698730e-02 9.264894e+00
    endloop
  endfacet
  facet normal -3.462261e-01 -7.930762e-01 -5.011562e-01
    outer loop
      vertex   5.703855e+01 6.698730e-02 7.712607e+00
      vertex   5.479164e+01 6.698730e-02 9.264894e+00
      vertex   5.697951e+01 1.467686e-01 7.627144e+00
    endloop
  endfacet
  facet normal -3.462540e-01 -7.930416e-01 -5.011918e-01
    outer loop
      vertex   5.697951e+01 1.467686e-01 7.627144e+00
      vertex   5.479164e+01 6.698730e-02 9.264894e+00
      vertex   5.473258e+01 1.468088e-01 9.179398e+00
    endloop
  endfacet
  facet normal -4.510985e-01 -6.084003e-01 -6.529619e-01
    outer loop
      vertex   5.697951e+01 1.467686e-01 7.627144e+00
      vertex   5.473258e+01 1.468088e-01 9.179398e+00
      vertex   5.693453e+01 2.500000e-01 7.562033e+00
    endloop
  endfacet
  facet normal -4.511204e-01 -6.083552e-01 -6.529888e-01
    outer loop
      vertex   5.693453e+01 2.500000e-01 7.562033e+00
      vertex   5.473258e+01 1.468088e-01 9.179398e+00
      vertex   5.468762e+01 2.500000e-01 9.114320e+00
    endloop
  endfacet
  facet normal -5.251346e-01 -3.826834e-01 -7.601231e-01
    outer loop
      vertex   5.693453e+01 2.500000e-01 7.562033e+00
      vertex   5.468762e+01 2.500000e-01 9.114320e+00
      vertex   5.690614e+01 3.705905e-01 7.520937e+00
    endloop
  endfacet
  facet normal -5.251346e-01 -3.826834e-01 -7.601231e-01
    outer loop
      vertex   5.690614e+01 3.705905e-01 7.520937e+00
      vertex   5.468762e+01 2.500000e-01 9.114320e+00
      vertex   5.465923e+01 3.705905e-01 9.073223e+00
    endloop
  endfacet
  facet normal -5.635388e-01 -1.305262e-01 -8.157125e-01
    outer loop
      vertex   5.690614e+01 3.705905e-01 7.520937e+00
      vertex   5.465923e+01 3.705905e-01 9.073223e+00
      vertex   7.487172e+01 5.000000e-01 -4.911376e+00
    endloop
  endfacet
  facet normal -5.635388e-01 -1.305262e-01 -8.157125e-01
    outer loop
      vertex   7.487172e+01 5.000000e-01 -4.911376e+00
      vertex   5.465923e+01 3.705905e-01 9.073223e+00
      vertex   5.241232e+01 3.705905e-01 1.062551e+01
    endloop
  endfacet
  facet normal -5.635388e-01 -1.305262e-01 -8.157125e-01
    outer loop
      vertex   7.487172e+01 5.000000e-01 -4.911376e+00
      vertex   5.241232e+01 3.705905e-01 1.062551e+01
      vertex   5.016541e+01 3.705905e-01 1.217780e+01
    endloop
  endfacet
  facet normal -5.251346e-01 -3.826834e-01 -7.601231e-01
    outer loop
      vertex   5.016541e+01 3.705905e-01 1.217780e+01
      vertex   5.241232e+01 3.705905e-01 1.062551e+01
      vertex   5.019380e+01 2.500000e-01 1.221889e+01
    endloop
  endfacet
  facet normal -5.251346e-01 -3.826834e-01 -7.601231e-01
    outer loop
      vertex   5.016541e+01 3.705905e-01 1.217780e+01
      vertex   5.019380e+01 2.500000e-01 1.221889e+01
      vertex   4.794690e+01 2.500000e-01 1.377118e+01
    endloop
  endfacet
  facet normal -4.511794e-01 -6.082197e-01 -6.530742e-01
    outer loop
      vertex   4.794690e+01 2.500000e-01 1.377118e+01
      vertex   5.019380e+01 2.500000e-01 1.221889e+01
      vertex   4.799179e+01 1.469296e-01 1.383616e+01
    endloop
  endfacet
  facet normal -4.511772e-01 -6.082197e-01 -6.530758e-01
    outer loop
      vertex   4.794690e+01 2.500000e-01 1.377118e+01
      vertex   4.799179e+01 1.469296e-01 1.383616e+01
      vertex   4.574486e+01 1.469699e-01 1.538841e+01
    endloop
  endfacet
  facet normal -3.463566e-01 -7.929029e-01 -5.013403e-01
    outer loop
      vertex   4.574486e+01 1.469699e-01 1.538841e+01
      vertex   4.799179e+01 1.469296e-01 1.383616e+01
      vertex   4.580401e+01 6.698730e-02 1.547404e+01
    endloop
  endfacet
  facet normal -3.463543e-01 -7.929029e-01 -5.013418e-01
    outer loop
      vertex   4.574486e+01 1.469699e-01 1.538841e+01
      vertex   4.580401e+01 6.698730e-02 1.547404e+01
      vertex   4.355710e+01 6.698730e-02 1.702633e+01
    endloop
  endfacet
  facet normal -2.175179e-01 -9.238795e-01 -3.148533e-01
    outer loop
      vertex   4.355710e+01 6.698730e-02 1.702633e+01
      vertex   4.580401e+01 6.698730e-02 1.547404e+01
      vertex   4.362565e+01 1.703709e-02 1.712554e+01
    endloop
  endfacet
  facet normal -2.175179e-01 -9.238795e-01 -3.148533e-01
    outer loop
      vertex   4.355710e+01 6.698730e-02 1.702633e+01
      vertex   4.362565e+01 1.703709e-02 1.712554e+01
      vertex   4.137874e+01 1.703709e-02 1.867783e+01
    endloop
  endfacet
  facet normal -7.419129e-02 -9.914449e-01 -1.073906e-01
    outer loop
      vertex   4.137874e+01 1.703709e-02 1.867783e+01
      vertex   4.362565e+01 1.703709e-02 1.712554e+01
      vertex   2.800895e+01 0.000000e+00 2.807170e+01
    endloop
  endfacet
  facet normal -7.419129e-02 -9.914449e-01 -1.073906e-01
    outer loop
      vertex   4.137874e+01 1.703709e-02 1.867783e+01
      vertex   2.800895e+01 0.000000e+00 2.807170e+01
      vertex   3.913183e+01 1.703709e-02 2.023012e+01
    endloop
  endfacet
  facet normal -7.419129e-02 -9.914449e-01 -1.073906e-01
    outer loop
      vertex   3.913183e+01 1.703709e-02 2.023012e+01
      vertex   2.800895e+01 0.000000e+00 2.807170e+01
      vertex   3.688492e+01 1.703709e-02 2.178240e+01
    endloop
  endfacet
  facet normal -2.175179e-01 -9.238795e-01 -3.148533e-01
    outer loop
      vertex   3.913183e+01 1.703709e-02 2.023012e+01
      vertex   3.688492e+01 1.703709e-02 2.178240e+01
      vertex   3.906329e+01 6.698730e-02 2.013090e+01
    endloop
  endfacet
  facet normal -2.175179e-01 -9.238795e-01 -3.148533e-01
    outer loop
      vertex   3.906329e+01 6.698730e-02 2.013090e+01
      vertex   3.688492e+01 1.703709e-02 2.178240e+01
      vertex   3.681638e+01 6.698730e-02 2.168319e+01
    endloop
  endfacet
  facet normal -3.464312e-01 -7.927989e-01 -5.014531e-01
    outer loop
      vertex   3.906329e+01 6.698730e-02 2.013090e+01
      vertex   3.681638e+01 6.698730e-02 2.168319e+01
      vertex   3.900406e+01 1.470908e-01 2.004517e+01
    endloop
  endfacet
  facet normal -5.251346e-01 -3.826834e-01 -7.601231e-01
    outer loop
      vertex   7.263449e+01 3.705905e-01 -3.345071e+00
      vertex   7.488140e+01 3.705905e-01 -4.897358e+00
      vertex   7.266288e+01 2.500000e-01 -3.303975e+00
    endloop
  endfacet
  facet normal -5.251346e-01 -3.826834e-01 -7.601231e-01
    outer loop
      vertex   7.266288e+01 2.500000e-01 -3.303975e+00
      vertex   7.488140e+01 3.705905e-01 -4.897358e+00
      vertex   7.490979e+01 2.500000e-01 -4.856262e+00
    endloop
  endfacet
  facet normal -4.509630e-01 -6.087163e-01 -6.527610e-01
    outer loop
      vertex   7.266288e+01 2.500000e-01 -3.303975e+00
      vertex   7.490979e+01 2.500000e-01 -4.856262e+00
      vertex   7.270803e+01 1.464868e-01 -3.238633e+00
    endloop
  endfacet
  facet normal -4.509410e-01 -6.087614e-01 -6.527340e-01
    outer loop
      vertex   7.270803e+01 1.464868e-01 -3.238633e+00
      vertex   7.490979e+01 2.500000e-01 -4.856262e+00
      vertex   7.495496e+01 1.464466e-01 -4.790887e+00
    endloop
  endfacet
  facet normal -3.460488e-01 -7.933187e-01 -5.008948e-01
    outer loop
      vertex   7.270803e+01 1.464868e-01 -3.238633e+00
      vertex   7.495496e+01 1.464466e-01 -4.790887e+00
      vertex   7.276691e+01 6.698730e-02 -3.153401e+00
    endloop
  endfacet
  facet normal -3.460210e-01 -7.933533e-01 -5.008592e-01
    outer loop
      vertex   7.276691e+01 6.698730e-02 -3.153401e+00
      vertex   7.495496e+01 1.464466e-01 -4.790887e+00
      vertex   7.501382e+01 6.698730e-02 -4.705688e+00
    endloop
  endfacet
  facet normal -2.175179e-01 -9.238795e-01 -3.148533e-01
    outer loop
      vertex   7.276691e+01 6.698730e-02 -3.153401e+00
      vertex   7.501382e+01 6.698730e-02 -4.705688e+00
      vertex   7.283545e+01 1.703709e-02 -3.054185e+00
    endloop
  endfacet
  facet normal -2.175179e-01 -9.238795e-01 -3.148533e-01
    outer loop
      vertex   7.283545e+01 1.703709e-02 -3.054185e+00
      vertex   7.501382e+01 6.698730e-02 -4.705688e+00
      vertex   7.508236e+01 1.703709e-02 -4.606472e+00
    endloop
  endfacet
  facet normal -7.419129e-02 -9.914449e-01 -1.073906e-01
    outer loop
      vertex   7.283545e+01 1.703709e-02 -3.054185e+00
      vertex   7.508236e+01 1.703709e-02 -4.606472e+00
      vertex   7.515592e+01 0.000000e+00 -4.500000e+00
    endloop
  endfacet
  facet normal -7.419129e-02 -9.914449e-01 -1.073906e-01
    outer loop
      vertex   5.486019e+01 1.703709e-02 9.364110e+00
      vertex   7.515592e+01 0.000000e+00 -4.500000e+00
      vertex   5.261328e+01 1.703709e-02 1.091640e+01
    endloop
  endfacet
  facet normal -7.419129e-02 -9.914449e-01 -1.073906e-01
    outer loop
      vertex   5.261328e+01 1.703709e-02 1.091640e+01
      vertex   7.515592e+01 0.000000e+00 -4.500000e+00
      vertex   2.800895e+01 0.000000e+00 2.807170e+01
    endloop
  endfacet
  facet normal -7.419129e-02 -9.914449e-01 -1.073906e-01
    outer loop
      vertex   5.261328e+01 1.703709e-02 1.091640e+01
      vertex   2.800895e+01 0.000000e+00 2.807170e+01
      vertex   5.036637e+01 1.703709e-02 1.246868e+01
    endloop
  endfacet
  facet normal -7.419129e-02 -9.914449e-01 -1.073906e-01
    outer loop
      vertex   5.036637e+01 1.703709e-02 1.246868e+01
      vertex   2.800895e+01 0.000000e+00 2.807170e+01
      vertex   4.811946e+01 1.703709e-02 1.402097e+01
    endloop
  endfacet
  facet normal -2.175179e-01 -9.238795e-01 -3.148533e-01
    outer loop
      vertex   5.036637e+01 1.703709e-02 1.246868e+01
      vertex   4.811946e+01 1.703709e-02 1.402097e+01
      vertex   5.029783e+01 6.698730e-02 1.236947e+01
    endloop
  endfacet
  facet normal -2.175179e-01 -9.238795e-01 -3.148533e-01
    outer loop
      vertex   5.029783e+01 6.698730e-02 1.236947e+01
      vertex   4.811946e+01 1.703709e-02 1.402097e+01
      vertex   4.805092e+01 6.698730e-02 1.392175e+01
    endloop
  endfacet
  facet normal -3.463031e-01 -7.929723e-01 -5.012676e-01
    outer loop
      vertex   5.029783e+01 6.698730e-02 1.236947e+01
      vertex   4.805092e+01 6.698730e-02 1.392175e+01
      vertex   5.023872e+01 1.468894e-01 1.228391e+01
    endloop
  endfacet
  facet normal -3.463309e-01 -7.929376e-01 -5.013031e-01
    outer loop
      vertex   5.023872e+01 1.468894e-01 1.228391e+01
      vertex   4.805092e+01 6.698730e-02 1.392175e+01
      vertex   4.799179e+01 1.469296e-01 1.383616e+01
    endloop
  endfacet
  facet normal -4.511575e-01 -6.082649e-01 -6.530473e-01
    outer loop
      vertex   5.023872e+01 1.468894e-01 1.228391e+01
      vertex   4.799179e+01 1.469296e-01 1.383616e+01
      vertex   5.019380e+01 2.500000e-01 1.221889e+01
    endloop
  endfacet
  facet normal -1.682897e-01 -9.555000e-01 -2.422773e-01
    outer loop
      vertex   2.794417e+01 1.016231e-02 2.799456e+01
      vertex   2.788412e+01 3.890104e-02 2.792293e+01
      vertex   3.014420e+01 1.703709e-02 2.643927e+01
    endloop
  endfacet
  facet normal -2.162169e-01 -9.238784e-01 -3.157515e-01
    outer loop
      vertex   3.014420e+01 1.703709e-02 2.643927e+01
      vertex   2.788412e+01 3.890104e-02 2.792293e+01
      vertex   3.007566e+01 6.698730e-02 2.634005e+01
    endloop
  endfacet
  facet normal -2.175179e-01 -9.238795e-01 -3.148533e-01
    outer loop
      vertex   3.014420e+01 1.703709e-02 2.643927e+01
      vertex   3.007566e+01 6.698730e-02 2.634005e+01
      vertex   3.232256e+01 6.698730e-02 2.478776e+01
    endloop
  endfacet
  facet normal -3.465081e-01 -7.926949e-01 -5.015644e-01
    outer loop
      vertex   3.232256e+01 6.698730e-02 2.478776e+01
      vertex   3.007566e+01 6.698730e-02 2.634005e+01
      vertex   3.226327e+01 1.472117e-01 2.470194e+01
    endloop
  endfacet
  facet normal -3.465104e-01 -7.926949e-01 -5.015629e-01
    outer loop
      vertex   3.232256e+01 6.698730e-02 2.478776e+01
      vertex   3.226327e+01 1.472117e-01 2.470194e+01
      vertex   3.451020e+01 1.471714e-01 2.314968e+01
    endloop
  endfacet
  facet normal -4.512951e-01 -6.079488e-01 -6.532465e-01
    outer loop
      vertex   3.451020e+01 1.471714e-01 2.314968e+01
      vertex   3.226327e+01 1.472117e-01 2.470194e+01
      vertex   3.446545e+01 2.500000e-01 2.308490e+01
    endloop
  endfacet
  facet normal -4.512974e-01 -6.079488e-01 -6.532450e-01
    outer loop
      vertex   3.451020e+01 1.471714e-01 2.314968e+01
      vertex   3.446545e+01 2.500000e-01 2.308490e+01
      vertex   3.671236e+01 2.500000e-01 2.153262e+01
    endloop
  endfacet
  facet normal -5.251346e-01 -3.826834e-01 -7.601231e-01
    outer loop
      vertex   3.671236e+01 2.500000e-01 2.153262e+01
      vertex   3.446545e+01 2.500000e-01 2.308490e+01
      vertex   3.668396e+01 3.705905e-01 2.149152e+01
    endloop
  endfacet
  facet normal -5.251346e-01 -3.826834e-01 -7.601231e-01
    outer loop
      vertex   3.671236e+01 2.500000e-01 2.153262e+01
      vertex   3.668396e+01 3.705905e-01 2.149152e+01
      vertex   3.893087e+01 3.705905e-01 1.993923e+01
    endloop
  endfacet
  facet normal -5.535848e-01 -2.268376e-01 -8.013043e-01
    outer loop
      vertex   3.893087e+01 3.705905e-01 1.993923e+01
      vertex   3.668396e+01 3.705905e-01 2.149152e+01
      vertex   2.769280e+01 4.026893e-01 2.769402e+01
    endloop
  endfacet
  facet normal -5.535848e-01 -2.268376e-01 -8.013043e-01
    outer loop
      vertex   3.893087e+01 3.705905e-01 1.993923e+01
      vertex   2.769280e+01 4.026893e-01 2.769402e+01
      vertex   4.117778e+01 3.705905e-01 1.838694e+01
    endloop
  endfacet
  facet normal -2.705020e-01 -8.801272e-01 -3.901344e-01
    outer loop
      vertex   2.788412e+01 3.890104e-02 2.792293e+01
      vertex   2.782879e+01 8.519578e-02 2.785685e+01
      vertex   3.007566e+01 6.698730e-02 2.634005e+01
    endloop
  endfacet
  facet normal -3.455160e-01 -7.926596e-01 -5.023041e-01
    outer loop
      vertex   3.007566e+01 6.698730e-02 2.634005e+01
      vertex   2.782879e+01 8.519578e-02 2.785685e+01
      vertex   3.001634e+01 1.472520e-01 2.625419e+01
    endloop
  endfacet
  facet normal -3.465360e-01 -7.926602e-01 -5.016000e-01
    outer loop
      vertex   3.007566e+01 6.698730e-02 2.634005e+01
      vertex   3.001634e+01 1.472520e-01 2.625419e+01
      vertex   3.226327e+01 1.472117e-01 2.470194e+01
    endloop
  endfacet
  facet normal -4.513148e-01 -6.079036e-01 -6.532750e-01
    outer loop
      vertex   3.226327e+01 1.472117e-01 2.470194e+01
      vertex   3.001634e+01 1.472520e-01 2.625419e+01
      vertex   3.221854e+01 2.500000e-01 2.463719e+01
    endloop
  endfacet
  facet normal -4.513170e-01 -6.079036e-01 -6.532734e-01
    outer loop
      vertex   3.226327e+01 1.472117e-01 2.470194e+01
      vertex   3.221854e+01 2.500000e-01 2.463719e+01
      vertex   3.446545e+01 2.500000e-01 2.308490e+01
    endloop
  endfacet
  facet normal -5.251346e-01 -3.826834e-01 -7.601231e-01
    outer loop
      vertex   3.446545e+01 2.500000e-01 2.308490e+01
      vertex   3.221854e+01 2.500000e-01 2.463719e+01
      vertex   3.443706e+01 3.705905e-01 2.304381e+01
    endloop
  endfacet
  facet normal -5.251346e-01 -3.826834e-01 -7.601231e-01
    outer loop
      vertex   3.446545e+01 2.500000e-01 2.308490e+01
      vertex   3.443706e+01 3.705905e-01 2.304381e+01
      vertex   3.668396e+01 3.705905e-01 2.149152e+01
    endloop
  endfacet
  facet normal -5.535848e-01 -2.268376e-01 -8.013043e-01
    outer loop
      vertex   3.668396e+01 3.705905e-01 2.149152e+01
      vertex   3.443706e+01 3.705905e-01 2.304381e+01
      vertex   2.769280e+01 4.026893e-01 2.769402e+01
    endloop
  endfacet
  facet normal -3.618486e-01 -7.711906e-01 -5.237659e-01
    outer loop
      vertex   2.782879e+01 8.519578e-02 2.785685e+01
      vertex   2.778034e+01 1.472921e-01 2.779889e+01
      vertex   3.001634e+01 1.472520e-01 2.625419e+01
    endloop
  endfacet
  facet normal -4.401060e-01 -6.328310e-01 -6.370492e-01
    outer loop
      vertex   3.001634e+01 1.472520e-01 2.625419e+01
      vertex   2.778034e+01 1.472921e-01 2.779889e+01
      vertex   2.774056e+01 2.229002e-01 2.775127e+01
    endloop
  endfacet
  facet normal -4.503949e-01 -6.078580e-01 -6.539519e-01
    outer loop
      vertex   3.001634e+01 1.472520e-01 2.625419e+01
      vertex   2.774056e+01 2.229002e-01 2.775127e+01
      vertex   2.997163e+01 2.500000e-01 2.618948e+01
    endloop
  endfacet
  facet normal -5.022642e-01 -4.702620e-01 -7.256613e-01
    outer loop
      vertex   2.997163e+01 2.500000e-01 2.618948e+01
      vertex   2.774056e+01 2.229002e-01 2.775127e+01
      vertex   2.771100e+01 3.091174e-01 2.771585e+01
    endloop
  endfacet
  facet normal -5.238437e-01 -3.826830e-01 -7.610135e-01
    outer loop
      vertex   2.997163e+01 2.500000e-01 2.618948e+01
      vertex   2.771100e+01 3.091174e-01 2.771585e+01
      vertex   2.994324e+01 3.705905e-01 2.614838e+01
    endloop
  endfacet
  facet normal -5.446893e-01 -2.895982e-01 -7.870492e-01
    outer loop
      vertex   2.994324e+01 3.705905e-01 2.614838e+01
      vertex   2.771100e+01 3.091174e-01 2.771585e+01
      vertex   2.769280e+01 4.026893e-01 2.769402e+01
    endloop
  endfacet
  facet normal -5.535848e-01 -2.268376e-01 -8.013043e-01
    outer loop
      vertex   2.994324e+01 3.705905e-01 2.614838e+01
      vertex   2.769280e+01 4.026893e-01 2.769402e+01
      vertex   3.219015e+01 3.705905e-01 2.459609e+01
    endloop
  endfacet
  facet normal -5.535848e-01 -2.268376e-01 -8.013043e-01
    outer loop
      vertex   3.219015e+01 3.705905e-01 2.459609e+01
      vertex   2.769280e+01 4.026893e-01 2.769402e+01
      vertex   3.443706e+01 3.705905e-01 2.304381e+01
    endloop
  endfacet
  facet normal -5.251346e-01 -3.826834e-01 -7.601231e-01
    outer loop
      vertex   3.219015e+01 3.705905e-01 2.459609e+01
      vertex   3.443706e+01 3.705905e-01 2.304381e+01
      vertex   3.221854e+01 2.500000e-01 2.463719e+01
    endloop
  endfacet
  facet normal -5.251346e-01 -3.826834e-01 -7.601231e-01
    outer loop
      vertex   7.038758e+01 3.705905e-01 -1.792785e+00
      vertex   7.263449e+01 3.705905e-01 -3.345071e+00
      vertex   7.041598e+01 2.500000e-01 -1.751688e+00
    endloop
  endfacet
  facet normal -5.251346e-01 -3.826834e-01 -7.601231e-01
    outer loop
      vertex   7.041598e+01 2.500000e-01 -1.751688e+00
      vertex   7.263449e+01 3.705905e-01 -3.345071e+00
      vertex   7.266288e+01 2.500000e-01 -3.303975e+00
    endloop
  endfacet
  facet normal -4.509826e-01 -6.086712e-01 -6.527895e-01
    outer loop
      vertex   7.041598e+01 2.500000e-01 -1.751688e+00
      vertex   7.266288e+01 2.500000e-01 -3.303975e+00
      vertex   7.046109e+01 1.465271e-01 -1.686379e+00
    endloop
  endfacet
  facet normal -4.509607e-01 -6.087163e-01 -6.527625e-01
    outer loop
      vertex   7.046109e+01 1.465271e-01 -1.686379e+00
      vertex   7.266288e+01 2.500000e-01 -3.303975e+00
      vertex   7.270803e+01 1.464868e-01 -3.238633e+00
    endloop
  endfacet
  facet normal -3.460745e-01 -7.932841e-01 -5.009320e-01
    outer loop
      vertex   7.046109e+01 1.465271e-01 -1.686379e+00
      vertex   7.270803e+01 1.464868e-01 -3.238633e+00
      vertex   7.052000e+01 6.698730e-02 -1.601114e+00
    endloop
  endfacet
  facet normal -3.460466e-01 -7.933187e-01 -5.008964e-01
    outer loop
      vertex   7.052000e+01 6.698730e-02 -1.601114e+00
      vertex   7.270803e+01 1.464868e-01 -3.238633e+00
      vertex   7.276691e+01 6.698730e-02 -3.153401e+00
    endloop
  endfacet
  facet normal -2.175179e-01 -9.238795e-01 -3.148533e-01
    outer loop
      vertex   7.052000e+01 6.698730e-02 -1.601114e+00
      vertex   7.276691e+01 6.698730e-02 -3.153401e+00
      vertex   7.058854e+01 1.703709e-02 -1.501898e+00
    endloop
  endfacet
  facet normal -2.175179e-01 -9.238795e-01 -3.148533e-01
    outer loop
      vertex   7.058854e+01 1.703709e-02 -1.501898e+00
      vertex   7.276691e+01 6.698730e-02 -3.153401e+00
      vertex   7.283545e+01 1.703709e-02 -3.054185e+00
    endloop
  endfacet
  facet normal -7.419129e-02 -9.914449e-01 -1.073906e-01
    outer loop
      vertex   7.058854e+01 1.703709e-02 -1.501898e+00
      vertex   7.283545e+01 1.703709e-02 -3.054185e+00
      vertex   7.515592e+01 0.000000e+00 -4.500000e+00
    endloop
  endfacet
  facet normal -5.635388e-01 -1.305262e-01 -8.157125e-01
    outer loop
      vertex   6.814068e+01 3.705905e-01 -2.404977e-01
      vertex   6.589377e+01 3.705905e-01 1.311789e+00
      vertex   7.487172e+01 5.000000e-01 -4.911376e+00
    endloop
  endfacet
  facet normal -5.635388e-01 -1.305262e-01 -8.157125e-01
    outer loop
      vertex   7.487172e+01 5.000000e-01 -4.911376e+00
      vertex   6.589377e+01 3.705905e-01 1.311789e+00
      vertex   6.364686e+01 3.705905e-01 2.864076e+00
    endloop
  endfacet
  facet normal -5.635388e-01 -1.305262e-01 -8.157125e-01
    outer loop
      vertex   7.487172e+01 5.000000e-01 -4.911376e+00
      vertex   6.364686e+01 3.705905e-01 2.864076e+00
      vertex   6.139995e+01 3.705905e-01 4.416363e+00
    endloop
  endfacet
  facet normal -5.251346e-01 -3.826834e-01 -7.601231e-01
    outer loop
      vertex   6.139995e+01 3.705905e-01 4.416363e+00
      vertex   6.364686e+01 3.705905e-01 2.864076e+00
      vertex   6.142834e+01 2.500000e-01 4.457459e+00
    endloop
  endfacet
  facet normal -5.251346e-01 -3.826834e-01 -7.601231e-01
    outer loop
      vertex   6.139995e+01 3.705905e-01 4.416363e+00
      vertex   6.142834e+01 2.500000e-01 4.457459e+00
      vertex   5.918144e+01 2.500000e-01 6.009746e+00
    endloop
  endfacet
  facet normal -4.510810e-01 -6.084455e-01 -6.529319e-01
    outer loop
      vertex   5.918144e+01 2.500000e-01 6.009746e+00
      vertex   6.142834e+01 2.500000e-01 4.457459e+00
      vertex   5.922644e+01 1.467283e-01 6.074890e+00
    endloop
  endfacet
  facet normal -4.510788e-01 -6.084455e-01 -6.529334e-01
    outer loop
      vertex   5.918144e+01 2.500000e-01 6.009746e+00
      vertex   5.922644e+01 1.467283e-01 6.074890e+00
      vertex   5.697951e+01 1.467686e-01 7.627144e+00
    endloop
  endfacet
  facet normal -3.462284e-01 -7.930762e-01 -5.011547e-01
    outer loop
      vertex   5.697951e+01 1.467686e-01 7.627144e+00
      vertex   5.922644e+01 1.467283e-01 6.074890e+00
      vertex   5.703855e+01 6.698730e-02 7.712607e+00
    endloop
  endfacet
  facet normal -5.251346e-01 -3.826834e-01 -7.601231e-01
    outer loop
      vertex   6.814068e+01 3.705905e-01 -2.404977e-01
      vertex   6.592216e+01 2.500000e-01 1.352886e+00
      vertex   6.589377e+01 3.705905e-01 1.311789e+00
    endloop
  endfacet
  facet normal -5.251346e-01 -3.826834e-01 -7.601231e-01
    outer loop
      vertex   6.589377e+01 3.705905e-01 1.311789e+00
      vertex   6.592216e+01 2.500000e-01 1.352886e+00
      vertex   6.367525e+01 2.500000e-01 2.905173e+00
    endloop
  endfacet
  facet normal -5.251346e-01 -3.826834e-01 -7.601231e-01
    outer loop
      vertex   6.589377e+01 3.705905e-01 1.311789e+00
      vertex   6.367525e+01 2.500000e-01 2.905173e+00
      vertex   6.364686e+01 3.705905e-01 2.864076e+00
    endloop
  endfacet
  facet normal -5.251346e-01 -3.826834e-01 -7.601231e-01
    outer loop
      vertex   6.364686e+01 3.705905e-01 2.864076e+00
      vertex   6.367525e+01 2.500000e-01 2.905173e+00
      vertex   6.142834e+01 2.500000e-01 4.457459e+00
    endloop
  endfacet
  facet normal -5.635388e-01 -1.305262e-01 -8.157125e-01
    outer loop
      vertex   5.690614e+01 3.705905e-01 7.520937e+00
      vertex   7.487172e+01 5.000000e-01 -4.911376e+00
      vertex   5.915304e+01 3.705905e-01 5.968650e+00
    endloop
  endfacet
  facet normal -5.635388e-01 -1.305262e-01 -8.157125e-01
    outer loop
      vertex   5.915304e+01 3.705905e-01 5.968650e+00
      vertex   7.487172e+01 5.000000e-01 -4.911376e+00
      vertex   6.139995e+01 3.705905e-01 4.416363e+00
    endloop
  endfacet
  facet normal -5.251346e-01 -3.826834e-01 -7.601231e-01
    outer loop
      vertex   5.915304e+01 3.705905e-01 5.968650e+00
      vertex   6.139995e+01 3.705905e-01 4.416363e+00
      vertex   5.918144e+01 2.500000e-01 6.009746e+00
    endloop
  endfacet
  facet normal -5.251346e-01 -3.826834e-01 -7.601231e-01
    outer loop
      vertex   5.693453e+01 2.500000e-01 7.562033e+00
      vertex   5.690614e+01 3.705905e-01 7.520937e+00
      vertex   5.915304e+01 3.705905e-01 5.968650e+00
    endloop
  endfacet
  facet normal -5.251346e-01 -3.826834e-01 -7.601231e-01
    outer loop
      vertex   5.693453e+01 2.500000e-01 7.562033e+00
      vertex   5.915304e+01 3.705905e-01 5.968650e+00
      vertex   5.918144e+01 2.500000e-01 6.009746e+00
    endloop
  endfacet
  facet normal -5.251346e-01 -3.826834e-01 -7.601231e-01
    outer loop
      vertex   5.241232e+01 3.705905e-01 1.062551e+01
      vertex   5.465923e+01 3.705905e-01 9.073223e+00
      vertex   5.244071e+01 2.500000e-01 1.066661e+01
    endloop
  endfacet
  facet normal -5.251346e-01 -3.826834e-01 -7.601231e-01
    outer loop
      vertex   5.244071e+01 2.500000e-01 1.066661e+01
      vertex   5.465923e+01 3.705905e-01 9.073223e+00
      vertex   5.468762e+01 2.500000e-01 9.114320e+00
    endloop
  endfacet
  facet normal -4.511400e-01 -6.083100e-01 -6.530173e-01
    outer loop
      vertex   5.244071e+01 2.500000e-01 1.066661e+01
      vertex   5.468762e+01 2.500000e-01 9.114320e+00
      vertex   5.248565e+01 1.468491e-01 1.073165e+01
    endloop
  endfacet
  facet normal -4.511182e-01 -6.083552e-01 -6.529904e-01
    outer loop
      vertex   5.248565e+01 1.468491e-01 1.073165e+01
      vertex   5.468762e+01 2.500000e-01 9.114320e+00
      vertex   5.473258e+01 1.468088e-01 9.179398e+00
    endloop
  endfacet
  facet normal -3.462797e-01 -7.930069e-01 -5.012289e-01
    outer loop
      vertex   5.248565e+01 1.468491e-01 1.073165e+01
      vertex   5.473258e+01 1.468088e-01 9.179398e+00
      vertex   5.254474e+01 6.698730e-02 1.081718e+01
    endloop
  endfacet
  facet normal -3.462518e-01 -7.930416e-01 -5.011934e-01
    outer loop
      vertex   5.254474e+01 6.698730e-02 1.081718e+01
      vertex   5.473258e+01 1.468088e-01 9.179398e+00
      vertex   5.479164e+01 6.698730e-02 9.264894e+00
    endloop
  endfacet
  facet normal -2.175179e-01 -9.238795e-01 -3.148533e-01
    outer loop
      vertex   5.254474e+01 6.698730e-02 1.081718e+01
      vertex   5.479164e+01 6.698730e-02 9.264894e+00
      vertex   5.261328e+01 1.703709e-02 1.091640e+01
    endloop
  endfacet
  facet normal -2.175179e-01 -9.238795e-01 -3.148533e-01
    outer loop
      vertex   5.261328e+01 1.703709e-02 1.091640e+01
      vertex   5.479164e+01 6.698730e-02 9.264894e+00
      vertex   5.486019e+01 1.703709e-02 9.364110e+00
    endloop
  endfacet
  facet normal -5.635388e-01 -1.305262e-01 -8.157125e-01
    outer loop
      vertex   5.016541e+01 3.705905e-01 1.217780e+01
      vertex   4.791850e+01 3.705905e-01 1.373008e+01
      vertex   7.487172e+01 5.000000e-01 -4.911376e+00
    endloop
  endfacet
  facet normal -5.635388e-01 -1.305262e-01 -8.157125e-01
    outer loop
      vertex   7.487172e+01 5.000000e-01 -4.911376e+00
      vertex   4.791850e+01 3.705905e-01 1.373008e+01
      vertex   4.567160e+01 3.705905e-01 1.528237e+01
    endloop
  endfacet
  facet normal -5.635388e-01 -1.305262e-01 -8.157125e-01
    outer loop
      vertex   7.487172e+01 5.000000e-01 -4.911376e+00
      vertex   4.567160e+01 3.705905e-01 1.528237e+01
      vertex   4.342469e+01 3.705905e-01 1.683466e+01
    endloop
  endfacet
  facet normal -5.251346e-01 -3.826834e-01 -7.601231e-01
    outer loop
      vertex   4.342469e+01 3.705905e-01 1.683466e+01
      vertex   4.567160e+01 3.705905e-01 1.528237e+01
      vertex   4.345308e+01 2.500000e-01 1.687575e+01
    endloop
  endfacet
  facet normal -5.251346e-01 -3.826834e-01 -7.601231e-01
    outer loop
      vertex   4.342469e+01 3.705905e-01 1.683466e+01
      vertex   4.345308e+01 2.500000e-01 1.687575e+01
      vertex   4.120617e+01 2.500000e-01 1.842804e+01
    endloop
  endfacet
  facet normal -4.512384e-01 -6.080842e-01 -6.531596e-01
    outer loop
      vertex   4.120617e+01 2.500000e-01 1.842804e+01
      vertex   4.345308e+01 2.500000e-01 1.687575e+01
      vertex   4.125099e+01 1.470505e-01 1.849292e+01
    endloop
  endfacet
  facet normal -4.512362e-01 -6.080842e-01 -6.531611e-01
    outer loop
      vertex   4.120617e+01 2.500000e-01 1.842804e+01
      vertex   4.125099e+01 1.470505e-01 1.849292e+01
      vertex   3.900406e+01 1.470908e-01 2.004517e+01
    endloop
  endfacet
  facet normal -3.464335e-01 -7.927989e-01 -5.014516e-01
    outer loop
      vertex   3.900406e+01 1.470908e-01 2.004517e+01
      vertex   4.125099e+01 1.470505e-01 1.849292e+01
      vertex   3.906329e+01 6.698730e-02 2.013090e+01
    endloop
  endfacet
  facet normal -5.251346e-01 -3.826834e-01 -7.601231e-01
    outer loop
      vertex   5.016541e+01 3.705905e-01 1.217780e+01
      vertex   4.794690e+01 2.500000e-01 1.377118e+01
      vertex   4.791850e+01 3.705905e-01 1.373008e+01
    endloop
  endfacet
  facet normal -5.251346e-01 -3.826834e-01 -7.601231e-01
    outer loop
      vertex   4.791850e+01 3.705905e-01 1.373008e+01
      vertex   4.794690e+01 2.500000e-01 1.377118e+01
      vertex   4.569999e+01 2.500000e-01 1.532347e+01
    endloop
  endfacet
  facet normal -5.251346e-01 -3.826834e-01 -7.601231e-01
    outer loop
      vertex   4.791850e+01 3.705905e-01 1.373008e+01
      vertex   4.569999e+01 2.500000e-01 1.532347e+01
      vertex   4.567160e+01 3.705905e-01 1.528237e+01
    endloop
  endfacet
  facet normal -5.251346e-01 -3.826834e-01 -7.601231e-01
    outer loop
      vertex   4.567160e+01 3.705905e-01 1.528237e+01
      vertex   4.569999e+01 2.500000e-01 1.532347e+01
      vertex   4.345308e+01 2.500000e-01 1.687575e+01
    endloop
  endfacet
  facet normal -5.251346e-01 -3.826834e-01 -7.601231e-01
    outer loop
      vertex   3.671236e+01 2.500000e-01 2.153262e+01
      vertex   3.893087e+01 3.705905e-01 1.993923e+01
      vertex   3.895926e+01 2.500000e-01 1.998033e+01
    endloop
  endfacet
  facet normal -5.251346e-01 -3.826834e-01 -7.601231e-01
    outer loop
      vertex   3.895926e+01 2.500000e-01 1.998033e+01
      vertex   3.893087e+01 3.705905e-01 1.993923e+01
      vertex   4.117778e+01 3.705905e-01 1.838694e+01
    endloop
  endfacet
  facet normal -5.251346e-01 -3.826834e-01 -7.601231e-01
    outer loop
      vertex   2.997163e+01 2.500000e-01 2.618948e+01
      vertex   2.994324e+01 3.705905e-01 2.614838e+01
      vertex   3.219015e+01 3.705905e-01 2.459609e+01
    endloop
  endfacet
  facet normal -5.251346e-01 -3.826834e-01 -7.601231e-01
    outer loop
      vertex   2.997163e+01 2.500000e-01 2.618948e+01
      vertex   3.219015e+01 3.705905e-01 2.459609e+01
      vertex   3.221854e+01 2.500000e-01 2.463719e+01
    endloop
  endfacet
  facet normal -5.251346e-01 -3.826834e-01 -7.601231e-01
    outer loop
      vertex   7.038758e+01 3.705905e-01 -1.792785e+00
      vertex   7.041598e+01 2.500000e-01 -1.751688e+00
      vertex   6.816907e+01 2.500000e-01 -1.994011e-01
    endloop
  endfacet
  facet normal -4.510023e-01 -6.086260e-01 -6.528179e-01
    outer loop
      vertex   6.816907e+01 2.500000e-01 -1.994011e-01
      vertex   7.041598e+01 2.500000e-01 -1.751688e+00
      vertex   6.821416e+01 1.465673e-01 -1.341252e-01
    endloop
  endfacet
  facet normal -4.510001e-01 -6.086260e-01 -6.528195e-01
    outer loop
      vertex   6.816907e+01 2.500000e-01 -1.994011e-01
      vertex   6.821416e+01 1.465673e-01 -1.341252e-01
      vertex   6.596723e+01 1.466075e-01 1.418129e+00
    endloop
  endfacet
  facet normal -3.461258e-01 -7.932148e-01 -5.010062e-01
    outer loop
      vertex   6.596723e+01 1.466075e-01 1.418129e+00
      vertex   6.821416e+01 1.465673e-01 -1.341252e-01
      vertex   6.602618e+01 6.698730e-02 1.503460e+00
    endloop
  endfacet
  facet normal -3.461236e-01 -7.932148e-01 -5.010078e-01
    outer loop
      vertex   6.596723e+01 1.466075e-01 1.418129e+00
      vertex   6.602618e+01 6.698730e-02 1.503460e+00
      vertex   6.377928e+01 6.698730e-02 3.055747e+00
    endloop
  endfacet
  facet normal -2.175179e-01 -9.238795e-01 -3.148533e-01
    outer loop
      vertex   6.377928e+01 6.698730e-02 3.055747e+00
      vertex   6.602618e+01 6.698730e-02 1.503460e+00
      vertex   6.384782e+01 1.703709e-02 3.154963e+00
    endloop
  endfacet
  facet normal -2.175179e-01 -9.238795e-01 -3.148533e-01
    outer loop
      vertex   6.377928e+01 6.698730e-02 3.055747e+00
      vertex   6.384782e+01 1.703709e-02 3.154963e+00
      vertex   6.160091e+01 1.703709e-02 4.707249e+00
    endloop
  endfacet
  facet normal -7.419129e-02 -9.914449e-01 -1.073906e-01
    outer loop
      vertex   6.160091e+01 1.703709e-02 4.707249e+00
      vertex   6.384782e+01 1.703709e-02 3.154963e+00
      vertex   7.515592e+01 0.000000e+00 -4.500000e+00
    endloop
  endfacet
  facet normal -4.509804e-01 -6.086712e-01 -6.527910e-01
    outer loop
      vertex   6.821416e+01 1.465673e-01 -1.341252e-01
      vertex   7.041598e+01 2.500000e-01 -1.751688e+00
      vertex   7.046109e+01 1.465271e-01 -1.686379e+00
    endloop
  endfacet
  facet normal -4.510417e-01 -6.085358e-01 -6.528749e-01
    outer loop
      vertex   6.592216e+01 2.500000e-01 1.352886e+00
      vertex   6.372030e+01 1.466478e-01 2.970382e+00
      vertex   6.367525e+01 2.500000e-01 2.905173e+00
    endloop
  endfacet
  facet normal -4.510395e-01 -6.085358e-01 -6.528764e-01
    outer loop
      vertex   6.367525e+01 2.500000e-01 2.905173e+00
      vertex   6.372030e+01 1.466478e-01 2.970382e+00
      vertex   6.147337e+01 1.466880e-01 4.522636e+00
    endloop
  endfacet
  facet normal -4.510614e-01 -6.084906e-01 -6.529034e-01
    outer loop
      vertex   6.367525e+01 2.500000e-01 2.905173e+00
      vertex   6.147337e+01 1.466880e-01 4.522636e+00
      vertex   6.142834e+01 2.500000e-01 4.457459e+00
    endloop
  endfacet
  facet normal -4.510591e-01 -6.084906e-01 -6.529049e-01
    outer loop
      vertex   6.142834e+01 2.500000e-01 4.457459e+00
      vertex   6.147337e+01 1.466880e-01 4.522636e+00
      vertex   5.922644e+01 1.467283e-01 6.074890e+00
    endloop
  endfacet
  facet normal -4.511007e-01 -6.084003e-01 -6.529603e-01
    outer loop
      vertex   5.697951e+01 1.467686e-01 7.627144e+00
      vertex   5.693453e+01 2.500000e-01 7.562033e+00
      vertex   5.918144e+01 2.500000e-01 6.009746e+00
    endloop
  endfacet
  facet normal -4.511597e-01 -6.082649e-01 -6.530458e-01
    outer loop
      vertex   5.023872e+01 1.468894e-01 1.228391e+01
      vertex   5.019380e+01 2.500000e-01 1.221889e+01
      vertex   5.244071e+01 2.500000e-01 1.066661e+01
    endloop
  endfacet
  facet normal -5.251346e-01 -3.826834e-01 -7.601231e-01
    outer loop
      vertex   5.244071e+01 2.500000e-01 1.066661e+01
      vertex   5.019380e+01 2.500000e-01 1.221889e+01
      vertex   5.241232e+01 3.705905e-01 1.062551e+01
    endloop
  endfacet
  facet normal -4.511378e-01 -6.083100e-01 -6.530188e-01
    outer loop
      vertex   5.023872e+01 1.468894e-01 1.228391e+01
      vertex   5.244071e+01 2.500000e-01 1.066661e+01
      vertex   5.248565e+01 1.468491e-01 1.073165e+01
    endloop
  endfacet
  facet normal -4.511990e-01 -6.081746e-01 -6.531027e-01
    outer loop
      vertex   4.794690e+01 2.500000e-01 1.377118e+01
      vertex   4.574486e+01 1.469699e-01 1.538841e+01
      vertex   4.569999e+01 2.500000e-01 1.532347e+01
    endloop
  endfacet
  facet normal -4.511968e-01 -6.081746e-01 -6.531042e-01
    outer loop
      vertex   4.569999e+01 2.500000e-01 1.532347e+01
      vertex   4.574486e+01 1.469699e-01 1.538841e+01
      vertex   4.349792e+01 1.470102e-01 1.694067e+01
    endloop
  endfacet
  facet normal -4.512187e-01 -6.081294e-01 -6.531312e-01
    outer loop
      vertex   4.569999e+01 2.500000e-01 1.532347e+01
      vertex   4.349792e+01 1.470102e-01 1.694067e+01
      vertex   4.345308e+01 2.500000e-01 1.687575e+01
    endloop
  endfacet
  facet normal -4.512165e-01 -6.081294e-01 -6.531327e-01
    outer loop
      vertex   4.345308e+01 2.500000e-01 1.687575e+01
      vertex   4.349792e+01 1.470102e-01 1.694067e+01
      vertex   4.125099e+01 1.470505e-01 1.849292e+01
    endloop
  endfacet
  facet normal -4.512755e-01 -6.079939e-01 -6.532181e-01
    outer loop
      vertex   3.451020e+01 1.471714e-01 2.314968e+01
      vertex   3.671236e+01 2.500000e-01 2.153262e+01
      vertex   3.675713e+01 1.471311e-01 2.159743e+01
    endloop
  endfacet
  facet normal -4.512777e-01 -6.079939e-01 -6.532165e-01
    outer loop
      vertex   3.675713e+01 1.471311e-01 2.159743e+01
      vertex   3.671236e+01 2.500000e-01 2.153262e+01
      vertex   3.895926e+01 2.500000e-01 1.998033e+01
    endloop
  endfacet
  facet normal -4.513367e-01 -6.078584e-01 -6.533019e-01
    outer loop
      vertex   3.001634e+01 1.472520e-01 2.625419e+01
      vertex   2.997163e+01 2.500000e-01 2.618948e+01
      vertex   3.221854e+01 2.500000e-01 2.463719e+01
    endloop
  endfacet
  facet normal -3.461001e-01 -7.932494e-01 -5.009691e-01
    outer loop
      vertex   6.821416e+01 1.465673e-01 -1.341252e-01
      vertex   7.046109e+01 1.465271e-01 -1.686379e+00
      vertex   6.827309e+01 6.698730e-02 -4.882721e-02
    endloop
  endfacet
  facet normal -3.460723e-01 -7.932841e-01 -5.009335e-01
    outer loop
      vertex   6.827309e+01 6.698730e-02 -4.882721e-02
      vertex   7.046109e+01 1.465271e-01 -1.686379e+00
      vertex   7.052000e+01 6.698730e-02 -1.601114e+00
    endloop
  endfacet
  facet normal -2.175179e-01 -9.238795e-01 -3.148533e-01
    outer loop
      vertex   6.827309e+01 6.698730e-02 -4.882721e-02
      vertex   7.052000e+01 6.698730e-02 -1.601114e+00
      vertex   6.834164e+01 1.703709e-02 5.038876e-02
    endloop
  endfacet
  facet normal -2.175179e-01 -9.238795e-01 -3.148533e-01
    outer loop
      vertex   6.834164e+01 1.703709e-02 5.038876e-02
      vertex   7.052000e+01 6.698730e-02 -1.601114e+00
      vertex   7.058854e+01 1.703709e-02 -1.501898e+00
    endloop
  endfacet
  facet normal -7.419129e-02 -9.914449e-01 -1.073906e-01
    outer loop
      vertex   6.834164e+01 1.703709e-02 5.038876e-02
      vertex   7.058854e+01 1.703709e-02 -1.501898e+00
      vertex   7.515592e+01 0.000000e+00 -4.500000e+00
    endloop
  endfacet
  facet normal -3.461771e-01 -7.931455e-01 -5.010805e-01
    outer loop
      vertex   6.372030e+01 1.466478e-01 2.970382e+00
      vertex   6.153237e+01 6.698730e-02 4.608033e+00
      vertex   6.147337e+01 1.466880e-01 4.522636e+00
    endloop
  endfacet
  facet normal -3.461748e-01 -7.931455e-01 -5.010820e-01
    outer loop
      vertex   6.147337e+01 1.466880e-01 4.522636e+00
      vertex   6.153237e+01 6.698730e-02 4.608033e+00
      vertex   5.928546e+01 6.698730e-02 6.160320e+00
    endloop
  endfacet
  facet normal -3.462027e-01 -7.931109e-01 -5.011176e-01
    outer loop
      vertex   6.147337e+01 1.466880e-01 4.522636e+00
      vertex   5.928546e+01 6.698730e-02 6.160320e+00
      vertex   5.922644e+01 1.467283e-01 6.074890e+00
    endloop
  endfacet
  facet normal -3.462005e-01 -7.931109e-01 -5.011191e-01
    outer loop
      vertex   5.922644e+01 1.467283e-01 6.074890e+00
      vertex   5.928546e+01 6.698730e-02 6.160320e+00
      vertex   5.703855e+01 6.698730e-02 7.712607e+00
    endloop
  endfacet
  facet normal -3.463053e-01 -7.929723e-01 -5.012660e-01
    outer loop
      vertex   5.029783e+01 6.698730e-02 1.236947e+01
      vertex   5.023872e+01 1.468894e-01 1.228391e+01
      vertex   5.248565e+01 1.468491e-01 1.073165e+01
    endloop
  endfacet
  facet normal -3.462774e-01 -7.930069e-01 -5.012305e-01
    outer loop
      vertex   5.029783e+01 6.698730e-02 1.236947e+01
      vertex   5.248565e+01 1.468491e-01 1.073165e+01
      vertex   5.254474e+01 6.698730e-02 1.081718e+01
    endloop
  endfacet
  facet normal -3.463287e-01 -7.929376e-01 -5.013047e-01
    outer loop
      vertex   4.580401e+01 6.698730e-02 1.547404e+01
      vertex   4.799179e+01 1.469296e-01 1.383616e+01
      vertex   4.805092e+01 6.698730e-02 1.392175e+01
    endloop
  endfacet
  facet normal -3.463822e-01 -7.928683e-01 -5.013774e-01
    outer loop
      vertex   4.574486e+01 1.469699e-01 1.538841e+01
      vertex   4.355710e+01 6.698730e-02 1.702633e+01
      vertex   4.349792e+01 1.470102e-01 1.694067e+01
    endloop
  endfacet
  facet normal -3.463800e-01 -7.928683e-01 -5.013789e-01
    outer loop
      vertex   4.349792e+01 1.470102e-01 1.694067e+01
      vertex   4.355710e+01 6.698730e-02 1.702633e+01
      vertex   4.131020e+01 6.698730e-02 1.857862e+01
    endloop
  endfacet
  facet normal -3.464079e-01 -7.928336e-01 -5.014145e-01
    outer loop
      vertex   4.349792e+01 1.470102e-01 1.694067e+01
      vertex   4.131020e+01 6.698730e-02 1.857862e+01
      vertex   4.125099e+01 1.470505e-01 1.849292e+01
    endloop
  endfacet
  facet normal -3.464056e-01 -7.928336e-01 -5.014160e-01
    outer loop
      vertex   4.125099e+01 1.470505e-01 1.849292e+01
      vertex   4.131020e+01 6.698730e-02 1.857862e+01
      vertex   3.906329e+01 6.698730e-02 2.013090e+01
    endloop
  endfacet
  facet normal -3.464825e-01 -7.927296e-01 -5.015273e-01
    outer loop
      vertex   3.232256e+01 6.698730e-02 2.478776e+01
      vertex   3.451020e+01 1.471714e-01 2.314968e+01
      vertex   3.456947e+01 6.698730e-02 2.323548e+01
    endloop
  endfacet
  facet normal -3.464848e-01 -7.927296e-01 -5.015258e-01
    outer loop
      vertex   3.456947e+01 6.698730e-02 2.323548e+01
      vertex   3.451020e+01 1.471714e-01 2.314968e+01
      vertex   3.675713e+01 1.471311e-01 2.159743e+01
    endloop
  endfacet
  facet normal -3.460979e-01 -7.932494e-01 -5.009706e-01
    outer loop
      vertex   6.821416e+01 1.465673e-01 -1.341252e-01
      vertex   6.827309e+01 6.698730e-02 -4.882721e-02
      vertex   6.602618e+01 6.698730e-02 1.503460e+00
    endloop
  endfacet
  facet normal -2.175179e-01 -9.238795e-01 -3.148533e-01
    outer loop
      vertex   6.602618e+01 6.698730e-02 1.503460e+00
      vertex   6.827309e+01 6.698730e-02 -4.882721e-02
      vertex   6.609473e+01 1.703709e-02 1.602676e+00
    endloop
  endfacet
  facet normal -2.175179e-01 -9.238795e-01 -3.148533e-01
    outer loop
      vertex   6.602618e+01 6.698730e-02 1.503460e+00
      vertex   6.609473e+01 1.703709e-02 1.602676e+00
      vertex   6.384782e+01 1.703709e-02 3.154963e+00
    endloop
  endfacet
  facet normal -7.419129e-02 -9.914449e-01 -1.073906e-01
    outer loop
      vertex   6.384782e+01 1.703709e-02 3.154963e+00
      vertex   6.609473e+01 1.703709e-02 1.602676e+00
      vertex   7.515592e+01 0.000000e+00 -4.500000e+00
    endloop
  endfacet
  facet normal -2.175179e-01 -9.238795e-01 -3.148533e-01
    outer loop
      vertex   6.609473e+01 1.703709e-02 1.602676e+00
      vertex   6.827309e+01 6.698730e-02 -4.882721e-02
      vertex   6.834164e+01 1.703709e-02 5.038876e-02
    endloop
  endfacet
  facet normal -2.175179e-01 -9.238795e-01 -3.148533e-01
    outer loop
      vertex   5.710710e+01 1.703709e-02 7.811823e+00
      vertex   5.703855e+01 6.698730e-02 7.712607e+00
      vertex   5.928546e+01 6.698730e-02 6.160320e+00
    endloop
  endfacet
  facet normal -2.175179e-01 -9.238795e-01 -3.148533e-01
    outer loop
      vertex   5.710710e+01 1.703709e-02 7.811823e+00
      vertex   5.928546e+01 6.698730e-02 6.160320e+00
      vertex   5.935400e+01 1.703709e-02 6.259536e+00
    endloop
  endfacet
  facet normal -2.175179e-01 -9.238795e-01 -3.148533e-01
    outer loop
      vertex   5.935400e+01 1.703709e-02 6.259536e+00
      vertex   5.928546e+01 6.698730e-02 6.160320e+00
      vertex   6.153237e+01 6.698730e-02 4.608033e+00
    endloop
  endfacet
  facet normal -2.175179e-01 -9.238795e-01 -3.148533e-01
    outer loop
      vertex   5.036637e+01 1.703709e-02 1.246868e+01
      vertex   5.029783e+01 6.698730e-02 1.236947e+01
      vertex   5.254474e+01 6.698730e-02 1.081718e+01
    endloop
  endfacet
  facet normal -2.175179e-01 -9.238795e-01 -3.148533e-01
    outer loop
      vertex   5.036637e+01 1.703709e-02 1.246868e+01
      vertex   5.254474e+01 6.698730e-02 1.081718e+01
      vertex   5.261328e+01 1.703709e-02 1.091640e+01
    endloop
  endfacet
  facet normal -2.175179e-01 -9.238795e-01 -3.148533e-01
    outer loop
      vertex   4.580401e+01 6.698730e-02 1.547404e+01
      vertex   4.805092e+01 6.698730e-02 1.392175e+01
      vertex   4.587256e+01 1.703709e-02 1.557326e+01
    endloop
  endfacet
  facet normal -2.175179e-01 -9.238795e-01 -3.148533e-01
    outer loop
      vertex   4.587256e+01 1.703709e-02 1.557326e+01
      vertex   4.805092e+01 6.698730e-02 1.392175e+01
      vertex   4.811946e+01 1.703709e-02 1.402097e+01
    endloop
  endfacet
  facet normal -7.419129e-02 -9.914449e-01 -1.073906e-01
    outer loop
      vertex   4.587256e+01 1.703709e-02 1.557326e+01
      vertex   4.811946e+01 1.703709e-02 1.402097e+01
      vertex   2.800895e+01 0.000000e+00 2.807170e+01
    endloop
  endfacet
  facet normal -2.175179e-01 -9.238795e-01 -3.148533e-01
    outer loop
      vertex   3.913183e+01 1.703709e-02 2.023012e+01
      vertex   3.906329e+01 6.698730e-02 2.013090e+01
      vertex   4.131020e+01 6.698730e-02 1.857862e+01
    endloop
  endfacet
  facet normal -2.175179e-01 -9.238795e-01 -3.148533e-01
    outer loop
      vertex   3.913183e+01 1.703709e-02 2.023012e+01
      vertex   4.131020e+01 6.698730e-02 1.857862e+01
      vertex   4.137874e+01 1.703709e-02 1.867783e+01
    endloop
  endfacet
  facet normal -2.175179e-01 -9.238795e-01 -3.148533e-01
    outer loop
      vertex   4.137874e+01 1.703709e-02 1.867783e+01
      vertex   4.131020e+01 6.698730e-02 1.857862e+01
      vertex   4.355710e+01 6.698730e-02 1.702633e+01
    endloop
  endfacet
  facet normal -2.175179e-01 -9.238795e-01 -3.148533e-01
    outer loop
      vertex   3.463802e+01 1.703709e-02 2.333469e+01
      vertex   3.681638e+01 6.698730e-02 2.168319e+01
      vertex   3.688492e+01 1.703709e-02 2.178240e+01
    endloop
  endfacet
  facet normal -2.175179e-01 -9.238795e-01 -3.148533e-01
    outer loop
      vertex   3.014420e+01 1.703709e-02 2.643927e+01
      vertex   3.232256e+01 6.698730e-02 2.478776e+01
      vertex   3.239111e+01 1.703709e-02 2.488698e+01
    endloop
  endfacet
  facet normal -2.175179e-01 -9.238795e-01 -3.148533e-01
    outer loop
      vertex   3.239111e+01 1.703709e-02 2.488698e+01
      vertex   3.232256e+01 6.698730e-02 2.478776e+01
      vertex   3.456947e+01 6.698730e-02 2.323548e+01
    endloop
  endfacet
  facet normal -7.419129e-02 -9.914449e-01 -1.073906e-01
    outer loop
      vertex   7.515592e+01 0.000000e+00 -4.500000e+00
      vertex   6.609473e+01 1.703709e-02 1.602676e+00
      vertex   6.834164e+01 1.703709e-02 5.038876e-02
    endloop
  endfacet
  facet normal -7.419129e-02 -9.914449e-01 -1.073906e-01
    outer loop
      vertex   2.800895e+01 0.000000e+00 2.807170e+01
      vertex   4.362565e+01 1.703709e-02 1.712554e+01
      vertex   4.587256e+01 1.703709e-02 1.557326e+01
    endloop
  endfacet
  facet normal -2.175179e-01 -9.238795e-01 -3.148533e-01
    outer loop
      vertex   4.587256e+01 1.703709e-02 1.557326e+01
      vertex   4.362565e+01 1.703709e-02 1.712554e+01
      vertex   4.580401e+01 6.698730e-02 1.547404e+01
    endloop
  endfacet
  facet normal -7.419129e-02 -9.914449e-01 -1.073906e-01
    outer loop
      vertex   2.800895e+01 0.000000e+00 2.807170e+01
      vertex   3.463802e+01 1.703709e-02 2.333469e+01
      vertex   3.688492e+01 1.703709e-02 2.178240e+01
    endloop
  endfacet
  facet normal -1.044210e-01 9.914449e-01 -7.831572e-02
    outer loop
      vertex   1.402500e+02 7.000000e+00 -4.500000e+00
      vertex   1.389465e+02 6.982963e+00 -2.977646e+00
      vertex   1.372500e+02 7.000000e+00 -5.000000e-01
    endloop
  endfacet
  facet normal -1.044210e-01 9.914449e-01 -7.831572e-02
    outer loop
      vertex   1.372500e+02 7.000000e+00 -5.000000e-01
      vertex   1.389465e+02 6.982963e+00 -2.977646e+00
      vertex   1.377465e+02 6.982963e+00 -1.377646e+00
    endloop
  endfacet
  facet normal -1.496700e-01 9.832772e-01 -1.037539e-01
    outer loop
      vertex   1.372500e+02 7.000000e+00 -5.000000e-01
      vertex   1.377465e+02 6.982963e+00 -1.377646e+00
      vertex   1.368673e+02 6.961940e+00 -3.086583e-01
    endloop
  endfacet
  facet normal -3.042891e-01 9.238751e-01 -2.320839e-01
    outer loop
      vertex   1.368673e+02 6.961940e+00 -3.086583e-01
      vertex   1.377465e+02 6.982963e+00 -1.377646e+00
      vertex   1.376500e+02 6.933013e+00 -1.450000e+00
    endloop
  endfacet
  facet normal -4.415300e-01 8.367094e-01 -3.239886e-01
    outer loop
      vertex   1.368673e+02 6.961940e+00 -3.086583e-01
      vertex   1.376500e+02 6.933013e+00 -1.450000e+00
      vertex   1.365429e+02 6.853553e+00 -1.464466e-01
    endloop
  endfacet
  facet normal -4.870091e-01 7.933533e-01 -3.652569e-01
    outer loop
      vertex   1.365429e+02 6.853553e+00 -1.464466e-01
      vertex   1.376500e+02 6.933013e+00 -1.450000e+00
      vertex   1.375672e+02 6.853553e+00 -1.512132e+00
    endloop
  endfacet
  facet normal -6.184084e-01 6.343933e-01 -4.638063e-01
    outer loop
      vertex   1.365429e+02 6.853553e+00 -1.464466e-01
      vertex   1.375672e+02 6.853553e+00 -1.512132e+00
      vertex   1.364185e+02 6.777785e+00 -8.426519e-02
    endloop
  endfacet
  facet normal -6.336311e-01 6.087605e-01 -4.774121e-01
    outer loop
      vertex   1.364185e+02 6.777785e+00 -8.426519e-02
      vertex   1.375672e+02 6.853553e+00 -1.512132e+00
      vertex   1.375036e+02 6.750000e+00 -1.559808e+00
    endloop
  endfacet
  facet normal -7.058170e-01 4.723516e-01 -5.279264e-01
    outer loop
      vertex   1.364185e+02 6.777785e+00 -8.426519e-02
      vertex   1.375036e+02 6.750000e+00 -1.559808e+00
      vertex   1.363261e+02 6.691342e+00 -3.806023e-02
    endloop
  endfacet
  facet normal -7.377678e-01 3.826825e-01 -5.561051e-01
    outer loop
      vertex   1.363261e+02 6.691342e+00 -3.806023e-02
      vertex   1.375036e+02 6.750000e+00 -1.559808e+00
      vertex   1.374636e+02 6.629410e+00 -1.589778e+00
    endloop
  endfacet
  facet normal -7.530076e-01 3.365448e-01 -5.654354e-01
    outer loop
      vertex   1.363261e+02 6.691342e+00 -3.806023e-02
      vertex   1.374636e+02 6.629410e+00 -1.589778e+00
      vertex   1.362931e+02 6.645142e+00 -2.152983e-02
    endloop
  endfacet
  facet normal -7.761627e-01 2.431086e-01 -5.817815e-01
    outer loop
      vertex   1.362931e+02 6.645142e+00 -2.152983e-02
      vertex   1.374636e+02 6.629410e+00 -1.589778e+00
      vertex   1.362692e+02 6.597545e+00 -9.607360e-03
    endloop
  endfacet
  facet normal -7.905733e-01 1.463366e-01 -5.946255e-01
    outer loop
      vertex   1.362692e+02 6.597545e+00 -9.607360e-03
      vertex   1.374636e+02 6.629410e+00 -1.589778e+00
      vertex   1.362548e+02 6.549009e+00 -2.407637e-03
    endloop
  endfacet
  facet normal -7.958249e-01 4.854085e-02 -6.035781e-01
    outer loop
      vertex   1.362548e+02 6.549009e+00 -2.407637e-03
      vertex   1.374636e+02 6.629410e+00 -1.589778e+00
      vertex   1.362500e+02 6.500000e+00 -4.996004e-15
    endloop
  endfacet
  facet normal -7.931559e-01 1.305262e-01 -5.948669e-01
    outer loop
      vertex   1.362500e+02 6.500000e+00 -4.996004e-15
      vertex   1.374636e+02 6.629410e+00 -1.589778e+00
      vertex   1.386636e+02 6.629410e+00 -3.189778e+00
    endloop
  endfacet
  facet normal -7.931559e-01 1.305262e-01 -5.948669e-01
    outer loop
      vertex   1.362500e+02 6.500000e+00 -4.996004e-15
      vertex   1.386636e+02 6.629410e+00 -3.189778e+00
      vertex   1.398500e+02 6.500000e+00 -4.800000e+00
    endloop
  endfacet
  facet normal -7.931559e-01 1.305262e-01 -5.948669e-01
    outer loop
      vertex   1.398500e+02 6.500000e+00 -4.800000e+00
      vertex   1.386636e+02 6.629410e+00 -3.189778e+00
      vertex   1.398636e+02 6.629410e+00 -4.789778e+00
    endloop
  endfacet
  facet normal -7.391036e-01 3.826834e-01 -5.543277e-01
    outer loop
      vertex   1.398636e+02 6.629410e+00 -4.789778e+00
      vertex   1.386636e+02 6.629410e+00 -3.189778e+00
      vertex   1.399036e+02 6.750000e+00 -4.759808e+00
    endloop
  endfacet
  facet normal -7.391036e-01 3.826834e-01 -5.543277e-01
    outer loop
      vertex   1.399036e+02 6.750000e+00 -4.759808e+00
      vertex   1.386636e+02 6.629410e+00 -3.189778e+00
      vertex   1.387036e+02 6.750000e+00 -3.159808e+00
    endloop
  endfacet
  facet normal -6.346827e-01 6.087614e-01 -4.760120e-01
    outer loop
      vertex   1.399036e+02 6.750000e+00 -4.759808e+00
      vertex   1.387036e+02 6.750000e+00 -3.159808e+00
      vertex   1.399672e+02 6.853553e+00 -4.712132e+00
    endloop
  endfacet
  facet normal -6.346827e-01 6.087614e-01 -4.760120e-01
    outer loop
      vertex   1.399672e+02 6.853553e+00 -4.712132e+00
      vertex   1.387036e+02 6.750000e+00 -3.159808e+00
      vertex   1.387672e+02 6.853553e+00 -3.112132e+00
    endloop
  endfacet
  facet normal -4.870091e-01 7.933533e-01 -3.652569e-01
    outer loop
      vertex   1.399672e+02 6.853553e+00 -4.712132e+00
      vertex   1.387672e+02 6.853553e+00 -3.112132e+00
      vertex   1.400500e+02 6.933013e+00 -4.650000e+00
    endloop
  endfacet
  facet normal -4.870091e-01 7.933533e-01 -3.652569e-01
    outer loop
      vertex   1.400500e+02 6.933013e+00 -4.650000e+00
      vertex   1.387672e+02 6.853553e+00 -3.112132e+00
      vertex   1.388500e+02 6.933013e+00 -3.050000e+00
    endloop
  endfacet
  facet normal -3.061467e-01 9.238795e-01 -2.296101e-01
    outer loop
      vertex   1.400500e+02 6.933013e+00 -4.650000e+00
      vertex   1.388500e+02 6.933013e+00 -3.050000e+00
      vertex   1.401465e+02 6.982963e+00 -4.577646e+00
    endloop
  endfacet
  facet normal -3.061467e-01 9.238795e-01 -2.296101e-01
    outer loop
      vertex   1.401465e+02 6.982963e+00 -4.577646e+00
      vertex   1.388500e+02 6.933013e+00 -3.050000e+00
      vertex   1.389465e+02 6.982963e+00 -2.977646e+00
    endloop
  endfacet
  facet normal -1.044210e-01 9.914449e-01 -7.831572e-02
    outer loop
      vertex   1.401465e+02 6.982963e+00 -4.577646e+00
      vertex   1.389465e+02 6.982963e+00 -2.977646e+00
      vertex   1.402500e+02 7.000000e+00 -4.500000e+00
    endloop
  endfacet
  facet normal -3.061467e-01 9.238795e-01 -2.296101e-01
    outer loop
      vertex   1.376500e+02 6.933013e+00 -1.450000e+00
      vertex   1.377465e+02 6.982963e+00 -1.377646e+00
      vertex   1.389465e+02 6.982963e+00 -2.977646e+00
    endloop
  endfacet
  facet normal -3.061467e-01 9.238795e-01 -2.296101e-01
    outer loop
      vertex   1.376500e+02 6.933013e+00 -1.450000e+00
      vertex   1.389465e+02 6.982963e+00 -2.977646e+00
      vertex   1.388500e+02 6.933013e+00 -3.050000e+00
    endloop
  endfacet
  facet normal -4.870091e-01 7.933533e-01 -3.652569e-01
    outer loop
      vertex   1.375672e+02 6.853553e+00 -1.512132e+00
      vertex   1.376500e+02 6.933013e+00 -1.450000e+00
      vertex   1.388500e+02 6.933013e+00 -3.050000e+00
    endloop
  endfacet
  facet normal -4.870091e-01 7.933533e-01 -3.652569e-01
    outer loop
      vertex   1.375672e+02 6.853553e+00 -1.512132e+00
      vertex   1.388500e+02 6.933013e+00 -3.050000e+00
      vertex   1.387672e+02 6.853553e+00 -3.112132e+00
    endloop
  endfacet
  facet normal -6.346827e-01 6.087614e-01 -4.760120e-01
    outer loop
      vertex   1.375036e+02 6.750000e+00 -1.559808e+00
      vertex   1.375672e+02 6.853553e+00 -1.512132e+00
      vertex   1.387672e+02 6.853553e+00 -3.112132e+00
    endloop
  endfacet
  facet normal -6.346827e-01 6.087614e-01 -4.760120e-01
    outer loop
      vertex   1.375036e+02 6.750000e+00 -1.559808e+00
      vertex   1.387672e+02 6.853553e+00 -3.112132e+00
      vertex   1.387036e+02 6.750000e+00 -3.159808e+00
    endloop
  endfacet
  facet normal -7.391036e-01 3.826834e-01 -5.543277e-01
    outer loop
      vertex   1.374636e+02 6.629410e+00 -1.589778e+00
      vertex   1.375036e+02 6.750000e+00 -1.559808e+00
      vertex   1.387036e+02 6.750000e+00 -3.159808e+00
    endloop
  endfacet
  facet normal -7.391036e-01 3.826834e-01 -5.543277e-01
    outer loop
      vertex   1.374636e+02 6.629410e+00 -1.589778e+00
      vertex   1.387036e+02 6.750000e+00 -3.159808e+00
      vertex   1.386636e+02 6.629410e+00 -3.189778e+00
    endloop
  endfacet
  facet normal -4.827582e-01 1.166738e-15 -8.757537e-01
    outer loop
      vertex   7.495981e+01 6.500000e+00 -4.959936e+00
      vertex   7.495981e+01 4.500000e+00 -4.959936e+00
      vertex   7.487172e+01 6.500000e+00 -4.911376e+00
    endloop
  endfacet
  facet normal -4.827582e-01 0.000000e+00 -8.757537e-01
    outer loop
      vertex   7.487172e+01 6.500000e+00 -4.911376e+00
      vertex   7.495981e+01 4.500000e+00 -4.959936e+00
      vertex   7.495981e+01 2.500000e+00 -4.959936e+00
    endloop
  endfacet
  facet normal -4.827582e-01 -0.000000e+00 -8.757537e-01
    outer loop
      vertex   7.487172e+01 6.500000e+00 -4.911376e+00
      vertex   7.495981e+01 2.500000e+00 -4.959936e+00
      vertex   7.487172e+01 5.000000e-01 -4.911376e+00
    endloop
  endfacet
  facet normal -4.827582e-01 0.000000e+00 -8.757537e-01
    outer loop
      vertex   7.487172e+01 5.000000e-01 -4.911376e+00
      vertex   7.495981e+01 2.500000e+00 -4.959936e+00
      vertex   7.495981e+01 5.000000e-01 -4.959936e+00
    endloop
  endfacet
  facet normal -2.976984e-01 0.000000e+00 -9.546600e-01
    outer loop
      vertex   7.495981e+01 5.000000e-01 -4.959936e+00
      vertex   7.495981e+01 2.500000e+00 -4.959936e+00
      vertex   7.505584e+01 5.000000e-01 -4.989882e+00
    endloop
  endfacet
  facet normal -2.976984e-01 4.239542e-16 -9.546600e-01
    outer loop
      vertex   7.505584e+01 5.000000e-01 -4.989882e+00
      vertex   7.495981e+01 2.500000e+00 -4.959936e+00
      vertex   7.505584e+01 2.500000e+00 -4.989882e+00
    endloop
  endfacet
  facet normal -1.005899e-01 4.418368e-16 -9.949280e-01
    outer loop
      vertex   7.505584e+01 5.000000e-01 -4.989882e+00
      vertex   7.505584e+01 2.500000e+00 -4.989882e+00
      vertex   7.515592e+01 5.000000e-01 -5.000000e+00
    endloop
  endfacet
  facet normal -1.005899e-01 0.000000e+00 -9.949280e-01
    outer loop
      vertex   7.515592e+01 5.000000e-01 -5.000000e+00
      vertex   7.505584e+01 2.500000e+00 -4.989882e+00
      vertex   7.505584e+01 4.500000e+00 -4.989882e+00
    endloop
  endfacet
  facet normal -1.005899e-01 0.000000e+00 -9.949280e-01
    outer loop
      vertex   7.515592e+01 5.000000e-01 -5.000000e+00
      vertex   7.505584e+01 4.500000e+00 -4.989882e+00
      vertex   7.515592e+01 6.500000e+00 -5.000000e+00
    endloop
  endfacet
  facet normal -1.005899e-01 8.838322e-16 -9.949280e-01
    outer loop
      vertex   7.515592e+01 6.500000e+00 -5.000000e+00
      vertex   7.505584e+01 4.500000e+00 -4.989882e+00
      vertex   7.505584e+01 6.500000e+00 -4.989882e+00
    endloop
  endfacet
  facet normal -2.976984e-01 8.479084e-16 -9.546600e-01
    outer loop
      vertex   7.505584e+01 6.500000e+00 -4.989882e+00
      vertex   7.505584e+01 4.500000e+00 -4.989882e+00
      vertex   7.495981e+01 6.500000e+00 -4.959936e+00
    endloop
  endfacet
  facet normal -2.976984e-01 1.271863e-15 -9.546600e-01
    outer loop
      vertex   7.495981e+01 6.500000e+00 -4.959936e+00
      vertex   7.505584e+01 4.500000e+00 -4.989882e+00
      vertex   7.495981e+01 4.500000e+00 -4.959936e+00
    endloop
  endfacet
  facet normal -2.976984e-01 0.000000e+00 -9.546600e-01
    outer loop
      vertex   7.505584e+01 2.500000e+00 -4.989882e+00
      vertex   7.495981e+01 2.500000e+00 -4.959936e+00
      vertex   7.495981e+01 4.500000e+00 -4.959936e+00
    endloop
  endfacet
  facet normal -2.976984e-01 0.000000e+00 -9.546600e-01
    outer loop
      vertex   7.505584e+01 2.500000e+00 -4.989882e+00
      vertex   7.495981e+01 4.500000e+00 -4.959936e+00
      vertex   7.505584e+01 4.500000e+00 -4.989882e+00
    endloop
  endfacet
  facet normal 0.000000e+00 1.305262e-01 -9.914449e-01
    outer loop
      vertex   7.515592e+01 6.629410e+00 -4.982963e+00
      vertex   7.795507e+01 6.629410e+00 -4.982963e+00
      vertex   7.515592e+01 6.500000e+00 -5.000000e+00
    endloop
  endfacet
  facet normal 0.000000e+00 1.305262e-01 -9.914449e-01
    outer loop
      vertex   7.515592e+01 6.500000e+00 -5.000000e+00
      vertex   7.795507e+01 6.629410e+00 -4.982963e+00
      vertex   8.075423e+01 6.629410e+00 -4.982963e+00
    endloop
  endfacet
  facet normal 0.000000e+00 1.305262e-01 -9.914449e-01
    outer loop
      vertex   7.515592e+01 6.500000e+00 -5.000000e+00
      vertex   8.075423e+01 6.629410e+00 -4.982963e+00
      vertex   8.355338e+01 6.629410e+00 -4.982963e+00
    endloop
  endfacet
  facet normal 0.000000e+00 3.826834e-01 -9.238795e-01
    outer loop
      vertex   8.355338e+01 6.629410e+00 -4.982963e+00
      vertex   8.075423e+01 6.629410e+00 -4.982963e+00
      vertex   8.355338e+01 6.750000e+00 -4.933013e+00
    endloop
  endfacet
  facet normal 0.000000e+00 3.826834e-01 -9.238795e-01
    outer loop
      vertex   8.355338e+01 6.629410e+00 -4.982963e+00
      vertex   8.355338e+01 6.750000e+00 -4.933013e+00
      vertex   8.635254e+01 6.750000e+00 -4.933013e+00
    endloop
  endfacet
  facet normal 0.000000e+00 6.087614e-01 -7.933533e-01
    outer loop
      vertex   8.635254e+01 6.750000e+00 -4.933013e+00
      vertex   8.355338e+01 6.750000e+00 -4.933013e+00
      vertex   8.635254e+01 6.853553e+00 -4.853553e+00
    endloop
  endfacet
  facet normal 0.000000e+00 6.087614e-01 -7.933533e-01
    outer loop
      vertex   8.635254e+01 6.750000e+00 -4.933013e+00
      vertex   8.635254e+01 6.853553e+00 -4.853553e+00
      vertex   8.915169e+01 6.853553e+00 -4.853553e+00
    endloop
  endfacet
  facet normal 0.000000e+00 7.933533e-01 -6.087614e-01
    outer loop
      vertex   8.915169e+01 6.853553e+00 -4.853553e+00
      vertex   8.635254e+01 6.853553e+00 -4.853553e+00
      vertex   8.915169e+01 6.933013e+00 -4.750000e+00
    endloop
  endfacet
  facet normal 0.000000e+00 7.933533e-01 -6.087614e-01
    outer loop
      vertex   8.915169e+01 6.853553e+00 -4.853553e+00
      vertex   8.915169e+01 6.933013e+00 -4.750000e+00
      vertex   9.195085e+01 6.933013e+00 -4.750000e+00
    endloop
  endfacet
  facet normal 0.000000e+00 9.238795e-01 -3.826834e-01
    outer loop
      vertex   9.195085e+01 6.933013e+00 -4.750000e+00
      vertex   8.915169e+01 6.933013e+00 -4.750000e+00
      vertex   9.195085e+01 6.982963e+00 -4.629410e+00
    endloop
  endfacet
  facet normal 0.000000e+00 9.238795e-01 -3.826834e-01
    outer loop
      vertex   9.195085e+01 6.933013e+00 -4.750000e+00
      vertex   9.195085e+01 6.982963e+00 -4.629410e+00
      vertex   9.475000e+01 6.982963e+00 -4.629410e+00
    endloop
  endfacet
  facet normal 0.000000e+00 9.914449e-01 -1.305262e-01
    outer loop
      vertex   9.475000e+01 6.982963e+00 -4.629410e+00
      vertex   9.195085e+01 6.982963e+00 -4.629410e+00
      vertex   9.475000e+01 7.000000e+00 -4.500000e+00
    endloop
  endfacet
  facet normal 0.000000e+00 9.914449e-01 -1.305262e-01
    outer loop
      vertex   9.475000e+01 7.000000e+00 -4.500000e+00
      vertex   9.195085e+01 6.982963e+00 -4.629410e+00
      vertex   8.915169e+01 6.982963e+00 -4.629410e+00
    endloop
  endfacet
  facet normal 0.000000e+00 9.914449e-01 -1.305262e-01
    outer loop
      vertex   9.475000e+01 7.000000e+00 -4.500000e+00
      vertex   8.915169e+01 6.982963e+00 -4.629410e+00
      vertex   8.635254e+01 6.982963e+00 -4.629410e+00
    endloop
  endfacet
  facet normal 0.000000e+00 9.238795e-01 -3.826834e-01
    outer loop
      vertex   8.635254e+01 6.982963e+00 -4.629410e+00
      vertex   8.915169e+01 6.982963e+00 -4.629410e+00
      vertex   8.635254e+01 6.933013e+00 -4.750000e+00
    endloop
  endfacet
  facet normal 0.000000e+00 9.238795e-01 -3.826834e-01
    outer loop
      vertex   8.635254e+01 6.982963e+00 -4.629410e+00
      vertex   8.635254e+01 6.933013e+00 -4.750000e+00
      vertex   8.355338e+01 6.933013e+00 -4.750000e+00
    endloop
  endfacet
  facet normal 0.000000e+00 7.933533e-01 -6.087614e-01
    outer loop
      vertex   8.355338e+01 6.933013e+00 -4.750000e+00
      vertex   8.635254e+01 6.933013e+00 -4.750000e+00
      vertex   8.355338e+01 6.853553e+00 -4.853553e+00
    endloop
  endfacet
  facet normal 0.000000e+00 7.933533e-01 -6.087614e-01
    outer loop
      vertex   8.355338e+01 6.933013e+00 -4.750000e+00
      vertex   8.355338e+01 6.853553e+00 -4.853553e+00
      vertex   8.075423e+01 6.853553e+00 -4.853553e+00
    endloop
  endfacet
  facet normal 0.000000e+00 6.087614e-01 -7.933533e-01
    outer loop
      vertex   8.075423e+01 6.853553e+00 -4.853553e+00
      vertex   8.355338e+01 6.853553e+00 -4.853553e+00
      vertex   8.075423e+01 6.750000e+00 -4.933013e+00
    endloop
  endfacet
  facet normal 0.000000e+00 6.087614e-01 -7.933533e-01
    outer loop
      vertex   8.075423e+01 6.853553e+00 -4.853553e+00
      vertex   8.075423e+01 6.750000e+00 -4.933013e+00
      vertex   7.795507e+01 6.750000e+00 -4.933013e+00
    endloop
  endfacet
  facet normal 0.000000e+00 3.826834e-01 -9.238795e-01
    outer loop
      vertex   7.795507e+01 6.750000e+00 -4.933013e+00
      vertex   8.075423e+01 6.750000e+00 -4.933013e+00
      vertex   7.795507e+01 6.629410e+00 -4.982963e+00
    endloop
  endfacet
  facet normal 0.000000e+00 3.826834e-01 -9.238795e-01
    outer loop
      vertex   7.795507e+01 6.750000e+00 -4.933013e+00
      vertex   7.795507e+01 6.629410e+00 -4.982963e+00
      vertex   7.515592e+01 6.629410e+00 -4.982963e+00
    endloop
  endfacet
  facet normal 0.000000e+00 3.826834e-01 -9.238795e-01
    outer loop
      vertex   7.515592e+01 6.629410e+00 -4.982963e+00
      vertex   7.515592e+01 6.750000e+00 -4.933013e+00
      vertex   7.795507e+01 6.750000e+00 -4.933013e+00
    endloop
  endfacet
  facet normal 0.000000e+00 6.087614e-01 -7.933533e-01
    outer loop
      vertex   7.795507e+01 6.750000e+00 -4.933013e+00
      vertex   7.515592e+01 6.750000e+00 -4.933013e+00
      vertex   7.795507e+01 6.853553e+00 -4.853553e+00
    endloop
  endfacet
  facet normal 0.000000e+00 6.087614e-01 -7.933533e-01
    outer loop
      vertex   7.795507e+01 6.750000e+00 -4.933013e+00
      vertex   7.795507e+01 6.853553e+00 -4.853553e+00
      vertex   8.075423e+01 6.853553e+00 -4.853553e+00
    endloop
  endfacet
  facet normal 0.000000e+00 7.933533e-01 -6.087614e-01
    outer loop
      vertex   8.075423e+01 6.853553e+00 -4.853553e+00
      vertex   7.795507e+01 6.853553e+00 -4.853553e+00
      vertex   8.075423e+01 6.933013e+00 -4.750000e+00
    endloop
  endfacet
  facet normal 0.000000e+00 7.933533e-01 -6.087614e-01
    outer loop
      vertex   8.075423e+01 6.853553e+00 -4.853553e+00
      vertex   8.075423e+01 6.933013e+00 -4.750000e+00
      vertex   8.355338e+01 6.933013e+00 -4.750000e+00
    endloop
  endfacet
  facet normal 0.000000e+00 9.238795e-01 -3.826834e-01
    outer loop
      vertex   8.355338e+01 6.933013e+00 -4.750000e+00
      vertex   8.075423e+01 6.933013e+00 -4.750000e+00
      vertex   8.355338e+01 6.982963e+00 -4.629410e+00
    endloop
  endfacet
  facet normal 0.000000e+00 9.238795e-01 -3.826834e-01
    outer loop
      vertex   8.355338e+01 6.933013e+00 -4.750000e+00
      vertex   8.355338e+01 6.982963e+00 -4.629410e+00
      vertex   8.635254e+01 6.982963e+00 -4.629410e+00
    endloop
  endfacet
  facet normal 0.000000e+00 9.914449e-01 -1.305262e-01
    outer loop
      vertex   8.635254e+01 6.982963e+00 -4.629410e+00
      vertex   8.355338e+01 6.982963e+00 -4.629410e+00
      vertex   9.475000e+01 7.000000e+00 -4.500000e+00
    endloop
  endfacet
  facet normal 0.000000e+00 6.087614e-01 -7.933533e-01
    outer loop
      vertex   7.515592e+01 6.750000e+00 -4.933013e+00
      vertex   7.515592e+01 6.853553e+00 -4.853553e+00
      vertex   7.795507e+01 6.853553e+00 -4.853553e+00
    endloop
  endfacet
  facet normal 0.000000e+00 7.933533e-01 -6.087614e-01
    outer loop
      vertex   7.795507e+01 6.853553e+00 -4.853553e+00
      vertex   7.515592e+01 6.853553e+00 -4.853553e+00
      vertex   7.795507e+01 6.933013e+00 -4.750000e+00
    endloop
  endfacet
  facet normal 0.000000e+00 7.933533e-01 -6.087614e-01
    outer loop
      vertex   7.795507e+01 6.853553e+00 -4.853553e+00
      vertex   7.795507e+01 6.933013e+00 -4.750000e+00
      vertex   8.075423e+01 6.933013e+00 -4.750000e+00
    endloop
  endfacet
  facet normal 0.000000e+00 9.238795e-01 -3.826834e-01
    outer loop
      vertex   8.075423e+01 6.933013e+00 -4.750000e+00
      vertex   7.795507e+01 6.933013e+00 -4.750000e+00
      vertex   8.075423e+01 6.982963e+00 -4.629410e+00
    endloop
  endfacet
  facet normal 0.000000e+00 9.238795e-01 -3.826834e-01
    outer loop
      vertex   8.075423e+01 6.933013e+00 -4.750000e+00
      vertex   8.075423e+01 6.982963e+00 -4.629410e+00
      vertex   8.355338e+01 6.982963e+00 -4.629410e+00
    endloop
  endfacet
  facet normal 0.000000e+00 9.914449e-01 -1.305262e-01
    outer loop
      vertex   8.355338e+01 6.982963e+00 -4.629410e+00
      vertex   8.075423e+01 6.982963e+00 -4.629410e+00
      vertex   7.515592e+01 7.000000e+00 -4.500000e+00
    endloop
  endfacet
  facet normal 1.780479e-17 9.914449e-01 -1.305262e-01
    outer loop
      vertex   8.355338e+01 6.982963e+00 -4.629410e+00
      vertex   7.515592e+01 7.000000e+00 -4.500000e+00
      vertex   9.475000e+01 7.000000e+00 -4.500000e+00
    endloop
  endfacet
  facet normal 0.000000e+00 7.933533e-01 -6.087614e-01
    outer loop
      vertex   7.515592e+01 6.853553e+00 -4.853553e+00
      vertex   7.515592e+01 6.933013e+00 -4.750000e+00
      vertex   7.795507e+01 6.933013e+00 -4.750000e+00
    endloop
  endfacet
  facet normal 0.000000e+00 9.238795e-01 -3.826834e-01
    outer loop
      vertex   7.795507e+01 6.933013e+00 -4.750000e+00
      vertex   7.515592e+01 6.933013e+00 -4.750000e+00
      vertex   7.795507e+01 6.982963e+00 -4.629410e+00
    endloop
  endfacet
  facet normal 0.000000e+00 9.238795e-01 -3.826834e-01
    outer loop
      vertex   7.795507e+01 6.933013e+00 -4.750000e+00
      vertex   7.795507e+01 6.982963e+00 -4.629410e+00
      vertex   8.075423e+01 6.982963e+00 -4.629410e+00
    endloop
  endfacet
  facet normal 0.000000e+00 9.914449e-01 -1.305262e-01
    outer loop
      vertex   8.075423e+01 6.982963e+00 -4.629410e+00
      vertex   7.795507e+01 6.982963e+00 -4.629410e+00
      vertex   7.515592e+01 7.000000e+00 -4.500000e+00
    endloop
  endfacet
  facet normal 0.000000e+00 9.238795e-01 -3.826834e-01
    outer loop
      vertex   7.515592e+01 6.933013e+00 -4.750000e+00
      vertex   7.515592e+01 6.982963e+00 -4.629410e+00
      vertex   7.795507e+01 6.982963e+00 -4.629410e+00
    endloop
  endfacet
  facet normal 0.000000e+00 9.914449e-01 -1.305262e-01
    outer loop
      vertex   7.795507e+01 6.982963e+00 -4.629410e+00
      vertex   7.515592e+01 6.982963e+00 -4.629410e+00
      vertex   7.515592e+01 7.000000e+00 -4.500000e+00
    endloop
  endfacet
  facet normal -2.943726e-16 9.238795e-01 -3.826834e-01
    outer loop
      vertex   9.475000e+01 6.982963e+00 -4.629410e+00
      vertex   9.475000e+01 6.933013e+00 -4.750000e+00
      vertex   9.195085e+01 6.933013e+00 -4.750000e+00
    endloop
  endfacet
  facet normal -2.517329e-16 7.933533e-01 -6.087614e-01
    outer loop
      vertex   9.195085e+01 6.933013e+00 -4.750000e+00
      vertex   9.475000e+01 6.933013e+00 -4.750000e+00
      vertex   9.195085e+01 6.853553e+00 -4.853553e+00
    endloop
  endfacet
  facet normal 0.000000e+00 7.933533e-01 -6.087614e-01
    outer loop
      vertex   9.195085e+01 6.933013e+00 -4.750000e+00
      vertex   9.195085e+01 6.853553e+00 -4.853553e+00
      vertex   8.915169e+01 6.853553e+00 -4.853553e+00
    endloop
  endfacet
  facet normal 0.000000e+00 6.087614e-01 -7.933533e-01
    outer loop
      vertex   8.915169e+01 6.853553e+00 -4.853553e+00
      vertex   9.195085e+01 6.853553e+00 -4.853553e+00
      vertex   8.915169e+01 6.750000e+00 -4.933013e+00
    endloop
  endfacet
  facet normal 0.000000e+00 6.087614e-01 -7.933533e-01
    outer loop
      vertex   8.915169e+01 6.853553e+00 -4.853553e+00
      vertex   8.915169e+01 6.750000e+00 -4.933013e+00
      vertex   8.635254e+01 6.750000e+00 -4.933013e+00
    endloop
  endfacet
  facet normal 0.000000e+00 3.826834e-01 -9.238795e-01
    outer loop
      vertex   8.635254e+01 6.750000e+00 -4.933013e+00
      vertex   8.915169e+01 6.750000e+00 -4.933013e+00
      vertex   8.635254e+01 6.629410e+00 -4.982963e+00
    endloop
  endfacet
  facet normal 0.000000e+00 3.826834e-01 -9.238795e-01
    outer loop
      vertex   8.635254e+01 6.750000e+00 -4.933013e+00
      vertex   8.635254e+01 6.629410e+00 -4.982963e+00
      vertex   8.355338e+01 6.629410e+00 -4.982963e+00
    endloop
  endfacet
  facet normal 0.000000e+00 1.305262e-01 -9.914449e-01
    outer loop
      vertex   8.355338e+01 6.629410e+00 -4.982963e+00
      vertex   8.635254e+01 6.629410e+00 -4.982963e+00
      vertex   7.515592e+01 6.500000e+00 -5.000000e+00
    endloop
  endfacet
  facet normal 0.000000e+00 7.933533e-01 -6.087614e-01
    outer loop
      vertex   9.475000e+01 6.933013e+00 -4.750000e+00
      vertex   9.475000e+01 6.853553e+00 -4.853553e+00
      vertex   9.195085e+01 6.853553e+00 -4.853553e+00
    endloop
  endfacet
  facet normal 0.000000e+00 6.087614e-01 -7.933533e-01
    outer loop
      vertex   9.195085e+01 6.853553e+00 -4.853553e+00
      vertex   9.475000e+01 6.853553e+00 -4.853553e+00
      vertex   9.195085e+01 6.750000e+00 -4.933013e+00
    endloop
  endfacet
  facet normal 0.000000e+00 6.087614e-01 -7.933533e-01
    outer loop
      vertex   9.195085e+01 6.853553e+00 -4.853553e+00
      vertex   9.195085e+01 6.750000e+00 -4.933013e+00
      vertex   8.915169e+01 6.750000e+00 -4.933013e+00
    endloop
  endfacet
  facet normal 0.000000e+00 3.826834e-01 -9.238795e-01
    outer loop
      vertex   8.915169e+01 6.750000e+00 -4.933013e+00
      vertex   9.195085e+01 6.750000e+00 -4.933013e+00
      vertex   8.915169e+01 6.629410e+00 -4.982963e+00
    endloop
  endfacet
  facet normal 0.000000e+00 3.826834e-01 -9.238795e-01
    outer loop
      vertex   8.915169e+01 6.750000e+00 -4.933013e+00
      vertex   8.915169e+01 6.629410e+00 -4.982963e+00
      vertex   8.635254e+01 6.629410e+00 -4.982963e+00
    endloop
  endfacet
  facet normal 0.000000e+00 1.305262e-01 -9.914449e-01
    outer loop
      vertex   8.635254e+01 6.629410e+00 -4.982963e+00
      vertex   8.915169e+01 6.629410e+00 -4.982963e+00
      vertex   9.475000e+01 6.500000e+00 -5.000000e+00
    endloop
  endfacet
  facet normal 0.000000e+00 1.305262e-01 -9.914449e-01
    outer loop
      vertex   8.635254e+01 6.629410e+00 -4.982963e+00
      vertex   9.475000e+01 6.500000e+00 -5.000000e+00
      vertex   7.515592e+01 6.500000e+00 -5.000000e+00
    endloop
  endfacet
  facet normal 0.000000e+00 6.087614e-01 -7.933533e-01
    outer loop
      vertex   9.475000e+01 6.853553e+00 -4.853553e+00
      vertex   9.475000e+01 6.750000e+00 -4.933013e+00
      vertex   9.195085e+01 6.750000e+00 -4.933013e+00
    endloop
  endfacet
  facet normal 0.000000e+00 3.826834e-01 -9.238795e-01
    outer loop
      vertex   9.195085e+01 6.750000e+00 -4.933013e+00
      vertex   9.475000e+01 6.750000e+00 -4.933013e+00
      vertex   9.195085e+01 6.629410e+00 -4.982963e+00
    endloop
  endfacet
  facet normal 0.000000e+00 3.826834e-01 -9.238795e-01
    outer loop
      vertex   9.195085e+01 6.750000e+00 -4.933013e+00
      vertex   9.195085e+01 6.629410e+00 -4.982963e+00
      vertex   8.915169e+01 6.629410e+00 -4.982963e+00
    endloop
  endfacet
  facet normal 0.000000e+00 1.305262e-01 -9.914449e-01
    outer loop
      vertex   8.915169e+01 6.629410e+00 -4.982963e+00
      vertex   9.195085e+01 6.629410e+00 -4.982963e+00
      vertex   9.475000e+01 6.500000e+00 -5.000000e+00
    endloop
  endfacet
  facet normal -2.943726e-16 3.826834e-01 -9.238795e-01
    outer loop
      vertex   9.475000e+01 6.750000e+00 -4.933013e+00
      vertex   9.475000e+01 6.629410e+00 -4.982963e+00
      vertex   9.195085e+01 6.629410e+00 -4.982963e+00
    endloop
  endfacet
  facet normal -3.145878e-16 1.305262e-01 -9.914449e-01
    outer loop
      vertex   9.195085e+01 6.629410e+00 -4.982963e+00
      vertex   9.475000e+01 6.629410e+00 -4.982963e+00
      vertex   9.475000e+01 6.500000e+00 -5.000000e+00
    endloop
  endfacet
  facet normal 0.000000e+00 3.826834e-01 -9.238795e-01
    outer loop
      vertex   8.355338e+01 6.750000e+00 -4.933013e+00
      vertex   8.075423e+01 6.629410e+00 -4.982963e+00
      vertex   8.075423e+01 6.750000e+00 -4.933013e+00
    endloop
  endfacet
  facet normal 0.000000e+00 3.826834e-01 -9.238795e-01
    outer loop
      vertex   8.075423e+01 6.750000e+00 -4.933013e+00
      vertex   8.075423e+01 6.629410e+00 -4.982963e+00
      vertex   7.795507e+01 6.629410e+00 -4.982963e+00
    endloop
  endfacet
  facet normal 0.000000e+00 6.087614e-01 -7.933533e-01
    outer loop
      vertex   8.635254e+01 6.853553e+00 -4.853553e+00
      vertex   8.355338e+01 6.750000e+00 -4.933013e+00
      vertex   8.355338e+01 6.853553e+00 -4.853553e+00
    endloop
  endfacet
  facet normal 0.000000e+00 6.087614e-01 -7.933533e-01
    outer loop
      vertex   8.355338e+01 6.853553e+00 -4.853553e+00
      vertex   8.355338e+01 6.750000e+00 -4.933013e+00
      vertex   8.075423e+01 6.750000e+00 -4.933013e+00
    endloop
  endfacet
  facet normal 0.000000e+00 7.933533e-01 -6.087614e-01
    outer loop
      vertex   8.915169e+01 6.933013e+00 -4.750000e+00
      vertex   8.635254e+01 6.853553e+00 -4.853553e+00
      vertex   8.635254e+01 6.933013e+00 -4.750000e+00
    endloop
  endfacet
  facet normal 0.000000e+00 7.933533e-01 -6.087614e-01
    outer loop
      vertex   8.635254e+01 6.933013e+00 -4.750000e+00
      vertex   8.635254e+01 6.853553e+00 -4.853553e+00
      vertex   8.355338e+01 6.853553e+00 -4.853553e+00
    endloop
  endfacet
  facet normal 0.000000e+00 9.238795e-01 -3.826834e-01
    outer loop
      vertex   9.195085e+01 6.982963e+00 -4.629410e+00
      vertex   8.915169e+01 6.933013e+00 -4.750000e+00
      vertex   8.915169e+01 6.982963e+00 -4.629410e+00
    endloop
  endfacet
  facet normal 0.000000e+00 9.238795e-01 -3.826834e-01
    outer loop
      vertex   8.915169e+01 6.982963e+00 -4.629410e+00
      vertex   8.915169e+01 6.933013e+00 -4.750000e+00
      vertex   8.635254e+01 6.933013e+00 -4.750000e+00
    endloop
  endfacet
  facet normal 7.990364e-01 4.906767e-02 -5.992773e-01
    outer loop
      vertex   9.875000e+01 6.500000e+00 3.330669e-15
      vertex   9.515000e+01 6.500000e+00 -4.800000e+00
      vertex   9.874518e+01 6.549009e+00 -2.407637e-03
    endloop
  endfacet
  facet normal 7.894721e-01 1.575619e-01 -5.932184e-01
    outer loop
      vertex   9.874518e+01 6.549009e+00 -2.407637e-03
      vertex   9.515000e+01 6.500000e+00 -4.800000e+00
      vertex   9.753637e+01 6.629410e+00 -1.589778e+00
    endloop
  endfacet
  facet normal 7.905733e-01 1.463366e-01 -5.946255e-01
    outer loop
      vertex   9.874518e+01 6.549009e+00 -2.407637e-03
      vertex   9.753637e+01 6.629410e+00 -1.589778e+00
      vertex   9.873079e+01 6.597545e+00 -9.607360e-03
    endloop
  endfacet
  facet normal 7.761627e-01 2.431086e-01 -5.817815e-01
    outer loop
      vertex   9.873079e+01 6.597545e+00 -9.607360e-03
      vertex   9.753637e+01 6.629410e+00 -1.589778e+00
      vertex   9.870694e+01 6.645142e+00 -2.152983e-02
    endloop
  endfacet
  facet normal 7.530076e-01 3.365448e-01 -5.654354e-01
    outer loop
      vertex   9.870694e+01 6.645142e+00 -2.152983e-02
      vertex   9.753637e+01 6.629410e+00 -1.589778e+00
      vertex   9.867388e+01 6.691342e+00 -3.806023e-02
    endloop
  endfacet
  facet normal 7.377678e-01 3.826825e-01 -5.561051e-01
    outer loop
      vertex   9.867388e+01 6.691342e+00 -3.806023e-02
      vertex   9.753637e+01 6.629410e+00 -1.589778e+00
      vertex   9.749641e+01 6.750000e+00 -1.559808e+00
    endloop
  endfacet
  facet normal 7.058170e-01 4.723516e-01 -5.279264e-01
    outer loop
      vertex   9.867388e+01 6.691342e+00 -3.806023e-02
      vertex   9.749641e+01 6.750000e+00 -1.559808e+00
      vertex   9.858147e+01 6.777785e+00 -8.426519e-02
    endloop
  endfacet
  facet normal 6.336311e-01 6.087605e-01 -4.774121e-01
    outer loop
      vertex   9.858147e+01 6.777785e+00 -8.426519e-02
      vertex   9.749641e+01 6.750000e+00 -1.559808e+00
      vertex   9.743284e+01 6.853553e+00 -1.512132e+00
    endloop
  endfacet
  facet normal 6.184084e-01 6.343933e-01 -4.638063e-01
    outer loop
      vertex   9.858147e+01 6.777785e+00 -8.426519e-02
      vertex   9.743284e+01 6.853553e+00 -1.512132e+00
      vertex   9.845711e+01 6.853553e+00 -1.464466e-01
    endloop
  endfacet
  facet normal 4.870091e-01 7.933533e-01 -3.652569e-01
    outer loop
      vertex   9.845711e+01 6.853553e+00 -1.464466e-01
      vertex   9.743284e+01 6.853553e+00 -1.512132e+00
      vertex   9.735000e+01 6.933013e+00 -1.450000e+00
    endloop
  endfacet
  facet normal 4.415300e-01 8.367094e-01 -3.239886e-01
    outer loop
      vertex   9.845711e+01 6.853553e+00 -1.464466e-01
      vertex   9.735000e+01 6.933013e+00 -1.450000e+00
      vertex   9.813268e+01 6.961940e+00 -3.086583e-01
    endloop
  endfacet
  facet normal 3.042891e-01 9.238751e-01 -2.320839e-01
    outer loop
      vertex   9.813268e+01 6.961940e+00 -3.086583e-01
      vertex   9.735000e+01 6.933013e+00 -1.450000e+00
      vertex   9.725353e+01 6.982963e+00 -1.377646e+00
    endloop
  endfacet
  facet normal 1.496700e-01 9.832772e-01 -1.037539e-01
    outer loop
      vertex   9.813268e+01 6.961940e+00 -3.086583e-01
      vertex   9.725353e+01 6.982963e+00 -1.377646e+00
      vertex   9.775000e+01 7.000000e+00 -5.000000e-01
    endloop
  endfacet
  facet normal 1.044210e-01 9.914449e-01 -7.831572e-02
    outer loop
      vertex   9.775000e+01 7.000000e+00 -5.000000e-01
      vertex   9.725353e+01 6.982963e+00 -1.377646e+00
      vertex   9.605353e+01 6.982963e+00 -2.977646e+00
    endloop
  endfacet
  facet normal 1.044210e-01 9.914449e-01 -7.831572e-02
    outer loop
      vertex   9.775000e+01 7.000000e+00 -5.000000e-01
      vertex   9.605353e+01 6.982963e+00 -2.977646e+00
      vertex   9.475000e+01 7.000000e+00 -4.500000e+00
    endloop
  endfacet
  facet normal 1.044210e-01 9.914449e-01 -7.831572e-02
    outer loop
      vertex   9.475000e+01 7.000000e+00 -4.500000e+00
      vertex   9.605353e+01 6.982963e+00 -2.977646e+00
      vertex   9.485353e+01 6.982963e+00 -4.577646e+00
    endloop
  endfacet
  facet normal 3.061467e-01 9.238795e-01 -2.296101e-01
    outer loop
      vertex   9.485353e+01 6.982963e+00 -4.577646e+00
      vertex   9.605353e+01 6.982963e+00 -2.977646e+00
      vertex   9.495000e+01 6.933013e+00 -4.650000e+00
    endloop
  endfacet
  facet normal 3.061467e-01 9.238795e-01 -2.296101e-01
    outer loop
      vertex   9.495000e+01 6.933013e+00 -4.650000e+00
      vertex   9.605353e+01 6.982963e+00 -2.977646e+00
      vertex   9.615000e+01 6.933013e+00 -3.050000e+00
    endloop
  endfacet
  facet normal 4.870091e-01 7.933533e-01 -3.652569e-01
    outer loop
      vertex   9.495000e+01 6.933013e+00 -4.650000e+00
      vertex   9.615000e+01 6.933013e+00 -3.050000e+00
      vertex   9.503284e+01 6.853553e+00 -4.712132e+00
    endloop
  endfacet
  facet normal 4.870091e-01 7.933533e-01 -3.652569e-01
    outer loop
      vertex   9.503284e+01 6.853553e+00 -4.712132e+00
      vertex   9.615000e+01 6.933013e+00 -3.050000e+00
      vertex   9.623284e+01 6.853553e+00 -3.112132e+00
    endloop
  endfacet
  facet normal 6.346827e-01 6.087614e-01 -4.760120e-01
    outer loop
      vertex   9.503284e+01 6.853553e+00 -4.712132e+00
      vertex   9.623284e+01 6.853553e+00 -3.112132e+00
      vertex   9.509641e+01 6.750000e+00 -4.759808e+00
    endloop
  endfacet
  facet normal 6.346827e-01 6.087614e-01 -4.760120e-01
    outer loop
      vertex   9.509641e+01 6.750000e+00 -4.759808e+00
      vertex   9.623284e+01 6.853553e+00 -3.112132e+00
      vertex   9.629641e+01 6.750000e+00 -3.159808e+00
    endloop
  endfacet
  facet normal 7.391036e-01 3.826834e-01 -5.543277e-01
    outer loop
      vertex   9.509641e+01 6.750000e+00 -4.759808e+00
      vertex   9.629641e+01 6.750000e+00 -3.159808e+00
      vertex   9.513637e+01 6.629410e+00 -4.789778e+00
    endloop
  endfacet
  facet normal 7.391036e-01 3.826834e-01 -5.543277e-01
    outer loop
      vertex   9.513637e+01 6.629410e+00 -4.789778e+00
      vertex   9.629641e+01 6.750000e+00 -3.159808e+00
      vertex   9.633637e+01 6.629410e+00 -3.189778e+00
    endloop
  endfacet
  facet normal 7.931559e-01 1.305262e-01 -5.948669e-01
    outer loop
      vertex   9.513637e+01 6.629410e+00 -4.789778e+00
      vertex   9.633637e+01 6.629410e+00 -3.189778e+00
      vertex   9.515000e+01 6.500000e+00 -4.800000e+00
    endloop
  endfacet
  facet normal 7.931559e-01 1.305262e-01 -5.948669e-01
    outer loop
      vertex   9.515000e+01 6.500000e+00 -4.800000e+00
      vertex   9.633637e+01 6.629410e+00 -3.189778e+00
      vertex   9.753637e+01 6.629410e+00 -1.589778e+00
    endloop
  endfacet
  facet normal 7.391036e-01 3.826834e-01 -5.543277e-01
    outer loop
      vertex   9.749641e+01 6.750000e+00 -1.559808e+00
      vertex   9.753637e+01 6.629410e+00 -1.589778e+00
      vertex   9.633637e+01 6.629410e+00 -3.189778e+00
    endloop
  endfacet
  facet normal 7.391036e-01 3.826834e-01 -5.543277e-01
    outer loop
      vertex   9.749641e+01 6.750000e+00 -1.559808e+00
      vertex   9.633637e+01 6.629410e+00 -3.189778e+00
      vertex   9.629641e+01 6.750000e+00 -3.159808e+00
    endloop
  endfacet
  facet normal 6.346827e-01 6.087614e-01 -4.760120e-01
    outer loop
      vertex   9.743284e+01 6.853553e+00 -1.512132e+00
      vertex   9.749641e+01 6.750000e+00 -1.559808e+00
      vertex   9.629641e+01 6.750000e+00 -3.159808e+00
    endloop
  endfacet
  facet normal 6.346827e-01 6.087614e-01 -4.760120e-01
    outer loop
      vertex   9.743284e+01 6.853553e+00 -1.512132e+00
      vertex   9.629641e+01 6.750000e+00 -3.159808e+00
      vertex   9.623284e+01 6.853553e+00 -3.112132e+00
    endloop
  endfacet
  facet normal 4.870091e-01 7.933533e-01 -3.652569e-01
    outer loop
      vertex   9.735000e+01 6.933013e+00 -1.450000e+00
      vertex   9.743284e+01 6.853553e+00 -1.512132e+00
      vertex   9.623284e+01 6.853553e+00 -3.112132e+00
    endloop
  endfacet
  facet normal 4.870091e-01 7.933533e-01 -3.652569e-01
    outer loop
      vertex   9.735000e+01 6.933013e+00 -1.450000e+00
      vertex   9.623284e+01 6.853553e+00 -3.112132e+00
      vertex   9.615000e+01 6.933013e+00 -3.050000e+00
    endloop
  endfacet
  facet normal 3.061467e-01 9.238795e-01 -2.296101e-01
    outer loop
      vertex   9.725353e+01 6.982963e+00 -1.377646e+00
      vertex   9.735000e+01 6.933013e+00 -1.450000e+00
      vertex   9.615000e+01 6.933013e+00 -3.050000e+00
    endloop
  endfacet
  facet normal 3.061467e-01 9.238795e-01 -2.296101e-01
    outer loop
      vertex   9.725353e+01 6.982963e+00 -1.377646e+00
      vertex   9.615000e+01 6.933013e+00 -3.050000e+00
      vertex   9.605353e+01 6.982963e+00 -2.977646e+00
    endloop
  endfacet
  facet normal -7.419129e-02 9.914449e-01 -1.073906e-01
    outer loop
      vertex   7.515592e+01 7.000000e+00 -4.500000e+00
      vertex   7.271265e+01 6.982963e+00 -2.969347e+00
      vertex   6.936599e+01 7.000000e+00 -5.000000e-01
    endloop
  endfacet
  facet normal -7.419129e-02 9.914449e-01 -1.073906e-01
    outer loop
      vertex   6.936599e+01 7.000000e+00 -5.000000e-01
      vertex   7.271265e+01 6.982963e+00 -2.969347e+00
      vertex   7.034294e+01 6.982963e+00 -1.332221e+00
    endloop
  endfacet
  facet normal -1.061641e-01 9.837540e-01 -1.447663e-01
    outer loop
      vertex   6.936599e+01 7.000000e+00 -5.000000e-01
      vertex   7.034294e+01 6.982963e+00 -1.332221e+00
      vertex   6.875239e+01 6.961940e+00 -3.086583e-01
    endloop
  endfacet
  facet normal -2.156556e-01 9.238772e-01 -3.161386e-01
    outer loop
      vertex   6.875239e+01 6.961940e+00 -3.086583e-01
      vertex   7.034294e+01 6.982963e+00 -1.332221e+00
      vertex   7.027440e+01 6.933013e+00 -1.431437e+00
    endloop
  endfacet
  facet normal -3.139555e-01 8.375405e-01 -4.471665e-01
    outer loop
      vertex   6.875239e+01 6.961940e+00 -3.086583e-01
      vertex   7.027440e+01 6.933013e+00 -1.431437e+00
      vertex   6.823221e+01 6.853553e+00 -1.464466e-01
    endloop
  endfacet
  facet normal -3.460210e-01 7.933533e-01 -5.008592e-01
    outer loop
      vertex   6.823221e+01 6.853553e+00 -1.464466e-01
      vertex   7.027440e+01 6.933013e+00 -1.431437e+00
      vertex   7.021554e+01 6.853553e+00 -1.516636e+00
    endloop
  endfacet
  facet normal -4.393804e-01 6.343933e-01 -6.359953e-01
    outer loop
      vertex   6.823221e+01 6.853553e+00 -1.464466e-01
      vertex   7.021554e+01 6.853553e+00 -1.516636e+00
      vertex   6.803281e+01 6.777785e+00 -8.426519e-02
    endloop
  endfacet
  facet normal -4.499320e-01 6.087610e-01 -6.534304e-01
    outer loop
      vertex   6.803281e+01 6.777785e+00 -8.426519e-02
      vertex   7.021554e+01 6.853553e+00 -1.516636e+00
      vertex   7.017037e+01 6.750000e+00 -1.582011e+00
    endloop
  endfacet
  facet normal -5.016210e-01 4.724690e-01 -7.246719e-01
    outer loop
      vertex   6.803281e+01 6.777785e+00 -8.426519e-02
      vertex   7.017037e+01 6.750000e+00 -1.582011e+00
      vertex   6.788464e+01 6.691342e+00 -3.806023e-02
    endloop
  endfacet
  facet normal -5.238580e-01 3.826830e-01 -7.610037e-01
    outer loop
      vertex   6.788464e+01 6.691342e+00 -3.806023e-02
      vertex   7.017037e+01 6.750000e+00 -1.582011e+00
      vertex   7.014198e+01 6.629410e+00 -1.623108e+00
    endloop
  endfacet
  facet normal -5.349421e-01 3.365050e-01 -7.749848e-01
    outer loop
      vertex   6.788464e+01 6.691342e+00 -3.806023e-02
      vertex   7.014198e+01 6.629410e+00 -1.623108e+00
      vertex   6.783163e+01 6.645142e+00 -2.152983e-02
    endloop
  endfacet
  facet normal -5.515028e-01 2.431235e-01 -7.979571e-01
    outer loop
      vertex   6.783163e+01 6.645142e+00 -2.152983e-02
      vertex   7.014198e+01 6.629410e+00 -1.623108e+00
      vertex   6.779339e+01 6.597545e+00 -9.607360e-03
    endloop
  endfacet
  facet normal -5.595243e-01 1.706046e-01 -8.110651e-01
    outer loop
      vertex   6.779339e+01 6.597545e+00 -9.607360e-03
      vertex   7.014198e+01 6.629410e+00 -1.623108e+00
      vertex   6.777994e+01 6.573365e+00 -5.411745e-03
    endloop
  endfacet
  facet normal -5.628162e-01 1.217689e-01 -8.175636e-01
    outer loop
      vertex   6.777994e+01 6.573365e+00 -5.411745e-03
      vertex   7.014198e+01 6.629410e+00 -1.623108e+00
      vertex   6.777031e+01 6.549009e+00 -2.407637e-03
    endloop
  endfacet
  facet normal -5.643872e-01 7.284891e-02 -8.222895e-01
    outer loop
      vertex   6.777031e+01 6.549009e+00 -2.407637e-03
      vertex   7.014198e+01 6.629410e+00 -1.623108e+00
      vertex   6.776452e+01 6.524534e+00 -6.022719e-04
    endloop
  endfacet
  facet normal -5.642569e-01 2.416111e-02 -8.252456e-01
    outer loop
      vertex   6.776452e+01 6.524534e+00 -6.022719e-04
      vertex   7.014198e+01 6.629410e+00 -1.623108e+00
      vertex   6.776259e+01 6.500000e+00 2.220446e-15
    endloop
  endfacet
  facet normal -5.635388e-01 1.305262e-01 -8.157125e-01
    outer loop
      vertex   6.776259e+01 6.500000e+00 2.220446e-15
      vertex   7.014198e+01 6.629410e+00 -1.623108e+00
      vertex   7.251169e+01 6.629410e+00 -3.260233e+00
    endloop
  endfacet
  facet normal -5.635388e-01 1.305262e-01 -8.157125e-01
    outer loop
      vertex   6.776259e+01 6.500000e+00 2.220446e-15
      vertex   7.251169e+01 6.629410e+00 -3.260233e+00
      vertex   7.487172e+01 6.500000e+00 -4.911376e+00
    endloop
  endfacet
  facet normal -5.635388e-01 1.305262e-01 -8.157125e-01
    outer loop
      vertex   7.487172e+01 6.500000e+00 -4.911376e+00
      vertex   7.251169e+01 6.629410e+00 -3.260233e+00
      vertex   7.488140e+01 6.629410e+00 -4.897358e+00
    endloop
  endfacet
  facet normal -5.251346e-01 3.826834e-01 -7.601231e-01
    outer loop
      vertex   7.488140e+01 6.629410e+00 -4.897358e+00
      vertex   7.251169e+01 6.629410e+00 -3.260233e+00
      vertex   7.490979e+01 6.750000e+00 -4.856262e+00
    endloop
  endfacet
  facet normal -5.251346e-01 3.826834e-01 -7.601231e-01
    outer loop
      vertex   7.490979e+01 6.750000e+00 -4.856262e+00
      vertex   7.251169e+01 6.629410e+00 -3.260233e+00
      vertex   7.254008e+01 6.750000e+00 -3.219137e+00
    endloop
  endfacet
  facet normal -4.509433e-01 6.087614e-01 -6.527325e-01
    outer loop
      vertex   7.490979e+01 6.750000e+00 -4.856262e+00
      vertex   7.254008e+01 6.750000e+00 -3.219137e+00
      vertex   7.495496e+01 6.853553e+00 -4.790887e+00
    endloop
  endfacet
  facet normal -4.509433e-01 6.087614e-01 -6.527325e-01
    outer loop
      vertex   7.495496e+01 6.853553e+00 -4.790887e+00
      vertex   7.254008e+01 6.750000e+00 -3.219137e+00
      vertex   7.258525e+01 6.853553e+00 -3.153761e+00
    endloop
  endfacet
  facet normal -3.460210e-01 7.933533e-01 -5.008592e-01
    outer loop
      vertex   7.495496e+01 6.853553e+00 -4.790887e+00
      vertex   7.258525e+01 6.853553e+00 -3.153761e+00
      vertex   7.501382e+01 6.933013e+00 -4.705688e+00
    endloop
  endfacet
  facet normal -3.460210e-01 7.933533e-01 -5.008592e-01
    outer loop
      vertex   7.501382e+01 6.933013e+00 -4.705688e+00
      vertex   7.258525e+01 6.853553e+00 -3.153761e+00
      vertex   7.264411e+01 6.933013e+00 -3.068563e+00
    endloop
  endfacet
  facet normal -2.175179e-01 9.238795e-01 -3.148533e-01
    outer loop
      vertex   7.501382e+01 6.933013e+00 -4.705688e+00
      vertex   7.264411e+01 6.933013e+00 -3.068563e+00
      vertex   7.508236e+01 6.982963e+00 -4.606472e+00
    endloop
  endfacet
  facet normal -2.175179e-01 9.238795e-01 -3.148533e-01
    outer loop
      vertex   7.508236e+01 6.982963e+00 -4.606472e+00
      vertex   7.264411e+01 6.933013e+00 -3.068563e+00
      vertex   7.271265e+01 6.982963e+00 -2.969347e+00
    endloop
  endfacet
  facet normal -7.419129e-02 9.914449e-01 -1.073906e-01
    outer loop
      vertex   7.508236e+01 6.982963e+00 -4.606472e+00
      vertex   7.271265e+01 6.982963e+00 -2.969347e+00
      vertex   7.515592e+01 7.000000e+00 -4.500000e+00
    endloop
  endfacet
  facet normal -2.175179e-01 9.238795e-01 -3.148533e-01
    outer loop
      vertex   7.027440e+01 6.933013e+00 -1.431437e+00
      vertex   7.034294e+01 6.982963e+00 -1.332221e+00
      vertex   7.271265e+01 6.982963e+00 -2.969347e+00
    endloop
  endfacet
  facet normal -2.175179e-01 9.238795e-01 -3.148533e-01
    outer loop
      vertex   7.027440e+01 6.933013e+00 -1.431437e+00
      vertex   7.271265e+01 6.982963e+00 -2.969347e+00
      vertex   7.264411e+01 6.933013e+00 -3.068563e+00
    endloop
  endfacet
  facet normal -3.460210e-01 7.933533e-01 -5.008592e-01
    outer loop
      vertex   7.021554e+01 6.853553e+00 -1.516636e+00
      vertex   7.027440e+01 6.933013e+00 -1.431437e+00
      vertex   7.264411e+01 6.933013e+00 -3.068563e+00
    endloop
  endfacet
  facet normal -3.460210e-01 7.933533e-01 -5.008592e-01
    outer loop
      vertex   7.021554e+01 6.853553e+00 -1.516636e+00
      vertex   7.264411e+01 6.933013e+00 -3.068563e+00
      vertex   7.258525e+01 6.853553e+00 -3.153761e+00
    endloop
  endfacet
  facet normal -4.509433e-01 6.087614e-01 -6.527325e-01
    outer loop
      vertex   7.017037e+01 6.750000e+00 -1.582011e+00
      vertex   7.021554e+01 6.853553e+00 -1.516636e+00
      vertex   7.258525e+01 6.853553e+00 -3.153761e+00
    endloop
  endfacet
  facet normal -4.509433e-01 6.087614e-01 -6.527325e-01
    outer loop
      vertex   7.017037e+01 6.750000e+00 -1.582011e+00
      vertex   7.258525e+01 6.853553e+00 -3.153761e+00
      vertex   7.254008e+01 6.750000e+00 -3.219137e+00
    endloop
  endfacet
  facet normal -5.251346e-01 3.826834e-01 -7.601231e-01
    outer loop
      vertex   7.014198e+01 6.629410e+00 -1.623108e+00
      vertex   7.017037e+01 6.750000e+00 -1.582011e+00
      vertex   7.254008e+01 6.750000e+00 -3.219137e+00
    endloop
  endfacet
  facet normal -5.251346e-01 3.826834e-01 -7.601231e-01
    outer loop
      vertex   7.014198e+01 6.629410e+00 -1.623108e+00
      vertex   7.254008e+01 6.750000e+00 -3.219137e+00
      vertex   7.251169e+01 6.629410e+00 -3.260233e+00
    endloop
  endfacet
  facet normal -3.582819e-17 0.000000e+00 1.000000e+00
    outer loop
      vertex   9.875000e+01 6.500000e+00 3.330669e-15
      vertex   6.776259e+01 6.500000e+00 2.220446e-15
      vertex   9.875000e+01 3.000000e+00 3.330669e-15
    endloop
  endfacet
  facet normal -1.074846e-16 -6.344132e-16 1.000000e+00
    outer loop
      vertex   9.875000e+01 3.000000e+00 3.330669e-15
      vertex   6.776259e+01 6.500000e+00 2.220446e-15
      vertex   6.776259e+01 3.000000e+00 0.000000e+00
    endloop
  endfacet
  facet normal -5.684016e-01 5.219642e-16 -8.227513e-01
    outer loop
      vertex   6.776259e+01 6.500000e+00 2.220446e-15
      vertex   7.487172e+01 6.500000e+00 -4.911376e+00
      vertex   6.776259e+01 3.000000e+00 0.000000e+00
    endloop
  endfacet
  facet normal -5.684016e-01 0.000000e+00 -8.227513e-01
    outer loop
      vertex   6.776259e+01 3.000000e+00 0.000000e+00
      vertex   7.487172e+01 6.500000e+00 -4.911376e+00
      vertex   7.487172e+01 5.000000e-01 -4.911376e+00
    endloop
  endfacet
  facet normal -5.684016e-01 -2.378786e-15 -8.227513e-01
    outer loop
      vertex   6.776259e+01 3.000000e+00 0.000000e+00
      vertex   7.487172e+01 5.000000e-01 -4.911376e+00
      vertex   2.768665e+01 5.000000e-01 2.768665e+01
    endloop
  endfacet
  facet normal -5.684016e-01 0.000000e+00 -8.227513e-01
    outer loop
      vertex   2.768665e+01 5.000000e-01 2.768665e+01
      vertex   2.768665e+01 3.000000e+00 2.768665e+01
      vertex   6.776259e+01 3.000000e+00 0.000000e+00
    endloop
  endfacet
  facet normal -7.730105e-01 -0.000000e+00 -6.343933e-01
    outer loop
      vertex   2.768665e+01 3.000000e+00 2.768665e+01
      vertex   2.768665e+01 5.000000e-01 2.768665e+01
      vertex   2.692804e+01 3.000000e+00 2.861102e+01
    endloop
  endfacet
  facet normal -7.730105e-01 5.075534e-16 -6.343933e-01
    outer loop
      vertex   2.692804e+01 3.000000e+00 2.861102e+01
      vertex   2.768665e+01 5.000000e-01 2.768665e+01
      vertex   2.692804e+01 5.000000e-01 2.861102e+01
    endloop
  endfacet
  facet normal -8.819213e-01 -4.968858e-16 -4.713967e-01
    outer loop
      vertex   2.692804e+01 3.000000e+00 2.861102e+01
      vertex   2.692804e+01 5.000000e-01 2.861102e+01
      vertex   2.636433e+01 3.000000e+00 2.966563e+01
    endloop
  endfacet
  facet normal -8.819213e-01 -1.253285e-15 -4.713967e-01
    outer loop
      vertex   2.636433e+01 3.000000e+00 2.966563e+01
      vertex   2.692804e+01 5.000000e-01 2.861102e+01
      vertex   2.636433e+01 5.000000e-01 2.966563e+01
    endloop
  endfacet
  facet normal -9.569403e-01 -1.359894e-15 -2.902847e-01
    outer loop
      vertex   2.636433e+01 3.000000e+00 2.966563e+01
      vertex   2.636433e+01 5.000000e-01 2.966563e+01
      vertex   2.601721e+01 3.000000e+00 3.080995e+01
    endloop
  endfacet
  facet normal -9.569403e-01 8.250387e-16 -2.902847e-01
    outer loop
      vertex   2.601721e+01 3.000000e+00 3.080995e+01
      vertex   2.636433e+01 5.000000e-01 2.966563e+01
      vertex   2.601721e+01 5.000000e-01 3.080995e+01
    endloop
  endfacet
  facet normal -9.951847e-01 2.785815e-16 -9.801714e-02
    outer loop
      vertex   2.601721e+01 3.000000e+00 3.080995e+01
      vertex   2.601721e+01 5.000000e-01 3.080995e+01
      vertex   2.590000e+01 3.000000e+00 3.200000e+01
    endloop
  endfacet
  facet normal -9.951847e-01 1.392907e-16 -9.801714e-02
    outer loop
      vertex   2.590000e+01 3.000000e+00 3.200000e+01
      vertex   2.601721e+01 5.000000e-01 3.080995e+01
      vertex   2.590000e+01 5.000000e-01 3.200000e+01
    endloop
  endfacet
  facet normal -9.951847e-01 -1.392907e-16 9.801714e-02
    outer loop
      vertex   2.590000e+01 3.000000e+00 3.200000e+01
      vertex   2.590000e+01 5.000000e-01 3.200000e+01
      vertex   2.601721e+01 3.000000e+00 3.319005e+01
    endloop
  endfacet
  facet normal -9.951847e-01 -2.785815e-16 9.801714e-02
    outer loop
      vertex   2.601721e+01 3.000000e+00 3.319005e+01
      vertex   2.590000e+01 5.000000e-01 3.200000e+01
      vertex   2.601721e+01 5.000000e-01 3.319005e+01
    endloop
  endfacet
  facet normal -9.569403e-01 -8.250387e-16 2.902847e-01
    outer loop
      vertex   2.601721e+01 3.000000e+00 3.319005e+01
      vertex   2.601721e+01 5.000000e-01 3.319005e+01
      vertex   2.636433e+01 3.000000e+00 3.433437e+01
    endloop
  endfacet
  facet normal -9.569403e-01 -8.250387e-16 2.902847e-01
    outer loop
      vertex   2.636433e+01 3.000000e+00 3.433437e+01
      vertex   2.601721e+01 5.000000e-01 3.319005e+01
      vertex   2.636433e+01 5.000000e-01 3.433437e+01
    endloop
  endfacet
  facet normal -8.819213e-01 -1.339790e-15 4.713967e-01
    outer loop
      vertex   2.636433e+01 3.000000e+00 3.433437e+01
      vertex   2.636433e+01 5.000000e-01 3.433437e+01
      vertex   2.692804e+01 3.000000e+00 3.538898e+01
    endloop
  endfacet
  facet normal -8.819213e-01 0.000000e+00 4.713967e-01
    outer loop
      vertex   2.692804e+01 3.000000e+00 3.538898e+01
      vertex   2.636433e+01 5.000000e-01 3.433437e+01
      vertex   2.692804e+01 5.000000e-01 3.538898e+01
    endloop
  endfacet
  facet normal -7.730105e-01 0.000000e+00 6.343933e-01
    outer loop
      vertex   2.692804e+01 3.000000e+00 3.538898e+01
      vertex   2.692804e+01 5.000000e-01 3.538898e+01
      vertex   2.768665e+01 3.000000e+00 3.631335e+01
    endloop
  endfacet
  facet normal -7.730105e-01 -7.045402e-16 6.343933e-01
    outer loop
      vertex   2.768665e+01 3.000000e+00 3.631335e+01
      vertex   2.692804e+01 5.000000e-01 3.538898e+01
      vertex   2.768665e+01 5.000000e-01 3.631335e+01
    endloop
  endfacet
  facet normal -6.343933e-01 -1.295501e-15 7.730105e-01
    outer loop
      vertex   2.768665e+01 3.000000e+00 3.631335e+01
      vertex   2.768665e+01 5.000000e-01 3.631335e+01
      vertex   2.861102e+01 3.000000e+00 3.707196e+01
    endloop
  endfacet
  facet normal -6.343933e-01 0.000000e+00 7.730105e-01
    outer loop
      vertex   2.861102e+01 3.000000e+00 3.707196e+01
      vertex   2.768665e+01 5.000000e-01 3.631335e+01
      vertex   2.861102e+01 5.000000e-01 3.707196e+01
    endloop
  endfacet
  facet normal -4.713967e-01 0.000000e+00 8.819213e-01
    outer loop
      vertex   2.861102e+01 3.000000e+00 3.707196e+01
      vertex   2.861102e+01 5.000000e-01 3.707196e+01
      vertex   2.966563e+01 3.000000e+00 3.763567e+01
    endloop
  endfacet
  facet normal -4.713967e-01 -2.506571e-15 8.819213e-01
    outer loop
      vertex   2.966563e+01 3.000000e+00 3.763567e+01
      vertex   2.861102e+01 5.000000e-01 3.707196e+01
      vertex   2.966563e+01 5.000000e-01 3.763567e+01
    endloop
  endfacet
  facet normal -2.902847e-01 -2.719788e-15 9.569403e-01
    outer loop
      vertex   2.966563e+01 3.000000e+00 3.763567e+01
      vertex   2.966563e+01 5.000000e-01 3.763567e+01
      vertex   3.080995e+01 3.000000e+00 3.798279e+01
    endloop
  endfacet
  facet normal -2.902847e-01 4.125193e-16 9.569403e-01
    outer loop
      vertex   3.080995e+01 3.000000e+00 3.798279e+01
      vertex   2.966563e+01 5.000000e-01 3.763567e+01
      vertex   3.080995e+01 5.000000e-01 3.798279e+01
    endloop
  endfacet
  facet normal -9.801714e-02 1.392907e-16 9.951847e-01
    outer loop
      vertex   3.080995e+01 3.000000e+00 3.798279e+01
      vertex   3.080995e+01 5.000000e-01 3.798279e+01
      vertex   3.200000e+01 3.000000e+00 3.810000e+01
    endloop
  endfacet
  facet normal -9.801714e-02 0.000000e+00 9.951847e-01
    outer loop
      vertex   3.200000e+01 3.000000e+00 3.810000e+01
      vertex   3.080995e+01 5.000000e-01 3.798279e+01
      vertex   3.200000e+01 5.000000e-01 3.810000e+01
    endloop
  endfacet
  facet normal 1.246566e-16 -0.000000e+00 1.000000e+00
    outer loop
      vertex   3.200000e+01 5.000000e-01 3.810000e+01
      vertex   2.030000e+02 5.000000e-01 3.810000e+01
      vertex   3.200000e+01 3.000000e+00 3.810000e+01
    endloop
  endfacet
  facet normal 1.246566e-16 -3.779151e-30 1.000000e+00
    outer loop
      vertex   3.200000e+01 3.000000e+00 3.810000e+01
      vertex   2.030000e+02 5.000000e-01 3.810000e+01
      vertex   2.030000e+02 3.000000e+00 3.810000e+01
    endloop
  endfacet
  facet normal 9.801714e-02 -2.228652e-15 9.951847e-01
    outer loop
      vertex   2.030000e+02 3.000000e+00 3.810000e+01
      vertex   2.030000e+02 5.000000e-01 3.810000e+01
      vertex   2.041901e+02 3.000000e+00 3.798279e+01
    endloop
  endfacet
  facet normal 9.801714e-02 0.000000e+00 9.951847e-01
    outer loop
      vertex   2.041901e+02 3.000000e+00 3.798279e+01
      vertex   2.030000e+02 5.000000e-01 3.810000e+01
      vertex   2.041901e+02 5.000000e-01 3.798279e+01
    endloop
  endfacet
  facet normal 2.902847e-01 0.000000e+00 9.569403e-01
    outer loop
      vertex   2.041901e+02 3.000000e+00 3.798279e+01
      vertex   2.041901e+02 5.000000e-01 3.798279e+01
      vertex   2.053344e+02 3.000000e+00 3.763567e+01
    endloop
  endfacet
  facet normal 2.902847e-01 3.300155e-15 9.569403e-01
    outer loop
      vertex   2.053344e+02 3.000000e+00 3.763567e+01
      vertex   2.041901e+02 5.000000e-01 3.798279e+01
      vertex   2.053344e+02 5.000000e-01 3.763567e+01
    endloop
  endfacet
  facet normal 4.713967e-01 5.359160e-15 8.819213e-01
    outer loop
      vertex   2.053344e+02 3.000000e+00 3.763567e+01
      vertex   2.053344e+02 5.000000e-01 3.763567e+01
      vertex   2.063890e+02 3.000000e+00 3.707196e+01
    endloop
  endfacet
  facet normal 4.713967e-01 0.000000e+00 8.819213e-01
    outer loop
      vertex   2.063890e+02 3.000000e+00 3.707196e+01
      vertex   2.053344e+02 5.000000e-01 3.763567e+01
      vertex   2.063890e+02 5.000000e-01 3.707196e+01
    endloop
  endfacet
  facet normal 6.343933e-01 0.000000e+00 7.730105e-01
    outer loop
      vertex   2.063890e+02 3.000000e+00 3.707196e+01
      vertex   2.063890e+02 5.000000e-01 3.707196e+01
      vertex   2.073134e+02 3.000000e+00 3.631335e+01
    endloop
  endfacet
  facet normal 6.343933e-01 0.000000e+00 7.730105e-01
    outer loop
      vertex   2.073134e+02 3.000000e+00 3.631335e+01
      vertex   2.063890e+02 5.000000e-01 3.707196e+01
      vertex   2.073134e+02 5.000000e-01 3.631335e+01
    endloop
  endfacet
  facet normal 7.730105e-01 0.000000e+00 6.343933e-01
    outer loop
      vertex   2.073134e+02 3.000000e+00 3.631335e+01
      vertex   2.073134e+02 5.000000e-01 3.631335e+01
      vertex   2.080720e+02 3.000000e+00 3.538898e+01
    endloop
  endfacet
  facet normal 7.730105e-01 0.000000e+00 6.343933e-01
    outer loop
      vertex   2.080720e+02 3.000000e+00 3.538898e+01
      vertex   2.073134e+02 5.000000e-01 3.631335e+01
      vertex   2.080720e+02 5.000000e-01 3.538898e+01
    endloop
  endfacet
  facet normal 8.819213e-01 0.000000e+00 4.713967e-01
    outer loop
      vertex   2.080720e+02 3.000000e+00 3.538898e+01
      vertex   2.080720e+02 5.000000e-01 3.538898e+01
      vertex   2.086357e+02 3.000000e+00 3.433437e+01
    endloop
  endfacet
  facet normal 8.819213e-01 0.000000e+00 4.713967e-01
    outer loop
      vertex   2.086357e+02 3.000000e+00 3.433437e+01
      vertex   2.080720e+02 5.000000e-01 3.538898e+01
      vertex   2.086357e+02 5.000000e-01 3.433437e+01
    endloop
  endfacet
  facet normal 9.569403e-01 0.000000e+00 2.902847e-01
    outer loop
      vertex   2.086357e+02 3.000000e+00 3.433437e+01
      vertex   2.086357e+02 5.000000e-01 3.433437e+01
      vertex   2.089828e+02 3.000000e+00 3.319005e+01
    endloop
  endfacet
  facet normal 9.569403e-01 0.000000e+00 2.902847e-01
    outer loop
      vertex   2.089828e+02 3.000000e+00 3.319005e+01
      vertex   2.086357e+02 5.000000e-01 3.433437e+01
      vertex   2.089828e+02 5.000000e-01 3.319005e+01
    endloop
  endfacet
  facet normal 9.951847e-01 0.000000e+00 9.801714e-02
    outer loop
      vertex   2.089828e+02 3.000000e+00 3.319005e+01
      vertex   2.089828e+02 5.000000e-01 3.319005e+01
      vertex   2.091000e+02 3.000000e+00 3.200000e+01
    endloop
  endfacet
  facet normal 9.951847e-01 -2.785815e-16 9.801714e-02
    outer loop
      vertex   2.091000e+02 3.000000e+00 3.200000e+01
      vertex   2.089828e+02 5.000000e-01 3.319005e+01
      vertex   2.091000e+02 5.000000e-01 3.200000e+01
    endloop
  endfacet
  facet normal 9.951847e-01 2.785815e-16 -9.801714e-02
    outer loop
      vertex   2.091000e+02 3.000000e+00 3.200000e+01
      vertex   2.091000e+02 5.000000e-01 3.200000e+01
      vertex   2.089828e+02 3.000000e+00 3.080995e+01
    endloop
  endfacet
  facet normal 9.951847e-01 1.392907e-16 -9.801714e-02
    outer loop
      vertex   2.089828e+02 3.000000e+00 3.080995e+01
      vertex   2.091000e+02 5.000000e-01 3.200000e+01
      vertex   2.089828e+02 5.000000e-01 3.080995e+01
    endloop
  endfacet
  facet normal 9.569403e-01 4.125193e-16 -2.902847e-01
    outer loop
      vertex   2.089828e+02 3.000000e+00 3.080995e+01
      vertex   2.089828e+02 5.000000e-01 3.080995e+01
      vertex   2.086357e+02 3.000000e+00 2.966563e+01
    endloop
  endfacet
  facet normal 9.569403e-01 4.125193e-16 -2.902847e-01
    outer loop
      vertex   2.086357e+02 3.000000e+00 2.966563e+01
      vertex   2.089828e+02 5.000000e-01 3.080995e+01
      vertex   2.086357e+02 5.000000e-01 2.966563e+01
    endloop
  endfacet
  facet normal 8.819213e-01 6.698951e-16 -4.713967e-01
    outer loop
      vertex   2.086357e+02 3.000000e+00 2.966563e+01
      vertex   2.086357e+02 5.000000e-01 2.966563e+01
      vertex   2.080720e+02 3.000000e+00 2.861102e+01
    endloop
  endfacet
  facet normal 8.819213e-01 -8.016599e-15 -4.713967e-01
    outer loop
      vertex   2.080720e+02 3.000000e+00 2.861102e+01
      vertex   2.086357e+02 5.000000e-01 2.966563e+01
      vertex   2.080720e+02 5.000000e-01 2.861102e+01
    endloop
  endfacet
  facet normal 7.730105e-01 -6.083530e-15 -6.343933e-01
    outer loop
      vertex   2.080720e+02 3.000000e+00 2.861102e+01
      vertex   2.080720e+02 5.000000e-01 2.861102e+01
      vertex   2.073134e+02 3.000000e+00 2.768665e+01
    endloop
  endfacet
  facet normal 7.730105e-01 -8.788111e-15 -6.343933e-01
    outer loop
      vertex   2.073134e+02 3.000000e+00 2.768665e+01
      vertex   2.080720e+02 5.000000e-01 2.861102e+01
      vertex   2.073134e+02 5.000000e-01 2.768665e+01
    endloop
  endfacet
  facet normal 5.684016e-01 -6.461978e-15 -8.227513e-01
    outer loop
      vertex   2.073134e+02 3.000000e+00 2.768665e+01
      vertex   2.073134e+02 5.000000e-01 2.768665e+01
      vertex   1.672374e+02 3.000000e+00 -4.996004e-15
    endloop
  endfacet
  facet normal 5.684016e-01 5.352269e-15 -8.227513e-01
    outer loop
      vertex   1.672374e+02 3.000000e+00 -4.996004e-15
      vertex   2.073134e+02 5.000000e-01 2.768665e+01
      vertex   1.601283e+02 5.000000e-01 -4.911376e+00
    endloop
  endfacet
  facet normal 5.684016e-01 -2.741076e-16 -8.227513e-01
    outer loop
      vertex   1.672374e+02 3.000000e+00 -4.996004e-15
      vertex   1.601283e+02 5.000000e-01 -4.911376e+00
      vertex   1.601283e+02 6.500000e+00 -4.911376e+00
    endloop
  endfacet
  facet normal 5.684016e-01 0.000000e+00 -8.227513e-01
    outer loop
      vertex   1.601283e+02 6.500000e+00 -4.911376e+00
      vertex   1.672374e+02 6.500000e+00 -4.996004e-15
      vertex   1.672374e+02 3.000000e+00 -4.996004e-15
    endloop
  endfacet
  facet normal 0.000000e+00 0.000000e+00 -1.000000e+00
    outer loop
      vertex   9.475000e+01 5.000000e-01 -5.000000e+00
      vertex   7.515592e+01 5.000000e-01 -5.000000e+00
      vertex   9.475000e+01 6.500000e+00 -5.000000e+00
    endloop
  endfacet
  facet normal -0.000000e+00 0.000000e+00 -1.000000e+00
    outer loop
      vertex   9.475000e+01 6.500000e+00 -5.000000e+00
      vertex   7.515592e+01 5.000000e-01 -5.000000e+00
      vertex   7.515592e+01 6.500000e+00 -5.000000e+00
    endloop
  endfacet
  facet normal 0.000000e+00 -1.000000e+00 0.000000e+00
    outer loop
      vertex   2.948859e+01 0.000000e+00 3.132707e+01
      vertex   2.940000e+01 0.000000e+00 3.200000e+01
      vertex   2.640008e+01 0.000000e+00 3.202958e+01
    endloop
  endfacet
  facet normal 0.000000e+00 -1.000000e+00 0.000000e+00
    outer loop
      vertex   2.640008e+01 0.000000e+00 3.202958e+01
      vertex   2.940000e+01 0.000000e+00 3.200000e+01
      vertex   2.948859e+01 0.000000e+00 3.267293e+01
    endloop
  endfacet
  facet normal 0.000000e+00 -1.000000e+00 0.000000e+00
    outer loop
      vertex   2.640008e+01 0.000000e+00 3.202958e+01
      vertex   2.948859e+01 0.000000e+00 3.267293e+01
      vertex   2.651271e+01 0.000000e+00 3.311788e+01
    endloop
  endfacet
  facet normal 0.000000e+00 -1.000000e+00 0.000000e+00
    outer loop
      vertex   2.651271e+01 0.000000e+00 3.311788e+01
      vertex   2.948859e+01 0.000000e+00 3.267293e+01
      vertex   2.974833e+01 0.000000e+00 3.330000e+01
    endloop
  endfacet
  facet normal 0.000000e+00 -1.000000e+00 0.000000e+00
    outer loop
      vertex   2.651271e+01 0.000000e+00 3.311788e+01
      vertex   2.974833e+01 0.000000e+00 3.330000e+01
      vertex   2.683481e+01 0.000000e+00 3.416351e+01
    endloop
  endfacet
  facet normal 0.000000e+00 -1.000000e+00 0.000000e+00
    outer loop
      vertex   2.683481e+01 0.000000e+00 3.416351e+01
      vertex   2.974833e+01 0.000000e+00 3.330000e+01
      vertex   3.016152e+01 0.000000e+00 3.383848e+01
    endloop
  endfacet
  facet normal 0.000000e+00 -1.000000e+00 0.000000e+00
    outer loop
      vertex   2.683481e+01 0.000000e+00 3.416351e+01
      vertex   3.016152e+01 0.000000e+00 3.383848e+01
      vertex   3.070000e+01 0.000000e+00 3.425167e+01
    endloop
  endfacet
  facet normal 0.000000e+00 -1.000000e+00 0.000000e+00
    outer loop
      vertex   2.683481e+01 0.000000e+00 3.416351e+01
      vertex   3.070000e+01 0.000000e+00 3.425167e+01
      vertex   2.735407e+01 0.000000e+00 3.512655e+01
    endloop
  endfacet
  facet normal 0.000000e+00 -1.000000e+00 0.000000e+00
    outer loop
      vertex   2.735407e+01 0.000000e+00 3.512655e+01
      vertex   3.070000e+01 0.000000e+00 3.425167e+01
      vertex   3.132707e+01 0.000000e+00 3.451141e+01
    endloop
  endfacet
  facet normal 0.000000e+00 -1.000000e+00 0.000000e+00
    outer loop
      vertex   2.735407e+01 0.000000e+00 3.512655e+01
      vertex   3.132707e+01 0.000000e+00 3.451141e+01
      vertex   3.200000e+01 0.000000e+00 3.460000e+01
    endloop
  endfacet
  facet normal 0.000000e+00 -1.000000e+00 0.000000e+00
    outer loop
      vertex   3.267293e+01 0.000000e+00 3.451141e+01
      vertex   2.889804e+01 0.000000e+00 3.666238e+01
      vertex   3.200000e+01 0.000000e+00 3.460000e+01
    endloop
  endfacet
  facet normal 0.000000e+00 -1.000000e+00 0.000000e+00
    outer loop
      vertex   3.200000e+01 0.000000e+00 3.460000e+01
      vertex   2.889804e+01 0.000000e+00 3.666238e+01
      vertex   2.805067e+01 0.000000e+00 3.597024e+01
    endloop
  endfacet
  facet normal 0.000000e+00 -1.000000e+00 0.000000e+00
    outer loop
      vertex   3.200000e+01 0.000000e+00 3.460000e+01
      vertex   2.805067e+01 0.000000e+00 3.597024e+01
      vertex   2.735407e+01 0.000000e+00 3.512655e+01
    endloop
  endfacet
  facet normal 0.000000e+00 -1.000000e+00 0.000000e+00
    outer loop
      vertex   2.889804e+01 0.000000e+00 3.666238e+01
      vertex   3.267293e+01 0.000000e+00 3.451141e+01
      vertex   3.200000e+01 0.000000e+00 3.760000e+01
    endloop
  endfacet
  facet normal 0.000000e+00 -1.000000e+00 0.000000e+00
    outer loop
      vertex   3.200000e+01 0.000000e+00 3.760000e+01
      vertex   3.267293e+01 0.000000e+00 3.451141e+01
      vertex   3.330000e+01 0.000000e+00 3.425167e+01
    endloop
  endfacet
  facet normal 0.000000e+00 -1.000000e+00 0.000000e+00
    outer loop
      vertex   3.200000e+01 0.000000e+00 3.760000e+01
      vertex   3.330000e+01 0.000000e+00 3.425167e+01
      vertex   3.383848e+01 0.000000e+00 3.383848e+01
    endloop
  endfacet
  facet normal 0.000000e+00 -1.000000e+00 0.000000e+00
    outer loop
      vertex   3.425167e+01 0.000000e+00 3.330000e+01
      vertex   2.007483e+02 0.000000e+00 3.330000e+01
      vertex   3.383848e+01 0.000000e+00 3.383848e+01
    endloop
  endfacet
  facet normal 0.000000e+00 -1.000000e+00 0.000000e+00
    outer loop
      vertex   3.383848e+01 0.000000e+00 3.383848e+01
      vertex   2.007483e+02 0.000000e+00 3.330000e+01
      vertex   2.011615e+02 0.000000e+00 3.383848e+01
    endloop
  endfacet
  facet normal 0.000000e+00 -1.000000e+00 0.000000e+00
    outer loop
      vertex   3.383848e+01 0.000000e+00 3.383848e+01
      vertex   2.011615e+02 0.000000e+00 3.383848e+01
      vertex   3.200000e+01 0.000000e+00 3.760000e+01
    endloop
  endfacet
  facet normal 0.000000e+00 -1.000000e+00 0.000000e+00
    outer loop
      vertex   3.200000e+01 0.000000e+00 3.760000e+01
      vertex   2.011615e+02 0.000000e+00 3.383848e+01
      vertex   2.030000e+02 0.000000e+00 3.760000e+01
    endloop
  endfacet
  facet normal 0.000000e+00 -1.000000e+00 0.000000e+00
    outer loop
      vertex   2.030000e+02 0.000000e+00 3.760000e+01
      vertex   2.011615e+02 0.000000e+00 3.383848e+01
      vertex   2.017000e+02 0.000000e+00 3.425167e+01
    endloop
  endfacet
  facet normal 0.000000e+00 -1.000000e+00 0.000000e+00
    outer loop
      vertex   2.030000e+02 0.000000e+00 3.760000e+01
      vertex   2.017000e+02 0.000000e+00 3.425167e+01
      vertex   2.023271e+02 0.000000e+00 3.451141e+01
    endloop
  endfacet
  facet normal 0.000000e+00 -1.000000e+00 0.000000e+00
    outer loop
      vertex   3.451141e+01 0.000000e+00 3.267293e+01
      vertex   1.165733e+02 0.000000e+00 1.580468e+01
      vertex   3.425167e+01 0.000000e+00 3.330000e+01
    endloop
  endfacet
  facet normal 0.000000e+00 -1.000000e+00 0.000000e+00
    outer loop
      vertex   3.425167e+01 0.000000e+00 3.330000e+01
      vertex   1.165733e+02 0.000000e+00 1.580468e+01
      vertex   1.184267e+02 0.000000e+00 1.580468e+01
    endloop
  endfacet
  facet normal 0.000000e+00 -1.000000e+00 0.000000e+00
    outer loop
      vertex   3.425167e+01 0.000000e+00 3.330000e+01
      vertex   1.184267e+02 0.000000e+00 1.580468e+01
      vertex   2.007483e+02 0.000000e+00 3.330000e+01
    endloop
  endfacet
  facet normal 0.000000e+00 -1.000000e+00 0.000000e+00
    outer loop
      vertex   2.007483e+02 0.000000e+00 3.330000e+01
      vertex   1.184267e+02 0.000000e+00 1.580468e+01
      vertex   2.004886e+02 0.000000e+00 3.267293e+01
    endloop
  endfacet
  facet normal 0.000000e+00 -1.000000e+00 0.000000e+00
    outer loop
      vertex   2.004886e+02 0.000000e+00 3.267293e+01
      vertex   1.184267e+02 0.000000e+00 1.580468e+01
      vertex   2.004000e+02 0.000000e+00 3.200000e+01
    endloop
  endfacet
  facet normal 0.000000e+00 -1.000000e+00 -0.000000e+00
    outer loop
      vertex   2.004000e+02 0.000000e+00 3.200000e+01
      vertex   1.184267e+02 0.000000e+00 1.580468e+01
      vertex   2.004886e+02 0.000000e+00 3.132707e+01
    endloop
  endfacet
  facet normal 0.000000e+00 -1.000000e+00 -0.000000e+00
    outer loop
      vertex   2.004886e+02 0.000000e+00 3.132707e+01
      vertex   1.184267e+02 0.000000e+00 1.580468e+01
      vertex   2.007483e+02 0.000000e+00 3.070000e+01
    endloop
  endfacet
  facet normal 0.000000e+00 -1.000000e+00 -0.000000e+00
    outer loop
      vertex   2.007483e+02 0.000000e+00 3.070000e+01
      vertex   1.184267e+02 0.000000e+00 1.580468e+01
      vertex   2.011615e+02 0.000000e+00 3.016152e+01
    endloop
  endfacet
  facet normal 0.000000e+00 -1.000000e+00 0.000000e+00
    outer loop
      vertex   2.011615e+02 0.000000e+00 3.016152e+01
      vertex   1.184267e+02 0.000000e+00 1.580468e+01
      vertex   1.202660e+02 0.000000e+00 1.557611e+01
    endloop
  endfacet
  facet normal 0.000000e+00 -1.000000e+00 -0.000000e+00
    outer loop
      vertex   2.011615e+02 0.000000e+00 3.016152e+01
      vertex   1.202660e+02 0.000000e+00 1.557611e+01
      vertex   2.017000e+02 0.000000e+00 2.974833e+01
    endloop
  endfacet
  facet normal 0.000000e+00 -1.000000e+00 -0.000000e+00
    outer loop
      vertex   2.017000e+02 0.000000e+00 2.974833e+01
      vertex   1.202660e+02 0.000000e+00 1.557611e+01
      vertex   2.023271e+02 0.000000e+00 2.948859e+01
    endloop
  endfacet
  facet normal 0.000000e+00 -1.000000e+00 0.000000e+00
    outer loop
      vertex   2.023271e+02 0.000000e+00 2.948859e+01
      vertex   1.202660e+02 0.000000e+00 1.557611e+01
      vertex   1.220630e+02 0.000000e+00 1.512246e+01
    endloop
  endfacet
  facet normal 0.000000e+00 -1.000000e+00 -0.000000e+00
    outer loop
      vertex   2.023271e+02 0.000000e+00 2.948859e+01
      vertex   1.220630e+02 0.000000e+00 1.512246e+01
      vertex   2.069910e+02 0.000000e+00 2.807170e+01
    endloop
  endfacet
  facet normal 0.000000e+00 -1.000000e+00 0.000000e+00
    outer loop
      vertex   2.069910e+02 0.000000e+00 2.807170e+01
      vertex   1.220630e+02 0.000000e+00 1.512246e+01
      vertex   1.237904e+02 0.000000e+00 1.445065e+01
    endloop
  endfacet
  facet normal 0.000000e+00 -1.000000e+00 0.000000e+00
    outer loop
      vertex   2.069910e+02 0.000000e+00 2.807170e+01
      vertex   1.237904e+02 0.000000e+00 1.445065e+01
      vertex   1.254217e+02 0.000000e+00 1.357094e+01
    endloop
  endfacet
  facet normal 0.000000e+00 -1.000000e+00 0.000000e+00
    outer loop
      vertex   3.451141e+01 0.000000e+00 3.267293e+01
      vertex   3.460000e+01 0.000000e+00 3.200000e+01
      vertex   1.165733e+02 0.000000e+00 1.580468e+01
    endloop
  endfacet
  facet normal 0.000000e+00 -1.000000e+00 0.000000e+00
    outer loop
      vertex   1.165733e+02 0.000000e+00 1.580468e+01
      vertex   3.460000e+01 0.000000e+00 3.200000e+01
      vertex   3.451141e+01 0.000000e+00 3.132707e+01
    endloop
  endfacet
  facet normal 0.000000e+00 -1.000000e+00 0.000000e+00
    outer loop
      vertex   1.165733e+02 0.000000e+00 1.580468e+01
      vertex   3.451141e+01 0.000000e+00 3.132707e+01
      vertex   3.425167e+01 0.000000e+00 3.070000e+01
    endloop
  endfacet
  facet normal 0.000000e+00 -1.000000e+00 -0.000000e+00
    outer loop
      vertex   3.425167e+01 0.000000e+00 3.070000e+01
      vertex   3.383848e+01 0.000000e+00 3.016152e+01
      vertex   1.165733e+02 0.000000e+00 1.580468e+01
    endloop
  endfacet
  facet normal -0.000000e+00 -1.000000e+00 0.000000e+00
    outer loop
      vertex   1.165733e+02 0.000000e+00 1.580468e+01
      vertex   3.383848e+01 0.000000e+00 3.016152e+01
      vertex   1.147340e+02 0.000000e+00 1.557611e+01
    endloop
  endfacet
  facet normal 0.000000e+00 -1.000000e+00 0.000000e+00
    outer loop
      vertex   1.147340e+02 0.000000e+00 1.557611e+01
      vertex   3.383848e+01 0.000000e+00 3.016152e+01
      vertex   3.330000e+01 0.000000e+00 2.974833e+01
    endloop
  endfacet
  facet normal 0.000000e+00 -1.000000e+00 0.000000e+00
    outer loop
      vertex   1.147340e+02 0.000000e+00 1.557611e+01
      vertex   3.330000e+01 0.000000e+00 2.974833e+01
      vertex   3.267293e+01 0.000000e+00 2.948859e+01
    endloop
  endfacet
  facet normal 0.000000e+00 -1.000000e+00 -0.000000e+00
    outer loop
      vertex   3.200000e+01 0.000000e+00 2.940000e+01
      vertex   2.800895e+01 0.000000e+00 2.807170e+01
      vertex   3.267293e+01 0.000000e+00 2.948859e+01
    endloop
  endfacet
  facet normal 0.000000e+00 -1.000000e+00 -0.000000e+00
    outer loop
      vertex   3.267293e+01 0.000000e+00 2.948859e+01
      vertex   2.800895e+01 0.000000e+00 2.807170e+01
      vertex   1.129370e+02 0.000000e+00 1.512246e+01
    endloop
  endfacet
  facet normal 0.000000e+00 -1.000000e+00 0.000000e+00
    outer loop
      vertex   3.267293e+01 0.000000e+00 2.948859e+01
      vertex   1.129370e+02 0.000000e+00 1.512246e+01
      vertex   1.147340e+02 0.000000e+00 1.557611e+01
    endloop
  endfacet
  facet normal 0.000000e+00 -1.000000e+00 0.000000e+00
    outer loop
      vertex   2.800895e+01 0.000000e+00 2.807170e+01
      vertex   3.200000e+01 0.000000e+00 2.940000e+01
      vertex   2.732130e+01 0.000000e+00 2.892271e+01
    endloop
  endfacet
  facet normal 0.000000e+00 -1.000000e+00 0.000000e+00
    outer loop
      vertex   2.732130e+01 0.000000e+00 2.892271e+01
      vertex   3.200000e+01 0.000000e+00 2.940000e+01
      vertex   3.132707e+01 0.000000e+00 2.948859e+01
    endloop
  endfacet
  facet normal 0.000000e+00 -1.000000e+00 0.000000e+00
    outer loop
      vertex   2.732130e+01 0.000000e+00 2.892271e+01
      vertex   3.132707e+01 0.000000e+00 2.948859e+01
      vertex   3.070000e+01 0.000000e+00 2.974833e+01
    endloop
  endfacet
  facet normal 0.000000e+00 -1.000000e+00 0.000000e+00
    outer loop
      vertex   2.732130e+01 0.000000e+00 2.892271e+01
      vertex   3.070000e+01 0.000000e+00 2.974833e+01
      vertex   2.681224e+01 0.000000e+00 2.989118e+01
    endloop
  endfacet
  facet normal 0.000000e+00 -1.000000e+00 0.000000e+00
    outer loop
      vertex   2.681224e+01 0.000000e+00 2.989118e+01
      vertex   3.070000e+01 0.000000e+00 2.974833e+01
      vertex   3.016152e+01 0.000000e+00 3.016152e+01
    endloop
  endfacet
  facet normal 0.000000e+00 -1.000000e+00 0.000000e+00
    outer loop
      vertex   2.681224e+01 0.000000e+00 2.989118e+01
      vertex   3.016152e+01 0.000000e+00 3.016152e+01
      vertex   2.974833e+01 0.000000e+00 3.070000e+01
    endloop
  endfacet
  facet normal 0.000000e+00 -1.000000e+00 0.000000e+00
    outer loop
      vertex   2.681224e+01 0.000000e+00 2.989118e+01
      vertex   2.974833e+01 0.000000e+00 3.070000e+01
      vertex   2.650121e+01 0.000000e+00 3.094015e+01
    endloop
  endfacet
  facet normal 0.000000e+00 -1.000000e+00 0.000000e+00
    outer loop
      vertex   2.650121e+01 0.000000e+00 3.094015e+01
      vertex   2.974833e+01 0.000000e+00 3.070000e+01
      vertex   2.948859e+01 0.000000e+00 3.132707e+01
    endloop
  endfacet
  facet normal 0.000000e+00 -1.000000e+00 0.000000e+00
    outer loop
      vertex   2.650121e+01 0.000000e+00 3.094015e+01
      vertex   2.948859e+01 0.000000e+00 3.132707e+01
      vertex   2.640008e+01 0.000000e+00 3.202958e+01
    endloop
  endfacet
  facet normal 0.000000e+00 -1.000000e+00 -0.000000e+00
    outer loop
      vertex   2.030000e+02 0.000000e+00 3.760000e+01
      vertex   2.023271e+02 0.000000e+00 3.451141e+01
      vertex   2.061020e+02 0.000000e+00 3.666238e+01
    endloop
  endfacet
  facet normal 0.000000e+00 -1.000000e+00 0.000000e+00
    outer loop
      vertex   2.061020e+02 0.000000e+00 3.666238e+01
      vertex   2.023271e+02 0.000000e+00 3.451141e+01
      vertex   2.030000e+02 0.000000e+00 3.460000e+01
    endloop
  endfacet
  facet normal 0.000000e+00 -1.000000e+00 -0.000000e+00
    outer loop
      vertex   2.061020e+02 0.000000e+00 3.666238e+01
      vertex   2.030000e+02 0.000000e+00 3.460000e+01
      vertex   2.069493e+02 0.000000e+00 3.597024e+01
    endloop
  endfacet
  facet normal 0.000000e+00 -1.000000e+00 -0.000000e+00
    outer loop
      vertex   2.069493e+02 0.000000e+00 3.597024e+01
      vertex   2.030000e+02 0.000000e+00 3.460000e+01
      vertex   2.076459e+02 0.000000e+00 3.512655e+01
    endloop
  endfacet
  facet normal 0.000000e+00 -1.000000e+00 0.000000e+00
    outer loop
      vertex   2.076459e+02 0.000000e+00 3.512655e+01
      vertex   2.030000e+02 0.000000e+00 3.460000e+01
      vertex   2.036729e+02 0.000000e+00 3.451141e+01
    endloop
  endfacet
  facet normal 0.000000e+00 -1.000000e+00 0.000000e+00
    outer loop
      vertex   2.076459e+02 0.000000e+00 3.512655e+01
      vertex   2.036729e+02 0.000000e+00 3.451141e+01
      vertex   2.043000e+02 0.000000e+00 3.425167e+01
    endloop
  endfacet
  facet normal 0.000000e+00 -1.000000e+00 -0.000000e+00
    outer loop
      vertex   2.076459e+02 0.000000e+00 3.512655e+01
      vertex   2.043000e+02 0.000000e+00 3.425167e+01
      vertex   2.081652e+02 0.000000e+00 3.416351e+01
    endloop
  endfacet
  facet normal -0.000000e+00 -1.000000e+00 0.000000e+00
    outer loop
      vertex   2.081652e+02 0.000000e+00 3.416351e+01
      vertex   2.043000e+02 0.000000e+00 3.425167e+01
      vertex   2.048385e+02 0.000000e+00 3.383848e+01
    endloop
  endfacet
  facet normal 0.000000e+00 -1.000000e+00 0.000000e+00
    outer loop
      vertex   2.081652e+02 0.000000e+00 3.416351e+01
      vertex   2.048385e+02 0.000000e+00 3.383848e+01
      vertex   2.052517e+02 0.000000e+00 3.330000e+01
    endloop
  endfacet
  facet normal 0.000000e+00 -1.000000e+00 -0.000000e+00
    outer loop
      vertex   2.081652e+02 0.000000e+00 3.416351e+01
      vertex   2.052517e+02 0.000000e+00 3.330000e+01
      vertex   2.084873e+02 0.000000e+00 3.311788e+01
    endloop
  endfacet
  facet normal -0.000000e+00 -1.000000e+00 0.000000e+00
    outer loop
      vertex   2.084873e+02 0.000000e+00 3.311788e+01
      vertex   2.052517e+02 0.000000e+00 3.330000e+01
      vertex   2.055114e+02 0.000000e+00 3.267293e+01
    endloop
  endfacet
  facet normal 0.000000e+00 -1.000000e+00 -0.000000e+00
    outer loop
      vertex   2.084873e+02 0.000000e+00 3.311788e+01
      vertex   2.055114e+02 0.000000e+00 3.267293e+01
      vertex   2.085999e+02 0.000000e+00 3.202958e+01
    endloop
  endfacet
  facet normal -0.000000e+00 -1.000000e+00 0.000000e+00
    outer loop
      vertex   2.085999e+02 0.000000e+00 3.202958e+01
      vertex   2.055114e+02 0.000000e+00 3.267293e+01
      vertex   2.056000e+02 0.000000e+00 3.200000e+01
    endloop
  endfacet
  facet normal 0.000000e+00 -1.000000e+00 0.000000e+00
    outer loop
      vertex   2.085999e+02 0.000000e+00 3.202958e+01
      vertex   2.056000e+02 0.000000e+00 3.200000e+01
      vertex   2.055114e+02 0.000000e+00 3.132707e+01
    endloop
  endfacet
  facet normal 0.000000e+00 -1.000000e+00 0.000000e+00
    outer loop
      vertex   2.085999e+02 0.000000e+00 3.202958e+01
      vertex   2.055114e+02 0.000000e+00 3.132707e+01
      vertex   2.084988e+02 0.000000e+00 3.094015e+01
    endloop
  endfacet
  facet normal -0.000000e+00 -1.000000e+00 0.000000e+00
    outer loop
      vertex   2.084988e+02 0.000000e+00 3.094015e+01
      vertex   2.055114e+02 0.000000e+00 3.132707e+01
      vertex   2.052517e+02 0.000000e+00 3.070000e+01
    endloop
  endfacet
  facet normal 0.000000e+00 -1.000000e+00 0.000000e+00
    outer loop
      vertex   2.084988e+02 0.000000e+00 3.094015e+01
      vertex   2.052517e+02 0.000000e+00 3.070000e+01
      vertex   2.081878e+02 0.000000e+00 2.989118e+01
    endloop
  endfacet
  facet normal 0.000000e+00 -1.000000e+00 0.000000e+00
    outer loop
      vertex   2.081878e+02 0.000000e+00 2.989118e+01
      vertex   2.052517e+02 0.000000e+00 3.070000e+01
      vertex   2.048385e+02 0.000000e+00 3.016152e+01
    endloop
  endfacet
  facet normal -0.000000e+00 -1.000000e+00 0.000000e+00
    outer loop
      vertex   2.081878e+02 0.000000e+00 2.989118e+01
      vertex   2.048385e+02 0.000000e+00 3.016152e+01
      vertex   2.043000e+02 0.000000e+00 2.974833e+01
    endloop
  endfacet
  facet normal 0.000000e+00 -1.000000e+00 0.000000e+00
    outer loop
      vertex   2.081878e+02 0.000000e+00 2.989118e+01
      vertex   2.043000e+02 0.000000e+00 2.974833e+01
      vertex   2.076787e+02 0.000000e+00 2.892271e+01
    endloop
  endfacet
  facet normal 0.000000e+00 -1.000000e+00 0.000000e+00
    outer loop
      vertex   2.076787e+02 0.000000e+00 2.892271e+01
      vertex   2.043000e+02 0.000000e+00 2.974833e+01
      vertex   2.036729e+02 0.000000e+00 2.948859e+01
    endloop
  endfacet
  facet normal 0.000000e+00 -1.000000e+00 0.000000e+00
    outer loop
      vertex   2.076787e+02 0.000000e+00 2.892271e+01
      vertex   2.036729e+02 0.000000e+00 2.948859e+01
      vertex   2.030000e+02 0.000000e+00 2.940000e+01
    endloop
  endfacet
  facet normal -0.000000e+00 -1.000000e+00 0.000000e+00
    outer loop
      vertex   2.076787e+02 0.000000e+00 2.892271e+01
      vertex   2.030000e+02 0.000000e+00 2.940000e+01
      vertex   2.069910e+02 0.000000e+00 2.807170e+01
    endloop
  endfacet
  facet normal 0.000000e+00 -1.000000e+00 0.000000e+00
    outer loop
      vertex   2.069910e+02 0.000000e+00 2.807170e+01
      vertex   2.030000e+02 0.000000e+00 2.940000e+01
      vertex   2.023271e+02 0.000000e+00 2.948859e+01
    endloop
  endfacet
  facet normal 0.000000e+00 -1.000000e+00 0.000000e+00
    outer loop
      vertex   1.402500e+02 0.000000e+00 -4.500000e+00
      vertex   1.598441e+02 0.000000e+00 -4.500000e+00
      vertex   1.295000e+02 0.000000e+00 9.833333e+00
    endloop
  endfacet
  facet normal 0.000000e+00 -1.000000e+00 0.000000e+00
    outer loop
      vertex   1.295000e+02 0.000000e+00 9.833333e+00
      vertex   1.598441e+02 0.000000e+00 -4.500000e+00
      vertex   2.069910e+02 0.000000e+00 2.807170e+01
    endloop
  endfacet
  facet normal 0.000000e+00 -1.000000e+00 0.000000e+00
    outer loop
      vertex   1.295000e+02 0.000000e+00 9.833333e+00
      vertex   2.069910e+02 0.000000e+00 2.807170e+01
      vertex   1.282985e+02 0.000000e+00 1.124453e+01
    endloop
  endfacet
  facet normal 0.000000e+00 -1.000000e+00 0.000000e+00
    outer loop
      vertex   1.282985e+02 0.000000e+00 1.124453e+01
      vertex   2.069910e+02 0.000000e+00 2.807170e+01
      vertex   1.269321e+02 0.000000e+00 1.249677e+01
    endloop
  endfacet
  facet normal 0.000000e+00 -1.000000e+00 0.000000e+00
    outer loop
      vertex   1.269321e+02 0.000000e+00 1.249677e+01
      vertex   2.069910e+02 0.000000e+00 2.807170e+01
      vertex   1.254217e+02 0.000000e+00 1.357094e+01
    endloop
  endfacet
  facet normal 0.000000e+00 -1.000000e+00 0.000000e+00
    outer loop
      vertex   2.061020e+02 0.000000e+00 3.666238e+01
      vertex   2.051362e+02 0.000000e+00 3.717655e+01
      vertex   2.030000e+02 0.000000e+00 3.760000e+01
    endloop
  endfacet
  facet normal 0.000000e+00 -1.000000e+00 0.000000e+00
    outer loop
      vertex   2.030000e+02 0.000000e+00 3.760000e+01
      vertex   2.051362e+02 0.000000e+00 3.717655e+01
      vertex   2.040889e+02 0.000000e+00 3.749312e+01
    endloop
  endfacet
  facet normal 0.000000e+00 -1.000000e+00 -0.000000e+00
    outer loop
      vertex   3.091112e+01 0.000000e+00 3.749312e+01
      vertex   2.986381e+01 0.000000e+00 3.717655e+01
      vertex   3.200000e+01 0.000000e+00 3.760000e+01
    endloop
  endfacet
  facet normal 0.000000e+00 -1.000000e+00 0.000000e+00
    outer loop
      vertex   3.200000e+01 0.000000e+00 3.760000e+01
      vertex   2.986381e+01 0.000000e+00 3.717655e+01
      vertex   2.889804e+01 0.000000e+00 3.666238e+01
    endloop
  endfacet
  facet normal 0.000000e+00 -1.000000e+00 0.000000e+00
    outer loop
      vertex   7.515592e+01 0.000000e+00 -4.500000e+00
      vertex   1.055000e+02 0.000000e+00 9.833333e+00
      vertex   2.800895e+01 0.000000e+00 2.807170e+01
    endloop
  endfacet
  facet normal 0.000000e+00 -1.000000e+00 0.000000e+00
    outer loop
      vertex   2.800895e+01 0.000000e+00 2.807170e+01
      vertex   1.055000e+02 0.000000e+00 9.833333e+00
      vertex   1.067015e+02 0.000000e+00 1.124453e+01
    endloop
  endfacet
  facet normal 0.000000e+00 -1.000000e+00 0.000000e+00
    outer loop
      vertex   2.800895e+01 0.000000e+00 2.807170e+01
      vertex   1.067015e+02 0.000000e+00 1.124453e+01
      vertex   1.080679e+02 0.000000e+00 1.249677e+01
    endloop
  endfacet
  facet normal 0.000000e+00 -1.000000e+00 0.000000e+00
    outer loop
      vertex   7.515592e+01 0.000000e+00 -4.500000e+00
      vertex   9.475000e+01 0.000000e+00 -4.500000e+00
      vertex   1.055000e+02 0.000000e+00 9.833333e+00
    endloop
  endfacet
  facet normal 0.000000e+00 -1.000000e+00 0.000000e+00
    outer loop
      vertex   1.080679e+02 0.000000e+00 1.249677e+01
      vertex   1.095783e+02 0.000000e+00 1.357094e+01
      vertex   2.800895e+01 0.000000e+00 2.807170e+01
    endloop
  endfacet
  facet normal 0.000000e+00 -1.000000e+00 0.000000e+00
    outer loop
      vertex   2.800895e+01 0.000000e+00 2.807170e+01
      vertex   1.095783e+02 0.000000e+00 1.357094e+01
      vertex   1.112096e+02 0.000000e+00 1.445065e+01
    endloop
  endfacet
  facet normal 0.000000e+00 -1.000000e+00 0.000000e+00
    outer loop
      vertex   2.800895e+01 0.000000e+00 2.807170e+01
      vertex   1.112096e+02 0.000000e+00 1.445065e+01
      vertex   1.129370e+02 0.000000e+00 1.512246e+01
    endloop
  endfacet
  facet normal 0.000000e+00 0.000000e+00 -1.000000e+00
    outer loop
      vertex   1.598441e+02 5.000000e-01 -5.000000e+00
      vertex   1.402500e+02 5.000000e-01 -5.000000e+00
      vertex   1.598441e+02 6.500000e+00 -5.000000e+00
    endloop
  endfacet
  facet normal -0.000000e+00 0.000000e+00 -1.000000e+00
    outer loop
      vertex   1.598441e+02 6.500000e+00 -5.000000e+00
      vertex   1.402500e+02 5.000000e-01 -5.000000e+00
      vertex   1.402500e+02 6.500000e+00 -5.000000e+00
    endloop
  endfacet
  facet normal 0.000000e+00 1.000000e+00 -0.000000e+00
    outer loop
      vertex   1.402500e+02 7.000000e+00 -4.500000e+00
      vertex   1.372500e+02 7.000000e+00 -5.000000e-01
      vertex   1.598441e+02 7.000000e+00 -4.500000e+00
    endloop
  endfacet
  facet normal 0.000000e+00 1.000000e+00 -0.000000e+00
    outer loop
      vertex   1.598441e+02 7.000000e+00 -4.500000e+00
      vertex   1.372500e+02 7.000000e+00 -5.000000e-01
      vertex   1.656340e+02 7.000000e+00 -5.000000e-01
    endloop
  endfacet
  facet normal 0.000000e+00 1.000000e+00 -0.000000e+00
    outer loop
      vertex   9.475000e+01 7.000000e+00 -4.500000e+00
      vertex   7.515592e+01 7.000000e+00 -4.500000e+00
      vertex   9.775000e+01 7.000000e+00 -5.000000e-01
    endloop
  endfacet
  facet normal 0.000000e+00 1.000000e+00 0.000000e+00
    outer loop
      vertex   9.775000e+01 7.000000e+00 -5.000000e-01
      vertex   7.515592e+01 7.000000e+00 -4.500000e+00
      vertex   6.936599e+01 7.000000e+00 -5.000000e-01
    endloop
  endfacet
  facet normal 9.831056e-01 -1.294283e-01 -1.294283e-01
    outer loop
      vertex   2.997156e+01 5.000000e-01 3.254352e+01
      vertex   2.995510e+01 3.705905e-01 3.254793e+01
      vertex   2.990000e+01 5.000000e-01 3.200000e+01
    endloop
  endfacet
  facet normal 9.831056e-01 -1.294283e-01 -1.294283e-01
    outer loop
      vertex   2.990000e+01 5.000000e-01 3.200000e+01
      vertex   2.995510e+01 3.705905e-01 3.254793e+01
      vertex   2.988296e+01 3.705905e-01 3.200000e+01
    endloop
  endfacet
  facet normal 9.831056e-01 -1.294283e-01 1.294283e-01
    outer loop
      vertex   2.990000e+01 5.000000e-01 3.200000e+01
      vertex   2.988296e+01 3.705905e-01 3.200000e+01
      vertex   2.997156e+01 5.000000e-01 3.145648e+01
    endloop
  endfacet
  facet normal 9.831056e-01 -1.294283e-01 1.294283e-01
    outer loop
      vertex   2.997156e+01 5.000000e-01 3.145648e+01
      vertex   2.988296e+01 3.705905e-01 3.200000e+01
      vertex   2.995510e+01 3.705905e-01 3.145207e+01
    endloop
  endfacet
  facet normal 9.161086e-01 -1.294283e-01 3.794646e-01
    outer loop
      vertex   2.997156e+01 5.000000e-01 3.145648e+01
      vertex   2.995510e+01 3.705905e-01 3.145207e+01
      vertex   3.018135e+01 5.000000e-01 3.095000e+01
    endloop
  endfacet
  facet normal 9.161086e-01 -1.294283e-01 3.794646e-01
    outer loop
      vertex   3.018135e+01 5.000000e-01 3.095000e+01
      vertex   2.995510e+01 3.705905e-01 3.145207e+01
      vertex   3.016659e+01 3.705905e-01 3.094148e+01
    endloop
  endfacet
  facet normal 7.866803e-01 -1.294283e-01 6.036410e-01
    outer loop
      vertex   3.018135e+01 5.000000e-01 3.095000e+01
      vertex   3.016659e+01 3.705905e-01 3.094148e+01
      vertex   3.051508e+01 5.000000e-01 3.051508e+01
    endloop
  endfacet
  facet normal 7.866803e-01 -1.294283e-01 6.036410e-01
    outer loop
      vertex   3.051508e+01 5.000000e-01 3.051508e+01
      vertex   3.016659e+01 3.705905e-01 3.094148e+01
      vertex   3.050303e+01 3.705905e-01 3.050303e+01
    endloop
  endfacet
  facet normal 6.036410e-01 -1.294283e-01 7.866803e-01
    outer loop
      vertex   3.051508e+01 5.000000e-01 3.051508e+01
      vertex   3.050303e+01 3.705905e-01 3.050303e+01
      vertex   3.095000e+01 5.000000e-01 3.018135e+01
    endloop
  endfacet
  facet normal 6.036410e-01 -1.294283e-01 7.866803e-01
    outer loop
      vertex   3.095000e+01 5.000000e-01 3.018135e+01
      vertex   3.050303e+01 3.705905e-01 3.050303e+01
      vertex   3.094148e+01 3.705905e-01 3.016659e+01
    endloop
  endfacet
  facet normal 3.794646e-01 -1.294283e-01 9.161086e-01
    outer loop
      vertex   3.095000e+01 5.000000e-01 3.018135e+01
      vertex   3.094148e+01 3.705905e-01 3.016659e+01
      vertex   3.145648e+01 5.000000e-01 2.997156e+01
    endloop
  endfacet
  facet normal 3.794646e-01 -1.294283e-01 9.161086e-01
    outer loop
      vertex   3.145648e+01 5.000000e-01 2.997156e+01
      vertex   3.094148e+01 3.705905e-01 3.016659e+01
      vertex   3.145207e+01 3.705905e-01 2.995510e+01
    endloop
  endfacet
  facet normal 1.294283e-01 -1.294283e-01 9.831056e-01
    outer loop
      vertex   3.145648e+01 5.000000e-01 2.997156e+01
      vertex   3.145207e+01 3.705905e-01 2.995510e+01
      vertex   3.200000e+01 5.000000e-01 2.990000e+01
    endloop
  endfacet
  facet normal 1.294283e-01 -1.294283e-01 9.831056e-01
    outer loop
      vertex   3.200000e+01 5.000000e-01 2.990000e+01
      vertex   3.145207e+01 3.705905e-01 2.995510e+01
      vertex   3.200000e+01 3.705905e-01 2.988296e+01
    endloop
  endfacet
  facet normal -1.294283e-01 -1.294283e-01 9.831056e-01
    outer loop
      vertex   3.200000e+01 5.000000e-01 2.990000e+01
      vertex   3.200000e+01 3.705905e-01 2.988296e+01
      vertex   3.254352e+01 5.000000e-01 2.997156e+01
    endloop
  endfacet
  facet normal -1.294283e-01 -1.294283e-01 9.831056e-01
    outer loop
      vertex   3.254352e+01 5.000000e-01 2.997156e+01
      vertex   3.200000e+01 3.705905e-01 2.988296e+01
      vertex   3.254793e+01 3.705905e-01 2.995510e+01
    endloop
  endfacet
  facet normal -3.794646e-01 -1.294283e-01 9.161086e-01
    outer loop
      vertex   3.254352e+01 5.000000e-01 2.997156e+01
      vertex   3.254793e+01 3.705905e-01 2.995510e+01
      vertex   3.305000e+01 5.000000e-01 3.018135e+01
    endloop
  endfacet
  facet normal -3.794646e-01 -1.294283e-01 9.161086e-01
    outer loop
      vertex   3.305000e+01 5.000000e-01 3.018135e+01
      vertex   3.254793e+01 3.705905e-01 2.995510e+01
      vertex   3.305852e+01 3.705905e-01 3.016659e+01
    endloop
  endfacet
  facet normal -6.036410e-01 -1.294283e-01 7.866803e-01
    outer loop
      vertex   3.305000e+01 5.000000e-01 3.018135e+01
      vertex   3.305852e+01 3.705905e-01 3.016659e+01
      vertex   3.348492e+01 5.000000e-01 3.051508e+01
    endloop
  endfacet
  facet normal -6.036410e-01 -1.294283e-01 7.866803e-01
    outer loop
      vertex   3.348492e+01 5.000000e-01 3.051508e+01
      vertex   3.305852e+01 3.705905e-01 3.016659e+01
      vertex   3.349697e+01 3.705905e-01 3.050303e+01
    endloop
  endfacet
  facet normal -7.866803e-01 -1.294283e-01 6.036410e-01
    outer loop
      vertex   3.348492e+01 5.000000e-01 3.051508e+01
      vertex   3.349697e+01 3.705905e-01 3.050303e+01
      vertex   3.381865e+01 5.000000e-01 3.095000e+01
    endloop
  endfacet
  facet normal -7.866803e-01 -1.294283e-01 6.036410e-01
    outer loop
      vertex   3.381865e+01 5.000000e-01 3.095000e+01
      vertex   3.349697e+01 3.705905e-01 3.050303e+01
      vertex   3.383341e+01 3.705905e-01 3.094148e+01
    endloop
  endfacet
  facet normal -9.161086e-01 -1.294283e-01 3.794646e-01
    outer loop
      vertex   3.381865e+01 5.000000e-01 3.095000e+01
      vertex   3.383341e+01 3.705905e-01 3.094148e+01
      vertex   3.402844e+01 5.000000e-01 3.145648e+01
    endloop
  endfacet
  facet normal -9.161086e-01 -1.294283e-01 3.794646e-01
    outer loop
      vertex   3.402844e+01 5.000000e-01 3.145648e+01
      vertex   3.383341e+01 3.705905e-01 3.094148e+01
      vertex   3.404490e+01 3.705905e-01 3.145207e+01
    endloop
  endfacet
  facet normal -9.831056e-01 -1.294283e-01 1.294283e-01
    outer loop
      vertex   3.402844e+01 5.000000e-01 3.145648e+01
      vertex   3.404490e+01 3.705905e-01 3.145207e+01
      vertex   3.410000e+01 5.000000e-01 3.200000e+01
    endloop
  endfacet
  facet normal -9.831056e-01 -1.294283e-01 1.294283e-01
    outer loop
      vertex   3.410000e+01 5.000000e-01 3.200000e+01
      vertex   3.404490e+01 3.705905e-01 3.145207e+01
      vertex   3.411704e+01 3.705905e-01 3.200000e+01
    endloop
  endfacet
  facet normal -9.831056e-01 -1.294283e-01 -1.294283e-01
    outer loop
      vertex   3.410000e+01 5.000000e-01 3.200000e+01
      vertex   3.411704e+01 3.705905e-01 3.200000e+01
      vertex   3.402844e+01 5.000000e-01 3.254352e+01
    endloop
  endfacet
  facet normal -9.831056e-01 -1.294283e-01 -1.294283e-01
    outer loop
      vertex   3.402844e+01 5.000000e-01 3.254352e+01
      vertex   3.411704e+01 3.705905e-01 3.200000e+01
      vertex   3.404490e+01 3.705905e-01 3.254793e+01
    endloop
  endfacet
  facet normal -9.161086e-01 -1.294283e-01 -3.794646e-01
    outer loop
      vertex   3.402844e+01 5.000000e-01 3.254352e+01
      vertex   3.404490e+01 3.705905e-01 3.254793e+01
      vertex   3.381865e+01 5.000000e-01 3.305000e+01
    endloop
  endfacet
  facet normal -9.161086e-01 -1.294283e-01 -3.794646e-01
    outer loop
      vertex   3.381865e+01 5.000000e-01 3.305000e+01
      vertex   3.404490e+01 3.705905e-01 3.254793e+01
      vertex   3.383341e+01 3.705905e-01 3.305852e+01
    endloop
  endfacet
  facet normal -7.866803e-01 -1.294283e-01 -6.036410e-01
    outer loop
      vertex   3.381865e+01 5.000000e-01 3.305000e+01
      vertex   3.383341e+01 3.705905e-01 3.305852e+01
      vertex   3.348492e+01 5.000000e-01 3.348492e+01
    endloop
  endfacet
  facet normal -7.866803e-01 -1.294283e-01 -6.036410e-01
    outer loop
      vertex   3.348492e+01 5.000000e-01 3.348492e+01
      vertex   3.383341e+01 3.705905e-01 3.305852e+01
      vertex   3.349697e+01 3.705905e-01 3.349697e+01
    endloop
  endfacet
  facet normal -6.036410e-01 -1.294283e-01 -7.866803e-01
    outer loop
      vertex   3.348492e+01 5.000000e-01 3.348492e+01
      vertex   3.349697e+01 3.705905e-01 3.349697e+01
      vertex   3.305000e+01 5.000000e-01 3.381865e+01
    endloop
  endfacet
  facet normal -6.036410e-01 -1.294283e-01 -7.866803e-01
    outer loop
      vertex   3.305000e+01 5.000000e-01 3.381865e+01
      vertex   3.349697e+01 3.705905e-01 3.349697e+01
      vertex   3.305852e+01 3.705905e-01 3.383341e+01
    endloop
  endfacet
  facet normal -3.794646e-01 -1.294283e-01 -9.161086e-01
    outer loop
      vertex   3.305000e+01 5.000000e-01 3.381865e+01
      vertex   3.305852e+01 3.705905e-01 3.383341e+01
      vertex   3.254352e+01 5.000000e-01 3.402844e+01
    endloop
  endfacet
  facet normal -3.794646e-01 -1.294283e-01 -9.161086e-01
    outer loop
      vertex   3.254352e+01 5.000000e-01 3.402844e+01
      vertex   3.305852e+01 3.705905e-01 3.383341e+01
      vertex   3.254793e+01 3.705905e-01 3.404490e+01
    endloop
  endfacet
  facet normal -1.294283e-01 -1.294283e-01 -9.831056e-01
    outer loop
      vertex   3.254352e+01 5.000000e-01 3.402844e+01
      vertex   3.254793e+01 3.705905e-01 3.404490e+01
      vertex   3.200000e+01 5.000000e-01 3.410000e+01
    endloop
  endfacet
  facet normal -1.294283e-01 -1.294283e-01 -9.831056e-01
    outer loop
      vertex   3.200000e+01 5.000000e-01 3.410000e+01
      vertex   3.254793e+01 3.705905e-01 3.404490e+01
      vertex   3.200000e+01 3.705905e-01 3.411704e+01
    endloop
  endfacet
  facet normal 1.294283e-01 -1.294283e-01 -9.831056e-01
    outer loop
      vertex   3.200000e+01 5.000000e-01 3.410000e+01
      vertex   3.200000e+01 3.705905e-01 3.411704e+01
      vertex   3.145648e+01 5.000000e-01 3.402844e+01
    endloop
  endfacet
  facet normal 1.294283e-01 -1.294283e-01 -9.831056e-01
    outer loop
      vertex   3.145648e+01 5.000000e-01 3.402844e+01
      vertex   3.200000e+01 3.705905e-01 3.411704e+01
      vertex   3.145207e+01 3.705905e-01 3.404490e+01
    endloop
  endfacet
  facet normal 3.794646e-01 -1.294283e-01 -9.161086e-01
    outer loop
      vertex   3.145648e+01 5.000000e-01 3.402844e+01
      vertex   3.145207e+01 3.705905e-01 3.404490e+01
      vertex   3.095000e+01 5.000000e-01 3.381865e+01
    endloop
  endfacet
  facet normal 3.794646e-01 -1.294283e-01 -9.161086e-01
    outer loop
      vertex   3.095000e+01 5.000000e-01 3.381865e+01
      vertex   3.145207e+01 3.705905e-01 3.404490e+01
      vertex   3.094148e+01 3.705905e-01 3.383341e+01
    endloop
  endfacet
  facet normal 6.036410e-01 -1.294283e-01 -7.866803e-01
    outer loop
      vertex   3.095000e+01 5.000000e-01 3.381865e+01
      vertex   3.094148e+01 3.705905e-01 3.383341e+01
      vertex   3.051508e+01 5.000000e-01 3.348492e+01
    endloop
  endfacet
  facet normal 6.036410e-01 -1.294283e-01 -7.866803e-01
    outer loop
      vertex   3.051508e+01 5.000000e-01 3.348492e+01
      vertex   3.094148e+01 3.705905e-01 3.383341e+01
      vertex   3.050303e+01 3.705905e-01 3.349697e+01
    endloop
  endfacet
  facet normal 7.866803e-01 -1.294283e-01 -6.036410e-01
    outer loop
      vertex   3.051508e+01 5.000000e-01 3.348492e+01
      vertex   3.050303e+01 3.705905e-01 3.349697e+01
      vertex   3.018135e+01 5.000000e-01 3.305000e+01
    endloop
  endfacet
  facet normal 7.866803e-01 -1.294283e-01 -6.036410e-01
    outer loop
      vertex   3.018135e+01 5.000000e-01 3.305000e+01
      vertex   3.050303e+01 3.705905e-01 3.349697e+01
      vertex   3.016659e+01 3.705905e-01 3.305852e+01
    endloop
  endfacet
  facet normal 9.161086e-01 -1.294283e-01 -3.794646e-01
    outer loop
      vertex   3.018135e+01 5.000000e-01 3.305000e+01
      vertex   3.016659e+01 3.705905e-01 3.305852e+01
      vertex   2.997156e+01 5.000000e-01 3.254352e+01
    endloop
  endfacet
  facet normal 9.161086e-01 -1.294283e-01 -3.794646e-01
    outer loop
      vertex   2.997156e+01 5.000000e-01 3.254352e+01
      vertex   3.016659e+01 3.705905e-01 3.305852e+01
      vertex   2.995510e+01 3.705905e-01 3.254793e+01
    endloop
  endfacet
  facet normal 1.305069e-01 -9.912985e-01 1.718156e-02
    outer loop
      vertex   2.948859e+01 0.000000e+00 3.132707e+01
      vertex   2.961359e+01 1.703709e-02 3.136056e+01
      vertex   2.940000e+01 0.000000e+00 3.200000e+01
    endloop
  endfacet
  facet normal 1.305069e-01 -9.912985e-01 1.718156e-02
    outer loop
      vertex   2.940000e+01 0.000000e+00 3.200000e+01
      vertex   2.961359e+01 1.703709e-02 3.136056e+01
      vertex   2.952941e+01 1.703709e-02 3.200000e+01
    endloop
  endfacet
  facet normal 1.305069e-01 -9.912985e-01 -1.718156e-02
    outer loop
      vertex   2.940000e+01 0.000000e+00 3.200000e+01
      vertex   2.952941e+01 1.703709e-02 3.200000e+01
      vertex   2.948859e+01 0.000000e+00 3.267293e+01
    endloop
  endfacet
  facet normal 1.305069e-01 -9.912985e-01 -1.718156e-02
    outer loop
      vertex   2.948859e+01 0.000000e+00 3.267293e+01
      vertex   2.952941e+01 1.703709e-02 3.200000e+01
      vertex   2.961359e+01 1.703709e-02 3.263944e+01
    endloop
  endfacet
  facet normal 1.216131e-01 -9.912985e-01 -5.037379e-02
    outer loop
      vertex   2.948859e+01 0.000000e+00 3.267293e+01
      vertex   2.961359e+01 1.703709e-02 3.263944e+01
      vertex   2.974833e+01 0.000000e+00 3.330000e+01
    endloop
  endfacet
  facet normal 1.216131e-01 -9.912985e-01 -5.037379e-02
    outer loop
      vertex   2.974833e+01 0.000000e+00 3.330000e+01
      vertex   2.961359e+01 1.703709e-02 3.263944e+01
      vertex   2.986041e+01 1.703709e-02 3.323530e+01
    endloop
  endfacet
  facet normal 1.044315e-01 -9.912985e-01 -8.013313e-02
    outer loop
      vertex   2.974833e+01 0.000000e+00 3.330000e+01
      vertex   2.986041e+01 1.703709e-02 3.323530e+01
      vertex   3.016152e+01 0.000000e+00 3.383848e+01
    endloop
  endfacet
  facet normal 1.044315e-01 -9.912985e-01 -8.013313e-02
    outer loop
      vertex   3.016152e+01 0.000000e+00 3.383848e+01
      vertex   2.986041e+01 1.703709e-02 3.323530e+01
      vertex   3.025303e+01 1.703709e-02 3.374697e+01
    endloop
  endfacet
  facet normal 8.013313e-02 -9.912985e-01 -1.044315e-01
    outer loop
      vertex   3.016152e+01 0.000000e+00 3.383848e+01
      vertex   3.025303e+01 1.703709e-02 3.374697e+01
      vertex   3.070000e+01 0.000000e+00 3.425167e+01
    endloop
  endfacet
  facet normal 8.013313e-02 -9.912985e-01 -1.044315e-01
    outer loop
      vertex   3.070000e+01 0.000000e+00 3.425167e+01
      vertex   3.025303e+01 1.703709e-02 3.374697e+01
      vertex   3.076470e+01 1.703709e-02 3.413959e+01
    endloop
  endfacet
  facet normal 5.037379e-02 -9.912985e-01 -1.216131e-01
    outer loop
      vertex   3.070000e+01 0.000000e+00 3.425167e+01
      vertex   3.076470e+01 1.703709e-02 3.413959e+01
      vertex   3.132707e+01 0.000000e+00 3.451141e+01
    endloop
  endfacet
  facet normal 5.037379e-02 -9.912985e-01 -1.216131e-01
    outer loop
      vertex   3.132707e+01 0.000000e+00 3.451141e+01
      vertex   3.076470e+01 1.703709e-02 3.413959e+01
      vertex   3.136056e+01 1.703709e-02 3.438641e+01
    endloop
  endfacet
  facet normal 1.718156e-02 -9.912985e-01 -1.305069e-01
    outer loop
      vertex   3.132707e+01 0.000000e+00 3.451141e+01
      vertex   3.136056e+01 1.703709e-02 3.438641e+01
      vertex   3.200000e+01 0.000000e+00 3.460000e+01
    endloop
  endfacet
  facet normal 1.718156e-02 -9.912985e-01 -1.305069e-01
    outer loop
      vertex   3.200000e+01 0.000000e+00 3.460000e+01
      vertex   3.136056e+01 1.703709e-02 3.438641e+01
      vertex   3.200000e+01 1.703709e-02 3.447059e+01
    endloop
  endfacet
  facet normal -1.718156e-02 -9.912985e-01 -1.305069e-01
    outer loop
      vertex   3.200000e+01 0.000000e+00 3.460000e+01
      vertex   3.200000e+01 1.703709e-02 3.447059e+01
      vertex   3.267293e+01 0.000000e+00 3.451141e+01
    endloop
  endfacet
  facet normal -1.718156e-02 -9.912985e-01 -1.305069e-01
    outer loop
      vertex   3.267293e+01 0.000000e+00 3.451141e+01
      vertex   3.200000e+01 1.703709e-02 3.447059e+01
      vertex   3.263944e+01 1.703709e-02 3.438641e+01
    endloop
  endfacet
  facet normal -5.037379e-02 -9.912985e-01 -1.216131e-01
    outer loop
      vertex   3.267293e+01 0.000000e+00 3.451141e+01
      vertex   3.263944e+01 1.703709e-02 3.438641e+01
      vertex   3.330000e+01 0.000000e+00 3.425167e+01
    endloop
  endfacet
  facet normal -5.037379e-02 -9.912985e-01 -1.216131e-01
    outer loop
      vertex   3.330000e+01 0.000000e+00 3.425167e+01
      vertex   3.263944e+01 1.703709e-02 3.438641e+01
      vertex   3.323530e+01 1.703709e-02 3.413959e+01
    endloop
  endfacet
  facet normal -8.013313e-02 -9.912985e-01 -1.044315e-01
    outer loop
      vertex   3.330000e+01 0.000000e+00 3.425167e+01
      vertex   3.323530e+01 1.703709e-02 3.413959e+01
      vertex   3.383848e+01 0.000000e+00 3.383848e+01
    endloop
  endfacet
  facet normal -8.013313e-02 -9.912985e-01 -1.044315e-01
    outer loop
      vertex   3.383848e+01 0.000000e+00 3.383848e+01
      vertex   3.323530e+01 1.703709e-02 3.413959e+01
      vertex   3.374697e+01 1.703709e-02 3.374697e+01
    endloop
  endfacet
  facet normal -1.044315e-01 -9.912985e-01 -8.013313e-02
    outer loop
      vertex   3.383848e+01 0.000000e+00 3.383848e+01
      vertex   3.374697e+01 1.703709e-02 3.374697e+01
      vertex   3.425167e+01 0.000000e+00 3.330000e+01
    endloop
  endfacet
  facet normal -1.044315e-01 -9.912985e-01 -8.013313e-02
    outer loop
      vertex   3.425167e+01 0.000000e+00 3.330000e+01
      vertex   3.374697e+01 1.703709e-02 3.374697e+01
      vertex   3.413959e+01 1.703709e-02 3.323530e+01
    endloop
  endfacet
  facet normal -1.216131e-01 -9.912985e-01 -5.037379e-02
    outer loop
      vertex   3.425167e+01 0.000000e+00 3.330000e+01
      vertex   3.413959e+01 1.703709e-02 3.323530e+01
      vertex   3.451141e+01 0.000000e+00 3.267293e+01
    endloop
  endfacet
  facet normal -1.216131e-01 -9.912985e-01 -5.037379e-02
    outer loop
      vertex   3.451141e+01 0.000000e+00 3.267293e+01
      vertex   3.413959e+01 1.703709e-02 3.323530e+01
      vertex   3.438641e+01 1.703709e-02 3.263944e+01
    endloop
  endfacet
  facet normal -1.305069e-01 -9.912985e-01 -1.718156e-02
    outer loop
      vertex   3.451141e+01 0.000000e+00 3.267293e+01
      vertex   3.438641e+01 1.703709e-02 3.263944e+01
      vertex   3.460000e+01 0.000000e+00 3.200000e+01
    endloop
  endfacet
  facet normal -1.305069e-01 -9.912985e-01 -1.718156e-02
    outer loop
      vertex   3.460000e+01 0.000000e+00 3.200000e+01
      vertex   3.438641e+01 1.703709e-02 3.263944e+01
      vertex   3.447059e+01 1.703709e-02 3.200000e+01
    endloop
  endfacet
  facet normal -1.305069e-01 -9.912985e-01 1.718156e-02
    outer loop
      vertex   3.460000e+01 0.000000e+00 3.200000e+01
      vertex   3.447059e+01 1.703709e-02 3.200000e+01
      vertex   3.451141e+01 0.000000e+00 3.132707e+01
    endloop
  endfacet
  facet normal -1.305069e-01 -9.912985e-01 1.718156e-02
    outer loop
      vertex   3.451141e+01 0.000000e+00 3.132707e+01
      vertex   3.447059e+01 1.703709e-02 3.200000e+01
      vertex   3.438641e+01 1.703709e-02 3.136056e+01
    endloop
  endfacet
  facet normal -1.216131e-01 -9.912985e-01 5.037379e-02
    outer loop
      vertex   3.451141e+01 0.000000e+00 3.132707e+01
      vertex   3.438641e+01 1.703709e-02 3.136056e+01
      vertex   3.425167e+01 0.000000e+00 3.070000e+01
    endloop
  endfacet
  facet normal -1.216131e-01 -9.912985e-01 5.037379e-02
    outer loop
      vertex   3.425167e+01 0.000000e+00 3.070000e+01
      vertex   3.438641e+01 1.703709e-02 3.136056e+01
      vertex   3.413959e+01 1.703709e-02 3.076470e+01
    endloop
  endfacet
  facet normal -1.044315e-01 -9.912985e-01 8.013313e-02
    outer loop
      vertex   3.425167e+01 0.000000e+00 3.070000e+01
      vertex   3.413959e+01 1.703709e-02 3.076470e+01
      vertex   3.383848e+01 0.000000e+00 3.016152e+01
    endloop
  endfacet
  facet normal -1.044315e-01 -9.912985e-01 8.013313e-02
    outer loop
      vertex   3.383848e+01 0.000000e+00 3.016152e+01
      vertex   3.413959e+01 1.703709e-02 3.076470e+01
      vertex   3.374697e+01 1.703709e-02 3.025303e+01
    endloop
  endfacet
  facet normal -8.013313e-02 -9.912985e-01 1.044315e-01
    outer loop
      vertex   3.383848e+01 0.000000e+00 3.016152e+01
      vertex   3.374697e+01 1.703709e-02 3.025303e+01
      vertex   3.330000e+01 0.000000e+00 2.974833e+01
    endloop
  endfacet
  facet normal -8.013313e-02 -9.912985e-01 1.044315e-01
    outer loop
      vertex   3.330000e+01 0.000000e+00 2.974833e+01
      vertex   3.374697e+01 1.703709e-02 3.025303e+01
      vertex   3.323530e+01 1.703709e-02 2.986041e+01
    endloop
  endfacet
  facet normal -5.037379e-02 -9.912985e-01 1.216131e-01
    outer loop
      vertex   3.330000e+01 0.000000e+00 2.974833e+01
      vertex   3.323530e+01 1.703709e-02 2.986041e+01
      vertex   3.267293e+01 0.000000e+00 2.948859e+01
    endloop
  endfacet
  facet normal -5.037379e-02 -9.912985e-01 1.216131e-01
    outer loop
      vertex   3.267293e+01 0.000000e+00 2.948859e+01
      vertex   3.323530e+01 1.703709e-02 2.986041e+01
      vertex   3.263944e+01 1.703709e-02 2.961359e+01
    endloop
  endfacet
  facet normal -1.718156e-02 -9.912985e-01 1.305069e-01
    outer loop
      vertex   3.267293e+01 0.000000e+00 2.948859e+01
      vertex   3.263944e+01 1.703709e-02 2.961359e+01
      vertex   3.200000e+01 0.000000e+00 2.940000e+01
    endloop
  endfacet
  facet normal -1.718156e-02 -9.912985e-01 1.305069e-01
    outer loop
      vertex   3.200000e+01 0.000000e+00 2.940000e+01
      vertex   3.263944e+01 1.703709e-02 2.961359e+01
      vertex   3.200000e+01 1.703709e-02 2.952941e+01
    endloop
  endfacet
  facet normal 1.718156e-02 -9.912985e-01 1.305069e-01
    outer loop
      vertex   3.200000e+01 0.000000e+00 2.940000e+01
      vertex   3.200000e+01 1.703709e-02 2.952941e+01
      vertex   3.132707e+01 0.000000e+00 2.948859e+01
    endloop
  endfacet
  facet normal 1.718156e-02 -9.912985e-01 1.305069e-01
    outer loop
      vertex   3.132707e+01 0.000000e+00 2.948859e+01
      vertex   3.200000e+01 1.703709e-02 2.952941e+01
      vertex   3.136056e+01 1.703709e-02 2.961359e+01
    endloop
  endfacet
  facet normal 5.037379e-02 -9.912985e-01 1.216131e-01
    outer loop
      vertex   3.132707e+01 0.000000e+00 2.948859e+01
      vertex   3.136056e+01 1.703709e-02 2.961359e+01
      vertex   3.070000e+01 0.000000e+00 2.974833e+01
    endloop
  endfacet
  facet normal 5.037379e-02 -9.912985e-01 1.216131e-01
    outer loop
      vertex   3.070000e+01 0.000000e+00 2.974833e+01
      vertex   3.136056e+01 1.703709e-02 2.961359e+01
      vertex   3.076470e+01 1.703709e-02 2.986041e+01
    endloop
  endfacet
  facet normal 8.013313e-02 -9.912985e-01 1.044315e-01
    outer loop
      vertex   3.070000e+01 0.000000e+00 2.974833e+01
      vertex   3.076470e+01 1.703709e-02 2.986041e+01
      vertex   3.016152e+01 0.000000e+00 3.016152e+01
    endloop
  endfacet
  facet normal 8.013313e-02 -9.912985e-01 1.044315e-01
    outer loop
      vertex   3.016152e+01 0.000000e+00 3.016152e+01
      vertex   3.076470e+01 1.703709e-02 2.986041e+01
      vertex   3.025303e+01 1.703709e-02 3.025303e+01
    endloop
  endfacet
  facet normal 1.044315e-01 -9.912985e-01 8.013313e-02
    outer loop
      vertex   3.016152e+01 0.000000e+00 3.016152e+01
      vertex   3.025303e+01 1.703709e-02 3.025303e+01
      vertex   2.974833e+01 0.000000e+00 3.070000e+01
    endloop
  endfacet
  facet normal 1.044315e-01 -9.912985e-01 8.013313e-02
    outer loop
      vertex   2.974833e+01 0.000000e+00 3.070000e+01
      vertex   3.025303e+01 1.703709e-02 3.025303e+01
      vertex   2.986041e+01 1.703709e-02 3.076470e+01
    endloop
  endfacet
  facet normal 1.216131e-01 -9.912985e-01 5.037379e-02
    outer loop
      vertex   2.974833e+01 0.000000e+00 3.070000e+01
      vertex   2.986041e+01 1.703709e-02 3.076470e+01
      vertex   2.948859e+01 0.000000e+00 3.132707e+01
    endloop
  endfacet
  facet normal 1.216131e-01 -9.912985e-01 5.037379e-02
    outer loop
      vertex   2.948859e+01 0.000000e+00 3.132707e+01
      vertex   2.986041e+01 1.703709e-02 3.076470e+01
      vertex   2.961359e+01 1.703709e-02 3.136056e+01
    endloop
  endfacet
  facet normal -1.207412e-01 -3.798837e-01 9.171204e-01
    outer loop
      vertex   3.200000e+01 3.705905e-01 2.988296e+01
      vertex   3.200000e+01 2.500000e-01 2.983301e+01
      vertex   3.254793e+01 3.705905e-01 2.995510e+01
    endloop
  endfacet
  facet normal -1.207412e-01 -3.798837e-01 9.171204e-01
    outer loop
      vertex   3.254793e+01 3.705905e-01 2.995510e+01
      vertex   3.200000e+01 2.500000e-01 2.983301e+01
      vertex   3.256086e+01 2.500000e-01 2.990685e+01
    endloop
  endfacet
  facet normal -3.539953e-01 -3.798837e-01 8.546202e-01
    outer loop
      vertex   3.254793e+01 3.705905e-01 2.995510e+01
      vertex   3.256086e+01 2.500000e-01 2.990685e+01
      vertex   3.305852e+01 3.705905e-01 3.016659e+01
    endloop
  endfacet
  facet normal -3.539953e-01 -3.798837e-01 8.546202e-01
    outer loop
      vertex   3.305852e+01 3.705905e-01 3.016659e+01
      vertex   3.256086e+01 2.500000e-01 2.990685e+01
      vertex   3.308349e+01 2.500000e-01 3.012333e+01
    endloop
  endfacet
  facet normal -5.631252e-01 -3.798837e-01 7.338790e-01
    outer loop
      vertex   3.305852e+01 3.705905e-01 3.016659e+01
      vertex   3.308349e+01 2.500000e-01 3.012333e+01
      vertex   3.349697e+01 3.705905e-01 3.050303e+01
    endloop
  endfacet
  facet normal -5.631252e-01 -3.798837e-01 7.338790e-01
    outer loop
      vertex   3.349697e+01 3.705905e-01 3.050303e+01
      vertex   3.308349e+01 2.500000e-01 3.012333e+01
      vertex   3.353229e+01 2.500000e-01 3.046771e+01
    endloop
  endfacet
  facet normal -7.338790e-01 -3.798837e-01 5.631252e-01
    outer loop
      vertex   3.349697e+01 3.705905e-01 3.050303e+01
      vertex   3.353229e+01 2.500000e-01 3.046771e+01
      vertex   3.383341e+01 3.705905e-01 3.094148e+01
    endloop
  endfacet
  facet normal -7.338790e-01 -3.798837e-01 5.631252e-01
    outer loop
      vertex   3.383341e+01 3.705905e-01 3.094148e+01
      vertex   3.353229e+01 2.500000e-01 3.046771e+01
      vertex   3.387667e+01 2.500000e-01 3.091651e+01
    endloop
  endfacet
  facet normal -8.546202e-01 -3.798837e-01 3.539953e-01
    outer loop
      vertex   3.383341e+01 3.705905e-01 3.094148e+01
      vertex   3.387667e+01 2.500000e-01 3.091651e+01
      vertex   3.404490e+01 3.705905e-01 3.145207e+01
    endloop
  endfacet
  facet normal -8.546202e-01 -3.798837e-01 3.539953e-01
    outer loop
      vertex   3.404490e+01 3.705905e-01 3.145207e+01
      vertex   3.387667e+01 2.500000e-01 3.091651e+01
      vertex   3.409315e+01 2.500000e-01 3.143914e+01
    endloop
  endfacet
  facet normal -9.171204e-01 -3.798837e-01 1.207412e-01
    outer loop
      vertex   3.404490e+01 3.705905e-01 3.145207e+01
      vertex   3.409315e+01 2.500000e-01 3.143914e+01
      vertex   3.411704e+01 3.705905e-01 3.200000e+01
    endloop
  endfacet
  facet normal -9.171204e-01 -3.798837e-01 1.207412e-01
    outer loop
      vertex   3.411704e+01 3.705905e-01 3.200000e+01
      vertex   3.409315e+01 2.500000e-01 3.143914e+01
      vertex   3.416699e+01 2.500000e-01 3.200000e+01
    endloop
  endfacet
  facet normal -9.171204e-01 -3.798837e-01 -1.207412e-01
    outer loop
      vertex   3.411704e+01 3.705905e-01 3.200000e+01
      vertex   3.416699e+01 2.500000e-01 3.200000e+01
      vertex   3.404490e+01 3.705905e-01 3.254793e+01
    endloop
  endfacet
  facet normal -9.171204e-01 -3.798837e-01 -1.207412e-01
    outer loop
      vertex   3.404490e+01 3.705905e-01 3.254793e+01
      vertex   3.416699e+01 2.500000e-01 3.200000e+01
      vertex   3.409315e+01 2.500000e-01 3.256086e+01
    endloop
  endfacet
  facet normal -8.546202e-01 -3.798837e-01 -3.539953e-01
    outer loop
      vertex   3.404490e+01 3.705905e-01 3.254793e+01
      vertex   3.409315e+01 2.500000e-01 3.256086e+01
      vertex   3.383341e+01 3.705905e-01 3.305852e+01
    endloop
  endfacet
  facet normal -8.546202e-01 -3.798837e-01 -3.539953e-01
    outer loop
      vertex   3.383341e+01 3.705905e-01 3.305852e+01
      vertex   3.409315e+01 2.500000e-01 3.256086e+01
      vertex   3.387667e+01 2.500000e-01 3.308349e+01
    endloop
  endfacet
  facet normal -7.338790e-01 -3.798837e-01 -5.631252e-01
    outer loop
      vertex   3.383341e+01 3.705905e-01 3.305852e+01
      vertex   3.387667e+01 2.500000e-01 3.308349e+01
      vertex   3.349697e+01 3.705905e-01 3.349697e+01
    endloop
  endfacet
  facet normal -7.338790e-01 -3.798837e-01 -5.631252e-01
    outer loop
      vertex   3.349697e+01 3.705905e-01 3.349697e+01
      vertex   3.387667e+01 2.500000e-01 3.308349e+01
      vertex   3.353229e+01 2.500000e-01 3.353229e+01
    endloop
  endfacet
  facet normal -5.631252e-01 -3.798837e-01 -7.338790e-01
    outer loop
      vertex   3.349697e+01 3.705905e-01 3.349697e+01
      vertex   3.353229e+01 2.500000e-01 3.353229e+01
      vertex   3.305852e+01 3.705905e-01 3.383341e+01
    endloop
  endfacet
  facet normal -5.631252e-01 -3.798837e-01 -7.338790e-01
    outer loop
      vertex   3.305852e+01 3.705905e-01 3.383341e+01
      vertex   3.353229e+01 2.500000e-01 3.353229e+01
      vertex   3.308349e+01 2.500000e-01 3.387667e+01
    endloop
  endfacet
  facet normal -3.539953e-01 -3.798837e-01 -8.546202e-01
    outer loop
      vertex   3.305852e+01 3.705905e-01 3.383341e+01
      vertex   3.308349e+01 2.500000e-01 3.387667e+01
      vertex   3.254793e+01 3.705905e-01 3.404490e+01
    endloop
  endfacet
  facet normal -3.539953e-01 -3.798837e-01 -8.546202e-01
    outer loop
      vertex   3.254793e+01 3.705905e-01 3.404490e+01
      vertex   3.308349e+01 2.500000e-01 3.387667e+01
      vertex   3.256086e+01 2.500000e-01 3.409315e+01
    endloop
  endfacet
  facet normal -1.207412e-01 -3.798837e-01 -9.171204e-01
    outer loop
      vertex   3.254793e+01 3.705905e-01 3.404490e+01
      vertex   3.256086e+01 2.500000e-01 3.409315e+01
      vertex   3.200000e+01 3.705905e-01 3.411704e+01
    endloop
  endfacet
  facet normal -1.207412e-01 -3.798837e-01 -9.171204e-01
    outer loop
      vertex   3.200000e+01 3.705905e-01 3.411704e+01
      vertex   3.256086e+01 2.500000e-01 3.409315e+01
      vertex   3.200000e+01 2.500000e-01 3.416699e+01
    endloop
  endfacet
  facet normal 1.207412e-01 -3.798837e-01 -9.171204e-01
    outer loop
      vertex   3.200000e+01 3.705905e-01 3.411704e+01
      vertex   3.200000e+01 2.500000e-01 3.416699e+01
      vertex   3.145207e+01 3.705905e-01 3.404490e+01
    endloop
  endfacet
  facet normal 1.207412e-01 -3.798837e-01 -9.171204e-01
    outer loop
      vertex   3.145207e+01 3.705905e-01 3.404490e+01
      vertex   3.200000e+01 2.500000e-01 3.416699e+01
      vertex   3.143914e+01 2.500000e-01 3.409315e+01
    endloop
  endfacet
  facet normal 3.539953e-01 -3.798837e-01 -8.546202e-01
    outer loop
      vertex   3.145207e+01 3.705905e-01 3.404490e+01
      vertex   3.143914e+01 2.500000e-01 3.409315e+01
      vertex   3.094148e+01 3.705905e-01 3.383341e+01
    endloop
  endfacet
  facet normal 3.539953e-01 -3.798837e-01 -8.546202e-01
    outer loop
      vertex   3.094148e+01 3.705905e-01 3.383341e+01
      vertex   3.143914e+01 2.500000e-01 3.409315e+01
      vertex   3.091651e+01 2.500000e-01 3.387667e+01
    endloop
  endfacet
  facet normal 5.631252e-01 -3.798837e-01 -7.338790e-01
    outer loop
      vertex   3.094148e+01 3.705905e-01 3.383341e+01
      vertex   3.091651e+01 2.500000e-01 3.387667e+01
      vertex   3.050303e+01 3.705905e-01 3.349697e+01
    endloop
  endfacet
  facet normal 5.631252e-01 -3.798837e-01 -7.338790e-01
    outer loop
      vertex   3.050303e+01 3.705905e-01 3.349697e+01
      vertex   3.091651e+01 2.500000e-01 3.387667e+01
      vertex   3.046771e+01 2.500000e-01 3.353229e+01
    endloop
  endfacet
  facet normal 7.338790e-01 -3.798837e-01 -5.631252e-01
    outer loop
      vertex   3.050303e+01 3.705905e-01 3.349697e+01
      vertex   3.046771e+01 2.500000e-01 3.353229e+01
      vertex   3.016659e+01 3.705905e-01 3.305852e+01
    endloop
  endfacet
  facet normal 7.338790e-01 -3.798837e-01 -5.631252e-01
    outer loop
      vertex   3.016659e+01 3.705905e-01 3.305852e+01
      vertex   3.046771e+01 2.500000e-01 3.353229e+01
      vertex   3.012333e+01 2.500000e-01 3.308349e+01
    endloop
  endfacet
  facet normal 8.546202e-01 -3.798837e-01 -3.539953e-01
    outer loop
      vertex   3.016659e+01 3.705905e-01 3.305852e+01
      vertex   3.012333e+01 2.500000e-01 3.308349e+01
      vertex   2.995510e+01 3.705905e-01 3.254793e+01
    endloop
  endfacet
  facet normal 8.546202e-01 -3.798837e-01 -3.539953e-01
    outer loop
      vertex   2.995510e+01 3.705905e-01 3.254793e+01
      vertex   3.012333e+01 2.500000e-01 3.308349e+01
      vertex   2.990685e+01 2.500000e-01 3.256086e+01
    endloop
  endfacet
  facet normal 9.171204e-01 -3.798837e-01 -1.207412e-01
    outer loop
      vertex   2.995510e+01 3.705905e-01 3.254793e+01
      vertex   2.990685e+01 2.500000e-01 3.256086e+01
      vertex   2.988296e+01 3.705905e-01 3.200000e+01
    endloop
  endfacet
  facet normal 9.171204e-01 -3.798837e-01 -1.207412e-01
    outer loop
      vertex   2.988296e+01 3.705905e-01 3.200000e+01
      vertex   2.990685e+01 2.500000e-01 3.256086e+01
      vertex   2.983301e+01 2.500000e-01 3.200000e+01
    endloop
  endfacet
  facet normal 9.171204e-01 -3.798837e-01 1.207412e-01
    outer loop
      vertex   2.988296e+01 3.705905e-01 3.200000e+01
      vertex   2.983301e+01 2.500000e-01 3.200000e+01
      vertex   2.995510e+01 3.705905e-01 3.145207e+01
    endloop
  endfacet
  facet normal 9.171204e-01 -3.798837e-01 1.207412e-01
    outer loop
      vertex   2.995510e+01 3.705905e-01 3.145207e+01
      vertex   2.983301e+01 2.500000e-01 3.200000e+01
      vertex   2.990685e+01 2.500000e-01 3.143914e+01
    endloop
  endfacet
  facet normal 8.546202e-01 -3.798837e-01 3.539953e-01
    outer loop
      vertex   2.995510e+01 3.705905e-01 3.145207e+01
      vertex   2.990685e+01 2.500000e-01 3.143914e+01
      vertex   3.016659e+01 3.705905e-01 3.094148e+01
    endloop
  endfacet
  facet normal 8.546202e-01 -3.798837e-01 3.539953e-01
    outer loop
      vertex   3.016659e+01 3.705905e-01 3.094148e+01
      vertex   2.990685e+01 2.500000e-01 3.143914e+01
      vertex   3.012333e+01 2.500000e-01 3.091651e+01
    endloop
  endfacet
  facet normal 7.338790e-01 -3.798837e-01 5.631252e-01
    outer loop
      vertex   3.016659e+01 3.705905e-01 3.094148e+01
      vertex   3.012333e+01 2.500000e-01 3.091651e+01
      vertex   3.050303e+01 3.705905e-01 3.050303e+01
    endloop
  endfacet
  facet normal 7.338790e-01 -3.798837e-01 5.631252e-01
    outer loop
      vertex   3.050303e+01 3.705905e-01 3.050303e+01
      vertex   3.012333e+01 2.500000e-01 3.091651e+01
      vertex   3.046771e+01 2.500000e-01 3.046771e+01
    endloop
  endfacet
  facet normal 5.631252e-01 -3.798837e-01 7.338790e-01
    outer loop
      vertex   3.050303e+01 3.705905e-01 3.050303e+01
      vertex   3.046771e+01 2.500000e-01 3.046771e+01
      vertex   3.094148e+01 3.705905e-01 3.016659e+01
    endloop
  endfacet
  facet normal 5.631252e-01 -3.798837e-01 7.338790e-01
    outer loop
      vertex   3.094148e+01 3.705905e-01 3.016659e+01
      vertex   3.046771e+01 2.500000e-01 3.046771e+01
      vertex   3.091651e+01 2.500000e-01 3.012333e+01
    endloop
  endfacet
  facet normal 3.539953e-01 -3.798837e-01 8.546202e-01
    outer loop
      vertex   3.094148e+01 3.705905e-01 3.016659e+01
      vertex   3.091651e+01 2.500000e-01 3.012333e+01
      vertex   3.145207e+01 3.705905e-01 2.995510e+01
    endloop
  endfacet
  facet normal 3.539953e-01 -3.798837e-01 8.546202e-01
    outer loop
      vertex   3.145207e+01 3.705905e-01 2.995510e+01
      vertex   3.091651e+01 2.500000e-01 3.012333e+01
      vertex   3.143914e+01 2.500000e-01 2.990685e+01
    endloop
  endfacet
  facet normal 1.207412e-01 -3.798837e-01 9.171204e-01
    outer loop
      vertex   3.145207e+01 3.705905e-01 2.995510e+01
      vertex   3.143914e+01 2.500000e-01 2.990685e+01
      vertex   3.200000e+01 3.705905e-01 2.988296e+01
    endloop
  endfacet
  facet normal 1.207412e-01 -3.798837e-01 9.171204e-01
    outer loop
      vertex   3.200000e+01 3.705905e-01 2.988296e+01
      vertex   3.143914e+01 2.500000e-01 2.990685e+01
      vertex   3.200000e+01 2.500000e-01 2.983301e+01
    endloop
  endfacet
  facet normal -1.038819e-01 -6.054678e-01 7.890610e-01
    outer loop
      vertex   3.200000e+01 2.500000e-01 2.983301e+01
      vertex   3.200000e+01 1.464466e-01 2.975355e+01
      vertex   3.256086e+01 2.500000e-01 2.990685e+01
    endloop
  endfacet
  facet normal -1.038819e-01 -6.054678e-01 7.890610e-01
    outer loop
      vertex   3.256086e+01 2.500000e-01 2.990685e+01
      vertex   3.200000e+01 1.464466e-01 2.975355e+01
      vertex   3.258142e+01 1.464466e-01 2.983010e+01
    endloop
  endfacet
  facet normal -3.045662e-01 -6.054678e-01 7.352878e-01
    outer loop
      vertex   3.256086e+01 2.500000e-01 2.990685e+01
      vertex   3.258142e+01 1.464466e-01 2.983010e+01
      vertex   3.308349e+01 2.500000e-01 3.012333e+01
    endloop
  endfacet
  facet normal -3.045662e-01 -6.054678e-01 7.352878e-01
    outer loop
      vertex   3.308349e+01 2.500000e-01 3.012333e+01
      vertex   3.258142e+01 1.464466e-01 2.983010e+01
      vertex   3.312322e+01 1.464466e-01 3.005452e+01
    endloop
  endfacet
  facet normal -4.844948e-01 -6.054678e-01 6.314060e-01
    outer loop
      vertex   3.308349e+01 2.500000e-01 3.012333e+01
      vertex   3.312322e+01 1.464466e-01 3.005452e+01
      vertex   3.353229e+01 2.500000e-01 3.046771e+01
    endloop
  endfacet
  facet normal -4.844948e-01 -6.054678e-01 6.314060e-01
    outer loop
      vertex   3.353229e+01 2.500000e-01 3.046771e+01
      vertex   3.312322e+01 1.464466e-01 3.005452e+01
      vertex   3.358848e+01 1.464466e-01 3.041152e+01
    endloop
  endfacet
  facet normal -6.314060e-01 -6.054678e-01 4.844948e-01
    outer loop
      vertex   3.353229e+01 2.500000e-01 3.046771e+01
      vertex   3.358848e+01 1.464466e-01 3.041152e+01
      vertex   3.387667e+01 2.500000e-01 3.091651e+01
    endloop
  endfacet
  facet normal -6.314060e-01 -6.054678e-01 4.844948e-01
    outer loop
      vertex   3.387667e+01 2.500000e-01 3.091651e+01
      vertex   3.358848e+01 1.464466e-01 3.041152e+01
      vertex   3.394548e+01 1.464466e-01 3.087678e+01
    endloop
  endfacet
  facet normal -7.352878e-01 -6.054678e-01 3.045662e-01
    outer loop
      vertex   3.387667e+01 2.500000e-01 3.091651e+01
      vertex   3.394548e+01 1.464466e-01 3.087678e+01
      vertex   3.409315e+01 2.500000e-01 3.143914e+01
    endloop
  endfacet
  facet normal -7.352878e-01 -6.054678e-01 3.045662e-01
    outer loop
      vertex   3.409315e+01 2.500000e-01 3.143914e+01
      vertex   3.394548e+01 1.464466e-01 3.087678e+01
      vertex   3.416990e+01 1.464466e-01 3.141858e+01
    endloop
  endfacet
  facet normal -7.890610e-01 -6.054678e-01 1.038819e-01
    outer loop
      vertex   3.409315e+01 2.500000e-01 3.143914e+01
      vertex   3.416990e+01 1.464466e-01 3.141858e+01
      vertex   3.416699e+01 2.500000e-01 3.200000e+01
    endloop
  endfacet
  facet normal -7.890610e-01 -6.054678e-01 1.038819e-01
    outer loop
      vertex   3.416699e+01 2.500000e-01 3.200000e+01
      vertex   3.416990e+01 1.464466e-01 3.141858e+01
      vertex   3.424645e+01 1.464466e-01 3.200000e+01
    endloop
  endfacet
  facet normal -7.890610e-01 -6.054678e-01 -1.038819e-01
    outer loop
      vertex   3.416699e+01 2.500000e-01 3.200000e+01
      vertex   3.424645e+01 1.464466e-01 3.200000e+01
      vertex   3.409315e+01 2.500000e-01 3.256086e+01
    endloop
  endfacet
  facet normal -7.890610e-01 -6.054678e-01 -1.038819e-01
    outer loop
      vertex   3.409315e+01 2.500000e-01 3.256086e+01
      vertex   3.424645e+01 1.464466e-01 3.200000e+01
      vertex   3.416990e+01 1.464466e-01 3.258142e+01
    endloop
  endfacet
  facet normal -7.352878e-01 -6.054678e-01 -3.045662e-01
    outer loop
      vertex   3.409315e+01 2.500000e-01 3.256086e+01
      vertex   3.416990e+01 1.464466e-01 3.258142e+01
      vertex   3.387667e+01 2.500000e-01 3.308349e+01
    endloop
  endfacet
  facet normal -7.352878e-01 -6.054678e-01 -3.045662e-01
    outer loop
      vertex   3.387667e+01 2.500000e-01 3.308349e+01
      vertex   3.416990e+01 1.464466e-01 3.258142e+01
      vertex   3.394548e+01 1.464466e-01 3.312322e+01
    endloop
  endfacet
  facet normal -6.314060e-01 -6.054678e-01 -4.844948e-01
    outer loop
      vertex   3.387667e+01 2.500000e-01 3.308349e+01
      vertex   3.394548e+01 1.464466e-01 3.312322e+01
      vertex   3.353229e+01 2.500000e-01 3.353229e+01
    endloop
  endfacet
  facet normal -6.314060e-01 -6.054678e-01 -4.844948e-01
    outer loop
      vertex   3.353229e+01 2.500000e-01 3.353229e+01
      vertex   3.394548e+01 1.464466e-01 3.312322e+01
      vertex   3.358848e+01 1.464466e-01 3.358848e+01
    endloop
  endfacet
  facet normal -4.844948e-01 -6.054678e-01 -6.314060e-01
    outer loop
      vertex   3.353229e+01 2.500000e-01 3.353229e+01
      vertex   3.358848e+01 1.464466e-01 3.358848e+01
      vertex   3.308349e+01 2.500000e-01 3.387667e+01
    endloop
  endfacet
  facet normal -4.844948e-01 -6.054678e-01 -6.314060e-01
    outer loop
      vertex   3.308349e+01 2.500000e-01 3.387667e+01
      vertex   3.358848e+01 1.464466e-01 3.358848e+01
      vertex   3.312322e+01 1.464466e-01 3.394548e+01
    endloop
  endfacet
  facet normal -3.045662e-01 -6.054678e-01 -7.352878e-01
    outer loop
      vertex   3.308349e+01 2.500000e-01 3.387667e+01
      vertex   3.312322e+01 1.464466e-01 3.394548e+01
      vertex   3.256086e+01 2.500000e-01 3.409315e+01
    endloop
  endfacet
  facet normal -3.045662e-01 -6.054678e-01 -7.352878e-01
    outer loop
      vertex   3.256086e+01 2.500000e-01 3.409315e+01
      vertex   3.312322e+01 1.464466e-01 3.394548e+01
      vertex   3.258142e+01 1.464466e-01 3.416990e+01
    endloop
  endfacet
  facet normal -1.038819e-01 -6.054678e-01 -7.890610e-01
    outer loop
      vertex   3.256086e+01 2.500000e-01 3.409315e+01
      vertex   3.258142e+01 1.464466e-01 3.416990e+01
      vertex   3.200000e+01 2.500000e-01 3.416699e+01
    endloop
  endfacet
  facet normal -1.038819e-01 -6.054678e-01 -7.890610e-01
    outer loop
      vertex   3.200000e+01 2.500000e-01 3.416699e+01
      vertex   3.258142e+01 1.464466e-01 3.416990e+01
      vertex   3.200000e+01 1.464466e-01 3.424645e+01
    endloop
  endfacet
  facet normal 1.038819e-01 -6.054678e-01 -7.890610e-01
    outer loop
      vertex   3.200000e+01 2.500000e-01 3.416699e+01
      vertex   3.200000e+01 1.464466e-01 3.424645e+01
      vertex   3.143914e+01 2.500000e-01 3.409315e+01
    endloop
  endfacet
  facet normal 1.038819e-01 -6.054678e-01 -7.890610e-01
    outer loop
      vertex   3.143914e+01 2.500000e-01 3.409315e+01
      vertex   3.200000e+01 1.464466e-01 3.424645e+01
      vertex   3.141858e+01 1.464466e-01 3.416990e+01
    endloop
  endfacet
  facet normal 3.045662e-01 -6.054678e-01 -7.352878e-01
    outer loop
      vertex   3.143914e+01 2.500000e-01 3.409315e+01
      vertex   3.141858e+01 1.464466e-01 3.416990e+01
      vertex   3.091651e+01 2.500000e-01 3.387667e+01
    endloop
  endfacet
  facet normal 3.045662e-01 -6.054678e-01 -7.352878e-01
    outer loop
      vertex   3.091651e+01 2.500000e-01 3.387667e+01
      vertex   3.141858e+01 1.464466e-01 3.416990e+01
      vertex   3.087678e+01 1.464466e-01 3.394548e+01
    endloop
  endfacet
  facet normal 4.844948e-01 -6.054678e-01 -6.314060e-01
    outer loop
      vertex   3.091651e+01 2.500000e-01 3.387667e+01
      vertex   3.087678e+01 1.464466e-01 3.394548e+01
      vertex   3.046771e+01 2.500000e-01 3.353229e+01
    endloop
  endfacet
  facet normal 4.844948e-01 -6.054678e-01 -6.314060e-01
    outer loop
      vertex   3.046771e+01 2.500000e-01 3.353229e+01
      vertex   3.087678e+01 1.464466e-01 3.394548e+01
      vertex   3.041152e+01 1.464466e-01 3.358848e+01
    endloop
  endfacet
  facet normal 6.314060e-01 -6.054678e-01 -4.844948e-01
    outer loop
      vertex   3.046771e+01 2.500000e-01 3.353229e+01
      vertex   3.041152e+01 1.464466e-01 3.358848e+01
      vertex   3.012333e+01 2.500000e-01 3.308349e+01
    endloop
  endfacet
  facet normal 6.314060e-01 -6.054678e-01 -4.844948e-01
    outer loop
      vertex   3.012333e+01 2.500000e-01 3.308349e+01
      vertex   3.041152e+01 1.464466e-01 3.358848e+01
      vertex   3.005452e+01 1.464466e-01 3.312322e+01
    endloop
  endfacet
  facet normal 7.352878e-01 -6.054678e-01 -3.045662e-01
    outer loop
      vertex   3.012333e+01 2.500000e-01 3.308349e+01
      vertex   3.005452e+01 1.464466e-01 3.312322e+01
      vertex   2.990685e+01 2.500000e-01 3.256086e+01
    endloop
  endfacet
  facet normal 7.352878e-01 -6.054678e-01 -3.045662e-01
    outer loop
      vertex   2.990685e+01 2.500000e-01 3.256086e+01
      vertex   3.005452e+01 1.464466e-01 3.312322e+01
      vertex   2.983010e+01 1.464466e-01 3.258142e+01
    endloop
  endfacet
  facet normal 7.890610e-01 -6.054678e-01 -1.038819e-01
    outer loop
      vertex   2.990685e+01 2.500000e-01 3.256086e+01
      vertex   2.983010e+01 1.464466e-01 3.258142e+01
      vertex   2.983301e+01 2.500000e-01 3.200000e+01
    endloop
  endfacet
  facet normal 7.890610e-01 -6.054678e-01 -1.038819e-01
    outer loop
      vertex   2.983301e+01 2.500000e-01 3.200000e+01
      vertex   2.983010e+01 1.464466e-01 3.258142e+01
      vertex   2.975355e+01 1.464466e-01 3.200000e+01
    endloop
  endfacet
  facet normal 7.890610e-01 -6.054678e-01 1.038819e-01
    outer loop
      vertex   2.983301e+01 2.500000e-01 3.200000e+01
      vertex   2.975355e+01 1.464466e-01 3.200000e+01
      vertex   2.990685e+01 2.500000e-01 3.143914e+01
    endloop
  endfacet
  facet normal 7.890610e-01 -6.054678e-01 1.038819e-01
    outer loop
      vertex   2.990685e+01 2.500000e-01 3.143914e+01
      vertex   2.975355e+01 1.464466e-01 3.200000e+01
      vertex   2.983010e+01 1.464466e-01 3.141858e+01
    endloop
  endfacet
  facet normal 7.352878e-01 -6.054678e-01 3.045662e-01
    outer loop
      vertex   2.990685e+01 2.500000e-01 3.143914e+01
      vertex   2.983010e+01 1.464466e-01 3.141858e+01
      vertex   3.012333e+01 2.500000e-01 3.091651e+01
    endloop
  endfacet
  facet normal 7.352878e-01 -6.054678e-01 3.045662e-01
    outer loop
      vertex   3.012333e+01 2.500000e-01 3.091651e+01
      vertex   2.983010e+01 1.464466e-01 3.141858e+01
      vertex   3.005452e+01 1.464466e-01 3.087678e+01
    endloop
  endfacet
  facet normal 6.314060e-01 -6.054678e-01 4.844948e-01
    outer loop
      vertex   3.012333e+01 2.500000e-01 3.091651e+01
      vertex   3.005452e+01 1.464466e-01 3.087678e+01
      vertex   3.046771e+01 2.500000e-01 3.046771e+01
    endloop
  endfacet
  facet normal 6.314060e-01 -6.054678e-01 4.844948e-01
    outer loop
      vertex   3.046771e+01 2.500000e-01 3.046771e+01
      vertex   3.005452e+01 1.464466e-01 3.087678e+01
      vertex   3.041152e+01 1.464466e-01 3.041152e+01
    endloop
  endfacet
  facet normal 4.844948e-01 -6.054678e-01 6.314060e-01
    outer loop
      vertex   3.046771e+01 2.500000e-01 3.046771e+01
      vertex   3.041152e+01 1.464466e-01 3.041152e+01
      vertex   3.091651e+01 2.500000e-01 3.012333e+01
    endloop
  endfacet
  facet normal 4.844948e-01 -6.054678e-01 6.314060e-01
    outer loop
      vertex   3.091651e+01 2.500000e-01 3.012333e+01
      vertex   3.041152e+01 1.464466e-01 3.041152e+01
      vertex   3.087678e+01 1.464466e-01 3.005452e+01
    endloop
  endfacet
  facet normal 3.045662e-01 -6.054678e-01 7.352878e-01
    outer loop
      vertex   3.091651e+01 2.500000e-01 3.012333e+01
      vertex   3.087678e+01 1.464466e-01 3.005452e+01
      vertex   3.143914e+01 2.500000e-01 2.990685e+01
    endloop
  endfacet
  facet normal 3.045662e-01 -6.054678e-01 7.352878e-01
    outer loop
      vertex   3.143914e+01 2.500000e-01 2.990685e+01
      vertex   3.087678e+01 1.464466e-01 3.005452e+01
      vertex   3.141858e+01 1.464466e-01 2.983010e+01
    endloop
  endfacet
  facet normal 1.038819e-01 -6.054678e-01 7.890610e-01
    outer loop
      vertex   3.143914e+01 2.500000e-01 2.990685e+01
      vertex   3.141858e+01 1.464466e-01 2.983010e+01
      vertex   3.200000e+01 2.500000e-01 2.983301e+01
    endloop
  endfacet
  facet normal 1.038819e-01 -6.054678e-01 7.890610e-01
    outer loop
      vertex   3.200000e+01 2.500000e-01 2.983301e+01
      vertex   3.141858e+01 1.464466e-01 2.983010e+01
      vertex   3.200000e+01 1.464466e-01 2.975355e+01
    endloop
  endfacet
  facet normal -7.988880e-02 -7.908176e-01 6.068157e-01
    outer loop
      vertex   3.200000e+01 1.464466e-01 2.975355e+01
      vertex   3.200000e+01 6.698730e-02 2.965000e+01
      vertex   3.258142e+01 1.464466e-01 2.983010e+01
    endloop
  endfacet
  facet normal -7.988880e-02 -7.908176e-01 6.068157e-01
    outer loop
      vertex   3.258142e+01 1.464466e-01 2.983010e+01
      vertex   3.200000e+01 6.698730e-02 2.965000e+01
      vertex   3.260822e+01 6.698730e-02 2.973007e+01
    endloop
  endfacet
  facet normal -2.342221e-01 -7.908176e-01 5.654622e-01
    outer loop
      vertex   3.258142e+01 1.464466e-01 2.983010e+01
      vertex   3.260822e+01 6.698730e-02 2.973007e+01
      vertex   3.312322e+01 1.464466e-01 3.005452e+01
    endloop
  endfacet
  facet normal -2.342221e-01 -7.908176e-01 5.654622e-01
    outer loop
      vertex   3.312322e+01 1.464466e-01 3.005452e+01
      vertex   3.260822e+01 6.698730e-02 2.973007e+01
      vertex   3.317500e+01 6.698730e-02 2.996484e+01
    endloop
  endfacet
  facet normal -3.725936e-01 -7.908176e-01 4.855734e-01
    outer loop
      vertex   3.312322e+01 1.464466e-01 3.005452e+01
      vertex   3.317500e+01 6.698730e-02 2.996484e+01
      vertex   3.358848e+01 1.464466e-01 3.041152e+01
    endloop
  endfacet
  facet normal -3.725936e-01 -7.908176e-01 4.855734e-01
    outer loop
      vertex   3.358848e+01 1.464466e-01 3.041152e+01
      vertex   3.317500e+01 6.698730e-02 2.996484e+01
      vertex   3.366170e+01 6.698730e-02 3.033830e+01
    endloop
  endfacet
  facet normal -4.855734e-01 -7.908176e-01 3.725936e-01
    outer loop
      vertex   3.358848e+01 1.464466e-01 3.041152e+01
      vertex   3.366170e+01 6.698730e-02 3.033830e+01
      vertex   3.394548e+01 1.464466e-01 3.087678e+01
    endloop
  endfacet
  facet normal -4.855734e-01 -7.908176e-01 3.725936e-01
    outer loop
      vertex   3.394548e+01 1.464466e-01 3.087678e+01
      vertex   3.366170e+01 6.698730e-02 3.033830e+01
      vertex   3.403516e+01 6.698730e-02 3.082500e+01
    endloop
  endfacet
  facet normal -5.654622e-01 -7.908176e-01 2.342221e-01
    outer loop
      vertex   3.394548e+01 1.464466e-01 3.087678e+01
      vertex   3.403516e+01 6.698730e-02 3.082500e+01
      vertex   3.416990e+01 1.464466e-01 3.141858e+01
    endloop
  endfacet
  facet normal -5.654622e-01 -7.908176e-01 2.342221e-01
    outer loop
      vertex   3.416990e+01 1.464466e-01 3.141858e+01
      vertex   3.403516e+01 6.698730e-02 3.082500e+01
      vertex   3.426993e+01 6.698730e-02 3.139178e+01
    endloop
  endfacet
  facet normal -6.068157e-01 -7.908176e-01 7.988880e-02
    outer loop
      vertex   3.416990e+01 1.464466e-01 3.141858e+01
      vertex   3.426993e+01 6.698730e-02 3.139178e+01
      vertex   3.424645e+01 1.464466e-01 3.200000e+01
    endloop
  endfacet
  facet normal -6.068157e-01 -7.908176e-01 7.988880e-02
    outer loop
      vertex   3.424645e+01 1.464466e-01 3.200000e+01
      vertex   3.426993e+01 6.698730e-02 3.139178e+01
      vertex   3.435000e+01 6.698730e-02 3.200000e+01
    endloop
  endfacet
  facet normal -6.068157e-01 -7.908176e-01 -7.988880e-02
    outer loop
      vertex   3.424645e+01 1.464466e-01 3.200000e+01
      vertex   3.435000e+01 6.698730e-02 3.200000e+01
      vertex   3.416990e+01 1.464466e-01 3.258142e+01
    endloop
  endfacet
  facet normal -6.068157e-01 -7.908176e-01 -7.988880e-02
    outer loop
      vertex   3.416990e+01 1.464466e-01 3.258142e+01
      vertex   3.435000e+01 6.698730e-02 3.200000e+01
      vertex   3.426993e+01 6.698730e-02 3.260822e+01
    endloop
  endfacet
  facet normal -5.654622e-01 -7.908176e-01 -2.342221e-01
    outer loop
      vertex   3.416990e+01 1.464466e-01 3.258142e+01
      vertex   3.426993e+01 6.698730e-02 3.260822e+01
      vertex   3.394548e+01 1.464466e-01 3.312322e+01
    endloop
  endfacet
  facet normal -5.654622e-01 -7.908176e-01 -2.342221e-01
    outer loop
      vertex   3.394548e+01 1.464466e-01 3.312322e+01
      vertex   3.426993e+01 6.698730e-02 3.260822e+01
      vertex   3.403516e+01 6.698730e-02 3.317500e+01
    endloop
  endfacet
  facet normal -4.855734e-01 -7.908176e-01 -3.725936e-01
    outer loop
      vertex   3.394548e+01 1.464466e-01 3.312322e+01
      vertex   3.403516e+01 6.698730e-02 3.317500e+01
      vertex   3.358848e+01 1.464466e-01 3.358848e+01
    endloop
  endfacet
  facet normal -4.855734e-01 -7.908176e-01 -3.725936e-01
    outer loop
      vertex   3.358848e+01 1.464466e-01 3.358848e+01
      vertex   3.403516e+01 6.698730e-02 3.317500e+01
      vertex   3.366170e+01 6.698730e-02 3.366170e+01
    endloop
  endfacet
  facet normal -3.725936e-01 -7.908176e-01 -4.855734e-01
    outer loop
      vertex   3.358848e+01 1.464466e-01 3.358848e+01
      vertex   3.366170e+01 6.698730e-02 3.366170e+01
      vertex   3.312322e+01 1.464466e-01 3.394548e+01
    endloop
  endfacet
  facet normal -3.725936e-01 -7.908176e-01 -4.855734e-01
    outer loop
      vertex   3.312322e+01 1.464466e-01 3.394548e+01
      vertex   3.366170e+01 6.698730e-02 3.366170e+01
      vertex   3.317500e+01 6.698730e-02 3.403516e+01
    endloop
  endfacet
  facet normal -2.342221e-01 -7.908176e-01 -5.654622e-01
    outer loop
      vertex   3.312322e+01 1.464466e-01 3.394548e+01
      vertex   3.317500e+01 6.698730e-02 3.403516e+01
      vertex   3.258142e+01 1.464466e-01 3.416990e+01
    endloop
  endfacet
  facet normal -2.342221e-01 -7.908176e-01 -5.654622e-01
    outer loop
      vertex   3.258142e+01 1.464466e-01 3.416990e+01
      vertex   3.317500e+01 6.698730e-02 3.403516e+01
      vertex   3.260822e+01 6.698730e-02 3.426993e+01
    endloop
  endfacet
  facet normal -7.988880e-02 -7.908176e-01 -6.068157e-01
    outer loop
      vertex   3.258142e+01 1.464466e-01 3.416990e+01
      vertex   3.260822e+01 6.698730e-02 3.426993e+01
      vertex   3.200000e+01 1.464466e-01 3.424645e+01
    endloop
  endfacet
  facet normal -7.988880e-02 -7.908176e-01 -6.068157e-01
    outer loop
      vertex   3.200000e+01 1.464466e-01 3.424645e+01
      vertex   3.260822e+01 6.698730e-02 3.426993e+01
      vertex   3.200000e+01 6.698730e-02 3.435000e+01
    endloop
  endfacet
  facet normal 7.988880e-02 -7.908176e-01 -6.068157e-01
    outer loop
      vertex   3.200000e+01 1.464466e-01 3.424645e+01
      vertex   3.200000e+01 6.698730e-02 3.435000e+01
      vertex   3.141858e+01 1.464466e-01 3.416990e+01
    endloop
  endfacet
  facet normal 7.988880e-02 -7.908176e-01 -6.068157e-01
    outer loop
      vertex   3.141858e+01 1.464466e-01 3.416990e+01
      vertex   3.200000e+01 6.698730e-02 3.435000e+01
      vertex   3.139178e+01 6.698730e-02 3.426993e+01
    endloop
  endfacet
  facet normal 2.342221e-01 -7.908176e-01 -5.654622e-01
    outer loop
      vertex   3.141858e+01 1.464466e-01 3.416990e+01
      vertex   3.139178e+01 6.698730e-02 3.426993e+01
      vertex   3.087678e+01 1.464466e-01 3.394548e+01
    endloop
  endfacet
  facet normal 2.342221e-01 -7.908176e-01 -5.654622e-01
    outer loop
      vertex   3.087678e+01 1.464466e-01 3.394548e+01
      vertex   3.139178e+01 6.698730e-02 3.426993e+01
      vertex   3.082500e+01 6.698730e-02 3.403516e+01
    endloop
  endfacet
  facet normal 3.725936e-01 -7.908176e-01 -4.855734e-01
    outer loop
      vertex   3.087678e+01 1.464466e-01 3.394548e+01
      vertex   3.082500e+01 6.698730e-02 3.403516e+01
      vertex   3.041152e+01 1.464466e-01 3.358848e+01
    endloop
  endfacet
  facet normal 3.725936e-01 -7.908176e-01 -4.855734e-01
    outer loop
      vertex   3.041152e+01 1.464466e-01 3.358848e+01
      vertex   3.082500e+01 6.698730e-02 3.403516e+01
      vertex   3.033830e+01 6.698730e-02 3.366170e+01
    endloop
  endfacet
  facet normal 4.855734e-01 -7.908176e-01 -3.725936e-01
    outer loop
      vertex   3.041152e+01 1.464466e-01 3.358848e+01
      vertex   3.033830e+01 6.698730e-02 3.366170e+01
      vertex   3.005452e+01 1.464466e-01 3.312322e+01
    endloop
  endfacet
  facet normal 4.855734e-01 -7.908176e-01 -3.725936e-01
    outer loop
      vertex   3.005452e+01 1.464466e-01 3.312322e+01
      vertex   3.033830e+01 6.698730e-02 3.366170e+01
      vertex   2.996484e+01 6.698730e-02 3.317500e+01
    endloop
  endfacet
  facet normal 5.654622e-01 -7.908176e-01 -2.342221e-01
    outer loop
      vertex   3.005452e+01 1.464466e-01 3.312322e+01
      vertex   2.996484e+01 6.698730e-02 3.317500e+01
      vertex   2.983010e+01 1.464466e-01 3.258142e+01
    endloop
  endfacet
  facet normal 5.654622e-01 -7.908176e-01 -2.342221e-01
    outer loop
      vertex   2.983010e+01 1.464466e-01 3.258142e+01
      vertex   2.996484e+01 6.698730e-02 3.317500e+01
      vertex   2.973007e+01 6.698730e-02 3.260822e+01
    endloop
  endfacet
  facet normal 6.068157e-01 -7.908176e-01 -7.988880e-02
    outer loop
      vertex   2.983010e+01 1.464466e-01 3.258142e+01
      vertex   2.973007e+01 6.698730e-02 3.260822e+01
      vertex   2.975355e+01 1.464466e-01 3.200000e+01
    endloop
  endfacet
  facet normal 6.068157e-01 -7.908176e-01 -7.988880e-02
    outer loop
      vertex   2.975355e+01 1.464466e-01 3.200000e+01
      vertex   2.973007e+01 6.698730e-02 3.260822e+01
      vertex   2.965000e+01 6.698730e-02 3.200000e+01
    endloop
  endfacet
  facet normal 6.068157e-01 -7.908176e-01 7.988880e-02
    outer loop
      vertex   2.975355e+01 1.464466e-01 3.200000e+01
      vertex   2.965000e+01 6.698730e-02 3.200000e+01
      vertex   2.983010e+01 1.464466e-01 3.141858e+01
    endloop
  endfacet
  facet normal 6.068157e-01 -7.908176e-01 7.988880e-02
    outer loop
      vertex   2.983010e+01 1.464466e-01 3.141858e+01
      vertex   2.965000e+01 6.698730e-02 3.200000e+01
      vertex   2.973007e+01 6.698730e-02 3.139178e+01
    endloop
  endfacet
  facet normal 5.654622e-01 -7.908176e-01 2.342221e-01
    outer loop
      vertex   2.983010e+01 1.464466e-01 3.141858e+01
      vertex   2.973007e+01 6.698730e-02 3.139178e+01
      vertex   3.005452e+01 1.464466e-01 3.087678e+01
    endloop
  endfacet
  facet normal 5.654622e-01 -7.908176e-01 2.342221e-01
    outer loop
      vertex   3.005452e+01 1.464466e-01 3.087678e+01
      vertex   2.973007e+01 6.698730e-02 3.139178e+01
      vertex   2.996484e+01 6.698730e-02 3.082500e+01
    endloop
  endfacet
  facet normal 4.855734e-01 -7.908176e-01 3.725936e-01
    outer loop
      vertex   3.005452e+01 1.464466e-01 3.087678e+01
      vertex   2.996484e+01 6.698730e-02 3.082500e+01
      vertex   3.041152e+01 1.464466e-01 3.041152e+01
    endloop
  endfacet
  facet normal 4.855734e-01 -7.908176e-01 3.725936e-01
    outer loop
      vertex   3.041152e+01 1.464466e-01 3.041152e+01
      vertex   2.996484e+01 6.698730e-02 3.082500e+01
      vertex   3.033830e+01 6.698730e-02 3.033830e+01
    endloop
  endfacet
  facet normal 3.725936e-01 -7.908176e-01 4.855734e-01
    outer loop
      vertex   3.041152e+01 1.464466e-01 3.041152e+01
      vertex   3.033830e+01 6.698730e-02 3.033830e+01
      vertex   3.087678e+01 1.464466e-01 3.005452e+01
    endloop
  endfacet
  facet normal 3.725936e-01 -7.908176e-01 4.855734e-01
    outer loop
      vertex   3.087678e+01 1.464466e-01 3.005452e+01
      vertex   3.033830e+01 6.698730e-02 3.033830e+01
      vertex   3.082500e+01 6.698730e-02 2.996484e+01
    endloop
  endfacet
  facet normal 2.342221e-01 -7.908176e-01 5.654622e-01
    outer loop
      vertex   3.087678e+01 1.464466e-01 3.005452e+01
      vertex   3.082500e+01 6.698730e-02 2.996484e+01
      vertex   3.141858e+01 1.464466e-01 2.983010e+01
    endloop
  endfacet
  facet normal 2.342221e-01 -7.908176e-01 5.654622e-01
    outer loop
      vertex   3.141858e+01 1.464466e-01 2.983010e+01
      vertex   3.082500e+01 6.698730e-02 2.996484e+01
      vertex   3.139178e+01 6.698730e-02 2.973007e+01
    endloop
  endfacet
  facet normal 7.988880e-02 -7.908176e-01 6.068157e-01
    outer loop
      vertex   3.141858e+01 1.464466e-01 2.983010e+01
      vertex   3.139178e+01 6.698730e-02 2.973007e+01
      vertex   3.200000e+01 1.464466e-01 2.975355e+01
    endloop
  endfacet
  facet normal 7.988880e-02 -7.908176e-01 6.068157e-01
    outer loop
      vertex   3.200000e+01 1.464466e-01 2.975355e+01
      vertex   3.139178e+01 6.698730e-02 2.973007e+01
      vertex   3.200000e+01 6.698730e-02 2.965000e+01
    endloop
  endfacet
  facet normal -5.031741e-02 -9.227092e-01 3.821987e-01
    outer loop
      vertex   3.200000e+01 6.698730e-02 2.965000e+01
      vertex   3.200000e+01 1.703709e-02 2.952941e+01
      vertex   3.260822e+01 6.698730e-02 2.973007e+01
    endloop
  endfacet
  facet normal -5.031741e-02 -9.227092e-01 3.821987e-01
    outer loop
      vertex   3.260822e+01 6.698730e-02 2.973007e+01
      vertex   3.200000e+01 1.703709e-02 2.952941e+01
      vertex   3.263944e+01 1.703709e-02 2.961359e+01
    endloop
  endfacet
  facet normal -1.475232e-01 -9.227092e-01 3.561525e-01
    outer loop
      vertex   3.260822e+01 6.698730e-02 2.973007e+01
      vertex   3.263944e+01 1.703709e-02 2.961359e+01
      vertex   3.317500e+01 6.698730e-02 2.996484e+01
    endloop
  endfacet
  facet normal -1.475232e-01 -9.227092e-01 3.561525e-01
    outer loop
      vertex   3.317500e+01 6.698730e-02 2.996484e+01
      vertex   3.263944e+01 1.703709e-02 2.961359e+01
      vertex   3.323530e+01 1.703709e-02 2.986041e+01
    endloop
  endfacet
  facet normal -2.346755e-01 -9.227092e-01 3.058351e-01
    outer loop
      vertex   3.317500e+01 6.698730e-02 2.996484e+01
      vertex   3.323530e+01 1.703709e-02 2.986041e+01
      vertex   3.366170e+01 6.698730e-02 3.033830e+01
    endloop
  endfacet
  facet normal -2.346755e-01 -9.227092e-01 3.058351e-01
    outer loop
      vertex   3.366170e+01 6.698730e-02 3.033830e+01
      vertex   3.323530e+01 1.703709e-02 2.986041e+01
      vertex   3.374697e+01 1.703709e-02 3.025303e+01
    endloop
  endfacet
  facet normal -3.058351e-01 -9.227092e-01 2.346755e-01
    outer loop
      vertex   3.366170e+01 6.698730e-02 3.033830e+01
      vertex   3.374697e+01 1.703709e-02 3.025303e+01
      vertex   3.403516e+01 6.698730e-02 3.082500e+01
    endloop
  endfacet
  facet normal -3.058351e-01 -9.227092e-01 2.346755e-01
    outer loop
      vertex   3.403516e+01 6.698730e-02 3.082500e+01
      vertex   3.374697e+01 1.703709e-02 3.025303e+01
      vertex   3.413959e+01 1.703709e-02 3.076470e+01
    endloop
  endfacet
  facet normal -3.561525e-01 -9.227092e-01 1.475232e-01
    outer loop
      vertex   3.403516e+01 6.698730e-02 3.082500e+01
      vertex   3.413959e+01 1.703709e-02 3.076470e+01
      vertex   3.426993e+01 6.698730e-02 3.139178e+01
    endloop
  endfacet
  facet normal -3.561525e-01 -9.227092e-01 1.475232e-01
    outer loop
      vertex   3.426993e+01 6.698730e-02 3.139178e+01
      vertex   3.413959e+01 1.703709e-02 3.076470e+01
      vertex   3.438641e+01 1.703709e-02 3.136056e+01
    endloop
  endfacet
  facet normal -3.821987e-01 -9.227092e-01 5.031741e-02
    outer loop
      vertex   3.426993e+01 6.698730e-02 3.139178e+01
      vertex   3.438641e+01 1.703709e-02 3.136056e+01
      vertex   3.435000e+01 6.698730e-02 3.200000e+01
    endloop
  endfacet
  facet normal -3.821987e-01 -9.227092e-01 5.031741e-02
    outer loop
      vertex   3.435000e+01 6.698730e-02 3.200000e+01
      vertex   3.438641e+01 1.703709e-02 3.136056e+01
      vertex   3.447059e+01 1.703709e-02 3.200000e+01
    endloop
  endfacet
  facet normal -3.821987e-01 -9.227092e-01 -5.031741e-02
    outer loop
      vertex   3.435000e+01 6.698730e-02 3.200000e+01
      vertex   3.447059e+01 1.703709e-02 3.200000e+01
      vertex   3.426993e+01 6.698730e-02 3.260822e+01
    endloop
  endfacet
  facet normal -3.821987e-01 -9.227092e-01 -5.031741e-02
    outer loop
      vertex   3.426993e+01 6.698730e-02 3.260822e+01
      vertex   3.447059e+01 1.703709e-02 3.200000e+01
      vertex   3.438641e+01 1.703709e-02 3.263944e+01
    endloop
  endfacet
  facet normal -3.561525e-01 -9.227092e-01 -1.475232e-01
    outer loop
      vertex   3.426993e+01 6.698730e-02 3.260822e+01
      vertex   3.438641e+01 1.703709e-02 3.263944e+01
      vertex   3.403516e+01 6.698730e-02 3.317500e+01
    endloop
  endfacet
  facet normal -3.561525e-01 -9.227092e-01 -1.475232e-01
    outer loop
      vertex   3.403516e+01 6.698730e-02 3.317500e+01
      vertex   3.438641e+01 1.703709e-02 3.263944e+01
      vertex   3.413959e+01 1.703709e-02 3.323530e+01
    endloop
  endfacet
  facet normal -3.058351e-01 -9.227092e-01 -2.346755e-01
    outer loop
      vertex   3.403516e+01 6.698730e-02 3.317500e+01
      vertex   3.413959e+01 1.703709e-02 3.323530e+01
      vertex   3.366170e+01 6.698730e-02 3.366170e+01
    endloop
  endfacet
  facet normal -3.058351e-01 -9.227092e-01 -2.346755e-01
    outer loop
      vertex   3.366170e+01 6.698730e-02 3.366170e+01
      vertex   3.413959e+01 1.703709e-02 3.323530e+01
      vertex   3.374697e+01 1.703709e-02 3.374697e+01
    endloop
  endfacet
  facet normal -2.346755e-01 -9.227092e-01 -3.058351e-01
    outer loop
      vertex   3.366170e+01 6.698730e-02 3.366170e+01
      vertex   3.374697e+01 1.703709e-02 3.374697e+01
      vertex   3.317500e+01 6.698730e-02 3.403516e+01
    endloop
  endfacet
  facet normal -2.346755e-01 -9.227092e-01 -3.058351e-01
    outer loop
      vertex   3.317500e+01 6.698730e-02 3.403516e+01
      vertex   3.374697e+01 1.703709e-02 3.374697e+01
      vertex   3.323530e+01 1.703709e-02 3.413959e+01
    endloop
  endfacet
  facet normal -1.475232e-01 -9.227092e-01 -3.561525e-01
    outer loop
      vertex   3.317500e+01 6.698730e-02 3.403516e+01
      vertex   3.323530e+01 1.703709e-02 3.413959e+01
      vertex   3.260822e+01 6.698730e-02 3.426993e+01
    endloop
  endfacet
  facet normal -1.475232e-01 -9.227092e-01 -3.561525e-01
    outer loop
      vertex   3.260822e+01 6.698730e-02 3.426993e+01
      vertex   3.323530e+01 1.703709e-02 3.413959e+01
      vertex   3.263944e+01 1.703709e-02 3.438641e+01
    endloop
  endfacet
  facet normal -5.031741e-02 -9.227092e-01 -3.821987e-01
    outer loop
      vertex   3.260822e+01 6.698730e-02 3.426993e+01
      vertex   3.263944e+01 1.703709e-02 3.438641e+01
      vertex   3.200000e+01 6.698730e-02 3.435000e+01
    endloop
  endfacet
  facet normal -5.031741e-02 -9.227092e-01 -3.821987e-01
    outer loop
      vertex   3.200000e+01 6.698730e-02 3.435000e+01
      vertex   3.263944e+01 1.703709e-02 3.438641e+01
      vertex   3.200000e+01 1.703709e-02 3.447059e+01
    endloop
  endfacet
  facet normal 5.031741e-02 -9.227092e-01 -3.821987e-01
    outer loop
      vertex   3.200000e+01 6.698730e-02 3.435000e+01
      vertex   3.200000e+01 1.703709e-02 3.447059e+01
      vertex   3.139178e+01 6.698730e-02 3.426993e+01
    endloop
  endfacet
  facet normal 5.031741e-02 -9.227092e-01 -3.821987e-01
    outer loop
      vertex   3.139178e+01 6.698730e-02 3.426993e+01
      vertex   3.200000e+01 1.703709e-02 3.447059e+01
      vertex   3.136056e+01 1.703709e-02 3.438641e+01
    endloop
  endfacet
  facet normal 1.475232e-01 -9.227092e-01 -3.561525e-01
    outer loop
      vertex   3.139178e+01 6.698730e-02 3.426993e+01
      vertex   3.136056e+01 1.703709e-02 3.438641e+01
      vertex   3.082500e+01 6.698730e-02 3.403516e+01
    endloop
  endfacet
  facet normal 1.475232e-01 -9.227092e-01 -3.561525e-01
    outer loop
      vertex   3.082500e+01 6.698730e-02 3.403516e+01
      vertex   3.136056e+01 1.703709e-02 3.438641e+01
      vertex   3.076470e+01 1.703709e-02 3.413959e+01
    endloop
  endfacet
  facet normal 2.346755e-01 -9.227092e-01 -3.058351e-01
    outer loop
      vertex   3.082500e+01 6.698730e-02 3.403516e+01
      vertex   3.076470e+01 1.703709e-02 3.413959e+01
      vertex   3.033830e+01 6.698730e-02 3.366170e+01
    endloop
  endfacet
  facet normal 2.346755e-01 -9.227092e-01 -3.058351e-01
    outer loop
      vertex   3.033830e+01 6.698730e-02 3.366170e+01
      vertex   3.076470e+01 1.703709e-02 3.413959e+01
      vertex   3.025303e+01 1.703709e-02 3.374697e+01
    endloop
  endfacet
  facet normal 3.058351e-01 -9.227092e-01 -2.346755e-01
    outer loop
      vertex   3.033830e+01 6.698730e-02 3.366170e+01
      vertex   3.025303e+01 1.703709e-02 3.374697e+01
      vertex   2.996484e+01 6.698730e-02 3.317500e+01
    endloop
  endfacet
  facet normal 3.058351e-01 -9.227092e-01 -2.346755e-01
    outer loop
      vertex   2.996484e+01 6.698730e-02 3.317500e+01
      vertex   3.025303e+01 1.703709e-02 3.374697e+01
      vertex   2.986041e+01 1.703709e-02 3.323530e+01
    endloop
  endfacet
  facet normal 3.561525e-01 -9.227092e-01 -1.475232e-01
    outer loop
      vertex   2.996484e+01 6.698730e-02 3.317500e+01
      vertex   2.986041e+01 1.703709e-02 3.323530e+01
      vertex   2.973007e+01 6.698730e-02 3.260822e+01
    endloop
  endfacet
  facet normal 3.561525e-01 -9.227092e-01 -1.475232e-01
    outer loop
      vertex   2.973007e+01 6.698730e-02 3.260822e+01
      vertex   2.986041e+01 1.703709e-02 3.323530e+01
      vertex   2.961359e+01 1.703709e-02 3.263944e+01
    endloop
  endfacet
  facet normal 3.821987e-01 -9.227092e-01 -5.031741e-02
    outer loop
      vertex   2.973007e+01 6.698730e-02 3.260822e+01
      vertex   2.961359e+01 1.703709e-02 3.263944e+01
      vertex   2.965000e+01 6.698730e-02 3.200000e+01
    endloop
  endfacet
  facet normal 3.821987e-01 -9.227092e-01 -5.031741e-02
    outer loop
      vertex   2.965000e+01 6.698730e-02 3.200000e+01
      vertex   2.961359e+01 1.703709e-02 3.263944e+01
      vertex   2.952941e+01 1.703709e-02 3.200000e+01
    endloop
  endfacet
  facet normal 3.821987e-01 -9.227092e-01 5.031741e-02
    outer loop
      vertex   2.965000e+01 6.698730e-02 3.200000e+01
      vertex   2.952941e+01 1.703709e-02 3.200000e+01
      vertex   2.973007e+01 6.698730e-02 3.139178e+01
    endloop
  endfacet
  facet normal 3.821987e-01 -9.227092e-01 5.031741e-02
    outer loop
      vertex   2.973007e+01 6.698730e-02 3.139178e+01
      vertex   2.952941e+01 1.703709e-02 3.200000e+01
      vertex   2.961359e+01 1.703709e-02 3.136056e+01
    endloop
  endfacet
  facet normal 3.561525e-01 -9.227092e-01 1.475232e-01
    outer loop
      vertex   2.973007e+01 6.698730e-02 3.139178e+01
      vertex   2.961359e+01 1.703709e-02 3.136056e+01
      vertex   2.996484e+01 6.698730e-02 3.082500e+01
    endloop
  endfacet
  facet normal 3.561525e-01 -9.227092e-01 1.475232e-01
    outer loop
      vertex   2.996484e+01 6.698730e-02 3.082500e+01
      vertex   2.961359e+01 1.703709e-02 3.136056e+01
      vertex   2.986041e+01 1.703709e-02 3.076470e+01
    endloop
  endfacet
  facet normal 3.058351e-01 -9.227092e-01 2.346755e-01
    outer loop
      vertex   2.996484e+01 6.698730e-02 3.082500e+01
      vertex   2.986041e+01 1.703709e-02 3.076470e+01
      vertex   3.033830e+01 6.698730e-02 3.033830e+01
    endloop
  endfacet
  facet normal 3.058351e-01 -9.227092e-01 2.346755e-01
    outer loop
      vertex   3.033830e+01 6.698730e-02 3.033830e+01
      vertex   2.986041e+01 1.703709e-02 3.076470e+01
      vertex   3.025303e+01 1.703709e-02 3.025303e+01
    endloop
  endfacet
  facet normal 2.346755e-01 -9.227092e-01 3.058351e-01
    outer loop
      vertex   3.033830e+01 6.698730e-02 3.033830e+01
      vertex   3.025303e+01 1.703709e-02 3.025303e+01
      vertex   3.082500e+01 6.698730e-02 2.996484e+01
    endloop
  endfacet
  facet normal 2.346755e-01 -9.227092e-01 3.058351e-01
    outer loop
      vertex   3.082500e+01 6.698730e-02 2.996484e+01
      vertex   3.025303e+01 1.703709e-02 3.025303e+01
      vertex   3.076470e+01 1.703709e-02 2.986041e+01
    endloop
  endfacet
  facet normal 1.475232e-01 -9.227092e-01 3.561525e-01
    outer loop
      vertex   3.082500e+01 6.698730e-02 2.996484e+01
      vertex   3.076470e+01 1.703709e-02 2.986041e+01
      vertex   3.139178e+01 6.698730e-02 2.973007e+01
    endloop
  endfacet
  facet normal 1.475232e-01 -9.227092e-01 3.561525e-01
    outer loop
      vertex   3.139178e+01 6.698730e-02 2.973007e+01
      vertex   3.076470e+01 1.703709e-02 2.986041e+01
      vertex   3.136056e+01 1.703709e-02 2.961359e+01
    endloop
  endfacet
  facet normal 5.031741e-02 -9.227092e-01 3.821987e-01
    outer loop
      vertex   3.139178e+01 6.698730e-02 2.973007e+01
      vertex   3.136056e+01 1.703709e-02 2.961359e+01
      vertex   3.200000e+01 6.698730e-02 2.965000e+01
    endloop
  endfacet
  facet normal 5.031741e-02 -9.227092e-01 3.821987e-01
    outer loop
      vertex   3.200000e+01 6.698730e-02 2.965000e+01
      vertex   3.136056e+01 1.703709e-02 2.961359e+01
      vertex   3.200000e+01 1.703709e-02 2.952941e+01
    endloop
  endfacet
  facet normal 9.914449e-01 0.000000e+00 -1.305262e-01
    outer loop
      vertex   2.997156e+01 3.000000e+00 3.254352e+01
      vertex   2.997156e+01 5.000000e-01 3.254352e+01
      vertex   2.990000e+01 3.000000e+00 3.200000e+01
    endloop
  endfacet
  facet normal 9.914449e-01 0.000000e+00 -1.305262e-01
    outer loop
      vertex   2.990000e+01 3.000000e+00 3.200000e+01
      vertex   2.997156e+01 5.000000e-01 3.254352e+01
      vertex   2.990000e+01 5.000000e-01 3.200000e+01
    endloop
  endfacet
  facet normal 9.914449e-01 0.000000e+00 1.305262e-01
    outer loop
      vertex   2.990000e+01 3.000000e+00 3.200000e+01
      vertex   2.990000e+01 5.000000e-01 3.200000e+01
      vertex   2.997156e+01 3.000000e+00 3.145648e+01
    endloop
  endfacet
  facet normal 9.914449e-01 0.000000e+00 1.305262e-01
    outer loop
      vertex   2.997156e+01 3.000000e+00 3.145648e+01
      vertex   2.990000e+01 5.000000e-01 3.200000e+01
      vertex   2.997156e+01 5.000000e-01 3.145648e+01
    endloop
  endfacet
  facet normal 9.238795e-01 0.000000e+00 3.826834e-01
    outer loop
      vertex   2.997156e+01 3.000000e+00 3.145648e+01
      vertex   2.997156e+01 5.000000e-01 3.145648e+01
      vertex   3.018135e+01 3.000000e+00 3.095000e+01
    endloop
  endfacet
  facet normal 9.238795e-01 0.000000e+00 3.826834e-01
    outer loop
      vertex   3.018135e+01 3.000000e+00 3.095000e+01
      vertex   2.997156e+01 5.000000e-01 3.145648e+01
      vertex   3.018135e+01 5.000000e-01 3.095000e+01
    endloop
  endfacet
  facet normal 7.933533e-01 0.000000e+00 6.087614e-01
    outer loop
      vertex   3.018135e+01 3.000000e+00 3.095000e+01
      vertex   3.018135e+01 5.000000e-01 3.095000e+01
      vertex   3.051508e+01 3.000000e+00 3.051508e+01
    endloop
  endfacet
  facet normal 7.933533e-01 0.000000e+00 6.087614e-01
    outer loop
      vertex   3.051508e+01 3.000000e+00 3.051508e+01
      vertex   3.018135e+01 5.000000e-01 3.095000e+01
      vertex   3.051508e+01 5.000000e-01 3.051508e+01
    endloop
  endfacet
  facet normal 6.087614e-01 0.000000e+00 7.933533e-01
    outer loop
      vertex   3.051508e+01 3.000000e+00 3.051508e+01
      vertex   3.051508e+01 5.000000e-01 3.051508e+01
      vertex   3.095000e+01 3.000000e+00 3.018135e+01
    endloop
  endfacet
  facet normal 6.087614e-01 0.000000e+00 7.933533e-01
    outer loop
      vertex   3.095000e+01 3.000000e+00 3.018135e+01
      vertex   3.051508e+01 5.000000e-01 3.051508e+01
      vertex   3.095000e+01 5.000000e-01 3.018135e+01
    endloop
  endfacet
  facet normal 3.826834e-01 0.000000e+00 9.238795e-01
    outer loop
      vertex   3.095000e+01 3.000000e+00 3.018135e+01
      vertex   3.095000e+01 5.000000e-01 3.018135e+01
      vertex   3.145648e+01 3.000000e+00 2.997156e+01
    endloop
  endfacet
  facet normal 3.826834e-01 5.438259e-16 9.238795e-01
    outer loop
      vertex   3.145648e+01 3.000000e+00 2.997156e+01
      vertex   3.095000e+01 5.000000e-01 3.018135e+01
      vertex   3.145648e+01 5.000000e-01 2.997156e+01
    endloop
  endfacet
  facet normal 1.305262e-01 1.854889e-16 9.914449e-01
    outer loop
      vertex   3.145648e+01 3.000000e+00 2.997156e+01
      vertex   3.145648e+01 5.000000e-01 2.997156e+01
      vertex   3.200000e+01 3.000000e+00 2.990000e+01
    endloop
  endfacet
  facet normal 1.305262e-01 0.000000e+00 9.914449e-01
    outer loop
      vertex   3.200000e+01 3.000000e+00 2.990000e+01
      vertex   3.145648e+01 5.000000e-01 2.997156e+01
      vertex   3.200000e+01 5.000000e-01 2.990000e+01
    endloop
  endfacet
  facet normal -1.305262e-01 0.000000e+00 9.914449e-01
    outer loop
      vertex   3.200000e+01 3.000000e+00 2.990000e+01
      vertex   3.200000e+01 5.000000e-01 2.990000e+01
      vertex   3.254352e+01 3.000000e+00 2.997156e+01
    endloop
  endfacet
  facet normal -1.305262e-01 1.408928e-15 9.914449e-01
    outer loop
      vertex   3.254352e+01 3.000000e+00 2.997156e+01
      vertex   3.200000e+01 5.000000e-01 2.990000e+01
      vertex   3.254352e+01 5.000000e-01 2.997156e+01
    endloop
  endfacet
  facet normal -3.826834e-01 1.312912e-15 9.238795e-01
    outer loop
      vertex   3.254352e+01 3.000000e+00 2.997156e+01
      vertex   3.254352e+01 5.000000e-01 2.997156e+01
      vertex   3.305000e+01 3.000000e+00 3.018135e+01
    endloop
  endfacet
  facet normal -3.826834e-01 0.000000e+00 9.238795e-01
    outer loop
      vertex   3.305000e+01 3.000000e+00 3.018135e+01
      vertex   3.254352e+01 5.000000e-01 2.997156e+01
      vertex   3.305000e+01 5.000000e-01 3.018135e+01
    endloop
  endfacet
  facet normal -6.087614e-01 0.000000e+00 7.933533e-01
    outer loop
      vertex   3.305000e+01 3.000000e+00 3.018135e+01
      vertex   3.305000e+01 5.000000e-01 3.018135e+01
      vertex   3.348492e+01 3.000000e+00 3.051508e+01
    endloop
  endfacet
  facet normal -6.087614e-01 0.000000e+00 7.933533e-01
    outer loop
      vertex   3.348492e+01 3.000000e+00 3.051508e+01
      vertex   3.305000e+01 5.000000e-01 3.018135e+01
      vertex   3.348492e+01 5.000000e-01 3.051508e+01
    endloop
  endfacet
  facet normal -7.933533e-01 0.000000e+00 6.087614e-01
    outer loop
      vertex   3.348492e+01 3.000000e+00 3.051508e+01
      vertex   3.348492e+01 5.000000e-01 3.051508e+01
      vertex   3.381865e+01 3.000000e+00 3.095000e+01
    endloop
  endfacet
  facet normal -7.933533e-01 0.000000e+00 6.087614e-01
    outer loop
      vertex   3.381865e+01 3.000000e+00 3.095000e+01
      vertex   3.348492e+01 5.000000e-01 3.051508e+01
      vertex   3.381865e+01 5.000000e-01 3.095000e+01
    endloop
  endfacet
  facet normal -9.238795e-01 0.000000e+00 3.826834e-01
    outer loop
      vertex   3.381865e+01 3.000000e+00 3.095000e+01
      vertex   3.381865e+01 5.000000e-01 3.095000e+01
      vertex   3.402844e+01 3.000000e+00 3.145648e+01
    endloop
  endfacet
  facet normal -9.238795e-01 -2.081998e-15 3.826834e-01
    outer loop
      vertex   3.402844e+01 3.000000e+00 3.145648e+01
      vertex   3.381865e+01 5.000000e-01 3.095000e+01
      vertex   3.402844e+01 5.000000e-01 3.145648e+01
    endloop
  endfacet
  facet normal -9.914449e-01 -2.632367e-15 1.305262e-01
    outer loop
      vertex   3.402844e+01 3.000000e+00 3.145648e+01
      vertex   3.402844e+01 5.000000e-01 3.145648e+01
      vertex   3.410000e+01 3.000000e+00 3.200000e+01
    endloop
  endfacet
  facet normal -9.914449e-01 0.000000e+00 1.305262e-01
    outer loop
      vertex   3.410000e+01 3.000000e+00 3.200000e+01
      vertex   3.402844e+01 5.000000e-01 3.145648e+01
      vertex   3.410000e+01 5.000000e-01 3.200000e+01
    endloop
  endfacet
  facet normal -9.914449e-01 -0.000000e+00 -1.305262e-01
    outer loop
      vertex   3.410000e+01 3.000000e+00 3.200000e+01
      vertex   3.410000e+01 5.000000e-01 3.200000e+01
      vertex   3.402844e+01 3.000000e+00 3.254352e+01
    endloop
  endfacet
  facet normal -9.914449e-01 2.817856e-15 -1.305262e-01
    outer loop
      vertex   3.402844e+01 3.000000e+00 3.254352e+01
      vertex   3.410000e+01 5.000000e-01 3.200000e+01
      vertex   3.402844e+01 5.000000e-01 3.254352e+01
    endloop
  endfacet
  facet normal -9.238795e-01 2.625824e-15 -3.826834e-01
    outer loop
      vertex   3.402844e+01 3.000000e+00 3.254352e+01
      vertex   3.402844e+01 5.000000e-01 3.254352e+01
      vertex   3.381865e+01 3.000000e+00 3.305000e+01
    endloop
  endfacet
  facet normal -9.238795e-01 -0.000000e+00 -3.826834e-01
    outer loop
      vertex   3.381865e+01 3.000000e+00 3.305000e+01
      vertex   3.402844e+01 5.000000e-01 3.254352e+01
      vertex   3.381865e+01 5.000000e-01 3.305000e+01
    endloop
  endfacet
  facet normal -7.933533e-01 -0.000000e+00 -6.087614e-01
    outer loop
      vertex   3.381865e+01 3.000000e+00 3.305000e+01
      vertex   3.381865e+01 5.000000e-01 3.305000e+01
      vertex   3.348492e+01 3.000000e+00 3.348492e+01
    endloop
  endfacet
  facet normal -7.933533e-01 -0.000000e+00 -6.087614e-01
    outer loop
      vertex   3.348492e+01 3.000000e+00 3.348492e+01
      vertex   3.381865e+01 5.000000e-01 3.305000e+01
      vertex   3.348492e+01 5.000000e-01 3.348492e+01
    endloop
  endfacet
  facet normal -6.087614e-01 -0.000000e+00 -7.933533e-01
    outer loop
      vertex   3.348492e+01 3.000000e+00 3.348492e+01
      vertex   3.348492e+01 5.000000e-01 3.348492e+01
      vertex   3.305000e+01 3.000000e+00 3.381865e+01
    endloop
  endfacet
  facet normal -6.087614e-01 -0.000000e+00 -7.933533e-01
    outer loop
      vertex   3.305000e+01 3.000000e+00 3.381865e+01
      vertex   3.348492e+01 5.000000e-01 3.348492e+01
      vertex   3.305000e+01 5.000000e-01 3.381865e+01
    endloop
  endfacet
  facet normal -3.826834e-01 -0.000000e+00 -9.238795e-01
    outer loop
      vertex   3.305000e+01 3.000000e+00 3.381865e+01
      vertex   3.305000e+01 5.000000e-01 3.381865e+01
      vertex   3.254352e+01 3.000000e+00 3.402844e+01
    endloop
  endfacet
  facet normal -3.826834e-01 -2.625824e-15 -9.238795e-01
    outer loop
      vertex   3.254352e+01 3.000000e+00 3.402844e+01
      vertex   3.305000e+01 5.000000e-01 3.381865e+01
      vertex   3.254352e+01 5.000000e-01 3.402844e+01
    endloop
  endfacet
  facet normal -1.305262e-01 -2.817856e-15 -9.914449e-01
    outer loop
      vertex   3.254352e+01 3.000000e+00 3.402844e+01
      vertex   3.254352e+01 5.000000e-01 3.402844e+01
      vertex   3.200000e+01 3.000000e+00 3.410000e+01
    endloop
  endfacet
  facet normal -1.305262e-01 -0.000000e+00 -9.914449e-01
    outer loop
      vertex   3.200000e+01 3.000000e+00 3.410000e+01
      vertex   3.254352e+01 5.000000e-01 3.402844e+01
      vertex   3.200000e+01 5.000000e-01 3.410000e+01
    endloop
  endfacet
  facet normal 1.305262e-01 0.000000e+00 -9.914449e-01
    outer loop
      vertex   3.200000e+01 3.000000e+00 3.410000e+01
      vertex   3.200000e+01 5.000000e-01 3.410000e+01
      vertex   3.145648e+01 3.000000e+00 3.402844e+01
    endloop
  endfacet
  facet normal 1.305262e-01 -1.854889e-16 -9.914449e-01
    outer loop
      vertex   3.145648e+01 3.000000e+00 3.402844e+01
      vertex   3.200000e+01 5.000000e-01 3.410000e+01
      vertex   3.145648e+01 5.000000e-01 3.402844e+01
    endloop
  endfacet
  facet normal 3.826834e-01 -5.438259e-16 -9.238795e-01
    outer loop
      vertex   3.145648e+01 3.000000e+00 3.402844e+01
      vertex   3.145648e+01 5.000000e-01 3.402844e+01
      vertex   3.095000e+01 3.000000e+00 3.381865e+01
    endloop
  endfacet
  facet normal 3.826834e-01 0.000000e+00 -9.238795e-01
    outer loop
      vertex   3.095000e+01 3.000000e+00 3.381865e+01
      vertex   3.145648e+01 5.000000e-01 3.402844e+01
      vertex   3.095000e+01 5.000000e-01 3.381865e+01
    endloop
  endfacet
  facet normal 6.087614e-01 0.000000e+00 -7.933533e-01
    outer loop
      vertex   3.095000e+01 3.000000e+00 3.381865e+01
      vertex   3.095000e+01 5.000000e-01 3.381865e+01
      vertex   3.051508e+01 3.000000e+00 3.348492e+01
    endloop
  endfacet
  facet normal 6.087614e-01 0.000000e+00 -7.933533e-01
    outer loop
      vertex   3.051508e+01 3.000000e+00 3.348492e+01
      vertex   3.095000e+01 5.000000e-01 3.381865e+01
      vertex   3.051508e+01 5.000000e-01 3.348492e+01
    endloop
  endfacet
  facet normal 7.933533e-01 0.000000e+00 -6.087614e-01
    outer loop
      vertex   3.051508e+01 3.000000e+00 3.348492e+01
      vertex   3.051508e+01 5.000000e-01 3.348492e+01
      vertex   3.018135e+01 3.000000e+00 3.305000e+01
    endloop
  endfacet
  facet normal 7.933533e-01 0.000000e+00 -6.087614e-01
    outer loop
      vertex   3.018135e+01 3.000000e+00 3.305000e+01
      vertex   3.051508e+01 5.000000e-01 3.348492e+01
      vertex   3.018135e+01 5.000000e-01 3.305000e+01
    endloop
  endfacet
  facet normal 9.238795e-01 0.000000e+00 -3.826834e-01
    outer loop
      vertex   3.018135e+01 3.000000e+00 3.305000e+01
      vertex   3.018135e+01 5.000000e-01 3.305000e+01
      vertex   2.997156e+01 3.000000e+00 3.254352e+01
    endloop
  endfacet
  facet normal 9.238795e-01 0.000000e+00 -3.826834e-01
    outer loop
      vertex   2.997156e+01 3.000000e+00 3.254352e+01
      vertex   3.018135e+01 5.000000e-01 3.305000e+01
      vertex   2.997156e+01 5.000000e-01 3.254352e+01
    endloop
  endfacet
  facet normal 9.831056e-01 -1.294283e-01 -1.294283e-01
    outer loop
      vertex   2.009716e+02 5.000000e-01 3.254352e+01
      vertex   2.009551e+02 3.705905e-01 3.254793e+01
      vertex   2.009000e+02 5.000000e-01 3.200000e+01
    endloop
  endfacet
  facet normal 9.831056e-01 -1.294283e-01 -1.294283e-01
    outer loop
      vertex   2.009000e+02 5.000000e-01 3.200000e+01
      vertex   2.009551e+02 3.705905e-01 3.254793e+01
      vertex   2.008830e+02 3.705905e-01 3.200000e+01
    endloop
  endfacet
  facet normal 9.831056e-01 -1.294283e-01 1.294283e-01
    outer loop
      vertex   2.009000e+02 5.000000e-01 3.200000e+01
      vertex   2.008830e+02 3.705905e-01 3.200000e+01
      vertex   2.009716e+02 5.000000e-01 3.145648e+01
    endloop
  endfacet
  facet normal 9.831056e-01 -1.294283e-01 1.294283e-01
    outer loop
      vertex   2.009716e+02 5.000000e-01 3.145648e+01
      vertex   2.008830e+02 3.705905e-01 3.200000e+01
      vertex   2.009551e+02 3.705905e-01 3.145207e+01
    endloop
  endfacet
  facet normal 9.161086e-01 -1.294283e-01 3.794646e-01
    outer loop
      vertex   2.009716e+02 5.000000e-01 3.145648e+01
      vertex   2.009551e+02 3.705905e-01 3.145207e+01
      vertex   2.011813e+02 5.000000e-01 3.095000e+01
    endloop
  endfacet
  facet normal 9.161086e-01 -1.294283e-01 3.794646e-01
    outer loop
      vertex   2.011813e+02 5.000000e-01 3.095000e+01
      vertex   2.009551e+02 3.705905e-01 3.145207e+01
      vertex   2.011666e+02 3.705905e-01 3.094148e+01
    endloop
  endfacet
  facet normal 7.866803e-01 -1.294283e-01 6.036410e-01
    outer loop
      vertex   2.011813e+02 5.000000e-01 3.095000e+01
      vertex   2.011666e+02 3.705905e-01 3.094148e+01
      vertex   2.015151e+02 5.000000e-01 3.051508e+01
    endloop
  endfacet
  facet normal 7.866803e-01 -1.294283e-01 6.036410e-01
    outer loop
      vertex   2.015151e+02 5.000000e-01 3.051508e+01
      vertex   2.011666e+02 3.705905e-01 3.094148e+01
      vertex   2.015030e+02 3.705905e-01 3.050303e+01
    endloop
  endfacet
  facet normal 6.036410e-01 -1.294283e-01 7.866803e-01
    outer loop
      vertex   2.015151e+02 5.000000e-01 3.051508e+01
      vertex   2.015030e+02 3.705905e-01 3.050303e+01
      vertex   2.019500e+02 5.000000e-01 3.018135e+01
    endloop
  endfacet
  facet normal 6.036410e-01 -1.294283e-01 7.866803e-01
    outer loop
      vertex   2.019500e+02 5.000000e-01 3.018135e+01
      vertex   2.015030e+02 3.705905e-01 3.050303e+01
      vertex   2.019415e+02 3.705905e-01 3.016659e+01
    endloop
  endfacet
  facet normal 3.794646e-01 -1.294283e-01 9.161086e-01
    outer loop
      vertex   2.019500e+02 5.000000e-01 3.018135e+01
      vertex   2.019415e+02 3.705905e-01 3.016659e+01
      vertex   2.024565e+02 5.000000e-01 2.997156e+01
    endloop
  endfacet
  facet normal 3.794646e-01 -1.294283e-01 9.161086e-01
    outer loop
      vertex   2.024565e+02 5.000000e-01 2.997156e+01
      vertex   2.019415e+02 3.705905e-01 3.016659e+01
      vertex   2.024521e+02 3.705905e-01 2.995510e+01
    endloop
  endfacet
  facet normal 1.294283e-01 -1.294283e-01 9.831056e-01
    outer loop
      vertex   2.024565e+02 5.000000e-01 2.997156e+01
      vertex   2.024521e+02 3.705905e-01 2.995510e+01
      vertex   2.030000e+02 5.000000e-01 2.990000e+01
    endloop
  endfacet
  facet normal 1.294283e-01 -1.294283e-01 9.831056e-01
    outer loop
      vertex   2.030000e+02 5.000000e-01 2.990000e+01
      vertex   2.024521e+02 3.705905e-01 2.995510e+01
      vertex   2.030000e+02 3.705905e-01 2.988296e+01
    endloop
  endfacet
  facet normal -1.294283e-01 -1.294283e-01 9.831056e-01
    outer loop
      vertex   2.030000e+02 5.000000e-01 2.990000e+01
      vertex   2.030000e+02 3.705905e-01 2.988296e+01
      vertex   2.035435e+02 5.000000e-01 2.997156e+01
    endloop
  endfacet
  facet normal -1.294283e-01 -1.294283e-01 9.831056e-01
    outer loop
      vertex   2.035435e+02 5.000000e-01 2.997156e+01
      vertex   2.030000e+02 3.705905e-01 2.988296e+01
      vertex   2.035479e+02 3.705905e-01 2.995510e+01
    endloop
  endfacet
  facet normal -3.794646e-01 -1.294283e-01 9.161086e-01
    outer loop
      vertex   2.035435e+02 5.000000e-01 2.997156e+01
      vertex   2.035479e+02 3.705905e-01 2.995510e+01
      vertex   2.040500e+02 5.000000e-01 3.018135e+01
    endloop
  endfacet
  facet normal -3.794646e-01 -1.294283e-01 9.161086e-01
    outer loop
      vertex   2.040500e+02 5.000000e-01 3.018135e+01
      vertex   2.035479e+02 3.705905e-01 2.995510e+01
      vertex   2.040585e+02 3.705905e-01 3.016659e+01
    endloop
  endfacet
  facet normal -6.036410e-01 -1.294283e-01 7.866803e-01
    outer loop
      vertex   2.040500e+02 5.000000e-01 3.018135e+01
      vertex   2.040585e+02 3.705905e-01 3.016659e+01
      vertex   2.044849e+02 5.000000e-01 3.051508e+01
    endloop
  endfacet
  facet normal -6.036410e-01 -1.294283e-01 7.866803e-01
    outer loop
      vertex   2.044849e+02 5.000000e-01 3.051508e+01
      vertex   2.040585e+02 3.705905e-01 3.016659e+01
      vertex   2.044970e+02 3.705905e-01 3.050303e+01
    endloop
  endfacet
  facet normal -7.866803e-01 -1.294283e-01 6.036410e-01
    outer loop
      vertex   2.044849e+02 5.000000e-01 3.051508e+01
      vertex   2.044970e+02 3.705905e-01 3.050303e+01
      vertex   2.048187e+02 5.000000e-01 3.095000e+01
    endloop
  endfacet
  facet normal -7.866803e-01 -1.294283e-01 6.036410e-01
    outer loop
      vertex   2.048187e+02 5.000000e-01 3.095000e+01
      vertex   2.044970e+02 3.705905e-01 3.050303e+01
      vertex   2.048334e+02 3.705905e-01 3.094148e+01
    endloop
  endfacet
  facet normal -9.161086e-01 -1.294283e-01 3.794646e-01
    outer loop
      vertex   2.048187e+02 5.000000e-01 3.095000e+01
      vertex   2.048334e+02 3.705905e-01 3.094148e+01
      vertex   2.050284e+02 5.000000e-01 3.145648e+01
    endloop
  endfacet
  facet normal -9.161086e-01 -1.294283e-01 3.794646e-01
    outer loop
      vertex   2.050284e+02 5.000000e-01 3.145648e+01
      vertex   2.048334e+02 3.705905e-01 3.094148e+01
      vertex   2.050449e+02 3.705905e-01 3.145207e+01
    endloop
  endfacet
  facet normal -9.831056e-01 -1.294283e-01 1.294283e-01
    outer loop
      vertex   2.050284e+02 5.000000e-01 3.145648e+01
      vertex   2.050449e+02 3.705905e-01 3.145207e+01
      vertex   2.051000e+02 5.000000e-01 3.200000e+01
    endloop
  endfacet
  facet normal -9.831056e-01 -1.294283e-01 1.294283e-01
    outer loop
      vertex   2.051000e+02 5.000000e-01 3.200000e+01
      vertex   2.050449e+02 3.705905e-01 3.145207e+01
      vertex   2.051170e+02 3.705905e-01 3.200000e+01
    endloop
  endfacet
  facet normal -9.831056e-01 -1.294283e-01 -1.294283e-01
    outer loop
      vertex   2.051000e+02 5.000000e-01 3.200000e+01
      vertex   2.051170e+02 3.705905e-01 3.200000e+01
      vertex   2.050284e+02 5.000000e-01 3.254352e+01
    endloop
  endfacet
  facet normal -9.831056e-01 -1.294283e-01 -1.294283e-01
    outer loop
      vertex   2.050284e+02 5.000000e-01 3.254352e+01
      vertex   2.051170e+02 3.705905e-01 3.200000e+01
      vertex   2.050449e+02 3.705905e-01 3.254793e+01
    endloop
  endfacet
  facet normal -9.161086e-01 -1.294283e-01 -3.794646e-01
    outer loop
      vertex   2.050284e+02 5.000000e-01 3.254352e+01
      vertex   2.050449e+02 3.705905e-01 3.254793e+01
      vertex   2.048187e+02 5.000000e-01 3.305000e+01
    endloop
  endfacet
  facet normal -9.161086e-01 -1.294283e-01 -3.794646e-01
    outer loop
      vertex   2.048187e+02 5.000000e-01 3.305000e+01
      vertex   2.050449e+02 3.705905e-01 3.254793e+01
      vertex   2.048334e+02 3.705905e-01 3.305852e+01
    endloop
  endfacet
  facet normal -7.866803e-01 -1.294283e-01 -6.036410e-01
    outer loop
      vertex   2.048187e+02 5.000000e-01 3.305000e+01
      vertex   2.048334e+02 3.705905e-01 3.305852e+01
      vertex   2.044849e+02 5.000000e-01 3.348492e+01
    endloop
  endfacet
  facet normal -7.866803e-01 -1.294283e-01 -6.036410e-01
    outer loop
      vertex   2.044849e+02 5.000000e-01 3.348492e+01
      vertex   2.048334e+02 3.705905e-01 3.305852e+01
      vertex   2.044970e+02 3.705905e-01 3.349697e+01
    endloop
  endfacet
  facet normal -6.036410e-01 -1.294283e-01 -7.866803e-01
    outer loop
      vertex   2.044849e+02 5.000000e-01 3.348492e+01
      vertex   2.044970e+02 3.705905e-01 3.349697e+01
      vertex   2.040500e+02 5.000000e-01 3.381865e+01
    endloop
  endfacet
  facet normal -6.036410e-01 -1.294283e-01 -7.866803e-01
    outer loop
      vertex   2.040500e+02 5.000000e-01 3.381865e+01
      vertex   2.044970e+02 3.705905e-01 3.349697e+01
      vertex   2.040585e+02 3.705905e-01 3.383341e+01
    endloop
  endfacet
  facet normal -3.794646e-01 -1.294283e-01 -9.161086e-01
    outer loop
      vertex   2.040500e+02 5.000000e-01 3.381865e+01
      vertex   2.040585e+02 3.705905e-01 3.383341e+01
      vertex   2.035435e+02 5.000000e-01 3.402844e+01
    endloop
  endfacet
  facet normal -3.794646e-01 -1.294283e-01 -9.161086e-01
    outer loop
      vertex   2.035435e+02 5.000000e-01 3.402844e+01
      vertex   2.040585e+02 3.705905e-01 3.383341e+01
      vertex   2.035479e+02 3.705905e-01 3.404490e+01
    endloop
  endfacet
  facet normal -1.294283e-01 -1.294283e-01 -9.831056e-01
    outer loop
      vertex   2.035435e+02 5.000000e-01 3.402844e+01
      vertex   2.035479e+02 3.705905e-01 3.404490e+01
      vertex   2.030000e+02 5.000000e-01 3.410000e+01
    endloop
  endfacet
  facet normal -1.294283e-01 -1.294283e-01 -9.831056e-01
    outer loop
      vertex   2.030000e+02 5.000000e-01 3.410000e+01
      vertex   2.035479e+02 3.705905e-01 3.404490e+01
      vertex   2.030000e+02 3.705905e-01 3.411704e+01
    endloop
  endfacet
  facet normal 1.294283e-01 -1.294283e-01 -9.831056e-01
    outer loop
      vertex   2.030000e+02 5.000000e-01 3.410000e+01
      vertex   2.030000e+02 3.705905e-01 3.411704e+01
      vertex   2.024565e+02 5.000000e-01 3.402844e+01
    endloop
  endfacet
  facet normal 1.294283e-01 -1.294283e-01 -9.831056e-01
    outer loop
      vertex   2.024565e+02 5.000000e-01 3.402844e+01
      vertex   2.030000e+02 3.705905e-01 3.411704e+01
      vertex   2.024521e+02 3.705905e-01 3.404490e+01
    endloop
  endfacet
  facet normal 3.794646e-01 -1.294283e-01 -9.161086e-01
    outer loop
      vertex   2.024565e+02 5.000000e-01 3.402844e+01
      vertex   2.024521e+02 3.705905e-01 3.404490e+01
      vertex   2.019500e+02 5.000000e-01 3.381865e+01
    endloop
  endfacet
  facet normal 3.794646e-01 -1.294283e-01 -9.161086e-01
    outer loop
      vertex   2.019500e+02 5.000000e-01 3.381865e+01
      vertex   2.024521e+02 3.705905e-01 3.404490e+01
      vertex   2.019415e+02 3.705905e-01 3.383341e+01
    endloop
  endfacet
  facet normal 6.036410e-01 -1.294283e-01 -7.866803e-01
    outer loop
      vertex   2.019500e+02 5.000000e-01 3.381865e+01
      vertex   2.019415e+02 3.705905e-01 3.383341e+01
      vertex   2.015151e+02 5.000000e-01 3.348492e+01
    endloop
  endfacet
  facet normal 6.036410e-01 -1.294283e-01 -7.866803e-01
    outer loop
      vertex   2.015151e+02 5.000000e-01 3.348492e+01
      vertex   2.019415e+02 3.705905e-01 3.383341e+01
      vertex   2.015030e+02 3.705905e-01 3.349697e+01
    endloop
  endfacet
  facet normal 7.866803e-01 -1.294283e-01 -6.036410e-01
    outer loop
      vertex   2.015151e+02 5.000000e-01 3.348492e+01
      vertex   2.015030e+02 3.705905e-01 3.349697e+01
      vertex   2.011813e+02 5.000000e-01 3.305000e+01
    endloop
  endfacet
  facet normal 7.866803e-01 -1.294283e-01 -6.036410e-01
    outer loop
      vertex   2.011813e+02 5.000000e-01 3.305000e+01
      vertex   2.015030e+02 3.705905e-01 3.349697e+01
      vertex   2.011666e+02 3.705905e-01 3.305852e+01
    endloop
  endfacet
  facet normal 9.161086e-01 -1.294283e-01 -3.794646e-01
    outer loop
      vertex   2.011813e+02 5.000000e-01 3.305000e+01
      vertex   2.011666e+02 3.705905e-01 3.305852e+01
      vertex   2.009716e+02 5.000000e-01 3.254352e+01
    endloop
  endfacet
  facet normal 9.161086e-01 -1.294283e-01 -3.794646e-01
    outer loop
      vertex   2.009716e+02 5.000000e-01 3.254352e+01
      vertex   2.011666e+02 3.705905e-01 3.305852e+01
      vertex   2.009551e+02 3.705905e-01 3.254793e+01
    endloop
  endfacet
  facet normal 1.305069e-01 -9.912985e-01 1.718156e-02
    outer loop
      vertex   2.004886e+02 0.000000e+00 3.132707e+01
      vertex   2.006136e+02 1.703709e-02 3.136056e+01
      vertex   2.004000e+02 0.000000e+00 3.200000e+01
    endloop
  endfacet
  facet normal 1.305069e-01 -9.912985e-01 1.718156e-02
    outer loop
      vertex   2.004000e+02 0.000000e+00 3.200000e+01
      vertex   2.006136e+02 1.703709e-02 3.136056e+01
      vertex   2.005294e+02 1.703709e-02 3.200000e+01
    endloop
  endfacet
  facet normal 1.305069e-01 -9.912985e-01 -1.718156e-02
    outer loop
      vertex   2.004000e+02 0.000000e+00 3.200000e+01
      vertex   2.005294e+02 1.703709e-02 3.200000e+01
      vertex   2.004886e+02 0.000000e+00 3.267293e+01
    endloop
  endfacet
  facet normal 1.305069e-01 -9.912985e-01 -1.718156e-02
    outer loop
      vertex   2.004886e+02 0.000000e+00 3.267293e+01
      vertex   2.005294e+02 1.703709e-02 3.200000e+01
      vertex   2.006136e+02 1.703709e-02 3.263944e+01
    endloop
  endfacet
  facet normal 1.216131e-01 -9.912985e-01 -5.037379e-02
    outer loop
      vertex   2.004886e+02 0.000000e+00 3.267293e+01
      vertex   2.006136e+02 1.703709e-02 3.263944e+01
      vertex   2.007483e+02 0.000000e+00 3.330000e+01
    endloop
  endfacet
  facet normal 1.216131e-01 -9.912985e-01 -5.037379e-02
    outer loop
      vertex   2.007483e+02 0.000000e+00 3.330000e+01
      vertex   2.006136e+02 1.703709e-02 3.263944e+01
      vertex   2.008604e+02 1.703709e-02 3.323530e+01
    endloop
  endfacet
  facet normal 1.044315e-01 -9.912985e-01 -8.013313e-02
    outer loop
      vertex   2.007483e+02 0.000000e+00 3.330000e+01
      vertex   2.008604e+02 1.703709e-02 3.323530e+01
      vertex   2.011615e+02 0.000000e+00 3.383848e+01
    endloop
  endfacet
  facet normal 1.044315e-01 -9.912985e-01 -8.013313e-02
    outer loop
      vertex   2.011615e+02 0.000000e+00 3.383848e+01
      vertex   2.008604e+02 1.703709e-02 3.323530e+01
      vertex   2.012530e+02 1.703709e-02 3.374697e+01
    endloop
  endfacet
  facet normal 8.013313e-02 -9.912985e-01 -1.044315e-01
    outer loop
      vertex   2.011615e+02 0.000000e+00 3.383848e+01
      vertex   2.012530e+02 1.703709e-02 3.374697e+01
      vertex   2.017000e+02 0.000000e+00 3.425167e+01
    endloop
  endfacet
  facet normal 8.013313e-02 -9.912985e-01 -1.044315e-01
    outer loop
      vertex   2.017000e+02 0.000000e+00 3.425167e+01
      vertex   2.012530e+02 1.703709e-02 3.374697e+01
      vertex   2.017647e+02 1.703709e-02 3.413959e+01
    endloop
  endfacet
  facet normal 5.037379e-02 -9.912985e-01 -1.216131e-01
    outer loop
      vertex   2.017000e+02 0.000000e+00 3.425167e+01
      vertex   2.017647e+02 1.703709e-02 3.413959e+01
      vertex   2.023271e+02 0.000000e+00 3.451141e+01
    endloop
  endfacet
  facet normal 5.037379e-02 -9.912985e-01 -1.216131e-01
    outer loop
      vertex   2.023271e+02 0.000000e+00 3.451141e+01
      vertex   2.017647e+02 1.703709e-02 3.413959e+01
      vertex   2.023606e+02 1.703709e-02 3.438641e+01
    endloop
  endfacet
  facet normal 1.718156e-02 -9.912985e-01 -1.305069e-01
    outer loop
      vertex   2.023271e+02 0.000000e+00 3.451141e+01
      vertex   2.023606e+02 1.703709e-02 3.438641e+01
      vertex   2.030000e+02 0.000000e+00 3.460000e+01
    endloop
  endfacet
  facet normal 1.718156e-02 -9.912985e-01 -1.305069e-01
    outer loop
      vertex   2.030000e+02 0.000000e+00 3.460000e+01
      vertex   2.023606e+02 1.703709e-02 3.438641e+01
      vertex   2.030000e+02 1.703709e-02 3.447059e+01
    endloop
  endfacet
  facet normal -1.718156e-02 -9.912985e-01 -1.305069e-01
    outer loop
      vertex   2.030000e+02 0.000000e+00 3.460000e+01
      vertex   2.030000e+02 1.703709e-02 3.447059e+01
      vertex   2.036729e+02 0.000000e+00 3.451141e+01
    endloop
  endfacet
  facet normal -1.718156e-02 -9.912985e-01 -1.305069e-01
    outer loop
      vertex   2.036729e+02 0.000000e+00 3.451141e+01
      vertex   2.030000e+02 1.703709e-02 3.447059e+01
      vertex   2.036394e+02 1.703709e-02 3.438641e+01
    endloop
  endfacet
  facet normal -5.037379e-02 -9.912985e-01 -1.216131e-01
    outer loop
      vertex   2.036729e+02 0.000000e+00 3.451141e+01
      vertex   2.036394e+02 1.703709e-02 3.438641e+01
      vertex   2.043000e+02 0.000000e+00 3.425167e+01
    endloop
  endfacet
  facet normal -5.037379e-02 -9.912985e-01 -1.216131e-01
    outer loop
      vertex   2.043000e+02 0.000000e+00 3.425167e+01
      vertex   2.036394e+02 1.703709e-02 3.438641e+01
      vertex   2.042353e+02 1.703709e-02 3.413959e+01
    endloop
  endfacet
  facet normal -8.013313e-02 -9.912985e-01 -1.044315e-01
    outer loop
      vertex   2.043000e+02 0.000000e+00 3.425167e+01
      vertex   2.042353e+02 1.703709e-02 3.413959e+01
      vertex   2.048385e+02 0.000000e+00 3.383848e+01
    endloop
  endfacet
  facet normal -8.013313e-02 -9.912985e-01 -1.044315e-01
    outer loop
      vertex   2.048385e+02 0.000000e+00 3.383848e+01
      vertex   2.042353e+02 1.703709e-02 3.413959e+01
      vertex   2.047470e+02 1.703709e-02 3.374697e+01
    endloop
  endfacet
  facet normal -1.044315e-01 -9.912985e-01 -8.013313e-02
    outer loop
      vertex   2.048385e+02 0.000000e+00 3.383848e+01
      vertex   2.047470e+02 1.703709e-02 3.374697e+01
      vertex   2.052517e+02 0.000000e+00 3.330000e+01
    endloop
  endfacet
  facet normal -1.044315e-01 -9.912985e-01 -8.013313e-02
    outer loop
      vertex   2.052517e+02 0.000000e+00 3.330000e+01
      vertex   2.047470e+02 1.703709e-02 3.374697e+01
      vertex   2.051396e+02 1.703709e-02 3.323530e+01
    endloop
  endfacet
  facet normal -1.216131e-01 -9.912985e-01 -5.037379e-02
    outer loop
      vertex   2.052517e+02 0.000000e+00 3.330000e+01
      vertex   2.051396e+02 1.703709e-02 3.323530e+01
      vertex   2.055114e+02 0.000000e+00 3.267293e+01
    endloop
  endfacet
  facet normal -1.216131e-01 -9.912985e-01 -5.037379e-02
    outer loop
      vertex   2.055114e+02 0.000000e+00 3.267293e+01
      vertex   2.051396e+02 1.703709e-02 3.323530e+01
      vertex   2.053864e+02 1.703709e-02 3.263944e+01
    endloop
  endfacet
  facet normal -1.305069e-01 -9.912985e-01 -1.718156e-02
    outer loop
      vertex   2.055114e+02 0.000000e+00 3.267293e+01
      vertex   2.053864e+02 1.703709e-02 3.263944e+01
      vertex   2.056000e+02 0.000000e+00 3.200000e+01
    endloop
  endfacet
  facet normal -1.305069e-01 -9.912985e-01 -1.718156e-02
    outer loop
      vertex   2.056000e+02 0.000000e+00 3.200000e+01
      vertex   2.053864e+02 1.703709e-02 3.263944e+01
      vertex   2.054706e+02 1.703709e-02 3.200000e+01
    endloop
  endfacet
  facet normal -1.305069e-01 -9.912985e-01 1.718156e-02
    outer loop
      vertex   2.056000e+02 0.000000e+00 3.200000e+01
      vertex   2.054706e+02 1.703709e-02 3.200000e+01
      vertex   2.055114e+02 0.000000e+00 3.132707e+01
    endloop
  endfacet
  facet normal -1.305069e-01 -9.912985e-01 1.718156e-02
    outer loop
      vertex   2.055114e+02 0.000000e+00 3.132707e+01
      vertex   2.054706e+02 1.703709e-02 3.200000e+01
      vertex   2.053864e+02 1.703709e-02 3.136056e+01
    endloop
  endfacet
  facet normal -1.216131e-01 -9.912985e-01 5.037379e-02
    outer loop
      vertex   2.055114e+02 0.000000e+00 3.132707e+01
      vertex   2.053864e+02 1.703709e-02 3.136056e+01
      vertex   2.052517e+02 0.000000e+00 3.070000e+01
    endloop
  endfacet
  facet normal -1.216131e-01 -9.912985e-01 5.037379e-02
    outer loop
      vertex   2.052517e+02 0.000000e+00 3.070000e+01
      vertex   2.053864e+02 1.703709e-02 3.136056e+01
      vertex   2.051396e+02 1.703709e-02 3.076470e+01
    endloop
  endfacet
  facet normal -1.044315e-01 -9.912985e-01 8.013313e-02
    outer loop
      vertex   2.052517e+02 0.000000e+00 3.070000e+01
      vertex   2.051396e+02 1.703709e-02 3.076470e+01
      vertex   2.048385e+02 0.000000e+00 3.016152e+01
    endloop
  endfacet
  facet normal -1.044315e-01 -9.912985e-01 8.013313e-02
    outer loop
      vertex   2.048385e+02 0.000000e+00 3.016152e+01
      vertex   2.051396e+02 1.703709e-02 3.076470e+01
      vertex   2.047470e+02 1.703709e-02 3.025303e+01
    endloop
  endfacet
  facet normal -8.013313e-02 -9.912985e-01 1.044315e-01
    outer loop
      vertex   2.048385e+02 0.000000e+00 3.016152e+01
      vertex   2.047470e+02 1.703709e-02 3.025303e+01
      vertex   2.043000e+02 0.000000e+00 2.974833e+01
    endloop
  endfacet
  facet normal -8.013313e-02 -9.912985e-01 1.044315e-01
    outer loop
      vertex   2.043000e+02 0.000000e+00 2.974833e+01
      vertex   2.047470e+02 1.703709e-02 3.025303e+01
      vertex   2.042353e+02 1.703709e-02 2.986041e+01
    endloop
  endfacet
  facet normal -5.037379e-02 -9.912985e-01 1.216131e-01
    outer loop
      vertex   2.043000e+02 0.000000e+00 2.974833e+01
      vertex   2.042353e+02 1.703709e-02 2.986041e+01
      vertex   2.036729e+02 0.000000e+00 2.948859e+01
    endloop
  endfacet
  facet normal -5.037379e-02 -9.912985e-01 1.216131e-01
    outer loop
      vertex   2.036729e+02 0.000000e+00 2.948859e+01
      vertex   2.042353e+02 1.703709e-02 2.986041e+01
      vertex   2.036394e+02 1.703709e-02 2.961359e+01
    endloop
  endfacet
  facet normal -1.718156e-02 -9.912985e-01 1.305069e-01
    outer loop
      vertex   2.036729e+02 0.000000e+00 2.948859e+01
      vertex   2.036394e+02 1.703709e-02 2.961359e+01
      vertex   2.030000e+02 0.000000e+00 2.940000e+01
    endloop
  endfacet
  facet normal -1.718156e-02 -9.912985e-01 1.305069e-01
    outer loop
      vertex   2.030000e+02 0.000000e+00 2.940000e+01
      vertex   2.036394e+02 1.703709e-02 2.961359e+01
      vertex   2.030000e+02 1.703709e-02 2.952941e+01
    endloop
  endfacet
  facet normal 1.718156e-02 -9.912985e-01 1.305069e-01
    outer loop
      vertex   2.030000e+02 0.000000e+00 2.940000e+01
      vertex   2.030000e+02 1.703709e-02 2.952941e+01
      vertex   2.023271e+02 0.000000e+00 2.948859e+01
    endloop
  endfacet
  facet normal 1.718156e-02 -9.912985e-01 1.305069e-01
    outer loop
      vertex   2.023271e+02 0.000000e+00 2.948859e+01
      vertex   2.030000e+02 1.703709e-02 2.952941e+01
      vertex   2.023606e+02 1.703709e-02 2.961359e+01
    endloop
  endfacet
  facet normal 5.037379e-02 -9.912985e-01 1.216131e-01
    outer loop
      vertex   2.023271e+02 0.000000e+00 2.948859e+01
      vertex   2.023606e+02 1.703709e-02 2.961359e+01
      vertex   2.017000e+02 0.000000e+00 2.974833e+01
    endloop
  endfacet
  facet normal 5.037379e-02 -9.912985e-01 1.216131e-01
    outer loop
      vertex   2.017000e+02 0.000000e+00 2.974833e+01
      vertex   2.023606e+02 1.703709e-02 2.961359e+01
      vertex   2.017647e+02 1.703709e-02 2.986041e+01
    endloop
  endfacet
  facet normal 8.013313e-02 -9.912985e-01 1.044315e-01
    outer loop
      vertex   2.017000e+02 0.000000e+00 2.974833e+01
      vertex   2.017647e+02 1.703709e-02 2.986041e+01
      vertex   2.011615e+02 0.000000e+00 3.016152e+01
    endloop
  endfacet
  facet normal 8.013313e-02 -9.912985e-01 1.044315e-01
    outer loop
      vertex   2.011615e+02 0.000000e+00 3.016152e+01
      vertex   2.017647e+02 1.703709e-02 2.986041e+01
      vertex   2.012530e+02 1.703709e-02 3.025303e+01
    endloop
  endfacet
  facet normal 1.044315e-01 -9.912985e-01 8.013313e-02
    outer loop
      vertex   2.011615e+02 0.000000e+00 3.016152e+01
      vertex   2.012530e+02 1.703709e-02 3.025303e+01
      vertex   2.007483e+02 0.000000e+00 3.070000e+01
    endloop
  endfacet
  facet normal 1.044315e-01 -9.912985e-01 8.013313e-02
    outer loop
      vertex   2.007483e+02 0.000000e+00 3.070000e+01
      vertex   2.012530e+02 1.703709e-02 3.025303e+01
      vertex   2.008604e+02 1.703709e-02 3.076470e+01
    endloop
  endfacet
  facet normal 1.216131e-01 -9.912985e-01 5.037379e-02
    outer loop
      vertex   2.007483e+02 0.000000e+00 3.070000e+01
      vertex   2.008604e+02 1.703709e-02 3.076470e+01
      vertex   2.004886e+02 0.000000e+00 3.132707e+01
    endloop
  endfacet
  facet normal 1.216131e-01 -9.912985e-01 5.037379e-02
    outer loop
      vertex   2.004886e+02 0.000000e+00 3.132707e+01
      vertex   2.008604e+02 1.703709e-02 3.076470e+01
      vertex   2.006136e+02 1.703709e-02 3.136056e+01
    endloop
  endfacet
  facet normal -1.207412e-01 -3.798837e-01 9.171204e-01
    outer loop
      vertex   2.030000e+02 3.705905e-01 2.988296e+01
      vertex   2.030000e+02 2.500000e-01 2.983301e+01
      vertex   2.035479e+02 3.705905e-01 2.995510e+01
    endloop
  endfacet
  facet normal -1.207412e-01 -3.798837e-01 9.171204e-01
    outer loop
      vertex   2.035479e+02 3.705905e-01 2.995510e+01
      vertex   2.030000e+02 2.500000e-01 2.983301e+01
      vertex   2.035609e+02 2.500000e-01 2.990685e+01
    endloop
  endfacet
  facet normal -3.539953e-01 -3.798837e-01 8.546202e-01
    outer loop
      vertex   2.035479e+02 3.705905e-01 2.995510e+01
      vertex   2.035609e+02 2.500000e-01 2.990685e+01
      vertex   2.040585e+02 3.705905e-01 3.016659e+01
    endloop
  endfacet
  facet normal -3.539953e-01 -3.798837e-01 8.546202e-01
    outer loop
      vertex   2.040585e+02 3.705905e-01 3.016659e+01
      vertex   2.035609e+02 2.500000e-01 2.990685e+01
      vertex   2.040835e+02 2.500000e-01 3.012333e+01
    endloop
  endfacet
  facet normal -5.631252e-01 -3.798837e-01 7.338790e-01
    outer loop
      vertex   2.040585e+02 3.705905e-01 3.016659e+01
      vertex   2.040835e+02 2.500000e-01 3.012333e+01
      vertex   2.044970e+02 3.705905e-01 3.050303e+01
    endloop
  endfacet
  facet normal -5.631252e-01 -3.798837e-01 7.338790e-01
    outer loop
      vertex   2.044970e+02 3.705905e-01 3.050303e+01
      vertex   2.040835e+02 2.500000e-01 3.012333e+01
      vertex   2.045323e+02 2.500000e-01 3.046771e+01
    endloop
  endfacet
  facet normal -7.338790e-01 -3.798837e-01 5.631252e-01
    outer loop
      vertex   2.044970e+02 3.705905e-01 3.050303e+01
      vertex   2.045323e+02 2.500000e-01 3.046771e+01
      vertex   2.048334e+02 3.705905e-01 3.094148e+01
    endloop
  endfacet
  facet normal -7.338790e-01 -3.798837e-01 5.631252e-01
    outer loop
      vertex   2.048334e+02 3.705905e-01 3.094148e+01
      vertex   2.045323e+02 2.500000e-01 3.046771e+01
      vertex   2.048767e+02 2.500000e-01 3.091651e+01
    endloop
  endfacet
  facet normal -8.546202e-01 -3.798837e-01 3.539953e-01
    outer loop
      vertex   2.048334e+02 3.705905e-01 3.094148e+01
      vertex   2.048767e+02 2.500000e-01 3.091651e+01
      vertex   2.050449e+02 3.705905e-01 3.145207e+01
    endloop
  endfacet
  facet normal -8.546202e-01 -3.798837e-01 3.539953e-01
    outer loop
      vertex   2.050449e+02 3.705905e-01 3.145207e+01
      vertex   2.048767e+02 2.500000e-01 3.091651e+01
      vertex   2.050931e+02 2.500000e-01 3.143914e+01
    endloop
  endfacet
  facet normal -9.171204e-01 -3.798837e-01 1.207412e-01
    outer loop
      vertex   2.050449e+02 3.705905e-01 3.145207e+01
      vertex   2.050931e+02 2.500000e-01 3.143914e+01
      vertex   2.051170e+02 3.705905e-01 3.200000e+01
    endloop
  endfacet
  facet normal -9.171204e-01 -3.798837e-01 1.207412e-01
    outer loop
      vertex   2.051170e+02 3.705905e-01 3.200000e+01
      vertex   2.050931e+02 2.500000e-01 3.143914e+01
      vertex   2.051670e+02 2.500000e-01 3.200000e+01
    endloop
  endfacet
  facet normal -9.171204e-01 -3.798837e-01 -1.207412e-01
    outer loop
      vertex   2.051170e+02 3.705905e-01 3.200000e+01
      vertex   2.051670e+02 2.500000e-01 3.200000e+01
      vertex   2.050449e+02 3.705905e-01 3.254793e+01
    endloop
  endfacet
  facet normal -9.171204e-01 -3.798837e-01 -1.207412e-01
    outer loop
      vertex   2.050449e+02 3.705905e-01 3.254793e+01
      vertex   2.051670e+02 2.500000e-01 3.200000e+01
      vertex   2.050931e+02 2.500000e-01 3.256086e+01
    endloop
  endfacet
  facet normal -8.546202e-01 -3.798837e-01 -3.539953e-01
    outer loop
      vertex   2.050449e+02 3.705905e-01 3.254793e+01
      vertex   2.050931e+02 2.500000e-01 3.256086e+01
      vertex   2.048334e+02 3.705905e-01 3.305852e+01
    endloop
  endfacet
  facet normal -8.546202e-01 -3.798837e-01 -3.539953e-01
    outer loop
      vertex   2.048334e+02 3.705905e-01 3.305852e+01
      vertex   2.050931e+02 2.500000e-01 3.256086e+01
      vertex   2.048767e+02 2.500000e-01 3.308349e+01
    endloop
  endfacet
  facet normal -7.338790e-01 -3.798837e-01 -5.631252e-01
    outer loop
      vertex   2.048334e+02 3.705905e-01 3.305852e+01
      vertex   2.048767e+02 2.500000e-01 3.308349e+01
      vertex   2.044970e+02 3.705905e-01 3.349697e+01
    endloop
  endfacet
  facet normal -7.338790e-01 -3.798837e-01 -5.631252e-01
    outer loop
      vertex   2.044970e+02 3.705905e-01 3.349697e+01
      vertex   2.048767e+02 2.500000e-01 3.308349e+01
      vertex   2.045323e+02 2.500000e-01 3.353229e+01
    endloop
  endfacet
  facet normal -5.631252e-01 -3.798837e-01 -7.338790e-01
    outer loop
      vertex   2.044970e+02 3.705905e-01 3.349697e+01
      vertex   2.045323e+02 2.500000e-01 3.353229e+01
      vertex   2.040585e+02 3.705905e-01 3.383341e+01
    endloop
  endfacet
  facet normal -5.631252e-01 -3.798837e-01 -7.338790e-01
    outer loop
      vertex   2.040585e+02 3.705905e-01 3.383341e+01
      vertex   2.045323e+02 2.500000e-01 3.353229e+01
      vertex   2.040835e+02 2.500000e-01 3.387667e+01
    endloop
  endfacet
  facet normal -3.539953e-01 -3.798837e-01 -8.546202e-01
    outer loop
      vertex   2.040585e+02 3.705905e-01 3.383341e+01
      vertex   2.040835e+02 2.500000e-01 3.387667e+01
      vertex   2.035479e+02 3.705905e-01 3.404490e+01
    endloop
  endfacet
  facet normal -3.539953e-01 -3.798837e-01 -8.546202e-01
    outer loop
      vertex   2.035479e+02 3.705905e-01 3.404490e+01
      vertex   2.040835e+02 2.500000e-01 3.387667e+01
      vertex   2.035609e+02 2.500000e-01 3.409315e+01
    endloop
  endfacet
  facet normal -1.207412e-01 -3.798837e-01 -9.171204e-01
    outer loop
      vertex   2.035479e+02 3.705905e-01 3.404490e+01
      vertex   2.035609e+02 2.500000e-01 3.409315e+01
      vertex   2.030000e+02 3.705905e-01 3.411704e+01
    endloop
  endfacet
  facet normal -1.207412e-01 -3.798837e-01 -9.171204e-01
    outer loop
      vertex   2.030000e+02 3.705905e-01 3.411704e+01
      vertex   2.035609e+02 2.500000e-01 3.409315e+01
      vertex   2.030000e+02 2.500000e-01 3.416699e+01
    endloop
  endfacet
  facet normal 1.207412e-01 -3.798837e-01 -9.171204e-01
    outer loop
      vertex   2.030000e+02 3.705905e-01 3.411704e+01
      vertex   2.030000e+02 2.500000e-01 3.416699e+01
      vertex   2.024521e+02 3.705905e-01 3.404490e+01
    endloop
  endfacet
  facet normal 1.207412e-01 -3.798837e-01 -9.171204e-01
    outer loop
      vertex   2.024521e+02 3.705905e-01 3.404490e+01
      vertex   2.030000e+02 2.500000e-01 3.416699e+01
      vertex   2.024391e+02 2.500000e-01 3.409315e+01
    endloop
  endfacet
  facet normal 3.539953e-01 -3.798837e-01 -8.546202e-01
    outer loop
      vertex   2.024521e+02 3.705905e-01 3.404490e+01
      vertex   2.024391e+02 2.500000e-01 3.409315e+01
      vertex   2.019415e+02 3.705905e-01 3.383341e+01
    endloop
  endfacet
  facet normal 3.539953e-01 -3.798837e-01 -8.546202e-01
    outer loop
      vertex   2.019415e+02 3.705905e-01 3.383341e+01
      vertex   2.024391e+02 2.500000e-01 3.409315e+01
      vertex   2.019165e+02 2.500000e-01 3.387667e+01
    endloop
  endfacet
  facet normal 5.631252e-01 -3.798837e-01 -7.338790e-01
    outer loop
      vertex   2.019415e+02 3.705905e-01 3.383341e+01
      vertex   2.019165e+02 2.500000e-01 3.387667e+01
      vertex   2.015030e+02 3.705905e-01 3.349697e+01
    endloop
  endfacet
  facet normal 5.631252e-01 -3.798837e-01 -7.338790e-01
    outer loop
      vertex   2.015030e+02 3.705905e-01 3.349697e+01
      vertex   2.019165e+02 2.500000e-01 3.387667e+01
      vertex   2.014677e+02 2.500000e-01 3.353229e+01
    endloop
  endfacet
  facet normal 7.338790e-01 -3.798837e-01 -5.631252e-01
    outer loop
      vertex   2.015030e+02 3.705905e-01 3.349697e+01
      vertex   2.014677e+02 2.500000e-01 3.353229e+01
      vertex   2.011666e+02 3.705905e-01 3.305852e+01
    endloop
  endfacet
  facet normal 7.338790e-01 -3.798837e-01 -5.631252e-01
    outer loop
      vertex   2.011666e+02 3.705905e-01 3.305852e+01
      vertex   2.014677e+02 2.500000e-01 3.353229e+01
      vertex   2.011233e+02 2.500000e-01 3.308349e+01
    endloop
  endfacet
  facet normal 8.546202e-01 -3.798837e-01 -3.539953e-01
    outer loop
      vertex   2.011666e+02 3.705905e-01 3.305852e+01
      vertex   2.011233e+02 2.500000e-01 3.308349e+01
      vertex   2.009551e+02 3.705905e-01 3.254793e+01
    endloop
  endfacet
  facet normal 8.546202e-01 -3.798837e-01 -3.539953e-01
    outer loop
      vertex   2.009551e+02 3.705905e-01 3.254793e+01
      vertex   2.011233e+02 2.500000e-01 3.308349e+01
      vertex   2.009069e+02 2.500000e-01 3.256086e+01
    endloop
  endfacet
  facet normal 9.171204e-01 -3.798837e-01 -1.207412e-01
    outer loop
      vertex   2.009551e+02 3.705905e-01 3.254793e+01
      vertex   2.009069e+02 2.500000e-01 3.256086e+01
      vertex   2.008830e+02 3.705905e-01 3.200000e+01
    endloop
  endfacet
  facet normal 9.171204e-01 -3.798837e-01 -1.207412e-01
    outer loop
      vertex   2.008830e+02 3.705905e-01 3.200000e+01
      vertex   2.009069e+02 2.500000e-01 3.256086e+01
      vertex   2.008330e+02 2.500000e-01 3.200000e+01
    endloop
  endfacet
  facet normal 9.171204e-01 -3.798837e-01 1.207412e-01
    outer loop
      vertex   2.008830e+02 3.705905e-01 3.200000e+01
      vertex   2.008330e+02 2.500000e-01 3.200000e+01
      vertex   2.009551e+02 3.705905e-01 3.145207e+01
    endloop
  endfacet
  facet normal 9.171204e-01 -3.798837e-01 1.207412e-01
    outer loop
      vertex   2.009551e+02 3.705905e-01 3.145207e+01
      vertex   2.008330e+02 2.500000e-01 3.200000e+01
      vertex   2.009069e+02 2.500000e-01 3.143914e+01
    endloop
  endfacet
  facet normal 8.546202e-01 -3.798837e-01 3.539953e-01
    outer loop
      vertex   2.009551e+02 3.705905e-01 3.145207e+01
      vertex   2.009069e+02 2.500000e-01 3.143914e+01
      vertex   2.011666e+02 3.705905e-01 3.094148e+01
    endloop
  endfacet
  facet normal 8.546202e-01 -3.798837e-01 3.539953e-01
    outer loop
      vertex   2.011666e+02 3.705905e-01 3.094148e+01
      vertex   2.009069e+02 2.500000e-01 3.143914e+01
      vertex   2.011233e+02 2.500000e-01 3.091651e+01
    endloop
  endfacet
  facet normal 7.338790e-01 -3.798837e-01 5.631252e-01
    outer loop
      vertex   2.011666e+02 3.705905e-01 3.094148e+01
      vertex   2.011233e+02 2.500000e-01 3.091651e+01
      vertex   2.015030e+02 3.705905e-01 3.050303e+01
    endloop
  endfacet
  facet normal 7.338790e-01 -3.798837e-01 5.631252e-01
    outer loop
      vertex   2.015030e+02 3.705905e-01 3.050303e+01
      vertex   2.011233e+02 2.500000e-01 3.091651e+01
      vertex   2.014677e+02 2.500000e-01 3.046771e+01
    endloop
  endfacet
  facet normal 5.631252e-01 -3.798837e-01 7.338790e-01
    outer loop
      vertex   2.015030e+02 3.705905e-01 3.050303e+01
      vertex   2.014677e+02 2.500000e-01 3.046771e+01
      vertex   2.019415e+02 3.705905e-01 3.016659e+01
    endloop
  endfacet
  facet normal 5.631252e-01 -3.798837e-01 7.338790e-01
    outer loop
      vertex   2.019415e+02 3.705905e-01 3.016659e+01
      vertex   2.014677e+02 2.500000e-01 3.046771e+01
      vertex   2.019165e+02 2.500000e-01 3.012333e+01
    endloop
  endfacet
  facet normal 3.539953e-01 -3.798837e-01 8.546202e-01
    outer loop
      vertex   2.019415e+02 3.705905e-01 3.016659e+01
      vertex   2.019165e+02 2.500000e-01 3.012333e+01
      vertex   2.024521e+02 3.705905e-01 2.995510e+01
    endloop
  endfacet
  facet normal 3.539953e-01 -3.798837e-01 8.546202e-01
    outer loop
      vertex   2.024521e+02 3.705905e-01 2.995510e+01
      vertex   2.019165e+02 2.500000e-01 3.012333e+01
      vertex   2.024391e+02 2.500000e-01 2.990685e+01
    endloop
  endfacet
  facet normal 1.207412e-01 -3.798837e-01 9.171204e-01
    outer loop
      vertex   2.024521e+02 3.705905e-01 2.995510e+01
      vertex   2.024391e+02 2.500000e-01 2.990685e+01
      vertex   2.030000e+02 3.705905e-01 2.988296e+01
    endloop
  endfacet
  facet normal 1.207412e-01 -3.798837e-01 9.171204e-01
    outer loop
      vertex   2.030000e+02 3.705905e-01 2.988296e+01
      vertex   2.024391e+02 2.500000e-01 2.990685e+01
      vertex   2.030000e+02 2.500000e-01 2.983301e+01
    endloop
  endfacet
  facet normal -1.038819e-01 -6.054678e-01 7.890610e-01
    outer loop
      vertex   2.030000e+02 2.500000e-01 2.983301e+01
      vertex   2.030000e+02 1.464466e-01 2.975355e+01
      vertex   2.035609e+02 2.500000e-01 2.990685e+01
    endloop
  endfacet
  facet normal -1.038819e-01 -6.054678e-01 7.890610e-01
    outer loop
      vertex   2.035609e+02 2.500000e-01 2.990685e+01
      vertex   2.030000e+02 1.464466e-01 2.975355e+01
      vertex   2.035814e+02 1.464466e-01 2.983010e+01
    endloop
  endfacet
  facet normal -3.045662e-01 -6.054678e-01 7.352878e-01
    outer loop
      vertex   2.035609e+02 2.500000e-01 2.990685e+01
      vertex   2.035814e+02 1.464466e-01 2.983010e+01
      vertex   2.040835e+02 2.500000e-01 3.012333e+01
    endloop
  endfacet
  facet normal -3.045662e-01 -6.054678e-01 7.352878e-01
    outer loop
      vertex   2.040835e+02 2.500000e-01 3.012333e+01
      vertex   2.035814e+02 1.464466e-01 2.983010e+01
      vertex   2.041232e+02 1.464466e-01 3.005452e+01
    endloop
  endfacet
  facet normal -4.844948e-01 -6.054678e-01 6.314060e-01
    outer loop
      vertex   2.040835e+02 2.500000e-01 3.012333e+01
      vertex   2.041232e+02 1.464466e-01 3.005452e+01
      vertex   2.045323e+02 2.500000e-01 3.046771e+01
    endloop
  endfacet
  facet normal -4.844948e-01 -6.054678e-01 6.314060e-01
    outer loop
      vertex   2.045323e+02 2.500000e-01 3.046771e+01
      vertex   2.041232e+02 1.464466e-01 3.005452e+01
      vertex   2.045885e+02 1.464466e-01 3.041152e+01
    endloop
  endfacet
  facet normal -6.314060e-01 -6.054678e-01 4.844948e-01
    outer loop
      vertex   2.045323e+02 2.500000e-01 3.046771e+01
      vertex   2.045885e+02 1.464466e-01 3.041152e+01
      vertex   2.048767e+02 2.500000e-01 3.091651e+01
    endloop
  endfacet
  facet normal -6.314060e-01 -6.054678e-01 4.844948e-01
    outer loop
      vertex   2.048767e+02 2.500000e-01 3.091651e+01
      vertex   2.045885e+02 1.464466e-01 3.041152e+01
      vertex   2.049455e+02 1.464466e-01 3.087678e+01
    endloop
  endfacet
  facet normal -7.352878e-01 -6.054678e-01 3.045662e-01
    outer loop
      vertex   2.048767e+02 2.500000e-01 3.091651e+01
      vertex   2.049455e+02 1.464466e-01 3.087678e+01
      vertex   2.050931e+02 2.500000e-01 3.143914e+01
    endloop
  endfacet
  facet normal -7.352878e-01 -6.054678e-01 3.045662e-01
    outer loop
      vertex   2.050931e+02 2.500000e-01 3.143914e+01
      vertex   2.049455e+02 1.464466e-01 3.087678e+01
      vertex   2.051699e+02 1.464466e-01 3.141858e+01
    endloop
  endfacet
  facet normal -7.890610e-01 -6.054678e-01 1.038819e-01
    outer loop
      vertex   2.050931e+02 2.500000e-01 3.143914e+01
      vertex   2.051699e+02 1.464466e-01 3.141858e+01
      vertex   2.051670e+02 2.500000e-01 3.200000e+01
    endloop
  endfacet
  facet normal -7.890610e-01 -6.054678e-01 1.038819e-01
    outer loop
      vertex   2.051670e+02 2.500000e-01 3.200000e+01
      vertex   2.051699e+02 1.464466e-01 3.141858e+01
      vertex   2.052464e+02 1.464466e-01 3.200000e+01
    endloop
  endfacet
  facet normal -7.890610e-01 -6.054678e-01 -1.038819e-01
    outer loop
      vertex   2.051670e+02 2.500000e-01 3.200000e+01
      vertex   2.052464e+02 1.464466e-01 3.200000e+01
      vertex   2.050931e+02 2.500000e-01 3.256086e+01
    endloop
  endfacet
  facet normal -7.890610e-01 -6.054678e-01 -1.038819e-01
    outer loop
      vertex   2.050931e+02 2.500000e-01 3.256086e+01
      vertex   2.052464e+02 1.464466e-01 3.200000e+01
      vertex   2.051699e+02 1.464466e-01 3.258142e+01
    endloop
  endfacet
  facet normal -7.352878e-01 -6.054678e-01 -3.045662e-01
    outer loop
      vertex   2.050931e+02 2.500000e-01 3.256086e+01
      vertex   2.051699e+02 1.464466e-01 3.258142e+01
      vertex   2.048767e+02 2.500000e-01 3.308349e+01
    endloop
  endfacet
  facet normal -7.352878e-01 -6.054678e-01 -3.045662e-01
    outer loop
      vertex   2.048767e+02 2.500000e-01 3.308349e+01
      vertex   2.051699e+02 1.464466e-01 3.258142e+01
      vertex   2.049455e+02 1.464466e-01 3.312322e+01
    endloop
  endfacet
  facet normal -6.314060e-01 -6.054678e-01 -4.844948e-01
    outer loop
      vertex   2.048767e+02 2.500000e-01 3.308349e+01
      vertex   2.049455e+02 1.464466e-01 3.312322e+01
      vertex   2.045323e+02 2.500000e-01 3.353229e+01
    endloop
  endfacet
  facet normal -6.314060e-01 -6.054678e-01 -4.844948e-01
    outer loop
      vertex   2.045323e+02 2.500000e-01 3.353229e+01
      vertex   2.049455e+02 1.464466e-01 3.312322e+01
      vertex   2.045885e+02 1.464466e-01 3.358848e+01
    endloop
  endfacet
  facet normal -4.844948e-01 -6.054678e-01 -6.314060e-01
    outer loop
      vertex   2.045323e+02 2.500000e-01 3.353229e+01
      vertex   2.045885e+02 1.464466e-01 3.358848e+01
      vertex   2.040835e+02 2.500000e-01 3.387667e+01
    endloop
  endfacet
  facet normal -4.844948e-01 -6.054678e-01 -6.314060e-01
    outer loop
      vertex   2.040835e+02 2.500000e-01 3.387667e+01
      vertex   2.045885e+02 1.464466e-01 3.358848e+01
      vertex   2.041232e+02 1.464466e-01 3.394548e+01
    endloop
  endfacet
  facet normal -3.045662e-01 -6.054678e-01 -7.352878e-01
    outer loop
      vertex   2.040835e+02 2.500000e-01 3.387667e+01
      vertex   2.041232e+02 1.464466e-01 3.394548e+01
      vertex   2.035609e+02 2.500000e-01 3.409315e+01
    endloop
  endfacet
  facet normal -3.045662e-01 -6.054678e-01 -7.352878e-01
    outer loop
      vertex   2.035609e+02 2.500000e-01 3.409315e+01
      vertex   2.041232e+02 1.464466e-01 3.394548e+01
      vertex   2.035814e+02 1.464466e-01 3.416990e+01
    endloop
  endfacet
  facet normal -1.038819e-01 -6.054678e-01 -7.890610e-01
    outer loop
      vertex   2.035609e+02 2.500000e-01 3.409315e+01
      vertex   2.035814e+02 1.464466e-01 3.416990e+01
      vertex   2.030000e+02 2.500000e-01 3.416699e+01
    endloop
  endfacet
  facet normal -1.038819e-01 -6.054678e-01 -7.890610e-01
    outer loop
      vertex   2.030000e+02 2.500000e-01 3.416699e+01
      vertex   2.035814e+02 1.464466e-01 3.416990e+01
      vertex   2.030000e+02 1.464466e-01 3.424645e+01
    endloop
  endfacet
  facet normal 1.038819e-01 -6.054678e-01 -7.890610e-01
    outer loop
      vertex   2.030000e+02 2.500000e-01 3.416699e+01
      vertex   2.030000e+02 1.464466e-01 3.424645e+01
      vertex   2.024391e+02 2.500000e-01 3.409315e+01
    endloop
  endfacet
  facet normal 1.038819e-01 -6.054678e-01 -7.890610e-01
    outer loop
      vertex   2.024391e+02 2.500000e-01 3.409315e+01
      vertex   2.030000e+02 1.464466e-01 3.424645e+01
      vertex   2.024186e+02 1.464466e-01 3.416990e+01
    endloop
  endfacet
  facet normal 3.045662e-01 -6.054678e-01 -7.352878e-01
    outer loop
      vertex   2.024391e+02 2.500000e-01 3.409315e+01
      vertex   2.024186e+02 1.464466e-01 3.416990e+01
      vertex   2.019165e+02 2.500000e-01 3.387667e+01
    endloop
  endfacet
  facet normal 3.045662e-01 -6.054678e-01 -7.352878e-01
    outer loop
      vertex   2.019165e+02 2.500000e-01 3.387667e+01
      vertex   2.024186e+02 1.464466e-01 3.416990e+01
      vertex   2.018768e+02 1.464466e-01 3.394548e+01
    endloop
  endfacet
  facet normal 4.844948e-01 -6.054678e-01 -6.314060e-01
    outer loop
      vertex   2.019165e+02 2.500000e-01 3.387667e+01
      vertex   2.018768e+02 1.464466e-01 3.394548e+01
      vertex   2.014677e+02 2.500000e-01 3.353229e+01
    endloop
  endfacet
  facet normal 4.844948e-01 -6.054678e-01 -6.314060e-01
    outer loop
      vertex   2.014677e+02 2.500000e-01 3.353229e+01
      vertex   2.018768e+02 1.464466e-01 3.394548e+01
      vertex   2.014115e+02 1.464466e-01 3.358848e+01
    endloop
  endfacet
  facet normal 6.314060e-01 -6.054678e-01 -4.844948e-01
    outer loop
      vertex   2.014677e+02 2.500000e-01 3.353229e+01
      vertex   2.014115e+02 1.464466e-01 3.358848e+01
      vertex   2.011233e+02 2.500000e-01 3.308349e+01
    endloop
  endfacet
  facet normal 6.314060e-01 -6.054678e-01 -4.844948e-01
    outer loop
      vertex   2.011233e+02 2.500000e-01 3.308349e+01
      vertex   2.014115e+02 1.464466e-01 3.358848e+01
      vertex   2.010545e+02 1.464466e-01 3.312322e+01
    endloop
  endfacet
  facet normal 7.352878e-01 -6.054678e-01 -3.045662e-01
    outer loop
      vertex   2.011233e+02 2.500000e-01 3.308349e+01
      vertex   2.010545e+02 1.464466e-01 3.312322e+01
      vertex   2.009069e+02 2.500000e-01 3.256086e+01
    endloop
  endfacet
  facet normal 7.352878e-01 -6.054678e-01 -3.045662e-01
    outer loop
      vertex   2.009069e+02 2.500000e-01 3.256086e+01
      vertex   2.010545e+02 1.464466e-01 3.312322e+01
      vertex   2.008301e+02 1.464466e-01 3.258142e+01
    endloop
  endfacet
  facet normal 7.890610e-01 -6.054678e-01 -1.038819e-01
    outer loop
      vertex   2.009069e+02 2.500000e-01 3.256086e+01
      vertex   2.008301e+02 1.464466e-01 3.258142e+01
      vertex   2.008330e+02 2.500000e-01 3.200000e+01
    endloop
  endfacet
  facet normal 7.890610e-01 -6.054678e-01 -1.038819e-01
    outer loop
      vertex   2.008330e+02 2.500000e-01 3.200000e+01
      vertex   2.008301e+02 1.464466e-01 3.258142e+01
      vertex   2.007536e+02 1.464466e-01 3.200000e+01
    endloop
  endfacet
  facet normal 7.890610e-01 -6.054678e-01 1.038819e-01
    outer loop
      vertex   2.008330e+02 2.500000e-01 3.200000e+01
      vertex   2.007536e+02 1.464466e-01 3.200000e+01
      vertex   2.009069e+02 2.500000e-01 3.143914e+01
    endloop
  endfacet
  facet normal 7.890610e-01 -6.054678e-01 1.038819e-01
    outer loop
      vertex   2.009069e+02 2.500000e-01 3.143914e+01
      vertex   2.007536e+02 1.464466e-01 3.200000e+01
      vertex   2.008301e+02 1.464466e-01 3.141858e+01
    endloop
  endfacet
  facet normal 7.352878e-01 -6.054678e-01 3.045662e-01
    outer loop
      vertex   2.009069e+02 2.500000e-01 3.143914e+01
      vertex   2.008301e+02 1.464466e-01 3.141858e+01
      vertex   2.011233e+02 2.500000e-01 3.091651e+01
    endloop
  endfacet
  facet normal 7.352878e-01 -6.054678e-01 3.045662e-01
    outer loop
      vertex   2.011233e+02 2.500000e-01 3.091651e+01
      vertex   2.008301e+02 1.464466e-01 3.141858e+01
      vertex   2.010545e+02 1.464466e-01 3.087678e+01
    endloop
  endfacet
  facet normal 6.314060e-01 -6.054678e-01 4.844948e-01
    outer loop
      vertex   2.011233e+02 2.500000e-01 3.091651e+01
      vertex   2.010545e+02 1.464466e-01 3.087678e+01
      vertex   2.014677e+02 2.500000e-01 3.046771e+01
    endloop
  endfacet
  facet normal 6.314060e-01 -6.054678e-01 4.844948e-01
    outer loop
      vertex   2.014677e+02 2.500000e-01 3.046771e+01
      vertex   2.010545e+02 1.464466e-01 3.087678e+01
      vertex   2.014115e+02 1.464466e-01 3.041152e+01
    endloop
  endfacet
  facet normal 4.844948e-01 -6.054678e-01 6.314060e-01
    outer loop
      vertex   2.014677e+02 2.500000e-01 3.046771e+01
      vertex   2.014115e+02 1.464466e-01 3.041152e+01
      vertex   2.019165e+02 2.500000e-01 3.012333e+01
    endloop
  endfacet
  facet normal 4.844948e-01 -6.054678e-01 6.314060e-01
    outer loop
      vertex   2.019165e+02 2.500000e-01 3.012333e+01
      vertex   2.014115e+02 1.464466e-01 3.041152e+01
      vertex   2.018768e+02 1.464466e-01 3.005452e+01
    endloop
  endfacet
  facet normal 3.045662e-01 -6.054678e-01 7.352878e-01
    outer loop
      vertex   2.019165e+02 2.500000e-01 3.012333e+01
      vertex   2.018768e+02 1.464466e-01 3.005452e+01
      vertex   2.024391e+02 2.500000e-01 2.990685e+01
    endloop
  endfacet
  facet normal 3.045662e-01 -6.054678e-01 7.352878e-01
    outer loop
      vertex   2.024391e+02 2.500000e-01 2.990685e+01
      vertex   2.018768e+02 1.464466e-01 3.005452e+01
      vertex   2.024186e+02 1.464466e-01 2.983010e+01
    endloop
  endfacet
  facet normal 1.038819e-01 -6.054678e-01 7.890610e-01
    outer loop
      vertex   2.024391e+02 2.500000e-01 2.990685e+01
      vertex   2.024186e+02 1.464466e-01 2.983010e+01
      vertex   2.030000e+02 2.500000e-01 2.983301e+01
    endloop
  endfacet
  facet normal 1.038819e-01 -6.054678e-01 7.890610e-01
    outer loop
      vertex   2.030000e+02 2.500000e-01 2.983301e+01
      vertex   2.024186e+02 1.464466e-01 2.983010e+01
      vertex   2.030000e+02 1.464466e-01 2.975355e+01
    endloop
  endfacet
  facet normal -7.988880e-02 -7.908176e-01 6.068157e-01
    outer loop
      vertex   2.030000e+02 1.464466e-01 2.975355e+01
      vertex   2.030000e+02 6.698730e-02 2.965000e+01
      vertex   2.035814e+02 1.464466e-01 2.983010e+01
    endloop
  endfacet
  facet normal -7.988880e-02 -7.908176e-01 6.068157e-01
    outer loop
      vertex   2.035814e+02 1.464466e-01 2.983010e+01
      vertex   2.030000e+02 6.698730e-02 2.965000e+01
      vertex   2.036082e+02 6.698730e-02 2.973007e+01
    endloop
  endfacet
  facet normal -2.342221e-01 -7.908176e-01 5.654622e-01
    outer loop
      vertex   2.035814e+02 1.464466e-01 2.983010e+01
      vertex   2.036082e+02 6.698730e-02 2.973007e+01
      vertex   2.041232e+02 1.464466e-01 3.005452e+01
    endloop
  endfacet
  facet normal -2.342221e-01 -7.908176e-01 5.654622e-01
    outer loop
      vertex   2.041232e+02 1.464466e-01 3.005452e+01
      vertex   2.036082e+02 6.698730e-02 2.973007e+01
      vertex   2.041750e+02 6.698730e-02 2.996484e+01
    endloop
  endfacet
  facet normal -3.725936e-01 -7.908176e-01 4.855734e-01
    outer loop
      vertex   2.041232e+02 1.464466e-01 3.005452e+01
      vertex   2.041750e+02 6.698730e-02 2.996484e+01
      vertex   2.045885e+02 1.464466e-01 3.041152e+01
    endloop
  endfacet
  facet normal -3.725936e-01 -7.908176e-01 4.855734e-01
    outer loop
      vertex   2.045885e+02 1.464466e-01 3.041152e+01
      vertex   2.041750e+02 6.698730e-02 2.996484e+01
      vertex   2.046617e+02 6.698730e-02 3.033830e+01
    endloop
  endfacet
  facet normal -4.855734e-01 -7.908176e-01 3.725936e-01
    outer loop
      vertex   2.045885e+02 1.464466e-01 3.041152e+01
      vertex   2.046617e+02 6.698730e-02 3.033830e+01
      vertex   2.049455e+02 1.464466e-01 3.087678e+01
    endloop
  endfacet
  facet normal -4.855734e-01 -7.908176e-01 3.725936e-01
    outer loop
      vertex   2.049455e+02 1.464466e-01 3.087678e+01
      vertex   2.046617e+02 6.698730e-02 3.033830e+01
      vertex   2.050352e+02 6.698730e-02 3.082500e+01
    endloop
  endfacet
  facet normal -5.654622e-01 -7.908176e-01 2.342221e-01
    outer loop
      vertex   2.049455e+02 1.464466e-01 3.087678e+01
      vertex   2.050352e+02 6.698730e-02 3.082500e+01
      vertex   2.051699e+02 1.464466e-01 3.141858e+01
    endloop
  endfacet
  facet normal -5.654622e-01 -7.908176e-01 2.342221e-01
    outer loop
      vertex   2.051699e+02 1.464466e-01 3.141858e+01
      vertex   2.050352e+02 6.698730e-02 3.082500e+01
      vertex   2.052699e+02 6.698730e-02 3.139178e+01
    endloop
  endfacet
  facet normal -6.068157e-01 -7.908176e-01 7.988880e-02
    outer loop
      vertex   2.051699e+02 1.464466e-01 3.141858e+01
      vertex   2.052699e+02 6.698730e-02 3.139178e+01
      vertex   2.052464e+02 1.464466e-01 3.200000e+01
    endloop
  endfacet
  facet normal -6.068157e-01 -7.908176e-01 7.988880e-02
    outer loop
      vertex   2.052464e+02 1.464466e-01 3.200000e+01
      vertex   2.052699e+02 6.698730e-02 3.139178e+01
      vertex   2.053500e+02 6.698730e-02 3.200000e+01
    endloop
  endfacet
  facet normal -6.068157e-01 -7.908176e-01 -7.988880e-02
    outer loop
      vertex   2.052464e+02 1.464466e-01 3.200000e+01
      vertex   2.053500e+02 6.698730e-02 3.200000e+01
      vertex   2.051699e+02 1.464466e-01 3.258142e+01
    endloop
  endfacet
  facet normal -6.068157e-01 -7.908176e-01 -7.988880e-02
    outer loop
      vertex   2.051699e+02 1.464466e-01 3.258142e+01
      vertex   2.053500e+02 6.698730e-02 3.200000e+01
      vertex   2.052699e+02 6.698730e-02 3.260822e+01
    endloop
  endfacet
  facet normal -5.654622e-01 -7.908176e-01 -2.342221e-01
    outer loop
      vertex   2.051699e+02 1.464466e-01 3.258142e+01
      vertex   2.052699e+02 6.698730e-02 3.260822e+01
      vertex   2.049455e+02 1.464466e-01 3.312322e+01
    endloop
  endfacet
  facet normal -5.654622e-01 -7.908176e-01 -2.342221e-01
    outer loop
      vertex   2.049455e+02 1.464466e-01 3.312322e+01
      vertex   2.052699e+02 6.698730e-02 3.260822e+01
      vertex   2.050352e+02 6.698730e-02 3.317500e+01
    endloop
  endfacet
  facet normal -4.855734e-01 -7.908176e-01 -3.725936e-01
    outer loop
      vertex   2.049455e+02 1.464466e-01 3.312322e+01
      vertex   2.050352e+02 6.698730e-02 3.317500e+01
      vertex   2.045885e+02 1.464466e-01 3.358848e+01
    endloop
  endfacet
  facet normal -4.855734e-01 -7.908176e-01 -3.725936e-01
    outer loop
      vertex   2.045885e+02 1.464466e-01 3.358848e+01
      vertex   2.050352e+02 6.698730e-02 3.317500e+01
      vertex   2.046617e+02 6.698730e-02 3.366170e+01
    endloop
  endfacet
  facet normal -3.725936e-01 -7.908176e-01 -4.855734e-01
    outer loop
      vertex   2.045885e+02 1.464466e-01 3.358848e+01
      vertex   2.046617e+02 6.698730e-02 3.366170e+01
      vertex   2.041232e+02 1.464466e-01 3.394548e+01
    endloop
  endfacet
  facet normal -3.725936e-01 -7.908176e-01 -4.855734e-01
    outer loop
      vertex   2.041232e+02 1.464466e-01 3.394548e+01
      vertex   2.046617e+02 6.698730e-02 3.366170e+01
      vertex   2.041750e+02 6.698730e-02 3.403516e+01
    endloop
  endfacet
  facet normal -2.342221e-01 -7.908176e-01 -5.654622e-01
    outer loop
      vertex   2.041232e+02 1.464466e-01 3.394548e+01
      vertex   2.041750e+02 6.698730e-02 3.403516e+01
      vertex   2.035814e+02 1.464466e-01 3.416990e+01
    endloop
  endfacet
  facet normal -2.342221e-01 -7.908176e-01 -5.654622e-01
    outer loop
      vertex   2.035814e+02 1.464466e-01 3.416990e+01
      vertex   2.041750e+02 6.698730e-02 3.403516e+01
      vertex   2.036082e+02 6.698730e-02 3.426993e+01
    endloop
  endfacet
  facet normal -7.988880e-02 -7.908176e-01 -6.068157e-01
    outer loop
      vertex   2.035814e+02 1.464466e-01 3.416990e+01
      vertex   2.036082e+02 6.698730e-02 3.426993e+01
      vertex   2.030000e+02 1.464466e-01 3.424645e+01
    endloop
  endfacet
  facet normal -7.988880e-02 -7.908176e-01 -6.068157e-01
    outer loop
      vertex   2.030000e+02 1.464466e-01 3.424645e+01
      vertex   2.036082e+02 6.698730e-02 3.426993e+01
      vertex   2.030000e+02 6.698730e-02 3.435000e+01
    endloop
  endfacet
  facet normal 7.988880e-02 -7.908176e-01 -6.068157e-01
    outer loop
      vertex   2.030000e+02 1.464466e-01 3.424645e+01
      vertex   2.030000e+02 6.698730e-02 3.435000e+01
      vertex   2.024186e+02 1.464466e-01 3.416990e+01
    endloop
  endfacet
  facet normal 7.988880e-02 -7.908176e-01 -6.068157e-01
    outer loop
      vertex   2.024186e+02 1.464466e-01 3.416990e+01
      vertex   2.030000e+02 6.698730e-02 3.435000e+01
      vertex   2.023918e+02 6.698730e-02 3.426993e+01
    endloop
  endfacet
  facet normal 2.342221e-01 -7.908176e-01 -5.654622e-01
    outer loop
      vertex   2.024186e+02 1.464466e-01 3.416990e+01
      vertex   2.023918e+02 6.698730e-02 3.426993e+01
      vertex   2.018768e+02 1.464466e-01 3.394548e+01
    endloop
  endfacet
  facet normal 2.342221e-01 -7.908176e-01 -5.654622e-01
    outer loop
      vertex   2.018768e+02 1.464466e-01 3.394548e+01
      vertex   2.023918e+02 6.698730e-02 3.426993e+01
      vertex   2.018250e+02 6.698730e-02 3.403516e+01
    endloop
  endfacet
  facet normal 3.725936e-01 -7.908176e-01 -4.855734e-01
    outer loop
      vertex   2.018768e+02 1.464466e-01 3.394548e+01
      vertex   2.018250e+02 6.698730e-02 3.403516e+01
      vertex   2.014115e+02 1.464466e-01 3.358848e+01
    endloop
  endfacet
  facet normal 3.725936e-01 -7.908176e-01 -4.855734e-01
    outer loop
      vertex   2.014115e+02 1.464466e-01 3.358848e+01
      vertex   2.018250e+02 6.698730e-02 3.403516e+01
      vertex   2.013383e+02 6.698730e-02 3.366170e+01
    endloop
  endfacet
  facet normal 4.855734e-01 -7.908176e-01 -3.725936e-01
    outer loop
      vertex   2.014115e+02 1.464466e-01 3.358848e+01
      vertex   2.013383e+02 6.698730e-02 3.366170e+01
      vertex   2.010545e+02 1.464466e-01 3.312322e+01
    endloop
  endfacet
  facet normal 4.855734e-01 -7.908176e-01 -3.725936e-01
    outer loop
      vertex   2.010545e+02 1.464466e-01 3.312322e+01
      vertex   2.013383e+02 6.698730e-02 3.366170e+01
      vertex   2.009648e+02 6.698730e-02 3.317500e+01
    endloop
  endfacet
  facet normal 5.654622e-01 -7.908176e-01 -2.342221e-01
    outer loop
      vertex   2.010545e+02 1.464466e-01 3.312322e+01
      vertex   2.009648e+02 6.698730e-02 3.317500e+01
      vertex   2.008301e+02 1.464466e-01 3.258142e+01
    endloop
  endfacet
  facet normal 5.654622e-01 -7.908176e-01 -2.342221e-01
    outer loop
      vertex   2.008301e+02 1.464466e-01 3.258142e+01
      vertex   2.009648e+02 6.698730e-02 3.317500e+01
      vertex   2.007301e+02 6.698730e-02 3.260822e+01
    endloop
  endfacet
  facet normal 6.068157e-01 -7.908176e-01 -7.988880e-02
    outer loop
      vertex   2.008301e+02 1.464466e-01 3.258142e+01
      vertex   2.007301e+02 6.698730e-02 3.260822e+01
      vertex   2.007536e+02 1.464466e-01 3.200000e+01
    endloop
  endfacet
  facet normal 6.068157e-01 -7.908176e-01 -7.988880e-02
    outer loop
      vertex   2.007536e+02 1.464466e-01 3.200000e+01
      vertex   2.007301e+02 6.698730e-02 3.260822e+01
      vertex   2.006500e+02 6.698730e-02 3.200000e+01
    endloop
  endfacet
  facet normal 6.068157e-01 -7.908176e-01 7.988880e-02
    outer loop
      vertex   2.007536e+02 1.464466e-01 3.200000e+01
      vertex   2.006500e+02 6.698730e-02 3.200000e+01
      vertex   2.008301e+02 1.464466e-01 3.141858e+01
    endloop
  endfacet
  facet normal 6.068157e-01 -7.908176e-01 7.988880e-02
    outer loop
      vertex   2.008301e+02 1.464466e-01 3.141858e+01
      vertex   2.006500e+02 6.698730e-02 3.200000e+01
      vertex   2.007301e+02 6.698730e-02 3.139178e+01
    endloop
  endfacet
  facet normal 5.654622e-01 -7.908176e-01 2.342221e-01
    outer loop
      vertex   2.008301e+02 1.464466e-01 3.141858e+01
      vertex   2.007301e+02 6.698730e-02 3.139178e+01
      vertex   2.010545e+02 1.464466e-01 3.087678e+01
    endloop
  endfacet
  facet normal 5.654622e-01 -7.908176e-01 2.342221e-01
    outer loop
      vertex   2.010545e+02 1.464466e-01 3.087678e+01
      vertex   2.007301e+02 6.698730e-02 3.139178e+01
      vertex   2.009648e+02 6.698730e-02 3.082500e+01
    endloop
  endfacet
  facet normal 4.855734e-01 -7.908176e-01 3.725936e-01
    outer loop
      vertex   2.010545e+02 1.464466e-01 3.087678e+01
      vertex   2.009648e+02 6.698730e-02 3.082500e+01
      vertex   2.014115e+02 1.464466e-01 3.041152e+01
    endloop
  endfacet
  facet normal 4.855734e-01 -7.908176e-01 3.725936e-01
    outer loop
      vertex   2.014115e+02 1.464466e-01 3.041152e+01
      vertex   2.009648e+02 6.698730e-02 3.082500e+01
      vertex   2.013383e+02 6.698730e-02 3.033830e+01
    endloop
  endfacet
  facet normal 3.725936e-01 -7.908176e-01 4.855734e-01
    outer loop
      vertex   2.014115e+02 1.464466e-01 3.041152e+01
      vertex   2.013383e+02 6.698730e-02 3.033830e+01
      vertex   2.018768e+02 1.464466e-01 3.005452e+01
    endloop
  endfacet
  facet normal 3.725936e-01 -7.908176e-01 4.855734e-01
    outer loop
      vertex   2.018768e+02 1.464466e-01 3.005452e+01
      vertex   2.013383e+02 6.698730e-02 3.033830e+01
      vertex   2.018250e+02 6.698730e-02 2.996484e+01
    endloop
  endfacet
  facet normal 2.342221e-01 -7.908176e-01 5.654622e-01
    outer loop
      vertex   2.018768e+02 1.464466e-01 3.005452e+01
      vertex   2.018250e+02 6.698730e-02 2.996484e+01
      vertex   2.024186e+02 1.464466e-01 2.983010e+01
    endloop
  endfacet
  facet normal 2.342221e-01 -7.908176e-01 5.654622e-01
    outer loop
      vertex   2.024186e+02 1.464466e-01 2.983010e+01
      vertex   2.018250e+02 6.698730e-02 2.996484e+01
      vertex   2.023918e+02 6.698730e-02 2.973007e+01
    endloop
  endfacet
  facet normal 7.988880e-02 -7.908176e-01 6.068157e-01
    outer loop
      vertex   2.024186e+02 1.464466e-01 2.983010e+01
      vertex   2.023918e+02 6.698730e-02 2.973007e+01
      vertex   2.030000e+02 1.464466e-01 2.975355e+01
    endloop
  endfacet
  facet normal 7.988880e-02 -7.908176e-01 6.068157e-01
    outer loop
      vertex   2.030000e+02 1.464466e-01 2.975355e+01
      vertex   2.023918e+02 6.698730e-02 2.973007e+01
      vertex   2.030000e+02 6.698730e-02 2.965000e+01
    endloop
  endfacet
  facet normal -5.031741e-02 -9.227092e-01 3.821987e-01
    outer loop
      vertex   2.030000e+02 6.698730e-02 2.965000e+01
      vertex   2.030000e+02 1.703709e-02 2.952941e+01
      vertex   2.036082e+02 6.698730e-02 2.973007e+01
    endloop
  endfacet
  facet normal -5.031741e-02 -9.227092e-01 3.821987e-01
    outer loop
      vertex   2.036082e+02 6.698730e-02 2.973007e+01
      vertex   2.030000e+02 1.703709e-02 2.952941e+01
      vertex   2.036394e+02 1.703709e-02 2.961359e+01
    endloop
  endfacet
  facet normal -1.475232e-01 -9.227092e-01 3.561525e-01
    outer loop
      vertex   2.036082e+02 6.698730e-02 2.973007e+01
      vertex   2.036394e+02 1.703709e-02 2.961359e+01
      vertex   2.041750e+02 6.698730e-02 2.996484e+01
    endloop
  endfacet
  facet normal -1.475232e-01 -9.227092e-01 3.561525e-01
    outer loop
      vertex   2.041750e+02 6.698730e-02 2.996484e+01
      vertex   2.036394e+02 1.703709e-02 2.961359e+01
      vertex   2.042353e+02 1.703709e-02 2.986041e+01
    endloop
  endfacet
  facet normal -2.346755e-01 -9.227092e-01 3.058351e-01
    outer loop
      vertex   2.041750e+02 6.698730e-02 2.996484e+01
      vertex   2.042353e+02 1.703709e-02 2.986041e+01
      vertex   2.046617e+02 6.698730e-02 3.033830e+01
    endloop
  endfacet
  facet normal -2.346755e-01 -9.227092e-01 3.058351e-01
    outer loop
      vertex   2.046617e+02 6.698730e-02 3.033830e+01
      vertex   2.042353e+02 1.703709e-02 2.986041e+01
      vertex   2.047470e+02 1.703709e-02 3.025303e+01
    endloop
  endfacet
  facet normal -3.058351e-01 -9.227092e-01 2.346755e-01
    outer loop
      vertex   2.046617e+02 6.698730e-02 3.033830e+01
      vertex   2.047470e+02 1.703709e-02 3.025303e+01
      vertex   2.050352e+02 6.698730e-02 3.082500e+01
    endloop
  endfacet
  facet normal -3.058351e-01 -9.227092e-01 2.346755e-01
    outer loop
      vertex   2.050352e+02 6.698730e-02 3.082500e+01
      vertex   2.047470e+02 1.703709e-02 3.025303e+01
      vertex   2.051396e+02 1.703709e-02 3.076470e+01
    endloop
  endfacet
  facet normal -3.561525e-01 -9.227092e-01 1.475232e-01
    outer loop
      vertex   2.050352e+02 6.698730e-02 3.082500e+01
      vertex   2.051396e+02 1.703709e-02 3.076470e+01
      vertex   2.052699e+02 6.698730e-02 3.139178e+01
    endloop
  endfacet
  facet normal -3.561525e-01 -9.227092e-01 1.475232e-01
    outer loop
      vertex   2.052699e+02 6.698730e-02 3.139178e+01
      vertex   2.051396e+02 1.703709e-02 3.076470e+01
      vertex   2.053864e+02 1.703709e-02 3.136056e+01
    endloop
  endfacet
  facet normal -3.821987e-01 -9.227092e-01 5.031741e-02
    outer loop
      vertex   2.052699e+02 6.698730e-02 3.139178e+01
      vertex   2.053864e+02 1.703709e-02 3.136056e+01
      vertex   2.053500e+02 6.698730e-02 3.200000e+01
    endloop
  endfacet
  facet normal -3.821987e-01 -9.227092e-01 5.031741e-02
    outer loop
      vertex   2.053500e+02 6.698730e-02 3.200000e+01
      vertex   2.053864e+02 1.703709e-02 3.136056e+01
      vertex   2.054706e+02 1.703709e-02 3.200000e+01
    endloop
  endfacet
  facet normal -3.821987e-01 -9.227092e-01 -5.031741e-02
    outer loop
      vertex   2.053500e+02 6.698730e-02 3.200000e+01
      vertex   2.054706e+02 1.703709e-02 3.200000e+01
      vertex   2.052699e+02 6.698730e-02 3.260822e+01
    endloop
  endfacet
  facet normal -3.821987e-01 -9.227092e-01 -5.031741e-02
    outer loop
      vertex   2.052699e+02 6.698730e-02 3.260822e+01
      vertex   2.054706e+02 1.703709e-02 3.200000e+01
      vertex   2.053864e+02 1.703709e-02 3.263944e+01
    endloop
  endfacet
  facet normal -3.561525e-01 -9.227092e-01 -1.475232e-01
    outer loop
      vertex   2.052699e+02 6.698730e-02 3.260822e+01
      vertex   2.053864e+02 1.703709e-02 3.263944e+01
      vertex   2.050352e+02 6.698730e-02 3.317500e+01
    endloop
  endfacet
  facet normal -3.561525e-01 -9.227092e-01 -1.475232e-01
    outer loop
      vertex   2.050352e+02 6.698730e-02 3.317500e+01
      vertex   2.053864e+02 1.703709e-02 3.263944e+01
      vertex   2.051396e+02 1.703709e-02 3.323530e+01
    endloop
  endfacet
  facet normal -3.058351e-01 -9.227092e-01 -2.346755e-01
    outer loop
      vertex   2.050352e+02 6.698730e-02 3.317500e+01
      vertex   2.051396e+02 1.703709e-02 3.323530e+01
      vertex   2.046617e+02 6.698730e-02 3.366170e+01
    endloop
  endfacet
  facet normal -3.058351e-01 -9.227092e-01 -2.346755e-01
    outer loop
      vertex   2.046617e+02 6.698730e-02 3.366170e+01
      vertex   2.051396e+02 1.703709e-02 3.323530e+01
      vertex   2.047470e+02 1.703709e-02 3.374697e+01
    endloop
  endfacet
  facet normal -2.346755e-01 -9.227092e-01 -3.058351e-01
    outer loop
      vertex   2.046617e+02 6.698730e-02 3.366170e+01
      vertex   2.047470e+02 1.703709e-02 3.374697e+01
      vertex   2.041750e+02 6.698730e-02 3.403516e+01
    endloop
  endfacet
  facet normal -2.346755e-01 -9.227092e-01 -3.058351e-01
    outer loop
      vertex   2.041750e+02 6.698730e-02 3.403516e+01
      vertex   2.047470e+02 1.703709e-02 3.374697e+01
      vertex   2.042353e+02 1.703709e-02 3.413959e+01
    endloop
  endfacet
  facet normal -1.475232e-01 -9.227092e-01 -3.561525e-01
    outer loop
      vertex   2.041750e+02 6.698730e-02 3.403516e+01
      vertex   2.042353e+02 1.703709e-02 3.413959e+01
      vertex   2.036082e+02 6.698730e-02 3.426993e+01
    endloop
  endfacet
  facet normal -1.475232e-01 -9.227092e-01 -3.561525e-01
    outer loop
      vertex   2.036082e+02 6.698730e-02 3.426993e+01
      vertex   2.042353e+02 1.703709e-02 3.413959e+01
      vertex   2.036394e+02 1.703709e-02 3.438641e+01
    endloop
  endfacet
  facet normal -5.031741e-02 -9.227092e-01 -3.821987e-01
    outer loop
      vertex   2.036082e+02 6.698730e-02 3.426993e+01
      vertex   2.036394e+02 1.703709e-02 3.438641e+01
      vertex   2.030000e+02 6.698730e-02 3.435000e+01
    endloop
  endfacet
  facet normal -5.031741e-02 -9.227092e-01 -3.821987e-01
    outer loop
      vertex   2.030000e+02 6.698730e-02 3.435000e+01
      vertex   2.036394e+02 1.703709e-02 3.438641e+01
      vertex   2.030000e+02 1.703709e-02 3.447059e+01
    endloop
  endfacet
  facet normal 5.031741e-02 -9.227092e-01 -3.821987e-01
    outer loop
      vertex   2.030000e+02 6.698730e-02 3.435000e+01
      vertex   2.030000e+02 1.703709e-02 3.447059e+01
      vertex   2.023918e+02 6.698730e-02 3.426993e+01
    endloop
  endfacet
  facet normal 5.031741e-02 -9.227092e-01 -3.821987e-01
    outer loop
      vertex   2.023918e+02 6.698730e-02 3.426993e+01
      vertex   2.030000e+02 1.703709e-02 3.447059e+01
      vertex   2.023606e+02 1.703709e-02 3.438641e+01
    endloop
  endfacet
  facet normal 1.475232e-01 -9.227092e-01 -3.561525e-01
    outer loop
      vertex   2.023918e+02 6.698730e-02 3.426993e+01
      vertex   2.023606e+02 1.703709e-02 3.438641e+01
      vertex   2.018250e+02 6.698730e-02 3.403516e+01
    endloop
  endfacet
  facet normal 1.475232e-01 -9.227092e-01 -3.561525e-01
    outer loop
      vertex   2.018250e+02 6.698730e-02 3.403516e+01
      vertex   2.023606e+02 1.703709e-02 3.438641e+01
      vertex   2.017647e+02 1.703709e-02 3.413959e+01
    endloop
  endfacet
  facet normal 2.346755e-01 -9.227092e-01 -3.058351e-01
    outer loop
      vertex   2.018250e+02 6.698730e-02 3.403516e+01
      vertex   2.017647e+02 1.703709e-02 3.413959e+01
      vertex   2.013383e+02 6.698730e-02 3.366170e+01
    endloop
  endfacet
  facet normal 2.346755e-01 -9.227092e-01 -3.058351e-01
    outer loop
      vertex   2.013383e+02 6.698730e-02 3.366170e+01
      vertex   2.017647e+02 1.703709e-02 3.413959e+01
      vertex   2.012530e+02 1.703709e-02 3.374697e+01
    endloop
  endfacet
  facet normal 3.058351e-01 -9.227092e-01 -2.346755e-01
    outer loop
      vertex   2.013383e+02 6.698730e-02 3.366170e+01
      vertex   2.012530e+02 1.703709e-02 3.374697e+01
      vertex   2.009648e+02 6.698730e-02 3.317500e+01
    endloop
  endfacet
  facet normal 3.058351e-01 -9.227092e-01 -2.346755e-01
    outer loop
      vertex   2.009648e+02 6.698730e-02 3.317500e+01
      vertex   2.012530e+02 1.703709e-02 3.374697e+01
      vertex   2.008604e+02 1.703709e-02 3.323530e+01
    endloop
  endfacet
  facet normal 3.561525e-01 -9.227092e-01 -1.475232e-01
    outer loop
      vertex   2.009648e+02 6.698730e-02 3.317500e+01
      vertex   2.008604e+02 1.703709e-02 3.323530e+01
      vertex   2.007301e+02 6.698730e-02 3.260822e+01
    endloop
  endfacet
  facet normal 3.561525e-01 -9.227092e-01 -1.475232e-01
    outer loop
      vertex   2.007301e+02 6.698730e-02 3.260822e+01
      vertex   2.008604e+02 1.703709e-02 3.323530e+01
      vertex   2.006136e+02 1.703709e-02 3.263944e+01
    endloop
  endfacet
  facet normal 3.821987e-01 -9.227092e-01 -5.031741e-02
    outer loop
      vertex   2.007301e+02 6.698730e-02 3.260822e+01
      vertex   2.006136e+02 1.703709e-02 3.263944e+01
      vertex   2.006500e+02 6.698730e-02 3.200000e+01
    endloop
  endfacet
  facet normal 3.821987e-01 -9.227092e-01 -5.031741e-02
    outer loop
      vertex   2.006500e+02 6.698730e-02 3.200000e+01
      vertex   2.006136e+02 1.703709e-02 3.263944e+01
      vertex   2.005294e+02 1.703709e-02 3.200000e+01
    endloop
  endfacet
  facet normal 3.821987e-01 -9.227092e-01 5.031741e-02
    outer loop
      vertex   2.006500e+02 6.698730e-02 3.200000e+01
      vertex   2.005294e+02 1.703709e-02 3.200000e+01
      vertex   2.007301e+02 6.698730e-02 3.139178e+01
    endloop
  endfacet
  facet normal 3.821987e-01 -9.227092e-01 5.031741e-02
    outer loop
      vertex   2.007301e+02 6.698730e-02 3.139178e+01
      vertex   2.005294e+02 1.703709e-02 3.200000e+01
      vertex   2.006136e+02 1.703709e-02 3.136056e+01
    endloop
  endfacet
  facet normal 3.561525e-01 -9.227092e-01 1.475232e-01
    outer loop
      vertex   2.007301e+02 6.698730e-02 3.139178e+01
      vertex   2.006136e+02 1.703709e-02 3.136056e+01
      vertex   2.009648e+02 6.698730e-02 3.082500e+01
    endloop
  endfacet
  facet normal 3.561525e-01 -9.227092e-01 1.475232e-01
    outer loop
      vertex   2.009648e+02 6.698730e-02 3.082500e+01
      vertex   2.006136e+02 1.703709e-02 3.136056e+01
      vertex   2.008604e+02 1.703709e-02 3.076470e+01
    endloop
  endfacet
  facet normal 3.058351e-01 -9.227092e-01 2.346755e-01
    outer loop
      vertex   2.009648e+02 6.698730e-02 3.082500e+01
      vertex   2.008604e+02 1.703709e-02 3.076470e+01
      vertex   2.013383e+02 6.698730e-02 3.033830e+01
    endloop
  endfacet
  facet normal 3.058351e-01 -9.227092e-01 2.346755e-01
    outer loop
      vertex   2.013383e+02 6.698730e-02 3.033830e+01
      vertex   2.008604e+02 1.703709e-02 3.076470e+01
      vertex   2.012530e+02 1.703709e-02 3.025303e+01
    endloop
  endfacet
  facet normal 2.346755e-01 -9.227092e-01 3.058351e-01
    outer loop
      vertex   2.013383e+02 6.698730e-02 3.033830e+01
      vertex   2.012530e+02 1.703709e-02 3.025303e+01
      vertex   2.018250e+02 6.698730e-02 2.996484e+01
    endloop
  endfacet
  facet normal 2.346755e-01 -9.227092e-01 3.058351e-01
    outer loop
      vertex   2.018250e+02 6.698730e-02 2.996484e+01
      vertex   2.012530e+02 1.703709e-02 3.025303e+01
      vertex   2.017647e+02 1.703709e-02 2.986041e+01
    endloop
  endfacet
  facet normal 1.475232e-01 -9.227092e-01 3.561525e-01
    outer loop
      vertex   2.018250e+02 6.698730e-02 2.996484e+01
      vertex   2.017647e+02 1.703709e-02 2.986041e+01
      vertex   2.023918e+02 6.698730e-02 2.973007e+01
    endloop
  endfacet
  facet normal 1.475232e-01 -9.227092e-01 3.561525e-01
    outer loop
      vertex   2.023918e+02 6.698730e-02 2.973007e+01
      vertex   2.017647e+02 1.703709e-02 2.986041e+01
      vertex   2.023606e+02 1.703709e-02 2.961359e+01
    endloop
  endfacet
  facet normal 5.031741e-02 -9.227092e-01 3.821987e-01
    outer loop
      vertex   2.023918e+02 6.698730e-02 2.973007e+01
      vertex   2.023606e+02 1.703709e-02 2.961359e+01
      vertex   2.030000e+02 6.698730e-02 2.965000e+01
    endloop
  endfacet
  facet normal 5.031741e-02 -9.227092e-01 3.821987e-01
    outer loop
      vertex   2.030000e+02 6.698730e-02 2.965000e+01
      vertex   2.023606e+02 1.703709e-02 2.961359e+01
      vertex   2.030000e+02 1.703709e-02 2.952941e+01
    endloop
  endfacet
  facet normal 9.914449e-01 0.000000e+00 -1.305262e-01
    outer loop
      vertex   2.009716e+02 3.000000e+00 3.254352e+01
      vertex   2.009716e+02 5.000000e-01 3.254352e+01
      vertex   2.009000e+02 3.000000e+00 3.200000e+01
    endloop
  endfacet
  facet normal 9.914449e-01 -1.127142e-14 -1.305262e-01
    outer loop
      vertex   2.009000e+02 3.000000e+00 3.200000e+01
      vertex   2.009716e+02 5.000000e-01 3.254352e+01
      vertex   2.009000e+02 5.000000e-01 3.200000e+01
    endloop
  endfacet
  facet normal 9.914449e-01 -1.127142e-14 1.305262e-01
    outer loop
      vertex   2.009000e+02 3.000000e+00 3.200000e+01
      vertex   2.009000e+02 5.000000e-01 3.200000e+01
      vertex   2.009716e+02 3.000000e+00 3.145648e+01
    endloop
  endfacet
  facet normal 9.914449e-01 0.000000e+00 1.305262e-01
    outer loop
      vertex   2.009716e+02 3.000000e+00 3.145648e+01
      vertex   2.009000e+02 5.000000e-01 3.200000e+01
      vertex   2.009716e+02 5.000000e-01 3.145648e+01
    endloop
  endfacet
  facet normal 9.238795e-01 0.000000e+00 3.826834e-01
    outer loop
      vertex   2.009716e+02 3.000000e+00 3.145648e+01
      vertex   2.009716e+02 5.000000e-01 3.145648e+01
      vertex   2.011813e+02 3.000000e+00 3.095000e+01
    endloop
  endfacet
  facet normal 9.238795e-01 0.000000e+00 3.826834e-01
    outer loop
      vertex   2.011813e+02 3.000000e+00 3.095000e+01
      vertex   2.009716e+02 5.000000e-01 3.145648e+01
      vertex   2.011813e+02 5.000000e-01 3.095000e+01
    endloop
  endfacet
  facet normal 7.933533e-01 0.000000e+00 6.087614e-01
    outer loop
      vertex   2.011813e+02 3.000000e+00 3.095000e+01
      vertex   2.011813e+02 5.000000e-01 3.095000e+01
      vertex   2.015151e+02 3.000000e+00 3.051508e+01
    endloop
  endfacet
  facet normal 7.933533e-01 0.000000e+00 6.087614e-01
    outer loop
      vertex   2.015151e+02 3.000000e+00 3.051508e+01
      vertex   2.011813e+02 5.000000e-01 3.095000e+01
      vertex   2.015151e+02 5.000000e-01 3.051508e+01
    endloop
  endfacet
  facet normal 6.087614e-01 0.000000e+00 7.933533e-01
    outer loop
      vertex   2.015151e+02 3.000000e+00 3.051508e+01
      vertex   2.015151e+02 5.000000e-01 3.051508e+01
      vertex   2.019500e+02 3.000000e+00 3.018135e+01
    endloop
  endfacet
  facet normal 6.087614e-01 0.000000e+00 7.933533e-01
    outer loop
      vertex   2.019500e+02 3.000000e+00 3.018135e+01
      vertex   2.015151e+02 5.000000e-01 3.051508e+01
      vertex   2.019500e+02 5.000000e-01 3.018135e+01
    endloop
  endfacet
  facet normal 3.826834e-01 0.000000e+00 9.238795e-01
    outer loop
      vertex   2.019500e+02 3.000000e+00 3.018135e+01
      vertex   2.019500e+02 5.000000e-01 3.018135e+01
      vertex   2.024565e+02 3.000000e+00 2.997156e+01
    endloop
  endfacet
  facet normal 3.826834e-01 -2.625824e-15 9.238795e-01
    outer loop
      vertex   2.024565e+02 3.000000e+00 2.997156e+01
      vertex   2.019500e+02 5.000000e-01 3.018135e+01
      vertex   2.024565e+02 5.000000e-01 2.997156e+01
    endloop
  endfacet
  facet normal 1.305262e-01 -2.817856e-15 9.914449e-01
    outer loop
      vertex   2.024565e+02 3.000000e+00 2.997156e+01
      vertex   2.024565e+02 5.000000e-01 2.997156e+01
      vertex   2.030000e+02 3.000000e+00 2.990000e+01
    endloop
  endfacet
  facet normal 1.305262e-01 0.000000e+00 9.914449e-01
    outer loop
      vertex   2.030000e+02 3.000000e+00 2.990000e+01
      vertex   2.024565e+02 5.000000e-01 2.997156e+01
      vertex   2.030000e+02 5.000000e-01 2.990000e+01
    endloop
  endfacet
  facet normal -1.305262e-01 0.000000e+00 9.914449e-01
    outer loop
      vertex   2.030000e+02 3.000000e+00 2.990000e+01
      vertex   2.030000e+02 5.000000e-01 2.990000e+01
      vertex   2.035435e+02 3.000000e+00 2.997156e+01
    endloop
  endfacet
  facet normal -1.305262e-01 0.000000e+00 9.914449e-01
    outer loop
      vertex   2.035435e+02 3.000000e+00 2.997156e+01
      vertex   2.030000e+02 5.000000e-01 2.990000e+01
      vertex   2.035435e+02 5.000000e-01 2.997156e+01
    endloop
  endfacet
  facet normal -3.826834e-01 0.000000e+00 9.238795e-01
    outer loop
      vertex   2.035435e+02 3.000000e+00 2.997156e+01
      vertex   2.035435e+02 5.000000e-01 2.997156e+01
      vertex   2.040500e+02 3.000000e+00 3.018135e+01
    endloop
  endfacet
  facet normal -3.826834e-01 0.000000e+00 9.238795e-01
    outer loop
      vertex   2.040500e+02 3.000000e+00 3.018135e+01
      vertex   2.035435e+02 5.000000e-01 2.997156e+01
      vertex   2.040500e+02 5.000000e-01 3.018135e+01
    endloop
  endfacet
  facet normal -6.087614e-01 0.000000e+00 7.933533e-01
    outer loop
      vertex   2.040500e+02 3.000000e+00 3.018135e+01
      vertex   2.040500e+02 5.000000e-01 3.018135e+01
      vertex   2.044849e+02 3.000000e+00 3.051508e+01
    endloop
  endfacet
  facet normal -6.087614e-01 0.000000e+00 7.933533e-01
    outer loop
      vertex   2.044849e+02 3.000000e+00 3.051508e+01
      vertex   2.040500e+02 5.000000e-01 3.018135e+01
      vertex   2.044849e+02 5.000000e-01 3.051508e+01
    endloop
  endfacet
  facet normal -7.933533e-01 0.000000e+00 6.087614e-01
    outer loop
      vertex   2.044849e+02 3.000000e+00 3.051508e+01
      vertex   2.044849e+02 5.000000e-01 3.051508e+01
      vertex   2.048187e+02 3.000000e+00 3.095000e+01
    endloop
  endfacet
  facet normal -7.933533e-01 0.000000e+00 6.087614e-01
    outer loop
      vertex   2.048187e+02 3.000000e+00 3.095000e+01
      vertex   2.044849e+02 5.000000e-01 3.051508e+01
      vertex   2.048187e+02 5.000000e-01 3.095000e+01
    endloop
  endfacet
  facet normal -9.238795e-01 0.000000e+00 3.826834e-01
    outer loop
      vertex   2.048187e+02 3.000000e+00 3.095000e+01
      vertex   2.048187e+02 5.000000e-01 3.095000e+01
      vertex   2.050284e+02 3.000000e+00 3.145648e+01
    endloop
  endfacet
  facet normal -9.238795e-01 0.000000e+00 3.826834e-01
    outer loop
      vertex   2.050284e+02 3.000000e+00 3.145648e+01
      vertex   2.048187e+02 5.000000e-01 3.095000e+01
      vertex   2.050284e+02 5.000000e-01 3.145648e+01
    endloop
  endfacet
  facet normal -9.914449e-01 0.000000e+00 1.305262e-01
    outer loop
      vertex   2.050284e+02 3.000000e+00 3.145648e+01
      vertex   2.050284e+02 5.000000e-01 3.145648e+01
      vertex   2.051000e+02 3.000000e+00 3.200000e+01
    endloop
  endfacet
  facet normal -9.914449e-01 0.000000e+00 1.305262e-01
    outer loop
      vertex   2.051000e+02 3.000000e+00 3.200000e+01
      vertex   2.050284e+02 5.000000e-01 3.145648e+01
      vertex   2.051000e+02 5.000000e-01 3.200000e+01
    endloop
  endfacet
  facet normal -9.914449e-01 -0.000000e+00 -1.305262e-01
    outer loop
      vertex   2.051000e+02 3.000000e+00 3.200000e+01
      vertex   2.051000e+02 5.000000e-01 3.200000e+01
      vertex   2.050284e+02 3.000000e+00 3.254352e+01
    endloop
  endfacet
  facet normal -9.914449e-01 -0.000000e+00 -1.305262e-01
    outer loop
      vertex   2.050284e+02 3.000000e+00 3.254352e+01
      vertex   2.051000e+02 5.000000e-01 3.200000e+01
      vertex   2.050284e+02 5.000000e-01 3.254352e+01
    endloop
  endfacet
  facet normal -9.238795e-01 -0.000000e+00 -3.826834e-01
    outer loop
      vertex   2.050284e+02 3.000000e+00 3.254352e+01
      vertex   2.050284e+02 5.000000e-01 3.254352e+01
      vertex   2.048187e+02 3.000000e+00 3.305000e+01
    endloop
  endfacet
  facet normal -9.238795e-01 -0.000000e+00 -3.826834e-01
    outer loop
      vertex   2.048187e+02 3.000000e+00 3.305000e+01
      vertex   2.050284e+02 5.000000e-01 3.254352e+01
      vertex   2.048187e+02 5.000000e-01 3.305000e+01
    endloop
  endfacet
  facet normal -7.933533e-01 -0.000000e+00 -6.087614e-01
    outer loop
      vertex   2.048187e+02 3.000000e+00 3.305000e+01
      vertex   2.048187e+02 5.000000e-01 3.305000e+01
      vertex   2.044849e+02 3.000000e+00 3.348492e+01
    endloop
  endfacet
  facet normal -7.933533e-01 -0.000000e+00 -6.087614e-01
    outer loop
      vertex   2.044849e+02 3.000000e+00 3.348492e+01
      vertex   2.048187e+02 5.000000e-01 3.305000e+01
      vertex   2.044849e+02 5.000000e-01 3.348492e+01
    endloop
  endfacet
  facet normal -6.087614e-01 -0.000000e+00 -7.933533e-01
    outer loop
      vertex   2.044849e+02 3.000000e+00 3.348492e+01
      vertex   2.044849e+02 5.000000e-01 3.348492e+01
      vertex   2.040500e+02 3.000000e+00 3.381865e+01
    endloop
  endfacet
  facet normal -6.087614e-01 -0.000000e+00 -7.933533e-01
    outer loop
      vertex   2.040500e+02 3.000000e+00 3.381865e+01
      vertex   2.044849e+02 5.000000e-01 3.348492e+01
      vertex   2.040500e+02 5.000000e-01 3.381865e+01
    endloop
  endfacet
  facet normal -3.826834e-01 -0.000000e+00 -9.238795e-01
    outer loop
      vertex   2.040500e+02 3.000000e+00 3.381865e+01
      vertex   2.040500e+02 5.000000e-01 3.381865e+01
      vertex   2.035435e+02 3.000000e+00 3.402844e+01
    endloop
  endfacet
  facet normal -3.826834e-01 -0.000000e+00 -9.238795e-01
    outer loop
      vertex   2.035435e+02 3.000000e+00 3.402844e+01
      vertex   2.040500e+02 5.000000e-01 3.381865e+01
      vertex   2.035435e+02 5.000000e-01 3.402844e+01
    endloop
  endfacet
  facet normal -1.305262e-01 -0.000000e+00 -9.914449e-01
    outer loop
      vertex   2.035435e+02 3.000000e+00 3.402844e+01
      vertex   2.035435e+02 5.000000e-01 3.402844e+01
      vertex   2.030000e+02 3.000000e+00 3.410000e+01
    endloop
  endfacet
  facet normal -1.305262e-01 -0.000000e+00 -9.914449e-01
    outer loop
      vertex   2.030000e+02 3.000000e+00 3.410000e+01
      vertex   2.035435e+02 5.000000e-01 3.402844e+01
      vertex   2.030000e+02 5.000000e-01 3.410000e+01
    endloop
  endfacet
  facet normal 1.305262e-01 0.000000e+00 -9.914449e-01
    outer loop
      vertex   2.030000e+02 3.000000e+00 3.410000e+01
      vertex   2.030000e+02 5.000000e-01 3.410000e+01
      vertex   2.024565e+02 3.000000e+00 3.402844e+01
    endloop
  endfacet
  facet normal 1.305262e-01 0.000000e+00 -9.914449e-01
    outer loop
      vertex   2.024565e+02 3.000000e+00 3.402844e+01
      vertex   2.030000e+02 5.000000e-01 3.410000e+01
      vertex   2.024565e+02 5.000000e-01 3.402844e+01
    endloop
  endfacet
  facet normal 3.826834e-01 0.000000e+00 -9.238795e-01
    outer loop
      vertex   2.024565e+02 3.000000e+00 3.402844e+01
      vertex   2.024565e+02 5.000000e-01 3.402844e+01
      vertex   2.019500e+02 3.000000e+00 3.381865e+01
    endloop
  endfacet
  facet normal 3.826834e-01 0.000000e+00 -9.238795e-01
    outer loop
      vertex   2.019500e+02 3.000000e+00 3.381865e+01
      vertex   2.024565e+02 5.000000e-01 3.402844e+01
      vertex   2.019500e+02 5.000000e-01 3.381865e+01
    endloop
  endfacet
  facet normal 6.087614e-01 0.000000e+00 -7.933533e-01
    outer loop
      vertex   2.019500e+02 3.000000e+00 3.381865e+01
      vertex   2.019500e+02 5.000000e-01 3.381865e+01
      vertex   2.015151e+02 3.000000e+00 3.348492e+01
    endloop
  endfacet
  facet normal 6.087614e-01 0.000000e+00 -7.933533e-01
    outer loop
      vertex   2.015151e+02 3.000000e+00 3.348492e+01
      vertex   2.019500e+02 5.000000e-01 3.381865e+01
      vertex   2.015151e+02 5.000000e-01 3.348492e+01
    endloop
  endfacet
  facet normal 7.933533e-01 0.000000e+00 -6.087614e-01
    outer loop
      vertex   2.015151e+02 3.000000e+00 3.348492e+01
      vertex   2.015151e+02 5.000000e-01 3.348492e+01
      vertex   2.011813e+02 3.000000e+00 3.305000e+01
    endloop
  endfacet
  facet normal 7.933533e-01 0.000000e+00 -6.087614e-01
    outer loop
      vertex   2.011813e+02 3.000000e+00 3.305000e+01
      vertex   2.015151e+02 5.000000e-01 3.348492e+01
      vertex   2.011813e+02 5.000000e-01 3.305000e+01
    endloop
  endfacet
  facet normal 9.238795e-01 0.000000e+00 -3.826834e-01
    outer loop
      vertex   2.011813e+02 3.000000e+00 3.305000e+01
      vertex   2.011813e+02 5.000000e-01 3.305000e+01
      vertex   2.009716e+02 3.000000e+00 3.254352e+01
    endloop
  endfacet
  facet normal 9.238795e-01 0.000000e+00 -3.826834e-01
    outer loop
      vertex   2.009716e+02 3.000000e+00 3.254352e+01
      vertex   2.011813e+02 5.000000e-01 3.305000e+01
      vertex   2.009716e+02 5.000000e-01 3.254352e+01
    endloop
  endfacet
  facet normal -7.614036e-01 9.212586e-16 -6.482781e-01
    outer loop
      vertex   1.291000e+02 3.000000e+00 9.533333e+00
      vertex   1.291000e+02 5.000000e-01 9.533333e+00
      vertex   1.279385e+02 3.000000e+00 1.089749e+01
    endloop
  endfacet
  facet normal -7.614036e-01 4.606293e-16 -6.482781e-01
    outer loop
      vertex   1.279385e+02 3.000000e+00 1.089749e+01
      vertex   1.291000e+02 5.000000e-01 9.533333e+00
      vertex   1.279385e+02 5.000000e-01 1.089749e+01
    endloop
  endfacet
  facet normal -6.756427e-01 5.238329e-16 -7.372292e-01
    outer loop
      vertex   1.279385e+02 3.000000e+00 1.089749e+01
      vertex   1.279385e+02 5.000000e-01 1.089749e+01
      vertex   1.266177e+02 3.000000e+00 1.210799e+01
    endloop
  endfacet
  facet normal -6.756427e-01 -0.000000e+00 -7.372292e-01
    outer loop
      vertex   1.266177e+02 3.000000e+00 1.210799e+01
      vertex   1.279385e+02 5.000000e-01 1.089749e+01
      vertex   1.266177e+02 5.000000e-01 1.210799e+01
    endloop
  endfacet
  facet normal -5.795666e-01 -0.000000e+00 -8.149248e-01
    outer loop
      vertex   1.266177e+02 3.000000e+00 1.210799e+01
      vertex   1.266177e+02 5.000000e-01 1.210799e+01
      vertex   1.251576e+02 3.000000e+00 1.314636e+01
    endloop
  endfacet
  facet normal -5.795666e-01 1.158078e-15 -8.149248e-01
    outer loop
      vertex   1.251576e+02 3.000000e+00 1.314636e+01
      vertex   1.266177e+02 5.000000e-01 1.210799e+01
      vertex   1.251576e+02 5.000000e-01 1.314636e+01
    endloop
  endfacet
  facet normal -4.746422e-01 1.250809e-15 -8.801788e-01
    outer loop
      vertex   1.251576e+02 3.000000e+00 1.314636e+01
      vertex   1.251576e+02 5.000000e-01 1.314636e+01
      vertex   1.235807e+02 3.000000e+00 1.399674e+01
    endloop
  endfacet
  facet normal -4.746422e-01 -0.000000e+00 -8.801788e-01
    outer loop
      vertex   1.235807e+02 3.000000e+00 1.399674e+01
      vertex   1.251576e+02 5.000000e-01 1.314636e+01
      vertex   1.235807e+02 5.000000e-01 1.399674e+01
    endloop
  endfacet
  facet normal -3.624712e-01 -0.000000e+00 -9.319950e-01
    outer loop
      vertex   1.235807e+02 3.000000e+00 1.399674e+01
      vertex   1.235807e+02 5.000000e-01 1.399674e+01
      vertex   1.219109e+02 3.000000e+00 1.464615e+01
    endloop
  endfacet
  facet normal -3.624712e-01 -0.000000e+00 -9.319950e-01
    outer loop
      vertex   1.219109e+02 3.000000e+00 1.464615e+01
      vertex   1.235807e+02 5.000000e-01 1.399674e+01
      vertex   1.219109e+02 5.000000e-01 1.464615e+01
    endloop
  endfacet
  facet normal -2.447664e-01 -0.000000e+00 -9.695821e-01
    outer loop
      vertex   1.219109e+02 3.000000e+00 1.464615e+01
      vertex   1.219109e+02 5.000000e-01 1.464615e+01
      vertex   1.201738e+02 3.000000e+00 1.508468e+01
    endloop
  endfacet
  facet normal -2.447664e-01 -0.000000e+00 -9.695821e-01
    outer loop
      vertex   1.201738e+02 3.000000e+00 1.508468e+01
      vertex   1.219109e+02 5.000000e-01 1.464615e+01
      vertex   1.201738e+02 5.000000e-01 1.508468e+01
    endloop
  endfacet
  facet normal -1.233246e-01 -0.000000e+00 -9.923664e-01
    outer loop
      vertex   1.201738e+02 3.000000e+00 1.508468e+01
      vertex   1.201738e+02 5.000000e-01 1.508468e+01
      vertex   1.183958e+02 3.000000e+00 1.530564e+01
    endloop
  endfacet
  facet normal -1.233246e-01 -0.000000e+00 -9.923664e-01
    outer loop
      vertex   1.183958e+02 3.000000e+00 1.530564e+01
      vertex   1.201738e+02 5.000000e-01 1.508468e+01
      vertex   1.183958e+02 5.000000e-01 1.530564e+01
    endloop
  endfacet
  facet normal -0.000000e+00 -0.000000e+00 -1.000000e+00
    outer loop
      vertex   1.183958e+02 3.000000e+00 1.530564e+01
      vertex   1.183958e+02 5.000000e-01 1.530564e+01
      vertex   1.166042e+02 3.000000e+00 1.530564e+01
    endloop
  endfacet
  facet normal 0.000000e+00 0.000000e+00 -1.000000e+00
    outer loop
      vertex   1.166042e+02 3.000000e+00 1.530564e+01
      vertex   1.183958e+02 5.000000e-01 1.530564e+01
      vertex   1.166042e+02 5.000000e-01 1.530564e+01
    endloop
  endfacet
  facet normal 1.233246e-01 0.000000e+00 -9.923664e-01
    outer loop
      vertex   1.166042e+02 3.000000e+00 1.530564e+01
      vertex   1.166042e+02 5.000000e-01 1.530564e+01
      vertex   1.148262e+02 3.000000e+00 1.508468e+01
    endloop
  endfacet
  facet normal 1.233246e-01 0.000000e+00 -9.923664e-01
    outer loop
      vertex   1.148262e+02 3.000000e+00 1.508468e+01
      vertex   1.166042e+02 5.000000e-01 1.530564e+01
      vertex   1.148262e+02 5.000000e-01 1.508468e+01
    endloop
  endfacet
  facet normal 2.447664e-01 0.000000e+00 -9.695821e-01
    outer loop
      vertex   1.148262e+02 3.000000e+00 1.508468e+01
      vertex   1.148262e+02 5.000000e-01 1.508468e+01
      vertex   1.130891e+02 3.000000e+00 1.464615e+01
    endloop
  endfacet
  facet normal 2.447664e-01 0.000000e+00 -9.695821e-01
    outer loop
      vertex   1.130891e+02 3.000000e+00 1.464615e+01
      vertex   1.148262e+02 5.000000e-01 1.508468e+01
      vertex   1.130891e+02 5.000000e-01 1.464615e+01
    endloop
  endfacet
  facet normal 3.624712e-01 0.000000e+00 -9.319950e-01
    outer loop
      vertex   1.130891e+02 3.000000e+00 1.464615e+01
      vertex   1.130891e+02 5.000000e-01 1.464615e+01
      vertex   1.114193e+02 3.000000e+00 1.399674e+01
    endloop
  endfacet
  facet normal 3.624712e-01 0.000000e+00 -9.319950e-01
    outer loop
      vertex   1.114193e+02 3.000000e+00 1.399674e+01
      vertex   1.130891e+02 5.000000e-01 1.464615e+01
      vertex   1.114193e+02 5.000000e-01 1.399674e+01
    endloop
  endfacet
  facet normal 4.746422e-01 0.000000e+00 -8.801788e-01
    outer loop
      vertex   1.114193e+02 3.000000e+00 1.399674e+01
      vertex   1.114193e+02 5.000000e-01 1.399674e+01
      vertex   1.098424e+02 3.000000e+00 1.314636e+01
    endloop
  endfacet
  facet normal 4.746422e-01 1.250809e-15 -8.801788e-01
    outer loop
      vertex   1.098424e+02 3.000000e+00 1.314636e+01
      vertex   1.114193e+02 5.000000e-01 1.399674e+01
      vertex   1.098424e+02 5.000000e-01 1.314636e+01
    endloop
  endfacet
  facet normal 5.795666e-01 1.158078e-15 -8.149248e-01
    outer loop
      vertex   1.098424e+02 3.000000e+00 1.314636e+01
      vertex   1.098424e+02 5.000000e-01 1.314636e+01
      vertex   1.083823e+02 3.000000e+00 1.210799e+01
    endloop
  endfacet
  facet normal 5.795666e-01 0.000000e+00 -8.149248e-01
    outer loop
      vertex   1.083823e+02 3.000000e+00 1.210799e+01
      vertex   1.098424e+02 5.000000e-01 1.314636e+01
      vertex   1.083823e+02 5.000000e-01 1.210799e+01
    endloop
  endfacet
  facet normal 6.756427e-01 0.000000e+00 -7.372292e-01
    outer loop
      vertex   1.083823e+02 3.000000e+00 1.210799e+01
      vertex   1.083823e+02 5.000000e-01 1.210799e+01
      vertex   1.070615e+02 3.000000e+00 1.089749e+01
    endloop
  endfacet
  facet normal 6.756427e-01 5.238329e-16 -7.372292e-01
    outer loop
      vertex   1.070615e+02 3.000000e+00 1.089749e+01
      vertex   1.083823e+02 5.000000e-01 1.210799e+01
      vertex   1.070615e+02 5.000000e-01 1.089749e+01
    endloop
  endfacet
  facet normal 7.614036e-01 4.606293e-16 -6.482781e-01
    outer loop
      vertex   1.070615e+02 3.000000e+00 1.089749e+01
      vertex   1.070615e+02 5.000000e-01 1.089749e+01
      vertex   1.059000e+02 3.000000e+00 9.533333e+00
    endloop
  endfacet
  facet normal 7.614036e-01 9.212586e-16 -6.482781e-01
    outer loop
      vertex   1.059000e+02 3.000000e+00 9.533333e+00
      vertex   1.070615e+02 5.000000e-01 1.089749e+01
      vertex   1.059000e+02 5.000000e-01 9.533333e+00
    endloop
  endfacet
  facet normal 8.000000e-01 0.000000e+00 -6.000000e-01
    outer loop
      vertex   9.875000e+01 6.500000e+00 3.330669e-15
      vertex   9.875000e+01 3.000000e+00 3.330669e-15
      vertex   9.515000e+01 6.500000e+00 -4.800000e+00
    endloop
  endfacet
  facet normal 8.000000e-01 4.440892e-16 -6.000000e-01
    outer loop
      vertex   9.515000e+01 6.500000e+00 -4.800000e+00
      vertex   9.875000e+01 3.000000e+00 3.330669e-15
      vertex   9.515000e+01 5.000000e-01 -4.800000e+00
    endloop
  endfacet
  facet normal 8.000000e-01 1.427695e-15 -6.000000e-01
    outer loop
      vertex   9.515000e+01 5.000000e-01 -4.800000e+00
      vertex   9.875000e+01 3.000000e+00 3.330669e-15
      vertex   1.059000e+02 5.000000e-01 9.533333e+00
    endloop
  endfacet
  facet normal 8.000000e-01 8.526513e-16 -6.000000e-01
    outer loop
      vertex   1.059000e+02 5.000000e-01 9.533333e+00
      vertex   9.875000e+01 3.000000e+00 3.330669e-15
      vertex   1.059000e+02 3.000000e+00 9.533333e+00
    endloop
  endfacet
  facet normal 0.000000e+00 0.000000e+00 1.000000e+00
    outer loop
      vertex   1.672374e+02 6.500000e+00 -4.996004e-15
      vertex   1.362500e+02 6.500000e+00 -4.996004e-15
      vertex   1.672374e+02 3.000000e+00 -4.996004e-15
    endloop
  endfacet
  facet normal 0.000000e+00 0.000000e+00 1.000000e+00
    outer loop
      vertex   1.672374e+02 3.000000e+00 -4.996004e-15
      vertex   1.362500e+02 6.500000e+00 -4.996004e-15
      vertex   1.362500e+02 3.000000e+00 -4.996004e-15
    endloop
  endfacet
  facet normal 0.000000e+00 1.000000e+00 -0.000000e+00
    outer loop
      vertex   1.362500e+02 3.000000e+00 -4.996004e-15
      vertex   1.291000e+02 3.000000e+00 9.533333e+00
      vertex   1.672374e+02 3.000000e+00 -4.996004e-15
    endloop
  endfacet
  facet normal 0.000000e+00 1.000000e+00 0.000000e+00
    outer loop
      vertex   1.672374e+02 3.000000e+00 -4.996004e-15
      vertex   1.291000e+02 3.000000e+00 9.533333e+00
      vertex   1.279385e+02 3.000000e+00 1.089749e+01
    endloop
  endfacet
  facet normal 0.000000e+00 1.000000e+00 -0.000000e+00
    outer loop
      vertex   1.672374e+02 3.000000e+00 -4.996004e-15
      vertex   1.279385e+02 3.000000e+00 1.089749e+01
      vertex   2.073134e+02 3.000000e+00 2.768665e+01
    endloop
  endfacet
  facet normal 0.000000e+00 1.000000e+00 0.000000e+00
    outer loop
      vertex   2.073134e+02 3.000000e+00 2.768665e+01
      vertex   1.279385e+02 3.000000e+00 1.089749e+01
      vertex   1.266177e+02 3.000000e+00 1.210799e+01
    endloop
  endfacet
  facet normal 0.000000e+00 1.000000e+00 0.000000e+00
    outer loop
      vertex   2.073134e+02 3.000000e+00 2.768665e+01
      vertex   1.266177e+02 3.000000e+00 1.210799e+01
      vertex   1.251576e+02 3.000000e+00 1.314636e+01
    endloop
  endfacet
  facet normal 0.000000e+00 1.000000e+00 -0.000000e+00
    outer loop
      vertex   1.251576e+02 3.000000e+00 1.314636e+01
      vertex   1.235807e+02 3.000000e+00 1.399674e+01
      vertex   2.073134e+02 3.000000e+00 2.768665e+01
    endloop
  endfacet
  facet normal 0.000000e+00 1.000000e+00 0.000000e+00
    outer loop
      vertex   2.073134e+02 3.000000e+00 2.768665e+01
      vertex   1.235807e+02 3.000000e+00 1.399674e+01
      vertex   1.219109e+02 3.000000e+00 1.464615e+01
    endloop
  endfacet
  facet normal 0.000000e+00 1.000000e+00 0.000000e+00
    outer loop
      vertex   2.073134e+02 3.000000e+00 2.768665e+01
      vertex   1.219109e+02 3.000000e+00 1.464615e+01
      vertex   1.201738e+02 3.000000e+00 1.508468e+01
    endloop
  endfacet
  facet normal -0.000000e+00 1.000000e+00 0.000000e+00
    outer loop
      vertex   1.183958e+02 3.000000e+00 1.530564e+01
      vertex   2.019500e+02 3.000000e+00 3.018135e+01
      vertex   1.201738e+02 3.000000e+00 1.508468e+01
    endloop
  endfacet
  facet normal 0.000000e+00 1.000000e+00 0.000000e+00
    outer loop
      vertex   1.201738e+02 3.000000e+00 1.508468e+01
      vertex   2.019500e+02 3.000000e+00 3.018135e+01
      vertex   2.024565e+02 3.000000e+00 2.997156e+01
    endloop
  endfacet
  facet normal 0.000000e+00 1.000000e+00 0.000000e+00
    outer loop
      vertex   1.201738e+02 3.000000e+00 1.508468e+01
      vertex   2.024565e+02 3.000000e+00 2.997156e+01
      vertex   2.073134e+02 3.000000e+00 2.768665e+01
    endloop
  endfacet
  facet normal 0.000000e+00 1.000000e+00 0.000000e+00
    outer loop
      vertex   2.073134e+02 3.000000e+00 2.768665e+01
      vertex   2.024565e+02 3.000000e+00 2.997156e+01
      vertex   2.030000e+02 3.000000e+00 2.990000e+01
    endloop
  endfacet
  facet normal 0.000000e+00 1.000000e+00 -0.000000e+00
    outer loop
      vertex   2.073134e+02 3.000000e+00 2.768665e+01
      vertex   2.030000e+02 3.000000e+00 2.990000e+01
      vertex   2.080720e+02 3.000000e+00 2.861102e+01
    endloop
  endfacet
  facet normal 0.000000e+00 1.000000e+00 -0.000000e+00
    outer loop
      vertex   2.080720e+02 3.000000e+00 2.861102e+01
      vertex   2.030000e+02 3.000000e+00 2.990000e+01
      vertex   2.086357e+02 3.000000e+00 2.966563e+01
    endloop
  endfacet
  facet normal 0.000000e+00 1.000000e+00 0.000000e+00
    outer loop
      vertex   2.086357e+02 3.000000e+00 2.966563e+01
      vertex   2.030000e+02 3.000000e+00 2.990000e+01
      vertex   2.035435e+02 3.000000e+00 2.997156e+01
    endloop
  endfacet
  facet normal 0.000000e+00 1.000000e+00 0.000000e+00
    outer loop
      vertex   2.086357e+02 3.000000e+00 2.966563e+01
      vertex   2.035435e+02 3.000000e+00 2.997156e+01
      vertex   2.040500e+02 3.000000e+00 3.018135e+01
    endloop
  endfacet
  facet normal 0.000000e+00 1.000000e+00 0.000000e+00
    outer loop
      vertex   1.166042e+02 3.000000e+00 1.530564e+01
      vertex   2.009000e+02 3.000000e+00 3.200000e+01
      vertex   1.183958e+02 3.000000e+00 1.530564e+01
    endloop
  endfacet
  facet normal 0.000000e+00 1.000000e+00 0.000000e+00
    outer loop
      vertex   1.183958e+02 3.000000e+00 1.530564e+01
      vertex   2.009000e+02 3.000000e+00 3.200000e+01
      vertex   2.009716e+02 3.000000e+00 3.145648e+01
    endloop
  endfacet
  facet normal 0.000000e+00 1.000000e+00 0.000000e+00
    outer loop
      vertex   1.183958e+02 3.000000e+00 1.530564e+01
      vertex   2.009716e+02 3.000000e+00 3.145648e+01
      vertex   2.011813e+02 3.000000e+00 3.095000e+01
    endloop
  endfacet
  facet normal 0.000000e+00 1.000000e+00 -0.000000e+00
    outer loop
      vertex   1.148262e+02 3.000000e+00 1.508468e+01
      vertex   3.305000e+01 3.000000e+00 3.018135e+01
      vertex   1.166042e+02 3.000000e+00 1.530564e+01
    endloop
  endfacet
  facet normal 0.000000e+00 1.000000e+00 0.000000e+00
    outer loop
      vertex   1.166042e+02 3.000000e+00 1.530564e+01
      vertex   3.305000e+01 3.000000e+00 3.018135e+01
      vertex   3.348492e+01 3.000000e+00 3.051508e+01
    endloop
  endfacet
  facet normal 0.000000e+00 1.000000e+00 0.000000e+00
    outer loop
      vertex   1.166042e+02 3.000000e+00 1.530564e+01
      vertex   3.348492e+01 3.000000e+00 3.051508e+01
      vertex   3.381865e+01 3.000000e+00 3.095000e+01
    endloop
  endfacet
  facet normal 0.000000e+00 1.000000e+00 -0.000000e+00
    outer loop
      vertex   1.130891e+02 3.000000e+00 1.464615e+01
      vertex   2.768665e+01 3.000000e+00 2.768665e+01
      vertex   1.148262e+02 3.000000e+00 1.508468e+01
    endloop
  endfacet
  facet normal 0.000000e+00 1.000000e+00 0.000000e+00
    outer loop
      vertex   1.148262e+02 3.000000e+00 1.508468e+01
      vertex   2.768665e+01 3.000000e+00 2.768665e+01
      vertex   3.254352e+01 3.000000e+00 2.997156e+01
    endloop
  endfacet
  facet normal 0.000000e+00 1.000000e+00 0.000000e+00
    outer loop
      vertex   1.148262e+02 3.000000e+00 1.508468e+01
      vertex   3.254352e+01 3.000000e+00 2.997156e+01
      vertex   3.305000e+01 3.000000e+00 3.018135e+01
    endloop
  endfacet
  facet normal 0.000000e+00 1.000000e+00 0.000000e+00
    outer loop
      vertex   1.130891e+02 3.000000e+00 1.464615e+01
      vertex   1.114193e+02 3.000000e+00 1.399674e+01
      vertex   2.768665e+01 3.000000e+00 2.768665e+01
    endloop
  endfacet
  facet normal 0.000000e+00 1.000000e+00 0.000000e+00
    outer loop
      vertex   2.768665e+01 3.000000e+00 2.768665e+01
      vertex   1.114193e+02 3.000000e+00 1.399674e+01
      vertex   1.098424e+02 3.000000e+00 1.314636e+01
    endloop
  endfacet
  facet normal 0.000000e+00 1.000000e+00 0.000000e+00
    outer loop
      vertex   2.768665e+01 3.000000e+00 2.768665e+01
      vertex   1.098424e+02 3.000000e+00 1.314636e+01
      vertex   1.083823e+02 3.000000e+00 1.210799e+01
    endloop
  endfacet
  facet normal 0.000000e+00 1.000000e+00 0.000000e+00
    outer loop
      vertex   1.083823e+02 3.000000e+00 1.210799e+01
      vertex   1.070615e+02 3.000000e+00 1.089749e+01
      vertex   2.768665e+01 3.000000e+00 2.768665e+01
    endloop
  endfacet
  facet normal 0.000000e+00 1.000000e+00 0.000000e+00
    outer loop
      vertex   2.768665e+01 3.000000e+00 2.768665e+01
      vertex   1.070615e+02 3.000000e+00 1.089749e+01
      vertex   6.776259e+01 3.000000e+00 0.000000e+00
    endloop
  endfacet
  facet normal 0.000000e+00 1.000000e+00 0.000000e+00
    outer loop
      vertex   6.776259e+01 3.000000e+00 0.000000e+00
      vertex   1.070615e+02 3.000000e+00 1.089749e+01
      vertex   1.059000e+02 3.000000e+00 9.533333e+00
    endloop
  endfacet
  facet normal 0.000000e+00 1.000000e+00 0.000000e+00
    outer loop
      vertex   6.776259e+01 3.000000e+00 0.000000e+00
      vertex   1.059000e+02 3.000000e+00 9.533333e+00
      vertex   9.875000e+01 3.000000e+00 3.330669e-15
    endloop
  endfacet
  facet normal 0.000000e+00 1.000000e+00 0.000000e+00
    outer loop
      vertex   3.254352e+01 3.000000e+00 2.997156e+01
      vertex   2.768665e+01 3.000000e+00 2.768665e+01
      vertex   3.200000e+01 3.000000e+00 2.990000e+01
    endloop
  endfacet
  facet normal 0.000000e+00 1.000000e+00 0.000000e+00
    outer loop
      vertex   3.200000e+01 3.000000e+00 2.990000e+01
      vertex   2.768665e+01 3.000000e+00 2.768665e+01
      vertex   2.692804e+01 3.000000e+00 2.861102e+01
    endloop
  endfacet
  facet normal 0.000000e+00 1.000000e+00 0.000000e+00
    outer loop
      vertex   3.200000e+01 3.000000e+00 2.990000e+01
      vertex   2.692804e+01 3.000000e+00 2.861102e+01
      vertex   2.636433e+01 3.000000e+00 2.966563e+01
    endloop
  endfacet
  facet normal 0.000000e+00 1.000000e+00 0.000000e+00
    outer loop
      vertex   2.601721e+01 3.000000e+00 3.080995e+01
      vertex   3.051508e+01 3.000000e+00 3.051508e+01
      vertex   2.636433e+01 3.000000e+00 2.966563e+01
    endloop
  endfacet
  facet normal 0.000000e+00 1.000000e+00 0.000000e+00
    outer loop
      vertex   2.636433e+01 3.000000e+00 2.966563e+01
      vertex   3.051508e+01 3.000000e+00 3.051508e+01
      vertex   3.095000e+01 3.000000e+00 3.018135e+01
    endloop
  endfacet
  facet normal 0.000000e+00 1.000000e+00 0.000000e+00
    outer loop
      vertex   2.636433e+01 3.000000e+00 2.966563e+01
      vertex   3.095000e+01 3.000000e+00 3.018135e+01
      vertex   3.145648e+01 3.000000e+00 2.997156e+01
    endloop
  endfacet
  facet normal 0.000000e+00 1.000000e+00 0.000000e+00
    outer loop
      vertex   2.590000e+01 3.000000e+00 3.200000e+01
      vertex   2.997156e+01 3.000000e+00 3.145648e+01
      vertex   2.601721e+01 3.000000e+00 3.080995e+01
    endloop
  endfacet
  facet normal 0.000000e+00 1.000000e+00 0.000000e+00
    outer loop
      vertex   2.601721e+01 3.000000e+00 3.080995e+01
      vertex   2.997156e+01 3.000000e+00 3.145648e+01
      vertex   3.018135e+01 3.000000e+00 3.095000e+01
    endloop
  endfacet
  facet normal -0.000000e+00 1.000000e+00 0.000000e+00
    outer loop
      vertex   2.601721e+01 3.000000e+00 3.080995e+01
      vertex   3.018135e+01 3.000000e+00 3.095000e+01
      vertex   3.051508e+01 3.000000e+00 3.051508e+01
    endloop
  endfacet
  facet normal 0.000000e+00 1.000000e+00 0.000000e+00
    outer loop
      vertex   2.601721e+01 3.000000e+00 3.319005e+01
      vertex   2.997156e+01 3.000000e+00 3.254352e+01
      vertex   2.590000e+01 3.000000e+00 3.200000e+01
    endloop
  endfacet
  facet normal 0.000000e+00 1.000000e+00 0.000000e+00
    outer loop
      vertex   2.590000e+01 3.000000e+00 3.200000e+01
      vertex   2.997156e+01 3.000000e+00 3.254352e+01
      vertex   2.990000e+01 3.000000e+00 3.200000e+01
    endloop
  endfacet
  facet normal -0.000000e+00 1.000000e+00 0.000000e+00
    outer loop
      vertex   2.590000e+01 3.000000e+00 3.200000e+01
      vertex   2.990000e+01 3.000000e+00 3.200000e+01
      vertex   2.997156e+01 3.000000e+00 3.145648e+01
    endloop
  endfacet
  facet normal 0.000000e+00 1.000000e+00 0.000000e+00
    outer loop
      vertex   2.636433e+01 3.000000e+00 3.433437e+01
      vertex   3.051508e+01 3.000000e+00 3.348492e+01
      vertex   2.601721e+01 3.000000e+00 3.319005e+01
    endloop
  endfacet
  facet normal -0.000000e+00 1.000000e+00 0.000000e+00
    outer loop
      vertex   2.601721e+01 3.000000e+00 3.319005e+01
      vertex   3.051508e+01 3.000000e+00 3.348492e+01
      vertex   3.018135e+01 3.000000e+00 3.305000e+01
    endloop
  endfacet
  facet normal 0.000000e+00 1.000000e+00 0.000000e+00
    outer loop
      vertex   2.601721e+01 3.000000e+00 3.319005e+01
      vertex   3.018135e+01 3.000000e+00 3.305000e+01
      vertex   2.997156e+01 3.000000e+00 3.254352e+01
    endloop
  endfacet
  facet normal 0.000000e+00 1.000000e+00 0.000000e+00
    outer loop
      vertex   2.692804e+01 3.000000e+00 3.538898e+01
      vertex   3.200000e+01 3.000000e+00 3.410000e+01
      vertex   2.636433e+01 3.000000e+00 3.433437e+01
    endloop
  endfacet
  facet normal 0.000000e+00 1.000000e+00 0.000000e+00
    outer loop
      vertex   2.636433e+01 3.000000e+00 3.433437e+01
      vertex   3.200000e+01 3.000000e+00 3.410000e+01
      vertex   3.145648e+01 3.000000e+00 3.402844e+01
    endloop
  endfacet
  facet normal 0.000000e+00 1.000000e+00 0.000000e+00
    outer loop
      vertex   2.636433e+01 3.000000e+00 3.433437e+01
      vertex   3.145648e+01 3.000000e+00 3.402844e+01
      vertex   3.095000e+01 3.000000e+00 3.381865e+01
    endloop
  endfacet
  facet normal -0.000000e+00 1.000000e+00 0.000000e+00
    outer loop
      vertex   2.692804e+01 3.000000e+00 3.538898e+01
      vertex   2.768665e+01 3.000000e+00 3.631335e+01
      vertex   3.200000e+01 3.000000e+00 3.410000e+01
    endloop
  endfacet
  facet normal -0.000000e+00 1.000000e+00 -0.000000e+00
    outer loop
      vertex   3.200000e+01 3.000000e+00 3.410000e+01
      vertex   2.768665e+01 3.000000e+00 3.631335e+01
      vertex   3.254352e+01 3.000000e+00 3.402844e+01
    endloop
  endfacet
  facet normal 0.000000e+00 1.000000e+00 0.000000e+00
    outer loop
      vertex   3.254352e+01 3.000000e+00 3.402844e+01
      vertex   2.768665e+01 3.000000e+00 3.631335e+01
      vertex   2.861102e+01 3.000000e+00 3.707196e+01
    endloop
  endfacet
  facet normal 0.000000e+00 1.000000e+00 0.000000e+00
    outer loop
      vertex   3.254352e+01 3.000000e+00 3.402844e+01
      vertex   2.861102e+01 3.000000e+00 3.707196e+01
      vertex   3.200000e+01 3.000000e+00 3.810000e+01
    endloop
  endfacet
  facet normal 0.000000e+00 1.000000e+00 0.000000e+00
    outer loop
      vertex   3.200000e+01 3.000000e+00 3.810000e+01
      vertex   2.861102e+01 3.000000e+00 3.707196e+01
      vertex   2.966563e+01 3.000000e+00 3.763567e+01
    endloop
  endfacet
  facet normal 0.000000e+00 1.000000e+00 0.000000e+00
    outer loop
      vertex   3.200000e+01 3.000000e+00 3.810000e+01
      vertex   2.966563e+01 3.000000e+00 3.763567e+01
      vertex   3.080995e+01 3.000000e+00 3.798279e+01
    endloop
  endfacet
  facet normal 0.000000e+00 1.000000e+00 0.000000e+00
    outer loop
      vertex   2.030000e+02 3.000000e+00 3.810000e+01
      vertex   3.348492e+01 3.000000e+00 3.348492e+01
      vertex   3.200000e+01 3.000000e+00 3.810000e+01
    endloop
  endfacet
  facet normal 0.000000e+00 1.000000e+00 0.000000e+00
    outer loop
      vertex   3.200000e+01 3.000000e+00 3.810000e+01
      vertex   3.348492e+01 3.000000e+00 3.348492e+01
      vertex   3.305000e+01 3.000000e+00 3.381865e+01
    endloop
  endfacet
  facet normal 0.000000e+00 1.000000e+00 0.000000e+00
    outer loop
      vertex   3.200000e+01 3.000000e+00 3.810000e+01
      vertex   3.305000e+01 3.000000e+00 3.381865e+01
      vertex   3.254352e+01 3.000000e+00 3.402844e+01
    endloop
  endfacet
  facet normal 0.000000e+00 1.000000e+00 0.000000e+00
    outer loop
      vertex   2.041901e+02 3.000000e+00 3.798279e+01
      vertex   2.053344e+02 3.000000e+00 3.763567e+01
      vertex   2.030000e+02 3.000000e+00 3.810000e+01
    endloop
  endfacet
  facet normal 0.000000e+00 1.000000e+00 0.000000e+00
    outer loop
      vertex   2.030000e+02 3.000000e+00 3.810000e+01
      vertex   2.053344e+02 3.000000e+00 3.763567e+01
      vertex   2.063890e+02 3.000000e+00 3.707196e+01
    endloop
  endfacet
  facet normal 0.000000e+00 1.000000e+00 0.000000e+00
    outer loop
      vertex   2.030000e+02 3.000000e+00 3.810000e+01
      vertex   2.063890e+02 3.000000e+00 3.707196e+01
      vertex   2.024565e+02 3.000000e+00 3.402844e+01
    endloop
  endfacet
  facet normal 0.000000e+00 1.000000e+00 0.000000e+00
    outer loop
      vertex   2.024565e+02 3.000000e+00 3.402844e+01
      vertex   2.063890e+02 3.000000e+00 3.707196e+01
      vertex   2.073134e+02 3.000000e+00 3.631335e+01
    endloop
  endfacet
  facet normal 0.000000e+00 1.000000e+00 0.000000e+00
    outer loop
      vertex   2.024565e+02 3.000000e+00 3.402844e+01
      vertex   2.073134e+02 3.000000e+00 3.631335e+01
      vertex   2.030000e+02 3.000000e+00 3.410000e+01
    endloop
  endfacet
  facet normal 0.000000e+00 1.000000e+00 0.000000e+00
    outer loop
      vertex   2.030000e+02 3.000000e+00 3.410000e+01
      vertex   2.073134e+02 3.000000e+00 3.631335e+01
      vertex   2.080720e+02 3.000000e+00 3.538898e+01
    endloop
  endfacet
  facet normal 0.000000e+00 1.000000e+00 0.000000e+00
    outer loop
      vertex   2.030000e+02 3.000000e+00 3.410000e+01
      vertex   2.080720e+02 3.000000e+00 3.538898e+01
      vertex   2.086357e+02 3.000000e+00 3.433437e+01
    endloop
  endfacet
  facet normal 0.000000e+00 1.000000e+00 0.000000e+00
    outer loop
      vertex   2.089828e+02 3.000000e+00 3.319005e+01
      vertex   2.044849e+02 3.000000e+00 3.348492e+01
      vertex   2.086357e+02 3.000000e+00 3.433437e+01
    endloop
  endfacet
  facet normal 0.000000e+00 1.000000e+00 0.000000e+00
    outer loop
      vertex   2.086357e+02 3.000000e+00 3.433437e+01
      vertex   2.044849e+02 3.000000e+00 3.348492e+01
      vertex   2.040500e+02 3.000000e+00 3.381865e+01
    endloop
  endfacet
  facet normal 0.000000e+00 1.000000e+00 0.000000e+00
    outer loop
      vertex   2.086357e+02 3.000000e+00 3.433437e+01
      vertex   2.040500e+02 3.000000e+00 3.381865e+01
      vertex   2.035435e+02 3.000000e+00 3.402844e+01
    endloop
  endfacet
  facet normal 0.000000e+00 1.000000e+00 0.000000e+00
    outer loop
      vertex   2.091000e+02 3.000000e+00 3.200000e+01
      vertex   2.050284e+02 3.000000e+00 3.254352e+01
      vertex   2.089828e+02 3.000000e+00 3.319005e+01
    endloop
  endfacet
  facet normal 0.000000e+00 1.000000e+00 0.000000e+00
    outer loop
      vertex   2.089828e+02 3.000000e+00 3.319005e+01
      vertex   2.050284e+02 3.000000e+00 3.254352e+01
      vertex   2.048187e+02 3.000000e+00 3.305000e+01
    endloop
  endfacet
  facet normal 0.000000e+00 1.000000e+00 0.000000e+00
    outer loop
      vertex   2.089828e+02 3.000000e+00 3.319005e+01
      vertex   2.048187e+02 3.000000e+00 3.305000e+01
      vertex   2.044849e+02 3.000000e+00 3.348492e+01
    endloop
  endfacet
  facet normal 0.000000e+00 1.000000e+00 -0.000000e+00
    outer loop
      vertex   2.089828e+02 3.000000e+00 3.080995e+01
      vertex   2.050284e+02 3.000000e+00 3.145648e+01
      vertex   2.091000e+02 3.000000e+00 3.200000e+01
    endloop
  endfacet
  facet normal 0.000000e+00 1.000000e+00 0.000000e+00
    outer loop
      vertex   2.091000e+02 3.000000e+00 3.200000e+01
      vertex   2.050284e+02 3.000000e+00 3.145648e+01
      vertex   2.051000e+02 3.000000e+00 3.200000e+01
    endloop
  endfacet
  facet normal 0.000000e+00 1.000000e+00 0.000000e+00
    outer loop
      vertex   2.091000e+02 3.000000e+00 3.200000e+01
      vertex   2.051000e+02 3.000000e+00 3.200000e+01
      vertex   2.050284e+02 3.000000e+00 3.254352e+01
    endloop
  endfacet
  facet normal 0.000000e+00 1.000000e+00 -0.000000e+00
    outer loop
      vertex   2.086357e+02 3.000000e+00 2.966563e+01
      vertex   2.044849e+02 3.000000e+00 3.051508e+01
      vertex   2.089828e+02 3.000000e+00 3.080995e+01
    endloop
  endfacet
  facet normal 0.000000e+00 1.000000e+00 0.000000e+00
    outer loop
      vertex   2.089828e+02 3.000000e+00 3.080995e+01
      vertex   2.044849e+02 3.000000e+00 3.051508e+01
      vertex   2.048187e+02 3.000000e+00 3.095000e+01
    endloop
  endfacet
  facet normal 0.000000e+00 1.000000e+00 0.000000e+00
    outer loop
      vertex   2.089828e+02 3.000000e+00 3.080995e+01
      vertex   2.048187e+02 3.000000e+00 3.095000e+01
      vertex   2.050284e+02 3.000000e+00 3.145648e+01
    endloop
  endfacet
  facet normal 0.000000e+00 1.000000e+00 0.000000e+00
    outer loop
      vertex   2.011813e+02 3.000000e+00 3.095000e+01
      vertex   2.015151e+02 3.000000e+00 3.051508e+01
      vertex   1.183958e+02 3.000000e+00 1.530564e+01
    endloop
  endfacet
  facet normal 0.000000e+00 1.000000e+00 0.000000e+00
    outer loop
      vertex   1.183958e+02 3.000000e+00 1.530564e+01
      vertex   2.015151e+02 3.000000e+00 3.051508e+01
      vertex   2.019500e+02 3.000000e+00 3.018135e+01
    endloop
  endfacet
  facet normal -0.000000e+00 1.000000e+00 0.000000e+00
    outer loop
      vertex   2.040500e+02 3.000000e+00 3.018135e+01
      vertex   2.044849e+02 3.000000e+00 3.051508e+01
      vertex   2.086357e+02 3.000000e+00 2.966563e+01
    endloop
  endfacet
  facet normal 0.000000e+00 1.000000e+00 -0.000000e+00
    outer loop
      vertex   2.035435e+02 3.000000e+00 3.402844e+01
      vertex   2.030000e+02 3.000000e+00 3.410000e+01
      vertex   2.086357e+02 3.000000e+00 3.433437e+01
    endloop
  endfacet
  facet normal 0.000000e+00 1.000000e+00 -0.000000e+00
    outer loop
      vertex   2.024565e+02 3.000000e+00 3.402844e+01
      vertex   2.019500e+02 3.000000e+00 3.381865e+01
      vertex   2.030000e+02 3.000000e+00 3.810000e+01
    endloop
  endfacet
  facet normal 0.000000e+00 1.000000e+00 0.000000e+00
    outer loop
      vertex   2.030000e+02 3.000000e+00 3.810000e+01
      vertex   2.019500e+02 3.000000e+00 3.381865e+01
      vertex   2.015151e+02 3.000000e+00 3.348492e+01
    endloop
  endfacet
  facet normal 0.000000e+00 1.000000e+00 0.000000e+00
    outer loop
      vertex   2.030000e+02 3.000000e+00 3.810000e+01
      vertex   2.015151e+02 3.000000e+00 3.348492e+01
      vertex   3.348492e+01 3.000000e+00 3.348492e+01
    endloop
  endfacet
  facet normal -0.000000e+00 1.000000e+00 0.000000e+00
    outer loop
      vertex   3.348492e+01 3.000000e+00 3.348492e+01
      vertex   2.015151e+02 3.000000e+00 3.348492e+01
      vertex   3.381865e+01 3.000000e+00 3.305000e+01
    endloop
  endfacet
  facet normal 0.000000e+00 1.000000e+00 0.000000e+00
    outer loop
      vertex   3.381865e+01 3.000000e+00 3.305000e+01
      vertex   2.015151e+02 3.000000e+00 3.348492e+01
      vertex   2.011813e+02 3.000000e+00 3.305000e+01
    endloop
  endfacet
  facet normal -0.000000e+00 1.000000e+00 0.000000e+00
    outer loop
      vertex   3.381865e+01 3.000000e+00 3.305000e+01
      vertex   2.011813e+02 3.000000e+00 3.305000e+01
      vertex   3.402844e+01 3.000000e+00 3.254352e+01
    endloop
  endfacet
  facet normal 0.000000e+00 1.000000e+00 0.000000e+00
    outer loop
      vertex   3.402844e+01 3.000000e+00 3.254352e+01
      vertex   2.011813e+02 3.000000e+00 3.305000e+01
      vertex   2.009716e+02 3.000000e+00 3.254352e+01
    endloop
  endfacet
  facet normal -0.000000e+00 1.000000e+00 0.000000e+00
    outer loop
      vertex   3.402844e+01 3.000000e+00 3.254352e+01
      vertex   2.009716e+02 3.000000e+00 3.254352e+01
      vertex   3.410000e+01 3.000000e+00 3.200000e+01
    endloop
  endfacet
  facet normal 0.000000e+00 1.000000e+00 0.000000e+00
    outer loop
      vertex   3.410000e+01 3.000000e+00 3.200000e+01
      vertex   2.009716e+02 3.000000e+00 3.254352e+01
      vertex   2.009000e+02 3.000000e+00 3.200000e+01
    endloop
  endfacet
  facet normal -0.000000e+00 1.000000e+00 0.000000e+00
    outer loop
      vertex   3.410000e+01 3.000000e+00 3.200000e+01
      vertex   2.009000e+02 3.000000e+00 3.200000e+01
      vertex   1.166042e+02 3.000000e+00 1.530564e+01
    endloop
  endfacet
  facet normal 0.000000e+00 1.000000e+00 0.000000e+00
    outer loop
      vertex   3.145648e+01 3.000000e+00 2.997156e+01
      vertex   3.200000e+01 3.000000e+00 2.990000e+01
      vertex   2.636433e+01 3.000000e+00 2.966563e+01
    endloop
  endfacet
  facet normal -0.000000e+00 1.000000e+00 0.000000e+00
    outer loop
      vertex   3.381865e+01 3.000000e+00 3.095000e+01
      vertex   3.402844e+01 3.000000e+00 3.145648e+01
      vertex   1.166042e+02 3.000000e+00 1.530564e+01
    endloop
  endfacet
  facet normal 0.000000e+00 1.000000e+00 0.000000e+00
    outer loop
      vertex   1.166042e+02 3.000000e+00 1.530564e+01
      vertex   3.402844e+01 3.000000e+00 3.145648e+01
      vertex   3.410000e+01 3.000000e+00 3.200000e+01
    endloop
  endfacet
  facet normal 0.000000e+00 1.000000e+00 0.000000e+00
    outer loop
      vertex   3.095000e+01 3.000000e+00 3.381865e+01
      vertex   3.051508e+01 3.000000e+00 3.348492e+01
      vertex   2.636433e+01 3.000000e+00 3.433437e+01
    endloop
  endfacet
  facet normal -8.000000e-01 2.664535e-16 -6.000000e-01
    outer loop
      vertex   1.398500e+02 6.500000e+00 -4.800000e+00
      vertex   1.398500e+02 5.000000e-01 -4.800000e+00
      vertex   1.362500e+02 3.000000e+00 -4.996004e-15
    endloop
  endfacet
  facet normal -8.000000e-01 -1.110430e-15 -6.000000e-01
    outer loop
      vertex   1.362500e+02 3.000000e+00 -4.996004e-15
      vertex   1.398500e+02 5.000000e-01 -4.800000e+00
      vertex   1.291000e+02 5.000000e-01 9.533333e+00
    endloop
  endfacet
  facet normal -8.000000e-01 9.540154e-16 -6.000000e-01
    outer loop
      vertex   1.362500e+02 3.000000e+00 -4.996004e-15
      vertex   1.291000e+02 5.000000e-01 9.533333e+00
      vertex   1.291000e+02 3.000000e+00 9.533333e+00
    endloop
  endfacet
  facet normal -8.000000e-01 0.000000e+00 -6.000000e-01
    outer loop
      vertex   1.362500e+02 3.000000e+00 -4.996004e-15
      vertex   1.362500e+02 6.500000e+00 -4.996004e-15
      vertex   1.398500e+02 6.500000e+00 -4.800000e+00
    endloop
  endfacet
endsolid
