solid ASCII
  facet normal -7.918640e-02 1.100194e-01 9.907700e-01
    outer loop
      vertex   1.560458e+02 1.690647e+02 2.030000e+02
      vertex   1.559098e+02 1.691202e+02 2.029830e+02
      vertex   1.557576e+02 1.688572e+02 2.030000e+02
    endloop
  endfacet
  facet normal -7.235613e-02 1.061270e-01 9.917165e-01
    outer loop
      vertex   1.557576e+02 1.688572e+02 2.030000e+02
      vertex   1.559098e+02 1.691202e+02 2.029830e+02
      vertex   1.556603e+02 1.689501e+02 2.029830e+02
    endloop
  endfacet
  facet normal -5.914932e-02 1.198336e-01 9.910304e-01
    outer loop
      vertex   1.557576e+02 1.688572e+02 2.030000e+02
      vertex   1.556603e+02 1.689501e+02 2.029830e+02
      vertex   1.554392e+02 1.687001e+02 2.030000e+02
    endloop
  endfacet
  facet normal -5.666337e-02 1.176627e-01 9.914357e-01
    outer loop
      vertex   1.554392e+02 1.687001e+02 2.030000e+02
      vertex   1.556603e+02 1.689501e+02 2.029830e+02
      vertex   1.553882e+02 1.688191e+02 2.029830e+02
    endloop
  endfacet
  facet normal -3.866736e-02 1.253565e-01 9.913580e-01
    outer loop
      vertex   1.554392e+02 1.687001e+02 2.030000e+02
      vertex   1.553882e+02 1.688191e+02 2.029830e+02
      vertex   1.550996e+02 1.687301e+02 2.029830e+02
    endloop
  endfacet
  facet normal -1.130677e-01 3.665566e-01 9.234999e-01
    outer loop
      vertex   1.550996e+02 1.687301e+02 2.029830e+02
      vertex   1.553882e+02 1.688191e+02 2.029830e+02
      vertex   1.553441e+02 1.689313e+02 2.029330e+02
    endloop
  endfacet
  facet normal -1.130677e-01 3.665566e-01 9.234999e-01
    outer loop
      vertex   1.550996e+02 1.687301e+02 2.029830e+02
      vertex   1.553441e+02 1.689313e+02 2.029330e+02
      vertex   1.550728e+02 1.688476e+02 2.029330e+02
    endloop
  endfacet
  facet normal -1.797518e-01 5.827409e-01 7.925291e-01
    outer loop
      vertex   1.550728e+02 1.688476e+02 2.029330e+02
      vertex   1.553441e+02 1.689313e+02 2.029330e+02
      vertex   1.553063e+02 1.690277e+02 2.028536e+02
    endloop
  endfacet
  facet normal -1.797518e-01 5.827409e-01 7.925291e-01
    outer loop
      vertex   1.550728e+02 1.688476e+02 2.029330e+02
      vertex   1.553063e+02 1.690277e+02 2.028536e+02
      vertex   1.550497e+02 1.689486e+02 2.028536e+02
    endloop
  endfacet
  facet normal -2.340874e-01 7.588926e-01 6.076884e-01
    outer loop
      vertex   1.550497e+02 1.689486e+02 2.028536e+02
      vertex   1.553063e+02 1.690277e+02 2.028536e+02
      vertex   1.552773e+02 1.691017e+02 2.027500e+02
    endloop
  endfacet
  facet normal -2.340874e-01 7.588926e-01 6.076884e-01
    outer loop
      vertex   1.550497e+02 1.689486e+02 2.028536e+02
      vertex   1.552773e+02 1.691017e+02 2.027500e+02
      vertex   1.550321e+02 1.690261e+02 2.027500e+02
    endloop
  endfacet
  facet normal -2.724297e-01 8.831954e-01 3.817695e-01
    outer loop
      vertex   1.550321e+02 1.690261e+02 2.027500e+02
      vertex   1.552773e+02 1.691017e+02 2.027500e+02
      vertex   1.552590e+02 1.691482e+02 2.026294e+02
    endloop
  endfacet
  facet normal -2.724297e-01 8.831954e-01 3.817695e-01
    outer loop
      vertex   1.550321e+02 1.690261e+02 2.027500e+02
      vertex   1.552590e+02 1.691482e+02 2.026294e+02
      vertex   1.550210e+02 1.690748e+02 2.026294e+02
    endloop
  endfacet
  facet normal -2.929044e-01 9.495728e-01 1.118861e-01
    outer loop
      vertex   1.550210e+02 1.690748e+02 2.026294e+02
      vertex   1.552590e+02 1.691482e+02 2.026294e+02
      vertex   1.552170e+02 1.691505e+02 2.025000e+02
    endloop
  endfacet
  facet normal -2.486764e-01 9.516901e-01 1.801276e-01
    outer loop
      vertex   1.550210e+02 1.690748e+02 2.026294e+02
      vertex   1.552170e+02 1.691505e+02 2.025000e+02
      vertex   1.549135e+02 1.690712e+02 2.025000e+02
    endloop
  endfacet
  facet normal -8.628798e-02 9.299632e-02 9.919204e-01
    outer loop
      vertex   1.559098e+02 1.691202e+02 2.029830e+02
      vertex   1.560458e+02 1.690647e+02 2.030000e+02
      vertex   1.561312e+02 1.693256e+02 2.029830e+02
    endloop
  endfacet
  facet normal -9.722585e-02 9.648843e-02 9.905741e-01
    outer loop
      vertex   1.561312e+02 1.693256e+02 2.029830e+02
      vertex   1.560458e+02 1.690647e+02 2.030000e+02
      vertex   1.562959e+02 1.693167e+02 2.030000e+02
    endloop
  endfacet
  facet normal -9.835844e-02 7.843823e-02 9.920550e-01
    outer loop
      vertex   1.561312e+02 1.693256e+02 2.029830e+02
      vertex   1.562959e+02 1.693167e+02 2.030000e+02
      vertex   1.563195e+02 1.695618e+02 2.029830e+02
    endloop
  endfacet
  facet normal -1.125145e-01 7.968889e-02 9.904495e-01
    outer loop
      vertex   1.563195e+02 1.695618e+02 2.029830e+02
      vertex   1.562959e+02 1.693167e+02 2.030000e+02
      vertex   1.565011e+02 1.696065e+02 2.030000e+02
    endloop
  endfacet
  facet normal -1.084704e-01 6.262540e-02 9.921251e-01
    outer loop
      vertex   1.563195e+02 1.695618e+02 2.029830e+02
      vertex   1.565011e+02 1.696065e+02 2.030000e+02
      vertex   1.564705e+02 1.698233e+02 2.029830e+02
    endloop
  endfacet
  facet normal -1.244127e-01 6.023595e-02 9.904005e-01
    outer loop
      vertex   1.564705e+02 1.698233e+02 2.029830e+02
      vertex   1.565011e+02 1.696065e+02 2.030000e+02
      vertex   1.566559e+02 1.699261e+02 2.030000e+02
    endloop
  endfacet
  facet normal -1.165323e-01 4.573556e-02 9.921333e-01
    outer loop
      vertex   1.564705e+02 1.698233e+02 2.029830e+02
      vertex   1.566559e+02 1.699261e+02 2.030000e+02
      vertex   1.565808e+02 1.701044e+02 2.029830e+02
    endloop
  endfacet
  facet normal -1.324348e-01 3.887935e-02 9.904289e-01
    outer loop
      vertex   1.565808e+02 1.701044e+02 2.029830e+02
      vertex   1.566559e+02 1.699261e+02 2.030000e+02
      vertex   1.567559e+02 1.702668e+02 2.030000e+02
    endloop
  endfacet
  facet normal -1.224598e-01 2.795064e-02 9.920798e-01
    outer loop
      vertex   1.565808e+02 1.701044e+02 2.029830e+02
      vertex   1.567559e+02 1.702668e+02 2.030000e+02
      vertex   1.566480e+02 1.703988e+02 2.029830e+02
    endloop
  endfacet
  facet normal -1.362791e-01 1.646058e-02 9.905337e-01
    outer loop
      vertex   1.566480e+02 1.703988e+02 2.029830e+02
      vertex   1.567559e+02 1.702668e+02 2.030000e+02
      vertex   1.567985e+02 1.706193e+02 2.030000e+02
    endloop
  endfacet
  facet normal -1.261761e-01 9.455594e-03 9.919628e-01
    outer loop
      vertex   1.566480e+02 1.703988e+02 2.029830e+02
      vertex   1.567985e+02 1.706193e+02 2.030000e+02
      vertex   1.566706e+02 1.707000e+02 2.029830e+02
    endloop
  endfacet
  facet normal -1.358443e-01 -6.136652e-03 9.907112e-01
    outer loop
      vertex   1.566706e+02 1.707000e+02 2.029830e+02
      vertex   1.567985e+02 1.706193e+02 2.030000e+02
      vertex   1.567825e+02 1.709741e+02 2.030000e+02
    endloop
  endfacet
  facet normal -1.276124e-01 -9.563227e-03 9.917780e-01
    outer loop
      vertex   1.566706e+02 1.707000e+02 2.029830e+02
      vertex   1.567825e+02 1.709741e+02 2.030000e+02
      vertex   1.566480e+02 1.710012e+02 2.029830e+02
    endloop
  endfacet
  facet normal -1.312315e-01 -2.803831e-02 9.909552e-01
    outer loop
      vertex   1.566480e+02 1.710012e+02 2.029830e+02
      vertex   1.567825e+02 1.709741e+02 2.030000e+02
      vertex   1.567083e+02 1.713213e+02 2.030000e+02
    endloop
  endfacet
  facet normal -1.267062e-01 -2.891986e-02 9.915186e-01
    outer loop
      vertex   1.566480e+02 1.710012e+02 2.029830e+02
      vertex   1.567083e+02 1.713213e+02 2.030000e+02
      vertex   1.565808e+02 1.712956e+02 2.029830e+02
    endloop
  endfacet
  facet normal -1.227815e-01 -4.818820e-02 9.912631e-01
    outer loop
      vertex   1.565808e+02 1.712956e+02 2.029830e+02
      vertex   1.567083e+02 1.713213e+02 2.030000e+02
      vertex   1.564705e+02 1.715767e+02 2.029830e+02
    endloop
  endfacet
  facet normal -3.570820e-01 -1.401444e-01 9.234999e-01
    outer loop
      vertex   1.565808e+02 1.712956e+02 2.029830e+02
      vertex   1.564705e+02 1.715767e+02 2.029830e+02
      vertex   1.563618e+02 1.715244e+02 2.029330e+02
    endloop
  endfacet
  facet normal -3.322063e-01 -1.917994e-01 9.234999e-01
    outer loop
      vertex   1.563618e+02 1.715244e+02 2.029330e+02
      vertex   1.564705e+02 1.715767e+02 2.029830e+02
      vertex   1.562199e+02 1.717703e+02 2.029330e+02
    endloop
  endfacet
  facet normal -5.281319e-01 -3.049171e-01 7.925291e-01
    outer loop
      vertex   1.563618e+02 1.715244e+02 2.029330e+02
      vertex   1.562199e+02 1.717703e+02 2.029330e+02
      vertex   1.561343e+02 1.717120e+02 2.028536e+02
    endloop
  endfacet
  facet normal -4.767875e-01 -3.802254e-01 7.925291e-01
    outer loop
      vertex   1.561343e+02 1.717120e+02 2.028536e+02
      vertex   1.562199e+02 1.717703e+02 2.029330e+02
      vertex   1.559669e+02 1.719219e+02 2.028536e+02
    endloop
  endfacet
  facet normal -6.209115e-01 -4.951604e-01 6.076884e-01
    outer loop
      vertex   1.561343e+02 1.717120e+02 2.028536e+02
      vertex   1.559669e+02 1.719219e+02 2.028536e+02
      vertex   1.559086e+02 1.718678e+02 2.027500e+02
    endloop
  endfacet
  facet normal -5.401766e-01 -5.821719e-01 6.076884e-01
    outer loop
      vertex   1.559086e+02 1.718678e+02 2.027500e+02
      vertex   1.559669e+02 1.719219e+02 2.028536e+02
      vertex   1.557205e+02 1.720424e+02 2.027500e+02
    endloop
  endfacet
  facet normal -6.286548e-01 -6.775287e-01 3.817695e-01
    outer loop
      vertex   1.559086e+02 1.718678e+02 2.027500e+02
      vertex   1.557205e+02 1.720424e+02 2.027500e+02
      vertex   1.556894e+02 1.720033e+02 2.026294e+02
    endloop
  endfacet
  facet normal -5.206528e-01 -7.636574e-01 3.817695e-01
    outer loop
      vertex   1.556894e+02 1.720033e+02 2.026294e+02
      vertex   1.557205e+02 1.720424e+02 2.027500e+02
      vertex   1.554835e+02 1.721437e+02 2.026294e+02
    endloop
  endfacet
  facet normal -5.570872e-01 -8.170969e-01 1.483458e-01
    outer loop
      vertex   1.556894e+02 1.720033e+02 2.026294e+02
      vertex   1.554835e+02 1.721437e+02 2.026294e+02
      vertex   1.554497e+02 1.721432e+02 2.025000e+02
    endloop
  endfacet
  facet normal -4.309692e-01 -8.949168e-01 1.157126e-01
    outer loop
      vertex   1.554497e+02 1.721432e+02 2.025000e+02
      vertex   1.554835e+02 1.721437e+02 2.026294e+02
      vertex   1.552590e+02 1.722518e+02 2.026294e+02
    endloop
  endfacet
  facet normal -3.929935e-01 -9.021919e-01 1.777803e-01
    outer loop
      vertex   1.554497e+02 1.721432e+02 2.025000e+02
      vertex   1.552590e+02 1.722518e+02 2.026294e+02
      vertex   1.551622e+02 1.722685e+02 2.025000e+02
    endloop
  endfacet
  facet normal -2.933683e-01 -9.510768e-01 9.689173e-02
    outer loop
      vertex   1.551622e+02 1.722685e+02 2.025000e+02
      vertex   1.552590e+02 1.722518e+02 2.026294e+02
      vertex   1.550210e+02 1.723252e+02 2.026294e+02
    endloop
  endfacet
  facet normal -2.148190e-01 -9.587823e-01 1.859818e-01
    outer loop
      vertex   1.551622e+02 1.722685e+02 2.025000e+02
      vertex   1.550210e+02 1.723252e+02 2.026294e+02
      vertex   1.548561e+02 1.723371e+02 2.025000e+02
    endloop
  endfacet
  facet normal -1.483110e-01 -9.839795e-01 9.893521e-02
    outer loop
      vertex   1.548561e+02 1.723371e+02 2.025000e+02
      vertex   1.550210e+02 1.723252e+02 2.026294e+02
      vertex   1.547746e+02 1.723624e+02 2.026294e+02
    endloop
  endfacet
  facet normal -2.955310e-02 -9.843402e-01 1.737845e-01
    outer loop
      vertex   1.548561e+02 1.723371e+02 2.025000e+02
      vertex   1.547746e+02 1.723624e+02 2.026294e+02
      vertex   1.545425e+02 1.723465e+02 2.025000e+02
    endloop
  endfacet
  facet normal 0.000000e+00 -9.925549e-01 1.217978e-01
    outer loop
      vertex   1.545425e+02 1.723465e+02 2.025000e+02
      vertex   1.547746e+02 1.723624e+02 2.026294e+02
      vertex   1.545254e+02 1.723624e+02 2.026294e+02
    endloop
  endfacet
  facet normal 1.475818e-01 -9.791411e-01 1.396506e-01
    outer loop
      vertex   1.545425e+02 1.723465e+02 2.025000e+02
      vertex   1.545254e+02 1.723624e+02 2.026294e+02
      vertex   1.542790e+02 1.723252e+02 2.026294e+02
    endloop
  endfacet
  facet normal 1.377534e-01 -9.139344e-01 3.817695e-01
    outer loop
      vertex   1.542790e+02 1.723252e+02 2.026294e+02
      vertex   1.545254e+02 1.723624e+02 2.026294e+02
      vertex   1.545217e+02 1.724122e+02 2.027500e+02
    endloop
  endfacet
  facet normal 1.377534e-01 -9.139344e-01 3.817695e-01
    outer loop
      vertex   1.542790e+02 1.723252e+02 2.026294e+02
      vertex   1.545217e+02 1.724122e+02 2.027500e+02
      vertex   1.542679e+02 1.723739e+02 2.027500e+02
    endloop
  endfacet
  facet normal 1.183657e-01 -7.853053e-01 6.076884e-01
    outer loop
      vertex   1.542679e+02 1.723739e+02 2.027500e+02
      vertex   1.545217e+02 1.724122e+02 2.027500e+02
      vertex   1.545158e+02 1.724914e+02 2.028536e+02
    endloop
  endfacet
  facet normal 1.183657e-01 -7.853053e-01 6.076884e-01
    outer loop
      vertex   1.542679e+02 1.723739e+02 2.027500e+02
      vertex   1.545158e+02 1.724914e+02 2.028536e+02
      vertex   1.542503e+02 1.724514e+02 2.028536e+02
    endloop
  endfacet
  facet normal 9.089106e-02 -6.030228e-01 7.925291e-01
    outer loop
      vertex   1.542503e+02 1.724514e+02 2.028536e+02
      vertex   1.545158e+02 1.724914e+02 2.028536e+02
      vertex   1.545080e+02 1.725947e+02 2.029330e+02
    endloop
  endfacet
  facet normal 9.089106e-02 -6.030228e-01 7.925291e-01
    outer loop
      vertex   1.542503e+02 1.724514e+02 2.028536e+02
      vertex   1.545080e+02 1.725947e+02 2.029330e+02
      vertex   1.542272e+02 1.725524e+02 2.029330e+02
    endloop
  endfacet
  facet normal 5.717243e-02 -3.793143e-01 9.234999e-01
    outer loop
      vertex   1.542272e+02 1.725524e+02 2.029330e+02
      vertex   1.545080e+02 1.725947e+02 2.029330e+02
      vertex   1.544990e+02 1.727149e+02 2.029830e+02
    endloop
  endfacet
  facet normal 5.717243e-02 -3.793143e-01 9.234999e-01
    outer loop
      vertex   1.542272e+02 1.725524e+02 2.029330e+02
      vertex   1.544990e+02 1.727149e+02 2.029830e+02
      vertex   1.542004e+02 1.726699e+02 2.029830e+02
    endloop
  endfacet
  facet normal 1.921087e-02 -1.274558e-01 9.916582e-01
    outer loop
      vertex   1.542004e+02 1.726699e+02 2.029830e+02
      vertex   1.544990e+02 1.727149e+02 2.029830e+02
      vertex   1.542008e+02 1.728025e+02 2.030000e+02
    endloop
  endfacet
  facet normal 3.847006e-02 -1.274427e-01 9.910996e-01
    outer loop
      vertex   1.542004e+02 1.726699e+02 2.029830e+02
      vertex   1.542008e+02 1.728025e+02 2.030000e+02
      vertex   1.538608e+02 1.726999e+02 2.030000e+02
    endloop
  endfacet
  facet normal -1.232574e-01 -4.863663e-02 9.911822e-01
    outer loop
      vertex   1.567083e+02 1.713213e+02 2.030000e+02
      vertex   1.565779e+02 1.716516e+02 2.030000e+02
      vertex   1.564705e+02 1.715767e+02 2.029830e+02
    endloop
  endfacet
  facet normal -1.121045e-01 -6.472354e-02 9.915863e-01
    outer loop
      vertex   1.564705e+02 1.715767e+02 2.029830e+02
      vertex   1.565779e+02 1.716516e+02 2.030000e+02
      vertex   1.563195e+02 1.718382e+02 2.029830e+02
    endloop
  endfacet
  facet normal -3.322063e-01 -1.917994e-01 9.234999e-01
    outer loop
      vertex   1.564705e+02 1.715767e+02 2.029830e+02
      vertex   1.563195e+02 1.718382e+02 2.029830e+02
      vertex   1.562199e+02 1.717703e+02 2.029330e+02
    endloop
  endfacet
  facet normal -2.999096e-01 -2.391699e-01 9.234999e-01
    outer loop
      vertex   1.562199e+02 1.717703e+02 2.029330e+02
      vertex   1.563195e+02 1.718382e+02 2.029830e+02
      vertex   1.560428e+02 1.719923e+02 2.029330e+02
    endloop
  endfacet
  facet normal -4.767875e-01 -3.802254e-01 7.925291e-01
    outer loop
      vertex   1.562199e+02 1.717703e+02 2.029330e+02
      vertex   1.560428e+02 1.719923e+02 2.029330e+02
      vertex   1.559669e+02 1.719219e+02 2.028536e+02
    endloop
  endfacet
  facet normal -4.147926e-01 -4.470401e-01 7.925291e-01
    outer loop
      vertex   1.559669e+02 1.719219e+02 2.028536e+02
      vertex   1.560428e+02 1.719923e+02 2.029330e+02
      vertex   1.557701e+02 1.721045e+02 2.028536e+02
    endloop
  endfacet
  facet normal -5.401766e-01 -5.821719e-01 6.076884e-01
    outer loop
      vertex   1.559669e+02 1.719219e+02 2.028536e+02
      vertex   1.557701e+02 1.721045e+02 2.028536e+02
      vertex   1.557205e+02 1.720424e+02 2.027500e+02
    endloop
  endfacet
  facet normal -4.473750e-01 -6.561787e-01 6.076884e-01
    outer loop
      vertex   1.557205e+02 1.720424e+02 2.027500e+02
      vertex   1.557701e+02 1.721045e+02 2.028536e+02
      vertex   1.555085e+02 1.721870e+02 2.027500e+02
    endloop
  endfacet
  facet normal -5.206528e-01 -7.636574e-01 3.817695e-01
    outer loop
      vertex   1.557205e+02 1.720424e+02 2.027500e+02
      vertex   1.555085e+02 1.721870e+02 2.027500e+02
      vertex   1.554835e+02 1.721437e+02 2.026294e+02
    endloop
  endfacet
  facet normal -4.010203e-01 -8.327273e-01 3.817695e-01
    outer loop
      vertex   1.554835e+02 1.721437e+02 2.026294e+02
      vertex   1.555085e+02 1.721870e+02 2.027500e+02
      vertex   1.552590e+02 1.722518e+02 2.026294e+02
    endloop
  endfacet
  facet normal -1.154120e-01 -6.936731e-02 9.908927e-01
    outer loop
      vertex   1.565779e+02 1.716516e+02 2.030000e+02
      vertex   1.563950e+02 1.719560e+02 2.030000e+02
      vertex   1.563195e+02 1.718382e+02 2.029830e+02
    endloop
  endfacet
  facet normal -9.975066e-02 -7.954850e-02 9.918275e-01
    outer loop
      vertex   1.563195e+02 1.718382e+02 2.029830e+02
      vertex   1.563950e+02 1.719560e+02 2.030000e+02
      vertex   1.561312e+02 1.720744e+02 2.029830e+02
    endloop
  endfacet
  facet normal -2.999096e-01 -2.391699e-01 9.234999e-01
    outer loop
      vertex   1.563195e+02 1.718382e+02 2.029830e+02
      vertex   1.561312e+02 1.720744e+02 2.029830e+02
      vertex   1.560428e+02 1.719923e+02 2.029330e+02
    endloop
  endfacet
  facet normal -2.609134e-01 -2.811978e-01 9.234999e-01
    outer loop
      vertex   1.560428e+02 1.719923e+02 2.029330e+02
      vertex   1.561312e+02 1.720744e+02 2.029830e+02
      vertex   1.558346e+02 1.721855e+02 2.029330e+02
    endloop
  endfacet
  facet normal -4.147926e-01 -4.470401e-01 7.925291e-01
    outer loop
      vertex   1.560428e+02 1.719923e+02 2.029330e+02
      vertex   1.558346e+02 1.721855e+02 2.029330e+02
      vertex   1.557701e+02 1.721045e+02 2.028536e+02
    endloop
  endfacet
  facet normal -3.435318e-01 -5.038686e-01 7.925291e-01
    outer loop
      vertex   1.557701e+02 1.721045e+02 2.028536e+02
      vertex   1.558346e+02 1.721855e+02 2.029330e+02
      vertex   1.555482e+02 1.722558e+02 2.028536e+02
    endloop
  endfacet
  facet normal -4.473750e-01 -6.561787e-01 6.076884e-01
    outer loop
      vertex   1.557701e+02 1.721045e+02 2.028536e+02
      vertex   1.555482e+02 1.722558e+02 2.028536e+02
      vertex   1.555085e+02 1.721870e+02 2.027500e+02
    endloop
  endfacet
  facet normal -3.445799e-01 -7.155275e-01 6.076884e-01
    outer loop
      vertex   1.555085e+02 1.721870e+02 2.027500e+02
      vertex   1.555482e+02 1.722558e+02 2.028536e+02
      vertex   1.552773e+02 1.722983e+02 2.027500e+02
    endloop
  endfacet
  facet normal -4.010203e-01 -8.327273e-01 3.817695e-01
    outer loop
      vertex   1.555085e+02 1.721870e+02 2.027500e+02
      vertex   1.552773e+02 1.722983e+02 2.027500e+02
      vertex   1.552590e+02 1.722518e+02 2.026294e+02
    endloop
  endfacet
  facet normal -2.724297e-01 -8.831954e-01 3.817695e-01
    outer loop
      vertex   1.552590e+02 1.722518e+02 2.026294e+02
      vertex   1.552773e+02 1.722983e+02 2.027500e+02
      vertex   1.550210e+02 1.723252e+02 2.026294e+02
    endloop
  endfacet
  facet normal -1.036947e-01 -8.850504e-02 9.906635e-01
    outer loop
      vertex   1.563950e+02 1.719560e+02 2.030000e+02
      vertex   1.561645e+02 1.722261e+02 2.030000e+02
      vertex   1.561312e+02 1.720744e+02 2.029830e+02
    endloop
  endfacet
  facet normal -8.588504e-02 -9.256206e-02 9.919960e-01
    outer loop
      vertex   1.561312e+02 1.720744e+02 2.029830e+02
      vertex   1.561645e+02 1.722261e+02 2.030000e+02
      vertex   1.559098e+02 1.722798e+02 2.029830e+02
    endloop
  endfacet
  facet normal -2.609134e-01 -2.811978e-01 9.234999e-01
    outer loop
      vertex   1.561312e+02 1.720744e+02 2.029830e+02
      vertex   1.559098e+02 1.722798e+02 2.029830e+02
      vertex   1.558346e+02 1.721855e+02 2.029330e+02
    endloop
  endfacet
  facet normal -2.160889e-01 -3.169442e-01 9.234999e-01
    outer loop
      vertex   1.558346e+02 1.721855e+02 2.029330e+02
      vertex   1.559098e+02 1.722798e+02 2.029830e+02
      vertex   1.556000e+02 1.723454e+02 2.029330e+02
    endloop
  endfacet
  facet normal -3.435318e-01 -5.038686e-01 7.925291e-01
    outer loop
      vertex   1.558346e+02 1.721855e+02 2.029330e+02
      vertex   1.556000e+02 1.723454e+02 2.029330e+02
      vertex   1.555482e+02 1.722558e+02 2.028536e+02
    endloop
  endfacet
  facet normal -2.645971e-01 -5.494416e-01 7.925291e-01
    outer loop
      vertex   1.555482e+02 1.722558e+02 2.028536e+02
      vertex   1.556000e+02 1.723454e+02 2.029330e+02
      vertex   1.553063e+02 1.723723e+02 2.028536e+02
    endloop
  endfacet
  facet normal -3.445799e-01 -7.155275e-01 6.076884e-01
    outer loop
      vertex   1.555482e+02 1.722558e+02 2.028536e+02
      vertex   1.553063e+02 1.723723e+02 2.028536e+02
      vertex   1.552773e+02 1.722983e+02 2.027500e+02
    endloop
  endfacet
  facet normal -2.340874e-01 -7.588926e-01 6.076884e-01
    outer loop
      vertex   1.552773e+02 1.722983e+02 2.027500e+02
      vertex   1.553063e+02 1.723723e+02 2.028536e+02
      vertex   1.550321e+02 1.723739e+02 2.027500e+02
    endloop
  endfacet
  facet normal -2.724297e-01 -8.831954e-01 3.817695e-01
    outer loop
      vertex   1.552773e+02 1.722983e+02 2.027500e+02
      vertex   1.550321e+02 1.723739e+02 2.027500e+02
      vertex   1.550210e+02 1.723252e+02 2.026294e+02
    endloop
  endfacet
  facet normal -1.377534e-01 -9.139344e-01 3.817695e-01
    outer loop
      vertex   1.550210e+02 1.723252e+02 2.026294e+02
      vertex   1.550321e+02 1.723739e+02 2.027500e+02
      vertex   1.547746e+02 1.723624e+02 2.026294e+02
    endloop
  endfacet
  facet normal -8.846237e-02 -1.052572e-01 9.905026e-01
    outer loop
      vertex   1.561645e+02 1.722261e+02 2.030000e+02
      vertex   1.558926e+02 1.724545e+02 2.030000e+02
      vertex   1.559098e+02 1.722798e+02 2.029830e+02
    endloop
  endfacet
  facet normal -7.067766e-02 -1.036651e-01 9.920979e-01
    outer loop
      vertex   1.559098e+02 1.722798e+02 2.029830e+02
      vertex   1.558926e+02 1.724545e+02 2.030000e+02
      vertex   1.556603e+02 1.724499e+02 2.029830e+02
    endloop
  endfacet
  facet normal -2.160889e-01 -3.169442e-01 9.234999e-01
    outer loop
      vertex   1.559098e+02 1.722798e+02 2.029830e+02
      vertex   1.556603e+02 1.724499e+02 2.029830e+02
      vertex   1.556000e+02 1.723454e+02 2.029330e+02
    endloop
  endfacet
  facet normal -1.664373e-01 -3.456106e-01 9.234999e-01
    outer loop
      vertex   1.556000e+02 1.723454e+02 2.029330e+02
      vertex   1.556603e+02 1.724499e+02 2.029830e+02
      vertex   1.553441e+02 1.724687e+02 2.029330e+02
    endloop
  endfacet
  facet normal -2.645971e-01 -5.494416e-01 7.925291e-01
    outer loop
      vertex   1.556000e+02 1.723454e+02 2.029330e+02
      vertex   1.553441e+02 1.724687e+02 2.029330e+02
      vertex   1.553063e+02 1.723723e+02 2.028536e+02
    endloop
  endfacet
  facet normal -1.797518e-01 -5.827409e-01 7.925291e-01
    outer loop
      vertex   1.553063e+02 1.723723e+02 2.028536e+02
      vertex   1.553441e+02 1.724687e+02 2.029330e+02
      vertex   1.550497e+02 1.724514e+02 2.028536e+02
    endloop
  endfacet
  facet normal -2.340874e-01 -7.588926e-01 6.076884e-01
    outer loop
      vertex   1.553063e+02 1.723723e+02 2.028536e+02
      vertex   1.550497e+02 1.724514e+02 2.028536e+02
      vertex   1.550321e+02 1.723739e+02 2.027500e+02
    endloop
  endfacet
  facet normal -1.183657e-01 -7.853053e-01 6.076884e-01
    outer loop
      vertex   1.550321e+02 1.723739e+02 2.027500e+02
      vertex   1.550497e+02 1.724514e+02 2.028536e+02
      vertex   1.547783e+02 1.724122e+02 2.027500e+02
    endloop
  endfacet
  facet normal -1.377534e-01 -9.139344e-01 3.817695e-01
    outer loop
      vertex   1.550321e+02 1.723739e+02 2.027500e+02
      vertex   1.547783e+02 1.724122e+02 2.027500e+02
      vertex   1.547746e+02 1.723624e+02 2.026294e+02
    endloop
  endfacet
  facet normal 0.000000e+00 -9.242576e-01 3.817695e-01
    outer loop
      vertex   1.547746e+02 1.723624e+02 2.026294e+02
      vertex   1.547783e+02 1.724122e+02 2.027500e+02
      vertex   1.545254e+02 1.723624e+02 2.026294e+02
    endloop
  endfacet
  facet normal -7.024993e-02 -1.189218e-01 9.904153e-01
    outer loop
      vertex   1.558926e+02 1.724545e+02 2.030000e+02
      vertex   1.555869e+02 1.726351e+02 2.030000e+02
      vertex   1.556603e+02 1.724499e+02 2.029830e+02
    endloop
  endfacet
  facet normal -5.430382e-02 -1.127630e-01 9.921369e-01
    outer loop
      vertex   1.556603e+02 1.724499e+02 2.029830e+02
      vertex   1.555869e+02 1.726351e+02 2.030000e+02
      vertex   1.553882e+02 1.725809e+02 2.029830e+02
    endloop
  endfacet
  facet normal -1.664373e-01 -3.456106e-01 9.234999e-01
    outer loop
      vertex   1.556603e+02 1.724499e+02 2.029830e+02
      vertex   1.553882e+02 1.725809e+02 2.029830e+02
      vertex   1.553441e+02 1.724687e+02 2.029330e+02
    endloop
  endfacet
  facet normal -1.130677e-01 -3.665566e-01 9.234999e-01
    outer loop
      vertex   1.553441e+02 1.724687e+02 2.029330e+02
      vertex   1.553882e+02 1.725809e+02 2.029830e+02
      vertex   1.550728e+02 1.725524e+02 2.029330e+02
    endloop
  endfacet
  facet normal -1.797518e-01 -5.827409e-01 7.925291e-01
    outer loop
      vertex   1.553441e+02 1.724687e+02 2.029330e+02
      vertex   1.550728e+02 1.725524e+02 2.029330e+02
      vertex   1.550497e+02 1.724514e+02 2.028536e+02
    endloop
  endfacet
  facet normal -9.089106e-02 -6.030228e-01 7.925291e-01
    outer loop
      vertex   1.550497e+02 1.724514e+02 2.028536e+02
      vertex   1.550728e+02 1.725524e+02 2.029330e+02
      vertex   1.547842e+02 1.724914e+02 2.028536e+02
    endloop
  endfacet
  facet normal -1.183657e-01 -7.853053e-01 6.076884e-01
    outer loop
      vertex   1.550497e+02 1.724514e+02 2.028536e+02
      vertex   1.547842e+02 1.724914e+02 2.028536e+02
      vertex   1.547783e+02 1.724122e+02 2.027500e+02
    endloop
  endfacet
  facet normal 0.000000e+00 -7.941756e-01 6.076884e-01
    outer loop
      vertex   1.547783e+02 1.724122e+02 2.027500e+02
      vertex   1.547842e+02 1.724914e+02 2.028536e+02
      vertex   1.545217e+02 1.724122e+02 2.027500e+02
    endloop
  endfacet
  facet normal 0.000000e+00 -9.242576e-01 3.817695e-01
    outer loop
      vertex   1.547783e+02 1.724122e+02 2.027500e+02
      vertex   1.545217e+02 1.724122e+02 2.027500e+02
      vertex   1.545254e+02 1.723624e+02 2.026294e+02
    endloop
  endfacet
  facet normal -4.974461e-02 -1.289317e-01 9.904050e-01
    outer loop
      vertex   1.555869e+02 1.726351e+02 2.030000e+02
      vertex   1.552556e+02 1.727629e+02 2.030000e+02
      vertex   1.553882e+02 1.725809e+02 2.029830e+02
    endloop
  endfacet
  facet normal -3.694348e-02 -1.197678e-01 9.921143e-01
    outer loop
      vertex   1.553882e+02 1.725809e+02 2.029830e+02
      vertex   1.552556e+02 1.727629e+02 2.030000e+02
      vertex   1.550996e+02 1.726699e+02 2.029830e+02
    endloop
  endfacet
  facet normal -1.130677e-01 -3.665566e-01 9.234999e-01
    outer loop
      vertex   1.553882e+02 1.725809e+02 2.029830e+02
      vertex   1.550996e+02 1.726699e+02 2.029830e+02
      vertex   1.550728e+02 1.725524e+02 2.029330e+02
    endloop
  endfacet
  facet normal -5.717243e-02 -3.793143e-01 9.234999e-01
    outer loop
      vertex   1.550728e+02 1.725524e+02 2.029330e+02
      vertex   1.550996e+02 1.726699e+02 2.029830e+02
      vertex   1.547920e+02 1.725947e+02 2.029330e+02
    endloop
  endfacet
  facet normal -9.089106e-02 -6.030228e-01 7.925291e-01
    outer loop
      vertex   1.550728e+02 1.725524e+02 2.029330e+02
      vertex   1.547920e+02 1.725947e+02 2.029330e+02
      vertex   1.547842e+02 1.724914e+02 2.028536e+02
    endloop
  endfacet
  facet normal 0.000000e+00 -6.098342e-01 7.925291e-01
    outer loop
      vertex   1.547842e+02 1.724914e+02 2.028536e+02
      vertex   1.547920e+02 1.725947e+02 2.029330e+02
      vertex   1.545158e+02 1.724914e+02 2.028536e+02
    endloop
  endfacet
  facet normal 0.000000e+00 -7.941756e-01 6.076884e-01
    outer loop
      vertex   1.547842e+02 1.724914e+02 2.028536e+02
      vertex   1.545158e+02 1.724914e+02 2.028536e+02
      vertex   1.545217e+02 1.724122e+02 2.027500e+02
    endloop
  endfacet
  facet normal -2.774789e-02 -1.348903e-01 9.904719e-01
    outer loop
      vertex   1.552556e+02 1.727629e+02 2.030000e+02
      vertex   1.549078e+02 1.728345e+02 2.030000e+02
      vertex   1.550996e+02 1.726699e+02 2.029830e+02
    endloop
  endfacet
  facet normal -1.878025e-02 -1.245988e-01 9.920295e-01
    outer loop
      vertex   1.550996e+02 1.726699e+02 2.029830e+02
      vertex   1.549078e+02 1.728345e+02 2.030000e+02
      vertex   1.548010e+02 1.727149e+02 2.029830e+02
    endloop
  endfacet
  facet normal -5.717243e-02 -3.793143e-01 9.234999e-01
    outer loop
      vertex   1.550996e+02 1.726699e+02 2.029830e+02
      vertex   1.548010e+02 1.727149e+02 2.029830e+02
      vertex   1.547920e+02 1.725947e+02 2.029330e+02
    endloop
  endfacet
  facet normal 0.000000e+00 -3.835988e-01 9.234999e-01
    outer loop
      vertex   1.547920e+02 1.725947e+02 2.029330e+02
      vertex   1.548010e+02 1.727149e+02 2.029830e+02
      vertex   1.545080e+02 1.725947e+02 2.029330e+02
    endloop
  endfacet
  facet normal 0.000000e+00 -6.098342e-01 7.925291e-01
    outer loop
      vertex   1.547920e+02 1.725947e+02 2.029330e+02
      vertex   1.545080e+02 1.725947e+02 2.029330e+02
      vertex   1.545158e+02 1.724914e+02 2.028536e+02
    endloop
  endfacet
  facet normal -5.128818e-03 -1.365949e-01 9.906137e-01
    outer loop
      vertex   1.549078e+02 1.728345e+02 2.030000e+02
      vertex   1.545530e+02 1.728478e+02 2.030000e+02
      vertex   1.548010e+02 1.727149e+02 2.029830e+02
    endloop
  endfacet
  facet normal 0.000000e+00 -1.271833e-01 9.918792e-01
    outer loop
      vertex   1.548010e+02 1.727149e+02 2.029830e+02
      vertex   1.545530e+02 1.728478e+02 2.030000e+02
      vertex   1.544990e+02 1.727149e+02 2.029830e+02
    endloop
  endfacet
  facet normal 0.000000e+00 -3.835988e-01 9.234999e-01
    outer loop
      vertex   1.548010e+02 1.727149e+02 2.029830e+02
      vertex   1.544990e+02 1.727149e+02 2.029830e+02
      vertex   1.545080e+02 1.725947e+02 2.029330e+02
    endloop
  endfacet
  facet normal 1.722729e-02 -1.340462e-01 9.908253e-01
    outer loop
      vertex   1.545530e+02 1.728478e+02 2.030000e+02
      vertex   1.542008e+02 1.728025e+02 2.030000e+02
      vertex   1.544990e+02 1.727149e+02 2.029830e+02
    endloop
  endfacet
  facet normal 5.914932e-02 -1.198336e-01 9.910304e-01
    outer loop
      vertex   1.535424e+02 1.725428e+02 2.030000e+02
      vertex   1.536397e+02 1.724499e+02 2.029830e+02
      vertex   1.538608e+02 1.726999e+02 2.030000e+02
    endloop
  endfacet
  facet normal 5.666337e-02 -1.176627e-01 9.914357e-01
    outer loop
      vertex   1.538608e+02 1.726999e+02 2.030000e+02
      vertex   1.536397e+02 1.724499e+02 2.029830e+02
      vertex   1.539118e+02 1.725809e+02 2.029830e+02
    endloop
  endfacet
  facet normal 3.866736e-02 -1.253565e-01 9.913580e-01
    outer loop
      vertex   1.538608e+02 1.726999e+02 2.030000e+02
      vertex   1.539118e+02 1.725809e+02 2.029830e+02
      vertex   1.542004e+02 1.726699e+02 2.029830e+02
    endloop
  endfacet
  facet normal 1.130677e-01 -3.665566e-01 9.234999e-01
    outer loop
      vertex   1.542004e+02 1.726699e+02 2.029830e+02
      vertex   1.539118e+02 1.725809e+02 2.029830e+02
      vertex   1.539559e+02 1.724687e+02 2.029330e+02
    endloop
  endfacet
  facet normal 1.130677e-01 -3.665566e-01 9.234999e-01
    outer loop
      vertex   1.542004e+02 1.726699e+02 2.029830e+02
      vertex   1.539559e+02 1.724687e+02 2.029330e+02
      vertex   1.542272e+02 1.725524e+02 2.029330e+02
    endloop
  endfacet
  facet normal 1.797518e-01 -5.827409e-01 7.925291e-01
    outer loop
      vertex   1.542272e+02 1.725524e+02 2.029330e+02
      vertex   1.539559e+02 1.724687e+02 2.029330e+02
      vertex   1.539937e+02 1.723723e+02 2.028536e+02
    endloop
  endfacet
  facet normal 1.797518e-01 -5.827409e-01 7.925291e-01
    outer loop
      vertex   1.542272e+02 1.725524e+02 2.029330e+02
      vertex   1.539937e+02 1.723723e+02 2.028536e+02
      vertex   1.542503e+02 1.724514e+02 2.028536e+02
    endloop
  endfacet
  facet normal 2.340874e-01 -7.588926e-01 6.076884e-01
    outer loop
      vertex   1.542503e+02 1.724514e+02 2.028536e+02
      vertex   1.539937e+02 1.723723e+02 2.028536e+02
      vertex   1.540227e+02 1.722983e+02 2.027500e+02
    endloop
  endfacet
  facet normal 2.340874e-01 -7.588926e-01 6.076884e-01
    outer loop
      vertex   1.542503e+02 1.724514e+02 2.028536e+02
      vertex   1.540227e+02 1.722983e+02 2.027500e+02
      vertex   1.542679e+02 1.723739e+02 2.027500e+02
    endloop
  endfacet
  facet normal 2.724297e-01 -8.831954e-01 3.817695e-01
    outer loop
      vertex   1.542679e+02 1.723739e+02 2.027500e+02
      vertex   1.540227e+02 1.722983e+02 2.027500e+02
      vertex   1.540410e+02 1.722518e+02 2.026294e+02
    endloop
  endfacet
  facet normal 2.724297e-01 -8.831954e-01 3.817695e-01
    outer loop
      vertex   1.542679e+02 1.723739e+02 2.027500e+02
      vertex   1.540410e+02 1.722518e+02 2.026294e+02
      vertex   1.542790e+02 1.723252e+02 2.026294e+02
    endloop
  endfacet
  facet normal 2.930587e-01 -9.500728e-01 1.071368e-01
    outer loop
      vertex   1.542790e+02 1.723252e+02 2.026294e+02
      vertex   1.540410e+02 1.722518e+02 2.026294e+02
      vertex   1.542329e+02 1.722964e+02 2.025000e+02
    endloop
  endfacet
  facet normal 1.576184e-01 -9.743072e-01 1.608785e-01
    outer loop
      vertex   1.542790e+02 1.723252e+02 2.026294e+02
      vertex   1.542329e+02 1.722964e+02 2.025000e+02
      vertex   1.545425e+02 1.723465e+02 2.025000e+02
    endloop
  endfacet
  facet normal 7.235613e-02 -1.061270e-01 9.917165e-01
    outer loop
      vertex   1.536397e+02 1.724499e+02 2.029830e+02
      vertex   1.535424e+02 1.725428e+02 2.030000e+02
      vertex   1.533902e+02 1.722798e+02 2.029830e+02
    endloop
  endfacet
  facet normal 7.918640e-02 -1.100194e-01 9.907700e-01
    outer loop
      vertex   1.533902e+02 1.722798e+02 2.029830e+02
      vertex   1.535424e+02 1.725428e+02 2.030000e+02
      vertex   1.532542e+02 1.723353e+02 2.030000e+02
    endloop
  endfacet
  facet normal 8.628798e-02 -9.299632e-02 9.919204e-01
    outer loop
      vertex   1.533902e+02 1.722798e+02 2.029830e+02
      vertex   1.532542e+02 1.723353e+02 2.030000e+02
      vertex   1.531688e+02 1.720744e+02 2.029830e+02
    endloop
  endfacet
  facet normal 9.722585e-02 -9.648843e-02 9.905741e-01
    outer loop
      vertex   1.531688e+02 1.720744e+02 2.029830e+02
      vertex   1.532542e+02 1.723353e+02 2.030000e+02
      vertex   1.530041e+02 1.720833e+02 2.030000e+02
    endloop
  endfacet
  facet normal 9.835844e-02 -7.843823e-02 9.920550e-01
    outer loop
      vertex   1.531688e+02 1.720744e+02 2.029830e+02
      vertex   1.530041e+02 1.720833e+02 2.030000e+02
      vertex   1.529805e+02 1.718382e+02 2.029830e+02
    endloop
  endfacet
  facet normal 1.125145e-01 -7.968889e-02 9.904495e-01
    outer loop
      vertex   1.529805e+02 1.718382e+02 2.029830e+02
      vertex   1.530041e+02 1.720833e+02 2.030000e+02
      vertex   1.527989e+02 1.717935e+02 2.030000e+02
    endloop
  endfacet
  facet normal 1.084704e-01 -6.262540e-02 9.921251e-01
    outer loop
      vertex   1.529805e+02 1.718382e+02 2.029830e+02
      vertex   1.527989e+02 1.717935e+02 2.030000e+02
      vertex   1.528295e+02 1.715767e+02 2.029830e+02
    endloop
  endfacet
  facet normal 1.244127e-01 -6.023595e-02 9.904005e-01
    outer loop
      vertex   1.528295e+02 1.715767e+02 2.029830e+02
      vertex   1.527989e+02 1.717935e+02 2.030000e+02
      vertex   1.526441e+02 1.714739e+02 2.030000e+02
    endloop
  endfacet
  facet normal 1.165323e-01 -4.573556e-02 9.921333e-01
    outer loop
      vertex   1.528295e+02 1.715767e+02 2.029830e+02
      vertex   1.526441e+02 1.714739e+02 2.030000e+02
      vertex   1.527192e+02 1.712956e+02 2.029830e+02
    endloop
  endfacet
  facet normal 1.324348e-01 -3.887935e-02 9.904289e-01
    outer loop
      vertex   1.527192e+02 1.712956e+02 2.029830e+02
      vertex   1.526441e+02 1.714739e+02 2.030000e+02
      vertex   1.525441e+02 1.711332e+02 2.030000e+02
    endloop
  endfacet
  facet normal 1.224598e-01 -2.795064e-02 9.920798e-01
    outer loop
      vertex   1.527192e+02 1.712956e+02 2.029830e+02
      vertex   1.525441e+02 1.711332e+02 2.030000e+02
      vertex   1.526520e+02 1.710012e+02 2.029830e+02
    endloop
  endfacet
  facet normal 1.362791e-01 -1.646058e-02 9.905337e-01
    outer loop
      vertex   1.526520e+02 1.710012e+02 2.029830e+02
      vertex   1.525441e+02 1.711332e+02 2.030000e+02
      vertex   1.525015e+02 1.707807e+02 2.030000e+02
    endloop
  endfacet
  facet normal 1.261761e-01 -9.455594e-03 9.919628e-01
    outer loop
      vertex   1.526520e+02 1.710012e+02 2.029830e+02
      vertex   1.525015e+02 1.707807e+02 2.030000e+02
      vertex   1.526294e+02 1.707000e+02 2.029830e+02
    endloop
  endfacet
  facet normal 1.358443e-01 6.136652e-03 9.907112e-01
    outer loop
      vertex   1.526294e+02 1.707000e+02 2.029830e+02
      vertex   1.525015e+02 1.707807e+02 2.030000e+02
      vertex   1.525175e+02 1.704259e+02 2.030000e+02
    endloop
  endfacet
  facet normal 1.276124e-01 9.563227e-03 9.917780e-01
    outer loop
      vertex   1.526294e+02 1.707000e+02 2.029830e+02
      vertex   1.525175e+02 1.704259e+02 2.030000e+02
      vertex   1.526520e+02 1.703988e+02 2.029830e+02
    endloop
  endfacet
  facet normal 1.312315e-01 2.803831e-02 9.909552e-01
    outer loop
      vertex   1.526520e+02 1.703988e+02 2.029830e+02
      vertex   1.525175e+02 1.704259e+02 2.030000e+02
      vertex   1.525917e+02 1.700787e+02 2.030000e+02
    endloop
  endfacet
  facet normal 1.267062e-01 2.891986e-02 9.915186e-01
    outer loop
      vertex   1.526520e+02 1.703988e+02 2.029830e+02
      vertex   1.525917e+02 1.700787e+02 2.030000e+02
      vertex   1.527192e+02 1.701044e+02 2.029830e+02
    endloop
  endfacet
  facet normal 1.227815e-01 4.818820e-02 9.912631e-01
    outer loop
      vertex   1.527192e+02 1.701044e+02 2.029830e+02
      vertex   1.525917e+02 1.700787e+02 2.030000e+02
      vertex   1.528295e+02 1.698233e+02 2.029830e+02
    endloop
  endfacet
  facet normal 3.570820e-01 1.401444e-01 9.234999e-01
    outer loop
      vertex   1.527192e+02 1.701044e+02 2.029830e+02
      vertex   1.528295e+02 1.698233e+02 2.029830e+02
      vertex   1.529382e+02 1.698756e+02 2.029330e+02
    endloop
  endfacet
  facet normal 3.322063e-01 1.917994e-01 9.234999e-01
    outer loop
      vertex   1.529382e+02 1.698756e+02 2.029330e+02
      vertex   1.528295e+02 1.698233e+02 2.029830e+02
      vertex   1.530801e+02 1.696297e+02 2.029330e+02
    endloop
  endfacet
  facet normal 5.281319e-01 3.049171e-01 7.925291e-01
    outer loop
      vertex   1.529382e+02 1.698756e+02 2.029330e+02
      vertex   1.530801e+02 1.696297e+02 2.029330e+02
      vertex   1.531657e+02 1.696880e+02 2.028536e+02
    endloop
  endfacet
  facet normal 4.767875e-01 3.802254e-01 7.925291e-01
    outer loop
      vertex   1.531657e+02 1.696880e+02 2.028536e+02
      vertex   1.530801e+02 1.696297e+02 2.029330e+02
      vertex   1.533331e+02 1.694781e+02 2.028536e+02
    endloop
  endfacet
  facet normal 6.209115e-01 4.951604e-01 6.076884e-01
    outer loop
      vertex   1.531657e+02 1.696880e+02 2.028536e+02
      vertex   1.533331e+02 1.694781e+02 2.028536e+02
      vertex   1.533914e+02 1.695322e+02 2.027500e+02
    endloop
  endfacet
  facet normal 5.401766e-01 5.821719e-01 6.076884e-01
    outer loop
      vertex   1.533914e+02 1.695322e+02 2.027500e+02
      vertex   1.533331e+02 1.694781e+02 2.028536e+02
      vertex   1.535795e+02 1.693576e+02 2.027500e+02
    endloop
  endfacet
  facet normal 6.286548e-01 6.775287e-01 3.817695e-01
    outer loop
      vertex   1.533914e+02 1.695322e+02 2.027500e+02
      vertex   1.535795e+02 1.693576e+02 2.027500e+02
      vertex   1.536106e+02 1.693967e+02 2.026294e+02
    endloop
  endfacet
  facet normal 5.206528e-01 7.636574e-01 3.817695e-01
    outer loop
      vertex   1.536106e+02 1.693967e+02 2.026294e+02
      vertex   1.535795e+02 1.693576e+02 2.027500e+02
      vertex   1.538165e+02 1.692563e+02 2.026294e+02
    endloop
  endfacet
  facet normal 5.607590e-01 8.224824e-01 9.524765e-02
    outer loop
      vertex   1.536106e+02 1.693967e+02 2.026294e+02
      vertex   1.538165e+02 1.692563e+02 2.026294e+02
      vertex   1.537167e+02 1.693393e+02 2.025000e+02
    endloop
  endfacet
  facet normal 4.764012e-01 8.597188e-01 1.841885e-01
    outer loop
      vertex   1.537167e+02 1.693393e+02 2.025000e+02
      vertex   1.538165e+02 1.692563e+02 2.026294e+02
      vertex   1.539911e+02 1.691873e+02 2.025000e+02
    endloop
  endfacet
  facet normal 4.315192e-01 8.960588e-01 1.042584e-01
    outer loop
      vertex   1.539911e+02 1.691873e+02 2.025000e+02
      vertex   1.538165e+02 1.692563e+02 2.026294e+02
      vertex   1.540410e+02 1.691482e+02 2.026294e+02
    endloop
  endfacet
  facet normal 3.061382e-01 9.375548e-01 1.651376e-01
    outer loop
      vertex   1.539911e+02 1.691873e+02 2.025000e+02
      vertex   1.540410e+02 1.691482e+02 2.026294e+02
      vertex   1.542893e+02 1.690899e+02 2.025000e+02
    endloop
  endfacet
  facet normal 2.920983e-01 9.469594e-01 1.339645e-01
    outer loop
      vertex   1.542893e+02 1.690899e+02 2.025000e+02
      vertex   1.540410e+02 1.691482e+02 2.026294e+02
      vertex   1.542790e+02 1.690748e+02 2.026294e+02
    endloop
  endfacet
  facet normal 1.478438e-01 9.808794e-01 1.265618e-01
    outer loop
      vertex   1.542893e+02 1.690899e+02 2.025000e+02
      vertex   1.542790e+02 1.690748e+02 2.026294e+02
      vertex   1.545254e+02 1.690376e+02 2.026294e+02
    endloop
  endfacet
  facet normal 1.377534e-01 9.139344e-01 3.817695e-01
    outer loop
      vertex   1.545254e+02 1.690376e+02 2.026294e+02
      vertex   1.542790e+02 1.690748e+02 2.026294e+02
      vertex   1.542679e+02 1.690261e+02 2.027500e+02
    endloop
  endfacet
  facet normal 1.377534e-01 9.139344e-01 3.817695e-01
    outer loop
      vertex   1.545254e+02 1.690376e+02 2.026294e+02
      vertex   1.542679e+02 1.690261e+02 2.027500e+02
      vertex   1.545217e+02 1.689878e+02 2.027500e+02
    endloop
  endfacet
  facet normal 1.183657e-01 7.853053e-01 6.076884e-01
    outer loop
      vertex   1.545217e+02 1.689878e+02 2.027500e+02
      vertex   1.542679e+02 1.690261e+02 2.027500e+02
      vertex   1.542503e+02 1.689486e+02 2.028536e+02
    endloop
  endfacet
  facet normal 1.183657e-01 7.853053e-01 6.076884e-01
    outer loop
      vertex   1.545217e+02 1.689878e+02 2.027500e+02
      vertex   1.542503e+02 1.689486e+02 2.028536e+02
      vertex   1.545158e+02 1.689086e+02 2.028536e+02
    endloop
  endfacet
  facet normal 9.089106e-02 6.030228e-01 7.925291e-01
    outer loop
      vertex   1.545158e+02 1.689086e+02 2.028536e+02
      vertex   1.542503e+02 1.689486e+02 2.028536e+02
      vertex   1.542272e+02 1.688476e+02 2.029330e+02
    endloop
  endfacet
  facet normal 9.089106e-02 6.030228e-01 7.925291e-01
    outer loop
      vertex   1.545158e+02 1.689086e+02 2.028536e+02
      vertex   1.542272e+02 1.688476e+02 2.029330e+02
      vertex   1.545080e+02 1.688053e+02 2.029330e+02
    endloop
  endfacet
  facet normal 5.717243e-02 3.793143e-01 9.234999e-01
    outer loop
      vertex   1.545080e+02 1.688053e+02 2.029330e+02
      vertex   1.542272e+02 1.688476e+02 2.029330e+02
      vertex   1.542004e+02 1.687301e+02 2.029830e+02
    endloop
  endfacet
  facet normal 5.717243e-02 3.793143e-01 9.234999e-01
    outer loop
      vertex   1.545080e+02 1.688053e+02 2.029330e+02
      vertex   1.542004e+02 1.687301e+02 2.029830e+02
      vertex   1.544990e+02 1.686851e+02 2.029830e+02
    endloop
  endfacet
  facet normal 1.878025e-02 1.245988e-01 9.920295e-01
    outer loop
      vertex   1.544990e+02 1.686851e+02 2.029830e+02
      vertex   1.542004e+02 1.687301e+02 2.029830e+02
      vertex   1.543922e+02 1.685655e+02 2.030000e+02
    endloop
  endfacet
  facet normal 5.128818e-03 1.365949e-01 9.906137e-01
    outer loop
      vertex   1.544990e+02 1.686851e+02 2.029830e+02
      vertex   1.543922e+02 1.685655e+02 2.030000e+02
      vertex   1.547470e+02 1.685522e+02 2.030000e+02
    endloop
  endfacet
  facet normal 1.232574e-01 4.863663e-02 9.911822e-01
    outer loop
      vertex   1.525917e+02 1.700787e+02 2.030000e+02
      vertex   1.527221e+02 1.697484e+02 2.030000e+02
      vertex   1.528295e+02 1.698233e+02 2.029830e+02
    endloop
  endfacet
  facet normal 1.121045e-01 6.472354e-02 9.915863e-01
    outer loop
      vertex   1.528295e+02 1.698233e+02 2.029830e+02
      vertex   1.527221e+02 1.697484e+02 2.030000e+02
      vertex   1.529805e+02 1.695618e+02 2.029830e+02
    endloop
  endfacet
  facet normal 3.322063e-01 1.917994e-01 9.234999e-01
    outer loop
      vertex   1.528295e+02 1.698233e+02 2.029830e+02
      vertex   1.529805e+02 1.695618e+02 2.029830e+02
      vertex   1.530801e+02 1.696297e+02 2.029330e+02
    endloop
  endfacet
  facet normal 2.999096e-01 2.391699e-01 9.234999e-01
    outer loop
      vertex   1.530801e+02 1.696297e+02 2.029330e+02
      vertex   1.529805e+02 1.695618e+02 2.029830e+02
      vertex   1.532572e+02 1.694077e+02 2.029330e+02
    endloop
  endfacet
  facet normal 4.767875e-01 3.802254e-01 7.925291e-01
    outer loop
      vertex   1.530801e+02 1.696297e+02 2.029330e+02
      vertex   1.532572e+02 1.694077e+02 2.029330e+02
      vertex   1.533331e+02 1.694781e+02 2.028536e+02
    endloop
  endfacet
  facet normal 4.147926e-01 4.470401e-01 7.925291e-01
    outer loop
      vertex   1.533331e+02 1.694781e+02 2.028536e+02
      vertex   1.532572e+02 1.694077e+02 2.029330e+02
      vertex   1.535299e+02 1.692955e+02 2.028536e+02
    endloop
  endfacet
  facet normal 5.401766e-01 5.821719e-01 6.076884e-01
    outer loop
      vertex   1.533331e+02 1.694781e+02 2.028536e+02
      vertex   1.535299e+02 1.692955e+02 2.028536e+02
      vertex   1.535795e+02 1.693576e+02 2.027500e+02
    endloop
  endfacet
  facet normal 4.473750e-01 6.561787e-01 6.076884e-01
    outer loop
      vertex   1.535795e+02 1.693576e+02 2.027500e+02
      vertex   1.535299e+02 1.692955e+02 2.028536e+02
      vertex   1.537915e+02 1.692130e+02 2.027500e+02
    endloop
  endfacet
  facet normal 5.206528e-01 7.636574e-01 3.817695e-01
    outer loop
      vertex   1.535795e+02 1.693576e+02 2.027500e+02
      vertex   1.537915e+02 1.692130e+02 2.027500e+02
      vertex   1.538165e+02 1.692563e+02 2.026294e+02
    endloop
  endfacet
  facet normal 4.010203e-01 8.327273e-01 3.817695e-01
    outer loop
      vertex   1.538165e+02 1.692563e+02 2.026294e+02
      vertex   1.537915e+02 1.692130e+02 2.027500e+02
      vertex   1.540410e+02 1.691482e+02 2.026294e+02
    endloop
  endfacet
  facet normal 1.154120e-01 6.936731e-02 9.908927e-01
    outer loop
      vertex   1.527221e+02 1.697484e+02 2.030000e+02
      vertex   1.529050e+02 1.694440e+02 2.030000e+02
      vertex   1.529805e+02 1.695618e+02 2.029830e+02
    endloop
  endfacet
  facet normal 9.975066e-02 7.954850e-02 9.918275e-01
    outer loop
      vertex   1.529805e+02 1.695618e+02 2.029830e+02
      vertex   1.529050e+02 1.694440e+02 2.030000e+02
      vertex   1.531688e+02 1.693256e+02 2.029830e+02
    endloop
  endfacet
  facet normal 2.999096e-01 2.391699e-01 9.234999e-01
    outer loop
      vertex   1.529805e+02 1.695618e+02 2.029830e+02
      vertex   1.531688e+02 1.693256e+02 2.029830e+02
      vertex   1.532572e+02 1.694077e+02 2.029330e+02
    endloop
  endfacet
  facet normal 2.609134e-01 2.811978e-01 9.234999e-01
    outer loop
      vertex   1.532572e+02 1.694077e+02 2.029330e+02
      vertex   1.531688e+02 1.693256e+02 2.029830e+02
      vertex   1.534654e+02 1.692145e+02 2.029330e+02
    endloop
  endfacet
  facet normal 4.147926e-01 4.470401e-01 7.925291e-01
    outer loop
      vertex   1.532572e+02 1.694077e+02 2.029330e+02
      vertex   1.534654e+02 1.692145e+02 2.029330e+02
      vertex   1.535299e+02 1.692955e+02 2.028536e+02
    endloop
  endfacet
  facet normal 3.435318e-01 5.038686e-01 7.925291e-01
    outer loop
      vertex   1.535299e+02 1.692955e+02 2.028536e+02
      vertex   1.534654e+02 1.692145e+02 2.029330e+02
      vertex   1.537518e+02 1.691442e+02 2.028536e+02
    endloop
  endfacet
  facet normal 4.473750e-01 6.561787e-01 6.076884e-01
    outer loop
      vertex   1.535299e+02 1.692955e+02 2.028536e+02
      vertex   1.537518e+02 1.691442e+02 2.028536e+02
      vertex   1.537915e+02 1.692130e+02 2.027500e+02
    endloop
  endfacet
  facet normal 3.445799e-01 7.155275e-01 6.076884e-01
    outer loop
      vertex   1.537915e+02 1.692130e+02 2.027500e+02
      vertex   1.537518e+02 1.691442e+02 2.028536e+02
      vertex   1.540227e+02 1.691017e+02 2.027500e+02
    endloop
  endfacet
  facet normal 4.010203e-01 8.327273e-01 3.817695e-01
    outer loop
      vertex   1.537915e+02 1.692130e+02 2.027500e+02
      vertex   1.540227e+02 1.691017e+02 2.027500e+02
      vertex   1.540410e+02 1.691482e+02 2.026294e+02
    endloop
  endfacet
  facet normal 2.724297e-01 8.831954e-01 3.817695e-01
    outer loop
      vertex   1.540410e+02 1.691482e+02 2.026294e+02
      vertex   1.540227e+02 1.691017e+02 2.027500e+02
      vertex   1.542790e+02 1.690748e+02 2.026294e+02
    endloop
  endfacet
  facet normal 1.036947e-01 8.850504e-02 9.906635e-01
    outer loop
      vertex   1.529050e+02 1.694440e+02 2.030000e+02
      vertex   1.531355e+02 1.691739e+02 2.030000e+02
      vertex   1.531688e+02 1.693256e+02 2.029830e+02
    endloop
  endfacet
  facet normal 8.588504e-02 9.256206e-02 9.919960e-01
    outer loop
      vertex   1.531688e+02 1.693256e+02 2.029830e+02
      vertex   1.531355e+02 1.691739e+02 2.030000e+02
      vertex   1.533902e+02 1.691202e+02 2.029830e+02
    endloop
  endfacet
  facet normal 2.609134e-01 2.811978e-01 9.234999e-01
    outer loop
      vertex   1.531688e+02 1.693256e+02 2.029830e+02
      vertex   1.533902e+02 1.691202e+02 2.029830e+02
      vertex   1.534654e+02 1.692145e+02 2.029330e+02
    endloop
  endfacet
  facet normal 2.160889e-01 3.169442e-01 9.234999e-01
    outer loop
      vertex   1.534654e+02 1.692145e+02 2.029330e+02
      vertex   1.533902e+02 1.691202e+02 2.029830e+02
      vertex   1.537000e+02 1.690546e+02 2.029330e+02
    endloop
  endfacet
  facet normal 3.435318e-01 5.038686e-01 7.925291e-01
    outer loop
      vertex   1.534654e+02 1.692145e+02 2.029330e+02
      vertex   1.537000e+02 1.690546e+02 2.029330e+02
      vertex   1.537518e+02 1.691442e+02 2.028536e+02
    endloop
  endfacet
  facet normal 2.645971e-01 5.494416e-01 7.925291e-01
    outer loop
      vertex   1.537518e+02 1.691442e+02 2.028536e+02
      vertex   1.537000e+02 1.690546e+02 2.029330e+02
      vertex   1.539937e+02 1.690277e+02 2.028536e+02
    endloop
  endfacet
  facet normal 3.445799e-01 7.155275e-01 6.076884e-01
    outer loop
      vertex   1.537518e+02 1.691442e+02 2.028536e+02
      vertex   1.539937e+02 1.690277e+02 2.028536e+02
      vertex   1.540227e+02 1.691017e+02 2.027500e+02
    endloop
  endfacet
  facet normal 2.340874e-01 7.588926e-01 6.076884e-01
    outer loop
      vertex   1.540227e+02 1.691017e+02 2.027500e+02
      vertex   1.539937e+02 1.690277e+02 2.028536e+02
      vertex   1.542679e+02 1.690261e+02 2.027500e+02
    endloop
  endfacet
  facet normal 2.724297e-01 8.831954e-01 3.817695e-01
    outer loop
      vertex   1.540227e+02 1.691017e+02 2.027500e+02
      vertex   1.542679e+02 1.690261e+02 2.027500e+02
      vertex   1.542790e+02 1.690748e+02 2.026294e+02
    endloop
  endfacet
  facet normal 8.846237e-02 1.052572e-01 9.905026e-01
    outer loop
      vertex   1.531355e+02 1.691739e+02 2.030000e+02
      vertex   1.534074e+02 1.689455e+02 2.030000e+02
      vertex   1.533902e+02 1.691202e+02 2.029830e+02
    endloop
  endfacet
  facet normal 7.067766e-02 1.036651e-01 9.920979e-01
    outer loop
      vertex   1.533902e+02 1.691202e+02 2.029830e+02
      vertex   1.534074e+02 1.689455e+02 2.030000e+02
      vertex   1.536397e+02 1.689501e+02 2.029830e+02
    endloop
  endfacet
  facet normal 2.160889e-01 3.169442e-01 9.234999e-01
    outer loop
      vertex   1.533902e+02 1.691202e+02 2.029830e+02
      vertex   1.536397e+02 1.689501e+02 2.029830e+02
      vertex   1.537000e+02 1.690546e+02 2.029330e+02
    endloop
  endfacet
  facet normal 1.664373e-01 3.456106e-01 9.234999e-01
    outer loop
      vertex   1.537000e+02 1.690546e+02 2.029330e+02
      vertex   1.536397e+02 1.689501e+02 2.029830e+02
      vertex   1.539559e+02 1.689313e+02 2.029330e+02
    endloop
  endfacet
  facet normal 2.645971e-01 5.494416e-01 7.925291e-01
    outer loop
      vertex   1.537000e+02 1.690546e+02 2.029330e+02
      vertex   1.539559e+02 1.689313e+02 2.029330e+02
      vertex   1.539937e+02 1.690277e+02 2.028536e+02
    endloop
  endfacet
  facet normal 1.797518e-01 5.827409e-01 7.925291e-01
    outer loop
      vertex   1.539937e+02 1.690277e+02 2.028536e+02
      vertex   1.539559e+02 1.689313e+02 2.029330e+02
      vertex   1.542503e+02 1.689486e+02 2.028536e+02
    endloop
  endfacet
  facet normal 2.340874e-01 7.588926e-01 6.076884e-01
    outer loop
      vertex   1.539937e+02 1.690277e+02 2.028536e+02
      vertex   1.542503e+02 1.689486e+02 2.028536e+02
      vertex   1.542679e+02 1.690261e+02 2.027500e+02
    endloop
  endfacet
  facet normal 7.024993e-02 1.189218e-01 9.904153e-01
    outer loop
      vertex   1.534074e+02 1.689455e+02 2.030000e+02
      vertex   1.537131e+02 1.687649e+02 2.030000e+02
      vertex   1.536397e+02 1.689501e+02 2.029830e+02
    endloop
  endfacet
  facet normal 5.430382e-02 1.127630e-01 9.921369e-01
    outer loop
      vertex   1.536397e+02 1.689501e+02 2.029830e+02
      vertex   1.537131e+02 1.687649e+02 2.030000e+02
      vertex   1.539118e+02 1.688191e+02 2.029830e+02
    endloop
  endfacet
  facet normal 1.664373e-01 3.456106e-01 9.234999e-01
    outer loop
      vertex   1.536397e+02 1.689501e+02 2.029830e+02
      vertex   1.539118e+02 1.688191e+02 2.029830e+02
      vertex   1.539559e+02 1.689313e+02 2.029330e+02
    endloop
  endfacet
  facet normal 1.130677e-01 3.665566e-01 9.234999e-01
    outer loop
      vertex   1.539559e+02 1.689313e+02 2.029330e+02
      vertex   1.539118e+02 1.688191e+02 2.029830e+02
      vertex   1.542272e+02 1.688476e+02 2.029330e+02
    endloop
  endfacet
  facet normal 1.797518e-01 5.827409e-01 7.925291e-01
    outer loop
      vertex   1.539559e+02 1.689313e+02 2.029330e+02
      vertex   1.542272e+02 1.688476e+02 2.029330e+02
      vertex   1.542503e+02 1.689486e+02 2.028536e+02
    endloop
  endfacet
  facet normal 4.974461e-02 1.289317e-01 9.904050e-01
    outer loop
      vertex   1.537131e+02 1.687649e+02 2.030000e+02
      vertex   1.540444e+02 1.686371e+02 2.030000e+02
      vertex   1.539118e+02 1.688191e+02 2.029830e+02
    endloop
  endfacet
  facet normal 3.694348e-02 1.197678e-01 9.921143e-01
    outer loop
      vertex   1.539118e+02 1.688191e+02 2.029830e+02
      vertex   1.540444e+02 1.686371e+02 2.030000e+02
      vertex   1.542004e+02 1.687301e+02 2.029830e+02
    endloop
  endfacet
  facet normal 1.130677e-01 3.665566e-01 9.234999e-01
    outer loop
      vertex   1.539118e+02 1.688191e+02 2.029830e+02
      vertex   1.542004e+02 1.687301e+02 2.029830e+02
      vertex   1.542272e+02 1.688476e+02 2.029330e+02
    endloop
  endfacet
  facet normal 2.774789e-02 1.348903e-01 9.904719e-01
    outer loop
      vertex   1.540444e+02 1.686371e+02 2.030000e+02
      vertex   1.543922e+02 1.685655e+02 2.030000e+02
      vertex   1.542004e+02 1.687301e+02 2.029830e+02
    endloop
  endfacet
  facet normal -0.000000e+00 1.271833e-01 9.918792e-01
    outer loop
      vertex   1.544990e+02 1.686851e+02 2.029830e+02
      vertex   1.547470e+02 1.685522e+02 2.030000e+02
      vertex   1.548010e+02 1.686851e+02 2.029830e+02
    endloop
  endfacet
  facet normal -1.722729e-02 1.340462e-01 9.908253e-01
    outer loop
      vertex   1.548010e+02 1.686851e+02 2.029830e+02
      vertex   1.547470e+02 1.685522e+02 2.030000e+02
      vertex   1.550992e+02 1.685975e+02 2.030000e+02
    endloop
  endfacet
  facet normal -1.921087e-02 1.274558e-01 9.916582e-01
    outer loop
      vertex   1.548010e+02 1.686851e+02 2.029830e+02
      vertex   1.550992e+02 1.685975e+02 2.030000e+02
      vertex   1.550996e+02 1.687301e+02 2.029830e+02
    endloop
  endfacet
  facet normal -3.847006e-02 1.274427e-01 9.910996e-01
    outer loop
      vertex   1.550996e+02 1.687301e+02 2.029830e+02
      vertex   1.550992e+02 1.685975e+02 2.030000e+02
      vertex   1.554392e+02 1.687001e+02 2.030000e+02
    endloop
  endfacet
  facet normal -4.261901e-01 8.914016e-01 1.541594e-01
    outer loop
      vertex   1.552170e+02 1.691505e+02 2.025000e+02
      vertex   1.552590e+02 1.691482e+02 2.026294e+02
      vertex   1.555000e+02 1.692858e+02 2.025000e+02
    endloop
  endfacet
  facet normal -4.290831e-01 8.910001e-01 1.483458e-01
    outer loop
      vertex   1.555000e+02 1.692858e+02 2.025000e+02
      vertex   1.552590e+02 1.691482e+02 2.026294e+02
      vertex   1.554835e+02 1.692563e+02 2.026294e+02
    endloop
  endfacet
  facet normal -5.595361e-01 8.206887e-01 1.157126e-01
    outer loop
      vertex   1.555000e+02 1.692858e+02 2.025000e+02
      vertex   1.554835e+02 1.692563e+02 2.026294e+02
      vertex   1.556894e+02 1.693967e+02 2.026294e+02
    endloop
  endfacet
  facet normal -5.206528e-01 7.636574e-01 3.817695e-01
    outer loop
      vertex   1.556894e+02 1.693967e+02 2.026294e+02
      vertex   1.554835e+02 1.692563e+02 2.026294e+02
      vertex   1.555085e+02 1.692130e+02 2.027500e+02
    endloop
  endfacet
  facet normal -5.206528e-01 7.636574e-01 3.817695e-01
    outer loop
      vertex   1.556894e+02 1.693967e+02 2.026294e+02
      vertex   1.555085e+02 1.692130e+02 2.027500e+02
      vertex   1.557205e+02 1.693576e+02 2.027500e+02
    endloop
  endfacet
  facet normal -4.473750e-01 6.561787e-01 6.076884e-01
    outer loop
      vertex   1.557205e+02 1.693576e+02 2.027500e+02
      vertex   1.555085e+02 1.692130e+02 2.027500e+02
      vertex   1.555482e+02 1.691442e+02 2.028536e+02
    endloop
  endfacet
  facet normal -4.473750e-01 6.561787e-01 6.076884e-01
    outer loop
      vertex   1.557205e+02 1.693576e+02 2.027500e+02
      vertex   1.555482e+02 1.691442e+02 2.028536e+02
      vertex   1.557701e+02 1.692955e+02 2.028536e+02
    endloop
  endfacet
  facet normal -3.435318e-01 5.038686e-01 7.925291e-01
    outer loop
      vertex   1.557701e+02 1.692955e+02 2.028536e+02
      vertex   1.555482e+02 1.691442e+02 2.028536e+02
      vertex   1.556000e+02 1.690546e+02 2.029330e+02
    endloop
  endfacet
  facet normal -3.435318e-01 5.038686e-01 7.925291e-01
    outer loop
      vertex   1.557701e+02 1.692955e+02 2.028536e+02
      vertex   1.556000e+02 1.690546e+02 2.029330e+02
      vertex   1.558346e+02 1.692145e+02 2.029330e+02
    endloop
  endfacet
  facet normal -2.160889e-01 3.169442e-01 9.234999e-01
    outer loop
      vertex   1.558346e+02 1.692145e+02 2.029330e+02
      vertex   1.556000e+02 1.690546e+02 2.029330e+02
      vertex   1.556603e+02 1.689501e+02 2.029830e+02
    endloop
  endfacet
  facet normal -2.160889e-01 3.169442e-01 9.234999e-01
    outer loop
      vertex   1.558346e+02 1.692145e+02 2.029330e+02
      vertex   1.556603e+02 1.689501e+02 2.029830e+02
      vertex   1.559098e+02 1.691202e+02 2.029830e+02
    endloop
  endfacet
  facet normal -1.483549e-01 9.842705e-01 9.592932e-02
    outer loop
      vertex   1.550210e+02 1.690748e+02 2.026294e+02
      vertex   1.549135e+02 1.690712e+02 2.025000e+02
      vertex   1.547746e+02 1.690376e+02 2.026294e+02
    endloop
  endfacet
  facet normal -6.400866e-02 9.805547e-01 1.855140e-01
    outer loop
      vertex   1.547746e+02 1.690376e+02 2.026294e+02
      vertex   1.549135e+02 1.690712e+02 2.025000e+02
      vertex   1.546005e+02 1.690507e+02 2.025000e+02
    endloop
  endfacet
  facet normal 0.000000e+00 9.949008e-01 1.008579e-01
    outer loop
      vertex   1.547746e+02 1.690376e+02 2.026294e+02
      vertex   1.546005e+02 1.690507e+02 2.025000e+02
      vertex   1.545254e+02 1.690376e+02 2.026294e+02
    endloop
  endfacet
  facet normal 1.230587e-01 9.776456e-01 1.704867e-01
    outer loop
      vertex   1.545254e+02 1.690376e+02 2.026294e+02
      vertex   1.546005e+02 1.690507e+02 2.025000e+02
      vertex   1.542893e+02 1.690899e+02 2.025000e+02
    endloop
  endfacet
  facet normal 6.306631e-01 7.542243e-01 1.827835e-01
    outer loop
      vertex   1.537167e+02 1.693393e+02 2.025000e+02
      vertex   1.534760e+02 1.695405e+02 2.025000e+02
      vertex   1.536106e+02 1.693967e+02 2.026294e+02
    endloop
  endfacet
  facet normal 6.762579e-01 7.288326e-01 1.071368e-01
    outer loop
      vertex   1.536106e+02 1.693967e+02 2.026294e+02
      vertex   1.534760e+02 1.695405e+02 2.025000e+02
      vertex   1.534280e+02 1.695661e+02 2.026294e+02
    endloop
  endfacet
  facet normal 6.286548e-01 6.775287e-01 3.817695e-01
    outer loop
      vertex   1.536106e+02 1.693967e+02 2.026294e+02
      vertex   1.534280e+02 1.695661e+02 2.026294e+02
      vertex   1.533914e+02 1.695322e+02 2.027500e+02
    endloop
  endfacet
  facet normal 7.226137e-01 5.762652e-01 3.817695e-01
    outer loop
      vertex   1.533914e+02 1.695322e+02 2.027500e+02
      vertex   1.534280e+02 1.695661e+02 2.026294e+02
      vertex   1.532314e+02 1.697328e+02 2.027500e+02
    endloop
  endfacet
  facet normal 6.209115e-01 4.951604e-01 6.076884e-01
    outer loop
      vertex   1.533914e+02 1.695322e+02 2.027500e+02
      vertex   1.532314e+02 1.697328e+02 2.027500e+02
      vertex   1.531657e+02 1.696880e+02 2.028536e+02
    endloop
  endfacet
  facet normal 6.877762e-01 3.970878e-01 6.076884e-01
    outer loop
      vertex   1.531657e+02 1.696880e+02 2.028536e+02
      vertex   1.532314e+02 1.697328e+02 2.027500e+02
      vertex   1.530315e+02 1.699206e+02 2.028536e+02
    endloop
  endfacet
  facet normal 5.281319e-01 3.049171e-01 7.925291e-01
    outer loop
      vertex   1.531657e+02 1.696880e+02 2.028536e+02
      vertex   1.530315e+02 1.699206e+02 2.028536e+02
      vertex   1.529382e+02 1.698756e+02 2.029330e+02
    endloop
  endfacet
  facet normal 5.676786e-01 2.227974e-01 7.925291e-01
    outer loop
      vertex   1.529382e+02 1.698756e+02 2.029330e+02
      vertex   1.530315e+02 1.699206e+02 2.028536e+02
      vertex   1.528344e+02 1.701400e+02 2.029330e+02
    endloop
  endfacet
  facet normal 3.570820e-01 1.401444e-01 9.234999e-01
    outer loop
      vertex   1.529382e+02 1.698756e+02 2.029330e+02
      vertex   1.528344e+02 1.701400e+02 2.029330e+02
      vertex   1.527192e+02 1.701044e+02 2.029830e+02
    endloop
  endfacet
  facet normal 3.739812e-01 8.535876e-02 9.234999e-01
    outer loop
      vertex   1.527192e+02 1.701044e+02 2.029830e+02
      vertex   1.528344e+02 1.701400e+02 2.029330e+02
      vertex   1.526520e+02 1.703988e+02 2.029830e+02
    endloop
  endfacet
  facet normal 7.649656e-01 6.236551e-01 1.608785e-01
    outer loop
      vertex   1.534760e+02 1.695405e+02 2.025000e+02
      vertex   1.532778e+02 1.697837e+02 2.025000e+02
      vertex   1.534280e+02 1.695661e+02 2.026294e+02
    endloop
  endfacet
  facet normal 7.741702e-01 6.173801e-01 1.396506e-01
    outer loop
      vertex   1.534280e+02 1.695661e+02 2.026294e+02
      vertex   1.532778e+02 1.697837e+02 2.025000e+02
      vertex   1.532726e+02 1.697609e+02 2.026294e+02
    endloop
  endfacet
  facet normal 7.226137e-01 5.762652e-01 3.817695e-01
    outer loop
      vertex   1.534280e+02 1.695661e+02 2.026294e+02
      vertex   1.532726e+02 1.697609e+02 2.026294e+02
      vertex   1.532314e+02 1.697328e+02 2.027500e+02
    endloop
  endfacet
  facet normal 8.004305e-01 4.621288e-01 3.817695e-01
    outer loop
      vertex   1.532314e+02 1.697328e+02 2.027500e+02
      vertex   1.532726e+02 1.697609e+02 2.026294e+02
      vertex   1.531030e+02 1.699550e+02 2.027500e+02
    endloop
  endfacet
  facet normal 6.877762e-01 3.970878e-01 6.076884e-01
    outer loop
      vertex   1.532314e+02 1.697328e+02 2.027500e+02
      vertex   1.531030e+02 1.699550e+02 2.027500e+02
      vertex   1.530315e+02 1.699206e+02 2.028536e+02
    endloop
  endfacet
  facet normal 7.392772e-01 2.901449e-01 6.076884e-01
    outer loop
      vertex   1.530315e+02 1.699206e+02 2.028536e+02
      vertex   1.531030e+02 1.699550e+02 2.027500e+02
      vertex   1.529334e+02 1.701705e+02 2.028536e+02
    endloop
  endfacet
  facet normal 5.676786e-01 2.227974e-01 7.925291e-01
    outer loop
      vertex   1.530315e+02 1.699206e+02 2.028536e+02
      vertex   1.529334e+02 1.701705e+02 2.028536e+02
      vertex   1.528344e+02 1.701400e+02 2.029330e+02
    endloop
  endfacet
  facet normal 5.945443e-01 1.357009e-01 7.925291e-01
    outer loop
      vertex   1.528344e+02 1.701400e+02 2.029330e+02
      vertex   1.529334e+02 1.701705e+02 2.028536e+02
      vertex   1.527712e+02 1.704168e+02 2.029330e+02
    endloop
  endfacet
  facet normal 3.739812e-01 8.535876e-02 9.234999e-01
    outer loop
      vertex   1.528344e+02 1.701400e+02 2.029330e+02
      vertex   1.527712e+02 1.704168e+02 2.029330e+02
      vertex   1.526520e+02 1.703988e+02 2.029830e+02
    endloop
  endfacet
  facet normal 3.825262e-01 2.866637e-02 9.234999e-01
    outer loop
      vertex   1.526520e+02 1.703988e+02 2.029830e+02
      vertex   1.527712e+02 1.704168e+02 2.029330e+02
      vertex   1.526294e+02 1.707000e+02 2.029830e+02
    endloop
  endfacet
  facet normal 8.595778e-01 4.962775e-01 1.217978e-01
    outer loop
      vertex   1.532726e+02 1.697609e+02 2.026294e+02
      vertex   1.532778e+02 1.697837e+02 2.025000e+02
      vertex   1.531481e+02 1.699767e+02 2.026294e+02
    endloop
  endfacet
  facet normal 8.672401e-01 4.665763e-01 1.737845e-01
    outer loop
      vertex   1.531481e+02 1.699767e+02 2.026294e+02
      vertex   1.532778e+02 1.697837e+02 2.025000e+02
      vertex   1.531292e+02 1.700599e+02 2.025000e+02
    endloop
  endfacet
  facet normal 9.263068e-01 3.635486e-01 9.893521e-02
    outer loop
      vertex   1.531481e+02 1.699767e+02 2.026294e+02
      vertex   1.531292e+02 1.700599e+02 2.025000e+02
      vertex   1.530570e+02 1.702086e+02 2.026294e+02
    endloop
  endfacet
  facet normal 9.377394e-01 2.933525e-01 1.859818e-01
    outer loop
      vertex   1.530570e+02 1.702086e+02 2.026294e+02
      vertex   1.531292e+02 1.700599e+02 2.025000e+02
      vertex   1.530356e+02 1.703593e+02 2.025000e+02
    endloop
  endfacet
  facet normal 9.703408e-01 2.214740e-01 9.689173e-02
    outer loop
      vertex   1.530570e+02 1.702086e+02 2.026294e+02
      vertex   1.530356e+02 1.703593e+02 2.025000e+02
      vertex   1.530016e+02 1.704515e+02 2.026294e+02
    endloop
  endfacet
  facet normal 9.778179e-01 1.107536e-01 1.777803e-01
    outer loop
      vertex   1.530016e+02 1.704515e+02 2.026294e+02
      vertex   1.530356e+02 1.703593e+02 2.025000e+02
      vertex   1.530003e+02 1.706710e+02 2.025000e+02
    endloop
  endfacet
  facet normal 9.905053e-01 7.422811e-02 1.157126e-01
    outer loop
      vertex   1.530016e+02 1.704515e+02 2.026294e+02
      vertex   1.530003e+02 1.706710e+02 2.025000e+02
      vertex   1.529830e+02 1.707000e+02 2.026294e+02
    endloop
  endfacet
  facet normal 9.861703e-01 -7.390325e-02 1.483458e-01
    outer loop
      vertex   1.529830e+02 1.707000e+02 2.026294e+02
      vertex   1.530003e+02 1.706710e+02 2.025000e+02
      vertex   1.530016e+02 1.709485e+02 2.026294e+02
    endloop
  endfacet
  facet normal 9.216731e-01 -6.906985e-02 3.817695e-01
    outer loop
      vertex   1.529830e+02 1.707000e+02 2.026294e+02
      vertex   1.530016e+02 1.709485e+02 2.026294e+02
      vertex   1.529522e+02 1.709559e+02 2.027500e+02
    endloop
  endfacet
  facet normal 9.010845e-01 -2.056667e-01 3.817695e-01
    outer loop
      vertex   1.529522e+02 1.709559e+02 2.027500e+02
      vertex   1.530016e+02 1.709485e+02 2.026294e+02
      vertex   1.530093e+02 1.712061e+02 2.027500e+02
    endloop
  endfacet
  facet normal 7.742639e-01 -1.767207e-01 6.076884e-01
    outer loop
      vertex   1.529522e+02 1.709559e+02 2.027500e+02
      vertex   1.530093e+02 1.712061e+02 2.027500e+02
      vertex   1.529334e+02 1.712295e+02 2.028536e+02
    endloop
  endfacet
  facet normal 7.392772e-01 -2.901449e-01 6.076884e-01
    outer loop
      vertex   1.529334e+02 1.712295e+02 2.028536e+02
      vertex   1.530093e+02 1.712061e+02 2.027500e+02
      vertex   1.530315e+02 1.714794e+02 2.028536e+02
    endloop
  endfacet
  facet normal 5.676786e-01 -2.227974e-01 7.925291e-01
    outer loop
      vertex   1.529334e+02 1.712295e+02 2.028536e+02
      vertex   1.530315e+02 1.714794e+02 2.028536e+02
      vertex   1.529382e+02 1.715244e+02 2.029330e+02
    endloop
  endfacet
  facet normal 5.281319e-01 -3.049171e-01 7.925291e-01
    outer loop
      vertex   1.529382e+02 1.715244e+02 2.029330e+02
      vertex   1.530315e+02 1.714794e+02 2.028536e+02
      vertex   1.530801e+02 1.717703e+02 2.029330e+02
    endloop
  endfacet
  facet normal 3.322063e-01 -1.917994e-01 9.234999e-01
    outer loop
      vertex   1.529382e+02 1.715244e+02 2.029330e+02
      vertex   1.530801e+02 1.717703e+02 2.029330e+02
      vertex   1.529805e+02 1.718382e+02 2.029830e+02
    endloop
  endfacet
  facet normal 2.999096e-01 -2.391699e-01 9.234999e-01
    outer loop
      vertex   1.529805e+02 1.718382e+02 2.029830e+02
      vertex   1.530801e+02 1.717703e+02 2.029330e+02
      vertex   1.531688e+02 1.720744e+02 2.029830e+02
    endloop
  endfacet
  facet normal 9.850715e-01 -7.660937e-02 1.541594e-01
    outer loop
      vertex   1.530003e+02 1.706710e+02 2.025000e+02
      vertex   1.530246e+02 1.709837e+02 2.025000e+02
      vertex   1.530016e+02 1.709485e+02 2.026294e+02
    endloop
  endfacet
  facet normal 9.688064e-01 -2.211237e-01 1.118861e-01
    outer loop
      vertex   1.530016e+02 1.709485e+02 2.026294e+02
      vertex   1.530246e+02 1.709837e+02 2.025000e+02
      vertex   1.530570e+02 1.711914e+02 2.026294e+02
    endloop
  endfacet
  facet normal 9.010845e-01 -2.056667e-01 3.817695e-01
    outer loop
      vertex   1.530016e+02 1.709485e+02 2.026294e+02
      vertex   1.530570e+02 1.711914e+02 2.026294e+02
      vertex   1.530093e+02 1.712061e+02 2.027500e+02
    endloop
  endfacet
  facet normal 8.603671e-01 -3.376692e-01 3.817695e-01
    outer loop
      vertex   1.530093e+02 1.712061e+02 2.027500e+02
      vertex   1.530570e+02 1.711914e+02 2.026294e+02
      vertex   1.531030e+02 1.714450e+02 2.027500e+02
    endloop
  endfacet
  facet normal 7.392772e-01 -2.901449e-01 6.076884e-01
    outer loop
      vertex   1.530093e+02 1.712061e+02 2.027500e+02
      vertex   1.531030e+02 1.714450e+02 2.027500e+02
      vertex   1.530315e+02 1.714794e+02 2.028536e+02
    endloop
  endfacet
  facet normal 6.877762e-01 -3.970878e-01 6.076884e-01
    outer loop
      vertex   1.530315e+02 1.714794e+02 2.028536e+02
      vertex   1.531030e+02 1.714450e+02 2.027500e+02
      vertex   1.531657e+02 1.717120e+02 2.028536e+02
    endloop
  endfacet
  facet normal 5.281319e-01 -3.049171e-01 7.925291e-01
    outer loop
      vertex   1.530315e+02 1.714794e+02 2.028536e+02
      vertex   1.531657e+02 1.717120e+02 2.028536e+02
      vertex   1.530801e+02 1.717703e+02 2.029330e+02
    endloop
  endfacet
  facet normal 4.767875e-01 -3.802254e-01 7.925291e-01
    outer loop
      vertex   1.530801e+02 1.717703e+02 2.029330e+02
      vertex   1.531657e+02 1.717120e+02 2.028536e+02
      vertex   1.532572e+02 1.719923e+02 2.029330e+02
    endloop
  endfacet
  facet normal 2.999096e-01 -2.391699e-01 9.234999e-01
    outer loop
      vertex   1.530801e+02 1.717703e+02 2.029330e+02
      vertex   1.532572e+02 1.719923e+02 2.029330e+02
      vertex   1.531688e+02 1.720744e+02 2.029830e+02
    endloop
  endfacet
  facet normal 2.609134e-01 -2.811978e-01 9.234999e-01
    outer loop
      vertex   1.531688e+02 1.720744e+02 2.029830e+02
      vertex   1.532572e+02 1.719923e+02 2.029330e+02
      vertex   1.533902e+02 1.722798e+02 2.029830e+02
    endloop
  endfacet
  facet normal 9.485260e-01 -2.604850e-01 1.801276e-01
    outer loop
      vertex   1.530246e+02 1.709837e+02 2.025000e+02
      vertex   1.531076e+02 1.712862e+02 2.025000e+02
      vertex   1.530570e+02 1.711914e+02 2.026294e+02
    endloop
  endfacet
  facet normal 9.265807e-01 -3.636561e-01 9.592932e-02
    outer loop
      vertex   1.530570e+02 1.711914e+02 2.026294e+02
      vertex   1.531076e+02 1.712862e+02 2.025000e+02
      vertex   1.531481e+02 1.714233e+02 2.026294e+02
    endloop
  endfacet
  facet normal 8.603671e-01 -3.376692e-01 3.817695e-01
    outer loop
      vertex   1.530570e+02 1.711914e+02 2.026294e+02
      vertex   1.531481e+02 1.714233e+02 2.026294e+02
      vertex   1.531030e+02 1.714450e+02 2.027500e+02
    endloop
  endfacet
  facet normal 8.004305e-01 -4.621288e-01 3.817695e-01
    outer loop
      vertex   1.531030e+02 1.714450e+02 2.027500e+02
      vertex   1.531481e+02 1.714233e+02 2.026294e+02
      vertex   1.532314e+02 1.716672e+02 2.027500e+02
    endloop
  endfacet
  facet normal 6.877762e-01 -3.970878e-01 6.076884e-01
    outer loop
      vertex   1.531030e+02 1.714450e+02 2.027500e+02
      vertex   1.532314e+02 1.716672e+02 2.027500e+02
      vertex   1.531657e+02 1.717120e+02 2.028536e+02
    endloop
  endfacet
  facet normal 6.209115e-01 -4.951604e-01 6.076884e-01
    outer loop
      vertex   1.531657e+02 1.717120e+02 2.028536e+02
      vertex   1.532314e+02 1.716672e+02 2.027500e+02
      vertex   1.533331e+02 1.719219e+02 2.028536e+02
    endloop
  endfacet
  facet normal 4.767875e-01 -3.802254e-01 7.925291e-01
    outer loop
      vertex   1.531657e+02 1.717120e+02 2.028536e+02
      vertex   1.533331e+02 1.719219e+02 2.028536e+02
      vertex   1.532572e+02 1.719923e+02 2.029330e+02
    endloop
  endfacet
  facet normal 4.147926e-01 -4.470401e-01 7.925291e-01
    outer loop
      vertex   1.532572e+02 1.719923e+02 2.029330e+02
      vertex   1.533331e+02 1.719219e+02 2.028536e+02
      vertex   1.534654e+02 1.721855e+02 2.029330e+02
    endloop
  endfacet
  facet normal 2.609134e-01 -2.811978e-01 9.234999e-01
    outer loop
      vertex   1.532572e+02 1.719923e+02 2.029330e+02
      vertex   1.534654e+02 1.721855e+02 2.029330e+02
      vertex   1.533902e+02 1.722798e+02 2.029830e+02
    endloop
  endfacet
  facet normal 2.160889e-01 -3.169442e-01 9.234999e-01
    outer loop
      vertex   1.533902e+02 1.722798e+02 2.029830e+02
      vertex   1.534654e+02 1.721855e+02 2.029330e+02
      vertex   1.536397e+02 1.724499e+02 2.029830e+02
    endloop
  endfacet
  facet normal 8.811896e-01 -4.348442e-01 1.855140e-01
    outer loop
      vertex   1.531076e+02 1.712862e+02 2.025000e+02
      vertex   1.532465e+02 1.715675e+02 2.025000e+02
      vertex   1.531481e+02 1.714233e+02 2.026294e+02
    endloop
  endfacet
  facet normal 8.616094e-01 -4.974504e-01 1.008579e-01
    outer loop
      vertex   1.531481e+02 1.714233e+02 2.026294e+02
      vertex   1.532465e+02 1.715675e+02 2.025000e+02
      vertex   1.532726e+02 1.716391e+02 2.026294e+02
    endloop
  endfacet
  facet normal 8.004305e-01 -4.621288e-01 3.817695e-01
    outer loop
      vertex   1.531481e+02 1.714233e+02 2.026294e+02
      vertex   1.532726e+02 1.716391e+02 2.026294e+02
      vertex   1.532314e+02 1.716672e+02 2.027500e+02
    endloop
  endfacet
  facet normal 7.226137e-01 -5.762652e-01 3.817695e-01
    outer loop
      vertex   1.532314e+02 1.716672e+02 2.027500e+02
      vertex   1.532726e+02 1.716391e+02 2.026294e+02
      vertex   1.533914e+02 1.718678e+02 2.027500e+02
    endloop
  endfacet
  facet normal 6.209115e-01 -4.951604e-01 6.076884e-01
    outer loop
      vertex   1.532314e+02 1.716672e+02 2.027500e+02
      vertex   1.533914e+02 1.718678e+02 2.027500e+02
      vertex   1.533331e+02 1.719219e+02 2.028536e+02
    endloop
  endfacet
  facet normal 5.401766e-01 -5.821719e-01 6.076884e-01
    outer loop
      vertex   1.533331e+02 1.719219e+02 2.028536e+02
      vertex   1.533914e+02 1.718678e+02 2.027500e+02
      vertex   1.535299e+02 1.721045e+02 2.028536e+02
    endloop
  endfacet
  facet normal 4.147926e-01 -4.470401e-01 7.925291e-01
    outer loop
      vertex   1.533331e+02 1.719219e+02 2.028536e+02
      vertex   1.535299e+02 1.721045e+02 2.028536e+02
      vertex   1.534654e+02 1.721855e+02 2.029330e+02
    endloop
  endfacet
  facet normal 3.435318e-01 -5.038686e-01 7.925291e-01
    outer loop
      vertex   1.534654e+02 1.721855e+02 2.029330e+02
      vertex   1.535299e+02 1.721045e+02 2.028536e+02
      vertex   1.537000e+02 1.723454e+02 2.029330e+02
    endloop
  endfacet
  facet normal 2.160889e-01 -3.169442e-01 9.234999e-01
    outer loop
      vertex   1.534654e+02 1.721855e+02 2.029330e+02
      vertex   1.537000e+02 1.723454e+02 2.029330e+02
      vertex   1.536397e+02 1.724499e+02 2.029830e+02
    endloop
  endfacet
  facet normal 1.664373e-01 -3.456106e-01 9.234999e-01
    outer loop
      vertex   1.536397e+02 1.724499e+02 2.029830e+02
      vertex   1.537000e+02 1.723454e+02 2.029330e+02
      vertex   1.539118e+02 1.725809e+02 2.029830e+02
    endloop
  endfacet
  facet normal 7.851365e-01 -5.953948e-01 1.704867e-01
    outer loop
      vertex   1.532465e+02 1.715675e+02 2.025000e+02
      vertex   1.534360e+02 1.718175e+02 2.025000e+02
      vertex   1.532726e+02 1.716391e+02 2.026294e+02
    endloop
  endfacet
  facet normal 7.755446e-01 -6.184762e-01 1.265618e-01
    outer loop
      vertex   1.532726e+02 1.716391e+02 2.026294e+02
      vertex   1.534360e+02 1.718175e+02 2.025000e+02
      vertex   1.534280e+02 1.718339e+02 2.026294e+02
    endloop
  endfacet
  facet normal 7.226137e-01 -5.762652e-01 3.817695e-01
    outer loop
      vertex   1.532726e+02 1.716391e+02 2.026294e+02
      vertex   1.534280e+02 1.718339e+02 2.026294e+02
      vertex   1.533914e+02 1.718678e+02 2.027500e+02
    endloop
  endfacet
  facet normal 6.286548e-01 -6.775287e-01 3.817695e-01
    outer loop
      vertex   1.533914e+02 1.718678e+02 2.027500e+02
      vertex   1.534280e+02 1.718339e+02 2.026294e+02
      vertex   1.535795e+02 1.720424e+02 2.027500e+02
    endloop
  endfacet
  facet normal 5.401766e-01 -5.821719e-01 6.076884e-01
    outer loop
      vertex   1.533914e+02 1.718678e+02 2.027500e+02
      vertex   1.535795e+02 1.720424e+02 2.027500e+02
      vertex   1.535299e+02 1.721045e+02 2.028536e+02
    endloop
  endfacet
  facet normal 4.473750e-01 -6.561787e-01 6.076884e-01
    outer loop
      vertex   1.535299e+02 1.721045e+02 2.028536e+02
      vertex   1.535795e+02 1.720424e+02 2.027500e+02
      vertex   1.537518e+02 1.722558e+02 2.028536e+02
    endloop
  endfacet
  facet normal 3.435318e-01 -5.038686e-01 7.925291e-01
    outer loop
      vertex   1.535299e+02 1.721045e+02 2.028536e+02
      vertex   1.537518e+02 1.722558e+02 2.028536e+02
      vertex   1.537000e+02 1.723454e+02 2.029330e+02
    endloop
  endfacet
  facet normal 2.645971e-01 -5.494416e-01 7.925291e-01
    outer loop
      vertex   1.537000e+02 1.723454e+02 2.029330e+02
      vertex   1.537518e+02 1.722558e+02 2.028536e+02
      vertex   1.539559e+02 1.724687e+02 2.029330e+02
    endloop
  endfacet
  facet normal 1.664373e-01 -3.456106e-01 9.234999e-01
    outer loop
      vertex   1.537000e+02 1.723454e+02 2.029330e+02
      vertex   1.539559e+02 1.724687e+02 2.029330e+02
      vertex   1.539118e+02 1.725809e+02 2.029830e+02
    endloop
  endfacet
  facet normal 6.740418e-01 -7.264442e-01 1.339645e-01
    outer loop
      vertex   1.534280e+02 1.718339e+02 2.026294e+02
      vertex   1.534360e+02 1.718175e+02 2.025000e+02
      vertex   1.536106e+02 1.720033e+02 2.026294e+02
    endloop
  endfacet
  facet normal 6.588772e-01 -7.339008e-01 1.651376e-01
    outer loop
      vertex   1.536106e+02 1.720033e+02 2.026294e+02
      vertex   1.534360e+02 1.718175e+02 2.025000e+02
      vertex   1.536694e+02 1.720270e+02 2.025000e+02
    endloop
  endfacet
  facet normal 5.602501e-01 -8.217360e-01 1.042584e-01
    outer loop
      vertex   1.536106e+02 1.720033e+02 2.026294e+02
      vertex   1.536694e+02 1.720270e+02 2.025000e+02
      vertex   1.538165e+02 1.721437e+02 2.026294e+02
    endloop
  endfacet
  facet normal 5.063378e-01 -8.424350e-01 1.841885e-01
    outer loop
      vertex   1.538165e+02 1.721437e+02 2.026294e+02
      vertex   1.536694e+02 1.720270e+02 2.025000e+02
      vertex   1.539383e+02 1.721886e+02 2.025000e+02
    endloop
  endfacet
  facet normal 4.319111e-01 -8.968727e-01 9.524765e-02
    outer loop
      vertex   1.538165e+02 1.721437e+02 2.026294e+02
      vertex   1.539383e+02 1.721886e+02 2.025000e+02
      vertex   1.540410e+02 1.722518e+02 2.026294e+02
    endloop
  endfacet
  facet normal 3.378458e-01 -9.232824e-01 1.827835e-01
    outer loop
      vertex   1.540410e+02 1.722518e+02 2.026294e+02
      vertex   1.539383e+02 1.721886e+02 2.025000e+02
      vertex   1.542329e+02 1.722964e+02 2.025000e+02
    endloop
  endfacet
  facet normal -5.588814e-01 -8.147923e-01 1.541594e-01
    outer loop
      vertex   1.554497e+02 1.721432e+02 2.025000e+02
      vertex   1.557084e+02 1.719658e+02 2.025000e+02
      vertex   1.556894e+02 1.720033e+02 2.026294e+02
    endloop
  endfacet
  facet normal -6.759020e-01 -7.284491e-01 1.118861e-01
    outer loop
      vertex   1.556894e+02 1.720033e+02 2.026294e+02
      vertex   1.557084e+02 1.719658e+02 2.025000e+02
      vertex   1.558720e+02 1.718339e+02 2.026294e+02
    endloop
  endfacet
  facet normal -6.286548e-01 -6.775287e-01 3.817695e-01
    outer loop
      vertex   1.556894e+02 1.720033e+02 2.026294e+02
      vertex   1.558720e+02 1.718339e+02 2.026294e+02
      vertex   1.559086e+02 1.718678e+02 2.027500e+02
    endloop
  endfacet
  facet normal -7.226137e-01 -5.762652e-01 3.817695e-01
    outer loop
      vertex   1.559086e+02 1.718678e+02 2.027500e+02
      vertex   1.558720e+02 1.718339e+02 2.026294e+02
      vertex   1.560686e+02 1.716672e+02 2.027500e+02
    endloop
  endfacet
  facet normal -6.209115e-01 -4.951604e-01 6.076884e-01
    outer loop
      vertex   1.559086e+02 1.718678e+02 2.027500e+02
      vertex   1.560686e+02 1.716672e+02 2.027500e+02
      vertex   1.561343e+02 1.717120e+02 2.028536e+02
    endloop
  endfacet
  facet normal -6.877762e-01 -3.970878e-01 6.076884e-01
    outer loop
      vertex   1.561343e+02 1.717120e+02 2.028536e+02
      vertex   1.560686e+02 1.716672e+02 2.027500e+02
      vertex   1.562685e+02 1.714794e+02 2.028536e+02
    endloop
  endfacet
  facet normal -5.281319e-01 -3.049171e-01 7.925291e-01
    outer loop
      vertex   1.561343e+02 1.717120e+02 2.028536e+02
      vertex   1.562685e+02 1.714794e+02 2.028536e+02
      vertex   1.563618e+02 1.715244e+02 2.029330e+02
    endloop
  endfacet
  facet normal -5.676786e-01 -2.227974e-01 7.925291e-01
    outer loop
      vertex   1.563618e+02 1.715244e+02 2.029330e+02
      vertex   1.562685e+02 1.714794e+02 2.028536e+02
      vertex   1.564656e+02 1.712600e+02 2.029330e+02
    endloop
  endfacet
  facet normal -3.570820e-01 -1.401444e-01 9.234999e-01
    outer loop
      vertex   1.563618e+02 1.715244e+02 2.029330e+02
      vertex   1.564656e+02 1.712600e+02 2.029330e+02
      vertex   1.565808e+02 1.712956e+02 2.029830e+02
    endloop
  endfacet
  facet normal -3.739812e-01 -8.535876e-02 9.234999e-01
    outer loop
      vertex   1.565808e+02 1.712956e+02 2.029830e+02
      vertex   1.564656e+02 1.712600e+02 2.029330e+02
      vertex   1.566480e+02 1.710012e+02 2.029830e+02
    endloop
  endfacet
  facet normal -6.998497e-01 -6.912051e-01 1.801276e-01
    outer loop
      vertex   1.557084e+02 1.719658e+02 2.025000e+02
      vertex   1.559289e+02 1.717426e+02 2.025000e+02
      vertex   1.558720e+02 1.718339e+02 2.026294e+02
    endloop
  endfacet
  facet normal -7.782258e-01 -6.206144e-01 9.592932e-02
    outer loop
      vertex   1.558720e+02 1.718339e+02 2.026294e+02
      vertex   1.559289e+02 1.717426e+02 2.025000e+02
      vertex   1.560274e+02 1.716391e+02 2.026294e+02
    endloop
  endfacet
  facet normal -7.226137e-01 -5.762652e-01 3.817695e-01
    outer loop
      vertex   1.558720e+02 1.718339e+02 2.026294e+02
      vertex   1.560274e+02 1.716391e+02 2.026294e+02
      vertex   1.560686e+02 1.716672e+02 2.027500e+02
    endloop
  endfacet
  facet normal -8.004305e-01 -4.621288e-01 3.817695e-01
    outer loop
      vertex   1.560686e+02 1.716672e+02 2.027500e+02
      vertex   1.560274e+02 1.716391e+02 2.026294e+02
      vertex   1.561970e+02 1.714450e+02 2.027500e+02
    endloop
  endfacet
  facet normal -6.877762e-01 -3.970878e-01 6.076884e-01
    outer loop
      vertex   1.560686e+02 1.716672e+02 2.027500e+02
      vertex   1.561970e+02 1.714450e+02 2.027500e+02
      vertex   1.562685e+02 1.714794e+02 2.028536e+02
    endloop
  endfacet
  facet normal -7.392772e-01 -2.901449e-01 6.076884e-01
    outer loop
      vertex   1.562685e+02 1.714794e+02 2.028536e+02
      vertex   1.561970e+02 1.714450e+02 2.027500e+02
      vertex   1.563666e+02 1.712295e+02 2.028536e+02
    endloop
  endfacet
  facet normal -5.676786e-01 -2.227974e-01 7.925291e-01
    outer loop
      vertex   1.562685e+02 1.714794e+02 2.028536e+02
      vertex   1.563666e+02 1.712295e+02 2.028536e+02
      vertex   1.564656e+02 1.712600e+02 2.029330e+02
    endloop
  endfacet
  facet normal -5.945443e-01 -1.357009e-01 7.925291e-01
    outer loop
      vertex   1.564656e+02 1.712600e+02 2.029330e+02
      vertex   1.563666e+02 1.712295e+02 2.028536e+02
      vertex   1.565288e+02 1.709832e+02 2.029330e+02
    endloop
  endfacet
  facet normal -3.739812e-01 -8.535876e-02 9.234999e-01
    outer loop
      vertex   1.564656e+02 1.712600e+02 2.029330e+02
      vertex   1.565288e+02 1.709832e+02 2.029330e+02
      vertex   1.566480e+02 1.710012e+02 2.029830e+02
    endloop
  endfacet
  facet normal -3.825262e-01 -2.866637e-02 9.234999e-01
    outer loop
      vertex   1.566480e+02 1.710012e+02 2.029830e+02
      vertex   1.565288e+02 1.709832e+02 2.029330e+02
      vertex   1.566706e+02 1.707000e+02 2.029830e+02
    endloop
  endfacet
  facet normal -8.171809e-01 -5.457105e-01 1.855140e-01
    outer loop
      vertex   1.559289e+02 1.717426e+02 2.025000e+02
      vertex   1.561031e+02 1.714817e+02 2.025000e+02
      vertex   1.560274e+02 1.716391e+02 2.026294e+02
    endloop
  endfacet
  facet normal -8.616094e-01 -4.974504e-01 1.008579e-01
    outer loop
      vertex   1.560274e+02 1.716391e+02 2.026294e+02
      vertex   1.561031e+02 1.714817e+02 2.025000e+02
      vertex   1.561519e+02 1.714233e+02 2.026294e+02
    endloop
  endfacet
  facet normal -8.004305e-01 -4.621288e-01 3.817695e-01
    outer loop
      vertex   1.560274e+02 1.716391e+02 2.026294e+02
      vertex   1.561519e+02 1.714233e+02 2.026294e+02
      vertex   1.561970e+02 1.714450e+02 2.027500e+02
    endloop
  endfacet
  facet normal -8.603671e-01 -3.376692e-01 3.817695e-01
    outer loop
      vertex   1.561970e+02 1.714450e+02 2.027500e+02
      vertex   1.561519e+02 1.714233e+02 2.026294e+02
      vertex   1.562907e+02 1.712061e+02 2.027500e+02
    endloop
  endfacet
  facet normal -7.392772e-01 -2.901449e-01 6.076884e-01
    outer loop
      vertex   1.561970e+02 1.714450e+02 2.027500e+02
      vertex   1.562907e+02 1.712061e+02 2.027500e+02
      vertex   1.563666e+02 1.712295e+02 2.028536e+02
    endloop
  endfacet
  facet normal -7.742639e-01 -1.767207e-01 6.076884e-01
    outer loop
      vertex   1.563666e+02 1.712295e+02 2.028536e+02
      vertex   1.562907e+02 1.712061e+02 2.027500e+02
      vertex   1.564264e+02 1.709677e+02 2.028536e+02
    endloop
  endfacet
  facet normal -5.945443e-01 -1.357009e-01 7.925291e-01
    outer loop
      vertex   1.563666e+02 1.712295e+02 2.028536e+02
      vertex   1.564264e+02 1.709677e+02 2.028536e+02
      vertex   1.565288e+02 1.709832e+02 2.029330e+02
    endloop
  endfacet
  facet normal -6.081289e-01 -4.557296e-02 7.925291e-01
    outer loop
      vertex   1.565288e+02 1.709832e+02 2.029330e+02
      vertex   1.564264e+02 1.709677e+02 2.028536e+02
      vertex   1.565500e+02 1.707000e+02 2.029330e+02
    endloop
  endfacet
  facet normal -3.825262e-01 -2.866637e-02 9.234999e-01
    outer loop
      vertex   1.565288e+02 1.709832e+02 2.029330e+02
      vertex   1.565500e+02 1.707000e+02 2.029330e+02
      vertex   1.566706e+02 1.707000e+02 2.029830e+02
    endloop
  endfacet
  facet normal -3.825262e-01 2.866637e-02 9.234999e-01
    outer loop
      vertex   1.566706e+02 1.707000e+02 2.029830e+02
      vertex   1.565500e+02 1.707000e+02 2.029330e+02
      vertex   1.566480e+02 1.703988e+02 2.029830e+02
    endloop
  endfacet
  facet normal -9.081953e-01 -3.822508e-01 1.704867e-01
    outer loop
      vertex   1.561031e+02 1.714817e+02 2.025000e+02
      vertex   1.562247e+02 1.711926e+02 2.025000e+02
      vertex   1.561519e+02 1.714233e+02 2.026294e+02
    endloop
  endfacet
  facet normal -9.233883e-01 -3.624032e-01 1.265618e-01
    outer loop
      vertex   1.561519e+02 1.714233e+02 2.026294e+02
      vertex   1.562247e+02 1.711926e+02 2.025000e+02
      vertex   1.562430e+02 1.711914e+02 2.026294e+02
    endloop
  endfacet
  facet normal -8.603671e-01 -3.376692e-01 3.817695e-01
    outer loop
      vertex   1.561519e+02 1.714233e+02 2.026294e+02
      vertex   1.562430e+02 1.711914e+02 2.026294e+02
      vertex   1.562907e+02 1.712061e+02 2.027500e+02
    endloop
  endfacet
  facet normal -9.010845e-01 -2.056667e-01 3.817695e-01
    outer loop
      vertex   1.562907e+02 1.712061e+02 2.027500e+02
      vertex   1.562430e+02 1.711914e+02 2.026294e+02
      vertex   1.563478e+02 1.709559e+02 2.027500e+02
    endloop
  endfacet
  facet normal -7.742639e-01 -1.767207e-01 6.076884e-01
    outer loop
      vertex   1.562907e+02 1.712061e+02 2.027500e+02
      vertex   1.563478e+02 1.709559e+02 2.027500e+02
      vertex   1.564264e+02 1.709677e+02 2.028536e+02
    endloop
  endfacet
  facet normal -7.919549e-01 -5.934882e-02 6.076884e-01
    outer loop
      vertex   1.564264e+02 1.709677e+02 2.028536e+02
      vertex   1.563478e+02 1.709559e+02 2.027500e+02
      vertex   1.564464e+02 1.707000e+02 2.028536e+02
    endloop
  endfacet
  facet normal -6.081289e-01 -4.557296e-02 7.925291e-01
    outer loop
      vertex   1.564264e+02 1.709677e+02 2.028536e+02
      vertex   1.564464e+02 1.707000e+02 2.028536e+02
      vertex   1.565500e+02 1.707000e+02 2.029330e+02
    endloop
  endfacet
  facet normal -6.081289e-01 4.557296e-02 7.925291e-01
    outer loop
      vertex   1.565500e+02 1.707000e+02 2.029330e+02
      vertex   1.564464e+02 1.707000e+02 2.028536e+02
      vertex   1.565288e+02 1.704168e+02 2.029330e+02
    endloop
  endfacet
  facet normal -3.825262e-01 2.866637e-02 9.234999e-01
    outer loop
      vertex   1.565500e+02 1.707000e+02 2.029330e+02
      vertex   1.565288e+02 1.704168e+02 2.029330e+02
      vertex   1.566480e+02 1.703988e+02 2.029830e+02
    endloop
  endfacet
  facet normal -3.739812e-01 8.535876e-02 9.234999e-01
    outer loop
      vertex   1.566480e+02 1.703988e+02 2.029830e+02
      vertex   1.565288e+02 1.704168e+02 2.029330e+02
      vertex   1.565808e+02 1.701044e+02 2.029830e+02
    endloop
  endfacet
  facet normal -9.661400e-01 -2.205152e-01 1.339645e-01
    outer loop
      vertex   1.562430e+02 1.711914e+02 2.026294e+02
      vertex   1.562247e+02 1.711926e+02 2.025000e+02
      vertex   1.562984e+02 1.709485e+02 2.026294e+02
    endloop
  endfacet
  facet normal -9.650154e-01 -2.036540e-01 1.651376e-01
    outer loop
      vertex   1.562984e+02 1.709485e+02 2.026294e+02
      vertex   1.562247e+02 1.711926e+02 2.025000e+02
      vertex   1.562895e+02 1.708857e+02 2.025000e+02
    endloop
  endfacet
  facet normal -9.917693e-01 -7.432283e-02 1.042584e-01
    outer loop
      vertex   1.562984e+02 1.709485e+02 2.026294e+02
      vertex   1.562895e+02 1.708857e+02 2.025000e+02
      vertex   1.563170e+02 1.707000e+02 2.026294e+02
    endloop
  endfacet
  facet normal -9.827390e-01 -1.728388e-02 1.841885e-01
    outer loop
      vertex   1.563170e+02 1.707000e+02 2.026294e+02
      vertex   1.562895e+02 1.708857e+02 2.025000e+02
      vertex   1.562950e+02 1.705721e+02 2.025000e+02
    endloop
  endfacet
  facet normal -9.926701e-01 7.439034e-02 9.524765e-02
    outer loop
      vertex   1.563170e+02 1.707000e+02 2.026294e+02
      vertex   1.562950e+02 1.705721e+02 2.025000e+02
      vertex   1.562984e+02 1.704515e+02 2.026294e+02
    endloop
  endfacet
  facet normal -9.685089e-01 1.690581e-01 1.827835e-01
    outer loop
      vertex   1.562984e+02 1.704515e+02 2.026294e+02
      vertex   1.562950e+02 1.705721e+02 2.025000e+02
      vertex   1.562411e+02 1.702631e+02 2.025000e+02
    endloop
  endfacet
  facet normal -9.693165e-01 2.212402e-01 1.071368e-01
    outer loop
      vertex   1.562984e+02 1.704515e+02 2.026294e+02
      vertex   1.562411e+02 1.702631e+02 2.025000e+02
      vertex   1.562430e+02 1.702086e+02 2.026294e+02
    endloop
  endfacet
  facet normal -9.225840e-01 3.506521e-01 1.608785e-01
    outer loop
      vertex   1.562430e+02 1.702086e+02 2.026294e+02
      vertex   1.562411e+02 1.702631e+02 2.025000e+02
      vertex   1.561296e+02 1.699698e+02 2.025000e+02
    endloop
  endfacet
  facet normal -9.217520e-01 3.617610e-01 1.396506e-01
    outer loop
      vertex   1.562430e+02 1.702086e+02 2.026294e+02
      vertex   1.561296e+02 1.699698e+02 2.025000e+02
      vertex   1.561519e+02 1.699767e+02 2.026294e+02
    endloop
  endfacet
  facet normal -8.595778e-01 4.962775e-01 1.217978e-01
    outer loop
      vertex   1.561519e+02 1.699767e+02 2.026294e+02
      vertex   1.561296e+02 1.699698e+02 2.025000e+02
      vertex   1.560274e+02 1.697609e+02 2.026294e+02
    endloop
  endfacet
  facet normal -8.004305e-01 4.621288e-01 3.817695e-01
    outer loop
      vertex   1.561519e+02 1.699767e+02 2.026294e+02
      vertex   1.560274e+02 1.697609e+02 2.026294e+02
      vertex   1.560686e+02 1.697328e+02 2.027500e+02
    endloop
  endfacet
  facet normal -7.226137e-01 5.762652e-01 3.817695e-01
    outer loop
      vertex   1.560686e+02 1.697328e+02 2.027500e+02
      vertex   1.560274e+02 1.697609e+02 2.026294e+02
      vertex   1.559086e+02 1.695322e+02 2.027500e+02
    endloop
  endfacet
  facet normal -6.209115e-01 4.951604e-01 6.076884e-01
    outer loop
      vertex   1.560686e+02 1.697328e+02 2.027500e+02
      vertex   1.559086e+02 1.695322e+02 2.027500e+02
      vertex   1.559669e+02 1.694781e+02 2.028536e+02
    endloop
  endfacet
  facet normal -5.401766e-01 5.821719e-01 6.076884e-01
    outer loop
      vertex   1.559669e+02 1.694781e+02 2.028536e+02
      vertex   1.559086e+02 1.695322e+02 2.027500e+02
      vertex   1.557701e+02 1.692955e+02 2.028536e+02
    endloop
  endfacet
  facet normal -4.147926e-01 4.470401e-01 7.925291e-01
    outer loop
      vertex   1.559669e+02 1.694781e+02 2.028536e+02
      vertex   1.557701e+02 1.692955e+02 2.028536e+02
      vertex   1.558346e+02 1.692145e+02 2.029330e+02
    endloop
  endfacet
  facet normal -8.376870e-01 5.177638e-01 1.737845e-01
    outer loop
      vertex   1.561296e+02 1.699698e+02 2.025000e+02
      vertex   1.559647e+02 1.697030e+02 2.025000e+02
      vertex   1.560274e+02 1.697609e+02 2.026294e+02
    endloop
  endfacet
  facet normal -7.779957e-01 6.204309e-01 9.893521e-02
    outer loop
      vertex   1.560274e+02 1.697609e+02 2.026294e+02
      vertex   1.559647e+02 1.697030e+02 2.025000e+02
      vertex   1.558720e+02 1.695661e+02 2.026294e+02
    endloop
  endfacet
  facet normal -7.226137e-01 5.762652e-01 3.817695e-01
    outer loop
      vertex   1.560274e+02 1.697609e+02 2.026294e+02
      vertex   1.558720e+02 1.695661e+02 2.026294e+02
      vertex   1.559086e+02 1.695322e+02 2.027500e+02
    endloop
  endfacet
  facet normal -6.286548e-01 6.775287e-01 3.817695e-01
    outer loop
      vertex   1.559086e+02 1.695322e+02 2.027500e+02
      vertex   1.558720e+02 1.695661e+02 2.026294e+02
      vertex   1.557205e+02 1.693576e+02 2.027500e+02
    endloop
  endfacet
  facet normal -5.401766e-01 5.821719e-01 6.076884e-01
    outer loop
      vertex   1.559086e+02 1.695322e+02 2.027500e+02
      vertex   1.557205e+02 1.693576e+02 2.027500e+02
      vertex   1.557701e+02 1.692955e+02 2.028536e+02
    endloop
  endfacet
  facet normal -7.229204e-01 6.654299e-01 1.859818e-01
    outer loop
      vertex   1.559647e+02 1.697030e+02 2.025000e+02
      vertex   1.557523e+02 1.694722e+02 2.025000e+02
      vertex   1.558720e+02 1.695661e+02 2.026294e+02
    endloop
  endfacet
  facet normal -6.769725e-01 7.296028e-01 9.689173e-02
    outer loop
      vertex   1.558720e+02 1.695661e+02 2.026294e+02
      vertex   1.557523e+02 1.694722e+02 2.025000e+02
      vertex   1.556894e+02 1.693967e+02 2.026294e+02
    endloop
  endfacet
  facet normal -6.286548e-01 6.775287e-01 3.817695e-01
    outer loop
      vertex   1.558720e+02 1.695661e+02 2.026294e+02
      vertex   1.556894e+02 1.693967e+02 2.026294e+02
      vertex   1.557205e+02 1.693576e+02 2.027500e+02
    endloop
  endfacet
  facet normal -5.848244e-01 7.914383e-01 1.777803e-01
    outer loop
      vertex   1.557523e+02 1.694722e+02 2.025000e+02
      vertex   1.555000e+02 1.692858e+02 2.025000e+02
      vertex   1.556894e+02 1.693967e+02 2.026294e+02
    endloop
  endfacet
  facet normal 3.825262e-01 -2.866637e-02 9.234999e-01
    outer loop
      vertex   1.526294e+02 1.707000e+02 2.029830e+02
      vertex   1.527500e+02 1.707000e+02 2.029330e+02
      vertex   1.526520e+02 1.710012e+02 2.029830e+02
    endloop
  endfacet
  facet normal 3.825262e-01 -2.866637e-02 9.234999e-01
    outer loop
      vertex   1.526520e+02 1.710012e+02 2.029830e+02
      vertex   1.527500e+02 1.707000e+02 2.029330e+02
      vertex   1.527712e+02 1.709832e+02 2.029330e+02
    endloop
  endfacet
  facet normal 3.739812e-01 -8.535876e-02 9.234999e-01
    outer loop
      vertex   1.526520e+02 1.710012e+02 2.029830e+02
      vertex   1.527712e+02 1.709832e+02 2.029330e+02
      vertex   1.527192e+02 1.712956e+02 2.029830e+02
    endloop
  endfacet
  facet normal 3.739812e-01 -8.535876e-02 9.234999e-01
    outer loop
      vertex   1.527192e+02 1.712956e+02 2.029830e+02
      vertex   1.527712e+02 1.709832e+02 2.029330e+02
      vertex   1.528344e+02 1.712600e+02 2.029330e+02
    endloop
  endfacet
  facet normal 3.570820e-01 -1.401444e-01 9.234999e-01
    outer loop
      vertex   1.527192e+02 1.712956e+02 2.029830e+02
      vertex   1.528344e+02 1.712600e+02 2.029330e+02
      vertex   1.528295e+02 1.715767e+02 2.029830e+02
    endloop
  endfacet
  facet normal 3.570820e-01 -1.401444e-01 9.234999e-01
    outer loop
      vertex   1.528295e+02 1.715767e+02 2.029830e+02
      vertex   1.528344e+02 1.712600e+02 2.029330e+02
      vertex   1.529382e+02 1.715244e+02 2.029330e+02
    endloop
  endfacet
  facet normal 3.322063e-01 -1.917994e-01 9.234999e-01
    outer loop
      vertex   1.528295e+02 1.715767e+02 2.029830e+02
      vertex   1.529382e+02 1.715244e+02 2.029330e+02
      vertex   1.529805e+02 1.718382e+02 2.029830e+02
    endloop
  endfacet
  facet normal 6.081289e-01 -4.557296e-02 7.925291e-01
    outer loop
      vertex   1.527500e+02 1.707000e+02 2.029330e+02
      vertex   1.528536e+02 1.707000e+02 2.028536e+02
      vertex   1.527712e+02 1.709832e+02 2.029330e+02
    endloop
  endfacet
  facet normal 6.081289e-01 -4.557296e-02 7.925291e-01
    outer loop
      vertex   1.527712e+02 1.709832e+02 2.029330e+02
      vertex   1.528536e+02 1.707000e+02 2.028536e+02
      vertex   1.528736e+02 1.709677e+02 2.028536e+02
    endloop
  endfacet
  facet normal 5.945443e-01 -1.357009e-01 7.925291e-01
    outer loop
      vertex   1.527712e+02 1.709832e+02 2.029330e+02
      vertex   1.528736e+02 1.709677e+02 2.028536e+02
      vertex   1.528344e+02 1.712600e+02 2.029330e+02
    endloop
  endfacet
  facet normal 5.945443e-01 -1.357009e-01 7.925291e-01
    outer loop
      vertex   1.528344e+02 1.712600e+02 2.029330e+02
      vertex   1.528736e+02 1.709677e+02 2.028536e+02
      vertex   1.529334e+02 1.712295e+02 2.028536e+02
    endloop
  endfacet
  facet normal 5.676786e-01 -2.227974e-01 7.925291e-01
    outer loop
      vertex   1.528344e+02 1.712600e+02 2.029330e+02
      vertex   1.529334e+02 1.712295e+02 2.028536e+02
      vertex   1.529382e+02 1.715244e+02 2.029330e+02
    endloop
  endfacet
  facet normal 3.825262e-01 2.866637e-02 9.234999e-01
    outer loop
      vertex   1.526294e+02 1.707000e+02 2.029830e+02
      vertex   1.527712e+02 1.704168e+02 2.029330e+02
      vertex   1.527500e+02 1.707000e+02 2.029330e+02
    endloop
  endfacet
  facet normal 6.081289e-01 4.557296e-02 7.925291e-01
    outer loop
      vertex   1.527500e+02 1.707000e+02 2.029330e+02
      vertex   1.527712e+02 1.704168e+02 2.029330e+02
      vertex   1.528736e+02 1.704323e+02 2.028536e+02
    endloop
  endfacet
  facet normal 6.081289e-01 4.557296e-02 7.925291e-01
    outer loop
      vertex   1.527500e+02 1.707000e+02 2.029330e+02
      vertex   1.528736e+02 1.704323e+02 2.028536e+02
      vertex   1.528536e+02 1.707000e+02 2.028536e+02
    endloop
  endfacet
  facet normal 7.919549e-01 5.934882e-02 6.076884e-01
    outer loop
      vertex   1.528536e+02 1.707000e+02 2.028536e+02
      vertex   1.528736e+02 1.704323e+02 2.028536e+02
      vertex   1.529522e+02 1.704441e+02 2.027500e+02
    endloop
  endfacet
  facet normal 7.919549e-01 5.934882e-02 6.076884e-01
    outer loop
      vertex   1.528536e+02 1.707000e+02 2.028536e+02
      vertex   1.529522e+02 1.704441e+02 2.027500e+02
      vertex   1.529330e+02 1.707000e+02 2.027500e+02
    endloop
  endfacet
  facet normal 9.216731e-01 6.906985e-02 3.817695e-01
    outer loop
      vertex   1.529330e+02 1.707000e+02 2.027500e+02
      vertex   1.529522e+02 1.704441e+02 2.027500e+02
      vertex   1.530016e+02 1.704515e+02 2.026294e+02
    endloop
  endfacet
  facet normal 9.216731e-01 6.906985e-02 3.817695e-01
    outer loop
      vertex   1.529330e+02 1.707000e+02 2.027500e+02
      vertex   1.530016e+02 1.704515e+02 2.026294e+02
      vertex   1.529830e+02 1.707000e+02 2.026294e+02
    endloop
  endfacet
  facet normal 7.919549e-01 -5.934882e-02 6.076884e-01
    outer loop
      vertex   1.528536e+02 1.707000e+02 2.028536e+02
      vertex   1.529330e+02 1.707000e+02 2.027500e+02
      vertex   1.528736e+02 1.709677e+02 2.028536e+02
    endloop
  endfacet
  facet normal 7.919549e-01 -5.934882e-02 6.076884e-01
    outer loop
      vertex   1.528736e+02 1.709677e+02 2.028536e+02
      vertex   1.529330e+02 1.707000e+02 2.027500e+02
      vertex   1.529522e+02 1.709559e+02 2.027500e+02
    endloop
  endfacet
  facet normal 7.742639e-01 -1.767207e-01 6.076884e-01
    outer loop
      vertex   1.528736e+02 1.709677e+02 2.028536e+02
      vertex   1.529522e+02 1.709559e+02 2.027500e+02
      vertex   1.529334e+02 1.712295e+02 2.028536e+02
    endloop
  endfacet
  facet normal 9.216731e-01 -6.906985e-02 3.817695e-01
    outer loop
      vertex   1.529330e+02 1.707000e+02 2.027500e+02
      vertex   1.529830e+02 1.707000e+02 2.026294e+02
      vertex   1.529522e+02 1.709559e+02 2.027500e+02
    endloop
  endfacet
  facet normal -2.609134e-01 2.811978e-01 9.234999e-01
    outer loop
      vertex   1.558346e+02 1.692145e+02 2.029330e+02
      vertex   1.559098e+02 1.691202e+02 2.029830e+02
      vertex   1.560428e+02 1.694077e+02 2.029330e+02
    endloop
  endfacet
  facet normal -2.609134e-01 2.811978e-01 9.234999e-01
    outer loop
      vertex   1.560428e+02 1.694077e+02 2.029330e+02
      vertex   1.559098e+02 1.691202e+02 2.029830e+02
      vertex   1.561312e+02 1.693256e+02 2.029830e+02
    endloop
  endfacet
  facet normal -2.999096e-01 2.391699e-01 9.234999e-01
    outer loop
      vertex   1.560428e+02 1.694077e+02 2.029330e+02
      vertex   1.561312e+02 1.693256e+02 2.029830e+02
      vertex   1.562199e+02 1.696297e+02 2.029330e+02
    endloop
  endfacet
  facet normal -2.999096e-01 2.391699e-01 9.234999e-01
    outer loop
      vertex   1.562199e+02 1.696297e+02 2.029330e+02
      vertex   1.561312e+02 1.693256e+02 2.029830e+02
      vertex   1.563195e+02 1.695618e+02 2.029830e+02
    endloop
  endfacet
  facet normal -3.322063e-01 1.917994e-01 9.234999e-01
    outer loop
      vertex   1.562199e+02 1.696297e+02 2.029330e+02
      vertex   1.563195e+02 1.695618e+02 2.029830e+02
      vertex   1.563618e+02 1.698756e+02 2.029330e+02
    endloop
  endfacet
  facet normal -3.322063e-01 1.917994e-01 9.234999e-01
    outer loop
      vertex   1.563618e+02 1.698756e+02 2.029330e+02
      vertex   1.563195e+02 1.695618e+02 2.029830e+02
      vertex   1.564705e+02 1.698233e+02 2.029830e+02
    endloop
  endfacet
  facet normal -3.570820e-01 1.401444e-01 9.234999e-01
    outer loop
      vertex   1.563618e+02 1.698756e+02 2.029330e+02
      vertex   1.564705e+02 1.698233e+02 2.029830e+02
      vertex   1.564656e+02 1.701400e+02 2.029330e+02
    endloop
  endfacet
  facet normal -3.570820e-01 1.401444e-01 9.234999e-01
    outer loop
      vertex   1.564656e+02 1.701400e+02 2.029330e+02
      vertex   1.564705e+02 1.698233e+02 2.029830e+02
      vertex   1.565808e+02 1.701044e+02 2.029830e+02
    endloop
  endfacet
  facet normal -3.739812e-01 8.535876e-02 9.234999e-01
    outer loop
      vertex   1.564656e+02 1.701400e+02 2.029330e+02
      vertex   1.565808e+02 1.701044e+02 2.029830e+02
      vertex   1.565288e+02 1.704168e+02 2.029330e+02
    endloop
  endfacet
  facet normal -4.010203e-01 8.327273e-01 3.817695e-01
    outer loop
      vertex   1.552590e+02 1.691482e+02 2.026294e+02
      vertex   1.552773e+02 1.691017e+02 2.027500e+02
      vertex   1.554835e+02 1.692563e+02 2.026294e+02
    endloop
  endfacet
  facet normal -4.010203e-01 8.327273e-01 3.817695e-01
    outer loop
      vertex   1.554835e+02 1.692563e+02 2.026294e+02
      vertex   1.552773e+02 1.691017e+02 2.027500e+02
      vertex   1.555085e+02 1.692130e+02 2.027500e+02
    endloop
  endfacet
  facet normal -3.445799e-01 7.155275e-01 6.076884e-01
    outer loop
      vertex   1.552773e+02 1.691017e+02 2.027500e+02
      vertex   1.553063e+02 1.690277e+02 2.028536e+02
      vertex   1.555085e+02 1.692130e+02 2.027500e+02
    endloop
  endfacet
  facet normal -3.445799e-01 7.155275e-01 6.076884e-01
    outer loop
      vertex   1.555085e+02 1.692130e+02 2.027500e+02
      vertex   1.553063e+02 1.690277e+02 2.028536e+02
      vertex   1.555482e+02 1.691442e+02 2.028536e+02
    endloop
  endfacet
  facet normal -1.664373e-01 3.456106e-01 9.234999e-01
    outer loop
      vertex   1.553882e+02 1.688191e+02 2.029830e+02
      vertex   1.556603e+02 1.689501e+02 2.029830e+02
      vertex   1.556000e+02 1.690546e+02 2.029330e+02
    endloop
  endfacet
  facet normal -2.645971e-01 5.494416e-01 7.925291e-01
    outer loop
      vertex   1.553063e+02 1.690277e+02 2.028536e+02
      vertex   1.553441e+02 1.689313e+02 2.029330e+02
      vertex   1.555482e+02 1.691442e+02 2.028536e+02
    endloop
  endfacet
  facet normal -2.645971e-01 5.494416e-01 7.925291e-01
    outer loop
      vertex   1.555482e+02 1.691442e+02 2.028536e+02
      vertex   1.553441e+02 1.689313e+02 2.029330e+02
      vertex   1.556000e+02 1.690546e+02 2.029330e+02
    endloop
  endfacet
  facet normal -1.664373e-01 3.456106e-01 9.234999e-01
    outer loop
      vertex   1.553441e+02 1.689313e+02 2.029330e+02
      vertex   1.553882e+02 1.688191e+02 2.029830e+02
      vertex   1.556000e+02 1.690546e+02 2.029330e+02
    endloop
  endfacet
  facet normal -4.147926e-01 4.470401e-01 7.925291e-01
    outer loop
      vertex   1.558346e+02 1.692145e+02 2.029330e+02
      vertex   1.560428e+02 1.694077e+02 2.029330e+02
      vertex   1.559669e+02 1.694781e+02 2.028536e+02
    endloop
  endfacet
  facet normal -4.767875e-01 3.802254e-01 7.925291e-01
    outer loop
      vertex   1.559669e+02 1.694781e+02 2.028536e+02
      vertex   1.560428e+02 1.694077e+02 2.029330e+02
      vertex   1.561343e+02 1.696880e+02 2.028536e+02
    endloop
  endfacet
  facet normal -6.209115e-01 4.951604e-01 6.076884e-01
    outer loop
      vertex   1.559669e+02 1.694781e+02 2.028536e+02
      vertex   1.561343e+02 1.696880e+02 2.028536e+02
      vertex   1.560686e+02 1.697328e+02 2.027500e+02
    endloop
  endfacet
  facet normal -6.877762e-01 3.970878e-01 6.076884e-01
    outer loop
      vertex   1.560686e+02 1.697328e+02 2.027500e+02
      vertex   1.561343e+02 1.696880e+02 2.028536e+02
      vertex   1.561970e+02 1.699550e+02 2.027500e+02
    endloop
  endfacet
  facet normal -8.004305e-01 4.621288e-01 3.817695e-01
    outer loop
      vertex   1.560686e+02 1.697328e+02 2.027500e+02
      vertex   1.561970e+02 1.699550e+02 2.027500e+02
      vertex   1.561519e+02 1.699767e+02 2.026294e+02
    endloop
  endfacet
  facet normal -8.603671e-01 3.376692e-01 3.817695e-01
    outer loop
      vertex   1.561519e+02 1.699767e+02 2.026294e+02
      vertex   1.561970e+02 1.699550e+02 2.027500e+02
      vertex   1.562430e+02 1.702086e+02 2.026294e+02
    endloop
  endfacet
  facet normal -4.767875e-01 3.802254e-01 7.925291e-01
    outer loop
      vertex   1.561343e+02 1.696880e+02 2.028536e+02
      vertex   1.560428e+02 1.694077e+02 2.029330e+02
      vertex   1.562199e+02 1.696297e+02 2.029330e+02
    endloop
  endfacet
  facet normal -5.281319e-01 3.049171e-01 7.925291e-01
    outer loop
      vertex   1.561343e+02 1.696880e+02 2.028536e+02
      vertex   1.562199e+02 1.696297e+02 2.029330e+02
      vertex   1.562685e+02 1.699206e+02 2.028536e+02
    endloop
  endfacet
  facet normal -5.281319e-01 3.049171e-01 7.925291e-01
    outer loop
      vertex   1.562685e+02 1.699206e+02 2.028536e+02
      vertex   1.562199e+02 1.696297e+02 2.029330e+02
      vertex   1.563618e+02 1.698756e+02 2.029330e+02
    endloop
  endfacet
  facet normal -5.676786e-01 2.227974e-01 7.925291e-01
    outer loop
      vertex   1.562685e+02 1.699206e+02 2.028536e+02
      vertex   1.563618e+02 1.698756e+02 2.029330e+02
      vertex   1.563666e+02 1.701705e+02 2.028536e+02
    endloop
  endfacet
  facet normal -5.676786e-01 2.227974e-01 7.925291e-01
    outer loop
      vertex   1.563666e+02 1.701705e+02 2.028536e+02
      vertex   1.563618e+02 1.698756e+02 2.029330e+02
      vertex   1.564656e+02 1.701400e+02 2.029330e+02
    endloop
  endfacet
  facet normal -5.945443e-01 1.357009e-01 7.925291e-01
    outer loop
      vertex   1.563666e+02 1.701705e+02 2.028536e+02
      vertex   1.564656e+02 1.701400e+02 2.029330e+02
      vertex   1.564264e+02 1.704323e+02 2.028536e+02
    endloop
  endfacet
  facet normal -5.945443e-01 1.357009e-01 7.925291e-01
    outer loop
      vertex   1.564264e+02 1.704323e+02 2.028536e+02
      vertex   1.564656e+02 1.701400e+02 2.029330e+02
      vertex   1.565288e+02 1.704168e+02 2.029330e+02
    endloop
  endfacet
  facet normal -6.081289e-01 4.557296e-02 7.925291e-01
    outer loop
      vertex   1.564264e+02 1.704323e+02 2.028536e+02
      vertex   1.565288e+02 1.704168e+02 2.029330e+02
      vertex   1.564464e+02 1.707000e+02 2.028536e+02
    endloop
  endfacet
  facet normal -6.877762e-01 3.970878e-01 6.076884e-01
    outer loop
      vertex   1.561343e+02 1.696880e+02 2.028536e+02
      vertex   1.562685e+02 1.699206e+02 2.028536e+02
      vertex   1.561970e+02 1.699550e+02 2.027500e+02
    endloop
  endfacet
  facet normal -7.392772e-01 2.901449e-01 6.076884e-01
    outer loop
      vertex   1.561970e+02 1.699550e+02 2.027500e+02
      vertex   1.562685e+02 1.699206e+02 2.028536e+02
      vertex   1.562907e+02 1.701939e+02 2.027500e+02
    endloop
  endfacet
  facet normal -8.603671e-01 3.376692e-01 3.817695e-01
    outer loop
      vertex   1.561970e+02 1.699550e+02 2.027500e+02
      vertex   1.562907e+02 1.701939e+02 2.027500e+02
      vertex   1.562430e+02 1.702086e+02 2.026294e+02
    endloop
  endfacet
  facet normal -9.010845e-01 2.056667e-01 3.817695e-01
    outer loop
      vertex   1.562430e+02 1.702086e+02 2.026294e+02
      vertex   1.562907e+02 1.701939e+02 2.027500e+02
      vertex   1.562984e+02 1.704515e+02 2.026294e+02
    endloop
  endfacet
  facet normal -7.392772e-01 2.901449e-01 6.076884e-01
    outer loop
      vertex   1.562907e+02 1.701939e+02 2.027500e+02
      vertex   1.562685e+02 1.699206e+02 2.028536e+02
      vertex   1.563666e+02 1.701705e+02 2.028536e+02
    endloop
  endfacet
  facet normal -7.742639e-01 1.767207e-01 6.076884e-01
    outer loop
      vertex   1.562907e+02 1.701939e+02 2.027500e+02
      vertex   1.563666e+02 1.701705e+02 2.028536e+02
      vertex   1.563478e+02 1.704441e+02 2.027500e+02
    endloop
  endfacet
  facet normal -7.742639e-01 1.767207e-01 6.076884e-01
    outer loop
      vertex   1.563478e+02 1.704441e+02 2.027500e+02
      vertex   1.563666e+02 1.701705e+02 2.028536e+02
      vertex   1.564264e+02 1.704323e+02 2.028536e+02
    endloop
  endfacet
  facet normal -7.919549e-01 5.934882e-02 6.076884e-01
    outer loop
      vertex   1.563478e+02 1.704441e+02 2.027500e+02
      vertex   1.564264e+02 1.704323e+02 2.028536e+02
      vertex   1.563670e+02 1.707000e+02 2.027500e+02
    endloop
  endfacet
  facet normal -7.919549e-01 5.934882e-02 6.076884e-01
    outer loop
      vertex   1.563670e+02 1.707000e+02 2.027500e+02
      vertex   1.564264e+02 1.704323e+02 2.028536e+02
      vertex   1.564464e+02 1.707000e+02 2.028536e+02
    endloop
  endfacet
  facet normal -7.919549e-01 -5.934882e-02 6.076884e-01
    outer loop
      vertex   1.563670e+02 1.707000e+02 2.027500e+02
      vertex   1.564464e+02 1.707000e+02 2.028536e+02
      vertex   1.563478e+02 1.709559e+02 2.027500e+02
    endloop
  endfacet
  facet normal -9.216731e-01 6.906985e-02 3.817695e-01
    outer loop
      vertex   1.563170e+02 1.707000e+02 2.026294e+02
      vertex   1.562984e+02 1.704515e+02 2.026294e+02
      vertex   1.563478e+02 1.704441e+02 2.027500e+02
    endloop
  endfacet
  facet normal -9.010845e-01 2.056667e-01 3.817695e-01
    outer loop
      vertex   1.563478e+02 1.704441e+02 2.027500e+02
      vertex   1.562984e+02 1.704515e+02 2.026294e+02
      vertex   1.562907e+02 1.701939e+02 2.027500e+02
    endloop
  endfacet
  facet normal -9.216731e-01 6.906985e-02 3.817695e-01
    outer loop
      vertex   1.563170e+02 1.707000e+02 2.026294e+02
      vertex   1.563478e+02 1.704441e+02 2.027500e+02
      vertex   1.563670e+02 1.707000e+02 2.027500e+02
    endloop
  endfacet
  facet normal -9.216731e-01 -6.906985e-02 3.817695e-01
    outer loop
      vertex   1.562984e+02 1.709485e+02 2.026294e+02
      vertex   1.563170e+02 1.707000e+02 2.026294e+02
      vertex   1.563670e+02 1.707000e+02 2.027500e+02
    endloop
  endfacet
  facet normal -9.216731e-01 -6.906985e-02 3.817695e-01
    outer loop
      vertex   1.562984e+02 1.709485e+02 2.026294e+02
      vertex   1.563670e+02 1.707000e+02 2.027500e+02
      vertex   1.563478e+02 1.709559e+02 2.027500e+02
    endloop
  endfacet
  facet normal -9.010845e-01 -2.056667e-01 3.817695e-01
    outer loop
      vertex   1.562430e+02 1.711914e+02 2.026294e+02
      vertex   1.562984e+02 1.709485e+02 2.026294e+02
      vertex   1.563478e+02 1.709559e+02 2.027500e+02
    endloop
  endfacet
  facet normal 2.645971e-01 -5.494416e-01 7.925291e-01
    outer loop
      vertex   1.539937e+02 1.723723e+02 2.028536e+02
      vertex   1.539559e+02 1.724687e+02 2.029330e+02
      vertex   1.537518e+02 1.722558e+02 2.028536e+02
    endloop
  endfacet
  facet normal 3.445799e-01 -7.155275e-01 6.076884e-01
    outer loop
      vertex   1.540227e+02 1.722983e+02 2.027500e+02
      vertex   1.539937e+02 1.723723e+02 2.028536e+02
      vertex   1.537915e+02 1.721870e+02 2.027500e+02
    endloop
  endfacet
  facet normal 3.445799e-01 -7.155275e-01 6.076884e-01
    outer loop
      vertex   1.537915e+02 1.721870e+02 2.027500e+02
      vertex   1.539937e+02 1.723723e+02 2.028536e+02
      vertex   1.537518e+02 1.722558e+02 2.028536e+02
    endloop
  endfacet
  facet normal 4.473750e-01 -6.561787e-01 6.076884e-01
    outer loop
      vertex   1.537915e+02 1.721870e+02 2.027500e+02
      vertex   1.537518e+02 1.722558e+02 2.028536e+02
      vertex   1.535795e+02 1.720424e+02 2.027500e+02
    endloop
  endfacet
  facet normal 4.010203e-01 -8.327273e-01 3.817695e-01
    outer loop
      vertex   1.540410e+02 1.722518e+02 2.026294e+02
      vertex   1.540227e+02 1.722983e+02 2.027500e+02
      vertex   1.538165e+02 1.721437e+02 2.026294e+02
    endloop
  endfacet
  facet normal 4.010203e-01 -8.327273e-01 3.817695e-01
    outer loop
      vertex   1.538165e+02 1.721437e+02 2.026294e+02
      vertex   1.540227e+02 1.722983e+02 2.027500e+02
      vertex   1.537915e+02 1.721870e+02 2.027500e+02
    endloop
  endfacet
  facet normal 5.206528e-01 -7.636574e-01 3.817695e-01
    outer loop
      vertex   1.538165e+02 1.721437e+02 2.026294e+02
      vertex   1.537915e+02 1.721870e+02 2.027500e+02
      vertex   1.536106e+02 1.720033e+02 2.026294e+02
    endloop
  endfacet
  facet normal 5.206528e-01 -7.636574e-01 3.817695e-01
    outer loop
      vertex   1.536106e+02 1.720033e+02 2.026294e+02
      vertex   1.537915e+02 1.721870e+02 2.027500e+02
      vertex   1.535795e+02 1.720424e+02 2.027500e+02
    endloop
  endfacet
  facet normal 6.286548e-01 -6.775287e-01 3.817695e-01
    outer loop
      vertex   1.536106e+02 1.720033e+02 2.026294e+02
      vertex   1.535795e+02 1.720424e+02 2.027500e+02
      vertex   1.534280e+02 1.718339e+02 2.026294e+02
    endloop
  endfacet
  facet normal 5.945443e-01 1.357009e-01 7.925291e-01
    outer loop
      vertex   1.527712e+02 1.704168e+02 2.029330e+02
      vertex   1.529334e+02 1.701705e+02 2.028536e+02
      vertex   1.528736e+02 1.704323e+02 2.028536e+02
    endloop
  endfacet
  facet normal 7.742639e-01 1.767207e-01 6.076884e-01
    outer loop
      vertex   1.528736e+02 1.704323e+02 2.028536e+02
      vertex   1.529334e+02 1.701705e+02 2.028536e+02
      vertex   1.530093e+02 1.701939e+02 2.027500e+02
    endloop
  endfacet
  facet normal 7.742639e-01 1.767207e-01 6.076884e-01
    outer loop
      vertex   1.528736e+02 1.704323e+02 2.028536e+02
      vertex   1.530093e+02 1.701939e+02 2.027500e+02
      vertex   1.529522e+02 1.704441e+02 2.027500e+02
    endloop
  endfacet
  facet normal 9.010845e-01 2.056667e-01 3.817695e-01
    outer loop
      vertex   1.529522e+02 1.704441e+02 2.027500e+02
      vertex   1.530093e+02 1.701939e+02 2.027500e+02
      vertex   1.530570e+02 1.702086e+02 2.026294e+02
    endloop
  endfacet
  facet normal 9.010845e-01 2.056667e-01 3.817695e-01
    outer loop
      vertex   1.529522e+02 1.704441e+02 2.027500e+02
      vertex   1.530570e+02 1.702086e+02 2.026294e+02
      vertex   1.530016e+02 1.704515e+02 2.026294e+02
    endloop
  endfacet
  facet normal 8.603671e-01 3.376692e-01 3.817695e-01
    outer loop
      vertex   1.531481e+02 1.699767e+02 2.026294e+02
      vertex   1.530570e+02 1.702086e+02 2.026294e+02
      vertex   1.530093e+02 1.701939e+02 2.027500e+02
    endloop
  endfacet
  facet normal 8.603671e-01 3.376692e-01 3.817695e-01
    outer loop
      vertex   1.531481e+02 1.699767e+02 2.026294e+02
      vertex   1.530093e+02 1.701939e+02 2.027500e+02
      vertex   1.531030e+02 1.699550e+02 2.027500e+02
    endloop
  endfacet
  facet normal 7.392772e-01 2.901449e-01 6.076884e-01
    outer loop
      vertex   1.531030e+02 1.699550e+02 2.027500e+02
      vertex   1.530093e+02 1.701939e+02 2.027500e+02
      vertex   1.529334e+02 1.701705e+02 2.028536e+02
    endloop
  endfacet
  facet normal 8.004305e-01 4.621288e-01 3.817695e-01
    outer loop
      vertex   1.531481e+02 1.699767e+02 2.026294e+02
      vertex   1.531030e+02 1.699550e+02 2.027500e+02
      vertex   1.532726e+02 1.697609e+02 2.026294e+02
    endloop
  endfacet
  facet normal -0.000000e+00 3.835988e-01 9.234999e-01
    outer loop
      vertex   1.545080e+02 1.688053e+02 2.029330e+02
      vertex   1.544990e+02 1.686851e+02 2.029830e+02
      vertex   1.547920e+02 1.688053e+02 2.029330e+02
    endloop
  endfacet
  facet normal 0.000000e+00 3.835988e-01 9.234999e-01
    outer loop
      vertex   1.547920e+02 1.688053e+02 2.029330e+02
      vertex   1.544990e+02 1.686851e+02 2.029830e+02
      vertex   1.548010e+02 1.686851e+02 2.029830e+02
    endloop
  endfacet
  facet normal -5.717243e-02 3.793143e-01 9.234999e-01
    outer loop
      vertex   1.547920e+02 1.688053e+02 2.029330e+02
      vertex   1.548010e+02 1.686851e+02 2.029830e+02
      vertex   1.550728e+02 1.688476e+02 2.029330e+02
    endloop
  endfacet
  facet normal -5.717243e-02 3.793143e-01 9.234999e-01
    outer loop
      vertex   1.550728e+02 1.688476e+02 2.029330e+02
      vertex   1.548010e+02 1.686851e+02 2.029830e+02
      vertex   1.550996e+02 1.687301e+02 2.029830e+02
    endloop
  endfacet
  facet normal -0.000000e+00 6.098342e-01 7.925291e-01
    outer loop
      vertex   1.545158e+02 1.689086e+02 2.028536e+02
      vertex   1.545080e+02 1.688053e+02 2.029330e+02
      vertex   1.547842e+02 1.689086e+02 2.028536e+02
    endloop
  endfacet
  facet normal 0.000000e+00 6.098342e-01 7.925291e-01
    outer loop
      vertex   1.547842e+02 1.689086e+02 2.028536e+02
      vertex   1.545080e+02 1.688053e+02 2.029330e+02
      vertex   1.547920e+02 1.688053e+02 2.029330e+02
    endloop
  endfacet
  facet normal -9.089106e-02 6.030228e-01 7.925291e-01
    outer loop
      vertex   1.547842e+02 1.689086e+02 2.028536e+02
      vertex   1.547920e+02 1.688053e+02 2.029330e+02
      vertex   1.550497e+02 1.689486e+02 2.028536e+02
    endloop
  endfacet
  facet normal -9.089106e-02 6.030228e-01 7.925291e-01
    outer loop
      vertex   1.550497e+02 1.689486e+02 2.028536e+02
      vertex   1.547920e+02 1.688053e+02 2.029330e+02
      vertex   1.550728e+02 1.688476e+02 2.029330e+02
    endloop
  endfacet
  facet normal 0.000000e+00 9.242576e-01 3.817695e-01
    outer loop
      vertex   1.547746e+02 1.690376e+02 2.026294e+02
      vertex   1.545254e+02 1.690376e+02 2.026294e+02
      vertex   1.545217e+02 1.689878e+02 2.027500e+02
    endloop
  endfacet
  facet normal -0.000000e+00 7.941756e-01 6.076884e-01
    outer loop
      vertex   1.545217e+02 1.689878e+02 2.027500e+02
      vertex   1.545158e+02 1.689086e+02 2.028536e+02
      vertex   1.547783e+02 1.689878e+02 2.027500e+02
    endloop
  endfacet
  facet normal 0.000000e+00 7.941756e-01 6.076884e-01
    outer loop
      vertex   1.547783e+02 1.689878e+02 2.027500e+02
      vertex   1.545158e+02 1.689086e+02 2.028536e+02
      vertex   1.547842e+02 1.689086e+02 2.028536e+02
    endloop
  endfacet
  facet normal -1.183657e-01 7.853053e-01 6.076884e-01
    outer loop
      vertex   1.547783e+02 1.689878e+02 2.027500e+02
      vertex   1.547842e+02 1.689086e+02 2.028536e+02
      vertex   1.550321e+02 1.690261e+02 2.027500e+02
    endloop
  endfacet
  facet normal -1.183657e-01 7.853053e-01 6.076884e-01
    outer loop
      vertex   1.550321e+02 1.690261e+02 2.027500e+02
      vertex   1.547842e+02 1.689086e+02 2.028536e+02
      vertex   1.550497e+02 1.689486e+02 2.028536e+02
    endloop
  endfacet
  facet normal -1.377534e-01 9.139344e-01 3.817695e-01
    outer loop
      vertex   1.550210e+02 1.690748e+02 2.026294e+02
      vertex   1.547746e+02 1.690376e+02 2.026294e+02
      vertex   1.547783e+02 1.689878e+02 2.027500e+02
    endloop
  endfacet
  facet normal 0.000000e+00 9.242576e-01 3.817695e-01
    outer loop
      vertex   1.547783e+02 1.689878e+02 2.027500e+02
      vertex   1.547746e+02 1.690376e+02 2.026294e+02
      vertex   1.545217e+02 1.689878e+02 2.027500e+02
    endloop
  endfacet
  facet normal -1.377534e-01 9.139344e-01 3.817695e-01
    outer loop
      vertex   1.550210e+02 1.690748e+02 2.026294e+02
      vertex   1.547783e+02 1.689878e+02 2.027500e+02
      vertex   1.550321e+02 1.690261e+02 2.027500e+02
    endloop
  endfacet
  facet normal -4.313464e-01 9.021864e-01 -7.357306e-15
    outer loop
      vertex   1.552170e+02 1.691505e+02 1.975000e+02
      vertex   1.555000e+02 1.692858e+02 2.025000e+02
      vertex   1.555000e+02 1.692858e+02 1.975000e+02
    endloop
  endfacet
  facet normal -5.942913e-01 8.042499e-01 -1.013447e-14
    outer loop
      vertex   1.555000e+02 1.692858e+02 1.975000e+02
      vertex   1.555000e+02 1.692858e+02 2.025000e+02
      vertex   1.557523e+02 1.694722e+02 2.025000e+02
    endloop
  endfacet
  facet normal -5.942913e-01 8.042499e-01 -1.013565e-14
    outer loop
      vertex   1.555000e+02 1.692858e+02 1.975000e+02
      vertex   1.557523e+02 1.694722e+02 2.025000e+02
      vertex   1.557523e+02 1.694722e+02 1.975000e+02
    endloop
  endfacet
  facet normal -7.357570e-01 6.772456e-01 -1.254688e-14
    outer loop
      vertex   1.557523e+02 1.694722e+02 1.975000e+02
      vertex   1.557523e+02 1.694722e+02 2.025000e+02
      vertex   1.559647e+02 1.697030e+02 2.025000e+02
    endloop
  endfacet
  facet normal -7.357570e-01 6.772456e-01 -2.091280e-14
    outer loop
      vertex   1.557523e+02 1.694722e+02 1.975000e+02
      vertex   1.559647e+02 1.697030e+02 2.025000e+02
      vertex   1.559647e+02 1.697030e+02 1.975000e+02
    endloop
  endfacet
  facet normal -8.506305e-01 5.257640e-01 -2.417637e-14
    outer loop
      vertex   1.559647e+02 1.697030e+02 1.975000e+02
      vertex   1.559647e+02 1.697030e+02 2.025000e+02
      vertex   1.561296e+02 1.699698e+02 2.025000e+02
    endloop
  endfacet
  facet normal -8.506305e-01 5.257640e-01 -1.934224e-14
    outer loop
      vertex   1.559647e+02 1.697030e+02 1.975000e+02
      vertex   1.561296e+02 1.699698e+02 2.025000e+02
      vertex   1.561296e+02 1.699698e+02 1.975000e+02
    endloop
  endfacet
  facet normal -9.347600e-01 3.552799e-01 -2.125398e-14
    outer loop
      vertex   1.561296e+02 1.699698e+02 1.975000e+02
      vertex   1.561296e+02 1.699698e+02 2.025000e+02
      vertex   1.562411e+02 1.702631e+02 2.025000e+02
    endloop
  endfacet
  facet normal -9.347600e-01 3.552799e-01 -2.656682e-14
    outer loop
      vertex   1.561296e+02 1.699698e+02 1.975000e+02
      vertex   1.562411e+02 1.702631e+02 2.025000e+02
      vertex   1.562411e+02 1.702631e+02 1.975000e+02
    endloop
  endfacet
  facet normal -9.851048e-01 1.719550e-01 -2.799836e-14
    outer loop
      vertex   1.562411e+02 1.702631e+02 1.975000e+02
      vertex   1.562411e+02 1.702631e+02 2.025000e+02
      vertex   1.562950e+02 1.705721e+02 2.025000e+02
    endloop
  endfacet
  facet normal -9.851048e-01 1.719550e-01 -2.239930e-14
    outer loop
      vertex   1.562411e+02 1.702631e+02 1.975000e+02
      vertex   1.562950e+02 1.705721e+02 2.025000e+02
      vertex   1.562950e+02 1.705721e+02 1.975000e+02
    endloop
  endfacet
  facet normal -9.998454e-01 -1.758473e-02 -2.273385e-14
    outer loop
      vertex   1.562950e+02 1.705721e+02 1.975000e+02
      vertex   1.562950e+02 1.705721e+02 2.025000e+02
      vertex   1.562895e+02 1.708857e+02 2.025000e+02
    endloop
  endfacet
  facet normal -9.998454e-01 -1.758473e-02 -1.705041e-14
    outer loop
      vertex   1.562950e+02 1.705721e+02 1.975000e+02
      vertex   1.562895e+02 1.708857e+02 2.025000e+02
      vertex   1.562895e+02 1.708857e+02 1.975000e+02
    endloop
  endfacet
  facet normal -9.784489e-01 -2.064889e-01 -1.668551e-14
    outer loop
      vertex   1.562895e+02 1.708857e+02 1.975000e+02
      vertex   1.562895e+02 1.708857e+02 2.025000e+02
      vertex   1.562247e+02 1.711926e+02 2.025000e+02
    endloop
  endfacet
  facet normal -9.784489e-01 -2.064889e-01 -2.224667e-14
    outer loop
      vertex   1.562895e+02 1.708857e+02 1.975000e+02
      vertex   1.562247e+02 1.711926e+02 2.025000e+02
      vertex   1.562247e+02 1.711926e+02 1.975000e+02
    endloop
  endfacet
  facet normal -9.216888e-01 -3.879301e-01 -2.095678e-14
    outer loop
      vertex   1.562247e+02 1.711926e+02 1.975000e+02
      vertex   1.562247e+02 1.711926e+02 2.025000e+02
      vertex   1.561031e+02 1.714817e+02 2.025000e+02
    endloop
  endfacet
  facet normal -9.216888e-01 -3.879301e-01 -2.095704e-14
    outer loop
      vertex   1.562247e+02 1.711926e+02 1.975000e+02
      vertex   1.561031e+02 1.714817e+02 2.025000e+02
      vertex   1.561031e+02 1.714817e+02 1.975000e+02
    endloop
  endfacet
  facet normal -8.316164e-01 -5.553504e-01 -1.890877e-14
    outer loop
      vertex   1.561031e+02 1.714817e+02 1.975000e+02
      vertex   1.561031e+02 1.714817e+02 2.025000e+02
      vertex   1.559289e+02 1.717426e+02 2.025000e+02
    endloop
  endfacet
  facet normal -8.316164e-01 -5.553504e-01 -2.047924e-14
    outer loop
      vertex   1.561031e+02 1.714817e+02 1.975000e+02
      vertex   1.559289e+02 1.717426e+02 2.025000e+02
      vertex   1.559289e+02 1.717426e+02 1.975000e+02
    endloop
  endfacet
  facet normal -7.114873e-01 -7.026990e-01 -1.622730e-14
    outer loop
      vertex   1.559289e+02 1.717426e+02 1.975000e+02
      vertex   1.559289e+02 1.717426e+02 2.025000e+02
      vertex   1.557084e+02 1.719658e+02 2.025000e+02
    endloop
  endfacet
  facet normal -7.114873e-01 -7.026990e-01 -1.217959e-14
    outer loop
      vertex   1.559289e+02 1.717426e+02 1.975000e+02
      vertex   1.557084e+02 1.719658e+02 2.025000e+02
      vertex   1.557084e+02 1.719658e+02 1.975000e+02
    endloop
  endfacet
  facet normal -5.656431e-01 -8.246501e-01 -8.173642e-15
    outer loop
      vertex   1.557084e+02 1.719658e+02 1.975000e+02
      vertex   1.557084e+02 1.719658e+02 2.025000e+02
      vertex   1.554497e+02 1.721432e+02 2.025000e+02
    endloop
  endfacet
  facet normal -5.656431e-01 -8.246501e-01 -8.171343e-15
    outer loop
      vertex   1.557084e+02 1.719658e+02 1.975000e+02
      vertex   1.554497e+02 1.721432e+02 2.025000e+02
      vertex   1.554497e+02 1.721432e+02 1.975000e+02
    endloop
  endfacet
  facet normal -3.993551e-01 -9.167963e-01 -3.868901e-15
    outer loop
      vertex   1.554497e+02 1.721432e+02 1.975000e+02
      vertex   1.554497e+02 1.721432e+02 2.025000e+02
      vertex   1.551622e+02 1.722685e+02 2.025000e+02
    endloop
  endfacet
  facet normal -3.993551e-01 -9.167963e-01 -1.202032e-14
    outer loop
      vertex   1.554497e+02 1.721432e+02 1.975000e+02
      vertex   1.551622e+02 1.722685e+02 2.025000e+02
      vertex   1.551622e+02 1.722685e+02 1.975000e+02
    endloop
  endfacet
  facet normal -2.186334e-01 -9.758071e-01 -9.275183e-15
    outer loop
      vertex   1.551622e+02 1.722685e+02 1.975000e+02
      vertex   1.551622e+02 1.722685e+02 2.025000e+02
      vertex   1.548561e+02 1.723371e+02 2.025000e+02
    endloop
  endfacet
  facet normal -2.186334e-01 -9.758071e-01 -3.729530e-15
    outer loop
      vertex   1.551622e+02 1.722685e+02 1.975000e+02
      vertex   1.548561e+02 1.723371e+02 2.025000e+02
      vertex   1.548561e+02 1.723371e+02 1.975000e+02
    endloop
  endfacet
  facet normal -3.000974e-02 -9.995496e-01 -5.117569e-16
    outer loop
      vertex   1.548561e+02 1.723371e+02 1.975000e+02
      vertex   1.548561e+02 1.723371e+02 2.025000e+02
      vertex   1.545425e+02 1.723465e+02 2.025000e+02
    endloop
  endfacet
  facet normal -3.000974e-02 -9.995496e-01 1.085181e-14
    outer loop
      vertex   1.548561e+02 1.723371e+02 1.975000e+02
      vertex   1.545425e+02 1.723465e+02 2.025000e+02
      vertex   1.545425e+02 1.723465e+02 1.975000e+02
    endloop
  endfacet
  facet normal 1.596986e-01 -9.871658e-01 1.394612e-14
    outer loop
      vertex   1.545425e+02 1.723465e+02 1.975000e+02
      vertex   1.545425e+02 1.723465e+02 2.025000e+02
      vertex   1.542329e+02 1.722964e+02 2.025000e+02
    endloop
  endfacet
  facet normal 1.596986e-01 -9.871658e-01 2.723044e-15
    outer loop
      vertex   1.545425e+02 1.723465e+02 1.975000e+02
      vertex   1.542329e+02 1.722964e+02 2.025000e+02
      vertex   1.542329e+02 1.722964e+02 1.975000e+02
    endloop
  endfacet
  facet normal 3.436350e-01 -9.391033e-01 5.860016e-15
    outer loop
      vertex   1.542329e+02 1.722964e+02 1.975000e+02
      vertex   1.542329e+02 1.722964e+02 2.025000e+02
      vertex   1.539383e+02 1.721886e+02 2.025000e+02
    endloop
  endfacet
  facet normal 3.436350e-01 -9.391033e-01 5.857530e-15
    outer loop
      vertex   1.542329e+02 1.722964e+02 1.975000e+02
      vertex   1.539383e+02 1.721886e+02 2.025000e+02
      vertex   1.539383e+02 1.721886e+02 1.975000e+02
    endloop
  endfacet
  facet normal 5.151515e-01 -8.570991e-01 8.784892e-15
    outer loop
      vertex   1.539383e+02 1.721886e+02 1.975000e+02
      vertex   1.539383e+02 1.721886e+02 2.025000e+02
      vertex   1.536694e+02 1.720270e+02 2.025000e+02
    endloop
  endfacet
  facet normal 5.151515e-01 -8.570991e-01 1.171064e-14
    outer loop
      vertex   1.539383e+02 1.721886e+02 1.975000e+02
      vertex   1.536694e+02 1.720270e+02 2.025000e+02
      vertex   1.536694e+02 1.720270e+02 1.975000e+02
    endloop
  endfacet
  facet normal 6.680491e-01 -7.441172e-01 1.518968e-14
    outer loop
      vertex   1.536694e+02 1.720270e+02 1.975000e+02
      vertex   1.536694e+02 1.720270e+02 2.025000e+02
      vertex   1.534360e+02 1.718175e+02 2.025000e+02
    endloop
  endfacet
  facet normal 6.680491e-01 -7.441172e-01 1.139210e-14
    outer loop
      vertex   1.536694e+02 1.720270e+02 1.975000e+02
      vertex   1.534360e+02 1.718175e+02 2.025000e+02
      vertex   1.534360e+02 1.718175e+02 1.975000e+02
    endloop
  endfacet
  facet normal 7.968017e-01 -6.042409e-01 1.358788e-14
    outer loop
      vertex   1.534360e+02 1.718175e+02 1.975000e+02
      vertex   1.534360e+02 1.718175e+02 2.025000e+02
      vertex   1.532465e+02 1.715675e+02 2.025000e+02
    endloop
  endfacet
  facet normal 7.968017e-01 -6.042409e-01 1.359089e-14
    outer loop
      vertex   1.534360e+02 1.718175e+02 1.975000e+02
      vertex   1.532465e+02 1.715675e+02 2.025000e+02
      vertex   1.532465e+02 1.715675e+02 1.975000e+02
    endloop
  endfacet
  facet normal 8.967558e-01 -4.425257e-01 1.529240e-14
    outer loop
      vertex   1.532465e+02 1.715675e+02 1.975000e+02
      vertex   1.532465e+02 1.715675e+02 2.025000e+02
      vertex   1.531076e+02 1.712862e+02 2.025000e+02
    endloop
  endfacet
  facet normal 8.967558e-01 -4.425257e-01 2.039075e-14
    outer loop
      vertex   1.532465e+02 1.715675e+02 1.975000e+02
      vertex   1.531076e+02 1.712862e+02 2.025000e+02
      vertex   1.531076e+02 1.712862e+02 1.975000e+02
    endloop
  endfacet
  facet normal 9.642988e-01 -2.648166e-01 2.192562e-14
    outer loop
      vertex   1.531076e+02 1.712862e+02 1.975000e+02
      vertex   1.531076e+02 1.712862e+02 2.025000e+02
      vertex   1.530246e+02 1.709837e+02 2.025000e+02
    endloop
  endfacet
  facet normal 9.642988e-01 -2.648166e-01 2.343012e-14
    outer loop
      vertex   1.531076e+02 1.712862e+02 1.975000e+02
      vertex   1.530246e+02 1.709837e+02 2.025000e+02
      vertex   1.530246e+02 1.709837e+02 1.975000e+02
    endloop
  endfacet
  facet normal 9.969895e-01 -7.753624e-02 2.310966e-14
    outer loop
      vertex   1.530246e+02 1.709837e+02 1.975000e+02
      vertex   1.530246e+02 1.709837e+02 2.025000e+02
      vertex   1.530003e+02 1.706710e+02 2.025000e+02
    endloop
  endfacet
  facet normal 9.969895e-01 -7.753624e-02 2.178712e-14
    outer loop
      vertex   1.530246e+02 1.709837e+02 1.975000e+02
      vertex   1.530003e+02 1.706710e+02 2.025000e+02
      vertex   1.530003e+02 1.706710e+02 1.975000e+02
    endloop
  endfacet
  facet normal 9.936465e-01 1.125465e-01 2.387241e-14
    outer loop
      vertex   1.530003e+02 1.706710e+02 1.975000e+02
      vertex   1.530003e+02 1.706710e+02 2.025000e+02
      vertex   1.530356e+02 1.703593e+02 2.025000e+02
    endloop
  endfacet
  facet normal 9.936465e-01 1.125465e-01 2.259286e-14
    outer loop
      vertex   1.530003e+02 1.706710e+02 1.975000e+02
      vertex   1.530356e+02 1.703593e+02 2.025000e+02
      vertex   1.530356e+02 1.703593e+02 1.975000e+02
    endloop
  endfacet
  facet normal 9.543904e-01 2.985614e-01 2.170033e-14
    outer loop
      vertex   1.530356e+02 1.703593e+02 1.975000e+02
      vertex   1.530356e+02 1.703593e+02 2.025000e+02
      vertex   1.531292e+02 1.700599e+02 2.025000e+02
    endloop
  endfacet
  facet normal 9.543904e-01 2.985614e-01 2.339915e-14
    outer loop
      vertex   1.530356e+02 1.703593e+02 1.975000e+02
      vertex   1.531292e+02 1.700599e+02 2.025000e+02
      vertex   1.531292e+02 1.700599e+02 1.975000e+02
    endloop
  endfacet
  facet normal 8.806402e-01 4.737856e-01 2.271660e-14
    outer loop
      vertex   1.531292e+02 1.700599e+02 1.975000e+02
      vertex   1.531292e+02 1.700599e+02 2.025000e+02
      vertex   1.532778e+02 1.697837e+02 2.025000e+02
    endloop
  endfacet
  facet normal 8.806402e-01 4.737856e-01 1.501988e-14
    outer loop
      vertex   1.531292e+02 1.700599e+02 1.975000e+02
      vertex   1.532778e+02 1.697837e+02 2.025000e+02
      vertex   1.532778e+02 1.697837e+02 1.975000e+02
    endloop
  endfacet
  facet normal 7.750614e-01 6.318859e-01 1.321714e-14
    outer loop
      vertex   1.532778e+02 1.697837e+02 1.975000e+02
      vertex   1.532778e+02 1.697837e+02 2.025000e+02
      vertex   1.534760e+02 1.695405e+02 2.025000e+02
    endloop
  endfacet
  facet normal 7.750614e-01 6.318859e-01 2.480602e-14
    outer loop
      vertex   1.532778e+02 1.697837e+02 1.975000e+02
      vertex   1.534760e+02 1.695405e+02 2.025000e+02
      vertex   1.534760e+02 1.695405e+02 1.975000e+02
    endloop
  endfacet
  facet normal 6.414698e-01 7.671483e-01 2.330680e-14
    outer loop
      vertex   1.534760e+02 1.695405e+02 1.975000e+02
      vertex   1.534760e+02 1.695405e+02 2.025000e+02
      vertex   1.537167e+02 1.693393e+02 2.025000e+02
    endloop
  endfacet
  facet normal 6.414698e-01 7.671483e-01 1.458631e-14
    outer loop
      vertex   1.534760e+02 1.695405e+02 1.975000e+02
      vertex   1.537167e+02 1.693393e+02 2.025000e+02
      vertex   1.537167e+02 1.693393e+02 1.975000e+02
    endloop
  endfacet
  facet normal 4.846939e-01 8.746839e-01 1.102066e-14
    outer loop
      vertex   1.537167e+02 1.693393e+02 1.975000e+02
      vertex   1.537167e+02 1.693393e+02 2.025000e+02
      vertex   1.539911e+02 1.691873e+02 2.025000e+02
    endloop
  endfacet
  facet normal 4.846939e-01 8.746839e-01 6.047767e-15
    outer loop
      vertex   1.537167e+02 1.693393e+02 1.975000e+02
      vertex   1.539911e+02 1.691873e+02 2.025000e+02
      vertex   1.539911e+02 1.691873e+02 1.975000e+02
    endloop
  endfacet
  facet normal 3.103998e-01 9.506061e-01 1.654104e-15
    outer loop
      vertex   1.539911e+02 1.691873e+02 1.975000e+02
      vertex   1.539911e+02 1.691873e+02 2.025000e+02
      vertex   1.542893e+02 1.690899e+02 2.025000e+02
    endloop
  endfacet
  facet normal 3.103998e-01 9.506061e-01 5.293456e-15
    outer loop
      vertex   1.539911e+02 1.691873e+02 1.975000e+02
      vertex   1.542893e+02 1.690899e+02 2.025000e+02
      vertex   1.542893e+02 1.690899e+02 1.975000e+02
    endloop
  endfacet
  facet normal 1.248871e-01 9.921710e-01 2.129703e-15
    outer loop
      vertex   1.542893e+02 1.690899e+02 1.975000e+02
      vertex   1.542893e+02 1.690899e+02 2.025000e+02
      vertex   1.546005e+02 1.690507e+02 2.025000e+02
    endloop
  endfacet
  facet normal 1.248871e-01 9.921710e-01 7.769855e-15
    outer loop
      vertex   1.542893e+02 1.690899e+02 1.975000e+02
      vertex   1.546005e+02 1.690507e+02 2.025000e+02
      vertex   1.546005e+02 1.690507e+02 1.975000e+02
    endloop
  endfacet
  facet normal -6.513938e-02 9.978762e-01 4.561446e-15
    outer loop
      vertex   1.546005e+02 1.690507e+02 1.975000e+02
      vertex   1.546005e+02 1.690507e+02 2.025000e+02
      vertex   1.549135e+02 1.690712e+02 2.025000e+02
    endloop
  endfacet
  facet normal -6.513938e-02 9.978762e-01 4.561264e-15
    outer loop
      vertex   1.546005e+02 1.690507e+02 1.975000e+02
      vertex   1.549135e+02 1.690712e+02 2.025000e+02
      vertex   1.549135e+02 1.690712e+02 1.975000e+02
    endloop
  endfacet
  facet normal -2.528115e-01 9.675155e-01 1.188488e-15
    outer loop
      vertex   1.549135e+02 1.690712e+02 1.975000e+02
      vertex   1.549135e+02 1.690712e+02 2.025000e+02
      vertex   1.552170e+02 1.691505e+02 2.025000e+02
    endloop
  endfacet
  facet normal -2.528115e-01 9.675155e-01 -4.311302e-15
    outer loop
      vertex   1.549135e+02 1.690712e+02 1.975000e+02
      vertex   1.552170e+02 1.691505e+02 2.025000e+02
      vertex   1.552170e+02 1.691505e+02 1.975000e+02
    endloop
  endfacet
  facet normal -4.313464e-01 9.021864e-01 -7.355762e-15
    outer loop
      vertex   1.552170e+02 1.691505e+02 1.975000e+02
      vertex   1.552170e+02 1.691505e+02 2.025000e+02
      vertex   1.555000e+02 1.692858e+02 2.025000e+02
    endloop
  endfacet
  facet normal -2.471453e-14 -1.300489e-15 1.000000e+00
    outer loop
      vertex   1.360000e+02 1.781000e+02 2.030000e+02
      vertex   1.535424e+02 1.725428e+02 2.030000e+02
      vertex   1.590000e+02 1.781000e+02 2.030000e+02
    endloop
  endfacet
  facet normal 2.449679e-14 -4.962927e-14 1.000000e+00
    outer loop
      vertex   1.590000e+02 1.781000e+02 2.030000e+02
      vertex   1.535424e+02 1.725428e+02 2.030000e+02
      vertex   1.538608e+02 1.726999e+02 2.030000e+02
    endloop
  endfacet
  facet normal 1.114572e-14 -3.692327e-14 1.000000e+00
    outer loop
      vertex   1.590000e+02 1.781000e+02 2.030000e+02
      vertex   1.538608e+02 1.726999e+02 2.030000e+02
      vertex   1.542008e+02 1.728025e+02 2.030000e+02
    endloop
  endfacet
  facet normal -1.266511e-14 0.000000e+00 1.000000e+00
    outer loop
      vertex   1.360000e+02 1.387778e+02 2.030000e+02
      vertex   1.382441e+02 1.702668e+02 2.030000e+02
      vertex   1.360000e+02 1.781000e+02 2.030000e+02
    endloop
  endfacet
  facet normal -9.950140e-13 -2.814283e-13 1.000000e+00
    outer loop
      vertex   1.360000e+02 1.781000e+02 2.030000e+02
      vertex   1.382441e+02 1.702668e+02 2.030000e+02
      vertex   1.382015e+02 1.706193e+02 2.030000e+02
    endloop
  endfacet
  facet normal -3.357626e-14 1.516779e-15 1.000000e+00
    outer loop
      vertex   1.360000e+02 1.781000e+02 2.030000e+02
      vertex   1.382015e+02 1.706193e+02 2.030000e+02
      vertex   1.382175e+02 1.709741e+02 2.030000e+02
    endloop
  endfacet
  facet normal -2.471453e-14 9.308252e-17 1.000000e+00
    outer loop
      vertex   1.590000e+02 1.387778e+02 2.030000e+02
      vertex   1.418645e+02 1.691739e+02 2.030000e+02
      vertex   1.360000e+02 1.387778e+02 2.030000e+02
    endloop
  endfacet
  facet normal 4.689670e-15 -5.580015e-15 1.000000e+00
    outer loop
      vertex   1.360000e+02 1.387778e+02 2.030000e+02
      vertex   1.418645e+02 1.691739e+02 2.030000e+02
      vertex   1.415926e+02 1.689455e+02 2.030000e+02
    endloop
  endfacet
  facet normal 3.124887e-15 -5.289927e-15 1.000000e+00
    outer loop
      vertex   1.360000e+02 1.387778e+02 2.030000e+02
      vertex   1.415926e+02 1.689455e+02 2.030000e+02
      vertex   1.412869e+02 1.687649e+02 2.030000e+02
    endloop
  endfacet
  facet normal -1.266511e-14 0.000000e+00 1.000000e+00
    outer loop
      vertex   1.590000e+02 1.781000e+02 2.030000e+02
      vertex   1.567559e+02 1.702668e+02 2.030000e+02
      vertex   1.590000e+02 1.387778e+02 2.030000e+02
    endloop
  endfacet
  facet normal -2.473941e-15 7.262835e-16 1.000000e+00
    outer loop
      vertex   1.590000e+02 1.387778e+02 2.030000e+02
      vertex   1.567559e+02 1.702668e+02 2.030000e+02
      vertex   1.566559e+02 1.699261e+02 2.030000e+02
    endloop
  endfacet
  facet normal -1.631092e-15 7.897135e-16 1.000000e+00
    outer loop
      vertex   1.590000e+02 1.387778e+02 2.030000e+02
      vertex   1.566559e+02 1.699261e+02 2.030000e+02
      vertex   1.565011e+02 1.696065e+02 2.030000e+02
    endloop
  endfacet
  facet normal -1.328492e-15 -2.691458e-15 1.000000e+00
    outer loop
      vertex   1.395608e+02 1.687001e+02 2.030000e+02
      vertex   1.392424e+02 1.688572e+02 2.030000e+02
      vertex   1.360000e+02 1.387778e+02 2.030000e+02
    endloop
  endfacet
  facet normal -1.893350e-15 -2.630569e-15 1.000000e+00
    outer loop
      vertex   1.360000e+02 1.387778e+02 2.030000e+02
      vertex   1.392424e+02 1.688572e+02 2.030000e+02
      vertex   1.389542e+02 1.690647e+02 2.030000e+02
    endloop
  endfacet
  facet normal -2.582900e-15 -2.563310e-15 1.000000e+00
    outer loop
      vertex   1.360000e+02 1.387778e+02 2.030000e+02
      vertex   1.389542e+02 1.690647e+02 2.030000e+02
      vertex   1.387041e+02 1.693167e+02 2.030000e+02
    endloop
  endfacet
  facet normal -2.496947e-13 1.931738e-14 1.000000e+00
    outer loop
      vertex   1.387041e+02 1.693167e+02 2.030000e+02
      vertex   1.384989e+02 1.696065e+02 2.030000e+02
      vertex   1.360000e+02 1.387778e+02 2.030000e+02
    endloop
  endfacet
  facet normal -1.631092e-15 -7.897135e-16 1.000000e+00
    outer loop
      vertex   1.360000e+02 1.387778e+02 2.030000e+02
      vertex   1.384989e+02 1.696065e+02 2.030000e+02
      vertex   1.383441e+02 1.699261e+02 2.030000e+02
    endloop
  endfacet
  facet normal -2.473941e-15 -7.262835e-16 1.000000e+00
    outer loop
      vertex   1.360000e+02 1.387778e+02 2.030000e+02
      vertex   1.383441e+02 1.699261e+02 2.030000e+02
      vertex   1.382441e+02 1.702668e+02 2.030000e+02
    endloop
  endfacet
  facet normal -2.279796e-14 4.870904e-15 1.000000e+00
    outer loop
      vertex   1.382175e+02 1.709741e+02 2.030000e+02
      vertex   1.382917e+02 1.713213e+02 2.030000e+02
      vertex   1.360000e+02 1.781000e+02 2.030000e+02
    endloop
  endfacet
  facet normal -1.716784e-14 6.774328e-15 1.000000e+00
    outer loop
      vertex   1.360000e+02 1.781000e+02 2.030000e+02
      vertex   1.382917e+02 1.713213e+02 2.030000e+02
      vertex   1.384221e+02 1.716516e+02 2.030000e+02
    endloop
  endfacet
  facet normal -1.353886e-14 8.137406e-15 1.000000e+00
    outer loop
      vertex   1.360000e+02 1.781000e+02 2.030000e+02
      vertex   1.384221e+02 1.716516e+02 2.030000e+02
      vertex   1.386050e+02 1.719560e+02 2.030000e+02
    endloop
  endfacet
  facet normal -1.086316e-14 9.271870e-15 1.000000e+00
    outer loop
      vertex   1.386050e+02 1.719560e+02 2.030000e+02
      vertex   1.388355e+02 1.722261e+02 2.030000e+02
      vertex   1.360000e+02 1.781000e+02 2.030000e+02
    endloop
  endfacet
  facet normal -8.678698e-15 1.032637e-14 1.000000e+00
    outer loop
      vertex   1.360000e+02 1.781000e+02 2.030000e+02
      vertex   1.388355e+02 1.722261e+02 2.030000e+02
      vertex   1.391074e+02 1.724545e+02 2.030000e+02
    endloop
  endfacet
  facet normal -6.732746e-15 1.139745e-14 1.000000e+00
    outer loop
      vertex   1.360000e+02 1.781000e+02 2.030000e+02
      vertex   1.391074e+02 1.724545e+02 2.030000e+02
      vertex   1.394131e+02 1.726351e+02 2.030000e+02
    endloop
  endfacet
  facet normal -7.398365e-14 -3.060406e-14 1.000000e+00
    outer loop
      vertex   1.394131e+02 1.726351e+02 2.030000e+02
      vertex   1.397444e+02 1.727629e+02 2.030000e+02
      vertex   1.360000e+02 1.781000e+02 2.030000e+02
    endloop
  endfacet
  facet normal -3.829214e-15 1.861489e-14 1.000000e+00
    outer loop
      vertex   1.360000e+02 1.781000e+02 2.030000e+02
      vertex   1.397444e+02 1.727629e+02 2.030000e+02
      vertex   1.400922e+02 1.728345e+02 2.030000e+02
    endloop
  endfacet
  facet normal -7.876994e-16 2.097866e-14 1.000000e+00
    outer loop
      vertex   1.360000e+02 1.781000e+02 2.030000e+02
      vertex   1.400922e+02 1.728345e+02 2.030000e+02
      vertex   1.404470e+02 1.728478e+02 2.030000e+02
    endloop
  endfacet
  facet normal -8.743091e-14 -5.238208e-14 1.000000e+00
    outer loop
      vertex   1.404470e+02 1.728478e+02 2.030000e+02
      vertex   1.407992e+02 1.728025e+02 2.030000e+02
      vertex   1.360000e+02 1.781000e+02 2.030000e+02
    endloop
  endfacet
  facet normal 1.114572e-14 3.692327e-14 1.000000e+00
    outer loop
      vertex   1.360000e+02 1.781000e+02 2.030000e+02
      vertex   1.407992e+02 1.728025e+02 2.030000e+02
      vertex   1.411392e+02 1.726999e+02 2.030000e+02
    endloop
  endfacet
  facet normal 2.449679e-14 4.962927e-14 1.000000e+00
    outer loop
      vertex   1.360000e+02 1.781000e+02 2.030000e+02
      vertex   1.411392e+02 1.726999e+02 2.030000e+02
      vertex   1.414576e+02 1.725428e+02 2.030000e+02
    endloop
  endfacet
  facet normal -2.469640e-14 -3.431250e-14 1.000000e+00
    outer loop
      vertex   1.417458e+02 1.723353e+02 2.030000e+02
      vertex   1.532542e+02 1.723353e+02 2.030000e+02
      vertex   1.414576e+02 1.725428e+02 2.030000e+02
    endloop
  endfacet
  facet normal -2.351847e-14 3.267591e-14 1.000000e+00
    outer loop
      vertex   1.414576e+02 1.725428e+02 2.030000e+02
      vertex   1.532542e+02 1.723353e+02 2.030000e+02
      vertex   1.535424e+02 1.725428e+02 2.030000e+02
    endloop
  endfacet
  facet normal -2.351847e-14 2.475104e-15 1.000000e+00
    outer loop
      vertex   1.414576e+02 1.725428e+02 2.030000e+02
      vertex   1.535424e+02 1.725428e+02 2.030000e+02
      vertex   1.360000e+02 1.781000e+02 2.030000e+02
    endloop
  endfacet
  facet normal -2.469640e-14 2.450909e-14 1.000000e+00
    outer loop
      vertex   1.532542e+02 1.723353e+02 2.030000e+02
      vertex   1.417458e+02 1.723353e+02 2.030000e+02
      vertex   1.530041e+02 1.720833e+02 2.030000e+02
    endloop
  endfacet
  facet normal -2.581871e-14 -2.562289e-14 1.000000e+00
    outer loop
      vertex   1.530041e+02 1.720833e+02 2.030000e+02
      vertex   1.417458e+02 1.723353e+02 2.030000e+02
      vertex   1.419959e+02 1.720833e+02 2.030000e+02
    endloop
  endfacet
  facet normal -2.581871e-14 -7.979616e-14 1.000000e+00
    outer loop
      vertex   1.530041e+02 1.720833e+02 2.030000e+02
      vertex   1.419959e+02 1.720833e+02 2.030000e+02
      vertex   1.527989e+02 1.717935e+02 2.030000e+02
    endloop
  endfacet
  facet normal -2.145497e-14 8.288679e-14 1.000000e+00
    outer loop
      vertex   1.527989e+02 1.717935e+02 2.030000e+02
      vertex   1.419959e+02 1.720833e+02 2.030000e+02
      vertex   1.422011e+02 1.717935e+02 2.030000e+02
    endloop
  endfacet
  facet normal -2.145497e-14 1.038769e-14 1.000000e+00
    outer loop
      vertex   1.527989e+02 1.717935e+02 2.030000e+02
      vertex   1.422011e+02 1.717935e+02 2.030000e+02
      vertex   1.526441e+02 1.714739e+02 2.030000e+02
    endloop
  endfacet
  facet normal -2.210035e-14 -1.070016e-14 1.000000e+00
    outer loop
      vertex   1.526441e+02 1.714739e+02 2.030000e+02
      vertex   1.422011e+02 1.717935e+02 2.030000e+02
      vertex   1.423559e+02 1.714739e+02 2.030000e+02
    endloop
  endfacet
  facet normal -2.210035e-14 6.488077e-15 1.000000e+00
    outer loop
      vertex   1.526441e+02 1.714739e+02 2.030000e+02
      vertex   1.423559e+02 1.714739e+02 2.030000e+02
      vertex   1.525441e+02 1.711332e+02 2.030000e+02
    endloop
  endfacet
  facet normal -2.253860e-14 -6.616735e-15 1.000000e+00
    outer loop
      vertex   1.525441e+02 1.711332e+02 2.030000e+02
      vertex   1.423559e+02 1.714739e+02 2.030000e+02
      vertex   1.424559e+02 1.711332e+02 2.030000e+02
    endloop
  endfacet
  facet normal -2.253860e-14 8.334469e-14 1.000000e+00
    outer loop
      vertex   1.525441e+02 1.711332e+02 2.030000e+02
      vertex   1.424559e+02 1.711332e+02 2.030000e+02
      vertex   1.525015e+02 1.707807e+02 2.030000e+02
    endloop
  endfacet
  facet normal -2.841311e-14 -8.405424e-14 1.000000e+00
    outer loop
      vertex   1.525015e+02 1.707807e+02 2.030000e+02
      vertex   1.424559e+02 1.711332e+02 2.030000e+02
      vertex   1.424985e+02 1.707807e+02 2.030000e+02
    endloop
  endfacet
  facet normal -2.841311e-14 -1.283538e-15 1.000000e+00
    outer loop
      vertex   1.525015e+02 1.707807e+02 2.030000e+02
      vertex   1.424985e+02 1.707807e+02 2.030000e+02
      vertex   1.525175e+02 1.704259e+02 2.030000e+02
    endloop
  endfacet
  facet normal -2.832236e-14 1.279439e-15 1.000000e+00
    outer loop
      vertex   1.525175e+02 1.704259e+02 2.030000e+02
      vertex   1.424985e+02 1.707807e+02 2.030000e+02
      vertex   1.424825e+02 1.704259e+02 2.030000e+02
    endloop
  endfacet
  facet normal -2.832236e-14 -6.051221e-15 1.000000e+00
    outer loop
      vertex   1.525175e+02 1.704259e+02 2.030000e+02
      vertex   1.424825e+02 1.704259e+02 2.030000e+02
      vertex   1.525917e+02 1.700787e+02 2.030000e+02
    endloop
  endfacet
  facet normal -2.790967e-14 5.963047e-15 1.000000e+00
    outer loop
      vertex   1.525917e+02 1.700787e+02 2.030000e+02
      vertex   1.424825e+02 1.704259e+02 2.030000e+02
      vertex   1.424083e+02 1.700787e+02 2.030000e+02
    endloop
  endfacet
  facet normal -2.790967e-14 -1.101299e-14 1.000000e+00
    outer loop
      vertex   1.525917e+02 1.700787e+02 2.030000e+02
      vertex   1.424083e+02 1.700787e+02 2.030000e+02
      vertex   1.527221e+02 1.697484e+02 2.030000e+02
    endloop
  endfacet
  facet normal -2.721308e-14 1.073812e-14 1.000000e+00
    outer loop
      vertex   1.527221e+02 1.697484e+02 2.030000e+02
      vertex   1.424083e+02 1.700787e+02 2.030000e+02
      vertex   1.422779e+02 1.697484e+02 2.030000e+02
    endloop
  endfacet
  facet normal -2.721308e-14 -1.635617e-14 1.000000e+00
    outer loop
      vertex   1.527221e+02 1.697484e+02 2.030000e+02
      vertex   1.422779e+02 1.697484e+02 2.030000e+02
      vertex   1.529050e+02 1.694440e+02 2.030000e+02
    endloop
  endfacet
  facet normal -2.629208e-14 1.580261e-14 1.000000e+00
    outer loop
      vertex   1.529050e+02 1.694440e+02 2.030000e+02
      vertex   1.422779e+02 1.697484e+02 2.030000e+02
      vertex   1.420950e+02 1.694440e+02 2.030000e+02
    endloop
  endfacet
  facet normal -2.629208e-14 -2.244070e-14 1.000000e+00
    outer loop
      vertex   1.529050e+02 1.694440e+02 2.030000e+02
      vertex   1.420950e+02 1.694440e+02 2.030000e+02
      vertex   1.531355e+02 1.691739e+02 2.030000e+02
    endloop
  endfacet
  facet normal -2.521659e-14 2.152275e-14 1.000000e+00
    outer loop
      vertex   1.531355e+02 1.691739e+02 2.030000e+02
      vertex   1.420950e+02 1.694440e+02 2.030000e+02
      vertex   1.418645e+02 1.691739e+02 2.030000e+02
    endloop
  endfacet
  facet normal -2.521659e-14 -1.899469e-16 1.000000e+00
    outer loop
      vertex   1.531355e+02 1.691739e+02 2.030000e+02
      vertex   1.418645e+02 1.691739e+02 2.030000e+02
      vertex   1.590000e+02 1.387778e+02 2.030000e+02
    endloop
  endfacet
  facet normal -9.009120e-14 1.114465e-14 1.000000e+00
    outer loop
      vertex   1.412869e+02 1.687649e+02 2.030000e+02
      vertex   1.409556e+02 1.686371e+02 2.030000e+02
      vertex   1.360000e+02 1.387778e+02 2.030000e+02
    endloop
  endfacet
  facet normal 8.108976e-16 -3.942003e-15 1.000000e+00
    outer loop
      vertex   1.360000e+02 1.387778e+02 2.030000e+02
      vertex   1.409556e+02 1.686371e+02 2.030000e+02
      vertex   1.406078e+02 1.685655e+02 2.030000e+02
    endloop
  endfacet
  facet normal 1.441403e-16 -3.838863e-15 1.000000e+00
    outer loop
      vertex   1.360000e+02 1.387778e+02 2.030000e+02
      vertex   1.406078e+02 1.685655e+02 2.030000e+02
      vertex   1.402530e+02 1.685522e+02 2.030000e+02
    endloop
  endfacet
  facet normal -7.972604e-14 7.569789e-15 1.000000e+00
    outer loop
      vertex   1.402530e+02 1.685522e+02 2.030000e+02
      vertex   1.399008e+02 1.685975e+02 2.030000e+02
      vertex   1.360000e+02 1.387778e+02 2.030000e+02
    endloop
  endfacet
  facet normal -8.303430e-16 -2.750740e-15 1.000000e+00
    outer loop
      vertex   1.360000e+02 1.387778e+02 2.030000e+02
      vertex   1.399008e+02 1.685975e+02 2.030000e+02
      vertex   1.395608e+02 1.687001e+02 2.030000e+02
    endloop
  endfacet
  facet normal -1.893350e-15 2.630569e-15 1.000000e+00
    outer loop
      vertex   1.560458e+02 1.690647e+02 2.030000e+02
      vertex   1.557576e+02 1.688572e+02 2.030000e+02
      vertex   1.590000e+02 1.387778e+02 2.030000e+02
    endloop
  endfacet
  facet normal -1.328492e-15 2.691458e-15 1.000000e+00
    outer loop
      vertex   1.590000e+02 1.387778e+02 2.030000e+02
      vertex   1.557576e+02 1.688572e+02 2.030000e+02
      vertex   1.554392e+02 1.687001e+02 2.030000e+02
    endloop
  endfacet
  facet normal -8.303430e-16 2.750740e-15 1.000000e+00
    outer loop
      vertex   1.590000e+02 1.387778e+02 2.030000e+02
      vertex   1.554392e+02 1.687001e+02 2.030000e+02
      vertex   1.550992e+02 1.685975e+02 2.030000e+02
    endloop
  endfacet
  facet normal -7.972604e-14 -7.569789e-15 1.000000e+00
    outer loop
      vertex   1.550992e+02 1.685975e+02 2.030000e+02
      vertex   1.547470e+02 1.685522e+02 2.030000e+02
      vertex   1.590000e+02 1.387778e+02 2.030000e+02
    endloop
  endfacet
  facet normal 1.441403e-16 3.838863e-15 1.000000e+00
    outer loop
      vertex   1.590000e+02 1.387778e+02 2.030000e+02
      vertex   1.547470e+02 1.685522e+02 2.030000e+02
      vertex   1.543922e+02 1.685655e+02 2.030000e+02
    endloop
  endfacet
  facet normal 8.108976e-16 3.942003e-15 1.000000e+00
    outer loop
      vertex   1.590000e+02 1.387778e+02 2.030000e+02
      vertex   1.543922e+02 1.685655e+02 2.030000e+02
      vertex   1.540444e+02 1.686371e+02 2.030000e+02
    endloop
  endfacet
  facet normal -9.009120e-14 -1.114465e-14 1.000000e+00
    outer loop
      vertex   1.540444e+02 1.686371e+02 2.030000e+02
      vertex   1.537131e+02 1.687649e+02 2.030000e+02
      vertex   1.590000e+02 1.387778e+02 2.030000e+02
    endloop
  endfacet
  facet normal 3.124887e-15 5.289927e-15 1.000000e+00
    outer loop
      vertex   1.590000e+02 1.387778e+02 2.030000e+02
      vertex   1.537131e+02 1.687649e+02 2.030000e+02
      vertex   1.534074e+02 1.689455e+02 2.030000e+02
    endloop
  endfacet
  facet normal 4.689670e-15 5.580015e-15 1.000000e+00
    outer loop
      vertex   1.590000e+02 1.387778e+02 2.030000e+02
      vertex   1.534074e+02 1.689455e+02 2.030000e+02
      vertex   1.531355e+02 1.691739e+02 2.030000e+02
    endloop
  endfacet
  facet normal -8.743091e-14 5.238208e-14 1.000000e+00
    outer loop
      vertex   1.542008e+02 1.728025e+02 2.030000e+02
      vertex   1.545530e+02 1.728478e+02 2.030000e+02
      vertex   1.590000e+02 1.781000e+02 2.030000e+02
    endloop
  endfacet
  facet normal -7.876994e-16 -2.097866e-14 1.000000e+00
    outer loop
      vertex   1.590000e+02 1.781000e+02 2.030000e+02
      vertex   1.545530e+02 1.728478e+02 2.030000e+02
      vertex   1.549078e+02 1.728345e+02 2.030000e+02
    endloop
  endfacet
  facet normal -3.829214e-15 -1.861489e-14 1.000000e+00
    outer loop
      vertex   1.590000e+02 1.781000e+02 2.030000e+02
      vertex   1.549078e+02 1.728345e+02 2.030000e+02
      vertex   1.552556e+02 1.727629e+02 2.030000e+02
    endloop
  endfacet
  facet normal -7.398365e-14 3.060406e-14 1.000000e+00
    outer loop
      vertex   1.552556e+02 1.727629e+02 2.030000e+02
      vertex   1.555869e+02 1.726351e+02 2.030000e+02
      vertex   1.590000e+02 1.781000e+02 2.030000e+02
    endloop
  endfacet
  facet normal -6.732746e-15 -1.139745e-14 1.000000e+00
    outer loop
      vertex   1.590000e+02 1.781000e+02 2.030000e+02
      vertex   1.555869e+02 1.726351e+02 2.030000e+02
      vertex   1.558926e+02 1.724545e+02 2.030000e+02
    endloop
  endfacet
  facet normal -8.678698e-15 -1.032637e-14 1.000000e+00
    outer loop
      vertex   1.590000e+02 1.781000e+02 2.030000e+02
      vertex   1.558926e+02 1.724545e+02 2.030000e+02
      vertex   1.561645e+02 1.722261e+02 2.030000e+02
    endloop
  endfacet
  facet normal -1.086316e-14 -9.271870e-15 1.000000e+00
    outer loop
      vertex   1.561645e+02 1.722261e+02 2.030000e+02
      vertex   1.563950e+02 1.719560e+02 2.030000e+02
      vertex   1.590000e+02 1.781000e+02 2.030000e+02
    endloop
  endfacet
  facet normal -1.353886e-14 -8.137406e-15 1.000000e+00
    outer loop
      vertex   1.590000e+02 1.781000e+02 2.030000e+02
      vertex   1.563950e+02 1.719560e+02 2.030000e+02
      vertex   1.565779e+02 1.716516e+02 2.030000e+02
    endloop
  endfacet
  facet normal -1.716784e-14 -6.774328e-15 1.000000e+00
    outer loop
      vertex   1.590000e+02 1.781000e+02 2.030000e+02
      vertex   1.565779e+02 1.716516e+02 2.030000e+02
      vertex   1.567083e+02 1.713213e+02 2.030000e+02
    endloop
  endfacet
  facet normal -2.279796e-14 -4.870904e-15 1.000000e+00
    outer loop
      vertex   1.567083e+02 1.713213e+02 2.030000e+02
      vertex   1.567825e+02 1.709741e+02 2.030000e+02
      vertex   1.590000e+02 1.781000e+02 2.030000e+02
    endloop
  endfacet
  facet normal -3.357626e-14 -1.516779e-15 1.000000e+00
    outer loop
      vertex   1.590000e+02 1.781000e+02 2.030000e+02
      vertex   1.567825e+02 1.709741e+02 2.030000e+02
      vertex   1.567985e+02 1.706193e+02 2.030000e+02
    endloop
  endfacet
  facet normal -9.950140e-13 2.814283e-13 1.000000e+00
    outer loop
      vertex   1.590000e+02 1.781000e+02 2.030000e+02
      vertex   1.567985e+02 1.706193e+02 2.030000e+02
      vertex   1.567559e+02 1.702668e+02 2.030000e+02
    endloop
  endfacet
  facet normal -2.496947e-13 -1.931738e-14 1.000000e+00
    outer loop
      vertex   1.565011e+02 1.696065e+02 2.030000e+02
      vertex   1.562959e+02 1.693167e+02 2.030000e+02
      vertex   1.590000e+02 1.387778e+02 2.030000e+02
    endloop
  endfacet
  facet normal -2.582900e-15 2.563310e-15 1.000000e+00
    outer loop
      vertex   1.590000e+02 1.387778e+02 2.030000e+02
      vertex   1.562959e+02 1.693167e+02 2.030000e+02
      vertex   1.560458e+02 1.690647e+02 2.030000e+02
    endloop
  endfacet
  facet normal -5.848244e-01 7.914383e-01 -1.777803e-01
    outer loop
      vertex   1.557523e+02 1.694722e+02 1.975000e+02
      vertex   1.556894e+02 1.693967e+02 1.973706e+02
      vertex   1.555000e+02 1.692858e+02 1.975000e+02
    endloop
  endfacet
  facet normal -5.595361e-01 8.206887e-01 -1.157126e-01
    outer loop
      vertex   1.555000e+02 1.692858e+02 1.975000e+02
      vertex   1.556894e+02 1.693967e+02 1.973706e+02
      vertex   1.554835e+02 1.692563e+02 1.973706e+02
    endloop
  endfacet
  facet normal -4.290831e-01 8.910001e-01 -1.483458e-01
    outer loop
      vertex   1.555000e+02 1.692858e+02 1.975000e+02
      vertex   1.554835e+02 1.692563e+02 1.973706e+02
      vertex   1.552590e+02 1.691482e+02 1.973706e+02
    endloop
  endfacet
  facet normal -4.010203e-01 8.327273e-01 -3.817695e-01
    outer loop
      vertex   1.552590e+02 1.691482e+02 1.973706e+02
      vertex   1.554835e+02 1.692563e+02 1.973706e+02
      vertex   1.555085e+02 1.692130e+02 1.972500e+02
    endloop
  endfacet
  facet normal -4.010203e-01 8.327273e-01 -3.817695e-01
    outer loop
      vertex   1.552590e+02 1.691482e+02 1.973706e+02
      vertex   1.555085e+02 1.692130e+02 1.972500e+02
      vertex   1.552773e+02 1.691017e+02 1.972500e+02
    endloop
  endfacet
  facet normal -3.445799e-01 7.155275e-01 -6.076884e-01
    outer loop
      vertex   1.552773e+02 1.691017e+02 1.972500e+02
      vertex   1.555085e+02 1.692130e+02 1.972500e+02
      vertex   1.555482e+02 1.691442e+02 1.971464e+02
    endloop
  endfacet
  facet normal -3.445799e-01 7.155275e-01 -6.076884e-01
    outer loop
      vertex   1.552773e+02 1.691017e+02 1.972500e+02
      vertex   1.555482e+02 1.691442e+02 1.971464e+02
      vertex   1.553063e+02 1.690277e+02 1.971464e+02
    endloop
  endfacet
  facet normal -2.645971e-01 5.494416e-01 -7.925291e-01
    outer loop
      vertex   1.553063e+02 1.690277e+02 1.971464e+02
      vertex   1.555482e+02 1.691442e+02 1.971464e+02
      vertex   1.556000e+02 1.690546e+02 1.970670e+02
    endloop
  endfacet
  facet normal -2.645971e-01 5.494416e-01 -7.925291e-01
    outer loop
      vertex   1.553063e+02 1.690277e+02 1.971464e+02
      vertex   1.556000e+02 1.690546e+02 1.970670e+02
      vertex   1.553441e+02 1.689313e+02 1.970670e+02
    endloop
  endfacet
  facet normal -1.664373e-01 3.456106e-01 -9.234999e-01
    outer loop
      vertex   1.553441e+02 1.689313e+02 1.970670e+02
      vertex   1.556000e+02 1.690546e+02 1.970670e+02
      vertex   1.556603e+02 1.689501e+02 1.970170e+02
    endloop
  endfacet
  facet normal -1.664373e-01 3.456106e-01 -9.234999e-01
    outer loop
      vertex   1.553441e+02 1.689313e+02 1.970670e+02
      vertex   1.556603e+02 1.689501e+02 1.970170e+02
      vertex   1.553882e+02 1.688191e+02 1.970170e+02
    endloop
  endfacet
  facet normal -5.666337e-02 1.176627e-01 -9.914357e-01
    outer loop
      vertex   1.553882e+02 1.688191e+02 1.970170e+02
      vertex   1.556603e+02 1.689501e+02 1.970170e+02
      vertex   1.554392e+02 1.687001e+02 1.970000e+02
    endloop
  endfacet
  facet normal -3.866736e-02 1.253565e-01 -9.913580e-01
    outer loop
      vertex   1.553882e+02 1.688191e+02 1.970170e+02
      vertex   1.554392e+02 1.687001e+02 1.970000e+02
      vertex   1.550996e+02 1.687301e+02 1.970170e+02
    endloop
  endfacet
  facet normal -3.847006e-02 1.274427e-01 -9.910996e-01
    outer loop
      vertex   1.550996e+02 1.687301e+02 1.970170e+02
      vertex   1.554392e+02 1.687001e+02 1.970000e+02
      vertex   1.550992e+02 1.685975e+02 1.970000e+02
    endloop
  endfacet
  facet normal -1.921087e-02 1.274558e-01 -9.916582e-01
    outer loop
      vertex   1.550996e+02 1.687301e+02 1.970170e+02
      vertex   1.550992e+02 1.685975e+02 1.970000e+02
      vertex   1.548010e+02 1.686851e+02 1.970170e+02
    endloop
  endfacet
  facet normal -1.722729e-02 1.340462e-01 -9.908253e-01
    outer loop
      vertex   1.548010e+02 1.686851e+02 1.970170e+02
      vertex   1.550992e+02 1.685975e+02 1.970000e+02
      vertex   1.547470e+02 1.685522e+02 1.970000e+02
    endloop
  endfacet
  facet normal 0.000000e+00 1.271833e-01 -9.918792e-01
    outer loop
      vertex   1.548010e+02 1.686851e+02 1.970170e+02
      vertex   1.547470e+02 1.685522e+02 1.970000e+02
      vertex   1.544990e+02 1.686851e+02 1.970170e+02
    endloop
  endfacet
  facet normal 5.128818e-03 1.365949e-01 -9.906137e-01
    outer loop
      vertex   1.544990e+02 1.686851e+02 1.970170e+02
      vertex   1.547470e+02 1.685522e+02 1.970000e+02
      vertex   1.543922e+02 1.685655e+02 1.970000e+02
    endloop
  endfacet
  facet normal 1.878025e-02 1.245988e-01 -9.920295e-01
    outer loop
      vertex   1.544990e+02 1.686851e+02 1.970170e+02
      vertex   1.543922e+02 1.685655e+02 1.970000e+02
      vertex   1.542004e+02 1.687301e+02 1.970170e+02
    endloop
  endfacet
  facet normal 2.774789e-02 1.348903e-01 -9.904719e-01
    outer loop
      vertex   1.542004e+02 1.687301e+02 1.970170e+02
      vertex   1.543922e+02 1.685655e+02 1.970000e+02
      vertex   1.540444e+02 1.686371e+02 1.970000e+02
    endloop
  endfacet
  facet normal 3.694348e-02 1.197678e-01 -9.921143e-01
    outer loop
      vertex   1.542004e+02 1.687301e+02 1.970170e+02
      vertex   1.540444e+02 1.686371e+02 1.970000e+02
      vertex   1.539118e+02 1.688191e+02 1.970170e+02
    endloop
  endfacet
  facet normal 4.974461e-02 1.289317e-01 -9.904050e-01
    outer loop
      vertex   1.539118e+02 1.688191e+02 1.970170e+02
      vertex   1.540444e+02 1.686371e+02 1.970000e+02
      vertex   1.537131e+02 1.687649e+02 1.970000e+02
    endloop
  endfacet
  facet normal 5.430382e-02 1.127630e-01 -9.921369e-01
    outer loop
      vertex   1.539118e+02 1.688191e+02 1.970170e+02
      vertex   1.537131e+02 1.687649e+02 1.970000e+02
      vertex   1.536397e+02 1.689501e+02 1.970170e+02
    endloop
  endfacet
  facet normal 7.024993e-02 1.189218e-01 -9.904153e-01
    outer loop
      vertex   1.536397e+02 1.689501e+02 1.970170e+02
      vertex   1.537131e+02 1.687649e+02 1.970000e+02
      vertex   1.534074e+02 1.689455e+02 1.970000e+02
    endloop
  endfacet
  facet normal 7.067766e-02 1.036651e-01 -9.920979e-01
    outer loop
      vertex   1.536397e+02 1.689501e+02 1.970170e+02
      vertex   1.534074e+02 1.689455e+02 1.970000e+02
      vertex   1.533902e+02 1.691202e+02 1.970170e+02
    endloop
  endfacet
  facet normal 8.846237e-02 1.052572e-01 -9.905026e-01
    outer loop
      vertex   1.533902e+02 1.691202e+02 1.970170e+02
      vertex   1.534074e+02 1.689455e+02 1.970000e+02
      vertex   1.531355e+02 1.691739e+02 1.970000e+02
    endloop
  endfacet
  facet normal 8.588504e-02 9.256206e-02 -9.919960e-01
    outer loop
      vertex   1.533902e+02 1.691202e+02 1.970170e+02
      vertex   1.531355e+02 1.691739e+02 1.970000e+02
      vertex   1.531688e+02 1.693256e+02 1.970170e+02
    endloop
  endfacet
  facet normal 1.036947e-01 8.850504e-02 -9.906635e-01
    outer loop
      vertex   1.531688e+02 1.693256e+02 1.970170e+02
      vertex   1.531355e+02 1.691739e+02 1.970000e+02
      vertex   1.529050e+02 1.694440e+02 1.970000e+02
    endloop
  endfacet
  facet normal 9.975066e-02 7.954850e-02 -9.918275e-01
    outer loop
      vertex   1.531688e+02 1.693256e+02 1.970170e+02
      vertex   1.529050e+02 1.694440e+02 1.970000e+02
      vertex   1.529805e+02 1.695618e+02 1.970170e+02
    endloop
  endfacet
  facet normal 1.154120e-01 6.936731e-02 -9.908927e-01
    outer loop
      vertex   1.529805e+02 1.695618e+02 1.970170e+02
      vertex   1.529050e+02 1.694440e+02 1.970000e+02
      vertex   1.527221e+02 1.697484e+02 1.970000e+02
    endloop
  endfacet
  facet normal 1.121045e-01 6.472354e-02 -9.915863e-01
    outer loop
      vertex   1.529805e+02 1.695618e+02 1.970170e+02
      vertex   1.527221e+02 1.697484e+02 1.970000e+02
      vertex   1.528295e+02 1.698233e+02 1.970170e+02
    endloop
  endfacet
  facet normal 1.232574e-01 4.863663e-02 -9.911822e-01
    outer loop
      vertex   1.528295e+02 1.698233e+02 1.970170e+02
      vertex   1.527221e+02 1.697484e+02 1.970000e+02
      vertex   1.525917e+02 1.700787e+02 1.970000e+02
    endloop
  endfacet
  facet normal 1.227815e-01 4.818820e-02 -9.912631e-01
    outer loop
      vertex   1.528295e+02 1.698233e+02 1.970170e+02
      vertex   1.525917e+02 1.700787e+02 1.970000e+02
      vertex   1.527192e+02 1.701044e+02 1.970170e+02
    endloop
  endfacet
  facet normal 1.267062e-01 2.891986e-02 -9.915186e-01
    outer loop
      vertex   1.527192e+02 1.701044e+02 1.970170e+02
      vertex   1.525917e+02 1.700787e+02 1.970000e+02
      vertex   1.526520e+02 1.703988e+02 1.970170e+02
    endloop
  endfacet
  facet normal 3.739812e-01 8.535876e-02 -9.234999e-01
    outer loop
      vertex   1.527192e+02 1.701044e+02 1.970170e+02
      vertex   1.526520e+02 1.703988e+02 1.970170e+02
      vertex   1.527712e+02 1.704168e+02 1.970670e+02
    endloop
  endfacet
  facet normal 3.825262e-01 2.866637e-02 -9.234999e-01
    outer loop
      vertex   1.527712e+02 1.704168e+02 1.970670e+02
      vertex   1.526520e+02 1.703988e+02 1.970170e+02
      vertex   1.527500e+02 1.707000e+02 1.970670e+02
    endloop
  endfacet
  facet normal 6.081289e-01 4.557296e-02 -7.925291e-01
    outer loop
      vertex   1.527712e+02 1.704168e+02 1.970670e+02
      vertex   1.527500e+02 1.707000e+02 1.970670e+02
      vertex   1.528536e+02 1.707000e+02 1.971464e+02
    endloop
  endfacet
  facet normal 6.081289e-01 -4.557296e-02 -7.925291e-01
    outer loop
      vertex   1.528536e+02 1.707000e+02 1.971464e+02
      vertex   1.527500e+02 1.707000e+02 1.970670e+02
      vertex   1.528736e+02 1.709677e+02 1.971464e+02
    endloop
  endfacet
  facet normal 7.919549e-01 -5.934882e-02 -6.076884e-01
    outer loop
      vertex   1.528536e+02 1.707000e+02 1.971464e+02
      vertex   1.528736e+02 1.709677e+02 1.971464e+02
      vertex   1.529522e+02 1.709559e+02 1.972500e+02
    endloop
  endfacet
  facet normal 7.742639e-01 -1.767207e-01 -6.076884e-01
    outer loop
      vertex   1.529522e+02 1.709559e+02 1.972500e+02
      vertex   1.528736e+02 1.709677e+02 1.971464e+02
      vertex   1.530093e+02 1.712061e+02 1.972500e+02
    endloop
  endfacet
  facet normal 9.010845e-01 -2.056667e-01 -3.817695e-01
    outer loop
      vertex   1.529522e+02 1.709559e+02 1.972500e+02
      vertex   1.530093e+02 1.712061e+02 1.972500e+02
      vertex   1.530570e+02 1.711914e+02 1.973706e+02
    endloop
  endfacet
  facet normal 8.603671e-01 -3.376692e-01 -3.817695e-01
    outer loop
      vertex   1.530570e+02 1.711914e+02 1.973706e+02
      vertex   1.530093e+02 1.712061e+02 1.972500e+02
      vertex   1.531481e+02 1.714233e+02 1.973706e+02
    endloop
  endfacet
  facet normal 9.265807e-01 -3.636561e-01 -9.592932e-02
    outer loop
      vertex   1.530570e+02 1.711914e+02 1.973706e+02
      vertex   1.531481e+02 1.714233e+02 1.973706e+02
      vertex   1.531076e+02 1.712862e+02 1.975000e+02
    endloop
  endfacet
  facet normal 8.811896e-01 -4.348442e-01 -1.855140e-01
    outer loop
      vertex   1.531076e+02 1.712862e+02 1.975000e+02
      vertex   1.531481e+02 1.714233e+02 1.973706e+02
      vertex   1.532465e+02 1.715675e+02 1.975000e+02
    endloop
  endfacet
  facet normal 8.616094e-01 -4.974504e-01 -1.008579e-01
    outer loop
      vertex   1.532465e+02 1.715675e+02 1.975000e+02
      vertex   1.531481e+02 1.714233e+02 1.973706e+02
      vertex   1.532726e+02 1.716391e+02 1.973706e+02
    endloop
  endfacet
  facet normal 7.851365e-01 -5.953948e-01 -1.704867e-01
    outer loop
      vertex   1.532465e+02 1.715675e+02 1.975000e+02
      vertex   1.532726e+02 1.716391e+02 1.973706e+02
      vertex   1.534360e+02 1.718175e+02 1.975000e+02
    endloop
  endfacet
  facet normal 7.755446e-01 -6.184762e-01 -1.265618e-01
    outer loop
      vertex   1.534360e+02 1.718175e+02 1.975000e+02
      vertex   1.532726e+02 1.716391e+02 1.973706e+02
      vertex   1.534280e+02 1.718339e+02 1.973706e+02
    endloop
  endfacet
  facet normal 6.740418e-01 -7.264442e-01 -1.339645e-01
    outer loop
      vertex   1.534360e+02 1.718175e+02 1.975000e+02
      vertex   1.534280e+02 1.718339e+02 1.973706e+02
      vertex   1.536106e+02 1.720033e+02 1.973706e+02
    endloop
  endfacet
  facet normal 6.286548e-01 -6.775287e-01 -3.817695e-01
    outer loop
      vertex   1.536106e+02 1.720033e+02 1.973706e+02
      vertex   1.534280e+02 1.718339e+02 1.973706e+02
      vertex   1.533914e+02 1.718678e+02 1.972500e+02
    endloop
  endfacet
  facet normal 6.286548e-01 -6.775287e-01 -3.817695e-01
    outer loop
      vertex   1.536106e+02 1.720033e+02 1.973706e+02
      vertex   1.533914e+02 1.718678e+02 1.972500e+02
      vertex   1.535795e+02 1.720424e+02 1.972500e+02
    endloop
  endfacet
  facet normal 5.401766e-01 -5.821719e-01 -6.076884e-01
    outer loop
      vertex   1.535795e+02 1.720424e+02 1.972500e+02
      vertex   1.533914e+02 1.718678e+02 1.972500e+02
      vertex   1.533331e+02 1.719219e+02 1.971464e+02
    endloop
  endfacet
  facet normal 5.401766e-01 -5.821719e-01 -6.076884e-01
    outer loop
      vertex   1.535795e+02 1.720424e+02 1.972500e+02
      vertex   1.533331e+02 1.719219e+02 1.971464e+02
      vertex   1.535299e+02 1.721045e+02 1.971464e+02
    endloop
  endfacet
  facet normal 4.147926e-01 -4.470401e-01 -7.925291e-01
    outer loop
      vertex   1.535299e+02 1.721045e+02 1.971464e+02
      vertex   1.533331e+02 1.719219e+02 1.971464e+02
      vertex   1.532572e+02 1.719923e+02 1.970670e+02
    endloop
  endfacet
  facet normal 4.147926e-01 -4.470401e-01 -7.925291e-01
    outer loop
      vertex   1.535299e+02 1.721045e+02 1.971464e+02
      vertex   1.532572e+02 1.719923e+02 1.970670e+02
      vertex   1.534654e+02 1.721855e+02 1.970670e+02
    endloop
  endfacet
  facet normal 2.609134e-01 -2.811978e-01 -9.234999e-01
    outer loop
      vertex   1.534654e+02 1.721855e+02 1.970670e+02
      vertex   1.532572e+02 1.719923e+02 1.970670e+02
      vertex   1.531688e+02 1.720744e+02 1.970170e+02
    endloop
  endfacet
  facet normal 2.609134e-01 -2.811978e-01 -9.234999e-01
    outer loop
      vertex   1.534654e+02 1.721855e+02 1.970670e+02
      vertex   1.531688e+02 1.720744e+02 1.970170e+02
      vertex   1.533902e+02 1.722798e+02 1.970170e+02
    endloop
  endfacet
  facet normal 8.628798e-02 -9.299632e-02 -9.919204e-01
    outer loop
      vertex   1.533902e+02 1.722798e+02 1.970170e+02
      vertex   1.531688e+02 1.720744e+02 1.970170e+02
      vertex   1.532542e+02 1.723353e+02 1.970000e+02
    endloop
  endfacet
  facet normal 7.918640e-02 -1.100194e-01 -9.907700e-01
    outer loop
      vertex   1.533902e+02 1.722798e+02 1.970170e+02
      vertex   1.532542e+02 1.723353e+02 1.970000e+02
      vertex   1.535424e+02 1.725428e+02 1.970000e+02
    endloop
  endfacet
  facet normal -6.769725e-01 7.296028e-01 -9.689173e-02
    outer loop
      vertex   1.556894e+02 1.693967e+02 1.973706e+02
      vertex   1.557523e+02 1.694722e+02 1.975000e+02
      vertex   1.558720e+02 1.695661e+02 1.973706e+02
    endloop
  endfacet
  facet normal -7.229204e-01 6.654299e-01 -1.859818e-01
    outer loop
      vertex   1.558720e+02 1.695661e+02 1.973706e+02
      vertex   1.557523e+02 1.694722e+02 1.975000e+02
      vertex   1.559647e+02 1.697030e+02 1.975000e+02
    endloop
  endfacet
  facet normal -7.779957e-01 6.204309e-01 -9.893521e-02
    outer loop
      vertex   1.558720e+02 1.695661e+02 1.973706e+02
      vertex   1.559647e+02 1.697030e+02 1.975000e+02
      vertex   1.560274e+02 1.697609e+02 1.973706e+02
    endloop
  endfacet
  facet normal -8.376870e-01 5.177638e-01 -1.737845e-01
    outer loop
      vertex   1.560274e+02 1.697609e+02 1.973706e+02
      vertex   1.559647e+02 1.697030e+02 1.975000e+02
      vertex   1.561296e+02 1.699698e+02 1.975000e+02
    endloop
  endfacet
  facet normal -8.595778e-01 4.962775e-01 -1.217978e-01
    outer loop
      vertex   1.560274e+02 1.697609e+02 1.973706e+02
      vertex   1.561296e+02 1.699698e+02 1.975000e+02
      vertex   1.561519e+02 1.699767e+02 1.973706e+02
    endloop
  endfacet
  facet normal -9.217520e-01 3.617610e-01 -1.396506e-01
    outer loop
      vertex   1.561519e+02 1.699767e+02 1.973706e+02
      vertex   1.561296e+02 1.699698e+02 1.975000e+02
      vertex   1.562430e+02 1.702086e+02 1.973706e+02
    endloop
  endfacet
  facet normal -8.603671e-01 3.376692e-01 -3.817695e-01
    outer loop
      vertex   1.561519e+02 1.699767e+02 1.973706e+02
      vertex   1.562430e+02 1.702086e+02 1.973706e+02
      vertex   1.562907e+02 1.701939e+02 1.972500e+02
    endloop
  endfacet
  facet normal -9.010845e-01 2.056667e-01 -3.817695e-01
    outer loop
      vertex   1.562907e+02 1.701939e+02 1.972500e+02
      vertex   1.562430e+02 1.702086e+02 1.973706e+02
      vertex   1.563478e+02 1.704441e+02 1.972500e+02
    endloop
  endfacet
  facet normal -7.742639e-01 1.767207e-01 -6.076884e-01
    outer loop
      vertex   1.562907e+02 1.701939e+02 1.972500e+02
      vertex   1.563478e+02 1.704441e+02 1.972500e+02
      vertex   1.564264e+02 1.704323e+02 1.971464e+02
    endloop
  endfacet
  facet normal -7.919549e-01 5.934882e-02 -6.076884e-01
    outer loop
      vertex   1.564264e+02 1.704323e+02 1.971464e+02
      vertex   1.563478e+02 1.704441e+02 1.972500e+02
      vertex   1.564464e+02 1.707000e+02 1.971464e+02
    endloop
  endfacet
  facet normal -6.081289e-01 4.557296e-02 -7.925291e-01
    outer loop
      vertex   1.564264e+02 1.704323e+02 1.971464e+02
      vertex   1.564464e+02 1.707000e+02 1.971464e+02
      vertex   1.565500e+02 1.707000e+02 1.970670e+02
    endloop
  endfacet
  facet normal -6.081289e-01 -4.557296e-02 -7.925291e-01
    outer loop
      vertex   1.565500e+02 1.707000e+02 1.970670e+02
      vertex   1.564464e+02 1.707000e+02 1.971464e+02
      vertex   1.565288e+02 1.709832e+02 1.970670e+02
    endloop
  endfacet
  facet normal -3.825262e-01 -2.866637e-02 -9.234999e-01
    outer loop
      vertex   1.565500e+02 1.707000e+02 1.970670e+02
      vertex   1.565288e+02 1.709832e+02 1.970670e+02
      vertex   1.566480e+02 1.710012e+02 1.970170e+02
    endloop
  endfacet
  facet normal -3.739812e-01 -8.535876e-02 -9.234999e-01
    outer loop
      vertex   1.566480e+02 1.710012e+02 1.970170e+02
      vertex   1.565288e+02 1.709832e+02 1.970670e+02
      vertex   1.565808e+02 1.712956e+02 1.970170e+02
    endloop
  endfacet
  facet normal -1.267062e-01 -2.891986e-02 -9.915186e-01
    outer loop
      vertex   1.566480e+02 1.710012e+02 1.970170e+02
      vertex   1.565808e+02 1.712956e+02 1.970170e+02
      vertex   1.567083e+02 1.713213e+02 1.970000e+02
    endloop
  endfacet
  facet normal -1.227815e-01 -4.818820e-02 -9.912631e-01
    outer loop
      vertex   1.567083e+02 1.713213e+02 1.970000e+02
      vertex   1.565808e+02 1.712956e+02 1.970170e+02
      vertex   1.564705e+02 1.715767e+02 1.970170e+02
    endloop
  endfacet
  facet normal -1.232574e-01 -4.863663e-02 -9.911822e-01
    outer loop
      vertex   1.567083e+02 1.713213e+02 1.970000e+02
      vertex   1.564705e+02 1.715767e+02 1.970170e+02
      vertex   1.565779e+02 1.716516e+02 1.970000e+02
    endloop
  endfacet
  facet normal -1.121045e-01 -6.472354e-02 -9.915863e-01
    outer loop
      vertex   1.565779e+02 1.716516e+02 1.970000e+02
      vertex   1.564705e+02 1.715767e+02 1.970170e+02
      vertex   1.563195e+02 1.718382e+02 1.970170e+02
    endloop
  endfacet
  facet normal -1.154120e-01 -6.936731e-02 -9.908927e-01
    outer loop
      vertex   1.565779e+02 1.716516e+02 1.970000e+02
      vertex   1.563195e+02 1.718382e+02 1.970170e+02
      vertex   1.563950e+02 1.719560e+02 1.970000e+02
    endloop
  endfacet
  facet normal -9.975066e-02 -7.954850e-02 -9.918275e-01
    outer loop
      vertex   1.563950e+02 1.719560e+02 1.970000e+02
      vertex   1.563195e+02 1.718382e+02 1.970170e+02
      vertex   1.561312e+02 1.720744e+02 1.970170e+02
    endloop
  endfacet
  facet normal -1.036947e-01 -8.850504e-02 -9.906635e-01
    outer loop
      vertex   1.563950e+02 1.719560e+02 1.970000e+02
      vertex   1.561312e+02 1.720744e+02 1.970170e+02
      vertex   1.561645e+02 1.722261e+02 1.970000e+02
    endloop
  endfacet
  facet normal -8.588504e-02 -9.256206e-02 -9.919960e-01
    outer loop
      vertex   1.561645e+02 1.722261e+02 1.970000e+02
      vertex   1.561312e+02 1.720744e+02 1.970170e+02
      vertex   1.559098e+02 1.722798e+02 1.970170e+02
    endloop
  endfacet
  facet normal -8.846237e-02 -1.052572e-01 -9.905026e-01
    outer loop
      vertex   1.561645e+02 1.722261e+02 1.970000e+02
      vertex   1.559098e+02 1.722798e+02 1.970170e+02
      vertex   1.558926e+02 1.724545e+02 1.970000e+02
    endloop
  endfacet
  facet normal -7.067766e-02 -1.036651e-01 -9.920979e-01
    outer loop
      vertex   1.558926e+02 1.724545e+02 1.970000e+02
      vertex   1.559098e+02 1.722798e+02 1.970170e+02
      vertex   1.556603e+02 1.724499e+02 1.970170e+02
    endloop
  endfacet
  facet normal -7.024993e-02 -1.189218e-01 -9.904153e-01
    outer loop
      vertex   1.558926e+02 1.724545e+02 1.970000e+02
      vertex   1.556603e+02 1.724499e+02 1.970170e+02
      vertex   1.555869e+02 1.726351e+02 1.970000e+02
    endloop
  endfacet
  facet normal -5.430382e-02 -1.127630e-01 -9.921369e-01
    outer loop
      vertex   1.555869e+02 1.726351e+02 1.970000e+02
      vertex   1.556603e+02 1.724499e+02 1.970170e+02
      vertex   1.553882e+02 1.725809e+02 1.970170e+02
    endloop
  endfacet
  facet normal -4.974461e-02 -1.289317e-01 -9.904050e-01
    outer loop
      vertex   1.555869e+02 1.726351e+02 1.970000e+02
      vertex   1.553882e+02 1.725809e+02 1.970170e+02
      vertex   1.552556e+02 1.727629e+02 1.970000e+02
    endloop
  endfacet
  facet normal -3.694348e-02 -1.197678e-01 -9.921143e-01
    outer loop
      vertex   1.552556e+02 1.727629e+02 1.970000e+02
      vertex   1.553882e+02 1.725809e+02 1.970170e+02
      vertex   1.550996e+02 1.726699e+02 1.970170e+02
    endloop
  endfacet
  facet normal -2.774789e-02 -1.348903e-01 -9.904719e-01
    outer loop
      vertex   1.552556e+02 1.727629e+02 1.970000e+02
      vertex   1.550996e+02 1.726699e+02 1.970170e+02
      vertex   1.549078e+02 1.728345e+02 1.970000e+02
    endloop
  endfacet
  facet normal -1.878025e-02 -1.245988e-01 -9.920295e-01
    outer loop
      vertex   1.549078e+02 1.728345e+02 1.970000e+02
      vertex   1.550996e+02 1.726699e+02 1.970170e+02
      vertex   1.548010e+02 1.727149e+02 1.970170e+02
    endloop
  endfacet
  facet normal -5.128818e-03 -1.365949e-01 -9.906137e-01
    outer loop
      vertex   1.549078e+02 1.728345e+02 1.970000e+02
      vertex   1.548010e+02 1.727149e+02 1.970170e+02
      vertex   1.545530e+02 1.728478e+02 1.970000e+02
    endloop
  endfacet
  facet normal 0.000000e+00 -1.271833e-01 -9.918792e-01
    outer loop
      vertex   1.545530e+02 1.728478e+02 1.970000e+02
      vertex   1.548010e+02 1.727149e+02 1.970170e+02
      vertex   1.544990e+02 1.727149e+02 1.970170e+02
    endloop
  endfacet
  facet normal 1.722729e-02 -1.340462e-01 -9.908253e-01
    outer loop
      vertex   1.545530e+02 1.728478e+02 1.970000e+02
      vertex   1.544990e+02 1.727149e+02 1.970170e+02
      vertex   1.542008e+02 1.728025e+02 1.970000e+02
    endloop
  endfacet
  facet normal 1.921087e-02 -1.274558e-01 -9.916582e-01
    outer loop
      vertex   1.542008e+02 1.728025e+02 1.970000e+02
      vertex   1.544990e+02 1.727149e+02 1.970170e+02
      vertex   1.542004e+02 1.726699e+02 1.970170e+02
    endloop
  endfacet
  facet normal 3.847006e-02 -1.274427e-01 -9.910996e-01
    outer loop
      vertex   1.542008e+02 1.728025e+02 1.970000e+02
      vertex   1.542004e+02 1.726699e+02 1.970170e+02
      vertex   1.538608e+02 1.726999e+02 1.970000e+02
    endloop
  endfacet
  facet normal 3.866736e-02 -1.253565e-01 -9.913580e-01
    outer loop
      vertex   1.538608e+02 1.726999e+02 1.970000e+02
      vertex   1.542004e+02 1.726699e+02 1.970170e+02
      vertex   1.539118e+02 1.725809e+02 1.970170e+02
    endloop
  endfacet
  facet normal 5.666337e-02 -1.176627e-01 -9.914357e-01
    outer loop
      vertex   1.538608e+02 1.726999e+02 1.970000e+02
      vertex   1.539118e+02 1.725809e+02 1.970170e+02
      vertex   1.536397e+02 1.724499e+02 1.970170e+02
    endloop
  endfacet
  facet normal 1.664373e-01 -3.456106e-01 -9.234999e-01
    outer loop
      vertex   1.536397e+02 1.724499e+02 1.970170e+02
      vertex   1.539118e+02 1.725809e+02 1.970170e+02
      vertex   1.539559e+02 1.724687e+02 1.970670e+02
    endloop
  endfacet
  facet normal 1.664373e-01 -3.456106e-01 -9.234999e-01
    outer loop
      vertex   1.536397e+02 1.724499e+02 1.970170e+02
      vertex   1.539559e+02 1.724687e+02 1.970670e+02
      vertex   1.537000e+02 1.723454e+02 1.970670e+02
    endloop
  endfacet
  facet normal 2.645971e-01 -5.494416e-01 -7.925291e-01
    outer loop
      vertex   1.537000e+02 1.723454e+02 1.970670e+02
      vertex   1.539559e+02 1.724687e+02 1.970670e+02
      vertex   1.539937e+02 1.723723e+02 1.971464e+02
    endloop
  endfacet
  facet normal 2.645971e-01 -5.494416e-01 -7.925291e-01
    outer loop
      vertex   1.537000e+02 1.723454e+02 1.970670e+02
      vertex   1.539937e+02 1.723723e+02 1.971464e+02
      vertex   1.537518e+02 1.722558e+02 1.971464e+02
    endloop
  endfacet
  facet normal 3.445799e-01 -7.155275e-01 -6.076884e-01
    outer loop
      vertex   1.537518e+02 1.722558e+02 1.971464e+02
      vertex   1.539937e+02 1.723723e+02 1.971464e+02
      vertex   1.540227e+02 1.722983e+02 1.972500e+02
    endloop
  endfacet
  facet normal 3.445799e-01 -7.155275e-01 -6.076884e-01
    outer loop
      vertex   1.537518e+02 1.722558e+02 1.971464e+02
      vertex   1.540227e+02 1.722983e+02 1.972500e+02
      vertex   1.537915e+02 1.721870e+02 1.972500e+02
    endloop
  endfacet
  facet normal 4.010203e-01 -8.327273e-01 -3.817695e-01
    outer loop
      vertex   1.537915e+02 1.721870e+02 1.972500e+02
      vertex   1.540227e+02 1.722983e+02 1.972500e+02
      vertex   1.540410e+02 1.722518e+02 1.973706e+02
    endloop
  endfacet
  facet normal 4.010203e-01 -8.327273e-01 -3.817695e-01
    outer loop
      vertex   1.537915e+02 1.721870e+02 1.972500e+02
      vertex   1.540410e+02 1.722518e+02 1.973706e+02
      vertex   1.538165e+02 1.721437e+02 1.973706e+02
    endloop
  endfacet
  facet normal 4.319111e-01 -8.968727e-01 -9.524765e-02
    outer loop
      vertex   1.538165e+02 1.721437e+02 1.973706e+02
      vertex   1.540410e+02 1.722518e+02 1.973706e+02
      vertex   1.539383e+02 1.721886e+02 1.975000e+02
    endloop
  endfacet
  facet normal 5.063378e-01 -8.424350e-01 -1.841885e-01
    outer loop
      vertex   1.538165e+02 1.721437e+02 1.973706e+02
      vertex   1.539383e+02 1.721886e+02 1.975000e+02
      vertex   1.536694e+02 1.720270e+02 1.975000e+02
    endloop
  endfacet
  facet normal -9.225840e-01 3.506521e-01 -1.608785e-01
    outer loop
      vertex   1.561296e+02 1.699698e+02 1.975000e+02
      vertex   1.562411e+02 1.702631e+02 1.975000e+02
      vertex   1.562430e+02 1.702086e+02 1.973706e+02
    endloop
  endfacet
  facet normal -9.693165e-01 2.212402e-01 -1.071368e-01
    outer loop
      vertex   1.562430e+02 1.702086e+02 1.973706e+02
      vertex   1.562411e+02 1.702631e+02 1.975000e+02
      vertex   1.562984e+02 1.704515e+02 1.973706e+02
    endloop
  endfacet
  facet normal -9.010845e-01 2.056667e-01 -3.817695e-01
    outer loop
      vertex   1.562430e+02 1.702086e+02 1.973706e+02
      vertex   1.562984e+02 1.704515e+02 1.973706e+02
      vertex   1.563478e+02 1.704441e+02 1.972500e+02
    endloop
  endfacet
  facet normal -9.216731e-01 6.906985e-02 -3.817695e-01
    outer loop
      vertex   1.563478e+02 1.704441e+02 1.972500e+02
      vertex   1.562984e+02 1.704515e+02 1.973706e+02
      vertex   1.563670e+02 1.707000e+02 1.972500e+02
    endloop
  endfacet
  facet normal -7.919549e-01 5.934882e-02 -6.076884e-01
    outer loop
      vertex   1.563478e+02 1.704441e+02 1.972500e+02
      vertex   1.563670e+02 1.707000e+02 1.972500e+02
      vertex   1.564464e+02 1.707000e+02 1.971464e+02
    endloop
  endfacet
  facet normal -7.919549e-01 -5.934882e-02 -6.076884e-01
    outer loop
      vertex   1.564464e+02 1.707000e+02 1.971464e+02
      vertex   1.563670e+02 1.707000e+02 1.972500e+02
      vertex   1.564264e+02 1.709677e+02 1.971464e+02
    endloop
  endfacet
  facet normal -6.081289e-01 -4.557296e-02 -7.925291e-01
    outer loop
      vertex   1.564464e+02 1.707000e+02 1.971464e+02
      vertex   1.564264e+02 1.709677e+02 1.971464e+02
      vertex   1.565288e+02 1.709832e+02 1.970670e+02
    endloop
  endfacet
  facet normal -5.945443e-01 -1.357009e-01 -7.925291e-01
    outer loop
      vertex   1.565288e+02 1.709832e+02 1.970670e+02
      vertex   1.564264e+02 1.709677e+02 1.971464e+02
      vertex   1.564656e+02 1.712600e+02 1.970670e+02
    endloop
  endfacet
  facet normal -3.739812e-01 -8.535876e-02 -9.234999e-01
    outer loop
      vertex   1.565288e+02 1.709832e+02 1.970670e+02
      vertex   1.564656e+02 1.712600e+02 1.970670e+02
      vertex   1.565808e+02 1.712956e+02 1.970170e+02
    endloop
  endfacet
  facet normal -3.570820e-01 -1.401444e-01 -9.234999e-01
    outer loop
      vertex   1.565808e+02 1.712956e+02 1.970170e+02
      vertex   1.564656e+02 1.712600e+02 1.970670e+02
      vertex   1.564705e+02 1.715767e+02 1.970170e+02
    endloop
  endfacet
  facet normal -9.685089e-01 1.690581e-01 -1.827835e-01
    outer loop
      vertex   1.562411e+02 1.702631e+02 1.975000e+02
      vertex   1.562950e+02 1.705721e+02 1.975000e+02
      vertex   1.562984e+02 1.704515e+02 1.973706e+02
    endloop
  endfacet
  facet normal -9.926701e-01 7.439034e-02 -9.524765e-02
    outer loop
      vertex   1.562984e+02 1.704515e+02 1.973706e+02
      vertex   1.562950e+02 1.705721e+02 1.975000e+02
      vertex   1.563170e+02 1.707000e+02 1.973706e+02
    endloop
  endfacet
  facet normal -9.216731e-01 6.906985e-02 -3.817695e-01
    outer loop
      vertex   1.562984e+02 1.704515e+02 1.973706e+02
      vertex   1.563170e+02 1.707000e+02 1.973706e+02
      vertex   1.563670e+02 1.707000e+02 1.972500e+02
    endloop
  endfacet
  facet normal -9.216731e-01 -6.906985e-02 -3.817695e-01
    outer loop
      vertex   1.563670e+02 1.707000e+02 1.972500e+02
      vertex   1.563170e+02 1.707000e+02 1.973706e+02
      vertex   1.563478e+02 1.709559e+02 1.972500e+02
    endloop
  endfacet
  facet normal -7.919549e-01 -5.934882e-02 -6.076884e-01
    outer loop
      vertex   1.563670e+02 1.707000e+02 1.972500e+02
      vertex   1.563478e+02 1.709559e+02 1.972500e+02
      vertex   1.564264e+02 1.709677e+02 1.971464e+02
    endloop
  endfacet
  facet normal -7.742639e-01 -1.767207e-01 -6.076884e-01
    outer loop
      vertex   1.564264e+02 1.709677e+02 1.971464e+02
      vertex   1.563478e+02 1.709559e+02 1.972500e+02
      vertex   1.563666e+02 1.712295e+02 1.971464e+02
    endloop
  endfacet
  facet normal -5.945443e-01 -1.357009e-01 -7.925291e-01
    outer loop
      vertex   1.564264e+02 1.709677e+02 1.971464e+02
      vertex   1.563666e+02 1.712295e+02 1.971464e+02
      vertex   1.564656e+02 1.712600e+02 1.970670e+02
    endloop
  endfacet
  facet normal -5.676786e-01 -2.227974e-01 -7.925291e-01
    outer loop
      vertex   1.564656e+02 1.712600e+02 1.970670e+02
      vertex   1.563666e+02 1.712295e+02 1.971464e+02
      vertex   1.563618e+02 1.715244e+02 1.970670e+02
    endloop
  endfacet
  facet normal -3.570820e-01 -1.401444e-01 -9.234999e-01
    outer loop
      vertex   1.564656e+02 1.712600e+02 1.970670e+02
      vertex   1.563618e+02 1.715244e+02 1.970670e+02
      vertex   1.564705e+02 1.715767e+02 1.970170e+02
    endloop
  endfacet
  facet normal -3.322063e-01 -1.917994e-01 -9.234999e-01
    outer loop
      vertex   1.564705e+02 1.715767e+02 1.970170e+02
      vertex   1.563618e+02 1.715244e+02 1.970670e+02
      vertex   1.563195e+02 1.718382e+02 1.970170e+02
    endloop
  endfacet
  facet normal -9.827390e-01 -1.728388e-02 -1.841885e-01
    outer loop
      vertex   1.562950e+02 1.705721e+02 1.975000e+02
      vertex   1.562895e+02 1.708857e+02 1.975000e+02
      vertex   1.563170e+02 1.707000e+02 1.973706e+02
    endloop
  endfacet
  facet normal -9.917693e-01 -7.432283e-02 -1.042584e-01
    outer loop
      vertex   1.563170e+02 1.707000e+02 1.973706e+02
      vertex   1.562895e+02 1.708857e+02 1.975000e+02
      vertex   1.562984e+02 1.709485e+02 1.973706e+02
    endloop
  endfacet
  facet normal -9.216731e-01 -6.906985e-02 -3.817695e-01
    outer loop
      vertex   1.563170e+02 1.707000e+02 1.973706e+02
      vertex   1.562984e+02 1.709485e+02 1.973706e+02
      vertex   1.563478e+02 1.709559e+02 1.972500e+02
    endloop
  endfacet
  facet normal -9.010845e-01 -2.056667e-01 -3.817695e-01
    outer loop
      vertex   1.563478e+02 1.709559e+02 1.972500e+02
      vertex   1.562984e+02 1.709485e+02 1.973706e+02
      vertex   1.562907e+02 1.712061e+02 1.972500e+02
    endloop
  endfacet
  facet normal -7.742639e-01 -1.767207e-01 -6.076884e-01
    outer loop
      vertex   1.563478e+02 1.709559e+02 1.972500e+02
      vertex   1.562907e+02 1.712061e+02 1.972500e+02
      vertex   1.563666e+02 1.712295e+02 1.971464e+02
    endloop
  endfacet
  facet normal -7.392772e-01 -2.901449e-01 -6.076884e-01
    outer loop
      vertex   1.563666e+02 1.712295e+02 1.971464e+02
      vertex   1.562907e+02 1.712061e+02 1.972500e+02
      vertex   1.562685e+02 1.714794e+02 1.971464e+02
    endloop
  endfacet
  facet normal -5.676786e-01 -2.227974e-01 -7.925291e-01
    outer loop
      vertex   1.563666e+02 1.712295e+02 1.971464e+02
      vertex   1.562685e+02 1.714794e+02 1.971464e+02
      vertex   1.563618e+02 1.715244e+02 1.970670e+02
    endloop
  endfacet
  facet normal -5.281319e-01 -3.049171e-01 -7.925291e-01
    outer loop
      vertex   1.563618e+02 1.715244e+02 1.970670e+02
      vertex   1.562685e+02 1.714794e+02 1.971464e+02
      vertex   1.562199e+02 1.717703e+02 1.970670e+02
    endloop
  endfacet
  facet normal -3.322063e-01 -1.917994e-01 -9.234999e-01
    outer loop
      vertex   1.563618e+02 1.715244e+02 1.970670e+02
      vertex   1.562199e+02 1.717703e+02 1.970670e+02
      vertex   1.563195e+02 1.718382e+02 1.970170e+02
    endloop
  endfacet
  facet normal -2.999096e-01 -2.391699e-01 -9.234999e-01
    outer loop
      vertex   1.563195e+02 1.718382e+02 1.970170e+02
      vertex   1.562199e+02 1.717703e+02 1.970670e+02
      vertex   1.561312e+02 1.720744e+02 1.970170e+02
    endloop
  endfacet
  facet normal -9.650154e-01 -2.036540e-01 -1.651376e-01
    outer loop
      vertex   1.562895e+02 1.708857e+02 1.975000e+02
      vertex   1.562247e+02 1.711926e+02 1.975000e+02
      vertex   1.562984e+02 1.709485e+02 1.973706e+02
    endloop
  endfacet
  facet normal -9.661400e-01 -2.205152e-01 -1.339645e-01
    outer loop
      vertex   1.562984e+02 1.709485e+02 1.973706e+02
      vertex   1.562247e+02 1.711926e+02 1.975000e+02
      vertex   1.562430e+02 1.711914e+02 1.973706e+02
    endloop
  endfacet
  facet normal -9.010845e-01 -2.056667e-01 -3.817695e-01
    outer loop
      vertex   1.562984e+02 1.709485e+02 1.973706e+02
      vertex   1.562430e+02 1.711914e+02 1.973706e+02
      vertex   1.562907e+02 1.712061e+02 1.972500e+02
    endloop
  endfacet
  facet normal -8.603671e-01 -3.376692e-01 -3.817695e-01
    outer loop
      vertex   1.562907e+02 1.712061e+02 1.972500e+02
      vertex   1.562430e+02 1.711914e+02 1.973706e+02
      vertex   1.561970e+02 1.714450e+02 1.972500e+02
    endloop
  endfacet
  facet normal -7.392772e-01 -2.901449e-01 -6.076884e-01
    outer loop
      vertex   1.562907e+02 1.712061e+02 1.972500e+02
      vertex   1.561970e+02 1.714450e+02 1.972500e+02
      vertex   1.562685e+02 1.714794e+02 1.971464e+02
    endloop
  endfacet
  facet normal -6.877762e-01 -3.970878e-01 -6.076884e-01
    outer loop
      vertex   1.562685e+02 1.714794e+02 1.971464e+02
      vertex   1.561970e+02 1.714450e+02 1.972500e+02
      vertex   1.561343e+02 1.717120e+02 1.971464e+02
    endloop
  endfacet
  facet normal -5.281319e-01 -3.049171e-01 -7.925291e-01
    outer loop
      vertex   1.562685e+02 1.714794e+02 1.971464e+02
      vertex   1.561343e+02 1.717120e+02 1.971464e+02
      vertex   1.562199e+02 1.717703e+02 1.970670e+02
    endloop
  endfacet
  facet normal -4.767875e-01 -3.802254e-01 -7.925291e-01
    outer loop
      vertex   1.562199e+02 1.717703e+02 1.970670e+02
      vertex   1.561343e+02 1.717120e+02 1.971464e+02
      vertex   1.560428e+02 1.719923e+02 1.970670e+02
    endloop
  endfacet
  facet normal -2.999096e-01 -2.391699e-01 -9.234999e-01
    outer loop
      vertex   1.562199e+02 1.717703e+02 1.970670e+02
      vertex   1.560428e+02 1.719923e+02 1.970670e+02
      vertex   1.561312e+02 1.720744e+02 1.970170e+02
    endloop
  endfacet
  facet normal -2.609134e-01 -2.811978e-01 -9.234999e-01
    outer loop
      vertex   1.561312e+02 1.720744e+02 1.970170e+02
      vertex   1.560428e+02 1.719923e+02 1.970670e+02
      vertex   1.559098e+02 1.722798e+02 1.970170e+02
    endloop
  endfacet
  facet normal -9.233883e-01 -3.624032e-01 -1.265618e-01
    outer loop
      vertex   1.562430e+02 1.711914e+02 1.973706e+02
      vertex   1.562247e+02 1.711926e+02 1.975000e+02
      vertex   1.561519e+02 1.714233e+02 1.973706e+02
    endloop
  endfacet
  facet normal -9.081953e-01 -3.822508e-01 -1.704867e-01
    outer loop
      vertex   1.561519e+02 1.714233e+02 1.973706e+02
      vertex   1.562247e+02 1.711926e+02 1.975000e+02
      vertex   1.561031e+02 1.714817e+02 1.975000e+02
    endloop
  endfacet
  facet normal -8.616094e-01 -4.974504e-01 -1.008579e-01
    outer loop
      vertex   1.561519e+02 1.714233e+02 1.973706e+02
      vertex   1.561031e+02 1.714817e+02 1.975000e+02
      vertex   1.560274e+02 1.716391e+02 1.973706e+02
    endloop
  endfacet
  facet normal -8.171809e-01 -5.457105e-01 -1.855140e-01
    outer loop
      vertex   1.560274e+02 1.716391e+02 1.973706e+02
      vertex   1.561031e+02 1.714817e+02 1.975000e+02
      vertex   1.559289e+02 1.717426e+02 1.975000e+02
    endloop
  endfacet
  facet normal -7.782258e-01 -6.206144e-01 -9.592932e-02
    outer loop
      vertex   1.560274e+02 1.716391e+02 1.973706e+02
      vertex   1.559289e+02 1.717426e+02 1.975000e+02
      vertex   1.558720e+02 1.718339e+02 1.973706e+02
    endloop
  endfacet
  facet normal -6.998497e-01 -6.912051e-01 -1.801276e-01
    outer loop
      vertex   1.558720e+02 1.718339e+02 1.973706e+02
      vertex   1.559289e+02 1.717426e+02 1.975000e+02
      vertex   1.557084e+02 1.719658e+02 1.975000e+02
    endloop
  endfacet
  facet normal -6.759020e-01 -7.284491e-01 -1.118861e-01
    outer loop
      vertex   1.558720e+02 1.718339e+02 1.973706e+02
      vertex   1.557084e+02 1.719658e+02 1.975000e+02
      vertex   1.556894e+02 1.720033e+02 1.973706e+02
    endloop
  endfacet
  facet normal -5.588814e-01 -8.147923e-01 -1.541594e-01
    outer loop
      vertex   1.556894e+02 1.720033e+02 1.973706e+02
      vertex   1.557084e+02 1.719658e+02 1.975000e+02
      vertex   1.554497e+02 1.721432e+02 1.975000e+02
    endloop
  endfacet
  facet normal -5.570872e-01 -8.170969e-01 -1.483458e-01
    outer loop
      vertex   1.556894e+02 1.720033e+02 1.973706e+02
      vertex   1.554497e+02 1.721432e+02 1.975000e+02
      vertex   1.554835e+02 1.721437e+02 1.973706e+02
    endloop
  endfacet
  facet normal -4.309692e-01 -8.949168e-01 -1.157126e-01
    outer loop
      vertex   1.554835e+02 1.721437e+02 1.973706e+02
      vertex   1.554497e+02 1.721432e+02 1.975000e+02
      vertex   1.552590e+02 1.722518e+02 1.973706e+02
    endloop
  endfacet
  facet normal -4.010203e-01 -8.327273e-01 -3.817695e-01
    outer loop
      vertex   1.554835e+02 1.721437e+02 1.973706e+02
      vertex   1.552590e+02 1.722518e+02 1.973706e+02
      vertex   1.552773e+02 1.722983e+02 1.972500e+02
    endloop
  endfacet
  facet normal -2.724297e-01 -8.831954e-01 -3.817695e-01
    outer loop
      vertex   1.552773e+02 1.722983e+02 1.972500e+02
      vertex   1.552590e+02 1.722518e+02 1.973706e+02
      vertex   1.550321e+02 1.723739e+02 1.972500e+02
    endloop
  endfacet
  facet normal -2.340874e-01 -7.588926e-01 -6.076884e-01
    outer loop
      vertex   1.552773e+02 1.722983e+02 1.972500e+02
      vertex   1.550321e+02 1.723739e+02 1.972500e+02
      vertex   1.550497e+02 1.724514e+02 1.971464e+02
    endloop
  endfacet
  facet normal -1.183657e-01 -7.853053e-01 -6.076884e-01
    outer loop
      vertex   1.550497e+02 1.724514e+02 1.971464e+02
      vertex   1.550321e+02 1.723739e+02 1.972500e+02
      vertex   1.547842e+02 1.724914e+02 1.971464e+02
    endloop
  endfacet
  facet normal -9.089106e-02 -6.030228e-01 -7.925291e-01
    outer loop
      vertex   1.550497e+02 1.724514e+02 1.971464e+02
      vertex   1.547842e+02 1.724914e+02 1.971464e+02
      vertex   1.547920e+02 1.725947e+02 1.970670e+02
    endloop
  endfacet
  facet normal -0.000000e+00 -6.098342e-01 -7.925291e-01
    outer loop
      vertex   1.547920e+02 1.725947e+02 1.970670e+02
      vertex   1.547842e+02 1.724914e+02 1.971464e+02
      vertex   1.545080e+02 1.725947e+02 1.970670e+02
    endloop
  endfacet
  facet normal -0.000000e+00 -3.835988e-01 -9.234999e-01
    outer loop
      vertex   1.547920e+02 1.725947e+02 1.970670e+02
      vertex   1.545080e+02 1.725947e+02 1.970670e+02
      vertex   1.544990e+02 1.727149e+02 1.970170e+02
    endloop
  endfacet
  facet normal 5.717243e-02 -3.793143e-01 -9.234999e-01
    outer loop
      vertex   1.544990e+02 1.727149e+02 1.970170e+02
      vertex   1.545080e+02 1.725947e+02 1.970670e+02
      vertex   1.542004e+02 1.726699e+02 1.970170e+02
    endloop
  endfacet
  facet normal -3.929935e-01 -9.021919e-01 -1.777803e-01
    outer loop
      vertex   1.554497e+02 1.721432e+02 1.975000e+02
      vertex   1.551622e+02 1.722685e+02 1.975000e+02
      vertex   1.552590e+02 1.722518e+02 1.973706e+02
    endloop
  endfacet
  facet normal -2.933683e-01 -9.510768e-01 -9.689173e-02
    outer loop
      vertex   1.552590e+02 1.722518e+02 1.973706e+02
      vertex   1.551622e+02 1.722685e+02 1.975000e+02
      vertex   1.550210e+02 1.723252e+02 1.973706e+02
    endloop
  endfacet
  facet normal -2.724297e-01 -8.831954e-01 -3.817695e-01
    outer loop
      vertex   1.552590e+02 1.722518e+02 1.973706e+02
      vertex   1.550210e+02 1.723252e+02 1.973706e+02
      vertex   1.550321e+02 1.723739e+02 1.972500e+02
    endloop
  endfacet
  facet normal -1.377534e-01 -9.139344e-01 -3.817695e-01
    outer loop
      vertex   1.550321e+02 1.723739e+02 1.972500e+02
      vertex   1.550210e+02 1.723252e+02 1.973706e+02
      vertex   1.547783e+02 1.724122e+02 1.972500e+02
    endloop
  endfacet
  facet normal -1.183657e-01 -7.853053e-01 -6.076884e-01
    outer loop
      vertex   1.550321e+02 1.723739e+02 1.972500e+02
      vertex   1.547783e+02 1.724122e+02 1.972500e+02
      vertex   1.547842e+02 1.724914e+02 1.971464e+02
    endloop
  endfacet
  facet normal -0.000000e+00 -7.941756e-01 -6.076884e-01
    outer loop
      vertex   1.547842e+02 1.724914e+02 1.971464e+02
      vertex   1.547783e+02 1.724122e+02 1.972500e+02
      vertex   1.545158e+02 1.724914e+02 1.971464e+02
    endloop
  endfacet
  facet normal -0.000000e+00 -6.098342e-01 -7.925291e-01
    outer loop
      vertex   1.547842e+02 1.724914e+02 1.971464e+02
      vertex   1.545158e+02 1.724914e+02 1.971464e+02
      vertex   1.545080e+02 1.725947e+02 1.970670e+02
    endloop
  endfacet
  facet normal 9.089106e-02 -6.030228e-01 -7.925291e-01
    outer loop
      vertex   1.545080e+02 1.725947e+02 1.970670e+02
      vertex   1.545158e+02 1.724914e+02 1.971464e+02
      vertex   1.542272e+02 1.725524e+02 1.970670e+02
    endloop
  endfacet
  facet normal 5.717243e-02 -3.793143e-01 -9.234999e-01
    outer loop
      vertex   1.545080e+02 1.725947e+02 1.970670e+02
      vertex   1.542272e+02 1.725524e+02 1.970670e+02
      vertex   1.542004e+02 1.726699e+02 1.970170e+02
    endloop
  endfacet
  facet normal 1.130677e-01 -3.665566e-01 -9.234999e-01
    outer loop
      vertex   1.542004e+02 1.726699e+02 1.970170e+02
      vertex   1.542272e+02 1.725524e+02 1.970670e+02
      vertex   1.539118e+02 1.725809e+02 1.970170e+02
    endloop
  endfacet
  facet normal -2.148190e-01 -9.587823e-01 -1.859818e-01
    outer loop
      vertex   1.551622e+02 1.722685e+02 1.975000e+02
      vertex   1.548561e+02 1.723371e+02 1.975000e+02
      vertex   1.550210e+02 1.723252e+02 1.973706e+02
    endloop
  endfacet
  facet normal -1.483110e-01 -9.839795e-01 -9.893521e-02
    outer loop
      vertex   1.550210e+02 1.723252e+02 1.973706e+02
      vertex   1.548561e+02 1.723371e+02 1.975000e+02
      vertex   1.547746e+02 1.723624e+02 1.973706e+02
    endloop
  endfacet
  facet normal -1.377534e-01 -9.139344e-01 -3.817695e-01
    outer loop
      vertex   1.550210e+02 1.723252e+02 1.973706e+02
      vertex   1.547746e+02 1.723624e+02 1.973706e+02
      vertex   1.547783e+02 1.724122e+02 1.972500e+02
    endloop
  endfacet
  facet normal -0.000000e+00 -9.242576e-01 -3.817695e-01
    outer loop
      vertex   1.547783e+02 1.724122e+02 1.972500e+02
      vertex   1.547746e+02 1.723624e+02 1.973706e+02
      vertex   1.545217e+02 1.724122e+02 1.972500e+02
    endloop
  endfacet
  facet normal -0.000000e+00 -7.941756e-01 -6.076884e-01
    outer loop
      vertex   1.547783e+02 1.724122e+02 1.972500e+02
      vertex   1.545217e+02 1.724122e+02 1.972500e+02
      vertex   1.545158e+02 1.724914e+02 1.971464e+02
    endloop
  endfacet
  facet normal 1.183657e-01 -7.853053e-01 -6.076884e-01
    outer loop
      vertex   1.545158e+02 1.724914e+02 1.971464e+02
      vertex   1.545217e+02 1.724122e+02 1.972500e+02
      vertex   1.542503e+02 1.724514e+02 1.971464e+02
    endloop
  endfacet
  facet normal 9.089106e-02 -6.030228e-01 -7.925291e-01
    outer loop
      vertex   1.545158e+02 1.724914e+02 1.971464e+02
      vertex   1.542503e+02 1.724514e+02 1.971464e+02
      vertex   1.542272e+02 1.725524e+02 1.970670e+02
    endloop
  endfacet
  facet normal 1.797518e-01 -5.827409e-01 -7.925291e-01
    outer loop
      vertex   1.542272e+02 1.725524e+02 1.970670e+02
      vertex   1.542503e+02 1.724514e+02 1.971464e+02
      vertex   1.539559e+02 1.724687e+02 1.970670e+02
    endloop
  endfacet
  facet normal 1.130677e-01 -3.665566e-01 -9.234999e-01
    outer loop
      vertex   1.542272e+02 1.725524e+02 1.970670e+02
      vertex   1.539559e+02 1.724687e+02 1.970670e+02
      vertex   1.539118e+02 1.725809e+02 1.970170e+02
    endloop
  endfacet
  facet normal -2.955310e-02 -9.843402e-01 -1.737845e-01
    outer loop
      vertex   1.548561e+02 1.723371e+02 1.975000e+02
      vertex   1.545425e+02 1.723465e+02 1.975000e+02
      vertex   1.547746e+02 1.723624e+02 1.973706e+02
    endloop
  endfacet
  facet normal -0.000000e+00 -9.925549e-01 -1.217978e-01
    outer loop
      vertex   1.547746e+02 1.723624e+02 1.973706e+02
      vertex   1.545425e+02 1.723465e+02 1.975000e+02
      vertex   1.545254e+02 1.723624e+02 1.973706e+02
    endloop
  endfacet
  facet normal -0.000000e+00 -9.242576e-01 -3.817695e-01
    outer loop
      vertex   1.547746e+02 1.723624e+02 1.973706e+02
      vertex   1.545254e+02 1.723624e+02 1.973706e+02
      vertex   1.545217e+02 1.724122e+02 1.972500e+02
    endloop
  endfacet
  facet normal 1.377534e-01 -9.139344e-01 -3.817695e-01
    outer loop
      vertex   1.545217e+02 1.724122e+02 1.972500e+02
      vertex   1.545254e+02 1.723624e+02 1.973706e+02
      vertex   1.542679e+02 1.723739e+02 1.972500e+02
    endloop
  endfacet
  facet normal 1.183657e-01 -7.853053e-01 -6.076884e-01
    outer loop
      vertex   1.545217e+02 1.724122e+02 1.972500e+02
      vertex   1.542679e+02 1.723739e+02 1.972500e+02
      vertex   1.542503e+02 1.724514e+02 1.971464e+02
    endloop
  endfacet
  facet normal 2.340874e-01 -7.588926e-01 -6.076884e-01
    outer loop
      vertex   1.542503e+02 1.724514e+02 1.971464e+02
      vertex   1.542679e+02 1.723739e+02 1.972500e+02
      vertex   1.539937e+02 1.723723e+02 1.971464e+02
    endloop
  endfacet
  facet normal 1.797518e-01 -5.827409e-01 -7.925291e-01
    outer loop
      vertex   1.542503e+02 1.724514e+02 1.971464e+02
      vertex   1.539937e+02 1.723723e+02 1.971464e+02
      vertex   1.539559e+02 1.724687e+02 1.970670e+02
    endloop
  endfacet
  facet normal 1.475818e-01 -9.791411e-01 -1.396506e-01
    outer loop
      vertex   1.545254e+02 1.723624e+02 1.973706e+02
      vertex   1.545425e+02 1.723465e+02 1.975000e+02
      vertex   1.542790e+02 1.723252e+02 1.973706e+02
    endloop
  endfacet
  facet normal 1.576184e-01 -9.743072e-01 -1.608785e-01
    outer loop
      vertex   1.542790e+02 1.723252e+02 1.973706e+02
      vertex   1.545425e+02 1.723465e+02 1.975000e+02
      vertex   1.542329e+02 1.722964e+02 1.975000e+02
    endloop
  endfacet
  facet normal 2.930587e-01 -9.500728e-01 -1.071368e-01
    outer loop
      vertex   1.542790e+02 1.723252e+02 1.973706e+02
      vertex   1.542329e+02 1.722964e+02 1.975000e+02
      vertex   1.540410e+02 1.722518e+02 1.973706e+02
    endloop
  endfacet
  facet normal 3.378458e-01 -9.232824e-01 -1.827835e-01
    outer loop
      vertex   1.540410e+02 1.722518e+02 1.973706e+02
      vertex   1.542329e+02 1.722964e+02 1.975000e+02
      vertex   1.539383e+02 1.721886e+02 1.975000e+02
    endloop
  endfacet
  facet normal 5.602501e-01 -8.217360e-01 -1.042584e-01
    outer loop
      vertex   1.538165e+02 1.721437e+02 1.973706e+02
      vertex   1.536694e+02 1.720270e+02 1.975000e+02
      vertex   1.536106e+02 1.720033e+02 1.973706e+02
    endloop
  endfacet
  facet normal 6.588772e-01 -7.339008e-01 -1.651376e-01
    outer loop
      vertex   1.536106e+02 1.720033e+02 1.973706e+02
      vertex   1.536694e+02 1.720270e+02 1.975000e+02
      vertex   1.534360e+02 1.718175e+02 1.975000e+02
    endloop
  endfacet
  facet normal 9.485260e-01 -2.604850e-01 -1.801276e-01
    outer loop
      vertex   1.531076e+02 1.712862e+02 1.975000e+02
      vertex   1.530246e+02 1.709837e+02 1.975000e+02
      vertex   1.530570e+02 1.711914e+02 1.973706e+02
    endloop
  endfacet
  facet normal 9.688064e-01 -2.211237e-01 -1.118861e-01
    outer loop
      vertex   1.530570e+02 1.711914e+02 1.973706e+02
      vertex   1.530246e+02 1.709837e+02 1.975000e+02
      vertex   1.530016e+02 1.709485e+02 1.973706e+02
    endloop
  endfacet
  facet normal 9.010845e-01 -2.056667e-01 -3.817695e-01
    outer loop
      vertex   1.530570e+02 1.711914e+02 1.973706e+02
      vertex   1.530016e+02 1.709485e+02 1.973706e+02
      vertex   1.529522e+02 1.709559e+02 1.972500e+02
    endloop
  endfacet
  facet normal 9.216731e-01 -6.906985e-02 -3.817695e-01
    outer loop
      vertex   1.529522e+02 1.709559e+02 1.972500e+02
      vertex   1.530016e+02 1.709485e+02 1.973706e+02
      vertex   1.529330e+02 1.707000e+02 1.972500e+02
    endloop
  endfacet
  facet normal 7.919549e-01 -5.934882e-02 -6.076884e-01
    outer loop
      vertex   1.529522e+02 1.709559e+02 1.972500e+02
      vertex   1.529330e+02 1.707000e+02 1.972500e+02
      vertex   1.528536e+02 1.707000e+02 1.971464e+02
    endloop
  endfacet
  facet normal 7.919549e-01 5.934882e-02 -6.076884e-01
    outer loop
      vertex   1.528536e+02 1.707000e+02 1.971464e+02
      vertex   1.529330e+02 1.707000e+02 1.972500e+02
      vertex   1.528736e+02 1.704323e+02 1.971464e+02
    endloop
  endfacet
  facet normal 6.081289e-01 4.557296e-02 -7.925291e-01
    outer loop
      vertex   1.528536e+02 1.707000e+02 1.971464e+02
      vertex   1.528736e+02 1.704323e+02 1.971464e+02
      vertex   1.527712e+02 1.704168e+02 1.970670e+02
    endloop
  endfacet
  facet normal 5.945443e-01 1.357009e-01 -7.925291e-01
    outer loop
      vertex   1.527712e+02 1.704168e+02 1.970670e+02
      vertex   1.528736e+02 1.704323e+02 1.971464e+02
      vertex   1.528344e+02 1.701400e+02 1.970670e+02
    endloop
  endfacet
  facet normal 3.739812e-01 8.535876e-02 -9.234999e-01
    outer loop
      vertex   1.527712e+02 1.704168e+02 1.970670e+02
      vertex   1.528344e+02 1.701400e+02 1.970670e+02
      vertex   1.527192e+02 1.701044e+02 1.970170e+02
    endloop
  endfacet
  facet normal 3.570820e-01 1.401444e-01 -9.234999e-01
    outer loop
      vertex   1.527192e+02 1.701044e+02 1.970170e+02
      vertex   1.528344e+02 1.701400e+02 1.970670e+02
      vertex   1.528295e+02 1.698233e+02 1.970170e+02
    endloop
  endfacet
  facet normal 9.850715e-01 -7.660937e-02 -1.541594e-01
    outer loop
      vertex   1.530246e+02 1.709837e+02 1.975000e+02
      vertex   1.530003e+02 1.706710e+02 1.975000e+02
      vertex   1.530016e+02 1.709485e+02 1.973706e+02
    endloop
  endfacet
  facet normal 9.861703e-01 -7.390325e-02 -1.483458e-01
    outer loop
      vertex   1.530016e+02 1.709485e+02 1.973706e+02
      vertex   1.530003e+02 1.706710e+02 1.975000e+02
      vertex   1.529830e+02 1.707000e+02 1.973706e+02
    endloop
  endfacet
  facet normal 9.216731e-01 -6.906985e-02 -3.817695e-01
    outer loop
      vertex   1.530016e+02 1.709485e+02 1.973706e+02
      vertex   1.529830e+02 1.707000e+02 1.973706e+02
      vertex   1.529330e+02 1.707000e+02 1.972500e+02
    endloop
  endfacet
  facet normal 9.216731e-01 6.906985e-02 -3.817695e-01
    outer loop
      vertex   1.529330e+02 1.707000e+02 1.972500e+02
      vertex   1.529830e+02 1.707000e+02 1.973706e+02
      vertex   1.529522e+02 1.704441e+02 1.972500e+02
    endloop
  endfacet
  facet normal 7.919549e-01 5.934882e-02 -6.076884e-01
    outer loop
      vertex   1.529330e+02 1.707000e+02 1.972500e+02
      vertex   1.529522e+02 1.704441e+02 1.972500e+02
      vertex   1.528736e+02 1.704323e+02 1.971464e+02
    endloop
  endfacet
  facet normal 7.742639e-01 1.767207e-01 -6.076884e-01
    outer loop
      vertex   1.528736e+02 1.704323e+02 1.971464e+02
      vertex   1.529522e+02 1.704441e+02 1.972500e+02
      vertex   1.529334e+02 1.701705e+02 1.971464e+02
    endloop
  endfacet
  facet normal 5.945443e-01 1.357009e-01 -7.925291e-01
    outer loop
      vertex   1.528736e+02 1.704323e+02 1.971464e+02
      vertex   1.529334e+02 1.701705e+02 1.971464e+02
      vertex   1.528344e+02 1.701400e+02 1.970670e+02
    endloop
  endfacet
  facet normal 5.676786e-01 2.227974e-01 -7.925291e-01
    outer loop
      vertex   1.528344e+02 1.701400e+02 1.970670e+02
      vertex   1.529334e+02 1.701705e+02 1.971464e+02
      vertex   1.529382e+02 1.698756e+02 1.970670e+02
    endloop
  endfacet
  facet normal 3.570820e-01 1.401444e-01 -9.234999e-01
    outer loop
      vertex   1.528344e+02 1.701400e+02 1.970670e+02
      vertex   1.529382e+02 1.698756e+02 1.970670e+02
      vertex   1.528295e+02 1.698233e+02 1.970170e+02
    endloop
  endfacet
  facet normal 3.322063e-01 1.917994e-01 -9.234999e-01
    outer loop
      vertex   1.528295e+02 1.698233e+02 1.970170e+02
      vertex   1.529382e+02 1.698756e+02 1.970670e+02
      vertex   1.529805e+02 1.695618e+02 1.970170e+02
    endloop
  endfacet
  facet normal 9.905053e-01 7.422811e-02 -1.157126e-01
    outer loop
      vertex   1.529830e+02 1.707000e+02 1.973706e+02
      vertex   1.530003e+02 1.706710e+02 1.975000e+02
      vertex   1.530016e+02 1.704515e+02 1.973706e+02
    endloop
  endfacet
  facet normal 9.778179e-01 1.107536e-01 -1.777803e-01
    outer loop
      vertex   1.530016e+02 1.704515e+02 1.973706e+02
      vertex   1.530003e+02 1.706710e+02 1.975000e+02
      vertex   1.530356e+02 1.703593e+02 1.975000e+02
    endloop
  endfacet
  facet normal 9.703408e-01 2.214740e-01 -9.689173e-02
    outer loop
      vertex   1.530016e+02 1.704515e+02 1.973706e+02
      vertex   1.530356e+02 1.703593e+02 1.975000e+02
      vertex   1.530570e+02 1.702086e+02 1.973706e+02
    endloop
  endfacet
  facet normal 9.377394e-01 2.933525e-01 -1.859818e-01
    outer loop
      vertex   1.530570e+02 1.702086e+02 1.973706e+02
      vertex   1.530356e+02 1.703593e+02 1.975000e+02
      vertex   1.531292e+02 1.700599e+02 1.975000e+02
    endloop
  endfacet
  facet normal 9.263068e-01 3.635486e-01 -9.893521e-02
    outer loop
      vertex   1.530570e+02 1.702086e+02 1.973706e+02
      vertex   1.531292e+02 1.700599e+02 1.975000e+02
      vertex   1.531481e+02 1.699767e+02 1.973706e+02
    endloop
  endfacet
  facet normal 8.672401e-01 4.665763e-01 -1.737845e-01
    outer loop
      vertex   1.531481e+02 1.699767e+02 1.973706e+02
      vertex   1.531292e+02 1.700599e+02 1.975000e+02
      vertex   1.532778e+02 1.697837e+02 1.975000e+02
    endloop
  endfacet
  facet normal 8.595778e-01 4.962775e-01 -1.217978e-01
    outer loop
      vertex   1.531481e+02 1.699767e+02 1.973706e+02
      vertex   1.532778e+02 1.697837e+02 1.975000e+02
      vertex   1.532726e+02 1.697609e+02 1.973706e+02
    endloop
  endfacet
  facet normal 7.741702e-01 6.173801e-01 -1.396506e-01
    outer loop
      vertex   1.532726e+02 1.697609e+02 1.973706e+02
      vertex   1.532778e+02 1.697837e+02 1.975000e+02
      vertex   1.534280e+02 1.695661e+02 1.973706e+02
    endloop
  endfacet
  facet normal 7.226137e-01 5.762652e-01 -3.817695e-01
    outer loop
      vertex   1.532726e+02 1.697609e+02 1.973706e+02
      vertex   1.534280e+02 1.695661e+02 1.973706e+02
      vertex   1.533914e+02 1.695322e+02 1.972500e+02
    endloop
  endfacet
  facet normal 6.286548e-01 6.775287e-01 -3.817695e-01
    outer loop
      vertex   1.533914e+02 1.695322e+02 1.972500e+02
      vertex   1.534280e+02 1.695661e+02 1.973706e+02
      vertex   1.535795e+02 1.693576e+02 1.972500e+02
    endloop
  endfacet
  facet normal 5.401766e-01 5.821719e-01 -6.076884e-01
    outer loop
      vertex   1.533914e+02 1.695322e+02 1.972500e+02
      vertex   1.535795e+02 1.693576e+02 1.972500e+02
      vertex   1.535299e+02 1.692955e+02 1.971464e+02
    endloop
  endfacet
  facet normal 4.473750e-01 6.561787e-01 -6.076884e-01
    outer loop
      vertex   1.535299e+02 1.692955e+02 1.971464e+02
      vertex   1.535795e+02 1.693576e+02 1.972500e+02
      vertex   1.537518e+02 1.691442e+02 1.971464e+02
    endloop
  endfacet
  facet normal 3.435318e-01 5.038686e-01 -7.925291e-01
    outer loop
      vertex   1.535299e+02 1.692955e+02 1.971464e+02
      vertex   1.537518e+02 1.691442e+02 1.971464e+02
      vertex   1.537000e+02 1.690546e+02 1.970670e+02
    endloop
  endfacet
  facet normal 2.645971e-01 5.494416e-01 -7.925291e-01
    outer loop
      vertex   1.537000e+02 1.690546e+02 1.970670e+02
      vertex   1.537518e+02 1.691442e+02 1.971464e+02
      vertex   1.539559e+02 1.689313e+02 1.970670e+02
    endloop
  endfacet
  facet normal 1.664373e-01 3.456106e-01 -9.234999e-01
    outer loop
      vertex   1.537000e+02 1.690546e+02 1.970670e+02
      vertex   1.539559e+02 1.689313e+02 1.970670e+02
      vertex   1.539118e+02 1.688191e+02 1.970170e+02
    endloop
  endfacet
  facet normal 1.130677e-01 3.665566e-01 -9.234999e-01
    outer loop
      vertex   1.539118e+02 1.688191e+02 1.970170e+02
      vertex   1.539559e+02 1.689313e+02 1.970670e+02
      vertex   1.542004e+02 1.687301e+02 1.970170e+02
    endloop
  endfacet
  facet normal 7.649656e-01 6.236551e-01 -1.608785e-01
    outer loop
      vertex   1.532778e+02 1.697837e+02 1.975000e+02
      vertex   1.534760e+02 1.695405e+02 1.975000e+02
      vertex   1.534280e+02 1.695661e+02 1.973706e+02
    endloop
  endfacet
  facet normal 6.762579e-01 7.288326e-01 -1.071368e-01
    outer loop
      vertex   1.534280e+02 1.695661e+02 1.973706e+02
      vertex   1.534760e+02 1.695405e+02 1.975000e+02
      vertex   1.536106e+02 1.693967e+02 1.973706e+02
    endloop
  endfacet
  facet normal 6.286548e-01 6.775287e-01 -3.817695e-01
    outer loop
      vertex   1.534280e+02 1.695661e+02 1.973706e+02
      vertex   1.536106e+02 1.693967e+02 1.973706e+02
      vertex   1.535795e+02 1.693576e+02 1.972500e+02
    endloop
  endfacet
  facet normal 5.206528e-01 7.636574e-01 -3.817695e-01
    outer loop
      vertex   1.535795e+02 1.693576e+02 1.972500e+02
      vertex   1.536106e+02 1.693967e+02 1.973706e+02
      vertex   1.537915e+02 1.692130e+02 1.972500e+02
    endloop
  endfacet
  facet normal 4.473750e-01 6.561787e-01 -6.076884e-01
    outer loop
      vertex   1.535795e+02 1.693576e+02 1.972500e+02
      vertex   1.537915e+02 1.692130e+02 1.972500e+02
      vertex   1.537518e+02 1.691442e+02 1.971464e+02
    endloop
  endfacet
  facet normal 3.445799e-01 7.155275e-01 -6.076884e-01
    outer loop
      vertex   1.537518e+02 1.691442e+02 1.971464e+02
      vertex   1.537915e+02 1.692130e+02 1.972500e+02
      vertex   1.539937e+02 1.690277e+02 1.971464e+02
    endloop
  endfacet
  facet normal 2.645971e-01 5.494416e-01 -7.925291e-01
    outer loop
      vertex   1.537518e+02 1.691442e+02 1.971464e+02
      vertex   1.539937e+02 1.690277e+02 1.971464e+02
      vertex   1.539559e+02 1.689313e+02 1.970670e+02
    endloop
  endfacet
  facet normal 1.797518e-01 5.827409e-01 -7.925291e-01
    outer loop
      vertex   1.539559e+02 1.689313e+02 1.970670e+02
      vertex   1.539937e+02 1.690277e+02 1.971464e+02
      vertex   1.542272e+02 1.688476e+02 1.970670e+02
    endloop
  endfacet
  facet normal 1.130677e-01 3.665566e-01 -9.234999e-01
    outer loop
      vertex   1.539559e+02 1.689313e+02 1.970670e+02
      vertex   1.542272e+02 1.688476e+02 1.970670e+02
      vertex   1.542004e+02 1.687301e+02 1.970170e+02
    endloop
  endfacet
  facet normal 5.717243e-02 3.793143e-01 -9.234999e-01
    outer loop
      vertex   1.542004e+02 1.687301e+02 1.970170e+02
      vertex   1.542272e+02 1.688476e+02 1.970670e+02
      vertex   1.544990e+02 1.686851e+02 1.970170e+02
    endloop
  endfacet
  facet normal 6.306631e-01 7.542243e-01 -1.827835e-01
    outer loop
      vertex   1.534760e+02 1.695405e+02 1.975000e+02
      vertex   1.537167e+02 1.693393e+02 1.975000e+02
      vertex   1.536106e+02 1.693967e+02 1.973706e+02
    endloop
  endfacet
  facet normal 5.607590e-01 8.224824e-01 -9.524765e-02
    outer loop
      vertex   1.536106e+02 1.693967e+02 1.973706e+02
      vertex   1.537167e+02 1.693393e+02 1.975000e+02
      vertex   1.538165e+02 1.692563e+02 1.973706e+02
    endloop
  endfacet
  facet normal 5.206528e-01 7.636574e-01 -3.817695e-01
    outer loop
      vertex   1.536106e+02 1.693967e+02 1.973706e+02
      vertex   1.538165e+02 1.692563e+02 1.973706e+02
      vertex   1.537915e+02 1.692130e+02 1.972500e+02
    endloop
  endfacet
  facet normal 4.010203e-01 8.327273e-01 -3.817695e-01
    outer loop
      vertex   1.537915e+02 1.692130e+02 1.972500e+02
      vertex   1.538165e+02 1.692563e+02 1.973706e+02
      vertex   1.540227e+02 1.691017e+02 1.972500e+02
    endloop
  endfacet
  facet normal 3.445799e-01 7.155275e-01 -6.076884e-01
    outer loop
      vertex   1.537915e+02 1.692130e+02 1.972500e+02
      vertex   1.540227e+02 1.691017e+02 1.972500e+02
      vertex   1.539937e+02 1.690277e+02 1.971464e+02
    endloop
  endfacet
  facet normal 2.340874e-01 7.588926e-01 -6.076884e-01
    outer loop
      vertex   1.539937e+02 1.690277e+02 1.971464e+02
      vertex   1.540227e+02 1.691017e+02 1.972500e+02
      vertex   1.542503e+02 1.689486e+02 1.971464e+02
    endloop
  endfacet
  facet normal 1.797518e-01 5.827409e-01 -7.925291e-01
    outer loop
      vertex   1.539937e+02 1.690277e+02 1.971464e+02
      vertex   1.542503e+02 1.689486e+02 1.971464e+02
      vertex   1.542272e+02 1.688476e+02 1.970670e+02
    endloop
  endfacet
  facet normal 9.089106e-02 6.030228e-01 -7.925291e-01
    outer loop
      vertex   1.542272e+02 1.688476e+02 1.970670e+02
      vertex   1.542503e+02 1.689486e+02 1.971464e+02
      vertex   1.545080e+02 1.688053e+02 1.970670e+02
    endloop
  endfacet
  facet normal 5.717243e-02 3.793143e-01 -9.234999e-01
    outer loop
      vertex   1.542272e+02 1.688476e+02 1.970670e+02
      vertex   1.545080e+02 1.688053e+02 1.970670e+02
      vertex   1.544990e+02 1.686851e+02 1.970170e+02
    endloop
  endfacet
  facet normal 0.000000e+00 3.835988e-01 -9.234999e-01
    outer loop
      vertex   1.544990e+02 1.686851e+02 1.970170e+02
      vertex   1.545080e+02 1.688053e+02 1.970670e+02
      vertex   1.548010e+02 1.686851e+02 1.970170e+02
    endloop
  endfacet
  facet normal 4.764012e-01 8.597188e-01 -1.841885e-01
    outer loop
      vertex   1.537167e+02 1.693393e+02 1.975000e+02
      vertex   1.539911e+02 1.691873e+02 1.975000e+02
      vertex   1.538165e+02 1.692563e+02 1.973706e+02
    endloop
  endfacet
  facet normal 4.315192e-01 8.960588e-01 -1.042584e-01
    outer loop
      vertex   1.538165e+02 1.692563e+02 1.973706e+02
      vertex   1.539911e+02 1.691873e+02 1.975000e+02
      vertex   1.540410e+02 1.691482e+02 1.973706e+02
    endloop
  endfacet
  facet normal 4.010203e-01 8.327273e-01 -3.817695e-01
    outer loop
      vertex   1.538165e+02 1.692563e+02 1.973706e+02
      vertex   1.540410e+02 1.691482e+02 1.973706e+02
      vertex   1.540227e+02 1.691017e+02 1.972500e+02
    endloop
  endfacet
  facet normal 2.724297e-01 8.831954e-01 -3.817695e-01
    outer loop
      vertex   1.540227e+02 1.691017e+02 1.972500e+02
      vertex   1.540410e+02 1.691482e+02 1.973706e+02
      vertex   1.542679e+02 1.690261e+02 1.972500e+02
    endloop
  endfacet
  facet normal 2.340874e-01 7.588926e-01 -6.076884e-01
    outer loop
      vertex   1.540227e+02 1.691017e+02 1.972500e+02
      vertex   1.542679e+02 1.690261e+02 1.972500e+02
      vertex   1.542503e+02 1.689486e+02 1.971464e+02
    endloop
  endfacet
  facet normal 1.183657e-01 7.853053e-01 -6.076884e-01
    outer loop
      vertex   1.542503e+02 1.689486e+02 1.971464e+02
      vertex   1.542679e+02 1.690261e+02 1.972500e+02
      vertex   1.545158e+02 1.689086e+02 1.971464e+02
    endloop
  endfacet
  facet normal 9.089106e-02 6.030228e-01 -7.925291e-01
    outer loop
      vertex   1.542503e+02 1.689486e+02 1.971464e+02
      vertex   1.545158e+02 1.689086e+02 1.971464e+02
      vertex   1.545080e+02 1.688053e+02 1.970670e+02
    endloop
  endfacet
  facet normal 0.000000e+00 6.098342e-01 -7.925291e-01
    outer loop
      vertex   1.545080e+02 1.688053e+02 1.970670e+02
      vertex   1.545158e+02 1.689086e+02 1.971464e+02
      vertex   1.547920e+02 1.688053e+02 1.970670e+02
    endloop
  endfacet
  facet normal 0.000000e+00 3.835988e-01 -9.234999e-01
    outer loop
      vertex   1.545080e+02 1.688053e+02 1.970670e+02
      vertex   1.547920e+02 1.688053e+02 1.970670e+02
      vertex   1.548010e+02 1.686851e+02 1.970170e+02
    endloop
  endfacet
  facet normal -5.717243e-02 3.793143e-01 -9.234999e-01
    outer loop
      vertex   1.548010e+02 1.686851e+02 1.970170e+02
      vertex   1.547920e+02 1.688053e+02 1.970670e+02
      vertex   1.550996e+02 1.687301e+02 1.970170e+02
    endloop
  endfacet
  facet normal 3.061382e-01 9.375548e-01 -1.651376e-01
    outer loop
      vertex   1.539911e+02 1.691873e+02 1.975000e+02
      vertex   1.542893e+02 1.690899e+02 1.975000e+02
      vertex   1.540410e+02 1.691482e+02 1.973706e+02
    endloop
  endfacet
  facet normal 2.920983e-01 9.469594e-01 -1.339645e-01
    outer loop
      vertex   1.540410e+02 1.691482e+02 1.973706e+02
      vertex   1.542893e+02 1.690899e+02 1.975000e+02
      vertex   1.542790e+02 1.690748e+02 1.973706e+02
    endloop
  endfacet
  facet normal 2.724297e-01 8.831954e-01 -3.817695e-01
    outer loop
      vertex   1.540410e+02 1.691482e+02 1.973706e+02
      vertex   1.542790e+02 1.690748e+02 1.973706e+02
      vertex   1.542679e+02 1.690261e+02 1.972500e+02
    endloop
  endfacet
  facet normal 1.377534e-01 9.139344e-01 -3.817695e-01
    outer loop
      vertex   1.542679e+02 1.690261e+02 1.972500e+02
      vertex   1.542790e+02 1.690748e+02 1.973706e+02
      vertex   1.545217e+02 1.689878e+02 1.972500e+02
    endloop
  endfacet
  facet normal 1.183657e-01 7.853053e-01 -6.076884e-01
    outer loop
      vertex   1.542679e+02 1.690261e+02 1.972500e+02
      vertex   1.545217e+02 1.689878e+02 1.972500e+02
      vertex   1.545158e+02 1.689086e+02 1.971464e+02
    endloop
  endfacet
  facet normal 0.000000e+00 7.941756e-01 -6.076884e-01
    outer loop
      vertex   1.545158e+02 1.689086e+02 1.971464e+02
      vertex   1.545217e+02 1.689878e+02 1.972500e+02
      vertex   1.547842e+02 1.689086e+02 1.971464e+02
    endloop
  endfacet
  facet normal 0.000000e+00 6.098342e-01 -7.925291e-01
    outer loop
      vertex   1.545158e+02 1.689086e+02 1.971464e+02
      vertex   1.547842e+02 1.689086e+02 1.971464e+02
      vertex   1.547920e+02 1.688053e+02 1.970670e+02
    endloop
  endfacet
  facet normal -9.089106e-02 6.030228e-01 -7.925291e-01
    outer loop
      vertex   1.547920e+02 1.688053e+02 1.970670e+02
      vertex   1.547842e+02 1.689086e+02 1.971464e+02
      vertex   1.550728e+02 1.688476e+02 1.970670e+02
    endloop
  endfacet
  facet normal -5.717243e-02 3.793143e-01 -9.234999e-01
    outer loop
      vertex   1.547920e+02 1.688053e+02 1.970670e+02
      vertex   1.550728e+02 1.688476e+02 1.970670e+02
      vertex   1.550996e+02 1.687301e+02 1.970170e+02
    endloop
  endfacet
  facet normal -1.130677e-01 3.665566e-01 -9.234999e-01
    outer loop
      vertex   1.550996e+02 1.687301e+02 1.970170e+02
      vertex   1.550728e+02 1.688476e+02 1.970670e+02
      vertex   1.553882e+02 1.688191e+02 1.970170e+02
    endloop
  endfacet
  facet normal 1.478438e-01 9.808794e-01 -1.265618e-01
    outer loop
      vertex   1.542790e+02 1.690748e+02 1.973706e+02
      vertex   1.542893e+02 1.690899e+02 1.975000e+02
      vertex   1.545254e+02 1.690376e+02 1.973706e+02
    endloop
  endfacet
  facet normal 1.230587e-01 9.776456e-01 -1.704867e-01
    outer loop
      vertex   1.545254e+02 1.690376e+02 1.973706e+02
      vertex   1.542893e+02 1.690899e+02 1.975000e+02
      vertex   1.546005e+02 1.690507e+02 1.975000e+02
    endloop
  endfacet
  facet normal 0.000000e+00 9.949008e-01 -1.008579e-01
    outer loop
      vertex   1.545254e+02 1.690376e+02 1.973706e+02
      vertex   1.546005e+02 1.690507e+02 1.975000e+02
      vertex   1.547746e+02 1.690376e+02 1.973706e+02
    endloop
  endfacet
  facet normal -6.400866e-02 9.805547e-01 -1.855140e-01
    outer loop
      vertex   1.547746e+02 1.690376e+02 1.973706e+02
      vertex   1.546005e+02 1.690507e+02 1.975000e+02
      vertex   1.549135e+02 1.690712e+02 1.975000e+02
    endloop
  endfacet
  facet normal -1.483549e-01 9.842705e-01 -9.592932e-02
    outer loop
      vertex   1.547746e+02 1.690376e+02 1.973706e+02
      vertex   1.549135e+02 1.690712e+02 1.975000e+02
      vertex   1.550210e+02 1.690748e+02 1.973706e+02
    endloop
  endfacet
  facet normal -2.486764e-01 9.516901e-01 -1.801276e-01
    outer loop
      vertex   1.550210e+02 1.690748e+02 1.973706e+02
      vertex   1.549135e+02 1.690712e+02 1.975000e+02
      vertex   1.552170e+02 1.691505e+02 1.975000e+02
    endloop
  endfacet
  facet normal -2.929044e-01 9.495728e-01 -1.118861e-01
    outer loop
      vertex   1.550210e+02 1.690748e+02 1.973706e+02
      vertex   1.552170e+02 1.691505e+02 1.975000e+02
      vertex   1.552590e+02 1.691482e+02 1.973706e+02
    endloop
  endfacet
  facet normal -4.261901e-01 8.914016e-01 -1.541594e-01
    outer loop
      vertex   1.552590e+02 1.691482e+02 1.973706e+02
      vertex   1.552170e+02 1.691505e+02 1.975000e+02
      vertex   1.555000e+02 1.692858e+02 1.975000e+02
    endloop
  endfacet
  facet normal -5.914932e-02 1.198336e-01 -9.910304e-01
    outer loop
      vertex   1.554392e+02 1.687001e+02 1.970000e+02
      vertex   1.556603e+02 1.689501e+02 1.970170e+02
      vertex   1.557576e+02 1.688572e+02 1.970000e+02
    endloop
  endfacet
  facet normal -7.235613e-02 1.061270e-01 -9.917165e-01
    outer loop
      vertex   1.557576e+02 1.688572e+02 1.970000e+02
      vertex   1.556603e+02 1.689501e+02 1.970170e+02
      vertex   1.559098e+02 1.691202e+02 1.970170e+02
    endloop
  endfacet
  facet normal -7.918640e-02 1.100194e-01 -9.907700e-01
    outer loop
      vertex   1.557576e+02 1.688572e+02 1.970000e+02
      vertex   1.559098e+02 1.691202e+02 1.970170e+02
      vertex   1.560458e+02 1.690647e+02 1.970000e+02
    endloop
  endfacet
  facet normal -8.628798e-02 9.299632e-02 -9.919204e-01
    outer loop
      vertex   1.560458e+02 1.690647e+02 1.970000e+02
      vertex   1.559098e+02 1.691202e+02 1.970170e+02
      vertex   1.561312e+02 1.693256e+02 1.970170e+02
    endloop
  endfacet
  facet normal -9.722585e-02 9.648843e-02 -9.905741e-01
    outer loop
      vertex   1.560458e+02 1.690647e+02 1.970000e+02
      vertex   1.561312e+02 1.693256e+02 1.970170e+02
      vertex   1.562959e+02 1.693167e+02 1.970000e+02
    endloop
  endfacet
  facet normal -9.835844e-02 7.843823e-02 -9.920550e-01
    outer loop
      vertex   1.562959e+02 1.693167e+02 1.970000e+02
      vertex   1.561312e+02 1.693256e+02 1.970170e+02
      vertex   1.563195e+02 1.695618e+02 1.970170e+02
    endloop
  endfacet
  facet normal -1.125145e-01 7.968889e-02 -9.904495e-01
    outer loop
      vertex   1.562959e+02 1.693167e+02 1.970000e+02
      vertex   1.563195e+02 1.695618e+02 1.970170e+02
      vertex   1.565011e+02 1.696065e+02 1.970000e+02
    endloop
  endfacet
  facet normal -1.084704e-01 6.262540e-02 -9.921251e-01
    outer loop
      vertex   1.565011e+02 1.696065e+02 1.970000e+02
      vertex   1.563195e+02 1.695618e+02 1.970170e+02
      vertex   1.564705e+02 1.698233e+02 1.970170e+02
    endloop
  endfacet
  facet normal -1.244127e-01 6.023595e-02 -9.904005e-01
    outer loop
      vertex   1.565011e+02 1.696065e+02 1.970000e+02
      vertex   1.564705e+02 1.698233e+02 1.970170e+02
      vertex   1.566559e+02 1.699261e+02 1.970000e+02
    endloop
  endfacet
  facet normal -1.165323e-01 4.573556e-02 -9.921333e-01
    outer loop
      vertex   1.566559e+02 1.699261e+02 1.970000e+02
      vertex   1.564705e+02 1.698233e+02 1.970170e+02
      vertex   1.565808e+02 1.701044e+02 1.970170e+02
    endloop
  endfacet
  facet normal -1.324348e-01 3.887935e-02 -9.904289e-01
    outer loop
      vertex   1.566559e+02 1.699261e+02 1.970000e+02
      vertex   1.565808e+02 1.701044e+02 1.970170e+02
      vertex   1.567559e+02 1.702668e+02 1.970000e+02
    endloop
  endfacet
  facet normal -1.224598e-01 2.795064e-02 -9.920798e-01
    outer loop
      vertex   1.567559e+02 1.702668e+02 1.970000e+02
      vertex   1.565808e+02 1.701044e+02 1.970170e+02
      vertex   1.566480e+02 1.703988e+02 1.970170e+02
    endloop
  endfacet
  facet normal -1.362791e-01 1.646058e-02 -9.905337e-01
    outer loop
      vertex   1.567559e+02 1.702668e+02 1.970000e+02
      vertex   1.566480e+02 1.703988e+02 1.970170e+02
      vertex   1.567985e+02 1.706193e+02 1.970000e+02
    endloop
  endfacet
  facet normal -1.261761e-01 9.455594e-03 -9.919628e-01
    outer loop
      vertex   1.567985e+02 1.706193e+02 1.970000e+02
      vertex   1.566480e+02 1.703988e+02 1.970170e+02
      vertex   1.566706e+02 1.707000e+02 1.970170e+02
    endloop
  endfacet
  facet normal -1.358443e-01 -6.136652e-03 -9.907112e-01
    outer loop
      vertex   1.567985e+02 1.706193e+02 1.970000e+02
      vertex   1.566706e+02 1.707000e+02 1.970170e+02
      vertex   1.567825e+02 1.709741e+02 1.970000e+02
    endloop
  endfacet
  facet normal -1.276124e-01 -9.563227e-03 -9.917780e-01
    outer loop
      vertex   1.567825e+02 1.709741e+02 1.970000e+02
      vertex   1.566706e+02 1.707000e+02 1.970170e+02
      vertex   1.566480e+02 1.710012e+02 1.970170e+02
    endloop
  endfacet
  facet normal -1.312315e-01 -2.803831e-02 -9.909552e-01
    outer loop
      vertex   1.567825e+02 1.709741e+02 1.970000e+02
      vertex   1.566480e+02 1.710012e+02 1.970170e+02
      vertex   1.567083e+02 1.713213e+02 1.970000e+02
    endloop
  endfacet
  facet normal 1.312315e-01 2.803831e-02 -9.909552e-01
    outer loop
      vertex   1.525917e+02 1.700787e+02 1.970000e+02
      vertex   1.525175e+02 1.704259e+02 1.970000e+02
      vertex   1.526520e+02 1.703988e+02 1.970170e+02
    endloop
  endfacet
  facet normal 1.276124e-01 9.563227e-03 -9.917780e-01
    outer loop
      vertex   1.526520e+02 1.703988e+02 1.970170e+02
      vertex   1.525175e+02 1.704259e+02 1.970000e+02
      vertex   1.526294e+02 1.707000e+02 1.970170e+02
    endloop
  endfacet
  facet normal 3.825262e-01 2.866637e-02 -9.234999e-01
    outer loop
      vertex   1.526520e+02 1.703988e+02 1.970170e+02
      vertex   1.526294e+02 1.707000e+02 1.970170e+02
      vertex   1.527500e+02 1.707000e+02 1.970670e+02
    endloop
  endfacet
  facet normal 3.825262e-01 -2.866637e-02 -9.234999e-01
    outer loop
      vertex   1.527500e+02 1.707000e+02 1.970670e+02
      vertex   1.526294e+02 1.707000e+02 1.970170e+02
      vertex   1.527712e+02 1.709832e+02 1.970670e+02
    endloop
  endfacet
  facet normal 6.081289e-01 -4.557296e-02 -7.925291e-01
    outer loop
      vertex   1.527500e+02 1.707000e+02 1.970670e+02
      vertex   1.527712e+02 1.709832e+02 1.970670e+02
      vertex   1.528736e+02 1.709677e+02 1.971464e+02
    endloop
  endfacet
  facet normal 5.945443e-01 -1.357009e-01 -7.925291e-01
    outer loop
      vertex   1.528736e+02 1.709677e+02 1.971464e+02
      vertex   1.527712e+02 1.709832e+02 1.970670e+02
      vertex   1.529334e+02 1.712295e+02 1.971464e+02
    endloop
  endfacet
  facet normal 7.742639e-01 -1.767207e-01 -6.076884e-01
    outer loop
      vertex   1.528736e+02 1.709677e+02 1.971464e+02
      vertex   1.529334e+02 1.712295e+02 1.971464e+02
      vertex   1.530093e+02 1.712061e+02 1.972500e+02
    endloop
  endfacet
  facet normal 7.392772e-01 -2.901449e-01 -6.076884e-01
    outer loop
      vertex   1.530093e+02 1.712061e+02 1.972500e+02
      vertex   1.529334e+02 1.712295e+02 1.971464e+02
      vertex   1.531030e+02 1.714450e+02 1.972500e+02
    endloop
  endfacet
  facet normal 8.603671e-01 -3.376692e-01 -3.817695e-01
    outer loop
      vertex   1.530093e+02 1.712061e+02 1.972500e+02
      vertex   1.531030e+02 1.714450e+02 1.972500e+02
      vertex   1.531481e+02 1.714233e+02 1.973706e+02
    endloop
  endfacet
  facet normal 8.004305e-01 -4.621288e-01 -3.817695e-01
    outer loop
      vertex   1.531481e+02 1.714233e+02 1.973706e+02
      vertex   1.531030e+02 1.714450e+02 1.972500e+02
      vertex   1.532726e+02 1.716391e+02 1.973706e+02
    endloop
  endfacet
  facet normal 1.358443e-01 6.136652e-03 -9.907112e-01
    outer loop
      vertex   1.525175e+02 1.704259e+02 1.970000e+02
      vertex   1.525015e+02 1.707807e+02 1.970000e+02
      vertex   1.526294e+02 1.707000e+02 1.970170e+02
    endloop
  endfacet
  facet normal 1.261761e-01 -9.455594e-03 -9.919628e-01
    outer loop
      vertex   1.526294e+02 1.707000e+02 1.970170e+02
      vertex   1.525015e+02 1.707807e+02 1.970000e+02
      vertex   1.526520e+02 1.710012e+02 1.970170e+02
    endloop
  endfacet
  facet normal 3.825262e-01 -2.866637e-02 -9.234999e-01
    outer loop
      vertex   1.526294e+02 1.707000e+02 1.970170e+02
      vertex   1.526520e+02 1.710012e+02 1.970170e+02
      vertex   1.527712e+02 1.709832e+02 1.970670e+02
    endloop
  endfacet
  facet normal 3.739812e-01 -8.535876e-02 -9.234999e-01
    outer loop
      vertex   1.527712e+02 1.709832e+02 1.970670e+02
      vertex   1.526520e+02 1.710012e+02 1.970170e+02
      vertex   1.528344e+02 1.712600e+02 1.970670e+02
    endloop
  endfacet
  facet normal 5.945443e-01 -1.357009e-01 -7.925291e-01
    outer loop
      vertex   1.527712e+02 1.709832e+02 1.970670e+02
      vertex   1.528344e+02 1.712600e+02 1.970670e+02
      vertex   1.529334e+02 1.712295e+02 1.971464e+02
    endloop
  endfacet
  facet normal 5.676786e-01 -2.227974e-01 -7.925291e-01
    outer loop
      vertex   1.529334e+02 1.712295e+02 1.971464e+02
      vertex   1.528344e+02 1.712600e+02 1.970670e+02
      vertex   1.530315e+02 1.714794e+02 1.971464e+02
    endloop
  endfacet
  facet normal 7.392772e-01 -2.901449e-01 -6.076884e-01
    outer loop
      vertex   1.529334e+02 1.712295e+02 1.971464e+02
      vertex   1.530315e+02 1.714794e+02 1.971464e+02
      vertex   1.531030e+02 1.714450e+02 1.972500e+02
    endloop
  endfacet
  facet normal 6.877762e-01 -3.970878e-01 -6.076884e-01
    outer loop
      vertex   1.531030e+02 1.714450e+02 1.972500e+02
      vertex   1.530315e+02 1.714794e+02 1.971464e+02
      vertex   1.532314e+02 1.716672e+02 1.972500e+02
    endloop
  endfacet
  facet normal 8.004305e-01 -4.621288e-01 -3.817695e-01
    outer loop
      vertex   1.531030e+02 1.714450e+02 1.972500e+02
      vertex   1.532314e+02 1.716672e+02 1.972500e+02
      vertex   1.532726e+02 1.716391e+02 1.973706e+02
    endloop
  endfacet
  facet normal 7.226137e-01 -5.762652e-01 -3.817695e-01
    outer loop
      vertex   1.532726e+02 1.716391e+02 1.973706e+02
      vertex   1.532314e+02 1.716672e+02 1.972500e+02
      vertex   1.534280e+02 1.718339e+02 1.973706e+02
    endloop
  endfacet
  facet normal 1.362791e-01 -1.646058e-02 -9.905337e-01
    outer loop
      vertex   1.525015e+02 1.707807e+02 1.970000e+02
      vertex   1.525441e+02 1.711332e+02 1.970000e+02
      vertex   1.526520e+02 1.710012e+02 1.970170e+02
    endloop
  endfacet
  facet normal 1.224598e-01 -2.795064e-02 -9.920798e-01
    outer loop
      vertex   1.526520e+02 1.710012e+02 1.970170e+02
      vertex   1.525441e+02 1.711332e+02 1.970000e+02
      vertex   1.527192e+02 1.712956e+02 1.970170e+02
    endloop
  endfacet
  facet normal 3.739812e-01 -8.535876e-02 -9.234999e-01
    outer loop
      vertex   1.526520e+02 1.710012e+02 1.970170e+02
      vertex   1.527192e+02 1.712956e+02 1.970170e+02
      vertex   1.528344e+02 1.712600e+02 1.970670e+02
    endloop
  endfacet
  facet normal 3.570820e-01 -1.401444e-01 -9.234999e-01
    outer loop
      vertex   1.528344e+02 1.712600e+02 1.970670e+02
      vertex   1.527192e+02 1.712956e+02 1.970170e+02
      vertex   1.529382e+02 1.715244e+02 1.970670e+02
    endloop
  endfacet
  facet normal 5.676786e-01 -2.227974e-01 -7.925291e-01
    outer loop
      vertex   1.528344e+02 1.712600e+02 1.970670e+02
      vertex   1.529382e+02 1.715244e+02 1.970670e+02
      vertex   1.530315e+02 1.714794e+02 1.971464e+02
    endloop
  endfacet
  facet normal 5.281319e-01 -3.049171e-01 -7.925291e-01
    outer loop
      vertex   1.530315e+02 1.714794e+02 1.971464e+02
      vertex   1.529382e+02 1.715244e+02 1.970670e+02
      vertex   1.531657e+02 1.717120e+02 1.971464e+02
    endloop
  endfacet
  facet normal 6.877762e-01 -3.970878e-01 -6.076884e-01
    outer loop
      vertex   1.530315e+02 1.714794e+02 1.971464e+02
      vertex   1.531657e+02 1.717120e+02 1.971464e+02
      vertex   1.532314e+02 1.716672e+02 1.972500e+02
    endloop
  endfacet
  facet normal 6.209115e-01 -4.951604e-01 -6.076884e-01
    outer loop
      vertex   1.532314e+02 1.716672e+02 1.972500e+02
      vertex   1.531657e+02 1.717120e+02 1.971464e+02
      vertex   1.533914e+02 1.718678e+02 1.972500e+02
    endloop
  endfacet
  facet normal 7.226137e-01 -5.762652e-01 -3.817695e-01
    outer loop
      vertex   1.532314e+02 1.716672e+02 1.972500e+02
      vertex   1.533914e+02 1.718678e+02 1.972500e+02
      vertex   1.534280e+02 1.718339e+02 1.973706e+02
    endloop
  endfacet
  facet normal 1.324348e-01 -3.887935e-02 -9.904289e-01
    outer loop
      vertex   1.525441e+02 1.711332e+02 1.970000e+02
      vertex   1.526441e+02 1.714739e+02 1.970000e+02
      vertex   1.527192e+02 1.712956e+02 1.970170e+02
    endloop
  endfacet
  facet normal 1.165323e-01 -4.573556e-02 -9.921333e-01
    outer loop
      vertex   1.527192e+02 1.712956e+02 1.970170e+02
      vertex   1.526441e+02 1.714739e+02 1.970000e+02
      vertex   1.528295e+02 1.715767e+02 1.970170e+02
    endloop
  endfacet
  facet normal 3.570820e-01 -1.401444e-01 -9.234999e-01
    outer loop
      vertex   1.527192e+02 1.712956e+02 1.970170e+02
      vertex   1.528295e+02 1.715767e+02 1.970170e+02
      vertex   1.529382e+02 1.715244e+02 1.970670e+02
    endloop
  endfacet
  facet normal 3.322063e-01 -1.917994e-01 -9.234999e-01
    outer loop
      vertex   1.529382e+02 1.715244e+02 1.970670e+02
      vertex   1.528295e+02 1.715767e+02 1.970170e+02
      vertex   1.530801e+02 1.717703e+02 1.970670e+02
    endloop
  endfacet
  facet normal 5.281319e-01 -3.049171e-01 -7.925291e-01
    outer loop
      vertex   1.529382e+02 1.715244e+02 1.970670e+02
      vertex   1.530801e+02 1.717703e+02 1.970670e+02
      vertex   1.531657e+02 1.717120e+02 1.971464e+02
    endloop
  endfacet
  facet normal 4.767875e-01 -3.802254e-01 -7.925291e-01
    outer loop
      vertex   1.531657e+02 1.717120e+02 1.971464e+02
      vertex   1.530801e+02 1.717703e+02 1.970670e+02
      vertex   1.533331e+02 1.719219e+02 1.971464e+02
    endloop
  endfacet
  facet normal 6.209115e-01 -4.951604e-01 -6.076884e-01
    outer loop
      vertex   1.531657e+02 1.717120e+02 1.971464e+02
      vertex   1.533331e+02 1.719219e+02 1.971464e+02
      vertex   1.533914e+02 1.718678e+02 1.972500e+02
    endloop
  endfacet
  facet normal 1.244127e-01 -6.023595e-02 -9.904005e-01
    outer loop
      vertex   1.526441e+02 1.714739e+02 1.970000e+02
      vertex   1.527989e+02 1.717935e+02 1.970000e+02
      vertex   1.528295e+02 1.715767e+02 1.970170e+02
    endloop
  endfacet
  facet normal 1.084704e-01 -6.262540e-02 -9.921251e-01
    outer loop
      vertex   1.528295e+02 1.715767e+02 1.970170e+02
      vertex   1.527989e+02 1.717935e+02 1.970000e+02
      vertex   1.529805e+02 1.718382e+02 1.970170e+02
    endloop
  endfacet
  facet normal 3.322063e-01 -1.917994e-01 -9.234999e-01
    outer loop
      vertex   1.528295e+02 1.715767e+02 1.970170e+02
      vertex   1.529805e+02 1.718382e+02 1.970170e+02
      vertex   1.530801e+02 1.717703e+02 1.970670e+02
    endloop
  endfacet
  facet normal 2.999096e-01 -2.391699e-01 -9.234999e-01
    outer loop
      vertex   1.530801e+02 1.717703e+02 1.970670e+02
      vertex   1.529805e+02 1.718382e+02 1.970170e+02
      vertex   1.532572e+02 1.719923e+02 1.970670e+02
    endloop
  endfacet
  facet normal 4.767875e-01 -3.802254e-01 -7.925291e-01
    outer loop
      vertex   1.530801e+02 1.717703e+02 1.970670e+02
      vertex   1.532572e+02 1.719923e+02 1.970670e+02
      vertex   1.533331e+02 1.719219e+02 1.971464e+02
    endloop
  endfacet
  facet normal 1.125145e-01 -7.968889e-02 -9.904495e-01
    outer loop
      vertex   1.527989e+02 1.717935e+02 1.970000e+02
      vertex   1.530041e+02 1.720833e+02 1.970000e+02
      vertex   1.529805e+02 1.718382e+02 1.970170e+02
    endloop
  endfacet
  facet normal 9.835844e-02 -7.843823e-02 -9.920550e-01
    outer loop
      vertex   1.529805e+02 1.718382e+02 1.970170e+02
      vertex   1.530041e+02 1.720833e+02 1.970000e+02
      vertex   1.531688e+02 1.720744e+02 1.970170e+02
    endloop
  endfacet
  facet normal 2.999096e-01 -2.391699e-01 -9.234999e-01
    outer loop
      vertex   1.529805e+02 1.718382e+02 1.970170e+02
      vertex   1.531688e+02 1.720744e+02 1.970170e+02
      vertex   1.532572e+02 1.719923e+02 1.970670e+02
    endloop
  endfacet
  facet normal 9.722585e-02 -9.648843e-02 -9.905741e-01
    outer loop
      vertex   1.530041e+02 1.720833e+02 1.970000e+02
      vertex   1.532542e+02 1.723353e+02 1.970000e+02
      vertex   1.531688e+02 1.720744e+02 1.970170e+02
    endloop
  endfacet
  facet normal 7.235613e-02 -1.061270e-01 -9.917165e-01
    outer loop
      vertex   1.533902e+02 1.722798e+02 1.970170e+02
      vertex   1.535424e+02 1.725428e+02 1.970000e+02
      vertex   1.536397e+02 1.724499e+02 1.970170e+02
    endloop
  endfacet
  facet normal 5.914932e-02 -1.198336e-01 -9.910304e-01
    outer loop
      vertex   1.536397e+02 1.724499e+02 1.970170e+02
      vertex   1.535424e+02 1.725428e+02 1.970000e+02
      vertex   1.538608e+02 1.726999e+02 1.970000e+02
    endloop
  endfacet
  facet normal -5.206528e-01 7.636574e-01 -3.817695e-01
    outer loop
      vertex   1.555085e+02 1.692130e+02 1.972500e+02
      vertex   1.554835e+02 1.692563e+02 1.973706e+02
      vertex   1.557205e+02 1.693576e+02 1.972500e+02
    endloop
  endfacet
  facet normal -5.206528e-01 7.636574e-01 -3.817695e-01
    outer loop
      vertex   1.557205e+02 1.693576e+02 1.972500e+02
      vertex   1.554835e+02 1.692563e+02 1.973706e+02
      vertex   1.556894e+02 1.693967e+02 1.973706e+02
    endloop
  endfacet
  facet normal -6.286548e-01 6.775287e-01 -3.817695e-01
    outer loop
      vertex   1.557205e+02 1.693576e+02 1.972500e+02
      vertex   1.556894e+02 1.693967e+02 1.973706e+02
      vertex   1.559086e+02 1.695322e+02 1.972500e+02
    endloop
  endfacet
  facet normal -6.286548e-01 6.775287e-01 -3.817695e-01
    outer loop
      vertex   1.559086e+02 1.695322e+02 1.972500e+02
      vertex   1.556894e+02 1.693967e+02 1.973706e+02
      vertex   1.558720e+02 1.695661e+02 1.973706e+02
    endloop
  endfacet
  facet normal -7.226137e-01 5.762652e-01 -3.817695e-01
    outer loop
      vertex   1.559086e+02 1.695322e+02 1.972500e+02
      vertex   1.558720e+02 1.695661e+02 1.973706e+02
      vertex   1.560686e+02 1.697328e+02 1.972500e+02
    endloop
  endfacet
  facet normal -7.226137e-01 5.762652e-01 -3.817695e-01
    outer loop
      vertex   1.560686e+02 1.697328e+02 1.972500e+02
      vertex   1.558720e+02 1.695661e+02 1.973706e+02
      vertex   1.560274e+02 1.697609e+02 1.973706e+02
    endloop
  endfacet
  facet normal -8.004305e-01 4.621288e-01 -3.817695e-01
    outer loop
      vertex   1.560686e+02 1.697328e+02 1.972500e+02
      vertex   1.560274e+02 1.697609e+02 1.973706e+02
      vertex   1.561970e+02 1.699550e+02 1.972500e+02
    endloop
  endfacet
  facet normal -8.004305e-01 4.621288e-01 -3.817695e-01
    outer loop
      vertex   1.561970e+02 1.699550e+02 1.972500e+02
      vertex   1.560274e+02 1.697609e+02 1.973706e+02
      vertex   1.561519e+02 1.699767e+02 1.973706e+02
    endloop
  endfacet
  facet normal -8.603671e-01 3.376692e-01 -3.817695e-01
    outer loop
      vertex   1.561970e+02 1.699550e+02 1.972500e+02
      vertex   1.561519e+02 1.699767e+02 1.973706e+02
      vertex   1.562907e+02 1.701939e+02 1.972500e+02
    endloop
  endfacet
  facet normal -4.473750e-01 6.561787e-01 -6.076884e-01
    outer loop
      vertex   1.555482e+02 1.691442e+02 1.971464e+02
      vertex   1.555085e+02 1.692130e+02 1.972500e+02
      vertex   1.557701e+02 1.692955e+02 1.971464e+02
    endloop
  endfacet
  facet normal -4.473750e-01 6.561787e-01 -6.076884e-01
    outer loop
      vertex   1.557701e+02 1.692955e+02 1.971464e+02
      vertex   1.555085e+02 1.692130e+02 1.972500e+02
      vertex   1.557205e+02 1.693576e+02 1.972500e+02
    endloop
  endfacet
  facet normal -5.401766e-01 5.821719e-01 -6.076884e-01
    outer loop
      vertex   1.557701e+02 1.692955e+02 1.971464e+02
      vertex   1.557205e+02 1.693576e+02 1.972500e+02
      vertex   1.559669e+02 1.694781e+02 1.971464e+02
    endloop
  endfacet
  facet normal -5.401766e-01 5.821719e-01 -6.076884e-01
    outer loop
      vertex   1.559669e+02 1.694781e+02 1.971464e+02
      vertex   1.557205e+02 1.693576e+02 1.972500e+02
      vertex   1.559086e+02 1.695322e+02 1.972500e+02
    endloop
  endfacet
  facet normal -6.209115e-01 4.951604e-01 -6.076884e-01
    outer loop
      vertex   1.559669e+02 1.694781e+02 1.971464e+02
      vertex   1.559086e+02 1.695322e+02 1.972500e+02
      vertex   1.561343e+02 1.696880e+02 1.971464e+02
    endloop
  endfacet
  facet normal -6.209115e-01 4.951604e-01 -6.076884e-01
    outer loop
      vertex   1.561343e+02 1.696880e+02 1.971464e+02
      vertex   1.559086e+02 1.695322e+02 1.972500e+02
      vertex   1.560686e+02 1.697328e+02 1.972500e+02
    endloop
  endfacet
  facet normal -6.877762e-01 3.970878e-01 -6.076884e-01
    outer loop
      vertex   1.561343e+02 1.696880e+02 1.971464e+02
      vertex   1.560686e+02 1.697328e+02 1.972500e+02
      vertex   1.562685e+02 1.699206e+02 1.971464e+02
    endloop
  endfacet
  facet normal -6.877762e-01 3.970878e-01 -6.076884e-01
    outer loop
      vertex   1.562685e+02 1.699206e+02 1.971464e+02
      vertex   1.560686e+02 1.697328e+02 1.972500e+02
      vertex   1.561970e+02 1.699550e+02 1.972500e+02
    endloop
  endfacet
  facet normal -7.392772e-01 2.901449e-01 -6.076884e-01
    outer loop
      vertex   1.562685e+02 1.699206e+02 1.971464e+02
      vertex   1.561970e+02 1.699550e+02 1.972500e+02
      vertex   1.563666e+02 1.701705e+02 1.971464e+02
    endloop
  endfacet
  facet normal -7.392772e-01 2.901449e-01 -6.076884e-01
    outer loop
      vertex   1.563666e+02 1.701705e+02 1.971464e+02
      vertex   1.561970e+02 1.699550e+02 1.972500e+02
      vertex   1.562907e+02 1.701939e+02 1.972500e+02
    endloop
  endfacet
  facet normal -7.742639e-01 1.767207e-01 -6.076884e-01
    outer loop
      vertex   1.563666e+02 1.701705e+02 1.971464e+02
      vertex   1.562907e+02 1.701939e+02 1.972500e+02
      vertex   1.564264e+02 1.704323e+02 1.971464e+02
    endloop
  endfacet
  facet normal -3.435318e-01 5.038686e-01 -7.925291e-01
    outer loop
      vertex   1.556000e+02 1.690546e+02 1.970670e+02
      vertex   1.555482e+02 1.691442e+02 1.971464e+02
      vertex   1.558346e+02 1.692145e+02 1.970670e+02
    endloop
  endfacet
  facet normal -3.435318e-01 5.038686e-01 -7.925291e-01
    outer loop
      vertex   1.558346e+02 1.692145e+02 1.970670e+02
      vertex   1.555482e+02 1.691442e+02 1.971464e+02
      vertex   1.557701e+02 1.692955e+02 1.971464e+02
    endloop
  endfacet
  facet normal -4.147926e-01 4.470401e-01 -7.925291e-01
    outer loop
      vertex   1.558346e+02 1.692145e+02 1.970670e+02
      vertex   1.557701e+02 1.692955e+02 1.971464e+02
      vertex   1.560428e+02 1.694077e+02 1.970670e+02
    endloop
  endfacet
  facet normal -4.147926e-01 4.470401e-01 -7.925291e-01
    outer loop
      vertex   1.560428e+02 1.694077e+02 1.970670e+02
      vertex   1.557701e+02 1.692955e+02 1.971464e+02
      vertex   1.559669e+02 1.694781e+02 1.971464e+02
    endloop
  endfacet
  facet normal -4.767875e-01 3.802254e-01 -7.925291e-01
    outer loop
      vertex   1.560428e+02 1.694077e+02 1.970670e+02
      vertex   1.559669e+02 1.694781e+02 1.971464e+02
      vertex   1.562199e+02 1.696297e+02 1.970670e+02
    endloop
  endfacet
  facet normal -4.767875e-01 3.802254e-01 -7.925291e-01
    outer loop
      vertex   1.562199e+02 1.696297e+02 1.970670e+02
      vertex   1.559669e+02 1.694781e+02 1.971464e+02
      vertex   1.561343e+02 1.696880e+02 1.971464e+02
    endloop
  endfacet
  facet normal -5.281319e-01 3.049171e-01 -7.925291e-01
    outer loop
      vertex   1.562199e+02 1.696297e+02 1.970670e+02
      vertex   1.561343e+02 1.696880e+02 1.971464e+02
      vertex   1.563618e+02 1.698756e+02 1.970670e+02
    endloop
  endfacet
  facet normal -5.281319e-01 3.049171e-01 -7.925291e-01
    outer loop
      vertex   1.563618e+02 1.698756e+02 1.970670e+02
      vertex   1.561343e+02 1.696880e+02 1.971464e+02
      vertex   1.562685e+02 1.699206e+02 1.971464e+02
    endloop
  endfacet
  facet normal -5.676786e-01 2.227974e-01 -7.925291e-01
    outer loop
      vertex   1.563618e+02 1.698756e+02 1.970670e+02
      vertex   1.562685e+02 1.699206e+02 1.971464e+02
      vertex   1.564656e+02 1.701400e+02 1.970670e+02
    endloop
  endfacet
  facet normal -5.676786e-01 2.227974e-01 -7.925291e-01
    outer loop
      vertex   1.564656e+02 1.701400e+02 1.970670e+02
      vertex   1.562685e+02 1.699206e+02 1.971464e+02
      vertex   1.563666e+02 1.701705e+02 1.971464e+02
    endloop
  endfacet
  facet normal -5.945443e-01 1.357009e-01 -7.925291e-01
    outer loop
      vertex   1.564656e+02 1.701400e+02 1.970670e+02
      vertex   1.563666e+02 1.701705e+02 1.971464e+02
      vertex   1.565288e+02 1.704168e+02 1.970670e+02
    endloop
  endfacet
  facet normal -5.945443e-01 1.357009e-01 -7.925291e-01
    outer loop
      vertex   1.565288e+02 1.704168e+02 1.970670e+02
      vertex   1.563666e+02 1.701705e+02 1.971464e+02
      vertex   1.564264e+02 1.704323e+02 1.971464e+02
    endloop
  endfacet
  facet normal -6.081289e-01 4.557296e-02 -7.925291e-01
    outer loop
      vertex   1.565288e+02 1.704168e+02 1.970670e+02
      vertex   1.564264e+02 1.704323e+02 1.971464e+02
      vertex   1.565500e+02 1.707000e+02 1.970670e+02
    endloop
  endfacet
  facet normal -2.160889e-01 3.169442e-01 -9.234999e-01
    outer loop
      vertex   1.556603e+02 1.689501e+02 1.970170e+02
      vertex   1.556000e+02 1.690546e+02 1.970670e+02
      vertex   1.559098e+02 1.691202e+02 1.970170e+02
    endloop
  endfacet
  facet normal -2.160889e-01 3.169442e-01 -9.234999e-01
    outer loop
      vertex   1.559098e+02 1.691202e+02 1.970170e+02
      vertex   1.556000e+02 1.690546e+02 1.970670e+02
      vertex   1.558346e+02 1.692145e+02 1.970670e+02
    endloop
  endfacet
  facet normal -2.609134e-01 2.811978e-01 -9.234999e-01
    outer loop
      vertex   1.559098e+02 1.691202e+02 1.970170e+02
      vertex   1.558346e+02 1.692145e+02 1.970670e+02
      vertex   1.561312e+02 1.693256e+02 1.970170e+02
    endloop
  endfacet
  facet normal -2.609134e-01 2.811978e-01 -9.234999e-01
    outer loop
      vertex   1.561312e+02 1.693256e+02 1.970170e+02
      vertex   1.558346e+02 1.692145e+02 1.970670e+02
      vertex   1.560428e+02 1.694077e+02 1.970670e+02
    endloop
  endfacet
  facet normal -2.999096e-01 2.391699e-01 -9.234999e-01
    outer loop
      vertex   1.561312e+02 1.693256e+02 1.970170e+02
      vertex   1.560428e+02 1.694077e+02 1.970670e+02
      vertex   1.563195e+02 1.695618e+02 1.970170e+02
    endloop
  endfacet
  facet normal -2.999096e-01 2.391699e-01 -9.234999e-01
    outer loop
      vertex   1.563195e+02 1.695618e+02 1.970170e+02
      vertex   1.560428e+02 1.694077e+02 1.970670e+02
      vertex   1.562199e+02 1.696297e+02 1.970670e+02
    endloop
  endfacet
  facet normal -3.322063e-01 1.917994e-01 -9.234999e-01
    outer loop
      vertex   1.563195e+02 1.695618e+02 1.970170e+02
      vertex   1.562199e+02 1.696297e+02 1.970670e+02
      vertex   1.564705e+02 1.698233e+02 1.970170e+02
    endloop
  endfacet
  facet normal -3.322063e-01 1.917994e-01 -9.234999e-01
    outer loop
      vertex   1.564705e+02 1.698233e+02 1.970170e+02
      vertex   1.562199e+02 1.696297e+02 1.970670e+02
      vertex   1.563618e+02 1.698756e+02 1.970670e+02
    endloop
  endfacet
  facet normal -3.570820e-01 1.401444e-01 -9.234999e-01
    outer loop
      vertex   1.564705e+02 1.698233e+02 1.970170e+02
      vertex   1.563618e+02 1.698756e+02 1.970670e+02
      vertex   1.565808e+02 1.701044e+02 1.970170e+02
    endloop
  endfacet
  facet normal -3.570820e-01 1.401444e-01 -9.234999e-01
    outer loop
      vertex   1.565808e+02 1.701044e+02 1.970170e+02
      vertex   1.563618e+02 1.698756e+02 1.970670e+02
      vertex   1.564656e+02 1.701400e+02 1.970670e+02
    endloop
  endfacet
  facet normal -3.739812e-01 8.535876e-02 -9.234999e-01
    outer loop
      vertex   1.565808e+02 1.701044e+02 1.970170e+02
      vertex   1.564656e+02 1.701400e+02 1.970670e+02
      vertex   1.566480e+02 1.703988e+02 1.970170e+02
    endloop
  endfacet
  facet normal -3.739812e-01 8.535876e-02 -9.234999e-01
    outer loop
      vertex   1.566480e+02 1.703988e+02 1.970170e+02
      vertex   1.564656e+02 1.701400e+02 1.970670e+02
      vertex   1.565288e+02 1.704168e+02 1.970670e+02
    endloop
  endfacet
  facet normal -3.825262e-01 2.866637e-02 -9.234999e-01
    outer loop
      vertex   1.566480e+02 1.703988e+02 1.970170e+02
      vertex   1.565288e+02 1.704168e+02 1.970670e+02
      vertex   1.566706e+02 1.707000e+02 1.970170e+02
    endloop
  endfacet
  facet normal -3.825262e-01 2.866637e-02 -9.234999e-01
    outer loop
      vertex   1.566706e+02 1.707000e+02 1.970170e+02
      vertex   1.565288e+02 1.704168e+02 1.970670e+02
      vertex   1.565500e+02 1.707000e+02 1.970670e+02
    endloop
  endfacet
  facet normal -3.825262e-01 -2.866637e-02 -9.234999e-01
    outer loop
      vertex   1.566706e+02 1.707000e+02 1.970170e+02
      vertex   1.565500e+02 1.707000e+02 1.970670e+02
      vertex   1.566480e+02 1.710012e+02 1.970170e+02
    endloop
  endfacet
  facet normal -8.603671e-01 -3.376692e-01 -3.817695e-01
    outer loop
      vertex   1.562430e+02 1.711914e+02 1.973706e+02
      vertex   1.561519e+02 1.714233e+02 1.973706e+02
      vertex   1.561970e+02 1.714450e+02 1.972500e+02
    endloop
  endfacet
  facet normal -8.004305e-01 -4.621288e-01 -3.817695e-01
    outer loop
      vertex   1.561970e+02 1.714450e+02 1.972500e+02
      vertex   1.561519e+02 1.714233e+02 1.973706e+02
      vertex   1.560686e+02 1.716672e+02 1.972500e+02
    endloop
  endfacet
  facet normal -6.877762e-01 -3.970878e-01 -6.076884e-01
    outer loop
      vertex   1.561970e+02 1.714450e+02 1.972500e+02
      vertex   1.560686e+02 1.716672e+02 1.972500e+02
      vertex   1.561343e+02 1.717120e+02 1.971464e+02
    endloop
  endfacet
  facet normal -6.209115e-01 -4.951604e-01 -6.076884e-01
    outer loop
      vertex   1.561343e+02 1.717120e+02 1.971464e+02
      vertex   1.560686e+02 1.716672e+02 1.972500e+02
      vertex   1.559669e+02 1.719219e+02 1.971464e+02
    endloop
  endfacet
  facet normal -4.767875e-01 -3.802254e-01 -7.925291e-01
    outer loop
      vertex   1.561343e+02 1.717120e+02 1.971464e+02
      vertex   1.559669e+02 1.719219e+02 1.971464e+02
      vertex   1.560428e+02 1.719923e+02 1.970670e+02
    endloop
  endfacet
  facet normal -4.147926e-01 -4.470401e-01 -7.925291e-01
    outer loop
      vertex   1.560428e+02 1.719923e+02 1.970670e+02
      vertex   1.559669e+02 1.719219e+02 1.971464e+02
      vertex   1.558346e+02 1.721855e+02 1.970670e+02
    endloop
  endfacet
  facet normal -2.609134e-01 -2.811978e-01 -9.234999e-01
    outer loop
      vertex   1.560428e+02 1.719923e+02 1.970670e+02
      vertex   1.558346e+02 1.721855e+02 1.970670e+02
      vertex   1.559098e+02 1.722798e+02 1.970170e+02
    endloop
  endfacet
  facet normal -2.160889e-01 -3.169442e-01 -9.234999e-01
    outer loop
      vertex   1.559098e+02 1.722798e+02 1.970170e+02
      vertex   1.558346e+02 1.721855e+02 1.970670e+02
      vertex   1.556603e+02 1.724499e+02 1.970170e+02
    endloop
  endfacet
  facet normal -8.004305e-01 -4.621288e-01 -3.817695e-01
    outer loop
      vertex   1.561519e+02 1.714233e+02 1.973706e+02
      vertex   1.560274e+02 1.716391e+02 1.973706e+02
      vertex   1.560686e+02 1.716672e+02 1.972500e+02
    endloop
  endfacet
  facet normal -7.226137e-01 -5.762652e-01 -3.817695e-01
    outer loop
      vertex   1.560686e+02 1.716672e+02 1.972500e+02
      vertex   1.560274e+02 1.716391e+02 1.973706e+02
      vertex   1.559086e+02 1.718678e+02 1.972500e+02
    endloop
  endfacet
  facet normal -6.209115e-01 -4.951604e-01 -6.076884e-01
    outer loop
      vertex   1.560686e+02 1.716672e+02 1.972500e+02
      vertex   1.559086e+02 1.718678e+02 1.972500e+02
      vertex   1.559669e+02 1.719219e+02 1.971464e+02
    endloop
  endfacet
  facet normal -5.401766e-01 -5.821719e-01 -6.076884e-01
    outer loop
      vertex   1.559669e+02 1.719219e+02 1.971464e+02
      vertex   1.559086e+02 1.718678e+02 1.972500e+02
      vertex   1.557701e+02 1.721045e+02 1.971464e+02
    endloop
  endfacet
  facet normal -4.147926e-01 -4.470401e-01 -7.925291e-01
    outer loop
      vertex   1.559669e+02 1.719219e+02 1.971464e+02
      vertex   1.557701e+02 1.721045e+02 1.971464e+02
      vertex   1.558346e+02 1.721855e+02 1.970670e+02
    endloop
  endfacet
  facet normal -3.435318e-01 -5.038686e-01 -7.925291e-01
    outer loop
      vertex   1.558346e+02 1.721855e+02 1.970670e+02
      vertex   1.557701e+02 1.721045e+02 1.971464e+02
      vertex   1.556000e+02 1.723454e+02 1.970670e+02
    endloop
  endfacet
  facet normal -2.160889e-01 -3.169442e-01 -9.234999e-01
    outer loop
      vertex   1.558346e+02 1.721855e+02 1.970670e+02
      vertex   1.556000e+02 1.723454e+02 1.970670e+02
      vertex   1.556603e+02 1.724499e+02 1.970170e+02
    endloop
  endfacet
  facet normal -1.664373e-01 -3.456106e-01 -9.234999e-01
    outer loop
      vertex   1.556603e+02 1.724499e+02 1.970170e+02
      vertex   1.556000e+02 1.723454e+02 1.970670e+02
      vertex   1.553882e+02 1.725809e+02 1.970170e+02
    endloop
  endfacet
  facet normal -7.226137e-01 -5.762652e-01 -3.817695e-01
    outer loop
      vertex   1.560274e+02 1.716391e+02 1.973706e+02
      vertex   1.558720e+02 1.718339e+02 1.973706e+02
      vertex   1.559086e+02 1.718678e+02 1.972500e+02
    endloop
  endfacet
  facet normal -6.286548e-01 -6.775287e-01 -3.817695e-01
    outer loop
      vertex   1.559086e+02 1.718678e+02 1.972500e+02
      vertex   1.558720e+02 1.718339e+02 1.973706e+02
      vertex   1.557205e+02 1.720424e+02 1.972500e+02
    endloop
  endfacet
  facet normal -5.401766e-01 -5.821719e-01 -6.076884e-01
    outer loop
      vertex   1.559086e+02 1.718678e+02 1.972500e+02
      vertex   1.557205e+02 1.720424e+02 1.972500e+02
      vertex   1.557701e+02 1.721045e+02 1.971464e+02
    endloop
  endfacet
  facet normal -4.473750e-01 -6.561787e-01 -6.076884e-01
    outer loop
      vertex   1.557701e+02 1.721045e+02 1.971464e+02
      vertex   1.557205e+02 1.720424e+02 1.972500e+02
      vertex   1.555482e+02 1.722558e+02 1.971464e+02
    endloop
  endfacet
  facet normal -3.435318e-01 -5.038686e-01 -7.925291e-01
    outer loop
      vertex   1.557701e+02 1.721045e+02 1.971464e+02
      vertex   1.555482e+02 1.722558e+02 1.971464e+02
      vertex   1.556000e+02 1.723454e+02 1.970670e+02
    endloop
  endfacet
  facet normal -2.645971e-01 -5.494416e-01 -7.925291e-01
    outer loop
      vertex   1.556000e+02 1.723454e+02 1.970670e+02
      vertex   1.555482e+02 1.722558e+02 1.971464e+02
      vertex   1.553441e+02 1.724687e+02 1.970670e+02
    endloop
  endfacet
  facet normal -1.664373e-01 -3.456106e-01 -9.234999e-01
    outer loop
      vertex   1.556000e+02 1.723454e+02 1.970670e+02
      vertex   1.553441e+02 1.724687e+02 1.970670e+02
      vertex   1.553882e+02 1.725809e+02 1.970170e+02
    endloop
  endfacet
  facet normal -1.130677e-01 -3.665566e-01 -9.234999e-01
    outer loop
      vertex   1.553882e+02 1.725809e+02 1.970170e+02
      vertex   1.553441e+02 1.724687e+02 1.970670e+02
      vertex   1.550996e+02 1.726699e+02 1.970170e+02
    endloop
  endfacet
  facet normal -6.286548e-01 -6.775287e-01 -3.817695e-01
    outer loop
      vertex   1.558720e+02 1.718339e+02 1.973706e+02
      vertex   1.556894e+02 1.720033e+02 1.973706e+02
      vertex   1.557205e+02 1.720424e+02 1.972500e+02
    endloop
  endfacet
  facet normal -5.206528e-01 -7.636574e-01 -3.817695e-01
    outer loop
      vertex   1.557205e+02 1.720424e+02 1.972500e+02
      vertex   1.556894e+02 1.720033e+02 1.973706e+02
      vertex   1.555085e+02 1.721870e+02 1.972500e+02
    endloop
  endfacet
  facet normal -4.473750e-01 -6.561787e-01 -6.076884e-01
    outer loop
      vertex   1.557205e+02 1.720424e+02 1.972500e+02
      vertex   1.555085e+02 1.721870e+02 1.972500e+02
      vertex   1.555482e+02 1.722558e+02 1.971464e+02
    endloop
  endfacet
  facet normal -3.445799e-01 -7.155275e-01 -6.076884e-01
    outer loop
      vertex   1.555482e+02 1.722558e+02 1.971464e+02
      vertex   1.555085e+02 1.721870e+02 1.972500e+02
      vertex   1.553063e+02 1.723723e+02 1.971464e+02
    endloop
  endfacet
  facet normal -2.645971e-01 -5.494416e-01 -7.925291e-01
    outer loop
      vertex   1.555482e+02 1.722558e+02 1.971464e+02
      vertex   1.553063e+02 1.723723e+02 1.971464e+02
      vertex   1.553441e+02 1.724687e+02 1.970670e+02
    endloop
  endfacet
  facet normal -1.797518e-01 -5.827409e-01 -7.925291e-01
    outer loop
      vertex   1.553441e+02 1.724687e+02 1.970670e+02
      vertex   1.553063e+02 1.723723e+02 1.971464e+02
      vertex   1.550728e+02 1.725524e+02 1.970670e+02
    endloop
  endfacet
  facet normal -1.130677e-01 -3.665566e-01 -9.234999e-01
    outer loop
      vertex   1.553441e+02 1.724687e+02 1.970670e+02
      vertex   1.550728e+02 1.725524e+02 1.970670e+02
      vertex   1.550996e+02 1.726699e+02 1.970170e+02
    endloop
  endfacet
  facet normal -5.717243e-02 -3.793143e-01 -9.234999e-01
    outer loop
      vertex   1.550996e+02 1.726699e+02 1.970170e+02
      vertex   1.550728e+02 1.725524e+02 1.970670e+02
      vertex   1.548010e+02 1.727149e+02 1.970170e+02
    endloop
  endfacet
  facet normal -4.010203e-01 -8.327273e-01 -3.817695e-01
    outer loop
      vertex   1.554835e+02 1.721437e+02 1.973706e+02
      vertex   1.552773e+02 1.722983e+02 1.972500e+02
      vertex   1.555085e+02 1.721870e+02 1.972500e+02
    endloop
  endfacet
  facet normal -3.445799e-01 -7.155275e-01 -6.076884e-01
    outer loop
      vertex   1.555085e+02 1.721870e+02 1.972500e+02
      vertex   1.552773e+02 1.722983e+02 1.972500e+02
      vertex   1.553063e+02 1.723723e+02 1.971464e+02
    endloop
  endfacet
  facet normal -1.797518e-01 -5.827409e-01 -7.925291e-01
    outer loop
      vertex   1.550728e+02 1.725524e+02 1.970670e+02
      vertex   1.553063e+02 1.723723e+02 1.971464e+02
      vertex   1.550497e+02 1.724514e+02 1.971464e+02
    endloop
  endfacet
  facet normal -2.340874e-01 -7.588926e-01 -6.076884e-01
    outer loop
      vertex   1.550497e+02 1.724514e+02 1.971464e+02
      vertex   1.553063e+02 1.723723e+02 1.971464e+02
      vertex   1.552773e+02 1.722983e+02 1.972500e+02
    endloop
  endfacet
  facet normal -5.206528e-01 -7.636574e-01 -3.817695e-01
    outer loop
      vertex   1.556894e+02 1.720033e+02 1.973706e+02
      vertex   1.554835e+02 1.721437e+02 1.973706e+02
      vertex   1.555085e+02 1.721870e+02 1.972500e+02
    endloop
  endfacet
  facet normal -5.717243e-02 -3.793143e-01 -9.234999e-01
    outer loop
      vertex   1.548010e+02 1.727149e+02 1.970170e+02
      vertex   1.550728e+02 1.725524e+02 1.970670e+02
      vertex   1.547920e+02 1.725947e+02 1.970670e+02
    endloop
  endfacet
  facet normal -9.089106e-02 -6.030228e-01 -7.925291e-01
    outer loop
      vertex   1.547920e+02 1.725947e+02 1.970670e+02
      vertex   1.550728e+02 1.725524e+02 1.970670e+02
      vertex   1.550497e+02 1.724514e+02 1.971464e+02
    endloop
  endfacet
  facet normal 0.000000e+00 -3.835988e-01 -9.234999e-01
    outer loop
      vertex   1.544990e+02 1.727149e+02 1.970170e+02
      vertex   1.548010e+02 1.727149e+02 1.970170e+02
      vertex   1.547920e+02 1.725947e+02 1.970670e+02
    endloop
  endfacet
  facet normal 2.724297e-01 -8.831954e-01 -3.817695e-01
    outer loop
      vertex   1.540410e+02 1.722518e+02 1.973706e+02
      vertex   1.540227e+02 1.722983e+02 1.972500e+02
      vertex   1.542790e+02 1.723252e+02 1.973706e+02
    endloop
  endfacet
  facet normal 2.724297e-01 -8.831954e-01 -3.817695e-01
    outer loop
      vertex   1.542790e+02 1.723252e+02 1.973706e+02
      vertex   1.540227e+02 1.722983e+02 1.972500e+02
      vertex   1.542679e+02 1.723739e+02 1.972500e+02
    endloop
  endfacet
  facet normal 1.377534e-01 -9.139344e-01 -3.817695e-01
    outer loop
      vertex   1.542790e+02 1.723252e+02 1.973706e+02
      vertex   1.542679e+02 1.723739e+02 1.972500e+02
      vertex   1.545254e+02 1.723624e+02 1.973706e+02
    endloop
  endfacet
  facet normal 2.340874e-01 -7.588926e-01 -6.076884e-01
    outer loop
      vertex   1.540227e+02 1.722983e+02 1.972500e+02
      vertex   1.539937e+02 1.723723e+02 1.971464e+02
      vertex   1.542679e+02 1.723739e+02 1.972500e+02
    endloop
  endfacet
  facet normal 5.206528e-01 -7.636574e-01 -3.817695e-01
    outer loop
      vertex   1.536106e+02 1.720033e+02 1.973706e+02
      vertex   1.535795e+02 1.720424e+02 1.972500e+02
      vertex   1.538165e+02 1.721437e+02 1.973706e+02
    endloop
  endfacet
  facet normal 5.206528e-01 -7.636574e-01 -3.817695e-01
    outer loop
      vertex   1.538165e+02 1.721437e+02 1.973706e+02
      vertex   1.535795e+02 1.720424e+02 1.972500e+02
      vertex   1.537915e+02 1.721870e+02 1.972500e+02
    endloop
  endfacet
  facet normal 4.473750e-01 -6.561787e-01 -6.076884e-01
    outer loop
      vertex   1.535795e+02 1.720424e+02 1.972500e+02
      vertex   1.535299e+02 1.721045e+02 1.971464e+02
      vertex   1.537915e+02 1.721870e+02 1.972500e+02
    endloop
  endfacet
  facet normal 4.473750e-01 -6.561787e-01 -6.076884e-01
    outer loop
      vertex   1.537915e+02 1.721870e+02 1.972500e+02
      vertex   1.535299e+02 1.721045e+02 1.971464e+02
      vertex   1.537518e+02 1.722558e+02 1.971464e+02
    endloop
  endfacet
  facet normal 2.160889e-01 -3.169442e-01 -9.234999e-01
    outer loop
      vertex   1.533902e+02 1.722798e+02 1.970170e+02
      vertex   1.536397e+02 1.724499e+02 1.970170e+02
      vertex   1.537000e+02 1.723454e+02 1.970670e+02
    endloop
  endfacet
  facet normal 3.435318e-01 -5.038686e-01 -7.925291e-01
    outer loop
      vertex   1.535299e+02 1.721045e+02 1.971464e+02
      vertex   1.534654e+02 1.721855e+02 1.970670e+02
      vertex   1.537518e+02 1.722558e+02 1.971464e+02
    endloop
  endfacet
  facet normal 3.435318e-01 -5.038686e-01 -7.925291e-01
    outer loop
      vertex   1.537518e+02 1.722558e+02 1.971464e+02
      vertex   1.534654e+02 1.721855e+02 1.970670e+02
      vertex   1.537000e+02 1.723454e+02 1.970670e+02
    endloop
  endfacet
  facet normal 2.160889e-01 -3.169442e-01 -9.234999e-01
    outer loop
      vertex   1.534654e+02 1.721855e+02 1.970670e+02
      vertex   1.533902e+02 1.722798e+02 1.970170e+02
      vertex   1.537000e+02 1.723454e+02 1.970670e+02
    endloop
  endfacet
  facet normal 9.216731e-01 6.906985e-02 -3.817695e-01
    outer loop
      vertex   1.529830e+02 1.707000e+02 1.973706e+02
      vertex   1.530016e+02 1.704515e+02 1.973706e+02
      vertex   1.529522e+02 1.704441e+02 1.972500e+02
    endloop
  endfacet
  facet normal 9.010845e-01 2.056667e-01 -3.817695e-01
    outer loop
      vertex   1.529522e+02 1.704441e+02 1.972500e+02
      vertex   1.530016e+02 1.704515e+02 1.973706e+02
      vertex   1.530093e+02 1.701939e+02 1.972500e+02
    endloop
  endfacet
  facet normal 7.742639e-01 1.767207e-01 -6.076884e-01
    outer loop
      vertex   1.529522e+02 1.704441e+02 1.972500e+02
      vertex   1.530093e+02 1.701939e+02 1.972500e+02
      vertex   1.529334e+02 1.701705e+02 1.971464e+02
    endloop
  endfacet
  facet normal 7.392772e-01 2.901449e-01 -6.076884e-01
    outer loop
      vertex   1.529334e+02 1.701705e+02 1.971464e+02
      vertex   1.530093e+02 1.701939e+02 1.972500e+02
      vertex   1.530315e+02 1.699206e+02 1.971464e+02
    endloop
  endfacet
  facet normal 5.676786e-01 2.227974e-01 -7.925291e-01
    outer loop
      vertex   1.529334e+02 1.701705e+02 1.971464e+02
      vertex   1.530315e+02 1.699206e+02 1.971464e+02
      vertex   1.529382e+02 1.698756e+02 1.970670e+02
    endloop
  endfacet
  facet normal 5.281319e-01 3.049171e-01 -7.925291e-01
    outer loop
      vertex   1.529382e+02 1.698756e+02 1.970670e+02
      vertex   1.530315e+02 1.699206e+02 1.971464e+02
      vertex   1.530801e+02 1.696297e+02 1.970670e+02
    endloop
  endfacet
  facet normal 3.322063e-01 1.917994e-01 -9.234999e-01
    outer loop
      vertex   1.529382e+02 1.698756e+02 1.970670e+02
      vertex   1.530801e+02 1.696297e+02 1.970670e+02
      vertex   1.529805e+02 1.695618e+02 1.970170e+02
    endloop
  endfacet
  facet normal 2.999096e-01 2.391699e-01 -9.234999e-01
    outer loop
      vertex   1.529805e+02 1.695618e+02 1.970170e+02
      vertex   1.530801e+02 1.696297e+02 1.970670e+02
      vertex   1.531688e+02 1.693256e+02 1.970170e+02
    endloop
  endfacet
  facet normal 9.010845e-01 2.056667e-01 -3.817695e-01
    outer loop
      vertex   1.530016e+02 1.704515e+02 1.973706e+02
      vertex   1.530570e+02 1.702086e+02 1.973706e+02
      vertex   1.530093e+02 1.701939e+02 1.972500e+02
    endloop
  endfacet
  facet normal 8.603671e-01 3.376692e-01 -3.817695e-01
    outer loop
      vertex   1.530093e+02 1.701939e+02 1.972500e+02
      vertex   1.530570e+02 1.702086e+02 1.973706e+02
      vertex   1.531030e+02 1.699550e+02 1.972500e+02
    endloop
  endfacet
  facet normal 7.392772e-01 2.901449e-01 -6.076884e-01
    outer loop
      vertex   1.530093e+02 1.701939e+02 1.972500e+02
      vertex   1.531030e+02 1.699550e+02 1.972500e+02
      vertex   1.530315e+02 1.699206e+02 1.971464e+02
    endloop
  endfacet
  facet normal 6.877762e-01 3.970878e-01 -6.076884e-01
    outer loop
      vertex   1.530315e+02 1.699206e+02 1.971464e+02
      vertex   1.531030e+02 1.699550e+02 1.972500e+02
      vertex   1.531657e+02 1.696880e+02 1.971464e+02
    endloop
  endfacet
  facet normal 5.281319e-01 3.049171e-01 -7.925291e-01
    outer loop
      vertex   1.530315e+02 1.699206e+02 1.971464e+02
      vertex   1.531657e+02 1.696880e+02 1.971464e+02
      vertex   1.530801e+02 1.696297e+02 1.970670e+02
    endloop
  endfacet
  facet normal 4.767875e-01 3.802254e-01 -7.925291e-01
    outer loop
      vertex   1.530801e+02 1.696297e+02 1.970670e+02
      vertex   1.531657e+02 1.696880e+02 1.971464e+02
      vertex   1.532572e+02 1.694077e+02 1.970670e+02
    endloop
  endfacet
  facet normal 2.999096e-01 2.391699e-01 -9.234999e-01
    outer loop
      vertex   1.530801e+02 1.696297e+02 1.970670e+02
      vertex   1.532572e+02 1.694077e+02 1.970670e+02
      vertex   1.531688e+02 1.693256e+02 1.970170e+02
    endloop
  endfacet
  facet normal 2.609134e-01 2.811978e-01 -9.234999e-01
    outer loop
      vertex   1.531688e+02 1.693256e+02 1.970170e+02
      vertex   1.532572e+02 1.694077e+02 1.970670e+02
      vertex   1.533902e+02 1.691202e+02 1.970170e+02
    endloop
  endfacet
  facet normal 8.603671e-01 3.376692e-01 -3.817695e-01
    outer loop
      vertex   1.530570e+02 1.702086e+02 1.973706e+02
      vertex   1.531481e+02 1.699767e+02 1.973706e+02
      vertex   1.531030e+02 1.699550e+02 1.972500e+02
    endloop
  endfacet
  facet normal 8.004305e-01 4.621288e-01 -3.817695e-01
    outer loop
      vertex   1.531030e+02 1.699550e+02 1.972500e+02
      vertex   1.531481e+02 1.699767e+02 1.973706e+02
      vertex   1.532314e+02 1.697328e+02 1.972500e+02
    endloop
  endfacet
  facet normal 6.877762e-01 3.970878e-01 -6.076884e-01
    outer loop
      vertex   1.531030e+02 1.699550e+02 1.972500e+02
      vertex   1.532314e+02 1.697328e+02 1.972500e+02
      vertex   1.531657e+02 1.696880e+02 1.971464e+02
    endloop
  endfacet
  facet normal 6.209115e-01 4.951604e-01 -6.076884e-01
    outer loop
      vertex   1.531657e+02 1.696880e+02 1.971464e+02
      vertex   1.532314e+02 1.697328e+02 1.972500e+02
      vertex   1.533331e+02 1.694781e+02 1.971464e+02
    endloop
  endfacet
  facet normal 4.767875e-01 3.802254e-01 -7.925291e-01
    outer loop
      vertex   1.531657e+02 1.696880e+02 1.971464e+02
      vertex   1.533331e+02 1.694781e+02 1.971464e+02
      vertex   1.532572e+02 1.694077e+02 1.970670e+02
    endloop
  endfacet
  facet normal 4.147926e-01 4.470401e-01 -7.925291e-01
    outer loop
      vertex   1.532572e+02 1.694077e+02 1.970670e+02
      vertex   1.533331e+02 1.694781e+02 1.971464e+02
      vertex   1.534654e+02 1.692145e+02 1.970670e+02
    endloop
  endfacet
  facet normal 2.609134e-01 2.811978e-01 -9.234999e-01
    outer loop
      vertex   1.532572e+02 1.694077e+02 1.970670e+02
      vertex   1.534654e+02 1.692145e+02 1.970670e+02
      vertex   1.533902e+02 1.691202e+02 1.970170e+02
    endloop
  endfacet
  facet normal 2.160889e-01 3.169442e-01 -9.234999e-01
    outer loop
      vertex   1.533902e+02 1.691202e+02 1.970170e+02
      vertex   1.534654e+02 1.692145e+02 1.970670e+02
      vertex   1.536397e+02 1.689501e+02 1.970170e+02
    endloop
  endfacet
  facet normal 8.004305e-01 4.621288e-01 -3.817695e-01
    outer loop
      vertex   1.531481e+02 1.699767e+02 1.973706e+02
      vertex   1.532726e+02 1.697609e+02 1.973706e+02
      vertex   1.532314e+02 1.697328e+02 1.972500e+02
    endloop
  endfacet
  facet normal 7.226137e-01 5.762652e-01 -3.817695e-01
    outer loop
      vertex   1.532314e+02 1.697328e+02 1.972500e+02
      vertex   1.532726e+02 1.697609e+02 1.973706e+02
      vertex   1.533914e+02 1.695322e+02 1.972500e+02
    endloop
  endfacet
  facet normal 6.209115e-01 4.951604e-01 -6.076884e-01
    outer loop
      vertex   1.532314e+02 1.697328e+02 1.972500e+02
      vertex   1.533914e+02 1.695322e+02 1.972500e+02
      vertex   1.533331e+02 1.694781e+02 1.971464e+02
    endloop
  endfacet
  facet normal 5.401766e-01 5.821719e-01 -6.076884e-01
    outer loop
      vertex   1.533331e+02 1.694781e+02 1.971464e+02
      vertex   1.533914e+02 1.695322e+02 1.972500e+02
      vertex   1.535299e+02 1.692955e+02 1.971464e+02
    endloop
  endfacet
  facet normal 4.147926e-01 4.470401e-01 -7.925291e-01
    outer loop
      vertex   1.533331e+02 1.694781e+02 1.971464e+02
      vertex   1.535299e+02 1.692955e+02 1.971464e+02
      vertex   1.534654e+02 1.692145e+02 1.970670e+02
    endloop
  endfacet
  facet normal 3.435318e-01 5.038686e-01 -7.925291e-01
    outer loop
      vertex   1.534654e+02 1.692145e+02 1.970670e+02
      vertex   1.535299e+02 1.692955e+02 1.971464e+02
      vertex   1.537000e+02 1.690546e+02 1.970670e+02
    endloop
  endfacet
  facet normal 2.160889e-01 3.169442e-01 -9.234999e-01
    outer loop
      vertex   1.534654e+02 1.692145e+02 1.970670e+02
      vertex   1.537000e+02 1.690546e+02 1.970670e+02
      vertex   1.536397e+02 1.689501e+02 1.970170e+02
    endloop
  endfacet
  facet normal 1.664373e-01 3.456106e-01 -9.234999e-01
    outer loop
      vertex   1.536397e+02 1.689501e+02 1.970170e+02
      vertex   1.537000e+02 1.690546e+02 1.970670e+02
      vertex   1.539118e+02 1.688191e+02 1.970170e+02
    endloop
  endfacet
  facet normal 1.377534e-01 9.139344e-01 -3.817695e-01
    outer loop
      vertex   1.542790e+02 1.690748e+02 1.973706e+02
      vertex   1.545254e+02 1.690376e+02 1.973706e+02
      vertex   1.545217e+02 1.689878e+02 1.972500e+02
    endloop
  endfacet
  facet normal 0.000000e+00 9.242576e-01 -3.817695e-01
    outer loop
      vertex   1.545217e+02 1.689878e+02 1.972500e+02
      vertex   1.545254e+02 1.690376e+02 1.973706e+02
      vertex   1.547783e+02 1.689878e+02 1.972500e+02
    endloop
  endfacet
  facet normal 0.000000e+00 7.941756e-01 -6.076884e-01
    outer loop
      vertex   1.545217e+02 1.689878e+02 1.972500e+02
      vertex   1.547783e+02 1.689878e+02 1.972500e+02
      vertex   1.547842e+02 1.689086e+02 1.971464e+02
    endloop
  endfacet
  facet normal -1.183657e-01 7.853053e-01 -6.076884e-01
    outer loop
      vertex   1.547842e+02 1.689086e+02 1.971464e+02
      vertex   1.547783e+02 1.689878e+02 1.972500e+02
      vertex   1.550497e+02 1.689486e+02 1.971464e+02
    endloop
  endfacet
  facet normal -9.089106e-02 6.030228e-01 -7.925291e-01
    outer loop
      vertex   1.547842e+02 1.689086e+02 1.971464e+02
      vertex   1.550497e+02 1.689486e+02 1.971464e+02
      vertex   1.550728e+02 1.688476e+02 1.970670e+02
    endloop
  endfacet
  facet normal -1.797518e-01 5.827409e-01 -7.925291e-01
    outer loop
      vertex   1.550728e+02 1.688476e+02 1.970670e+02
      vertex   1.550497e+02 1.689486e+02 1.971464e+02
      vertex   1.553441e+02 1.689313e+02 1.970670e+02
    endloop
  endfacet
  facet normal -1.130677e-01 3.665566e-01 -9.234999e-01
    outer loop
      vertex   1.550728e+02 1.688476e+02 1.970670e+02
      vertex   1.553441e+02 1.689313e+02 1.970670e+02
      vertex   1.553882e+02 1.688191e+02 1.970170e+02
    endloop
  endfacet
  facet normal 0.000000e+00 9.242576e-01 -3.817695e-01
    outer loop
      vertex   1.545254e+02 1.690376e+02 1.973706e+02
      vertex   1.547746e+02 1.690376e+02 1.973706e+02
      vertex   1.547783e+02 1.689878e+02 1.972500e+02
    endloop
  endfacet
  facet normal -1.377534e-01 9.139344e-01 -3.817695e-01
    outer loop
      vertex   1.547783e+02 1.689878e+02 1.972500e+02
      vertex   1.547746e+02 1.690376e+02 1.973706e+02
      vertex   1.550321e+02 1.690261e+02 1.972500e+02
    endloop
  endfacet
  facet normal -1.183657e-01 7.853053e-01 -6.076884e-01
    outer loop
      vertex   1.547783e+02 1.689878e+02 1.972500e+02
      vertex   1.550321e+02 1.690261e+02 1.972500e+02
      vertex   1.550497e+02 1.689486e+02 1.971464e+02
    endloop
  endfacet
  facet normal -2.340874e-01 7.588926e-01 -6.076884e-01
    outer loop
      vertex   1.550497e+02 1.689486e+02 1.971464e+02
      vertex   1.550321e+02 1.690261e+02 1.972500e+02
      vertex   1.553063e+02 1.690277e+02 1.971464e+02
    endloop
  endfacet
  facet normal -1.797518e-01 5.827409e-01 -7.925291e-01
    outer loop
      vertex   1.550497e+02 1.689486e+02 1.971464e+02
      vertex   1.553063e+02 1.690277e+02 1.971464e+02
      vertex   1.553441e+02 1.689313e+02 1.970670e+02
    endloop
  endfacet
  facet normal -1.377534e-01 9.139344e-01 -3.817695e-01
    outer loop
      vertex   1.547746e+02 1.690376e+02 1.973706e+02
      vertex   1.550210e+02 1.690748e+02 1.973706e+02
      vertex   1.550321e+02 1.690261e+02 1.972500e+02
    endloop
  endfacet
  facet normal -2.724297e-01 8.831954e-01 -3.817695e-01
    outer loop
      vertex   1.550321e+02 1.690261e+02 1.972500e+02
      vertex   1.550210e+02 1.690748e+02 1.973706e+02
      vertex   1.552773e+02 1.691017e+02 1.972500e+02
    endloop
  endfacet
  facet normal -2.340874e-01 7.588926e-01 -6.076884e-01
    outer loop
      vertex   1.550321e+02 1.690261e+02 1.972500e+02
      vertex   1.552773e+02 1.691017e+02 1.972500e+02
      vertex   1.553063e+02 1.690277e+02 1.971464e+02
    endloop
  endfacet
  facet normal -2.724297e-01 8.831954e-01 -3.817695e-01
    outer loop
      vertex   1.552590e+02 1.691482e+02 1.973706e+02
      vertex   1.552773e+02 1.691017e+02 1.972500e+02
      vertex   1.550210e+02 1.690748e+02 1.973706e+02
    endloop
  endfacet
  facet normal 2.533023e-14 0.000000e+00 -1.000000e+00
    outer loop
      vertex   1.360000e+02 1.781000e+02 1.970000e+02
      vertex   1.382441e+02 1.702668e+02 1.970000e+02
      vertex   1.360000e+02 1.387778e+02 1.970000e+02
    endloop
  endfacet
  facet normal 4.947883e-15 1.452567e-15 -1.000000e+00
    outer loop
      vertex   1.360000e+02 1.387778e+02 1.970000e+02
      vertex   1.382441e+02 1.702668e+02 1.970000e+02
      vertex   1.383441e+02 1.699261e+02 1.970000e+02
    endloop
  endfacet
  facet normal 3.262184e-15 1.579427e-15 -1.000000e+00
    outer loop
      vertex   1.360000e+02 1.387778e+02 1.970000e+02
      vertex   1.383441e+02 1.699261e+02 1.970000e+02
      vertex   1.384989e+02 1.696065e+02 1.970000e+02
    endloop
  endfacet
  facet normal 2.471453e-14 -6.414849e-15 -1.000000e+00
    outer loop
      vertex   1.590000e+02 1.781000e+02 1.970000e+02
      vertex   1.414576e+02 1.725428e+02 1.970000e+02
      vertex   1.360000e+02 1.781000e+02 1.970000e+02
    endloop
  endfacet
  facet normal -2.939614e-14 -5.955513e-14 -1.000000e+00
    outer loop
      vertex   1.360000e+02 1.781000e+02 1.970000e+02
      vertex   1.414576e+02 1.725428e+02 1.970000e+02
      vertex   1.411392e+02 1.726999e+02 1.970000e+02
    endloop
  endfacet
  facet normal -1.337487e-14 -4.430793e-14 -1.000000e+00
    outer loop
      vertex   1.360000e+02 1.781000e+02 1.970000e+02
      vertex   1.411392e+02 1.726999e+02 1.970000e+02
      vertex   1.407992e+02 1.728025e+02 1.970000e+02
    endloop
  endfacet
  facet normal 1.266511e-14 0.000000e+00 -1.000000e+00
    outer loop
      vertex   1.590000e+02 1.387778e+02 1.970000e+02
      vertex   1.567559e+02 1.702668e+02 1.970000e+02
      vertex   1.590000e+02 1.781000e+02 1.970000e+02
    endloop
  endfacet
  facet normal 5.084557e-13 -1.420366e-13 -1.000000e+00
    outer loop
      vertex   1.590000e+02 1.781000e+02 1.970000e+02
      vertex   1.567559e+02 1.702668e+02 1.970000e+02
      vertex   1.567985e+02 1.706193e+02 1.970000e+02
    endloop
  endfacet
  facet normal 2.238417e-14 1.011186e-15 -1.000000e+00
    outer loop
      vertex   1.590000e+02 1.781000e+02 1.970000e+02
      vertex   1.567985e+02 1.706193e+02 1.970000e+02
      vertex   1.567825e+02 1.709741e+02 1.970000e+02
    endloop
  endfacet
  facet normal 2.471453e-14 1.028125e-15 -1.000000e+00
    outer loop
      vertex   1.360000e+02 1.387778e+02 1.970000e+02
      vertex   1.531355e+02 1.691739e+02 1.970000e+02
      vertex   1.590000e+02 1.387778e+02 1.970000e+02
    endloop
  endfacet
  facet normal -3.751736e-15 -4.464012e-15 -1.000000e+00
    outer loop
      vertex   1.590000e+02 1.387778e+02 1.970000e+02
      vertex   1.531355e+02 1.691739e+02 1.970000e+02
      vertex   1.534074e+02 1.689455e+02 1.970000e+02
    endloop
  endfacet
  facet normal -2.499910e-15 -4.231942e-15 -1.000000e+00
    outer loop
      vertex   1.590000e+02 1.387778e+02 1.970000e+02
      vertex   1.534074e+02 1.689455e+02 1.970000e+02
      vertex   1.537131e+02 1.687649e+02 1.970000e+02
    endloop
  endfacet
  facet normal 1.893350e-15 2.630569e-15 -1.000000e+00
    outer loop
      vertex   1.389542e+02 1.690647e+02 1.970000e+02
      vertex   1.392424e+02 1.688572e+02 1.970000e+02
      vertex   1.360000e+02 1.387778e+02 1.970000e+02
    endloop
  endfacet
  facet normal 1.328492e-15 2.691458e-15 -1.000000e+00
    outer loop
      vertex   1.360000e+02 1.387778e+02 1.970000e+02
      vertex   1.392424e+02 1.688572e+02 1.970000e+02
      vertex   1.395608e+02 1.687001e+02 1.970000e+02
    endloop
  endfacet
  facet normal 8.303430e-16 2.750740e-15 -1.000000e+00
    outer loop
      vertex   1.360000e+02 1.387778e+02 1.970000e+02
      vertex   1.395608e+02 1.687001e+02 1.970000e+02
      vertex   1.399008e+02 1.685975e+02 1.970000e+02
    endloop
  endfacet
  facet normal 7.972604e-14 -7.569789e-15 -1.000000e+00
    outer loop
      vertex   1.399008e+02 1.685975e+02 1.970000e+02
      vertex   1.402530e+02 1.685522e+02 1.970000e+02
      vertex   1.360000e+02 1.387778e+02 1.970000e+02
    endloop
  endfacet
  facet normal -1.441403e-16 3.838863e-15 -1.000000e+00
    outer loop
      vertex   1.360000e+02 1.387778e+02 1.970000e+02
      vertex   1.402530e+02 1.685522e+02 1.970000e+02
      vertex   1.406078e+02 1.685655e+02 1.970000e+02
    endloop
  endfacet
  facet normal -8.108976e-16 3.942003e-15 -1.000000e+00
    outer loop
      vertex   1.360000e+02 1.387778e+02 1.970000e+02
      vertex   1.406078e+02 1.685655e+02 1.970000e+02
      vertex   1.409556e+02 1.686371e+02 1.970000e+02
    endloop
  endfacet
  facet normal 1.817519e-13 -2.635721e-14 -1.000000e+00
    outer loop
      vertex   1.409556e+02 1.686371e+02 1.970000e+02
      vertex   1.412869e+02 1.687649e+02 1.970000e+02
      vertex   1.360000e+02 1.387778e+02 1.970000e+02
    endloop
  endfacet
  facet normal -3.749864e-15 6.347913e-15 -1.000000e+00
    outer loop
      vertex   1.360000e+02 1.387778e+02 1.970000e+02
      vertex   1.412869e+02 1.687649e+02 1.970000e+02
      vertex   1.415926e+02 1.689455e+02 1.970000e+02
    endloop
  endfacet
  facet normal -5.627604e-15 6.696018e-15 -1.000000e+00
    outer loop
      vertex   1.360000e+02 1.387778e+02 1.970000e+02
      vertex   1.415926e+02 1.689455e+02 1.970000e+02
      vertex   1.418645e+02 1.691739e+02 1.970000e+02
    endloop
  endfacet
  facet normal 2.629208e-14 -2.244070e-14 -1.000000e+00
    outer loop
      vertex   1.420950e+02 1.694440e+02 1.970000e+02
      vertex   1.529050e+02 1.694440e+02 1.970000e+02
      vertex   1.418645e+02 1.691739e+02 1.970000e+02
    endloop
  endfacet
  facet normal 2.521659e-14 2.152275e-14 -1.000000e+00
    outer loop
      vertex   1.418645e+02 1.691739e+02 1.970000e+02
      vertex   1.529050e+02 1.694440e+02 1.970000e+02
      vertex   1.531355e+02 1.691739e+02 1.970000e+02
    endloop
  endfacet
  facet normal 2.521659e-14 7.450959e-16 -1.000000e+00
    outer loop
      vertex   1.418645e+02 1.691739e+02 1.970000e+02
      vertex   1.531355e+02 1.691739e+02 1.970000e+02
      vertex   1.360000e+02 1.387778e+02 1.970000e+02
    endloop
  endfacet
  facet normal 2.629208e-14 1.580261e-14 -1.000000e+00
    outer loop
      vertex   1.529050e+02 1.694440e+02 1.970000e+02
      vertex   1.420950e+02 1.694440e+02 1.970000e+02
      vertex   1.527221e+02 1.697484e+02 1.970000e+02
    endloop
  endfacet
  facet normal 2.721308e-14 -1.635617e-14 -1.000000e+00
    outer loop
      vertex   1.527221e+02 1.697484e+02 1.970000e+02
      vertex   1.420950e+02 1.694440e+02 1.970000e+02
      vertex   1.422779e+02 1.697484e+02 1.970000e+02
    endloop
  endfacet
  facet normal 2.721308e-14 1.073812e-14 -1.000000e+00
    outer loop
      vertex   1.527221e+02 1.697484e+02 1.970000e+02
      vertex   1.422779e+02 1.697484e+02 1.970000e+02
      vertex   1.525917e+02 1.700787e+02 1.970000e+02
    endloop
  endfacet
  facet normal 2.790967e-14 -1.101299e-14 -1.000000e+00
    outer loop
      vertex   1.525917e+02 1.700787e+02 1.970000e+02
      vertex   1.422779e+02 1.697484e+02 1.970000e+02
      vertex   1.424083e+02 1.700787e+02 1.970000e+02
    endloop
  endfacet
  facet normal 2.790967e-14 5.963047e-15 -1.000000e+00
    outer loop
      vertex   1.525917e+02 1.700787e+02 1.970000e+02
      vertex   1.424083e+02 1.700787e+02 1.970000e+02
      vertex   1.525175e+02 1.704259e+02 1.970000e+02
    endloop
  endfacet
  facet normal 2.832236e-14 -6.051221e-15 -1.000000e+00
    outer loop
      vertex   1.525175e+02 1.704259e+02 1.970000e+02
      vertex   1.424083e+02 1.700787e+02 1.970000e+02
      vertex   1.424825e+02 1.704259e+02 1.970000e+02
    endloop
  endfacet
  facet normal 2.832236e-14 1.279439e-15 -1.000000e+00
    outer loop
      vertex   1.525175e+02 1.704259e+02 1.970000e+02
      vertex   1.424825e+02 1.704259e+02 1.970000e+02
      vertex   1.525015e+02 1.707807e+02 1.970000e+02
    endloop
  endfacet
  facet normal 2.841311e-14 -1.283538e-15 -1.000000e+00
    outer loop
      vertex   1.525015e+02 1.707807e+02 1.970000e+02
      vertex   1.424825e+02 1.704259e+02 1.970000e+02
      vertex   1.424985e+02 1.707807e+02 1.970000e+02
    endloop
  endfacet
  facet normal 2.841311e-14 -1.646766e-13 -1.000000e+00
    outer loop
      vertex   1.525015e+02 1.707807e+02 1.970000e+02
      vertex   1.424985e+02 1.707807e+02 1.970000e+02
      vertex   1.525441e+02 1.711332e+02 1.970000e+02
    endloop
  endfacet
  facet normal 1.972128e-14 8.300439e-14 -1.000000e+00
    outer loop
      vertex   1.525441e+02 1.711332e+02 1.970000e+02
      vertex   1.424985e+02 1.707807e+02 1.970000e+02
      vertex   1.424559e+02 1.711332e+02 1.970000e+02
    endloop
  endfacet
  facet normal 1.972128e-14 -5.789643e-15 -1.000000e+00
    outer loop
      vertex   1.525441e+02 1.711332e+02 1.970000e+02
      vertex   1.424559e+02 1.711332e+02 1.970000e+02
      vertex   1.526441e+02 1.714739e+02 1.970000e+02
    endloop
  endfacet
  facet normal 1.933781e-14 5.677067e-15 -1.000000e+00
    outer loop
      vertex   1.526441e+02 1.714739e+02 1.970000e+02
      vertex   1.424559e+02 1.711332e+02 1.970000e+02
      vertex   1.423559e+02 1.714739e+02 1.970000e+02
    endloop
  endfacet
  facet normal 1.933781e-14 -9.362641e-15 -1.000000e+00
    outer loop
      vertex   1.526441e+02 1.714739e+02 1.970000e+02
      vertex   1.423559e+02 1.714739e+02 1.970000e+02
      vertex   1.527989e+02 1.717935e+02 1.970000e+02
    endloop
  endfacet
  facet normal 1.877310e-14 9.089229e-15 -1.000000e+00
    outer loop
      vertex   1.527989e+02 1.717935e+02 1.970000e+02
      vertex   1.423559e+02 1.714739e+02 1.970000e+02
      vertex   1.422011e+02 1.717935e+02 1.970000e+02
    endloop
  endfacet
  facet normal 1.877310e-14 1.828686e-13 -1.000000e+00
    outer loop
      vertex   1.527989e+02 1.717935e+02 1.970000e+02
      vertex   1.422011e+02 1.717935e+02 1.970000e+02
      vertex   1.530041e+02 1.720833e+02 1.970000e+02
    endloop
  endfacet
  facet normal 2.581871e-14 -7.979616e-14 -1.000000e+00
    outer loop
      vertex   1.530041e+02 1.720833e+02 1.970000e+02
      vertex   1.422011e+02 1.717935e+02 1.970000e+02
      vertex   1.419959e+02 1.720833e+02 1.970000e+02
    endloop
  endfacet
  facet normal 2.581871e-14 -2.562289e-14 -1.000000e+00
    outer loop
      vertex   1.530041e+02 1.720833e+02 1.970000e+02
      vertex   1.419959e+02 1.720833e+02 1.970000e+02
      vertex   1.532542e+02 1.723353e+02 1.970000e+02
    endloop
  endfacet
  facet normal 2.469640e-14 2.450909e-14 -1.000000e+00
    outer loop
      vertex   1.532542e+02 1.723353e+02 1.970000e+02
      vertex   1.419959e+02 1.720833e+02 1.970000e+02
      vertex   1.417458e+02 1.723353e+02 1.970000e+02
    endloop
  endfacet
  facet normal 2.469640e-14 -3.431250e-14 -1.000000e+00
    outer loop
      vertex   1.532542e+02 1.723353e+02 1.970000e+02
      vertex   1.417458e+02 1.723353e+02 1.970000e+02
      vertex   1.535424e+02 1.725428e+02 1.970000e+02
    endloop
  endfacet
  facet normal 2.351847e-14 3.267591e-14 -1.000000e+00
    outer loop
      vertex   1.535424e+02 1.725428e+02 1.970000e+02
      vertex   1.417458e+02 1.723353e+02 1.970000e+02
      vertex   1.414576e+02 1.725428e+02 1.970000e+02
    endloop
  endfacet
  facet normal 2.351847e-14 -2.639256e-15 -1.000000e+00
    outer loop
      vertex   1.535424e+02 1.725428e+02 1.970000e+02
      vertex   1.414576e+02 1.725428e+02 1.970000e+02
      vertex   1.590000e+02 1.781000e+02 1.970000e+02
    endloop
  endfacet
  facet normal 1.779833e-13 1.290527e-13 -1.000000e+00
    outer loop
      vertex   1.407992e+02 1.728025e+02 1.970000e+02
      vertex   1.404470e+02 1.728478e+02 1.970000e+02
      vertex   1.360000e+02 1.781000e+02 1.970000e+02
    endloop
  endfacet
  facet normal 7.876994e-16 -2.097866e-14 -1.000000e+00
    outer loop
      vertex   1.360000e+02 1.781000e+02 1.970000e+02
      vertex   1.404470e+02 1.728478e+02 1.970000e+02
      vertex   1.400922e+02 1.728345e+02 1.970000e+02
    endloop
  endfacet
  facet normal 3.829214e-15 -1.861489e-14 -1.000000e+00
    outer loop
      vertex   1.360000e+02 1.781000e+02 1.970000e+02
      vertex   1.400922e+02 1.728345e+02 1.970000e+02
      vertex   1.397444e+02 1.727629e+02 1.970000e+02
    endloop
  endfacet
  facet normal 7.398365e-14 3.060406e-14 -1.000000e+00
    outer loop
      vertex   1.397444e+02 1.727629e+02 1.970000e+02
      vertex   1.394131e+02 1.726351e+02 1.970000e+02
      vertex   1.360000e+02 1.781000e+02 1.970000e+02
    endloop
  endfacet
  facet normal 6.732746e-15 -1.139745e-14 -1.000000e+00
    outer loop
      vertex   1.360000e+02 1.781000e+02 1.970000e+02
      vertex   1.394131e+02 1.726351e+02 1.970000e+02
      vertex   1.391074e+02 1.724545e+02 1.970000e+02
    endloop
  endfacet
  facet normal 8.678698e-15 -1.032637e-14 -1.000000e+00
    outer loop
      vertex   1.360000e+02 1.781000e+02 1.970000e+02
      vertex   1.391074e+02 1.724545e+02 1.970000e+02
      vertex   1.388355e+02 1.722261e+02 1.970000e+02
    endloop
  endfacet
  facet normal 1.086316e-14 -9.271870e-15 -1.000000e+00
    outer loop
      vertex   1.388355e+02 1.722261e+02 1.970000e+02
      vertex   1.386050e+02 1.719560e+02 1.970000e+02
      vertex   1.360000e+02 1.781000e+02 1.970000e+02
    endloop
  endfacet
  facet normal 1.353886e-14 -8.137406e-15 -1.000000e+00
    outer loop
      vertex   1.360000e+02 1.781000e+02 1.970000e+02
      vertex   1.386050e+02 1.719560e+02 1.970000e+02
      vertex   1.384221e+02 1.716516e+02 1.970000e+02
    endloop
  endfacet
  facet normal 1.716784e-14 -6.774328e-15 -1.000000e+00
    outer loop
      vertex   1.360000e+02 1.781000e+02 1.970000e+02
      vertex   1.384221e+02 1.716516e+02 1.970000e+02
      vertex   1.382917e+02 1.713213e+02 1.970000e+02
    endloop
  endfacet
  facet normal 2.279796e-14 -4.870904e-15 -1.000000e+00
    outer loop
      vertex   1.382917e+02 1.713213e+02 1.970000e+02
      vertex   1.382175e+02 1.709741e+02 1.970000e+02
      vertex   1.360000e+02 1.781000e+02 1.970000e+02
    endloop
  endfacet
  facet normal 3.357626e-14 -1.516779e-15 -1.000000e+00
    outer loop
      vertex   1.360000e+02 1.781000e+02 1.970000e+02
      vertex   1.382175e+02 1.709741e+02 1.970000e+02
      vertex   1.382015e+02 1.706193e+02 1.970000e+02
    endloop
  endfacet
  facet normal 5.303530e-13 1.446815e-13 -1.000000e+00
    outer loop
      vertex   1.360000e+02 1.781000e+02 1.970000e+02
      vertex   1.382015e+02 1.706193e+02 1.970000e+02
      vertex   1.382441e+02 1.702668e+02 1.970000e+02
    endloop
  endfacet
  facet normal 1.265993e-13 -8.417816e-15 -1.000000e+00
    outer loop
      vertex   1.384989e+02 1.696065e+02 1.970000e+02
      vertex   1.387041e+02 1.693167e+02 1.970000e+02
      vertex   1.360000e+02 1.387778e+02 1.970000e+02
    endloop
  endfacet
  facet normal 2.582900e-15 2.563310e-15 -1.000000e+00
    outer loop
      vertex   1.360000e+02 1.387778e+02 1.970000e+02
      vertex   1.387041e+02 1.693167e+02 1.970000e+02
      vertex   1.389542e+02 1.690647e+02 1.970000e+02
    endloop
  endfacet
  facet normal 8.856612e-16 -1.794306e-15 -1.000000e+00
    outer loop
      vertex   1.554392e+02 1.687001e+02 1.970000e+02
      vertex   1.557576e+02 1.688572e+02 1.970000e+02
      vertex   1.590000e+02 1.387778e+02 1.970000e+02
    endloop
  endfacet
  facet normal 1.262234e-15 -1.753713e-15 -1.000000e+00
    outer loop
      vertex   1.590000e+02 1.387778e+02 1.970000e+02
      vertex   1.557576e+02 1.688572e+02 1.970000e+02
      vertex   1.560458e+02 1.690647e+02 1.970000e+02
    endloop
  endfacet
  facet normal 1.721933e-15 -1.708873e-15 -1.000000e+00
    outer loop
      vertex   1.590000e+02 1.387778e+02 1.970000e+02
      vertex   1.560458e+02 1.690647e+02 1.970000e+02
      vertex   1.562959e+02 1.693167e+02 1.970000e+02
    endloop
  endfacet
  facet normal 1.254313e-13 9.245066e-15 -1.000000e+00
    outer loop
      vertex   1.562959e+02 1.693167e+02 1.970000e+02
      vertex   1.565011e+02 1.696065e+02 1.970000e+02
      vertex   1.590000e+02 1.387778e+02 1.970000e+02
    endloop
  endfacet
  facet normal 1.631092e-15 -7.897135e-16 -1.000000e+00
    outer loop
      vertex   1.590000e+02 1.387778e+02 1.970000e+02
      vertex   1.565011e+02 1.696065e+02 1.970000e+02
      vertex   1.566559e+02 1.699261e+02 1.970000e+02
    endloop
  endfacet
  facet normal 2.473941e-15 -7.262835e-16 -1.000000e+00
    outer loop
      vertex   1.590000e+02 1.387778e+02 1.970000e+02
      vertex   1.566559e+02 1.699261e+02 1.970000e+02
      vertex   1.567559e+02 1.702668e+02 1.970000e+02
    endloop
  endfacet
  facet normal 1.519864e-14 3.247269e-15 -1.000000e+00
    outer loop
      vertex   1.567825e+02 1.709741e+02 1.970000e+02
      vertex   1.567083e+02 1.713213e+02 1.970000e+02
      vertex   1.590000e+02 1.781000e+02 1.970000e+02
    endloop
  endfacet
  facet normal 1.144523e-14 4.516219e-15 -1.000000e+00
    outer loop
      vertex   1.590000e+02 1.781000e+02 1.970000e+02
      vertex   1.567083e+02 1.713213e+02 1.970000e+02
      vertex   1.565779e+02 1.716516e+02 1.970000e+02
    endloop
  endfacet
  facet normal 9.025905e-15 5.424937e-15 -1.000000e+00
    outer loop
      vertex   1.590000e+02 1.781000e+02 1.970000e+02
      vertex   1.565779e+02 1.716516e+02 1.970000e+02
      vertex   1.563950e+02 1.719560e+02 1.970000e+02
    endloop
  endfacet
  facet normal 7.242103e-15 6.181247e-15 -1.000000e+00
    outer loop
      vertex   1.563950e+02 1.719560e+02 1.970000e+02
      vertex   1.561645e+02 1.722261e+02 1.970000e+02
      vertex   1.590000e+02 1.781000e+02 1.970000e+02
    endloop
  endfacet
  facet normal 5.785798e-15 6.884246e-15 -1.000000e+00
    outer loop
      vertex   1.590000e+02 1.781000e+02 1.970000e+02
      vertex   1.561645e+02 1.722261e+02 1.970000e+02
      vertex   1.558926e+02 1.724545e+02 1.970000e+02
    endloop
  endfacet
  facet normal 4.488498e-15 7.598300e-15 -1.000000e+00
    outer loop
      vertex   1.590000e+02 1.781000e+02 1.970000e+02
      vertex   1.558926e+02 1.724545e+02 1.970000e+02
      vertex   1.555869e+02 1.726351e+02 1.970000e+02
    endloop
  endfacet
  facet normal 7.236670e-14 -3.479499e-14 -1.000000e+00
    outer loop
      vertex   1.555869e+02 1.726351e+02 1.970000e+02
      vertex   1.552556e+02 1.727629e+02 1.970000e+02
      vertex   1.590000e+02 1.781000e+02 1.970000e+02
    endloop
  endfacet
  facet normal 2.871911e-15 1.396117e-14 -1.000000e+00
    outer loop
      vertex   1.590000e+02 1.781000e+02 1.970000e+02
      vertex   1.552556e+02 1.727629e+02 1.970000e+02
      vertex   1.549078e+02 1.728345e+02 1.970000e+02
    endloop
  endfacet
  facet normal 5.907745e-16 1.573400e-14 -1.000000e+00
    outer loop
      vertex   1.590000e+02 1.781000e+02 1.970000e+02
      vertex   1.549078e+02 1.728345e+02 1.970000e+02
      vertex   1.545530e+02 1.728478e+02 1.970000e+02
    endloop
  endfacet
  facet normal 8.821129e-14 -5.845423e-14 -1.000000e+00
    outer loop
      vertex   1.545530e+02 1.728478e+02 1.970000e+02
      vertex   1.542008e+02 1.728025e+02 1.970000e+02
      vertex   1.590000e+02 1.781000e+02 1.970000e+02
    endloop
  endfacet
  facet normal -8.916579e-15 2.953862e-14 -1.000000e+00
    outer loop
      vertex   1.590000e+02 1.781000e+02 1.970000e+02
      vertex   1.542008e+02 1.728025e+02 1.970000e+02
      vertex   1.538608e+02 1.726999e+02 1.970000e+02
    endloop
  endfacet
  facet normal -1.959743e-14 3.970342e-14 -1.000000e+00
    outer loop
      vertex   1.590000e+02 1.781000e+02 1.970000e+02
      vertex   1.538608e+02 1.726999e+02 1.970000e+02
      vertex   1.535424e+02 1.725428e+02 1.970000e+02
    endloop
  endfacet
  facet normal 9.048357e-14 1.216163e-14 -1.000000e+00
    outer loop
      vertex   1.537131e+02 1.687649e+02 1.970000e+02
      vertex   1.540444e+02 1.686371e+02 1.970000e+02
      vertex   1.590000e+02 1.387778e+02 1.970000e+02
    endloop
  endfacet
  facet normal -6.081732e-16 -2.956502e-15 -1.000000e+00
    outer loop
      vertex   1.590000e+02 1.387778e+02 1.970000e+02
      vertex   1.540444e+02 1.686371e+02 1.970000e+02
      vertex   1.543922e+02 1.685655e+02 1.970000e+02
    endloop
  endfacet
  facet normal -1.081052e-16 -2.879147e-15 -1.000000e+00
    outer loop
      vertex   1.590000e+02 1.387778e+02 1.970000e+02
      vertex   1.543922e+02 1.685655e+02 1.970000e+02
      vertex   1.547470e+02 1.685522e+02 1.970000e+02
    endloop
  endfacet
  facet normal 7.960557e-14 8.507150e-15 -1.000000e+00
    outer loop
      vertex   1.547470e+02 1.685522e+02 1.970000e+02
      vertex   1.550992e+02 1.685975e+02 1.970000e+02
      vertex   1.590000e+02 1.387778e+02 1.970000e+02
    endloop
  endfacet
  facet normal 5.535620e-16 -1.833826e-15 -1.000000e+00
    outer loop
      vertex   1.590000e+02 1.387778e+02 1.970000e+02
      vertex   1.550992e+02 1.685975e+02 1.970000e+02
      vertex   1.554392e+02 1.687001e+02 1.970000e+02
    endloop
  endfacet
  facet normal 4.435481e-02 1.303977e-01 -9.904691e-01
    outer loop
      vertex   1.590000e+02 1.782294e+02 1.970170e+02
      vertex   1.590554e+02 1.782241e+02 1.970188e+02
      vertex   1.590000e+02 1.781000e+02 1.970000e+02
    endloop
  endfacet
  facet normal 1.036987e-01 1.036987e-01 -9.891881e-01
    outer loop
      vertex   1.590000e+02 1.781000e+02 1.970000e+02
      vertex   1.590554e+02 1.782241e+02 1.970188e+02
      vertex   1.591241e+02 1.781554e+02 1.970188e+02
    endloop
  endfacet
  facet normal 1.303977e-01 4.435481e-02 -9.904691e-01
    outer loop
      vertex   1.590000e+02 1.781000e+02 1.970000e+02
      vertex   1.591241e+02 1.781554e+02 1.970188e+02
      vertex   1.591294e+02 1.781000e+02 1.970170e+02
    endloop
  endfacet
  facet normal 3.818374e-01 6.645835e-02 -9.218370e-01
    outer loop
      vertex   1.591294e+02 1.781000e+02 1.970170e+02
      vertex   1.591241e+02 1.781554e+02 1.970188e+02
      vertex   1.592500e+02 1.781000e+02 1.970670e+02
    endloop
  endfacet
  facet normal 3.995626e-01 1.178222e-01 -9.091026e-01
    outer loop
      vertex   1.592500e+02 1.781000e+02 1.970670e+02
      vertex   1.591241e+02 1.781554e+02 1.970188e+02
      vertex   1.592152e+02 1.782341e+02 1.970691e+02
    endloop
  endfacet
  facet normal 4.328324e-01 1.261909e-01 -8.925984e-01
    outer loop
      vertex   1.592500e+02 1.781000e+02 1.970670e+02
      vertex   1.592152e+02 1.782341e+02 1.970691e+02
      vertex   1.592771e+02 1.781391e+02 1.970857e+02
    endloop
  endfacet
  facet normal 5.834139e-01 2.448663e-01 -7.743828e-01
    outer loop
      vertex   1.592771e+02 1.781391e+02 1.970857e+02
      vertex   1.592152e+02 1.782341e+02 1.970691e+02
      vertex   1.592917e+02 1.783037e+02 1.971487e+02
    endloop
  endfacet
  facet normal 5.834139e-01 2.448663e-01 -7.743828e-01
    outer loop
      vertex   1.592771e+02 1.781391e+02 1.970857e+02
      vertex   1.592917e+02 1.783037e+02 1.971487e+02
      vertex   1.593589e+02 1.782006e+02 1.971667e+02
    endloop
  endfacet
  facet normal 7.197061e-01 3.657544e-01 -5.901245e-01
    outer loop
      vertex   1.593589e+02 1.782006e+02 1.971667e+02
      vertex   1.592917e+02 1.783037e+02 1.971487e+02
      vertex   1.593483e+02 1.783594e+02 1.972523e+02
    endloop
  endfacet
  facet normal 7.197061e-01 3.657544e-01 -5.901245e-01
    outer loop
      vertex   1.593589e+02 1.782006e+02 1.971667e+02
      vertex   1.593483e+02 1.783594e+02 1.972523e+02
      vertex   1.594162e+02 1.782552e+02 1.972705e+02
    endloop
  endfacet
  facet normal 8.076571e-01 4.620595e-01 -3.663208e-01
    outer loop
      vertex   1.594162e+02 1.782552e+02 1.972705e+02
      vertex   1.593483e+02 1.783594e+02 1.972523e+02
      vertex   1.593812e+02 1.783975e+02 1.973728e+02
    endloop
  endfacet
  facet normal 8.076571e-01 4.620595e-01 -3.663208e-01
    outer loop
      vertex   1.594162e+02 1.782552e+02 1.972705e+02
      vertex   1.593812e+02 1.783975e+02 1.973728e+02
      vertex   1.594452e+02 1.782993e+02 1.973899e+02
    endloop
  endfacet
  facet normal 8.403810e-01 5.215192e-01 -1.475718e-01
    outer loop
      vertex   1.594452e+02 1.782993e+02 1.973899e+02
      vertex   1.593812e+02 1.783975e+02 1.973728e+02
      vertex   1.594330e+02 1.783500e+02 1.975000e+02
    endloop
  endfacet
  facet normal 9.213332e-01 3.816287e-01 -7.419375e-02
    outer loop
      vertex   1.594452e+02 1.782993e+02 1.973899e+02
      vertex   1.594330e+02 1.783500e+02 1.975000e+02
      vertex   1.594830e+02 1.782294e+02 1.975000e+02
    endloop
  endfacet
  facet normal 6.645835e-02 3.818374e-01 -9.218370e-01
    outer loop
      vertex   1.590000e+02 1.782294e+02 1.970170e+02
      vertex   1.590000e+02 1.783500e+02 1.970670e+02
      vertex   1.590554e+02 1.782241e+02 1.970188e+02
    endloop
  endfacet
  facet normal 1.178222e-01 3.995626e-01 -9.091026e-01
    outer loop
      vertex   1.590554e+02 1.782241e+02 1.970188e+02
      vertex   1.590000e+02 1.783500e+02 1.970670e+02
      vertex   1.591341e+02 1.783152e+02 1.970691e+02
    endloop
  endfacet
  facet normal 2.729599e-01 2.729599e-01 -9.224889e-01
    outer loop
      vertex   1.590554e+02 1.782241e+02 1.970188e+02
      vertex   1.591341e+02 1.783152e+02 1.970691e+02
      vertex   1.591241e+02 1.781554e+02 1.970188e+02
    endloop
  endfacet
  facet normal 2.729599e-01 2.729599e-01 -9.224889e-01
    outer loop
      vertex   1.591241e+02 1.781554e+02 1.970188e+02
      vertex   1.591341e+02 1.783152e+02 1.970691e+02
      vertex   1.592152e+02 1.782341e+02 1.970691e+02
    endloop
  endfacet
  facet normal 1.261909e-01 4.328324e-01 -8.925984e-01
    outer loop
      vertex   1.591341e+02 1.783152e+02 1.970691e+02
      vertex   1.590000e+02 1.783500e+02 1.970670e+02
      vertex   1.590391e+02 1.783771e+02 1.970857e+02
    endloop
  endfacet
  facet normal -4.340169e-02 6.081878e-01 -7.926058e-01
    outer loop
      vertex   1.590391e+02 1.783771e+02 1.970857e+02
      vertex   1.590000e+02 1.783500e+02 1.970670e+02
      vertex   1.590000e+02 1.784536e+02 1.971464e+02
    endloop
  endfacet
  facet normal 1.159338e-01 6.538873e-01 -7.476569e-01
    outer loop
      vertex   1.590391e+02 1.783771e+02 1.970857e+02
      vertex   1.590000e+02 1.784536e+02 1.971464e+02
      vertex   1.591006e+02 1.784589e+02 1.971667e+02
    endloop
  endfacet
  facet normal 8.026201e-02 7.907938e-01 -6.067974e-01
    outer loop
      vertex   1.591006e+02 1.784589e+02 1.971667e+02
      vertex   1.590000e+02 1.784536e+02 1.971464e+02
      vertex   1.590000e+02 1.785330e+02 1.972500e+02
    endloop
  endfacet
  facet normal 1.607312e-01 8.257119e-01 -5.407082e-01
    outer loop
      vertex   1.591006e+02 1.784589e+02 1.971667e+02
      vertex   1.590000e+02 1.785330e+02 1.972500e+02
      vertex   1.591552e+02 1.785162e+02 1.972705e+02
    endloop
  endfacet
  facet normal 1.588805e-01 8.447130e-01 -5.110938e-01
    outer loop
      vertex   1.591552e+02 1.785162e+02 1.972705e+02
      vertex   1.590000e+02 1.785330e+02 1.972500e+02
      vertex   1.590423e+02 1.785588e+02 1.973057e+02
    endloop
  endfacet
  facet normal 2.475550e-01 9.167181e-01 -3.135991e-01
    outer loop
      vertex   1.591552e+02 1.785162e+02 1.972705e+02
      vertex   1.590423e+02 1.785588e+02 1.973057e+02
      vertex   1.590929e+02 1.785852e+02 1.974230e+02
    endloop
  endfacet
  facet normal 1.298391e-01 9.537278e-01 -2.711922e-01
    outer loop
      vertex   1.590929e+02 1.785852e+02 1.974230e+02
      vertex   1.590423e+02 1.785588e+02 1.973057e+02
      vertex   1.590000e+02 1.785830e+02 1.973706e+02
    endloop
  endfacet
  facet normal 4.940940e-02 9.902339e-01 -1.303668e-01
    outer loop
      vertex   1.590929e+02 1.785852e+02 1.974230e+02
      vertex   1.590000e+02 1.785830e+02 1.973706e+02
      vertex   1.590000e+02 1.786000e+02 1.975000e+02
    endloop
  endfacet
  facet normal -5.839281e-02 9.223031e-01 -3.820305e-01
    outer loop
      vertex   1.590000e+02 1.785330e+02 1.972500e+02
      vertex   1.590000e+02 1.785830e+02 1.973706e+02
      vertex   1.590423e+02 1.785588e+02 1.973057e+02
    endloop
  endfacet
  facet normal 1.304564e-01 9.909150e-01 -3.268886e-02
    outer loop
      vertex   1.590000e+02 1.786000e+02 1.975000e+02
      vertex   1.591294e+02 1.785830e+02 1.975000e+02
      vertex   1.590929e+02 1.785852e+02 1.974230e+02
    endloop
  endfacet
  facet normal 3.162140e-01 9.407634e-01 -1.223638e-01
    outer loop
      vertex   1.590929e+02 1.785852e+02 1.974230e+02
      vertex   1.591294e+02 1.785830e+02 1.975000e+02
      vertex   1.591993e+02 1.785452e+02 1.973899e+02
    endloop
  endfacet
  facet normal 2.475550e-01 9.167181e-01 -3.135991e-01
    outer loop
      vertex   1.590929e+02 1.785852e+02 1.974230e+02
      vertex   1.591993e+02 1.785452e+02 1.973899e+02
      vertex   1.591552e+02 1.785162e+02 1.972705e+02
    endloop
  endfacet
  facet normal 4.620595e-01 8.076571e-01 -3.663208e-01
    outer loop
      vertex   1.591552e+02 1.785162e+02 1.972705e+02
      vertex   1.591993e+02 1.785452e+02 1.973899e+02
      vertex   1.592594e+02 1.784483e+02 1.972523e+02
    endloop
  endfacet
  facet normal 3.657544e-01 7.197061e-01 -5.901245e-01
    outer loop
      vertex   1.591552e+02 1.785162e+02 1.972705e+02
      vertex   1.592594e+02 1.784483e+02 1.972523e+02
      vertex   1.592037e+02 1.783917e+02 1.971487e+02
    endloop
  endfacet
  facet normal 5.611197e-01 5.611197e-01 -6.085140e-01
    outer loop
      vertex   1.592037e+02 1.783917e+02 1.971487e+02
      vertex   1.592594e+02 1.784483e+02 1.972523e+02
      vertex   1.592917e+02 1.783037e+02 1.971487e+02
    endloop
  endfacet
  facet normal 4.317293e-01 4.317293e-01 -7.919720e-01
    outer loop
      vertex   1.592037e+02 1.783917e+02 1.971487e+02
      vertex   1.592917e+02 1.783037e+02 1.971487e+02
      vertex   1.592152e+02 1.782341e+02 1.970691e+02
    endloop
  endfacet
  facet normal 3.816287e-01 9.213332e-01 -7.419375e-02
    outer loop
      vertex   1.591294e+02 1.785830e+02 1.975000e+02
      vertex   1.592500e+02 1.785330e+02 1.975000e+02
      vertex   1.591993e+02 1.785452e+02 1.973899e+02
    endloop
  endfacet
  facet normal 5.215192e-01 8.403810e-01 -1.475718e-01
    outer loop
      vertex   1.591993e+02 1.785452e+02 1.973899e+02
      vertex   1.592500e+02 1.785330e+02 1.975000e+02
      vertex   1.592975e+02 1.784812e+02 1.973728e+02
    endloop
  endfacet
  facet normal 4.620595e-01 8.076571e-01 -3.663208e-01
    outer loop
      vertex   1.591993e+02 1.785452e+02 1.973899e+02
      vertex   1.592975e+02 1.784812e+02 1.973728e+02
      vertex   1.592594e+02 1.784483e+02 1.972523e+02
    endloop
  endfacet
  facet normal 6.528138e-01 6.528138e-01 -3.842763e-01
    outer loop
      vertex   1.592594e+02 1.784483e+02 1.972523e+02
      vertex   1.592975e+02 1.784812e+02 1.973728e+02
      vertex   1.593483e+02 1.783594e+02 1.972523e+02
    endloop
  endfacet
  facet normal 5.611197e-01 5.611197e-01 -6.085140e-01
    outer loop
      vertex   1.592594e+02 1.784483e+02 1.972523e+02
      vertex   1.593483e+02 1.783594e+02 1.972523e+02
      vertex   1.592917e+02 1.783037e+02 1.971487e+02
    endloop
  endfacet
  facet normal 6.059824e-01 7.897316e-01 -9.544300e-02
    outer loop
      vertex   1.592500e+02 1.785330e+02 1.975000e+02
      vertex   1.593536e+02 1.784536e+02 1.975000e+02
      vertex   1.592975e+02 1.784812e+02 1.973728e+02
    endloop
  endfacet
  facet normal 6.984452e-01 6.984452e-01 -1.560404e-01
    outer loop
      vertex   1.592975e+02 1.784812e+02 1.973728e+02
      vertex   1.593536e+02 1.784536e+02 1.975000e+02
      vertex   1.593812e+02 1.783975e+02 1.973728e+02
    endloop
  endfacet
  facet normal 6.528138e-01 6.528138e-01 -3.842763e-01
    outer loop
      vertex   1.592975e+02 1.784812e+02 1.973728e+02
      vertex   1.593812e+02 1.783975e+02 1.973728e+02
      vertex   1.593483e+02 1.783594e+02 1.972523e+02
    endloop
  endfacet
  facet normal 7.897316e-01 6.059824e-01 -9.544300e-02
    outer loop
      vertex   1.593536e+02 1.784536e+02 1.975000e+02
      vertex   1.594330e+02 1.783500e+02 1.975000e+02
      vertex   1.593812e+02 1.783975e+02 1.973728e+02
    endloop
  endfacet
  facet normal 9.407634e-01 3.162140e-01 -1.223638e-01
    outer loop
      vertex   1.594452e+02 1.782993e+02 1.973899e+02
      vertex   1.594830e+02 1.782294e+02 1.975000e+02
      vertex   1.594852e+02 1.781929e+02 1.974230e+02
    endloop
  endfacet
  facet normal 9.909150e-01 1.304564e-01 -3.268886e-02
    outer loop
      vertex   1.594852e+02 1.781929e+02 1.974230e+02
      vertex   1.594830e+02 1.782294e+02 1.975000e+02
      vertex   1.595000e+02 1.781000e+02 1.975000e+02
    endloop
  endfacet
  facet normal 9.902339e-01 4.940940e-02 -1.303668e-01
    outer loop
      vertex   1.594852e+02 1.781929e+02 1.974230e+02
      vertex   1.595000e+02 1.781000e+02 1.975000e+02
      vertex   1.594830e+02 1.781000e+02 1.973706e+02
    endloop
  endfacet
  facet normal 9.537278e-01 1.298391e-01 -2.711922e-01
    outer loop
      vertex   1.594852e+02 1.781929e+02 1.974230e+02
      vertex   1.594830e+02 1.781000e+02 1.973706e+02
      vertex   1.594588e+02 1.781423e+02 1.973057e+02
    endloop
  endfacet
  facet normal 9.223031e-01 -5.839280e-02 -3.820305e-01
    outer loop
      vertex   1.594588e+02 1.781423e+02 1.973057e+02
      vertex   1.594830e+02 1.781000e+02 1.973706e+02
      vertex   1.594330e+02 1.781000e+02 1.972500e+02
    endloop
  endfacet
  facet normal 8.447130e-01 1.588805e-01 -5.110938e-01
    outer loop
      vertex   1.594588e+02 1.781423e+02 1.973057e+02
      vertex   1.594330e+02 1.781000e+02 1.972500e+02
      vertex   1.594162e+02 1.782552e+02 1.972705e+02
    endloop
  endfacet
  facet normal 8.257119e-01 1.607312e-01 -5.407082e-01
    outer loop
      vertex   1.594162e+02 1.782552e+02 1.972705e+02
      vertex   1.594330e+02 1.781000e+02 1.972500e+02
      vertex   1.593589e+02 1.782006e+02 1.971667e+02
    endloop
  endfacet
  facet normal 7.907938e-01 8.026201e-02 -6.067974e-01
    outer loop
      vertex   1.594330e+02 1.781000e+02 1.972500e+02
      vertex   1.593536e+02 1.781000e+02 1.971464e+02
      vertex   1.593589e+02 1.782006e+02 1.971667e+02
    endloop
  endfacet
  facet normal 6.538873e-01 1.159338e-01 -7.476569e-01
    outer loop
      vertex   1.593589e+02 1.782006e+02 1.971667e+02
      vertex   1.593536e+02 1.781000e+02 1.971464e+02
      vertex   1.592771e+02 1.781391e+02 1.970857e+02
    endloop
  endfacet
  facet normal 6.081878e-01 -4.340169e-02 -7.926058e-01
    outer loop
      vertex   1.593536e+02 1.781000e+02 1.971464e+02
      vertex   1.592500e+02 1.781000e+02 1.970670e+02
      vertex   1.592771e+02 1.781391e+02 1.970857e+02
    endloop
  endfacet
  facet normal 4.317293e-01 4.317293e-01 -7.919720e-01
    outer loop
      vertex   1.592037e+02 1.783917e+02 1.971487e+02
      vertex   1.592152e+02 1.782341e+02 1.970691e+02
      vertex   1.591341e+02 1.783152e+02 1.970691e+02
    endloop
  endfacet
  facet normal 2.448663e-01 5.834139e-01 -7.743828e-01
    outer loop
      vertex   1.590391e+02 1.783771e+02 1.970857e+02
      vertex   1.591006e+02 1.784589e+02 1.971667e+02
      vertex   1.591341e+02 1.783152e+02 1.970691e+02
    endloop
  endfacet
  facet normal 2.448663e-01 5.834139e-01 -7.743828e-01
    outer loop
      vertex   1.591341e+02 1.783152e+02 1.970691e+02
      vertex   1.591006e+02 1.784589e+02 1.971667e+02
      vertex   1.592037e+02 1.783917e+02 1.971487e+02
    endloop
  endfacet
  facet normal 3.657544e-01 7.197061e-01 -5.901245e-01
    outer loop
      vertex   1.591006e+02 1.784589e+02 1.971667e+02
      vertex   1.591552e+02 1.785162e+02 1.972705e+02
      vertex   1.592037e+02 1.783917e+02 1.971487e+02
    endloop
  endfacet
  facet normal 9.167181e-01 2.475550e-01 -3.135991e-01
    outer loop
      vertex   1.594588e+02 1.781423e+02 1.973057e+02
      vertex   1.594162e+02 1.782552e+02 1.972705e+02
      vertex   1.594452e+02 1.782993e+02 1.973899e+02
    endloop
  endfacet
  facet normal 9.167181e-01 2.475550e-01 -3.135991e-01
    outer loop
      vertex   1.594852e+02 1.781929e+02 1.974230e+02
      vertex   1.594588e+02 1.781423e+02 1.973057e+02
      vertex   1.594452e+02 1.782993e+02 1.973899e+02
    endloop
  endfacet
  facet normal -3.268886e-02 1.304564e-01 -9.909150e-01
    outer loop
      vertex   1.360000e+02 1.782294e+02 1.970170e+02
      vertex   1.360000e+02 1.781000e+02 1.970000e+02
      vertex   1.359230e+02 1.781929e+02 1.970148e+02
    endloop
  endfacet
  facet normal -1.303668e-01 4.940940e-02 -9.902339e-01
    outer loop
      vertex   1.359230e+02 1.781929e+02 1.970148e+02
      vertex   1.360000e+02 1.781000e+02 1.970000e+02
      vertex   1.358706e+02 1.781000e+02 1.970170e+02
    endloop
  endfacet
  facet normal -2.711922e-01 1.298391e-01 -9.537278e-01
    outer loop
      vertex   1.359230e+02 1.781929e+02 1.970148e+02
      vertex   1.358706e+02 1.781000e+02 1.970170e+02
      vertex   1.358057e+02 1.781423e+02 1.970412e+02
    endloop
  endfacet
  facet normal -3.820305e-01 -5.839281e-02 -9.223031e-01
    outer loop
      vertex   1.358057e+02 1.781423e+02 1.970412e+02
      vertex   1.358706e+02 1.781000e+02 1.970170e+02
      vertex   1.357500e+02 1.781000e+02 1.970670e+02
    endloop
  endfacet
  facet normal -5.110938e-01 1.588805e-01 -8.447130e-01
    outer loop
      vertex   1.358057e+02 1.781423e+02 1.970412e+02
      vertex   1.357500e+02 1.781000e+02 1.970670e+02
      vertex   1.357705e+02 1.782552e+02 1.970838e+02
    endloop
  endfacet
  facet normal -5.407082e-01 1.607312e-01 -8.257119e-01
    outer loop
      vertex   1.357705e+02 1.782552e+02 1.970838e+02
      vertex   1.357500e+02 1.781000e+02 1.970670e+02
      vertex   1.356667e+02 1.782006e+02 1.971411e+02
    endloop
  endfacet
  facet normal -5.901245e-01 3.657544e-01 -7.197061e-01
    outer loop
      vertex   1.357705e+02 1.782552e+02 1.970838e+02
      vertex   1.356667e+02 1.782006e+02 1.971411e+02
      vertex   1.357523e+02 1.783594e+02 1.971517e+02
    endloop
  endfacet
  facet normal -5.901245e-01 3.657544e-01 -7.197061e-01
    outer loop
      vertex   1.357523e+02 1.783594e+02 1.971517e+02
      vertex   1.356667e+02 1.782006e+02 1.971411e+02
      vertex   1.356487e+02 1.783037e+02 1.972083e+02
    endloop
  endfacet
  facet normal -6.085140e-01 5.611197e-01 -5.611197e-01
    outer loop
      vertex   1.357523e+02 1.783594e+02 1.971517e+02
      vertex   1.356487e+02 1.783037e+02 1.972083e+02
      vertex   1.357523e+02 1.784483e+02 1.972406e+02
    endloop
  endfacet
  facet normal -6.085140e-01 5.611197e-01 -5.611197e-01
    outer loop
      vertex   1.357523e+02 1.784483e+02 1.972406e+02
      vertex   1.356487e+02 1.783037e+02 1.972083e+02
      vertex   1.356487e+02 1.783917e+02 1.972963e+02
    endloop
  endfacet
  facet normal -5.901245e-01 7.197061e-01 -3.657544e-01
    outer loop
      vertex   1.357523e+02 1.784483e+02 1.972406e+02
      vertex   1.356487e+02 1.783917e+02 1.972963e+02
      vertex   1.357705e+02 1.785162e+02 1.973448e+02
    endloop
  endfacet
  facet normal -5.901245e-01 7.197061e-01 -3.657544e-01
    outer loop
      vertex   1.357705e+02 1.785162e+02 1.973448e+02
      vertex   1.356487e+02 1.783917e+02 1.972963e+02
      vertex   1.356667e+02 1.784589e+02 1.973994e+02
    endloop
  endfacet
  facet normal -5.407082e-01 8.257119e-01 -1.607312e-01
    outer loop
      vertex   1.357705e+02 1.785162e+02 1.973448e+02
      vertex   1.356667e+02 1.784589e+02 1.973994e+02
      vertex   1.357500e+02 1.785330e+02 1.975000e+02
    endloop
  endfacet
  facet normal -6.067974e-01 7.907938e-01 -8.026201e-02
    outer loop
      vertex   1.357500e+02 1.785330e+02 1.975000e+02
      vertex   1.356667e+02 1.784589e+02 1.973994e+02
      vertex   1.356464e+02 1.784536e+02 1.975000e+02
    endloop
  endfacet
  facet normal -7.476569e-01 6.538873e-01 -1.159338e-01
    outer loop
      vertex   1.356464e+02 1.784536e+02 1.975000e+02
      vertex   1.356667e+02 1.784589e+02 1.973994e+02
      vertex   1.355857e+02 1.783771e+02 1.974609e+02
    endloop
  endfacet
  facet normal -7.926058e-01 6.081878e-01 4.340169e-02
    outer loop
      vertex   1.356464e+02 1.784536e+02 1.975000e+02
      vertex   1.355857e+02 1.783771e+02 1.974609e+02
      vertex   1.355670e+02 1.783500e+02 1.975000e+02
    endloop
  endfacet
  facet normal -8.925984e-01 4.328324e-01 -1.261909e-01
    outer loop
      vertex   1.355670e+02 1.783500e+02 1.975000e+02
      vertex   1.355857e+02 1.783771e+02 1.974609e+02
      vertex   1.355691e+02 1.783152e+02 1.973659e+02
    endloop
  endfacet
  facet normal -9.091026e-01 3.995626e-01 -1.178222e-01
    outer loop
      vertex   1.355670e+02 1.783500e+02 1.975000e+02
      vertex   1.355691e+02 1.783152e+02 1.973659e+02
      vertex   1.355188e+02 1.782241e+02 1.974446e+02
    endloop
  endfacet
  facet normal -9.224889e-01 2.729599e-01 -2.729599e-01
    outer loop
      vertex   1.355188e+02 1.782241e+02 1.974446e+02
      vertex   1.355691e+02 1.783152e+02 1.973659e+02
      vertex   1.355188e+02 1.781554e+02 1.973759e+02
    endloop
  endfacet
  facet normal -9.891881e-01 1.036987e-01 -1.036987e-01
    outer loop
      vertex   1.355188e+02 1.782241e+02 1.974446e+02
      vertex   1.355188e+02 1.781554e+02 1.973759e+02
      vertex   1.355000e+02 1.781000e+02 1.975000e+02
    endloop
  endfacet
  facet normal -9.904691e-01 4.435481e-02 -1.303977e-01
    outer loop
      vertex   1.355000e+02 1.781000e+02 1.975000e+02
      vertex   1.355188e+02 1.781554e+02 1.973759e+02
      vertex   1.355170e+02 1.781000e+02 1.973706e+02
    endloop
  endfacet
  facet normal -9.218370e-01 6.645835e-02 -3.818374e-01
    outer loop
      vertex   1.355170e+02 1.781000e+02 1.973706e+02
      vertex   1.355188e+02 1.781554e+02 1.973759e+02
      vertex   1.355670e+02 1.781000e+02 1.972500e+02
    endloop
  endfacet
  facet normal -9.091026e-01 1.178222e-01 -3.995626e-01
    outer loop
      vertex   1.355670e+02 1.781000e+02 1.972500e+02
      vertex   1.355188e+02 1.781554e+02 1.973759e+02
      vertex   1.355691e+02 1.782341e+02 1.972848e+02
    endloop
  endfacet
  facet normal -8.925984e-01 1.261909e-01 -4.328324e-01
    outer loop
      vertex   1.355670e+02 1.781000e+02 1.972500e+02
      vertex   1.355691e+02 1.782341e+02 1.972848e+02
      vertex   1.355857e+02 1.781391e+02 1.972229e+02
    endloop
  endfacet
  facet normal -7.743828e-01 2.448663e-01 -5.834139e-01
    outer loop
      vertex   1.355857e+02 1.781391e+02 1.972229e+02
      vertex   1.355691e+02 1.782341e+02 1.972848e+02
      vertex   1.356487e+02 1.783037e+02 1.972083e+02
    endloop
  endfacet
  facet normal -7.743828e-01 2.448663e-01 -5.834139e-01
    outer loop
      vertex   1.355857e+02 1.781391e+02 1.972229e+02
      vertex   1.356487e+02 1.783037e+02 1.972083e+02
      vertex   1.356667e+02 1.782006e+02 1.971411e+02
    endloop
  endfacet
  facet normal -6.067974e-01 8.026201e-02 -7.907938e-01
    outer loop
      vertex   1.357500e+02 1.781000e+02 1.970670e+02
      vertex   1.356464e+02 1.781000e+02 1.971464e+02
      vertex   1.356667e+02 1.782006e+02 1.971411e+02
    endloop
  endfacet
  facet normal -7.476569e-01 1.159338e-01 -6.538873e-01
    outer loop
      vertex   1.356667e+02 1.782006e+02 1.971411e+02
      vertex   1.356464e+02 1.781000e+02 1.971464e+02
      vertex   1.355857e+02 1.781391e+02 1.972229e+02
    endloop
  endfacet
  facet normal -7.926058e-01 -4.340169e-02 -6.081878e-01
    outer loop
      vertex   1.356464e+02 1.781000e+02 1.971464e+02
      vertex   1.355670e+02 1.781000e+02 1.972500e+02
      vertex   1.355857e+02 1.781391e+02 1.972229e+02
    endloop
  endfacet
  facet normal -9.904691e-01 1.303977e-01 -4.435481e-02
    outer loop
      vertex   1.355000e+02 1.781000e+02 1.975000e+02
      vertex   1.355170e+02 1.782294e+02 1.975000e+02
      vertex   1.355188e+02 1.782241e+02 1.974446e+02
    endloop
  endfacet
  facet normal -9.218370e-01 3.818374e-01 -6.645835e-02
    outer loop
      vertex   1.355188e+02 1.782241e+02 1.974446e+02
      vertex   1.355170e+02 1.782294e+02 1.975000e+02
      vertex   1.355670e+02 1.783500e+02 1.975000e+02
    endloop
  endfacet
  facet normal -5.110938e-01 8.447130e-01 -1.588805e-01
    outer loop
      vertex   1.357705e+02 1.785162e+02 1.973448e+02
      vertex   1.357500e+02 1.785330e+02 1.975000e+02
      vertex   1.358057e+02 1.785588e+02 1.974577e+02
    endloop
  endfacet
  facet normal -3.820305e-01 9.223031e-01 5.839281e-02
    outer loop
      vertex   1.358057e+02 1.785588e+02 1.974577e+02
      vertex   1.357500e+02 1.785330e+02 1.975000e+02
      vertex   1.358706e+02 1.785830e+02 1.975000e+02
    endloop
  endfacet
  facet normal -2.711922e-01 9.537278e-01 -1.298391e-01
    outer loop
      vertex   1.358057e+02 1.785588e+02 1.974577e+02
      vertex   1.358706e+02 1.785830e+02 1.975000e+02
      vertex   1.359230e+02 1.785852e+02 1.974071e+02
    endloop
  endfacet
  facet normal -1.303668e-01 9.902339e-01 -4.940940e-02
    outer loop
      vertex   1.359230e+02 1.785852e+02 1.974071e+02
      vertex   1.358706e+02 1.785830e+02 1.975000e+02
      vertex   1.360000e+02 1.786000e+02 1.975000e+02
    endloop
  endfacet
  facet normal -3.268886e-02 9.909150e-01 -1.304564e-01
    outer loop
      vertex   1.359230e+02 1.785852e+02 1.974071e+02
      vertex   1.360000e+02 1.786000e+02 1.975000e+02
      vertex   1.360000e+02 1.785830e+02 1.973706e+02
    endloop
  endfacet
  facet normal -1.223638e-01 9.407634e-01 -3.162140e-01
    outer loop
      vertex   1.359230e+02 1.785852e+02 1.974071e+02
      vertex   1.360000e+02 1.785830e+02 1.973706e+02
      vertex   1.358899e+02 1.785452e+02 1.973007e+02
    endloop
  endfacet
  facet normal -7.419375e-02 9.213332e-01 -3.816287e-01
    outer loop
      vertex   1.358899e+02 1.785452e+02 1.973007e+02
      vertex   1.360000e+02 1.785830e+02 1.973706e+02
      vertex   1.360000e+02 1.785330e+02 1.972500e+02
    endloop
  endfacet
  facet normal -1.475718e-01 8.403810e-01 -5.215192e-01
    outer loop
      vertex   1.358899e+02 1.785452e+02 1.973007e+02
      vertex   1.360000e+02 1.785330e+02 1.972500e+02
      vertex   1.358728e+02 1.784812e+02 1.972025e+02
    endloop
  endfacet
  facet normal -9.544300e-02 7.897316e-01 -6.059824e-01
    outer loop
      vertex   1.358728e+02 1.784812e+02 1.972025e+02
      vertex   1.360000e+02 1.785330e+02 1.972500e+02
      vertex   1.360000e+02 1.784536e+02 1.971464e+02
    endloop
  endfacet
  facet normal -1.560404e-01 6.984452e-01 -6.984452e-01
    outer loop
      vertex   1.358728e+02 1.784812e+02 1.972025e+02
      vertex   1.360000e+02 1.784536e+02 1.971464e+02
      vertex   1.358728e+02 1.783975e+02 1.971188e+02
    endloop
  endfacet
  facet normal -9.544300e-02 6.059824e-01 -7.897316e-01
    outer loop
      vertex   1.358728e+02 1.783975e+02 1.971188e+02
      vertex   1.360000e+02 1.784536e+02 1.971464e+02
      vertex   1.360000e+02 1.783500e+02 1.970670e+02
    endloop
  endfacet
  facet normal -1.475718e-01 5.215192e-01 -8.403810e-01
    outer loop
      vertex   1.358728e+02 1.783975e+02 1.971188e+02
      vertex   1.360000e+02 1.783500e+02 1.970670e+02
      vertex   1.358899e+02 1.782993e+02 1.970548e+02
    endloop
  endfacet
  facet normal -7.419375e-02 3.816287e-01 -9.213332e-01
    outer loop
      vertex   1.358899e+02 1.782993e+02 1.970548e+02
      vertex   1.360000e+02 1.783500e+02 1.970670e+02
      vertex   1.360000e+02 1.782294e+02 1.970170e+02
    endloop
  endfacet
  facet normal -1.223638e-01 3.162140e-01 -9.407634e-01
    outer loop
      vertex   1.358899e+02 1.782993e+02 1.970548e+02
      vertex   1.360000e+02 1.782294e+02 1.970170e+02
      vertex   1.359230e+02 1.781929e+02 1.970148e+02
    endloop
  endfacet
  facet normal -3.135991e-01 2.475550e-01 -9.167181e-01
    outer loop
      vertex   1.358899e+02 1.782993e+02 1.970548e+02
      vertex   1.359230e+02 1.781929e+02 1.970148e+02
      vertex   1.358057e+02 1.781423e+02 1.970412e+02
    endloop
  endfacet
  facet normal -3.663208e-01 4.620595e-01 -8.076571e-01
    outer loop
      vertex   1.358728e+02 1.783975e+02 1.971188e+02
      vertex   1.358899e+02 1.782993e+02 1.970548e+02
      vertex   1.357705e+02 1.782552e+02 1.970838e+02
    endloop
  endfacet
  facet normal -3.135991e-01 2.475550e-01 -9.167181e-01
    outer loop
      vertex   1.357705e+02 1.782552e+02 1.970838e+02
      vertex   1.358899e+02 1.782993e+02 1.970548e+02
      vertex   1.358057e+02 1.781423e+02 1.970412e+02
    endloop
  endfacet
  facet normal -3.663208e-01 4.620595e-01 -8.076571e-01
    outer loop
      vertex   1.358728e+02 1.783975e+02 1.971188e+02
      vertex   1.357705e+02 1.782552e+02 1.970838e+02
      vertex   1.357523e+02 1.783594e+02 1.971517e+02
    endloop
  endfacet
  facet normal -7.919720e-01 4.317293e-01 -4.317293e-01
    outer loop
      vertex   1.356487e+02 1.783917e+02 1.972963e+02
      vertex   1.356487e+02 1.783037e+02 1.972083e+02
      vertex   1.355691e+02 1.782341e+02 1.972848e+02
    endloop
  endfacet
  facet normal -7.919720e-01 4.317293e-01 -4.317293e-01
    outer loop
      vertex   1.356487e+02 1.783917e+02 1.972963e+02
      vertex   1.355691e+02 1.782341e+02 1.972848e+02
      vertex   1.355691e+02 1.783152e+02 1.973659e+02
    endloop
  endfacet
  facet normal -9.224889e-01 2.729599e-01 -2.729599e-01
    outer loop
      vertex   1.355691e+02 1.783152e+02 1.973659e+02
      vertex   1.355691e+02 1.782341e+02 1.972848e+02
      vertex   1.355188e+02 1.781554e+02 1.973759e+02
    endloop
  endfacet
  facet normal -3.842763e-01 6.528138e-01 -6.528138e-01
    outer loop
      vertex   1.358728e+02 1.784812e+02 1.972025e+02
      vertex   1.358728e+02 1.783975e+02 1.971188e+02
      vertex   1.357523e+02 1.783594e+02 1.971517e+02
    endloop
  endfacet
  facet normal -3.842763e-01 6.528138e-01 -6.528138e-01
    outer loop
      vertex   1.358728e+02 1.784812e+02 1.972025e+02
      vertex   1.357523e+02 1.783594e+02 1.971517e+02
      vertex   1.357523e+02 1.784483e+02 1.972406e+02
    endloop
  endfacet
  facet normal -7.743828e-01 5.834139e-01 -2.448663e-01
    outer loop
      vertex   1.356667e+02 1.784589e+02 1.973994e+02
      vertex   1.356487e+02 1.783917e+02 1.972963e+02
      vertex   1.355691e+02 1.783152e+02 1.973659e+02
    endloop
  endfacet
  facet normal -7.743828e-01 5.834139e-01 -2.448663e-01
    outer loop
      vertex   1.355857e+02 1.783771e+02 1.974609e+02
      vertex   1.356667e+02 1.784589e+02 1.973994e+02
      vertex   1.355691e+02 1.783152e+02 1.973659e+02
    endloop
  endfacet
  facet normal -3.663208e-01 8.076571e-01 -4.620595e-01
    outer loop
      vertex   1.358899e+02 1.785452e+02 1.973007e+02
      vertex   1.358728e+02 1.784812e+02 1.972025e+02
      vertex   1.357523e+02 1.784483e+02 1.972406e+02
    endloop
  endfacet
  facet normal -3.663208e-01 8.076571e-01 -4.620595e-01
    outer loop
      vertex   1.358899e+02 1.785452e+02 1.973007e+02
      vertex   1.357523e+02 1.784483e+02 1.972406e+02
      vertex   1.357705e+02 1.785162e+02 1.973448e+02
    endloop
  endfacet
  facet normal -3.135991e-01 9.167181e-01 -2.475550e-01
    outer loop
      vertex   1.359230e+02 1.785852e+02 1.974071e+02
      vertex   1.358899e+02 1.785452e+02 1.973007e+02
      vertex   1.357705e+02 1.785162e+02 1.973448e+02
    endloop
  endfacet
  facet normal -3.135991e-01 9.167181e-01 -2.475550e-01
    outer loop
      vertex   1.358057e+02 1.785588e+02 1.974577e+02
      vertex   1.359230e+02 1.785852e+02 1.974071e+02
      vertex   1.357705e+02 1.785162e+02 1.973448e+02
    endloop
  endfacet
  facet normal 9.904691e-01 1.303977e-01 4.435481e-02
    outer loop
      vertex   1.594830e+02 1.782294e+02 2.025000e+02
      vertex   1.594812e+02 1.782241e+02 2.025554e+02
      vertex   1.595000e+02 1.781000e+02 2.025000e+02
    endloop
  endfacet
  facet normal 9.891881e-01 1.036987e-01 1.036987e-01
    outer loop
      vertex   1.595000e+02 1.781000e+02 2.025000e+02
      vertex   1.594812e+02 1.782241e+02 2.025554e+02
      vertex   1.594812e+02 1.781554e+02 2.026241e+02
    endloop
  endfacet
  facet normal 9.904691e-01 4.435481e-02 1.303977e-01
    outer loop
      vertex   1.595000e+02 1.781000e+02 2.025000e+02
      vertex   1.594812e+02 1.781554e+02 2.026241e+02
      vertex   1.594830e+02 1.781000e+02 2.026294e+02
    endloop
  endfacet
  facet normal 9.218370e-01 6.645835e-02 3.818374e-01
    outer loop
      vertex   1.594830e+02 1.781000e+02 2.026294e+02
      vertex   1.594812e+02 1.781554e+02 2.026241e+02
      vertex   1.594330e+02 1.781000e+02 2.027500e+02
    endloop
  endfacet
  facet normal 9.091026e-01 1.178222e-01 3.995626e-01
    outer loop
      vertex   1.594330e+02 1.781000e+02 2.027500e+02
      vertex   1.594812e+02 1.781554e+02 2.026241e+02
      vertex   1.594309e+02 1.782341e+02 2.027152e+02
    endloop
  endfacet
  facet normal 8.925984e-01 1.261909e-01 4.328324e-01
    outer loop
      vertex   1.594330e+02 1.781000e+02 2.027500e+02
      vertex   1.594309e+02 1.782341e+02 2.027152e+02
      vertex   1.594143e+02 1.781391e+02 2.027771e+02
    endloop
  endfacet
  facet normal 7.743828e-01 2.448663e-01 5.834139e-01
    outer loop
      vertex   1.594143e+02 1.781391e+02 2.027771e+02
      vertex   1.594309e+02 1.782341e+02 2.027152e+02
      vertex   1.593513e+02 1.783037e+02 2.027917e+02
    endloop
  endfacet
  facet normal 7.743828e-01 2.448663e-01 5.834139e-01
    outer loop
      vertex   1.594143e+02 1.781391e+02 2.027771e+02
      vertex   1.593513e+02 1.783037e+02 2.027917e+02
      vertex   1.593333e+02 1.782006e+02 2.028589e+02
    endloop
  endfacet
  facet normal 5.901245e-01 3.657544e-01 7.197061e-01
    outer loop
      vertex   1.593333e+02 1.782006e+02 2.028589e+02
      vertex   1.593513e+02 1.783037e+02 2.027917e+02
      vertex   1.592477e+02 1.783594e+02 2.028483e+02
    endloop
  endfacet
  facet normal 5.901245e-01 3.657544e-01 7.197061e-01
    outer loop
      vertex   1.593333e+02 1.782006e+02 2.028589e+02
      vertex   1.592477e+02 1.783594e+02 2.028483e+02
      vertex   1.592295e+02 1.782552e+02 2.029162e+02
    endloop
  endfacet
  facet normal 3.663208e-01 4.620595e-01 8.076571e-01
    outer loop
      vertex   1.592295e+02 1.782552e+02 2.029162e+02
      vertex   1.592477e+02 1.783594e+02 2.028483e+02
      vertex   1.591272e+02 1.783975e+02 2.028812e+02
    endloop
  endfacet
  facet normal 3.663208e-01 4.620595e-01 8.076571e-01
    outer loop
      vertex   1.592295e+02 1.782552e+02 2.029162e+02
      vertex   1.591272e+02 1.783975e+02 2.028812e+02
      vertex   1.591101e+02 1.782993e+02 2.029452e+02
    endloop
  endfacet
  facet normal 1.475718e-01 5.215192e-01 8.403810e-01
    outer loop
      vertex   1.591101e+02 1.782993e+02 2.029452e+02
      vertex   1.591272e+02 1.783975e+02 2.028812e+02
      vertex   1.590000e+02 1.783500e+02 2.029330e+02
    endloop
  endfacet
  facet normal 7.419375e-02 3.816287e-01 9.213332e-01
    outer loop
      vertex   1.591101e+02 1.782993e+02 2.029452e+02
      vertex   1.590000e+02 1.783500e+02 2.029330e+02
      vertex   1.590000e+02 1.782294e+02 2.029830e+02
    endloop
  endfacet
  facet normal 9.218370e-01 3.818374e-01 6.645835e-02
    outer loop
      vertex   1.594830e+02 1.782294e+02 2.025000e+02
      vertex   1.594330e+02 1.783500e+02 2.025000e+02
      vertex   1.594812e+02 1.782241e+02 2.025554e+02
    endloop
  endfacet
  facet normal 9.091026e-01 3.995626e-01 1.178222e-01
    outer loop
      vertex   1.594812e+02 1.782241e+02 2.025554e+02
      vertex   1.594330e+02 1.783500e+02 2.025000e+02
      vertex   1.594309e+02 1.783152e+02 2.026341e+02
    endloop
  endfacet
  facet normal 9.224889e-01 2.729599e-01 2.729599e-01
    outer loop
      vertex   1.594812e+02 1.782241e+02 2.025554e+02
      vertex   1.594309e+02 1.783152e+02 2.026341e+02
      vertex   1.594812e+02 1.781554e+02 2.026241e+02
    endloop
  endfacet
  facet normal 9.224889e-01 2.729599e-01 2.729599e-01
    outer loop
      vertex   1.594812e+02 1.781554e+02 2.026241e+02
      vertex   1.594309e+02 1.783152e+02 2.026341e+02
      vertex   1.594309e+02 1.782341e+02 2.027152e+02
    endloop
  endfacet
  facet normal 8.925984e-01 4.328324e-01 1.261909e-01
    outer loop
      vertex   1.594309e+02 1.783152e+02 2.026341e+02
      vertex   1.594330e+02 1.783500e+02 2.025000e+02
      vertex   1.594143e+02 1.783771e+02 2.025391e+02
    endloop
  endfacet
  facet normal 7.926058e-01 6.081878e-01 -4.340169e-02
    outer loop
      vertex   1.594143e+02 1.783771e+02 2.025391e+02
      vertex   1.594330e+02 1.783500e+02 2.025000e+02
      vertex   1.593536e+02 1.784536e+02 2.025000e+02
    endloop
  endfacet
  facet normal 7.476569e-01 6.538873e-01 1.159338e-01
    outer loop
      vertex   1.594143e+02 1.783771e+02 2.025391e+02
      vertex   1.593536e+02 1.784536e+02 2.025000e+02
      vertex   1.593333e+02 1.784589e+02 2.026006e+02
    endloop
  endfacet
  facet normal 6.067974e-01 7.907938e-01 8.026201e-02
    outer loop
      vertex   1.593333e+02 1.784589e+02 2.026006e+02
      vertex   1.593536e+02 1.784536e+02 2.025000e+02
      vertex   1.592500e+02 1.785330e+02 2.025000e+02
    endloop
  endfacet
  facet normal 5.407082e-01 8.257119e-01 1.607312e-01
    outer loop
      vertex   1.593333e+02 1.784589e+02 2.026006e+02
      vertex   1.592500e+02 1.785330e+02 2.025000e+02
      vertex   1.592295e+02 1.785162e+02 2.026552e+02
    endloop
  endfacet
  facet normal 5.110938e-01 8.447130e-01 1.588805e-01
    outer loop
      vertex   1.592295e+02 1.785162e+02 2.026552e+02
      vertex   1.592500e+02 1.785330e+02 2.025000e+02
      vertex   1.591943e+02 1.785588e+02 2.025423e+02
    endloop
  endfacet
  facet normal 3.135991e-01 9.167181e-01 2.475550e-01
    outer loop
      vertex   1.592295e+02 1.785162e+02 2.026552e+02
      vertex   1.591943e+02 1.785588e+02 2.025423e+02
      vertex   1.590770e+02 1.785852e+02 2.025929e+02
    endloop
  endfacet
  facet normal 2.711922e-01 9.537278e-01 1.298391e-01
    outer loop
      vertex   1.590770e+02 1.785852e+02 2.025929e+02
      vertex   1.591943e+02 1.785588e+02 2.025423e+02
      vertex   1.591294e+02 1.785830e+02 2.025000e+02
    endloop
  endfacet
  facet normal 1.303668e-01 9.902339e-01 4.940940e-02
    outer loop
      vertex   1.590770e+02 1.785852e+02 2.025929e+02
      vertex   1.591294e+02 1.785830e+02 2.025000e+02
      vertex   1.590000e+02 1.786000e+02 2.025000e+02
    endloop
  endfacet
  facet normal 3.820305e-01 9.223031e-01 -5.839281e-02
    outer loop
      vertex   1.592500e+02 1.785330e+02 2.025000e+02
      vertex   1.591294e+02 1.785830e+02 2.025000e+02
      vertex   1.591943e+02 1.785588e+02 2.025423e+02
    endloop
  endfacet
  facet normal 3.268886e-02 9.909150e-01 1.304564e-01
    outer loop
      vertex   1.590000e+02 1.786000e+02 2.025000e+02
      vertex   1.590000e+02 1.785830e+02 2.026294e+02
      vertex   1.590770e+02 1.785852e+02 2.025929e+02
    endloop
  endfacet
  facet normal 1.223638e-01 9.407634e-01 3.162140e-01
    outer loop
      vertex   1.590770e+02 1.785852e+02 2.025929e+02
      vertex   1.590000e+02 1.785830e+02 2.026294e+02
      vertex   1.591101e+02 1.785452e+02 2.026993e+02
    endloop
  endfacet
  facet normal 3.135991e-01 9.167181e-01 2.475550e-01
    outer loop
      vertex   1.590770e+02 1.785852e+02 2.025929e+02
      vertex   1.591101e+02 1.785452e+02 2.026993e+02
      vertex   1.592295e+02 1.785162e+02 2.026552e+02
    endloop
  endfacet
  facet normal 3.663208e-01 8.076571e-01 4.620595e-01
    outer loop
      vertex   1.592295e+02 1.785162e+02 2.026552e+02
      vertex   1.591101e+02 1.785452e+02 2.026993e+02
      vertex   1.592477e+02 1.784483e+02 2.027594e+02
    endloop
  endfacet
  facet normal 5.901245e-01 7.197061e-01 3.657544e-01
    outer loop
      vertex   1.592295e+02 1.785162e+02 2.026552e+02
      vertex   1.592477e+02 1.784483e+02 2.027594e+02
      vertex   1.593513e+02 1.783917e+02 2.027037e+02
    endloop
  endfacet
  facet normal 6.085140e-01 5.611197e-01 5.611197e-01
    outer loop
      vertex   1.593513e+02 1.783917e+02 2.027037e+02
      vertex   1.592477e+02 1.784483e+02 2.027594e+02
      vertex   1.593513e+02 1.783037e+02 2.027917e+02
    endloop
  endfacet
  facet normal 7.919720e-01 4.317293e-01 4.317293e-01
    outer loop
      vertex   1.593513e+02 1.783917e+02 2.027037e+02
      vertex   1.593513e+02 1.783037e+02 2.027917e+02
      vertex   1.594309e+02 1.782341e+02 2.027152e+02
    endloop
  endfacet
  facet normal 7.419375e-02 9.213332e-01 3.816287e-01
    outer loop
      vertex   1.590000e+02 1.785830e+02 2.026294e+02
      vertex   1.590000e+02 1.785330e+02 2.027500e+02
      vertex   1.591101e+02 1.785452e+02 2.026993e+02
    endloop
  endfacet
  facet normal 1.475718e-01 8.403810e-01 5.215192e-01
    outer loop
      vertex   1.591101e+02 1.785452e+02 2.026993e+02
      vertex   1.590000e+02 1.785330e+02 2.027500e+02
      vertex   1.591272e+02 1.784812e+02 2.027975e+02
    endloop
  endfacet
  facet normal 3.663208e-01 8.076571e-01 4.620595e-01
    outer loop
      vertex   1.591101e+02 1.785452e+02 2.026993e+02
      vertex   1.591272e+02 1.784812e+02 2.027975e+02
      vertex   1.592477e+02 1.784483e+02 2.027594e+02
    endloop
  endfacet
  facet normal 3.842763e-01 6.528138e-01 6.528138e-01
    outer loop
      vertex   1.592477e+02 1.784483e+02 2.027594e+02
      vertex   1.591272e+02 1.784812e+02 2.027975e+02
      vertex   1.592477e+02 1.783594e+02 2.028483e+02
    endloop
  endfacet
  facet normal 6.085140e-01 5.611197e-01 5.611197e-01
    outer loop
      vertex   1.592477e+02 1.784483e+02 2.027594e+02
      vertex   1.592477e+02 1.783594e+02 2.028483e+02
      vertex   1.593513e+02 1.783037e+02 2.027917e+02
    endloop
  endfacet
  facet normal 9.544300e-02 7.897316e-01 6.059824e-01
    outer loop
      vertex   1.590000e+02 1.785330e+02 2.027500e+02
      vertex   1.590000e+02 1.784536e+02 2.028536e+02
      vertex   1.591272e+02 1.784812e+02 2.027975e+02
    endloop
  endfacet
  facet normal 1.560404e-01 6.984452e-01 6.984452e-01
    outer loop
      vertex   1.591272e+02 1.784812e+02 2.027975e+02
      vertex   1.590000e+02 1.784536e+02 2.028536e+02
      vertex   1.591272e+02 1.783975e+02 2.028812e+02
    endloop
  endfacet
  facet normal 3.842763e-01 6.528138e-01 6.528138e-01
    outer loop
      vertex   1.591272e+02 1.784812e+02 2.027975e+02
      vertex   1.591272e+02 1.783975e+02 2.028812e+02
      vertex   1.592477e+02 1.783594e+02 2.028483e+02
    endloop
  endfacet
  facet normal 9.544300e-02 6.059824e-01 7.897316e-01
    outer loop
      vertex   1.590000e+02 1.784536e+02 2.028536e+02
      vertex   1.590000e+02 1.783500e+02 2.029330e+02
      vertex   1.591272e+02 1.783975e+02 2.028812e+02
    endloop
  endfacet
  facet normal 1.223638e-01 3.162140e-01 9.407634e-01
    outer loop
      vertex   1.591101e+02 1.782993e+02 2.029452e+02
      vertex   1.590000e+02 1.782294e+02 2.029830e+02
      vertex   1.590770e+02 1.781929e+02 2.029852e+02
    endloop
  endfacet
  facet normal 3.268886e-02 1.304564e-01 9.909150e-01
    outer loop
      vertex   1.590770e+02 1.781929e+02 2.029852e+02
      vertex   1.590000e+02 1.782294e+02 2.029830e+02
      vertex   1.590000e+02 1.781000e+02 2.030000e+02
    endloop
  endfacet
  facet normal 1.303668e-01 4.940940e-02 9.902339e-01
    outer loop
      vertex   1.590770e+02 1.781929e+02 2.029852e+02
      vertex   1.590000e+02 1.781000e+02 2.030000e+02
      vertex   1.591294e+02 1.781000e+02 2.029830e+02
    endloop
  endfacet
  facet normal 2.711922e-01 1.298391e-01 9.537278e-01
    outer loop
      vertex   1.590770e+02 1.781929e+02 2.029852e+02
      vertex   1.591294e+02 1.781000e+02 2.029830e+02
      vertex   1.591943e+02 1.781423e+02 2.029588e+02
    endloop
  endfacet
  facet normal 3.820305e-01 -5.839281e-02 9.223031e-01
    outer loop
      vertex   1.591943e+02 1.781423e+02 2.029588e+02
      vertex   1.591294e+02 1.781000e+02 2.029830e+02
      vertex   1.592500e+02 1.781000e+02 2.029330e+02
    endloop
  endfacet
  facet normal 5.110938e-01 1.588805e-01 8.447130e-01
    outer loop
      vertex   1.591943e+02 1.781423e+02 2.029588e+02
      vertex   1.592500e+02 1.781000e+02 2.029330e+02
      vertex   1.592295e+02 1.782552e+02 2.029162e+02
    endloop
  endfacet
  facet normal 5.407082e-01 1.607312e-01 8.257119e-01
    outer loop
      vertex   1.592295e+02 1.782552e+02 2.029162e+02
      vertex   1.592500e+02 1.781000e+02 2.029330e+02
      vertex   1.593333e+02 1.782006e+02 2.028589e+02
    endloop
  endfacet
  facet normal 6.067974e-01 8.026201e-02 7.907938e-01
    outer loop
      vertex   1.592500e+02 1.781000e+02 2.029330e+02
      vertex   1.593536e+02 1.781000e+02 2.028536e+02
      vertex   1.593333e+02 1.782006e+02 2.028589e+02
    endloop
  endfacet
  facet normal 7.476569e-01 1.159338e-01 6.538873e-01
    outer loop
      vertex   1.593333e+02 1.782006e+02 2.028589e+02
      vertex   1.593536e+02 1.781000e+02 2.028536e+02
      vertex   1.594143e+02 1.781391e+02 2.027771e+02
    endloop
  endfacet
  facet normal 7.926058e-01 -4.340169e-02 6.081878e-01
    outer loop
      vertex   1.593536e+02 1.781000e+02 2.028536e+02
      vertex   1.594330e+02 1.781000e+02 2.027500e+02
      vertex   1.594143e+02 1.781391e+02 2.027771e+02
    endloop
  endfacet
  facet normal 7.919720e-01 4.317293e-01 4.317293e-01
    outer loop
      vertex   1.593513e+02 1.783917e+02 2.027037e+02
      vertex   1.594309e+02 1.782341e+02 2.027152e+02
      vertex   1.594309e+02 1.783152e+02 2.026341e+02
    endloop
  endfacet
  facet normal 7.743828e-01 5.834139e-01 2.448663e-01
    outer loop
      vertex   1.594143e+02 1.783771e+02 2.025391e+02
      vertex   1.593333e+02 1.784589e+02 2.026006e+02
      vertex   1.594309e+02 1.783152e+02 2.026341e+02
    endloop
  endfacet
  facet normal 7.743828e-01 5.834139e-01 2.448663e-01
    outer loop
      vertex   1.594309e+02 1.783152e+02 2.026341e+02
      vertex   1.593333e+02 1.784589e+02 2.026006e+02
      vertex   1.593513e+02 1.783917e+02 2.027037e+02
    endloop
  endfacet
  facet normal 5.901245e-01 7.197061e-01 3.657544e-01
    outer loop
      vertex   1.593333e+02 1.784589e+02 2.026006e+02
      vertex   1.592295e+02 1.785162e+02 2.026552e+02
      vertex   1.593513e+02 1.783917e+02 2.027037e+02
    endloop
  endfacet
  facet normal 3.135991e-01 2.475550e-01 9.167181e-01
    outer loop
      vertex   1.591943e+02 1.781423e+02 2.029588e+02
      vertex   1.592295e+02 1.782552e+02 2.029162e+02
      vertex   1.591101e+02 1.782993e+02 2.029452e+02
    endloop
  endfacet
  facet normal 3.135991e-01 2.475550e-01 9.167181e-01
    outer loop
      vertex   1.590770e+02 1.781929e+02 2.029852e+02
      vertex   1.591943e+02 1.781423e+02 2.029588e+02
      vertex   1.591101e+02 1.782993e+02 2.029452e+02
    endloop
  endfacet
  facet normal 4.940940e-02 -1.303668e-01 -9.902339e-01
    outer loop
      vertex   1.590000e+02 1.386484e+02 1.970170e+02
      vertex   1.590000e+02 1.387778e+02 1.970000e+02
      vertex   1.590929e+02 1.387008e+02 1.970148e+02
    endloop
  endfacet
  facet normal 1.304564e-01 -3.268886e-02 -9.909150e-01
    outer loop
      vertex   1.590929e+02 1.387008e+02 1.970148e+02
      vertex   1.590000e+02 1.387778e+02 1.970000e+02
      vertex   1.591294e+02 1.387778e+02 1.970170e+02
    endloop
  endfacet
  facet normal 3.162140e-01 -1.223638e-01 -9.407634e-01
    outer loop
      vertex   1.590929e+02 1.387008e+02 1.970148e+02
      vertex   1.591294e+02 1.387778e+02 1.970170e+02
      vertex   1.591993e+02 1.386677e+02 1.970548e+02
    endloop
  endfacet
  facet normal 3.816287e-01 -7.419375e-02 -9.213332e-01
    outer loop
      vertex   1.591993e+02 1.386677e+02 1.970548e+02
      vertex   1.591294e+02 1.387778e+02 1.970170e+02
      vertex   1.592500e+02 1.387778e+02 1.970670e+02
    endloop
  endfacet
  facet normal 5.215192e-01 -1.475718e-01 -8.403810e-01
    outer loop
      vertex   1.591993e+02 1.386677e+02 1.970548e+02
      vertex   1.592500e+02 1.387778e+02 1.970670e+02
      vertex   1.592975e+02 1.386505e+02 1.971188e+02
    endloop
  endfacet
  facet normal 6.059824e-01 -9.544300e-02 -7.897316e-01
    outer loop
      vertex   1.592975e+02 1.386505e+02 1.971188e+02
      vertex   1.592500e+02 1.387778e+02 1.970670e+02
      vertex   1.593536e+02 1.387778e+02 1.971464e+02
    endloop
  endfacet
  facet normal 6.984452e-01 -1.560404e-01 -6.984452e-01
    outer loop
      vertex   1.592975e+02 1.386505e+02 1.971188e+02
      vertex   1.593536e+02 1.387778e+02 1.971464e+02
      vertex   1.593812e+02 1.386505e+02 1.972025e+02
    endloop
  endfacet
  facet normal 7.897316e-01 -9.544300e-02 -6.059824e-01
    outer loop
      vertex   1.593812e+02 1.386505e+02 1.972025e+02
      vertex   1.593536e+02 1.387778e+02 1.971464e+02
      vertex   1.594330e+02 1.387778e+02 1.972500e+02
    endloop
  endfacet
  facet normal 8.403810e-01 -1.475718e-01 -5.215192e-01
    outer loop
      vertex   1.593812e+02 1.386505e+02 1.972025e+02
      vertex   1.594330e+02 1.387778e+02 1.972500e+02
      vertex   1.594452e+02 1.386677e+02 1.973007e+02
    endloop
  endfacet
  facet normal 9.213332e-01 -7.419375e-02 -3.816287e-01
    outer loop
      vertex   1.594452e+02 1.386677e+02 1.973007e+02
      vertex   1.594330e+02 1.387778e+02 1.972500e+02
      vertex   1.594830e+02 1.387778e+02 1.973706e+02
    endloop
  endfacet
  facet normal 9.407634e-01 -1.223638e-01 -3.162140e-01
    outer loop
      vertex   1.594452e+02 1.386677e+02 1.973007e+02
      vertex   1.594830e+02 1.387778e+02 1.973706e+02
      vertex   1.594852e+02 1.387008e+02 1.974071e+02
    endloop
  endfacet
  facet normal 9.909150e-01 -3.268886e-02 -1.304564e-01
    outer loop
      vertex   1.594852e+02 1.387008e+02 1.974071e+02
      vertex   1.594830e+02 1.387778e+02 1.973706e+02
      vertex   1.595000e+02 1.387778e+02 1.975000e+02
    endloop
  endfacet
  facet normal 9.902339e-01 -1.303668e-01 -4.940940e-02
    outer loop
      vertex   1.594852e+02 1.387008e+02 1.974071e+02
      vertex   1.595000e+02 1.387778e+02 1.975000e+02
      vertex   1.594830e+02 1.386484e+02 1.975000e+02
    endloop
  endfacet
  facet normal 9.537278e-01 -2.711922e-01 -1.298391e-01
    outer loop
      vertex   1.594852e+02 1.387008e+02 1.974071e+02
      vertex   1.594830e+02 1.386484e+02 1.975000e+02
      vertex   1.594588e+02 1.385835e+02 1.974577e+02
    endloop
  endfacet
  facet normal 9.223031e-01 -3.820305e-01 5.839280e-02
    outer loop
      vertex   1.594588e+02 1.385835e+02 1.974577e+02
      vertex   1.594830e+02 1.386484e+02 1.975000e+02
      vertex   1.594330e+02 1.385278e+02 1.975000e+02
    endloop
  endfacet
  facet normal 8.447130e-01 -5.110938e-01 -1.588805e-01
    outer loop
      vertex   1.594588e+02 1.385835e+02 1.974577e+02
      vertex   1.594330e+02 1.385278e+02 1.975000e+02
      vertex   1.594162e+02 1.385483e+02 1.973448e+02
    endloop
  endfacet
  facet normal 8.257119e-01 -5.407082e-01 -1.607312e-01
    outer loop
      vertex   1.594162e+02 1.385483e+02 1.973448e+02
      vertex   1.594330e+02 1.385278e+02 1.975000e+02
      vertex   1.593589e+02 1.384445e+02 1.973994e+02
    endloop
  endfacet
  facet normal 7.197061e-01 -5.901245e-01 -3.657544e-01
    outer loop
      vertex   1.594162e+02 1.385483e+02 1.973448e+02
      vertex   1.593589e+02 1.384445e+02 1.973994e+02
      vertex   1.593483e+02 1.385301e+02 1.972406e+02
    endloop
  endfacet
  facet normal 7.197061e-01 -5.901245e-01 -3.657544e-01
    outer loop
      vertex   1.593483e+02 1.385301e+02 1.972406e+02
      vertex   1.593589e+02 1.384445e+02 1.973994e+02
      vertex   1.592917e+02 1.384265e+02 1.972963e+02
    endloop
  endfacet
  facet normal 5.611197e-01 -6.085140e-01 -5.611197e-01
    outer loop
      vertex   1.593483e+02 1.385301e+02 1.972406e+02
      vertex   1.592917e+02 1.384265e+02 1.972963e+02
      vertex   1.592594e+02 1.385301e+02 1.971517e+02
    endloop
  endfacet
  facet normal 5.611197e-01 -6.085140e-01 -5.611197e-01
    outer loop
      vertex   1.592594e+02 1.385301e+02 1.971517e+02
      vertex   1.592917e+02 1.384265e+02 1.972963e+02
      vertex   1.592037e+02 1.384265e+02 1.972083e+02
    endloop
  endfacet
  facet normal 3.657544e-01 -5.901245e-01 -7.197061e-01
    outer loop
      vertex   1.592594e+02 1.385301e+02 1.971517e+02
      vertex   1.592037e+02 1.384265e+02 1.972083e+02
      vertex   1.591552e+02 1.385483e+02 1.970838e+02
    endloop
  endfacet
  facet normal 3.657544e-01 -5.901245e-01 -7.197061e-01
    outer loop
      vertex   1.591552e+02 1.385483e+02 1.970838e+02
      vertex   1.592037e+02 1.384265e+02 1.972083e+02
      vertex   1.591006e+02 1.384445e+02 1.971411e+02
    endloop
  endfacet
  facet normal 1.607312e-01 -5.407082e-01 -8.257119e-01
    outer loop
      vertex   1.591552e+02 1.385483e+02 1.970838e+02
      vertex   1.591006e+02 1.384445e+02 1.971411e+02
      vertex   1.590000e+02 1.385278e+02 1.970670e+02
    endloop
  endfacet
  facet normal 8.026201e-02 -6.067974e-01 -7.907938e-01
    outer loop
      vertex   1.590000e+02 1.385278e+02 1.970670e+02
      vertex   1.591006e+02 1.384445e+02 1.971411e+02
      vertex   1.590000e+02 1.384242e+02 1.971464e+02
    endloop
  endfacet
  facet normal 1.159338e-01 -7.476569e-01 -6.538873e-01
    outer loop
      vertex   1.590000e+02 1.384242e+02 1.971464e+02
      vertex   1.591006e+02 1.384445e+02 1.971411e+02
      vertex   1.590391e+02 1.383635e+02 1.972229e+02
    endloop
  endfacet
  facet normal -4.340169e-02 -7.926058e-01 -6.081878e-01
    outer loop
      vertex   1.590000e+02 1.384242e+02 1.971464e+02
      vertex   1.590391e+02 1.383635e+02 1.972229e+02
      vertex   1.590000e+02 1.383448e+02 1.972500e+02
    endloop
  endfacet
  facet normal 1.261909e-01 -8.925984e-01 -4.328324e-01
    outer loop
      vertex   1.590000e+02 1.383448e+02 1.972500e+02
      vertex   1.590391e+02 1.383635e+02 1.972229e+02
      vertex   1.591341e+02 1.383469e+02 1.972848e+02
    endloop
  endfacet
  facet normal 1.178222e-01 -9.091026e-01 -3.995626e-01
    outer loop
      vertex   1.590000e+02 1.383448e+02 1.972500e+02
      vertex   1.591341e+02 1.383469e+02 1.972848e+02
      vertex   1.590554e+02 1.382966e+02 1.973759e+02
    endloop
  endfacet
  facet normal 2.729599e-01 -9.224889e-01 -2.729599e-01
    outer loop
      vertex   1.590554e+02 1.382966e+02 1.973759e+02
      vertex   1.591341e+02 1.383469e+02 1.972848e+02
      vertex   1.591241e+02 1.382966e+02 1.974446e+02
    endloop
  endfacet
  facet normal 1.036987e-01 -9.891881e-01 -1.036987e-01
    outer loop
      vertex   1.590554e+02 1.382966e+02 1.973759e+02
      vertex   1.591241e+02 1.382966e+02 1.974446e+02
      vertex   1.590000e+02 1.382778e+02 1.975000e+02
    endloop
  endfacet
  facet normal 1.303977e-01 -9.904691e-01 -4.435481e-02
    outer loop
      vertex   1.590000e+02 1.382778e+02 1.975000e+02
      vertex   1.591241e+02 1.382966e+02 1.974446e+02
      vertex   1.591294e+02 1.382948e+02 1.975000e+02
    endloop
  endfacet
  facet normal 3.818374e-01 -9.218370e-01 -6.645835e-02
    outer loop
      vertex   1.591294e+02 1.382948e+02 1.975000e+02
      vertex   1.591241e+02 1.382966e+02 1.974446e+02
      vertex   1.592500e+02 1.383448e+02 1.975000e+02
    endloop
  endfacet
  facet normal 3.995626e-01 -9.091026e-01 -1.178222e-01
    outer loop
      vertex   1.592500e+02 1.383448e+02 1.975000e+02
      vertex   1.591241e+02 1.382966e+02 1.974446e+02
      vertex   1.592152e+02 1.383469e+02 1.973659e+02
    endloop
  endfacet
  facet normal 4.328324e-01 -8.925984e-01 -1.261909e-01
    outer loop
      vertex   1.592500e+02 1.383448e+02 1.975000e+02
      vertex   1.592152e+02 1.383469e+02 1.973659e+02
      vertex   1.592771e+02 1.383635e+02 1.974609e+02
    endloop
  endfacet
  facet normal 5.834139e-01 -7.743828e-01 -2.448663e-01
    outer loop
      vertex   1.592771e+02 1.383635e+02 1.974609e+02
      vertex   1.592152e+02 1.383469e+02 1.973659e+02
      vertex   1.592917e+02 1.384265e+02 1.972963e+02
    endloop
  endfacet
  facet normal 5.834139e-01 -7.743828e-01 -2.448663e-01
    outer loop
      vertex   1.592771e+02 1.383635e+02 1.974609e+02
      vertex   1.592917e+02 1.384265e+02 1.972963e+02
      vertex   1.593589e+02 1.384445e+02 1.973994e+02
    endloop
  endfacet
  facet normal 7.907938e-01 -6.067974e-01 -8.026201e-02
    outer loop
      vertex   1.594330e+02 1.385278e+02 1.975000e+02
      vertex   1.593536e+02 1.384242e+02 1.975000e+02
      vertex   1.593589e+02 1.384445e+02 1.973994e+02
    endloop
  endfacet
  facet normal 6.538873e-01 -7.476569e-01 -1.159338e-01
    outer loop
      vertex   1.593589e+02 1.384445e+02 1.973994e+02
      vertex   1.593536e+02 1.384242e+02 1.975000e+02
      vertex   1.592771e+02 1.383635e+02 1.974609e+02
    endloop
  endfacet
  facet normal 6.081878e-01 -7.926058e-01 4.340169e-02
    outer loop
      vertex   1.593536e+02 1.384242e+02 1.975000e+02
      vertex   1.592500e+02 1.383448e+02 1.975000e+02
      vertex   1.592771e+02 1.383635e+02 1.974609e+02
    endloop
  endfacet
  facet normal 4.435481e-02 -9.904691e-01 -1.303977e-01
    outer loop
      vertex   1.590000e+02 1.382778e+02 1.975000e+02
      vertex   1.590000e+02 1.382948e+02 1.973706e+02
      vertex   1.590554e+02 1.382966e+02 1.973759e+02
    endloop
  endfacet
  facet normal 6.645835e-02 -9.218370e-01 -3.818374e-01
    outer loop
      vertex   1.590554e+02 1.382966e+02 1.973759e+02
      vertex   1.590000e+02 1.382948e+02 1.973706e+02
      vertex   1.590000e+02 1.383448e+02 1.972500e+02
    endloop
  endfacet
  facet normal 1.588805e-01 -5.110938e-01 -8.447130e-01
    outer loop
      vertex   1.591552e+02 1.385483e+02 1.970838e+02
      vertex   1.590000e+02 1.385278e+02 1.970670e+02
      vertex   1.590423e+02 1.385835e+02 1.970412e+02
    endloop
  endfacet
  facet normal -5.839280e-02 -3.820305e-01 -9.223031e-01
    outer loop
      vertex   1.590423e+02 1.385835e+02 1.970412e+02
      vertex   1.590000e+02 1.385278e+02 1.970670e+02
      vertex   1.590000e+02 1.386484e+02 1.970170e+02
    endloop
  endfacet
  facet normal 1.298391e-01 -2.711922e-01 -9.537278e-01
    outer loop
      vertex   1.590423e+02 1.385835e+02 1.970412e+02
      vertex   1.590000e+02 1.386484e+02 1.970170e+02
      vertex   1.590929e+02 1.387008e+02 1.970148e+02
    endloop
  endfacet
  facet normal 2.475550e-01 -3.135991e-01 -9.167181e-01
    outer loop
      vertex   1.591552e+02 1.385483e+02 1.970838e+02
      vertex   1.590423e+02 1.385835e+02 1.970412e+02
      vertex   1.590929e+02 1.387008e+02 1.970148e+02
    endloop
  endfacet
  facet normal 4.620595e-01 -3.663208e-01 -8.076571e-01
    outer loop
      vertex   1.592594e+02 1.385301e+02 1.971517e+02
      vertex   1.591552e+02 1.385483e+02 1.970838e+02
      vertex   1.591993e+02 1.386677e+02 1.970548e+02
    endloop
  endfacet
  facet normal 2.475550e-01 -3.135991e-01 -9.167181e-01
    outer loop
      vertex   1.591993e+02 1.386677e+02 1.970548e+02
      vertex   1.591552e+02 1.385483e+02 1.970838e+02
      vertex   1.590929e+02 1.387008e+02 1.970148e+02
    endloop
  endfacet
  facet normal 2.448663e-01 -7.743828e-01 -5.834139e-01
    outer loop
      vertex   1.591341e+02 1.383469e+02 1.972848e+02
      vertex   1.590391e+02 1.383635e+02 1.972229e+02
      vertex   1.591006e+02 1.384445e+02 1.971411e+02
    endloop
  endfacet
  facet normal 2.448663e-01 -7.743828e-01 -5.834139e-01
    outer loop
      vertex   1.591341e+02 1.383469e+02 1.972848e+02
      vertex   1.591006e+02 1.384445e+02 1.971411e+02
      vertex   1.592037e+02 1.384265e+02 1.972083e+02
    endloop
  endfacet
  facet normal 6.528138e-01 -3.842763e-01 -6.528138e-01
    outer loop
      vertex   1.593483e+02 1.385301e+02 1.972406e+02
      vertex   1.592594e+02 1.385301e+02 1.971517e+02
      vertex   1.592975e+02 1.386505e+02 1.971188e+02
    endloop
  endfacet
  facet normal 4.620595e-01 -3.663208e-01 -8.076571e-01
    outer loop
      vertex   1.592975e+02 1.386505e+02 1.971188e+02
      vertex   1.592594e+02 1.385301e+02 1.971517e+02
      vertex   1.591993e+02 1.386677e+02 1.970548e+02
    endloop
  endfacet
  facet normal 4.317293e-01 -7.919720e-01 -4.317293e-01
    outer loop
      vertex   1.592917e+02 1.384265e+02 1.972963e+02
      vertex   1.592152e+02 1.383469e+02 1.973659e+02
      vertex   1.592037e+02 1.384265e+02 1.972083e+02
    endloop
  endfacet
  facet normal 4.317293e-01 -7.919720e-01 -4.317293e-01
    outer loop
      vertex   1.592037e+02 1.384265e+02 1.972083e+02
      vertex   1.592152e+02 1.383469e+02 1.973659e+02
      vertex   1.591341e+02 1.383469e+02 1.972848e+02
    endloop
  endfacet
  facet normal 2.729599e-01 -9.224889e-01 -2.729599e-01
    outer loop
      vertex   1.592152e+02 1.383469e+02 1.973659e+02
      vertex   1.591241e+02 1.382966e+02 1.974446e+02
      vertex   1.591341e+02 1.383469e+02 1.972848e+02
    endloop
  endfacet
  facet normal 8.076571e-01 -3.663208e-01 -4.620595e-01
    outer loop
      vertex   1.594162e+02 1.385483e+02 1.973448e+02
      vertex   1.593483e+02 1.385301e+02 1.972406e+02
      vertex   1.593812e+02 1.386505e+02 1.972025e+02
    endloop
  endfacet
  facet normal 6.528138e-01 -3.842763e-01 -6.528138e-01
    outer loop
      vertex   1.593812e+02 1.386505e+02 1.972025e+02
      vertex   1.593483e+02 1.385301e+02 1.972406e+02
      vertex   1.592975e+02 1.386505e+02 1.971188e+02
    endloop
  endfacet
  facet normal 9.167181e-01 -3.135991e-01 -2.475550e-01
    outer loop
      vertex   1.594588e+02 1.385835e+02 1.974577e+02
      vertex   1.594162e+02 1.385483e+02 1.973448e+02
      vertex   1.594452e+02 1.386677e+02 1.973007e+02
    endloop
  endfacet
  facet normal 8.076571e-01 -3.663208e-01 -4.620595e-01
    outer loop
      vertex   1.594452e+02 1.386677e+02 1.973007e+02
      vertex   1.594162e+02 1.385483e+02 1.973448e+02
      vertex   1.593812e+02 1.386505e+02 1.972025e+02
    endloop
  endfacet
  facet normal 9.167181e-01 -3.135991e-01 -2.475550e-01
    outer loop
      vertex   1.594852e+02 1.387008e+02 1.974071e+02
      vertex   1.594588e+02 1.385835e+02 1.974577e+02
      vertex   1.594452e+02 1.386677e+02 1.973007e+02
    endloop
  endfacet
  facet normal -9.902339e-01 1.303668e-01 4.940940e-02
    outer loop
      vertex   1.355170e+02 1.782294e+02 2.025000e+02
      vertex   1.355000e+02 1.781000e+02 2.025000e+02
      vertex   1.355148e+02 1.781770e+02 2.025929e+02
    endloop
  endfacet
  facet normal -9.909150e-01 3.268886e-02 1.304564e-01
    outer loop
      vertex   1.355148e+02 1.781770e+02 2.025929e+02
      vertex   1.355000e+02 1.781000e+02 2.025000e+02
      vertex   1.355170e+02 1.781000e+02 2.026294e+02
    endloop
  endfacet
  facet normal -9.407634e-01 1.223638e-01 3.162140e-01
    outer loop
      vertex   1.355148e+02 1.781770e+02 2.025929e+02
      vertex   1.355170e+02 1.781000e+02 2.026294e+02
      vertex   1.355548e+02 1.782101e+02 2.026993e+02
    endloop
  endfacet
  facet normal -9.213332e-01 7.419375e-02 3.816287e-01
    outer loop
      vertex   1.355548e+02 1.782101e+02 2.026993e+02
      vertex   1.355170e+02 1.781000e+02 2.026294e+02
      vertex   1.355670e+02 1.781000e+02 2.027500e+02
    endloop
  endfacet
  facet normal -8.403810e-01 1.475718e-01 5.215192e-01
    outer loop
      vertex   1.355548e+02 1.782101e+02 2.026993e+02
      vertex   1.355670e+02 1.781000e+02 2.027500e+02
      vertex   1.356188e+02 1.782272e+02 2.027975e+02
    endloop
  endfacet
  facet normal -7.897316e-01 9.544300e-02 6.059824e-01
    outer loop
      vertex   1.356188e+02 1.782272e+02 2.027975e+02
      vertex   1.355670e+02 1.781000e+02 2.027500e+02
      vertex   1.356464e+02 1.781000e+02 2.028536e+02
    endloop
  endfacet
  facet normal -6.984452e-01 1.560404e-01 6.984452e-01
    outer loop
      vertex   1.356188e+02 1.782272e+02 2.027975e+02
      vertex   1.356464e+02 1.781000e+02 2.028536e+02
      vertex   1.357025e+02 1.782272e+02 2.028812e+02
    endloop
  endfacet
  facet normal -6.059824e-01 9.544300e-02 7.897316e-01
    outer loop
      vertex   1.357025e+02 1.782272e+02 2.028812e+02
      vertex   1.356464e+02 1.781000e+02 2.028536e+02
      vertex   1.357500e+02 1.781000e+02 2.029330e+02
    endloop
  endfacet
  facet normal -5.215192e-01 1.475718e-01 8.403810e-01
    outer loop
      vertex   1.357025e+02 1.782272e+02 2.028812e+02
      vertex   1.357500e+02 1.781000e+02 2.029330e+02
      vertex   1.358007e+02 1.782101e+02 2.029452e+02
    endloop
  endfacet
  facet normal -3.816287e-01 7.419375e-02 9.213332e-01
    outer loop
      vertex   1.358007e+02 1.782101e+02 2.029452e+02
      vertex   1.357500e+02 1.781000e+02 2.029330e+02
      vertex   1.358706e+02 1.781000e+02 2.029830e+02
    endloop
  endfacet
  facet normal -3.162140e-01 1.223638e-01 9.407634e-01
    outer loop
      vertex   1.358007e+02 1.782101e+02 2.029452e+02
      vertex   1.358706e+02 1.781000e+02 2.029830e+02
      vertex   1.359071e+02 1.781770e+02 2.029852e+02
    endloop
  endfacet
  facet normal -1.304564e-01 3.268886e-02 9.909150e-01
    outer loop
      vertex   1.359071e+02 1.781770e+02 2.029852e+02
      vertex   1.358706e+02 1.781000e+02 2.029830e+02
      vertex   1.360000e+02 1.781000e+02 2.030000e+02
    endloop
  endfacet
  facet normal -4.940940e-02 1.303668e-01 9.902339e-01
    outer loop
      vertex   1.359071e+02 1.781770e+02 2.029852e+02
      vertex   1.360000e+02 1.781000e+02 2.030000e+02
      vertex   1.360000e+02 1.782294e+02 2.029830e+02
    endloop
  endfacet
  facet normal -1.298391e-01 2.711922e-01 9.537278e-01
    outer loop
      vertex   1.359071e+02 1.781770e+02 2.029852e+02
      vertex   1.360000e+02 1.782294e+02 2.029830e+02
      vertex   1.359577e+02 1.782943e+02 2.029588e+02
    endloop
  endfacet
  facet normal 5.839281e-02 3.820305e-01 9.223031e-01
    outer loop
      vertex   1.359577e+02 1.782943e+02 2.029588e+02
      vertex   1.360000e+02 1.782294e+02 2.029830e+02
      vertex   1.360000e+02 1.783500e+02 2.029330e+02
    endloop
  endfacet
  facet normal -1.588805e-01 5.110938e-01 8.447130e-01
    outer loop
      vertex   1.359577e+02 1.782943e+02 2.029588e+02
      vertex   1.360000e+02 1.783500e+02 2.029330e+02
      vertex   1.358448e+02 1.783295e+02 2.029162e+02
    endloop
  endfacet
  facet normal -1.607312e-01 5.407082e-01 8.257119e-01
    outer loop
      vertex   1.358448e+02 1.783295e+02 2.029162e+02
      vertex   1.360000e+02 1.783500e+02 2.029330e+02
      vertex   1.358994e+02 1.784333e+02 2.028589e+02
    endloop
  endfacet
  facet normal -3.657544e-01 5.901245e-01 7.197061e-01
    outer loop
      vertex   1.358448e+02 1.783295e+02 2.029162e+02
      vertex   1.358994e+02 1.784333e+02 2.028589e+02
      vertex   1.357406e+02 1.783477e+02 2.028483e+02
    endloop
  endfacet
  facet normal -3.657544e-01 5.901245e-01 7.197061e-01
    outer loop
      vertex   1.357406e+02 1.783477e+02 2.028483e+02
      vertex   1.358994e+02 1.784333e+02 2.028589e+02
      vertex   1.357963e+02 1.784513e+02 2.027917e+02
    endloop
  endfacet
  facet normal -5.611197e-01 6.085140e-01 5.611197e-01
    outer loop
      vertex   1.357406e+02 1.783477e+02 2.028483e+02
      vertex   1.357963e+02 1.784513e+02 2.027917e+02
      vertex   1.356517e+02 1.783477e+02 2.027594e+02
    endloop
  endfacet
  facet normal -5.611197e-01 6.085140e-01 5.611197e-01
    outer loop
      vertex   1.356517e+02 1.783477e+02 2.027594e+02
      vertex   1.357963e+02 1.784513e+02 2.027917e+02
      vertex   1.357083e+02 1.784513e+02 2.027037e+02
    endloop
  endfacet
  facet normal -7.197061e-01 5.901245e-01 3.657544e-01
    outer loop
      vertex   1.356517e+02 1.783477e+02 2.027594e+02
      vertex   1.357083e+02 1.784513e+02 2.027037e+02
      vertex   1.355838e+02 1.783295e+02 2.026552e+02
    endloop
  endfacet
  facet normal -7.197061e-01 5.901245e-01 3.657544e-01
    outer loop
      vertex   1.355838e+02 1.783295e+02 2.026552e+02
      vertex   1.357083e+02 1.784513e+02 2.027037e+02
      vertex   1.356411e+02 1.784333e+02 2.026006e+02
    endloop
  endfacet
  facet normal -8.257119e-01 5.407082e-01 1.607312e-01
    outer loop
      vertex   1.355838e+02 1.783295e+02 2.026552e+02
      vertex   1.356411e+02 1.784333e+02 2.026006e+02
      vertex   1.355670e+02 1.783500e+02 2.025000e+02
    endloop
  endfacet
  facet normal -7.907938e-01 6.067974e-01 8.026201e-02
    outer loop
      vertex   1.355670e+02 1.783500e+02 2.025000e+02
      vertex   1.356411e+02 1.784333e+02 2.026006e+02
      vertex   1.356464e+02 1.784536e+02 2.025000e+02
    endloop
  endfacet
  facet normal -6.538873e-01 7.476569e-01 1.159338e-01
    outer loop
      vertex   1.356464e+02 1.784536e+02 2.025000e+02
      vertex   1.356411e+02 1.784333e+02 2.026006e+02
      vertex   1.357229e+02 1.785143e+02 2.025391e+02
    endloop
  endfacet
  facet normal -6.081878e-01 7.926058e-01 -4.340169e-02
    outer loop
      vertex   1.356464e+02 1.784536e+02 2.025000e+02
      vertex   1.357229e+02 1.785143e+02 2.025391e+02
      vertex   1.357500e+02 1.785330e+02 2.025000e+02
    endloop
  endfacet
  facet normal -4.328324e-01 8.925984e-01 1.261909e-01
    outer loop
      vertex   1.357500e+02 1.785330e+02 2.025000e+02
      vertex   1.357229e+02 1.785143e+02 2.025391e+02
      vertex   1.357848e+02 1.785309e+02 2.026341e+02
    endloop
  endfacet
  facet normal -3.995626e-01 9.091026e-01 1.178222e-01
    outer loop
      vertex   1.357500e+02 1.785330e+02 2.025000e+02
      vertex   1.357848e+02 1.785309e+02 2.026341e+02
      vertex   1.358759e+02 1.785812e+02 2.025554e+02
    endloop
  endfacet
  facet normal -2.729599e-01 9.224889e-01 2.729599e-01
    outer loop
      vertex   1.358759e+02 1.785812e+02 2.025554e+02
      vertex   1.357848e+02 1.785309e+02 2.026341e+02
      vertex   1.359446e+02 1.785812e+02 2.026241e+02
    endloop
  endfacet
  facet normal -1.036987e-01 9.891881e-01 1.036987e-01
    outer loop
      vertex   1.358759e+02 1.785812e+02 2.025554e+02
      vertex   1.359446e+02 1.785812e+02 2.026241e+02
      vertex   1.360000e+02 1.786000e+02 2.025000e+02
    endloop
  endfacet
  facet normal -4.435481e-02 9.904691e-01 1.303977e-01
    outer loop
      vertex   1.360000e+02 1.786000e+02 2.025000e+02
      vertex   1.359446e+02 1.785812e+02 2.026241e+02
      vertex   1.360000e+02 1.785830e+02 2.026294e+02
    endloop
  endfacet
  facet normal -6.645835e-02 9.218370e-01 3.818374e-01
    outer loop
      vertex   1.360000e+02 1.785830e+02 2.026294e+02
      vertex   1.359446e+02 1.785812e+02 2.026241e+02
      vertex   1.360000e+02 1.785330e+02 2.027500e+02
    endloop
  endfacet
  facet normal -1.178222e-01 9.091026e-01 3.995626e-01
    outer loop
      vertex   1.360000e+02 1.785330e+02 2.027500e+02
      vertex   1.359446e+02 1.785812e+02 2.026241e+02
      vertex   1.358659e+02 1.785309e+02 2.027152e+02
    endloop
  endfacet
  facet normal -1.261909e-01 8.925984e-01 4.328324e-01
    outer loop
      vertex   1.360000e+02 1.785330e+02 2.027500e+02
      vertex   1.358659e+02 1.785309e+02 2.027152e+02
      vertex   1.359609e+02 1.785143e+02 2.027771e+02
    endloop
  endfacet
  facet normal -2.448663e-01 7.743828e-01 5.834139e-01
    outer loop
      vertex   1.359609e+02 1.785143e+02 2.027771e+02
      vertex   1.358659e+02 1.785309e+02 2.027152e+02
      vertex   1.357963e+02 1.784513e+02 2.027917e+02
    endloop
  endfacet
  facet normal -2.448663e-01 7.743828e-01 5.834139e-01
    outer loop
      vertex   1.359609e+02 1.785143e+02 2.027771e+02
      vertex   1.357963e+02 1.784513e+02 2.027917e+02
      vertex   1.358994e+02 1.784333e+02 2.028589e+02
    endloop
  endfacet
  facet normal -8.026201e-02 6.067974e-01 7.907938e-01
    outer loop
      vertex   1.360000e+02 1.783500e+02 2.029330e+02
      vertex   1.360000e+02 1.784536e+02 2.028536e+02
      vertex   1.358994e+02 1.784333e+02 2.028589e+02
    endloop
  endfacet
  facet normal -1.159338e-01 7.476569e-01 6.538873e-01
    outer loop
      vertex   1.358994e+02 1.784333e+02 2.028589e+02
      vertex   1.360000e+02 1.784536e+02 2.028536e+02
      vertex   1.359609e+02 1.785143e+02 2.027771e+02
    endloop
  endfacet
  facet normal 4.340169e-02 7.926058e-01 6.081878e-01
    outer loop
      vertex   1.360000e+02 1.784536e+02 2.028536e+02
      vertex   1.360000e+02 1.785330e+02 2.027500e+02
      vertex   1.359609e+02 1.785143e+02 2.027771e+02
    endloop
  endfacet
  facet normal -1.303977e-01 9.904691e-01 4.435481e-02
    outer loop
      vertex   1.360000e+02 1.786000e+02 2.025000e+02
      vertex   1.358706e+02 1.785830e+02 2.025000e+02
      vertex   1.358759e+02 1.785812e+02 2.025554e+02
    endloop
  endfacet
  facet normal -3.818374e-01 9.218370e-01 6.645835e-02
    outer loop
      vertex   1.358759e+02 1.785812e+02 2.025554e+02
      vertex   1.358706e+02 1.785830e+02 2.025000e+02
      vertex   1.357500e+02 1.785330e+02 2.025000e+02
    endloop
  endfacet
  facet normal -8.447130e-01 5.110938e-01 1.588805e-01
    outer loop
      vertex   1.355838e+02 1.783295e+02 2.026552e+02
      vertex   1.355670e+02 1.783500e+02 2.025000e+02
      vertex   1.355412e+02 1.782943e+02 2.025423e+02
    endloop
  endfacet
  facet normal -9.223031e-01 3.820305e-01 -5.839280e-02
    outer loop
      vertex   1.355412e+02 1.782943e+02 2.025423e+02
      vertex   1.355670e+02 1.783500e+02 2.025000e+02
      vertex   1.355170e+02 1.782294e+02 2.025000e+02
    endloop
  endfacet
  facet normal -9.537278e-01 2.711922e-01 1.298391e-01
    outer loop
      vertex   1.355412e+02 1.782943e+02 2.025423e+02
      vertex   1.355170e+02 1.782294e+02 2.025000e+02
      vertex   1.355148e+02 1.781770e+02 2.025929e+02
    endloop
  endfacet
  facet normal -9.167181e-01 3.135991e-01 2.475550e-01
    outer loop
      vertex   1.355838e+02 1.783295e+02 2.026552e+02
      vertex   1.355412e+02 1.782943e+02 2.025423e+02
      vertex   1.355148e+02 1.781770e+02 2.025929e+02
    endloop
  endfacet
  facet normal -8.076571e-01 3.663208e-01 4.620595e-01
    outer loop
      vertex   1.356517e+02 1.783477e+02 2.027594e+02
      vertex   1.355838e+02 1.783295e+02 2.026552e+02
      vertex   1.355548e+02 1.782101e+02 2.026993e+02
    endloop
  endfacet
  facet normal -9.167181e-01 3.135991e-01 2.475550e-01
    outer loop
      vertex   1.355548e+02 1.782101e+02 2.026993e+02
      vertex   1.355838e+02 1.783295e+02 2.026552e+02
      vertex   1.355148e+02 1.781770e+02 2.025929e+02
    endloop
  endfacet
  facet normal -5.834139e-01 7.743828e-01 2.448663e-01
    outer loop
      vertex   1.357848e+02 1.785309e+02 2.026341e+02
      vertex   1.357229e+02 1.785143e+02 2.025391e+02
      vertex   1.356411e+02 1.784333e+02 2.026006e+02
    endloop
  endfacet
  facet normal -5.834139e-01 7.743828e-01 2.448663e-01
    outer loop
      vertex   1.357848e+02 1.785309e+02 2.026341e+02
      vertex   1.356411e+02 1.784333e+02 2.026006e+02
      vertex   1.357083e+02 1.784513e+02 2.027037e+02
    endloop
  endfacet
  facet normal -6.528138e-01 3.842763e-01 6.528138e-01
    outer loop
      vertex   1.357406e+02 1.783477e+02 2.028483e+02
      vertex   1.356517e+02 1.783477e+02 2.027594e+02
      vertex   1.356188e+02 1.782272e+02 2.027975e+02
    endloop
  endfacet
  facet normal -8.076571e-01 3.663208e-01 4.620595e-01
    outer loop
      vertex   1.356188e+02 1.782272e+02 2.027975e+02
      vertex   1.356517e+02 1.783477e+02 2.027594e+02
      vertex   1.355548e+02 1.782101e+02 2.026993e+02
    endloop
  endfacet
  facet normal -4.317293e-01 7.919720e-01 4.317293e-01
    outer loop
      vertex   1.357963e+02 1.784513e+02 2.027917e+02
      vertex   1.358659e+02 1.785309e+02 2.027152e+02
      vertex   1.357083e+02 1.784513e+02 2.027037e+02
    endloop
  endfacet
  facet normal -4.317293e-01 7.919720e-01 4.317293e-01
    outer loop
      vertex   1.357083e+02 1.784513e+02 2.027037e+02
      vertex   1.358659e+02 1.785309e+02 2.027152e+02
      vertex   1.357848e+02 1.785309e+02 2.026341e+02
    endloop
  endfacet
  facet normal -2.729599e-01 9.224889e-01 2.729599e-01
    outer loop
      vertex   1.358659e+02 1.785309e+02 2.027152e+02
      vertex   1.359446e+02 1.785812e+02 2.026241e+02
      vertex   1.357848e+02 1.785309e+02 2.026341e+02
    endloop
  endfacet
  facet normal -4.620595e-01 3.663208e-01 8.076571e-01
    outer loop
      vertex   1.358448e+02 1.783295e+02 2.029162e+02
      vertex   1.357406e+02 1.783477e+02 2.028483e+02
      vertex   1.357025e+02 1.782272e+02 2.028812e+02
    endloop
  endfacet
  facet normal -6.528138e-01 3.842763e-01 6.528138e-01
    outer loop
      vertex   1.357025e+02 1.782272e+02 2.028812e+02
      vertex   1.357406e+02 1.783477e+02 2.028483e+02
      vertex   1.356188e+02 1.782272e+02 2.027975e+02
    endloop
  endfacet
  facet normal -2.475550e-01 3.135991e-01 9.167181e-01
    outer loop
      vertex   1.359577e+02 1.782943e+02 2.029588e+02
      vertex   1.358448e+02 1.783295e+02 2.029162e+02
      vertex   1.358007e+02 1.782101e+02 2.029452e+02
    endloop
  endfacet
  facet normal -4.620595e-01 3.663208e-01 8.076571e-01
    outer loop
      vertex   1.358007e+02 1.782101e+02 2.029452e+02
      vertex   1.358448e+02 1.783295e+02 2.029162e+02
      vertex   1.357025e+02 1.782272e+02 2.028812e+02
    endloop
  endfacet
  facet normal -2.475550e-01 3.135991e-01 9.167181e-01
    outer loop
      vertex   1.359071e+02 1.781770e+02 2.029852e+02
      vertex   1.359577e+02 1.782943e+02 2.029588e+02
      vertex   1.358007e+02 1.782101e+02 2.029452e+02
    endloop
  endfacet
  facet normal -5.806608e-15 9.914449e-01 1.305262e-01
    outer loop
      vertex   1.360000e+02 1.785830e+02 2.026294e+02
      vertex   1.385556e+02 1.785830e+02 2.026294e+02
      vertex   1.360000e+02 1.786000e+02 2.025000e+02
    endloop
  endfacet
  facet normal -1.452247e-15 9.914449e-01 1.305262e-01
    outer loop
      vertex   1.360000e+02 1.786000e+02 2.025000e+02
      vertex   1.385556e+02 1.785830e+02 2.026294e+02
      vertex   1.411111e+02 1.785830e+02 2.026294e+02
    endloop
  endfacet
  facet normal 0.000000e+00 9.914449e-01 1.305262e-01
    outer loop
      vertex   1.360000e+02 1.786000e+02 2.025000e+02
      vertex   1.411111e+02 1.785830e+02 2.026294e+02
      vertex   1.436667e+02 1.785830e+02 2.026294e+02
    endloop
  endfacet
  facet normal 0.000000e+00 9.238795e-01 3.826834e-01
    outer loop
      vertex   1.436667e+02 1.785830e+02 2.026294e+02
      vertex   1.411111e+02 1.785830e+02 2.026294e+02
      vertex   1.436667e+02 1.785330e+02 2.027500e+02
    endloop
  endfacet
  facet normal -1.878690e-14 9.238795e-01 3.826834e-01
    outer loop
      vertex   1.436667e+02 1.785830e+02 2.026294e+02
      vertex   1.436667e+02 1.785330e+02 2.027500e+02
      vertex   1.462222e+02 1.785330e+02 2.027500e+02
    endloop
  endfacet
  facet normal -2.236404e-14 7.933533e-01 6.087614e-01
    outer loop
      vertex   1.462222e+02 1.785330e+02 2.027500e+02
      vertex   1.436667e+02 1.785330e+02 2.027500e+02
      vertex   1.462222e+02 1.784536e+02 2.028536e+02
    endloop
  endfacet
  facet normal -2.030805e-14 7.933533e-01 6.087614e-01
    outer loop
      vertex   1.462222e+02 1.785330e+02 2.027500e+02
      vertex   1.462222e+02 1.784536e+02 2.028536e+02
      vertex   1.487778e+02 1.784536e+02 2.028536e+02
    endloop
  endfacet
  facet normal -2.646993e-14 6.087614e-01 7.933533e-01
    outer loop
      vertex   1.487778e+02 1.784536e+02 2.028536e+02
      vertex   1.462222e+02 1.784536e+02 2.028536e+02
      vertex   1.487778e+02 1.783500e+02 2.029330e+02
    endloop
  endfacet
  facet normal -1.087430e-14 6.087614e-01 7.933533e-01
    outer loop
      vertex   1.487778e+02 1.784536e+02 2.028536e+02
      vertex   1.487778e+02 1.783500e+02 2.029330e+02
      vertex   1.513333e+02 1.783500e+02 2.029330e+02
    endloop
  endfacet
  facet normal -1.629390e-14 3.826834e-01 9.238795e-01
    outer loop
      vertex   1.513333e+02 1.783500e+02 2.029330e+02
      vertex   1.487778e+02 1.783500e+02 2.029330e+02
      vertex   1.513333e+02 1.782294e+02 2.029830e+02
    endloop
  endfacet
  facet normal 2.493652e-15 3.826834e-01 9.238795e-01
    outer loop
      vertex   1.513333e+02 1.783500e+02 2.029330e+02
      vertex   1.513333e+02 1.782294e+02 2.029830e+02
      vertex   1.538889e+02 1.782294e+02 2.029830e+02
    endloop
  endfacet
  facet normal -6.671436e-15 1.305262e-01 9.914449e-01
    outer loop
      vertex   1.538889e+02 1.782294e+02 2.029830e+02
      vertex   1.513333e+02 1.782294e+02 2.029830e+02
      vertex   1.590000e+02 1.781000e+02 2.030000e+02
    endloop
  endfacet
  facet normal -3.162752e-14 1.305262e-01 9.914449e-01
    outer loop
      vertex   1.538889e+02 1.782294e+02 2.029830e+02
      vertex   1.590000e+02 1.781000e+02 2.030000e+02
      vertex   1.564444e+02 1.782294e+02 2.029830e+02
    endloop
  endfacet
  facet normal -1.306487e-14 1.305262e-01 9.914449e-01
    outer loop
      vertex   1.564444e+02 1.782294e+02 2.029830e+02
      vertex   1.590000e+02 1.781000e+02 2.030000e+02
      vertex   1.590000e+02 1.782294e+02 2.029830e+02
    endloop
  endfacet
  facet normal -3.830426e-14 3.826834e-01 9.238795e-01
    outer loop
      vertex   1.564444e+02 1.782294e+02 2.029830e+02
      vertex   1.590000e+02 1.782294e+02 2.029830e+02
      vertex   1.564444e+02 1.783500e+02 2.029330e+02
    endloop
  endfacet
  facet normal -1.702411e-14 3.826834e-01 9.238795e-01
    outer loop
      vertex   1.564444e+02 1.783500e+02 2.029330e+02
      vertex   1.590000e+02 1.782294e+02 2.029830e+02
      vertex   1.590000e+02 1.783500e+02 2.029330e+02
    endloop
  endfacet
  facet normal -2.708145e-14 6.087614e-01 7.933533e-01
    outer loop
      vertex   1.564444e+02 1.783500e+02 2.029330e+02
      vertex   1.590000e+02 1.783500e+02 2.029330e+02
      vertex   1.564444e+02 1.784536e+02 2.028536e+02
    endloop
  endfacet
  facet normal -2.441698e-14 6.087614e-01 7.933533e-01
    outer loop
      vertex   1.564444e+02 1.784536e+02 2.028536e+02
      vertex   1.590000e+02 1.783500e+02 2.029330e+02
      vertex   1.590000e+02 1.784536e+02 2.028536e+02
    endloop
  endfacet
  facet normal -2.236404e-14 7.933533e-01 6.087614e-01
    outer loop
      vertex   1.564444e+02 1.784536e+02 2.028536e+02
      vertex   1.590000e+02 1.784536e+02 2.028536e+02
      vertex   1.564444e+02 1.785330e+02 2.027500e+02
    endloop
  endfacet
  facet normal -2.092262e-14 7.933533e-01 6.087614e-01
    outer loop
      vertex   1.564444e+02 1.785330e+02 2.027500e+02
      vertex   1.590000e+02 1.784536e+02 2.028536e+02
      vertex   1.590000e+02 1.785330e+02 2.027500e+02
    endloop
  endfacet
  facet normal 1.032686e-15 9.238795e-01 3.826834e-01
    outer loop
      vertex   1.564444e+02 1.785330e+02 2.027500e+02
      vertex   1.590000e+02 1.785330e+02 2.027500e+02
      vertex   1.564444e+02 1.785830e+02 2.026294e+02
    endloop
  endfacet
  facet normal -1.599143e-14 9.238795e-01 3.826834e-01
    outer loop
      vertex   1.564444e+02 1.785830e+02 2.026294e+02
      vertex   1.590000e+02 1.785330e+02 2.027500e+02
      vertex   1.590000e+02 1.785830e+02 2.026294e+02
    endloop
  endfacet
  facet normal 1.711100e-14 9.914449e-01 1.305262e-01
    outer loop
      vertex   1.564444e+02 1.785830e+02 2.026294e+02
      vertex   1.590000e+02 1.785830e+02 2.026294e+02
      vertex   1.590000e+02 1.786000e+02 2.025000e+02
    endloop
  endfacet
  facet normal -1.702411e-14 9.238795e-01 3.826834e-01
    outer loop
      vertex   1.385556e+02 1.785830e+02 2.026294e+02
      vertex   1.360000e+02 1.785830e+02 2.026294e+02
      vertex   1.385556e+02 1.785330e+02 2.027500e+02
    endloop
  endfacet
  facet normal -1.702411e-14 9.238795e-01 3.826834e-01
    outer loop
      vertex   1.385556e+02 1.785330e+02 2.027500e+02
      vertex   1.360000e+02 1.785830e+02 2.026294e+02
      vertex   1.360000e+02 1.785330e+02 2.027500e+02
    endloop
  endfacet
  facet normal -2.708145e-14 7.933533e-01 6.087614e-01
    outer loop
      vertex   1.385556e+02 1.785330e+02 2.027500e+02
      vertex   1.360000e+02 1.785330e+02 2.027500e+02
      vertex   1.385556e+02 1.784536e+02 2.028536e+02
    endloop
  endfacet
  facet normal -6.770364e-15 7.933533e-01 6.087614e-01
    outer loop
      vertex   1.385556e+02 1.784536e+02 2.028536e+02
      vertex   1.360000e+02 1.785330e+02 2.027500e+02
      vertex   1.360000e+02 1.784536e+02 2.028536e+02
    endloop
  endfacet
  facet normal -8.823310e-15 6.087614e-01 7.933533e-01
    outer loop
      vertex   1.385556e+02 1.784536e+02 2.028536e+02
      vertex   1.360000e+02 1.784536e+02 2.028536e+02
      vertex   1.385556e+02 1.783500e+02 2.029330e+02
    endloop
  endfacet
  facet normal -1.559367e-14 6.087614e-01 7.933533e-01
    outer loop
      vertex   1.385556e+02 1.783500e+02 2.029330e+02
      vertex   1.360000e+02 1.784536e+02 2.028536e+02
      vertex   1.360000e+02 1.783500e+02 2.029330e+02
    endloop
  endfacet
  facet normal -1.453099e-14 3.826834e-01 9.238795e-01
    outer loop
      vertex   1.385556e+02 1.783500e+02 2.029330e+02
      vertex   1.360000e+02 1.783500e+02 2.029330e+02
      vertex   1.385556e+02 1.782294e+02 2.029830e+02
    endloop
  endfacet
  facet normal -3.508091e-14 3.826834e-01 9.238795e-01
    outer loop
      vertex   1.385556e+02 1.782294e+02 2.029830e+02
      vertex   1.360000e+02 1.783500e+02 2.029330e+02
      vertex   1.360000e+02 1.782294e+02 2.029830e+02
    endloop
  endfacet
  facet normal -3.453083e-14 1.305262e-01 9.914449e-01
    outer loop
      vertex   1.385556e+02 1.782294e+02 2.029830e+02
      vertex   1.360000e+02 1.782294e+02 2.029830e+02
      vertex   1.360000e+02 1.781000e+02 2.030000e+02
    endloop
  endfacet
  facet normal -2.450309e-14 1.305262e-01 9.914449e-01
    outer loop
      vertex   1.590000e+02 1.781000e+02 2.030000e+02
      vertex   1.462222e+02 1.782294e+02 2.029830e+02
      vertex   1.360000e+02 1.781000e+02 2.030000e+02
    endloop
  endfacet
  facet normal -2.060058e-14 1.305262e-01 9.914449e-01
    outer loop
      vertex   1.360000e+02 1.781000e+02 2.030000e+02
      vertex   1.462222e+02 1.782294e+02 2.029830e+02
      vertex   1.436667e+02 1.782294e+02 2.029830e+02
    endloop
  endfacet
  facet normal -9.575468e-15 1.305262e-01 9.914449e-01
    outer loop
      vertex   1.360000e+02 1.781000e+02 2.030000e+02
      vertex   1.436667e+02 1.782294e+02 2.029830e+02
      vertex   1.411111e+02 1.782294e+02 2.029830e+02
    endloop
  endfacet
  facet normal -6.018933e-15 3.826834e-01 9.238795e-01
    outer loop
      vertex   1.411111e+02 1.782294e+02 2.029830e+02
      vertex   1.436667e+02 1.782294e+02 2.029830e+02
      vertex   1.411111e+02 1.783500e+02 2.029330e+02
    endloop
  endfacet
  facet normal -3.684313e-14 3.826834e-01 9.238795e-01
    outer loop
      vertex   1.411111e+02 1.782294e+02 2.029830e+02
      vertex   1.411111e+02 1.783500e+02 2.029330e+02
      vertex   1.385556e+02 1.783500e+02 2.029330e+02
    endloop
  endfacet
  facet normal -2.852288e-14 6.087614e-01 7.933533e-01
    outer loop
      vertex   1.385556e+02 1.783500e+02 2.029330e+02
      vertex   1.411111e+02 1.783500e+02 2.029330e+02
      vertex   1.385556e+02 1.784536e+02 2.028536e+02
    endloop
  endfacet
  facet normal -3.225893e-15 9.914449e-01 1.305262e-01
    outer loop
      vertex   1.360000e+02 1.786000e+02 2.025000e+02
      vertex   1.487778e+02 1.785830e+02 2.026294e+02
      vertex   1.590000e+02 1.786000e+02 2.025000e+02
    endloop
  endfacet
  facet normal -1.450947e-15 9.914449e-01 1.305262e-01
    outer loop
      vertex   1.590000e+02 1.786000e+02 2.025000e+02
      vertex   1.487778e+02 1.785830e+02 2.026294e+02
      vertex   1.513333e+02 1.785830e+02 2.026294e+02
    endloop
  endfacet
  facet normal 1.450947e-15 9.914449e-01 1.305262e-01
    outer loop
      vertex   1.590000e+02 1.786000e+02 2.025000e+02
      vertex   1.513333e+02 1.785830e+02 2.026294e+02
      vertex   1.538889e+02 1.785830e+02 2.026294e+02
    endloop
  endfacet
  facet normal 4.256029e-15 9.238795e-01 3.826834e-01
    outer loop
      vertex   1.538889e+02 1.785830e+02 2.026294e+02
      vertex   1.513333e+02 1.785830e+02 2.026294e+02
      vertex   1.538889e+02 1.785330e+02 2.027500e+02
    endloop
  endfacet
  facet normal -2.906314e-14 9.238795e-01 3.826834e-01
    outer loop
      vertex   1.538889e+02 1.785830e+02 2.026294e+02
      vertex   1.538889e+02 1.785330e+02 2.027500e+02
      vertex   1.564444e+02 1.785330e+02 2.027500e+02
    endloop
  endfacet
  facet normal -3.118735e-14 7.933533e-01 6.087614e-01
    outer loop
      vertex   1.564444e+02 1.785330e+02 2.027500e+02
      vertex   1.538889e+02 1.785330e+02 2.027500e+02
      vertex   1.564444e+02 1.784536e+02 2.028536e+02
    endloop
  endfacet
  facet normal -4.256029e-15 9.238795e-01 3.826834e-01
    outer loop
      vertex   1.411111e+02 1.785830e+02 2.026294e+02
      vertex   1.385556e+02 1.785830e+02 2.026294e+02
      vertex   1.411111e+02 1.785330e+02 2.027500e+02
    endloop
  endfacet
  facet normal -4.256029e-15 9.238795e-01 3.826834e-01
    outer loop
      vertex   1.411111e+02 1.785330e+02 2.027500e+02
      vertex   1.385556e+02 1.785830e+02 2.026294e+02
      vertex   1.385556e+02 1.785330e+02 2.027500e+02
    endloop
  endfacet
  facet normal -6.770364e-15 7.933533e-01 6.087614e-01
    outer loop
      vertex   1.411111e+02 1.785330e+02 2.027500e+02
      vertex   1.385556e+02 1.785330e+02 2.027500e+02
      vertex   1.411111e+02 1.784536e+02 2.028536e+02
    endloop
  endfacet
  facet normal -2.031109e-14 7.933533e-01 6.087614e-01
    outer loop
      vertex   1.411111e+02 1.784536e+02 2.028536e+02
      vertex   1.385556e+02 1.785330e+02 2.027500e+02
      vertex   1.385556e+02 1.784536e+02 2.028536e+02
    endloop
  endfacet
  facet normal -2.646993e-14 6.087614e-01 7.933533e-01
    outer loop
      vertex   1.411111e+02 1.784536e+02 2.028536e+02
      vertex   1.385556e+02 1.784536e+02 2.028536e+02
      vertex   1.411111e+02 1.783500e+02 2.029330e+02
    endloop
  endfacet
  facet normal -2.903304e-15 9.914449e-01 1.305262e-01
    outer loop
      vertex   1.487778e+02 1.785830e+02 2.026294e+02
      vertex   1.360000e+02 1.786000e+02 2.025000e+02
      vertex   1.462222e+02 1.785830e+02 2.026294e+02
    endloop
  endfacet
  facet normal -2.350444e-14 9.914449e-01 1.305262e-01
    outer loop
      vertex   1.462222e+02 1.785830e+02 2.026294e+02
      vertex   1.360000e+02 1.786000e+02 2.025000e+02
      vertex   1.436667e+02 1.785830e+02 2.026294e+02
    endloop
  endfacet
  facet normal -2.480595e-14 9.238795e-01 3.826834e-01
    outer loop
      vertex   1.462222e+02 1.785830e+02 2.026294e+02
      vertex   1.436667e+02 1.785830e+02 2.026294e+02
      vertex   1.462222e+02 1.785330e+02 2.027500e+02
    endloop
  endfacet
  facet normal -8.512057e-15 9.238795e-01 3.826834e-01
    outer loop
      vertex   1.487778e+02 1.785830e+02 2.026294e+02
      vertex   1.462222e+02 1.785830e+02 2.026294e+02
      vertex   1.487778e+02 1.785330e+02 2.027500e+02
    endloop
  endfacet
  facet normal -8.512057e-15 9.238795e-01 3.826834e-01
    outer loop
      vertex   1.487778e+02 1.785330e+02 2.027500e+02
      vertex   1.462222e+02 1.785830e+02 2.026294e+02
      vertex   1.462222e+02 1.785330e+02 2.027500e+02
    endloop
  endfacet
  facet normal -1.354073e-14 7.933533e-01 6.087614e-01
    outer loop
      vertex   1.487778e+02 1.785330e+02 2.027500e+02
      vertex   1.462222e+02 1.785330e+02 2.027500e+02
      vertex   1.487778e+02 1.784536e+02 2.028536e+02
    endloop
  endfacet
  facet normal -1.247804e-14 9.914449e-01 1.305262e-01
    outer loop
      vertex   1.564444e+02 1.785830e+02 2.026294e+02
      vertex   1.590000e+02 1.786000e+02 2.025000e+02
      vertex   1.538889e+02 1.785830e+02 2.026294e+02
    endloop
  endfacet
  facet normal -4.256029e-15 9.238795e-01 3.826834e-01
    outer loop
      vertex   1.513333e+02 1.785830e+02 2.026294e+02
      vertex   1.487778e+02 1.785830e+02 2.026294e+02
      vertex   1.513333e+02 1.785330e+02 2.027500e+02
    endloop
  endfacet
  facet normal -1.276809e-14 9.238795e-01 3.826834e-01
    outer loop
      vertex   1.513333e+02 1.785330e+02 2.027500e+02
      vertex   1.487778e+02 1.785830e+02 2.026294e+02
      vertex   1.487778e+02 1.785330e+02 2.027500e+02
    endloop
  endfacet
  facet normal -2.031109e-14 7.933533e-01 6.087614e-01
    outer loop
      vertex   1.513333e+02 1.785330e+02 2.027500e+02
      vertex   1.487778e+02 1.785330e+02 2.027500e+02
      vertex   1.513333e+02 1.784536e+02 2.028536e+02
    endloop
  endfacet
  facet normal -2.031109e-14 7.933533e-01 6.087614e-01
    outer loop
      vertex   1.513333e+02 1.784536e+02 2.028536e+02
      vertex   1.487778e+02 1.785330e+02 2.027500e+02
      vertex   1.487778e+02 1.784536e+02 2.028536e+02
    endloop
  endfacet
  facet normal -2.646993e-14 6.087614e-01 7.933533e-01
    outer loop
      vertex   1.513333e+02 1.784536e+02 2.028536e+02
      vertex   1.487778e+02 1.784536e+02 2.028536e+02
      vertex   1.513333e+02 1.783500e+02 2.029330e+02
    endloop
  endfacet
  facet normal -1.453027e-14 9.238795e-01 3.826834e-01
    outer loop
      vertex   1.564444e+02 1.785330e+02 2.027500e+02
      vertex   1.564444e+02 1.785830e+02 2.026294e+02
      vertex   1.538889e+02 1.785830e+02 2.026294e+02
    endloop
  endfacet
  facet normal -4.256630e-15 9.238795e-01 3.826834e-01
    outer loop
      vertex   1.411111e+02 1.785830e+02 2.026294e+02
      vertex   1.411111e+02 1.785330e+02 2.027500e+02
      vertex   1.436667e+02 1.785330e+02 2.027500e+02
    endloop
  endfacet
  facet normal -6.770364e-15 7.933533e-01 6.087614e-01
    outer loop
      vertex   1.436667e+02 1.785330e+02 2.027500e+02
      vertex   1.411111e+02 1.785330e+02 2.027500e+02
      vertex   1.436667e+02 1.784536e+02 2.028536e+02
    endloop
  endfacet
  facet normal -2.031325e-14 7.933533e-01 6.087614e-01
    outer loop
      vertex   1.436667e+02 1.785330e+02 2.027500e+02
      vertex   1.436667e+02 1.784536e+02 2.028536e+02
      vertex   1.462222e+02 1.784536e+02 2.028536e+02
    endloop
  endfacet
  facet normal -2.646993e-14 6.087614e-01 7.933533e-01
    outer loop
      vertex   1.462222e+02 1.784536e+02 2.028536e+02
      vertex   1.436667e+02 1.784536e+02 2.028536e+02
      vertex   1.462222e+02 1.783500e+02 2.029330e+02
    endloop
  endfacet
  facet normal -1.969959e-14 6.087614e-01 7.933533e-01
    outer loop
      vertex   1.462222e+02 1.784536e+02 2.028536e+02
      vertex   1.462222e+02 1.783500e+02 2.029330e+02
      vertex   1.487778e+02 1.783500e+02 2.029330e+02
    endloop
  endfacet
  facet normal -2.656886e-14 3.826834e-01 9.238795e-01
    outer loop
      vertex   1.487778e+02 1.783500e+02 2.029330e+02
      vertex   1.462222e+02 1.783500e+02 2.029330e+02
      vertex   1.487778e+02 1.782294e+02 2.029830e+02
    endloop
  endfacet
  facet normal -2.656949e-14 3.826834e-01 9.238795e-01
    outer loop
      vertex   1.487778e+02 1.783500e+02 2.029330e+02
      vertex   1.487778e+02 1.782294e+02 2.029830e+02
      vertex   1.513333e+02 1.782294e+02 2.029830e+02
    endloop
  endfacet
  facet normal -3.162752e-14 1.305262e-01 9.914449e-01
    outer loop
      vertex   1.513333e+02 1.782294e+02 2.029830e+02
      vertex   1.487778e+02 1.782294e+02 2.029830e+02
      vertex   1.590000e+02 1.781000e+02 2.030000e+02
    endloop
  endfacet
  facet normal -6.770364e-15 7.933533e-01 6.087614e-01
    outer loop
      vertex   1.436667e+02 1.784536e+02 2.028536e+02
      vertex   1.411111e+02 1.785330e+02 2.027500e+02
      vertex   1.411111e+02 1.784536e+02 2.028536e+02
    endloop
  endfacet
  facet normal 0.000000e+00 9.238795e-01 3.826834e-01
    outer loop
      vertex   1.513333e+02 1.785830e+02 2.026294e+02
      vertex   1.513333e+02 1.785330e+02 2.027500e+02
      vertex   1.538889e+02 1.785330e+02 2.027500e+02
    endloop
  endfacet
  facet normal 0.000000e+00 7.933533e-01 6.087614e-01
    outer loop
      vertex   1.538889e+02 1.785330e+02 2.027500e+02
      vertex   1.513333e+02 1.785330e+02 2.027500e+02
      vertex   1.538889e+02 1.784536e+02 2.028536e+02
    endloop
  endfacet
  facet normal -2.031325e-14 7.933533e-01 6.087614e-01
    outer loop
      vertex   1.538889e+02 1.785330e+02 2.027500e+02
      vertex   1.538889e+02 1.784536e+02 2.028536e+02
      vertex   1.564444e+02 1.784536e+02 2.028536e+02
    endloop
  endfacet
  facet normal -2.646993e-14 6.087614e-01 7.933533e-01
    outer loop
      vertex   1.564444e+02 1.784536e+02 2.028536e+02
      vertex   1.538889e+02 1.784536e+02 2.028536e+02
      vertex   1.564444e+02 1.783500e+02 2.029330e+02
    endloop
  endfacet
  facet normal 2.052946e-15 7.933533e-01 6.087614e-01
    outer loop
      vertex   1.538889e+02 1.784536e+02 2.028536e+02
      vertex   1.513333e+02 1.785330e+02 2.027500e+02
      vertex   1.513333e+02 1.784536e+02 2.028536e+02
    endloop
  endfacet
  facet normal -8.823310e-15 6.087614e-01 7.933533e-01
    outer loop
      vertex   1.436667e+02 1.784536e+02 2.028536e+02
      vertex   1.411111e+02 1.784536e+02 2.028536e+02
      vertex   1.436667e+02 1.783500e+02 2.029330e+02
    endloop
  endfacet
  facet normal 4.717418e-15 6.087614e-01 7.933533e-01
    outer loop
      vertex   1.436667e+02 1.783500e+02 2.029330e+02
      vertex   1.411111e+02 1.784536e+02 2.028536e+02
      vertex   1.411111e+02 1.783500e+02 2.029330e+02
    endloop
  endfacet
  facet normal -1.762905e-15 3.826834e-01 9.238795e-01
    outer loop
      vertex   1.436667e+02 1.783500e+02 2.029330e+02
      vertex   1.411111e+02 1.783500e+02 2.029330e+02
      vertex   1.436667e+02 1.782294e+02 2.029830e+02
    endloop
  endfacet
  facet normal -2.052946e-15 6.087614e-01 7.933533e-01
    outer loop
      vertex   1.538889e+02 1.784536e+02 2.028536e+02
      vertex   1.513333e+02 1.784536e+02 2.028536e+02
      vertex   1.538889e+02 1.783500e+02 2.029330e+02
    endloop
  endfacet
  facet normal -1.764662e-14 6.087614e-01 7.933533e-01
    outer loop
      vertex   1.538889e+02 1.783500e+02 2.029330e+02
      vertex   1.513333e+02 1.784536e+02 2.028536e+02
      vertex   1.513333e+02 1.783500e+02 2.029330e+02
    endloop
  endfacet
  facet normal -2.054992e-14 3.826834e-01 9.238795e-01
    outer loop
      vertex   1.538889e+02 1.783500e+02 2.029330e+02
      vertex   1.513333e+02 1.783500e+02 2.029330e+02
      vertex   1.538889e+02 1.782294e+02 2.029830e+02
    endloop
  endfacet
  facet normal -2.656886e-14 3.826834e-01 9.238795e-01
    outer loop
      vertex   1.411111e+02 1.782294e+02 2.029830e+02
      vertex   1.385556e+02 1.783500e+02 2.029330e+02
      vertex   1.385556e+02 1.782294e+02 2.029830e+02
    endloop
  endfacet
  facet normal -3.529077e-14 6.087614e-01 7.933533e-01
    outer loop
      vertex   1.436667e+02 1.784536e+02 2.028536e+02
      vertex   1.436667e+02 1.783500e+02 2.029330e+02
      vertex   1.462222e+02 1.783500e+02 2.029330e+02
    endloop
  endfacet
  facet normal -4.109985e-14 3.826834e-01 9.238795e-01
    outer loop
      vertex   1.462222e+02 1.783500e+02 2.029330e+02
      vertex   1.436667e+02 1.783500e+02 2.029330e+02
      vertex   1.462222e+02 1.782294e+02 2.029830e+02
    endloop
  endfacet
  facet normal -3.258910e-14 3.826834e-01 9.238795e-01
    outer loop
      vertex   1.462222e+02 1.783500e+02 2.029330e+02
      vertex   1.462222e+02 1.782294e+02 2.029830e+02
      vertex   1.487778e+02 1.782294e+02 2.029830e+02
    endloop
  endfacet
  facet normal -4.120226e-14 1.305262e-01 9.914449e-01
    outer loop
      vertex   1.487778e+02 1.782294e+02 2.029830e+02
      vertex   1.462222e+02 1.782294e+02 2.029830e+02
      vertex   1.590000e+02 1.781000e+02 2.030000e+02
    endloop
  endfacet
  facet normal -1.629390e-14 3.826834e-01 9.238795e-01
    outer loop
      vertex   1.462222e+02 1.782294e+02 2.029830e+02
      vertex   1.436667e+02 1.783500e+02 2.029330e+02
      vertex   1.436667e+02 1.782294e+02 2.029830e+02
    endloop
  endfacet
  facet normal -2.231286e-14 3.826834e-01 9.238795e-01
    outer loop
      vertex   1.564444e+02 1.782294e+02 2.029830e+02
      vertex   1.564444e+02 1.783500e+02 2.029330e+02
      vertex   1.538889e+02 1.783500e+02 2.029330e+02
    endloop
  endfacet
  facet normal -1.292920e-14 6.087614e-01 7.933533e-01
    outer loop
      vertex   1.538889e+02 1.783500e+02 2.029330e+02
      vertex   1.564444e+02 1.783500e+02 2.029330e+02
      vertex   1.538889e+02 1.784536e+02 2.028536e+02
    endloop
  endfacet
  facet normal -2.656886e-14 3.826834e-01 9.238795e-01
    outer loop
      vertex   1.564444e+02 1.782294e+02 2.029830e+02
      vertex   1.538889e+02 1.783500e+02 2.029330e+02
      vertex   1.538889e+02 1.782294e+02 2.029830e+02
    endloop
  endfacet
  facet normal -3.162700e-14 1.305262e-01 9.914449e-01
    outer loop
      vertex   1.360000e+02 1.781000e+02 2.030000e+02
      vertex   1.411111e+02 1.782294e+02 2.029830e+02
      vertex   1.385556e+02 1.782294e+02 2.029830e+02
    endloop
  endfacet
  facet normal -1.305262e-01 9.914449e-01 -2.967822e-15
    outer loop
      vertex   1.360000e+02 1.786000e+02 2.025000e+02
      vertex   1.360000e+02 1.786000e+02 1.975000e+02
      vertex   1.358706e+02 1.785830e+02 2.000000e+02
    endloop
  endfacet
  facet normal -1.305262e-01 9.914449e-01 -2.967822e-15
    outer loop
      vertex   1.358706e+02 1.785830e+02 2.000000e+02
      vertex   1.360000e+02 1.786000e+02 1.975000e+02
      vertex   1.358706e+02 1.785830e+02 1.975000e+02
    endloop
  endfacet
  facet normal -3.826834e-01 9.238795e-01 -8.701214e-15
    outer loop
      vertex   1.358706e+02 1.785830e+02 2.000000e+02
      vertex   1.358706e+02 1.785830e+02 1.975000e+02
      vertex   1.357500e+02 1.785330e+02 2.000000e+02
    endloop
  endfacet
  facet normal -3.826834e-01 9.238795e-01 -8.701214e-15
    outer loop
      vertex   1.357500e+02 1.785330e+02 2.000000e+02
      vertex   1.358706e+02 1.785830e+02 1.975000e+02
      vertex   1.357500e+02 1.785330e+02 1.975000e+02
    endloop
  endfacet
  facet normal -6.087614e-01 7.933533e-01 -1.384163e-14
    outer loop
      vertex   1.357500e+02 1.785330e+02 2.000000e+02
      vertex   1.357500e+02 1.785330e+02 1.975000e+02
      vertex   1.356464e+02 1.784536e+02 2.000000e+02
    endloop
  endfacet
  facet normal -6.087614e-01 7.933533e-01 -1.384163e-14
    outer loop
      vertex   1.356464e+02 1.784536e+02 2.000000e+02
      vertex   1.357500e+02 1.785330e+02 1.975000e+02
      vertex   1.356464e+02 1.784536e+02 1.975000e+02
    endloop
  endfacet
  facet normal -7.933533e-01 6.087614e-01 -1.803877e-14
    outer loop
      vertex   1.356464e+02 1.784536e+02 2.000000e+02
      vertex   1.356464e+02 1.784536e+02 1.975000e+02
      vertex   1.355670e+02 1.783500e+02 2.000000e+02
    endloop
  endfacet
  facet normal -7.933533e-01 6.087614e-01 4.822249e-15
    outer loop
      vertex   1.355670e+02 1.783500e+02 2.000000e+02
      vertex   1.356464e+02 1.784536e+02 1.975000e+02
      vertex   1.355670e+02 1.783500e+02 1.975000e+02
    endloop
  endfacet
  facet normal -9.238795e-01 3.826834e-01 -1.802080e-15
    outer loop
      vertex   1.355670e+02 1.783500e+02 2.000000e+02
      vertex   1.355670e+02 1.783500e+02 1.975000e+02
      vertex   1.355170e+02 1.782294e+02 2.000000e+02
    endloop
  endfacet
  facet normal -9.238795e-01 3.826834e-01 -1.665598e-14
    outer loop
      vertex   1.355170e+02 1.782294e+02 2.000000e+02
      vertex   1.355670e+02 1.783500e+02 1.975000e+02
      vertex   1.355170e+02 1.782294e+02 1.975000e+02
    endloop
  endfacet
  facet normal -9.914449e-01 1.305262e-01 -2.105894e-14
    outer loop
      vertex   1.355170e+02 1.782294e+02 2.000000e+02
      vertex   1.355170e+02 1.782294e+02 1.975000e+02
      vertex   1.355000e+02 1.781000e+02 1.975000e+02
    endloop
  endfacet
  facet normal -9.914449e-01 1.305262e-01 -1.690713e-14
    outer loop
      vertex   1.355000e+02 1.781000e+02 1.975000e+02
      vertex   1.355000e+02 1.781000e+02 2.025000e+02
      vertex   1.355170e+02 1.782294e+02 2.000000e+02
    endloop
  endfacet
  facet normal -9.914449e-01 1.305262e-01 -2.402676e-14
    outer loop
      vertex   1.355170e+02 1.782294e+02 2.000000e+02
      vertex   1.355000e+02 1.781000e+02 2.025000e+02
      vertex   1.355170e+02 1.782294e+02 2.025000e+02
    endloop
  endfacet
  facet normal -9.238795e-01 3.826834e-01 -2.535720e-14
    outer loop
      vertex   1.355170e+02 1.782294e+02 2.000000e+02
      vertex   1.355170e+02 1.782294e+02 2.025000e+02
      vertex   1.355670e+02 1.783500e+02 2.000000e+02
    endloop
  endfacet
  facet normal -9.238795e-01 3.826834e-01 -2.100659e-14
    outer loop
      vertex   1.355670e+02 1.783500e+02 2.000000e+02
      vertex   1.355170e+02 1.782294e+02 2.025000e+02
      vertex   1.355670e+02 1.783500e+02 2.025000e+02
    endloop
  endfacet
  facet normal -7.933533e-01 6.087614e-01 -1.803877e-14
    outer loop
      vertex   1.355670e+02 1.783500e+02 2.000000e+02
      vertex   1.355670e+02 1.783500e+02 2.025000e+02
      vertex   1.356464e+02 1.784536e+02 2.000000e+02
    endloop
  endfacet
  facet normal -7.933533e-01 6.087614e-01 -1.803877e-14
    outer loop
      vertex   1.356464e+02 1.784536e+02 2.000000e+02
      vertex   1.355670e+02 1.783500e+02 2.025000e+02
      vertex   1.356464e+02 1.784536e+02 2.025000e+02
    endloop
  endfacet
  facet normal -6.087614e-01 7.933533e-01 -1.384163e-14
    outer loop
      vertex   1.356464e+02 1.784536e+02 2.000000e+02
      vertex   1.356464e+02 1.784536e+02 2.025000e+02
      vertex   1.357500e+02 1.785330e+02 2.000000e+02
    endloop
  endfacet
  facet normal -6.087614e-01 7.933533e-01 -1.384163e-14
    outer loop
      vertex   1.357500e+02 1.785330e+02 2.000000e+02
      vertex   1.356464e+02 1.784536e+02 2.025000e+02
      vertex   1.357500e+02 1.785330e+02 2.025000e+02
    endloop
  endfacet
  facet normal -3.826834e-01 9.238795e-01 -8.701214e-15
    outer loop
      vertex   1.357500e+02 1.785330e+02 2.000000e+02
      vertex   1.357500e+02 1.785330e+02 2.025000e+02
      vertex   1.358706e+02 1.785830e+02 2.000000e+02
    endloop
  endfacet
  facet normal -3.826834e-01 9.238795e-01 -8.701214e-15
    outer loop
      vertex   1.358706e+02 1.785830e+02 2.000000e+02
      vertex   1.357500e+02 1.785330e+02 2.025000e+02
      vertex   1.358706e+02 1.785830e+02 2.025000e+02
    endloop
  endfacet
  facet normal -1.305262e-01 9.914449e-01 -2.967822e-15
    outer loop
      vertex   1.358706e+02 1.785830e+02 2.000000e+02
      vertex   1.358706e+02 1.785830e+02 2.025000e+02
      vertex   1.360000e+02 1.786000e+02 2.025000e+02
    endloop
  endfacet
  facet normal -1.304564e-01 -3.268886e-02 -9.909150e-01
    outer loop
      vertex   1.358706e+02 1.387778e+02 1.970170e+02
      vertex   1.360000e+02 1.387778e+02 1.970000e+02
      vertex   1.359071e+02 1.387008e+02 1.970148e+02
    endloop
  endfacet
  facet normal -4.940940e-02 -1.303668e-01 -9.902339e-01
    outer loop
      vertex   1.359071e+02 1.387008e+02 1.970148e+02
      vertex   1.360000e+02 1.387778e+02 1.970000e+02
      vertex   1.360000e+02 1.386484e+02 1.970170e+02
    endloop
  endfacet
  facet normal -1.298391e-01 -2.711922e-01 -9.537278e-01
    outer loop
      vertex   1.359071e+02 1.387008e+02 1.970148e+02
      vertex   1.360000e+02 1.386484e+02 1.970170e+02
      vertex   1.359577e+02 1.385835e+02 1.970412e+02
    endloop
  endfacet
  facet normal 5.839281e-02 -3.820305e-01 -9.223031e-01
    outer loop
      vertex   1.359577e+02 1.385835e+02 1.970412e+02
      vertex   1.360000e+02 1.386484e+02 1.970170e+02
      vertex   1.360000e+02 1.385278e+02 1.970670e+02
    endloop
  endfacet
  facet normal -1.588805e-01 -5.110938e-01 -8.447130e-01
    outer loop
      vertex   1.359577e+02 1.385835e+02 1.970412e+02
      vertex   1.360000e+02 1.385278e+02 1.970670e+02
      vertex   1.358448e+02 1.385483e+02 1.970838e+02
    endloop
  endfacet
  facet normal -1.607312e-01 -5.407082e-01 -8.257119e-01
    outer loop
      vertex   1.358448e+02 1.385483e+02 1.970838e+02
      vertex   1.360000e+02 1.385278e+02 1.970670e+02
      vertex   1.358994e+02 1.384445e+02 1.971411e+02
    endloop
  endfacet
  facet normal -3.657544e-01 -5.901245e-01 -7.197061e-01
    outer loop
      vertex   1.358448e+02 1.385483e+02 1.970838e+02
      vertex   1.358994e+02 1.384445e+02 1.971411e+02
      vertex   1.357406e+02 1.385301e+02 1.971517e+02
    endloop
  endfacet
  facet normal -3.657544e-01 -5.901245e-01 -7.197061e-01
    outer loop
      vertex   1.357406e+02 1.385301e+02 1.971517e+02
      vertex   1.358994e+02 1.384445e+02 1.971411e+02
      vertex   1.357963e+02 1.384265e+02 1.972083e+02
    endloop
  endfacet
  facet normal -5.611197e-01 -6.085140e-01 -5.611197e-01
    outer loop
      vertex   1.357406e+02 1.385301e+02 1.971517e+02
      vertex   1.357963e+02 1.384265e+02 1.972083e+02
      vertex   1.356517e+02 1.385301e+02 1.972406e+02
    endloop
  endfacet
  facet normal -5.611197e-01 -6.085140e-01 -5.611197e-01
    outer loop
      vertex   1.356517e+02 1.385301e+02 1.972406e+02
      vertex   1.357963e+02 1.384265e+02 1.972083e+02
      vertex   1.357083e+02 1.384265e+02 1.972963e+02
    endloop
  endfacet
  facet normal -7.197061e-01 -5.901245e-01 -3.657544e-01
    outer loop
      vertex   1.356517e+02 1.385301e+02 1.972406e+02
      vertex   1.357083e+02 1.384265e+02 1.972963e+02
      vertex   1.355838e+02 1.385483e+02 1.973448e+02
    endloop
  endfacet
  facet normal -7.197061e-01 -5.901245e-01 -3.657544e-01
    outer loop
      vertex   1.355838e+02 1.385483e+02 1.973448e+02
      vertex   1.357083e+02 1.384265e+02 1.972963e+02
      vertex   1.356411e+02 1.384445e+02 1.973994e+02
    endloop
  endfacet
  facet normal -8.257119e-01 -5.407082e-01 -1.607312e-01
    outer loop
      vertex   1.355838e+02 1.385483e+02 1.973448e+02
      vertex   1.356411e+02 1.384445e+02 1.973994e+02
      vertex   1.355670e+02 1.385278e+02 1.975000e+02
    endloop
  endfacet
  facet normal -7.907938e-01 -6.067974e-01 -8.026201e-02
    outer loop
      vertex   1.355670e+02 1.385278e+02 1.975000e+02
      vertex   1.356411e+02 1.384445e+02 1.973994e+02
      vertex   1.356464e+02 1.384242e+02 1.975000e+02
    endloop
  endfacet
  facet normal -6.538873e-01 -7.476569e-01 -1.159338e-01
    outer loop
      vertex   1.356464e+02 1.384242e+02 1.975000e+02
      vertex   1.356411e+02 1.384445e+02 1.973994e+02
      vertex   1.357229e+02 1.383635e+02 1.974609e+02
    endloop
  endfacet
  facet normal -6.081878e-01 -7.926058e-01 4.340169e-02
    outer loop
      vertex   1.356464e+02 1.384242e+02 1.975000e+02
      vertex   1.357229e+02 1.383635e+02 1.974609e+02
      vertex   1.357500e+02 1.383448e+02 1.975000e+02
    endloop
  endfacet
  facet normal -4.328324e-01 -8.925984e-01 -1.261909e-01
    outer loop
      vertex   1.357500e+02 1.383448e+02 1.975000e+02
      vertex   1.357229e+02 1.383635e+02 1.974609e+02
      vertex   1.357848e+02 1.383469e+02 1.973659e+02
    endloop
  endfacet
  facet normal -3.995626e-01 -9.091026e-01 -1.178222e-01
    outer loop
      vertex   1.357500e+02 1.383448e+02 1.975000e+02
      vertex   1.357848e+02 1.383469e+02 1.973659e+02
      vertex   1.358759e+02 1.382966e+02 1.974446e+02
    endloop
  endfacet
  facet normal -2.729599e-01 -9.224889e-01 -2.729599e-01
    outer loop
      vertex   1.358759e+02 1.382966e+02 1.974446e+02
      vertex   1.357848e+02 1.383469e+02 1.973659e+02
      vertex   1.359446e+02 1.382966e+02 1.973759e+02
    endloop
  endfacet
  facet normal -1.036987e-01 -9.891881e-01 -1.036987e-01
    outer loop
      vertex   1.358759e+02 1.382966e+02 1.974446e+02
      vertex   1.359446e+02 1.382966e+02 1.973759e+02
      vertex   1.360000e+02 1.382778e+02 1.975000e+02
    endloop
  endfacet
  facet normal -4.435481e-02 -9.904691e-01 -1.303977e-01
    outer loop
      vertex   1.360000e+02 1.382778e+02 1.975000e+02
      vertex   1.359446e+02 1.382966e+02 1.973759e+02
      vertex   1.360000e+02 1.382948e+02 1.973706e+02
    endloop
  endfacet
  facet normal -6.645835e-02 -9.218370e-01 -3.818374e-01
    outer loop
      vertex   1.360000e+02 1.382948e+02 1.973706e+02
      vertex   1.359446e+02 1.382966e+02 1.973759e+02
      vertex   1.360000e+02 1.383448e+02 1.972500e+02
    endloop
  endfacet
  facet normal -1.178222e-01 -9.091026e-01 -3.995626e-01
    outer loop
      vertex   1.360000e+02 1.383448e+02 1.972500e+02
      vertex   1.359446e+02 1.382966e+02 1.973759e+02
      vertex   1.358659e+02 1.383469e+02 1.972848e+02
    endloop
  endfacet
  facet normal -1.261909e-01 -8.925984e-01 -4.328324e-01
    outer loop
      vertex   1.360000e+02 1.383448e+02 1.972500e+02
      vertex   1.358659e+02 1.383469e+02 1.972848e+02
      vertex   1.359609e+02 1.383635e+02 1.972229e+02
    endloop
  endfacet
  facet normal -2.448663e-01 -7.743828e-01 -5.834139e-01
    outer loop
      vertex   1.359609e+02 1.383635e+02 1.972229e+02
      vertex   1.358659e+02 1.383469e+02 1.972848e+02
      vertex   1.357963e+02 1.384265e+02 1.972083e+02
    endloop
  endfacet
  facet normal -2.448663e-01 -7.743828e-01 -5.834139e-01
    outer loop
      vertex   1.359609e+02 1.383635e+02 1.972229e+02
      vertex   1.357963e+02 1.384265e+02 1.972083e+02
      vertex   1.358994e+02 1.384445e+02 1.971411e+02
    endloop
  endfacet
  facet normal -8.026201e-02 -6.067974e-01 -7.907938e-01
    outer loop
      vertex   1.360000e+02 1.385278e+02 1.970670e+02
      vertex   1.360000e+02 1.384242e+02 1.971464e+02
      vertex   1.358994e+02 1.384445e+02 1.971411e+02
    endloop
  endfacet
  facet normal -1.159338e-01 -7.476569e-01 -6.538873e-01
    outer loop
      vertex   1.358994e+02 1.384445e+02 1.971411e+02
      vertex   1.360000e+02 1.384242e+02 1.971464e+02
      vertex   1.359609e+02 1.383635e+02 1.972229e+02
    endloop
  endfacet
  facet normal 4.340169e-02 -7.926058e-01 -6.081878e-01
    outer loop
      vertex   1.360000e+02 1.384242e+02 1.971464e+02
      vertex   1.360000e+02 1.383448e+02 1.972500e+02
      vertex   1.359609e+02 1.383635e+02 1.972229e+02
    endloop
  endfacet
  facet normal -1.303977e-01 -9.904691e-01 -4.435481e-02
    outer loop
      vertex   1.360000e+02 1.382778e+02 1.975000e+02
      vertex   1.358706e+02 1.382948e+02 1.975000e+02
      vertex   1.358759e+02 1.382966e+02 1.974446e+02
    endloop
  endfacet
  facet normal -3.818374e-01 -9.218370e-01 -6.645835e-02
    outer loop
      vertex   1.358759e+02 1.382966e+02 1.974446e+02
      vertex   1.358706e+02 1.382948e+02 1.975000e+02
      vertex   1.357500e+02 1.383448e+02 1.975000e+02
    endloop
  endfacet
  facet normal -8.447130e-01 -5.110938e-01 -1.588805e-01
    outer loop
      vertex   1.355838e+02 1.385483e+02 1.973448e+02
      vertex   1.355670e+02 1.385278e+02 1.975000e+02
      vertex   1.355412e+02 1.385835e+02 1.974577e+02
    endloop
  endfacet
  facet normal -9.223031e-01 -3.820305e-01 5.839280e-02
    outer loop
      vertex   1.355412e+02 1.385835e+02 1.974577e+02
      vertex   1.355670e+02 1.385278e+02 1.975000e+02
      vertex   1.355170e+02 1.386484e+02 1.975000e+02
    endloop
  endfacet
  facet normal -9.537278e-01 -2.711922e-01 -1.298391e-01
    outer loop
      vertex   1.355412e+02 1.385835e+02 1.974577e+02
      vertex   1.355170e+02 1.386484e+02 1.975000e+02
      vertex   1.355148e+02 1.387008e+02 1.974071e+02
    endloop
  endfacet
  facet normal -9.902339e-01 -1.303668e-01 -4.940940e-02
    outer loop
      vertex   1.355148e+02 1.387008e+02 1.974071e+02
      vertex   1.355170e+02 1.386484e+02 1.975000e+02
      vertex   1.355000e+02 1.387778e+02 1.975000e+02
    endloop
  endfacet
  facet normal -9.909150e-01 -3.268886e-02 -1.304564e-01
    outer loop
      vertex   1.355148e+02 1.387008e+02 1.974071e+02
      vertex   1.355000e+02 1.387778e+02 1.975000e+02
      vertex   1.355170e+02 1.387778e+02 1.973706e+02
    endloop
  endfacet
  facet normal -9.407634e-01 -1.223638e-01 -3.162140e-01
    outer loop
      vertex   1.355148e+02 1.387008e+02 1.974071e+02
      vertex   1.355170e+02 1.387778e+02 1.973706e+02
      vertex   1.355548e+02 1.386677e+02 1.973007e+02
    endloop
  endfacet
  facet normal -9.213332e-01 -7.419375e-02 -3.816287e-01
    outer loop
      vertex   1.355548e+02 1.386677e+02 1.973007e+02
      vertex   1.355170e+02 1.387778e+02 1.973706e+02
      vertex   1.355670e+02 1.387778e+02 1.972500e+02
    endloop
  endfacet
  facet normal -8.403810e-01 -1.475718e-01 -5.215192e-01
    outer loop
      vertex   1.355548e+02 1.386677e+02 1.973007e+02
      vertex   1.355670e+02 1.387778e+02 1.972500e+02
      vertex   1.356188e+02 1.386505e+02 1.972025e+02
    endloop
  endfacet
  facet normal -7.897316e-01 -9.544300e-02 -6.059824e-01
    outer loop
      vertex   1.356188e+02 1.386505e+02 1.972025e+02
      vertex   1.355670e+02 1.387778e+02 1.972500e+02
      vertex   1.356464e+02 1.387778e+02 1.971464e+02
    endloop
  endfacet
  facet normal -6.984452e-01 -1.560404e-01 -6.984452e-01
    outer loop
      vertex   1.356188e+02 1.386505e+02 1.972025e+02
      vertex   1.356464e+02 1.387778e+02 1.971464e+02
      vertex   1.357025e+02 1.386505e+02 1.971188e+02
    endloop
  endfacet
  facet normal -6.059824e-01 -9.544300e-02 -7.897316e-01
    outer loop
      vertex   1.357025e+02 1.386505e+02 1.971188e+02
      vertex   1.356464e+02 1.387778e+02 1.971464e+02
      vertex   1.357500e+02 1.387778e+02 1.970670e+02
    endloop
  endfacet
  facet normal -5.215192e-01 -1.475718e-01 -8.403810e-01
    outer loop
      vertex   1.357025e+02 1.386505e+02 1.971188e+02
      vertex   1.357500e+02 1.387778e+02 1.970670e+02
      vertex   1.358007e+02 1.386677e+02 1.970548e+02
    endloop
  endfacet
  facet normal -3.816287e-01 -7.419375e-02 -9.213332e-01
    outer loop
      vertex   1.358007e+02 1.386677e+02 1.970548e+02
      vertex   1.357500e+02 1.387778e+02 1.970670e+02
      vertex   1.358706e+02 1.387778e+02 1.970170e+02
    endloop
  endfacet
  facet normal -3.162140e-01 -1.223638e-01 -9.407634e-01
    outer loop
      vertex   1.358007e+02 1.386677e+02 1.970548e+02
      vertex   1.358706e+02 1.387778e+02 1.970170e+02
      vertex   1.359071e+02 1.387008e+02 1.970148e+02
    endloop
  endfacet
  facet normal -2.475550e-01 -3.135991e-01 -9.167181e-01
    outer loop
      vertex   1.358007e+02 1.386677e+02 1.970548e+02
      vertex   1.359071e+02 1.387008e+02 1.970148e+02
      vertex   1.359577e+02 1.385835e+02 1.970412e+02
    endloop
  endfacet
  facet normal -4.620595e-01 -3.663208e-01 -8.076571e-01
    outer loop
      vertex   1.357025e+02 1.386505e+02 1.971188e+02
      vertex   1.358007e+02 1.386677e+02 1.970548e+02
      vertex   1.358448e+02 1.385483e+02 1.970838e+02
    endloop
  endfacet
  facet normal -2.475550e-01 -3.135991e-01 -9.167181e-01
    outer loop
      vertex   1.358448e+02 1.385483e+02 1.970838e+02
      vertex   1.358007e+02 1.386677e+02 1.970548e+02
      vertex   1.359577e+02 1.385835e+02 1.970412e+02
    endloop
  endfacet
  facet normal -4.620595e-01 -3.663208e-01 -8.076571e-01
    outer loop
      vertex   1.357025e+02 1.386505e+02 1.971188e+02
      vertex   1.358448e+02 1.385483e+02 1.970838e+02
      vertex   1.357406e+02 1.385301e+02 1.971517e+02
    endloop
  endfacet
  facet normal -4.317293e-01 -7.919720e-01 -4.317293e-01
    outer loop
      vertex   1.357083e+02 1.384265e+02 1.972963e+02
      vertex   1.357963e+02 1.384265e+02 1.972083e+02
      vertex   1.358659e+02 1.383469e+02 1.972848e+02
    endloop
  endfacet
  facet normal -4.317293e-01 -7.919720e-01 -4.317293e-01
    outer loop
      vertex   1.357083e+02 1.384265e+02 1.972963e+02
      vertex   1.358659e+02 1.383469e+02 1.972848e+02
      vertex   1.357848e+02 1.383469e+02 1.973659e+02
    endloop
  endfacet
  facet normal -2.729599e-01 -9.224889e-01 -2.729599e-01
    outer loop
      vertex   1.357848e+02 1.383469e+02 1.973659e+02
      vertex   1.358659e+02 1.383469e+02 1.972848e+02
      vertex   1.359446e+02 1.382966e+02 1.973759e+02
    endloop
  endfacet
  facet normal -6.528138e-01 -3.842763e-01 -6.528138e-01
    outer loop
      vertex   1.356188e+02 1.386505e+02 1.972025e+02
      vertex   1.357025e+02 1.386505e+02 1.971188e+02
      vertex   1.357406e+02 1.385301e+02 1.971517e+02
    endloop
  endfacet
  facet normal -6.528138e-01 -3.842763e-01 -6.528138e-01
    outer loop
      vertex   1.356188e+02 1.386505e+02 1.972025e+02
      vertex   1.357406e+02 1.385301e+02 1.971517e+02
      vertex   1.356517e+02 1.385301e+02 1.972406e+02
    endloop
  endfacet
  facet normal -5.834139e-01 -7.743828e-01 -2.448663e-01
    outer loop
      vertex   1.356411e+02 1.384445e+02 1.973994e+02
      vertex   1.357083e+02 1.384265e+02 1.972963e+02
      vertex   1.357848e+02 1.383469e+02 1.973659e+02
    endloop
  endfacet
  facet normal -5.834139e-01 -7.743828e-01 -2.448663e-01
    outer loop
      vertex   1.357229e+02 1.383635e+02 1.974609e+02
      vertex   1.356411e+02 1.384445e+02 1.973994e+02
      vertex   1.357848e+02 1.383469e+02 1.973659e+02
    endloop
  endfacet
  facet normal -8.076571e-01 -3.663208e-01 -4.620595e-01
    outer loop
      vertex   1.355548e+02 1.386677e+02 1.973007e+02
      vertex   1.356188e+02 1.386505e+02 1.972025e+02
      vertex   1.356517e+02 1.385301e+02 1.972406e+02
    endloop
  endfacet
  facet normal -8.076571e-01 -3.663208e-01 -4.620595e-01
    outer loop
      vertex   1.355548e+02 1.386677e+02 1.973007e+02
      vertex   1.356517e+02 1.385301e+02 1.972406e+02
      vertex   1.355838e+02 1.385483e+02 1.973448e+02
    endloop
  endfacet
  facet normal -9.167181e-01 -3.135991e-01 -2.475550e-01
    outer loop
      vertex   1.355148e+02 1.387008e+02 1.974071e+02
      vertex   1.355548e+02 1.386677e+02 1.973007e+02
      vertex   1.355838e+02 1.385483e+02 1.973448e+02
    endloop
  endfacet
  facet normal -9.167181e-01 -3.135991e-01 -2.475550e-01
    outer loop
      vertex   1.355412e+02 1.385835e+02 1.974577e+02
      vertex   1.355148e+02 1.387008e+02 1.974071e+02
      vertex   1.355838e+02 1.385483e+02 1.973448e+02
    endloop
  endfacet
  facet normal 1.303977e-01 -9.904691e-01 4.435481e-02
    outer loop
      vertex   1.591294e+02 1.382948e+02 2.025000e+02
      vertex   1.591241e+02 1.382966e+02 2.025554e+02
      vertex   1.590000e+02 1.382778e+02 2.025000e+02
    endloop
  endfacet
  facet normal 1.036987e-01 -9.891881e-01 1.036987e-01
    outer loop
      vertex   1.590000e+02 1.382778e+02 2.025000e+02
      vertex   1.591241e+02 1.382966e+02 2.025554e+02
      vertex   1.590554e+02 1.382966e+02 2.026241e+02
    endloop
  endfacet
  facet normal 4.435481e-02 -9.904691e-01 1.303977e-01
    outer loop
      vertex   1.590000e+02 1.382778e+02 2.025000e+02
      vertex   1.590554e+02 1.382966e+02 2.026241e+02
      vertex   1.590000e+02 1.382948e+02 2.026294e+02
    endloop
  endfacet
  facet normal 6.645835e-02 -9.218370e-01 3.818374e-01
    outer loop
      vertex   1.590000e+02 1.382948e+02 2.026294e+02
      vertex   1.590554e+02 1.382966e+02 2.026241e+02
      vertex   1.590000e+02 1.383448e+02 2.027500e+02
    endloop
  endfacet
  facet normal 1.178222e-01 -9.091026e-01 3.995626e-01
    outer loop
      vertex   1.590000e+02 1.383448e+02 2.027500e+02
      vertex   1.590554e+02 1.382966e+02 2.026241e+02
      vertex   1.591341e+02 1.383469e+02 2.027152e+02
    endloop
  endfacet
  facet normal 1.261909e-01 -8.925984e-01 4.328324e-01
    outer loop
      vertex   1.590000e+02 1.383448e+02 2.027500e+02
      vertex   1.591341e+02 1.383469e+02 2.027152e+02
      vertex   1.590391e+02 1.383635e+02 2.027771e+02
    endloop
  endfacet
  facet normal 2.448663e-01 -7.743828e-01 5.834139e-01
    outer loop
      vertex   1.590391e+02 1.383635e+02 2.027771e+02
      vertex   1.591341e+02 1.383469e+02 2.027152e+02
      vertex   1.592037e+02 1.384265e+02 2.027917e+02
    endloop
  endfacet
  facet normal 2.448663e-01 -7.743828e-01 5.834139e-01
    outer loop
      vertex   1.590391e+02 1.383635e+02 2.027771e+02
      vertex   1.592037e+02 1.384265e+02 2.027917e+02
      vertex   1.591006e+02 1.384445e+02 2.028589e+02
    endloop
  endfacet
  facet normal 3.657544e-01 -5.901245e-01 7.197061e-01
    outer loop
      vertex   1.591006e+02 1.384445e+02 2.028589e+02
      vertex   1.592037e+02 1.384265e+02 2.027917e+02
      vertex   1.592594e+02 1.385301e+02 2.028483e+02
    endloop
  endfacet
  facet normal 3.657544e-01 -5.901245e-01 7.197061e-01
    outer loop
      vertex   1.591006e+02 1.384445e+02 2.028589e+02
      vertex   1.592594e+02 1.385301e+02 2.028483e+02
      vertex   1.591552e+02 1.385483e+02 2.029162e+02
    endloop
  endfacet
  facet normal 4.620595e-01 -3.663208e-01 8.076571e-01
    outer loop
      vertex   1.591552e+02 1.385483e+02 2.029162e+02
      vertex   1.592594e+02 1.385301e+02 2.028483e+02
      vertex   1.592975e+02 1.386505e+02 2.028812e+02
    endloop
  endfacet
  facet normal 4.620595e-01 -3.663208e-01 8.076571e-01
    outer loop
      vertex   1.591552e+02 1.385483e+02 2.029162e+02
      vertex   1.592975e+02 1.386505e+02 2.028812e+02
      vertex   1.591993e+02 1.386677e+02 2.029452e+02
    endloop
  endfacet
  facet normal 5.215192e-01 -1.475718e-01 8.403810e-01
    outer loop
      vertex   1.591993e+02 1.386677e+02 2.029452e+02
      vertex   1.592975e+02 1.386505e+02 2.028812e+02
      vertex   1.592500e+02 1.387778e+02 2.029330e+02
    endloop
  endfacet
  facet normal 3.816287e-01 -7.419375e-02 9.213332e-01
    outer loop
      vertex   1.591993e+02 1.386677e+02 2.029452e+02
      vertex   1.592500e+02 1.387778e+02 2.029330e+02
      vertex   1.591294e+02 1.387778e+02 2.029830e+02
    endloop
  endfacet
  facet normal 3.818374e-01 -9.218370e-01 6.645835e-02
    outer loop
      vertex   1.591294e+02 1.382948e+02 2.025000e+02
      vertex   1.592500e+02 1.383448e+02 2.025000e+02
      vertex   1.591241e+02 1.382966e+02 2.025554e+02
    endloop
  endfacet
  facet normal 3.995626e-01 -9.091026e-01 1.178222e-01
    outer loop
      vertex   1.591241e+02 1.382966e+02 2.025554e+02
      vertex   1.592500e+02 1.383448e+02 2.025000e+02
      vertex   1.592152e+02 1.383469e+02 2.026341e+02
    endloop
  endfacet
  facet normal 2.729599e-01 -9.224889e-01 2.729599e-01
    outer loop
      vertex   1.591241e+02 1.382966e+02 2.025554e+02
      vertex   1.592152e+02 1.383469e+02 2.026341e+02
      vertex   1.590554e+02 1.382966e+02 2.026241e+02
    endloop
  endfacet
  facet normal 2.729599e-01 -9.224889e-01 2.729599e-01
    outer loop
      vertex   1.590554e+02 1.382966e+02 2.026241e+02
      vertex   1.592152e+02 1.383469e+02 2.026341e+02
      vertex   1.591341e+02 1.383469e+02 2.027152e+02
    endloop
  endfacet
  facet normal 4.328324e-01 -8.925984e-01 1.261909e-01
    outer loop
      vertex   1.592152e+02 1.383469e+02 2.026341e+02
      vertex   1.592500e+02 1.383448e+02 2.025000e+02
      vertex   1.592771e+02 1.383635e+02 2.025391e+02
    endloop
  endfacet
  facet normal 6.081878e-01 -7.926058e-01 -4.340169e-02
    outer loop
      vertex   1.592771e+02 1.383635e+02 2.025391e+02
      vertex   1.592500e+02 1.383448e+02 2.025000e+02
      vertex   1.593536e+02 1.384242e+02 2.025000e+02
    endloop
  endfacet
  facet normal 6.538873e-01 -7.476569e-01 1.159338e-01
    outer loop
      vertex   1.592771e+02 1.383635e+02 2.025391e+02
      vertex   1.593536e+02 1.384242e+02 2.025000e+02
      vertex   1.593589e+02 1.384445e+02 2.026006e+02
    endloop
  endfacet
  facet normal 7.907938e-01 -6.067974e-01 8.026201e-02
    outer loop
      vertex   1.593589e+02 1.384445e+02 2.026006e+02
      vertex   1.593536e+02 1.384242e+02 2.025000e+02
      vertex   1.594330e+02 1.385278e+02 2.025000e+02
    endloop
  endfacet
  facet normal 8.257119e-01 -5.407082e-01 1.607312e-01
    outer loop
      vertex   1.593589e+02 1.384445e+02 2.026006e+02
      vertex   1.594330e+02 1.385278e+02 2.025000e+02
      vertex   1.594162e+02 1.385483e+02 2.026552e+02
    endloop
  endfacet
  facet normal 8.447130e-01 -5.110938e-01 1.588805e-01
    outer loop
      vertex   1.594162e+02 1.385483e+02 2.026552e+02
      vertex   1.594330e+02 1.385278e+02 2.025000e+02
      vertex   1.594588e+02 1.385835e+02 2.025423e+02
    endloop
  endfacet
  facet normal 9.167181e-01 -3.135991e-01 2.475550e-01
    outer loop
      vertex   1.594162e+02 1.385483e+02 2.026552e+02
      vertex   1.594588e+02 1.385835e+02 2.025423e+02
      vertex   1.594852e+02 1.387008e+02 2.025929e+02
    endloop
  endfacet
  facet normal 9.537278e-01 -2.711922e-01 1.298391e-01
    outer loop
      vertex   1.594852e+02 1.387008e+02 2.025929e+02
      vertex   1.594588e+02 1.385835e+02 2.025423e+02
      vertex   1.594830e+02 1.386484e+02 2.025000e+02
    endloop
  endfacet
  facet normal 9.902339e-01 -1.303668e-01 4.940940e-02
    outer loop
      vertex   1.594852e+02 1.387008e+02 2.025929e+02
      vertex   1.594830e+02 1.386484e+02 2.025000e+02
      vertex   1.595000e+02 1.387778e+02 2.025000e+02
    endloop
  endfacet
  facet normal 9.223031e-01 -3.820305e-01 -5.839280e-02
    outer loop
      vertex   1.594330e+02 1.385278e+02 2.025000e+02
      vertex   1.594830e+02 1.386484e+02 2.025000e+02
      vertex   1.594588e+02 1.385835e+02 2.025423e+02
    endloop
  endfacet
  facet normal 9.909150e-01 -3.268886e-02 1.304564e-01
    outer loop
      vertex   1.595000e+02 1.387778e+02 2.025000e+02
      vertex   1.594830e+02 1.387778e+02 2.026294e+02
      vertex   1.594852e+02 1.387008e+02 2.025929e+02
    endloop
  endfacet
  facet normal 9.407634e-01 -1.223638e-01 3.162140e-01
    outer loop
      vertex   1.594852e+02 1.387008e+02 2.025929e+02
      vertex   1.594830e+02 1.387778e+02 2.026294e+02
      vertex   1.594452e+02 1.386677e+02 2.026993e+02
    endloop
  endfacet
  facet normal 9.167181e-01 -3.135991e-01 2.475550e-01
    outer loop
      vertex   1.594852e+02 1.387008e+02 2.025929e+02
      vertex   1.594452e+02 1.386677e+02 2.026993e+02
      vertex   1.594162e+02 1.385483e+02 2.026552e+02
    endloop
  endfacet
  facet normal 8.076571e-01 -3.663208e-01 4.620595e-01
    outer loop
      vertex   1.594162e+02 1.385483e+02 2.026552e+02
      vertex   1.594452e+02 1.386677e+02 2.026993e+02
      vertex   1.593483e+02 1.385301e+02 2.027594e+02
    endloop
  endfacet
  facet normal 7.197061e-01 -5.901245e-01 3.657544e-01
    outer loop
      vertex   1.594162e+02 1.385483e+02 2.026552e+02
      vertex   1.593483e+02 1.385301e+02 2.027594e+02
      vertex   1.592917e+02 1.384265e+02 2.027037e+02
    endloop
  endfacet
  facet normal 5.611197e-01 -6.085140e-01 5.611197e-01
    outer loop
      vertex   1.592917e+02 1.384265e+02 2.027037e+02
      vertex   1.593483e+02 1.385301e+02 2.027594e+02
      vertex   1.592037e+02 1.384265e+02 2.027917e+02
    endloop
  endfacet
  facet normal 4.317293e-01 -7.919720e-01 4.317293e-01
    outer loop
      vertex   1.592917e+02 1.384265e+02 2.027037e+02
      vertex   1.592037e+02 1.384265e+02 2.027917e+02
      vertex   1.591341e+02 1.383469e+02 2.027152e+02
    endloop
  endfacet
  facet normal 9.213332e-01 -7.419375e-02 3.816287e-01
    outer loop
      vertex   1.594830e+02 1.387778e+02 2.026294e+02
      vertex   1.594330e+02 1.387778e+02 2.027500e+02
      vertex   1.594452e+02 1.386677e+02 2.026993e+02
    endloop
  endfacet
  facet normal 8.403810e-01 -1.475718e-01 5.215192e-01
    outer loop
      vertex   1.594452e+02 1.386677e+02 2.026993e+02
      vertex   1.594330e+02 1.387778e+02 2.027500e+02
      vertex   1.593812e+02 1.386505e+02 2.027975e+02
    endloop
  endfacet
  facet normal 8.076571e-01 -3.663208e-01 4.620595e-01
    outer loop
      vertex   1.594452e+02 1.386677e+02 2.026993e+02
      vertex   1.593812e+02 1.386505e+02 2.027975e+02
      vertex   1.593483e+02 1.385301e+02 2.027594e+02
    endloop
  endfacet
  facet normal 6.528138e-01 -3.842763e-01 6.528138e-01
    outer loop
      vertex   1.593483e+02 1.385301e+02 2.027594e+02
      vertex   1.593812e+02 1.386505e+02 2.027975e+02
      vertex   1.592594e+02 1.385301e+02 2.028483e+02
    endloop
  endfacet
  facet normal 5.611197e-01 -6.085140e-01 5.611197e-01
    outer loop
      vertex   1.593483e+02 1.385301e+02 2.027594e+02
      vertex   1.592594e+02 1.385301e+02 2.028483e+02
      vertex   1.592037e+02 1.384265e+02 2.027917e+02
    endloop
  endfacet
  facet normal 7.897316e-01 -9.544300e-02 6.059824e-01
    outer loop
      vertex   1.594330e+02 1.387778e+02 2.027500e+02
      vertex   1.593536e+02 1.387778e+02 2.028536e+02
      vertex   1.593812e+02 1.386505e+02 2.027975e+02
    endloop
  endfacet
  facet normal 6.984452e-01 -1.560404e-01 6.984452e-01
    outer loop
      vertex   1.593812e+02 1.386505e+02 2.027975e+02
      vertex   1.593536e+02 1.387778e+02 2.028536e+02
      vertex   1.592975e+02 1.386505e+02 2.028812e+02
    endloop
  endfacet
  facet normal 6.528138e-01 -3.842763e-01 6.528138e-01
    outer loop
      vertex   1.593812e+02 1.386505e+02 2.027975e+02
      vertex   1.592975e+02 1.386505e+02 2.028812e+02
      vertex   1.592594e+02 1.385301e+02 2.028483e+02
    endloop
  endfacet
  facet normal 6.059824e-01 -9.544300e-02 7.897316e-01
    outer loop
      vertex   1.593536e+02 1.387778e+02 2.028536e+02
      vertex   1.592500e+02 1.387778e+02 2.029330e+02
      vertex   1.592975e+02 1.386505e+02 2.028812e+02
    endloop
  endfacet
  facet normal 3.162140e-01 -1.223638e-01 9.407634e-01
    outer loop
      vertex   1.591993e+02 1.386677e+02 2.029452e+02
      vertex   1.591294e+02 1.387778e+02 2.029830e+02
      vertex   1.590929e+02 1.387008e+02 2.029852e+02
    endloop
  endfacet
  facet normal 1.304564e-01 -3.268886e-02 9.909150e-01
    outer loop
      vertex   1.590929e+02 1.387008e+02 2.029852e+02
      vertex   1.591294e+02 1.387778e+02 2.029830e+02
      vertex   1.590000e+02 1.387778e+02 2.030000e+02
    endloop
  endfacet
  facet normal 4.940940e-02 -1.303668e-01 9.902339e-01
    outer loop
      vertex   1.590929e+02 1.387008e+02 2.029852e+02
      vertex   1.590000e+02 1.387778e+02 2.030000e+02
      vertex   1.590000e+02 1.386484e+02 2.029830e+02
    endloop
  endfacet
  facet normal 1.298391e-01 -2.711922e-01 9.537278e-01
    outer loop
      vertex   1.590929e+02 1.387008e+02 2.029852e+02
      vertex   1.590000e+02 1.386484e+02 2.029830e+02
      vertex   1.590423e+02 1.385835e+02 2.029588e+02
    endloop
  endfacet
  facet normal -5.839280e-02 -3.820305e-01 9.223031e-01
    outer loop
      vertex   1.590423e+02 1.385835e+02 2.029588e+02
      vertex   1.590000e+02 1.386484e+02 2.029830e+02
      vertex   1.590000e+02 1.385278e+02 2.029330e+02
    endloop
  endfacet
  facet normal 1.588805e-01 -5.110938e-01 8.447130e-01
    outer loop
      vertex   1.590423e+02 1.385835e+02 2.029588e+02
      vertex   1.590000e+02 1.385278e+02 2.029330e+02
      vertex   1.591552e+02 1.385483e+02 2.029162e+02
    endloop
  endfacet
  facet normal 1.607312e-01 -5.407082e-01 8.257119e-01
    outer loop
      vertex   1.591552e+02 1.385483e+02 2.029162e+02
      vertex   1.590000e+02 1.385278e+02 2.029330e+02
      vertex   1.591006e+02 1.384445e+02 2.028589e+02
    endloop
  endfacet
  facet normal 8.026201e-02 -6.067974e-01 7.907938e-01
    outer loop
      vertex   1.590000e+02 1.385278e+02 2.029330e+02
      vertex   1.590000e+02 1.384242e+02 2.028536e+02
      vertex   1.591006e+02 1.384445e+02 2.028589e+02
    endloop
  endfacet
  facet normal 1.159338e-01 -7.476569e-01 6.538873e-01
    outer loop
      vertex   1.591006e+02 1.384445e+02 2.028589e+02
      vertex   1.590000e+02 1.384242e+02 2.028536e+02
      vertex   1.590391e+02 1.383635e+02 2.027771e+02
    endloop
  endfacet
  facet normal -4.340169e-02 -7.926058e-01 6.081878e-01
    outer loop
      vertex   1.590000e+02 1.384242e+02 2.028536e+02
      vertex   1.590000e+02 1.383448e+02 2.027500e+02
      vertex   1.590391e+02 1.383635e+02 2.027771e+02
    endloop
  endfacet
  facet normal 4.317293e-01 -7.919720e-01 4.317293e-01
    outer loop
      vertex   1.592917e+02 1.384265e+02 2.027037e+02
      vertex   1.591341e+02 1.383469e+02 2.027152e+02
      vertex   1.592152e+02 1.383469e+02 2.026341e+02
    endloop
  endfacet
  facet normal 5.834139e-01 -7.743828e-01 2.448663e-01
    outer loop
      vertex   1.592771e+02 1.383635e+02 2.025391e+02
      vertex   1.593589e+02 1.384445e+02 2.026006e+02
      vertex   1.592152e+02 1.383469e+02 2.026341e+02
    endloop
  endfacet
  facet normal 5.834139e-01 -7.743828e-01 2.448663e-01
    outer loop
      vertex   1.592152e+02 1.383469e+02 2.026341e+02
      vertex   1.593589e+02 1.384445e+02 2.026006e+02
      vertex   1.592917e+02 1.384265e+02 2.027037e+02
    endloop
  endfacet
  facet normal 7.197061e-01 -5.901245e-01 3.657544e-01
    outer loop
      vertex   1.593589e+02 1.384445e+02 2.026006e+02
      vertex   1.594162e+02 1.385483e+02 2.026552e+02
      vertex   1.592917e+02 1.384265e+02 2.027037e+02
    endloop
  endfacet
  facet normal 2.475550e-01 -3.135991e-01 9.167181e-01
    outer loop
      vertex   1.590423e+02 1.385835e+02 2.029588e+02
      vertex   1.591552e+02 1.385483e+02 2.029162e+02
      vertex   1.591993e+02 1.386677e+02 2.029452e+02
    endloop
  endfacet
  facet normal 2.475550e-01 -3.135991e-01 9.167181e-01
    outer loop
      vertex   1.590929e+02 1.387008e+02 2.029852e+02
      vertex   1.590423e+02 1.385835e+02 2.029588e+02
      vertex   1.591993e+02 1.386677e+02 2.029452e+02
    endloop
  endfacet
  facet normal 9.914449e-01 0.000000e+00 1.305262e-01
    outer loop
      vertex   1.594830e+02 1.781000e+02 2.026294e+02
      vertex   1.594830e+02 1.752913e+02 2.026294e+02
      vertex   1.595000e+02 1.781000e+02 2.025000e+02
    endloop
  endfacet
  facet normal 9.914449e-01 0.000000e+00 1.305262e-01
    outer loop
      vertex   1.595000e+02 1.781000e+02 2.025000e+02
      vertex   1.594830e+02 1.752913e+02 2.026294e+02
      vertex   1.594830e+02 1.724825e+02 2.026294e+02
    endloop
  endfacet
  facet normal 9.914449e-01 0.000000e+00 1.305262e-01
    outer loop
      vertex   1.595000e+02 1.781000e+02 2.025000e+02
      vertex   1.594830e+02 1.724825e+02 2.026294e+02
      vertex   1.594830e+02 1.696738e+02 2.026294e+02
    endloop
  endfacet
  facet normal 9.238795e-01 -0.000000e+00 3.826834e-01
    outer loop
      vertex   1.594830e+02 1.696738e+02 2.026294e+02
      vertex   1.594830e+02 1.724825e+02 2.026294e+02
      vertex   1.594330e+02 1.696738e+02 2.027500e+02
    endloop
  endfacet
  facet normal 9.238795e-01 0.000000e+00 3.826834e-01
    outer loop
      vertex   1.594830e+02 1.696738e+02 2.026294e+02
      vertex   1.594330e+02 1.696738e+02 2.027500e+02
      vertex   1.594330e+02 1.668651e+02 2.027500e+02
    endloop
  endfacet
  facet normal 7.933533e-01 -0.000000e+00 6.087614e-01
    outer loop
      vertex   1.594330e+02 1.668651e+02 2.027500e+02
      vertex   1.594330e+02 1.696738e+02 2.027500e+02
      vertex   1.593536e+02 1.668651e+02 2.028536e+02
    endloop
  endfacet
  facet normal 7.933533e-01 0.000000e+00 6.087614e-01
    outer loop
      vertex   1.594330e+02 1.668651e+02 2.027500e+02
      vertex   1.593536e+02 1.668651e+02 2.028536e+02
      vertex   1.593536e+02 1.640564e+02 2.028536e+02
    endloop
  endfacet
  facet normal 6.087614e-01 -0.000000e+00 7.933533e-01
    outer loop
      vertex   1.593536e+02 1.640564e+02 2.028536e+02
      vertex   1.593536e+02 1.668651e+02 2.028536e+02
      vertex   1.592500e+02 1.640564e+02 2.029330e+02
    endloop
  endfacet
  facet normal 6.087614e-01 0.000000e+00 7.933533e-01
    outer loop
      vertex   1.593536e+02 1.640564e+02 2.028536e+02
      vertex   1.592500e+02 1.640564e+02 2.029330e+02
      vertex   1.592500e+02 1.612476e+02 2.029330e+02
    endloop
  endfacet
  facet normal 3.826834e-01 -0.000000e+00 9.238795e-01
    outer loop
      vertex   1.592500e+02 1.612476e+02 2.029330e+02
      vertex   1.592500e+02 1.640564e+02 2.029330e+02
      vertex   1.591294e+02 1.612476e+02 2.029830e+02
    endloop
  endfacet
  facet normal 3.826834e-01 0.000000e+00 9.238795e-01
    outer loop
      vertex   1.592500e+02 1.612476e+02 2.029330e+02
      vertex   1.591294e+02 1.612476e+02 2.029830e+02
      vertex   1.591294e+02 1.584389e+02 2.029830e+02
    endloop
  endfacet
  facet normal 1.305262e-01 -0.000000e+00 9.914449e-01
    outer loop
      vertex   1.591294e+02 1.584389e+02 2.029830e+02
      vertex   1.591294e+02 1.612476e+02 2.029830e+02
      vertex   1.590000e+02 1.781000e+02 2.030000e+02
    endloop
  endfacet
  facet normal 1.305262e-01 0.000000e+00 9.914449e-01
    outer loop
      vertex   1.591294e+02 1.584389e+02 2.029830e+02
      vertex   1.590000e+02 1.781000e+02 2.030000e+02
      vertex   1.590000e+02 1.387778e+02 2.030000e+02
    endloop
  endfacet
  facet normal 9.238795e-01 -0.000000e+00 3.826834e-01
    outer loop
      vertex   1.594830e+02 1.752913e+02 2.026294e+02
      vertex   1.594830e+02 1.781000e+02 2.026294e+02
      vertex   1.594330e+02 1.752913e+02 2.027500e+02
    endloop
  endfacet
  facet normal 9.238795e-01 -0.000000e+00 3.826834e-01
    outer loop
      vertex   1.594330e+02 1.752913e+02 2.027500e+02
      vertex   1.594830e+02 1.781000e+02 2.026294e+02
      vertex   1.594330e+02 1.781000e+02 2.027500e+02
    endloop
  endfacet
  facet normal 7.933533e-01 -0.000000e+00 6.087614e-01
    outer loop
      vertex   1.594330e+02 1.752913e+02 2.027500e+02
      vertex   1.594330e+02 1.781000e+02 2.027500e+02
      vertex   1.593536e+02 1.752913e+02 2.028536e+02
    endloop
  endfacet
  facet normal 7.933533e-01 -0.000000e+00 6.087614e-01
    outer loop
      vertex   1.593536e+02 1.752913e+02 2.028536e+02
      vertex   1.594330e+02 1.781000e+02 2.027500e+02
      vertex   1.593536e+02 1.781000e+02 2.028536e+02
    endloop
  endfacet
  facet normal 6.087614e-01 -0.000000e+00 7.933533e-01
    outer loop
      vertex   1.593536e+02 1.752913e+02 2.028536e+02
      vertex   1.593536e+02 1.781000e+02 2.028536e+02
      vertex   1.592500e+02 1.752913e+02 2.029330e+02
    endloop
  endfacet
  facet normal 6.087614e-01 -0.000000e+00 7.933533e-01
    outer loop
      vertex   1.592500e+02 1.752913e+02 2.029330e+02
      vertex   1.593536e+02 1.781000e+02 2.028536e+02
      vertex   1.592500e+02 1.781000e+02 2.029330e+02
    endloop
  endfacet
  facet normal 3.826834e-01 -0.000000e+00 9.238795e-01
    outer loop
      vertex   1.592500e+02 1.752913e+02 2.029330e+02
      vertex   1.592500e+02 1.781000e+02 2.029330e+02
      vertex   1.591294e+02 1.752913e+02 2.029830e+02
    endloop
  endfacet
  facet normal 3.826834e-01 -0.000000e+00 9.238795e-01
    outer loop
      vertex   1.591294e+02 1.752913e+02 2.029830e+02
      vertex   1.592500e+02 1.781000e+02 2.029330e+02
      vertex   1.591294e+02 1.781000e+02 2.029830e+02
    endloop
  endfacet
  facet normal 1.305262e-01 -0.000000e+00 9.914449e-01
    outer loop
      vertex   1.591294e+02 1.752913e+02 2.029830e+02
      vertex   1.591294e+02 1.781000e+02 2.029830e+02
      vertex   1.590000e+02 1.781000e+02 2.030000e+02
    endloop
  endfacet
  facet normal 1.305262e-01 -0.000000e+00 9.914449e-01
    outer loop
      vertex   1.591294e+02 1.387778e+02 2.029830e+02
      vertex   1.591294e+02 1.415865e+02 2.029830e+02
      vertex   1.590000e+02 1.387778e+02 2.030000e+02
    endloop
  endfacet
  facet normal 1.305262e-01 0.000000e+00 9.914449e-01
    outer loop
      vertex   1.590000e+02 1.387778e+02 2.030000e+02
      vertex   1.591294e+02 1.415865e+02 2.029830e+02
      vertex   1.591294e+02 1.443952e+02 2.029830e+02
    endloop
  endfacet
  facet normal 1.305262e-01 0.000000e+00 9.914449e-01
    outer loop
      vertex   1.590000e+02 1.387778e+02 2.030000e+02
      vertex   1.591294e+02 1.443952e+02 2.029830e+02
      vertex   1.591294e+02 1.472040e+02 2.029830e+02
    endloop
  endfacet
  facet normal 3.826834e-01 0.000000e+00 9.238795e-01
    outer loop
      vertex   1.591294e+02 1.472040e+02 2.029830e+02
      vertex   1.591294e+02 1.443952e+02 2.029830e+02
      vertex   1.592500e+02 1.472040e+02 2.029330e+02
    endloop
  endfacet
  facet normal 3.826834e-01 0.000000e+00 9.238795e-01
    outer loop
      vertex   1.591294e+02 1.472040e+02 2.029830e+02
      vertex   1.592500e+02 1.472040e+02 2.029330e+02
      vertex   1.592500e+02 1.500127e+02 2.029330e+02
    endloop
  endfacet
  facet normal 6.087614e-01 0.000000e+00 7.933533e-01
    outer loop
      vertex   1.592500e+02 1.500127e+02 2.029330e+02
      vertex   1.592500e+02 1.472040e+02 2.029330e+02
      vertex   1.593536e+02 1.500127e+02 2.028536e+02
    endloop
  endfacet
  facet normal 6.087614e-01 0.000000e+00 7.933533e-01
    outer loop
      vertex   1.592500e+02 1.500127e+02 2.029330e+02
      vertex   1.593536e+02 1.500127e+02 2.028536e+02
      vertex   1.593536e+02 1.528214e+02 2.028536e+02
    endloop
  endfacet
  facet normal 7.933533e-01 0.000000e+00 6.087614e-01
    outer loop
      vertex   1.593536e+02 1.528214e+02 2.028536e+02
      vertex   1.593536e+02 1.500127e+02 2.028536e+02
      vertex   1.594330e+02 1.528214e+02 2.027500e+02
    endloop
  endfacet
  facet normal 7.933533e-01 0.000000e+00 6.087614e-01
    outer loop
      vertex   1.593536e+02 1.528214e+02 2.028536e+02
      vertex   1.594330e+02 1.528214e+02 2.027500e+02
      vertex   1.594330e+02 1.556302e+02 2.027500e+02
    endloop
  endfacet
  facet normal 9.238795e-01 0.000000e+00 3.826834e-01
    outer loop
      vertex   1.594330e+02 1.556302e+02 2.027500e+02
      vertex   1.594330e+02 1.528214e+02 2.027500e+02
      vertex   1.594830e+02 1.556302e+02 2.026294e+02
    endloop
  endfacet
  facet normal 9.238795e-01 0.000000e+00 3.826834e-01
    outer loop
      vertex   1.594330e+02 1.556302e+02 2.027500e+02
      vertex   1.594830e+02 1.556302e+02 2.026294e+02
      vertex   1.594830e+02 1.584389e+02 2.026294e+02
    endloop
  endfacet
  facet normal 9.914449e-01 0.000000e+00 1.305262e-01
    outer loop
      vertex   1.594830e+02 1.584389e+02 2.026294e+02
      vertex   1.594830e+02 1.556302e+02 2.026294e+02
      vertex   1.595000e+02 1.387778e+02 2.025000e+02
    endloop
  endfacet
  facet normal 9.914449e-01 0.000000e+00 1.305262e-01
    outer loop
      vertex   1.594830e+02 1.584389e+02 2.026294e+02
      vertex   1.595000e+02 1.387778e+02 2.025000e+02
      vertex   1.595000e+02 1.781000e+02 2.025000e+02
    endloop
  endfacet
  facet normal 3.826834e-01 0.000000e+00 9.238795e-01
    outer loop
      vertex   1.591294e+02 1.415865e+02 2.029830e+02
      vertex   1.591294e+02 1.387778e+02 2.029830e+02
      vertex   1.592500e+02 1.415865e+02 2.029330e+02
    endloop
  endfacet
  facet normal 3.826834e-01 0.000000e+00 9.238795e-01
    outer loop
      vertex   1.592500e+02 1.415865e+02 2.029330e+02
      vertex   1.591294e+02 1.387778e+02 2.029830e+02
      vertex   1.592500e+02 1.387778e+02 2.029330e+02
    endloop
  endfacet
  facet normal 6.087614e-01 0.000000e+00 7.933533e-01
    outer loop
      vertex   1.592500e+02 1.415865e+02 2.029330e+02
      vertex   1.592500e+02 1.387778e+02 2.029330e+02
      vertex   1.593536e+02 1.415865e+02 2.028536e+02
    endloop
  endfacet
  facet normal 6.087614e-01 0.000000e+00 7.933533e-01
    outer loop
      vertex   1.593536e+02 1.415865e+02 2.028536e+02
      vertex   1.592500e+02 1.387778e+02 2.029330e+02
      vertex   1.593536e+02 1.387778e+02 2.028536e+02
    endloop
  endfacet
  facet normal 7.933533e-01 0.000000e+00 6.087614e-01
    outer loop
      vertex   1.593536e+02 1.415865e+02 2.028536e+02
      vertex   1.593536e+02 1.387778e+02 2.028536e+02
      vertex   1.594330e+02 1.415865e+02 2.027500e+02
    endloop
  endfacet
  facet normal 7.933533e-01 0.000000e+00 6.087614e-01
    outer loop
      vertex   1.594330e+02 1.415865e+02 2.027500e+02
      vertex   1.593536e+02 1.387778e+02 2.028536e+02
      vertex   1.594330e+02 1.387778e+02 2.027500e+02
    endloop
  endfacet
  facet normal 9.238795e-01 0.000000e+00 3.826834e-01
    outer loop
      vertex   1.594330e+02 1.415865e+02 2.027500e+02
      vertex   1.594330e+02 1.387778e+02 2.027500e+02
      vertex   1.594830e+02 1.415865e+02 2.026294e+02
    endloop
  endfacet
  facet normal 9.238795e-01 0.000000e+00 3.826834e-01
    outer loop
      vertex   1.594830e+02 1.415865e+02 2.026294e+02
      vertex   1.594330e+02 1.387778e+02 2.027500e+02
      vertex   1.594830e+02 1.387778e+02 2.026294e+02
    endloop
  endfacet
  facet normal 9.914449e-01 0.000000e+00 1.305262e-01
    outer loop
      vertex   1.594830e+02 1.415865e+02 2.026294e+02
      vertex   1.594830e+02 1.387778e+02 2.026294e+02
      vertex   1.595000e+02 1.387778e+02 2.025000e+02
    endloop
  endfacet
  facet normal 9.238795e-01 -0.000000e+00 3.826834e-01
    outer loop
      vertex   1.594830e+02 1.724825e+02 2.026294e+02
      vertex   1.594830e+02 1.752913e+02 2.026294e+02
      vertex   1.594330e+02 1.724825e+02 2.027500e+02
    endloop
  endfacet
  facet normal 9.238795e-01 -0.000000e+00 3.826834e-01
    outer loop
      vertex   1.594330e+02 1.724825e+02 2.027500e+02
      vertex   1.594830e+02 1.752913e+02 2.026294e+02
      vertex   1.594330e+02 1.752913e+02 2.027500e+02
    endloop
  endfacet
  facet normal 7.933533e-01 -0.000000e+00 6.087614e-01
    outer loop
      vertex   1.594330e+02 1.724825e+02 2.027500e+02
      vertex   1.594330e+02 1.752913e+02 2.027500e+02
      vertex   1.593536e+02 1.724825e+02 2.028536e+02
    endloop
  endfacet
  facet normal 7.933533e-01 -0.000000e+00 6.087614e-01
    outer loop
      vertex   1.593536e+02 1.724825e+02 2.028536e+02
      vertex   1.594330e+02 1.752913e+02 2.027500e+02
      vertex   1.593536e+02 1.752913e+02 2.028536e+02
    endloop
  endfacet
  facet normal 6.087614e-01 -0.000000e+00 7.933533e-01
    outer loop
      vertex   1.593536e+02 1.724825e+02 2.028536e+02
      vertex   1.593536e+02 1.752913e+02 2.028536e+02
      vertex   1.592500e+02 1.724825e+02 2.029330e+02
    endloop
  endfacet
  facet normal 6.087614e-01 -0.000000e+00 7.933533e-01
    outer loop
      vertex   1.592500e+02 1.724825e+02 2.029330e+02
      vertex   1.593536e+02 1.752913e+02 2.028536e+02
      vertex   1.592500e+02 1.752913e+02 2.029330e+02
    endloop
  endfacet
  facet normal 3.826834e-01 -0.000000e+00 9.238795e-01
    outer loop
      vertex   1.592500e+02 1.724825e+02 2.029330e+02
      vertex   1.592500e+02 1.752913e+02 2.029330e+02
      vertex   1.591294e+02 1.724825e+02 2.029830e+02
    endloop
  endfacet
  facet normal 3.826834e-01 -0.000000e+00 9.238795e-01
    outer loop
      vertex   1.591294e+02 1.724825e+02 2.029830e+02
      vertex   1.592500e+02 1.752913e+02 2.029330e+02
      vertex   1.591294e+02 1.752913e+02 2.029830e+02
    endloop
  endfacet
  facet normal 1.305262e-01 -0.000000e+00 9.914449e-01
    outer loop
      vertex   1.591294e+02 1.724825e+02 2.029830e+02
      vertex   1.591294e+02 1.752913e+02 2.029830e+02
      vertex   1.590000e+02 1.781000e+02 2.030000e+02
    endloop
  endfacet
  facet normal 9.914449e-01 0.000000e+00 1.305262e-01
    outer loop
      vertex   1.594830e+02 1.696738e+02 2.026294e+02
      vertex   1.594830e+02 1.668651e+02 2.026294e+02
      vertex   1.595000e+02 1.781000e+02 2.025000e+02
    endloop
  endfacet
  facet normal 9.914449e-01 0.000000e+00 1.305262e-01
    outer loop
      vertex   1.595000e+02 1.781000e+02 2.025000e+02
      vertex   1.594830e+02 1.668651e+02 2.026294e+02
      vertex   1.594830e+02 1.640564e+02 2.026294e+02
    endloop
  endfacet
  facet normal 9.914449e-01 0.000000e+00 1.305262e-01
    outer loop
      vertex   1.595000e+02 1.781000e+02 2.025000e+02
      vertex   1.594830e+02 1.640564e+02 2.026294e+02
      vertex   1.594830e+02 1.612476e+02 2.026294e+02
    endloop
  endfacet
  facet normal 9.238795e-01 -0.000000e+00 3.826834e-01
    outer loop
      vertex   1.594830e+02 1.612476e+02 2.026294e+02
      vertex   1.594830e+02 1.640564e+02 2.026294e+02
      vertex   1.594330e+02 1.612476e+02 2.027500e+02
    endloop
  endfacet
  facet normal 9.238795e-01 0.000000e+00 3.826834e-01
    outer loop
      vertex   1.594830e+02 1.612476e+02 2.026294e+02
      vertex   1.594330e+02 1.612476e+02 2.027500e+02
      vertex   1.594330e+02 1.584389e+02 2.027500e+02
    endloop
  endfacet
  facet normal 7.933533e-01 -0.000000e+00 6.087614e-01
    outer loop
      vertex   1.594330e+02 1.584389e+02 2.027500e+02
      vertex   1.594330e+02 1.612476e+02 2.027500e+02
      vertex   1.593536e+02 1.584389e+02 2.028536e+02
    endloop
  endfacet
  facet normal 7.933533e-01 -6.160751e-15 6.087614e-01
    outer loop
      vertex   1.594330e+02 1.584389e+02 2.027500e+02
      vertex   1.593536e+02 1.584389e+02 2.028536e+02
      vertex   1.593536e+02 1.556302e+02 2.028536e+02
    endloop
  endfacet
  facet normal 6.087614e-01 -8.027992e-15 7.933533e-01
    outer loop
      vertex   1.593536e+02 1.556302e+02 2.028536e+02
      vertex   1.593536e+02 1.584389e+02 2.028536e+02
      vertex   1.592500e+02 1.556302e+02 2.029330e+02
    endloop
  endfacet
  facet normal 6.087614e-01 0.000000e+00 7.933533e-01
    outer loop
      vertex   1.593536e+02 1.556302e+02 2.028536e+02
      vertex   1.592500e+02 1.556302e+02 2.029330e+02
      vertex   1.592500e+02 1.528214e+02 2.029330e+02
    endloop
  endfacet
  facet normal 3.826834e-01 -0.000000e+00 9.238795e-01
    outer loop
      vertex   1.592500e+02 1.528214e+02 2.029330e+02
      vertex   1.592500e+02 1.556302e+02 2.029330e+02
      vertex   1.591294e+02 1.528214e+02 2.029830e+02
    endloop
  endfacet
  facet normal 3.826834e-01 0.000000e+00 9.238795e-01
    outer loop
      vertex   1.592500e+02 1.528214e+02 2.029330e+02
      vertex   1.591294e+02 1.528214e+02 2.029830e+02
      vertex   1.591294e+02 1.500127e+02 2.029830e+02
    endloop
  endfacet
  facet normal 1.305262e-01 -0.000000e+00 9.914449e-01
    outer loop
      vertex   1.591294e+02 1.500127e+02 2.029830e+02
      vertex   1.591294e+02 1.528214e+02 2.029830e+02
      vertex   1.590000e+02 1.387778e+02 2.030000e+02
    endloop
  endfacet
  facet normal 1.305262e-01 0.000000e+00 9.914449e-01
    outer loop
      vertex   1.591294e+02 1.500127e+02 2.029830e+02
      vertex   1.590000e+02 1.387778e+02 2.030000e+02
      vertex   1.591294e+02 1.472040e+02 2.029830e+02
    endloop
  endfacet
  facet normal 9.238795e-01 0.000000e+00 3.826834e-01
    outer loop
      vertex   1.594830e+02 1.696738e+02 2.026294e+02
      vertex   1.594330e+02 1.668651e+02 2.027500e+02
      vertex   1.594830e+02 1.668651e+02 2.026294e+02
    endloop
  endfacet
  facet normal 9.238795e-01 0.000000e+00 3.826834e-01
    outer loop
      vertex   1.594830e+02 1.668651e+02 2.026294e+02
      vertex   1.594330e+02 1.668651e+02 2.027500e+02
      vertex   1.594330e+02 1.640564e+02 2.027500e+02
    endloop
  endfacet
  facet normal 9.238795e-01 0.000000e+00 3.826834e-01
    outer loop
      vertex   1.594830e+02 1.668651e+02 2.026294e+02
      vertex   1.594330e+02 1.640564e+02 2.027500e+02
      vertex   1.594830e+02 1.640564e+02 2.026294e+02
    endloop
  endfacet
  facet normal 9.238795e-01 -7.743524e-15 3.826834e-01
    outer loop
      vertex   1.594830e+02 1.640564e+02 2.026294e+02
      vertex   1.594330e+02 1.640564e+02 2.027500e+02
      vertex   1.594330e+02 1.612476e+02 2.027500e+02
    endloop
  endfacet
  facet normal 9.914449e-01 -0.000000e+00 1.305262e-01
    outer loop
      vertex   1.594830e+02 1.584389e+02 2.026294e+02
      vertex   1.595000e+02 1.781000e+02 2.025000e+02
      vertex   1.594830e+02 1.612476e+02 2.026294e+02
    endloop
  endfacet
  facet normal 9.238795e-01 -0.000000e+00 3.826834e-01
    outer loop
      vertex   1.594330e+02 1.556302e+02 2.027500e+02
      vertex   1.594830e+02 1.584389e+02 2.026294e+02
      vertex   1.594330e+02 1.584389e+02 2.027500e+02
    endloop
  endfacet
  facet normal 9.238795e-01 0.000000e+00 3.826834e-01
    outer loop
      vertex   1.594330e+02 1.584389e+02 2.027500e+02
      vertex   1.594830e+02 1.584389e+02 2.026294e+02
      vertex   1.594830e+02 1.612476e+02 2.026294e+02
    endloop
  endfacet
  facet normal 9.914449e-01 0.000000e+00 1.305262e-01
    outer loop
      vertex   1.594830e+02 1.556302e+02 2.026294e+02
      vertex   1.594830e+02 1.528214e+02 2.026294e+02
      vertex   1.595000e+02 1.387778e+02 2.025000e+02
    endloop
  endfacet
  facet normal 9.914449e-01 0.000000e+00 1.305262e-01
    outer loop
      vertex   1.595000e+02 1.387778e+02 2.025000e+02
      vertex   1.594830e+02 1.528214e+02 2.026294e+02
      vertex   1.594830e+02 1.500127e+02 2.026294e+02
    endloop
  endfacet
  facet normal 9.914449e-01 0.000000e+00 1.305262e-01
    outer loop
      vertex   1.595000e+02 1.387778e+02 2.025000e+02
      vertex   1.594830e+02 1.500127e+02 2.026294e+02
      vertex   1.594830e+02 1.472040e+02 2.026294e+02
    endloop
  endfacet
  facet normal 9.238795e-01 -0.000000e+00 3.826834e-01
    outer loop
      vertex   1.594830e+02 1.472040e+02 2.026294e+02
      vertex   1.594830e+02 1.500127e+02 2.026294e+02
      vertex   1.594330e+02 1.472040e+02 2.027500e+02
    endloop
  endfacet
  facet normal 9.238795e-01 0.000000e+00 3.826834e-01
    outer loop
      vertex   1.594830e+02 1.472040e+02 2.026294e+02
      vertex   1.594330e+02 1.472040e+02 2.027500e+02
      vertex   1.594330e+02 1.443952e+02 2.027500e+02
    endloop
  endfacet
  facet normal 7.933533e-01 -0.000000e+00 6.087614e-01
    outer loop
      vertex   1.594330e+02 1.443952e+02 2.027500e+02
      vertex   1.594330e+02 1.472040e+02 2.027500e+02
      vertex   1.593536e+02 1.443952e+02 2.028536e+02
    endloop
  endfacet
  facet normal 7.933533e-01 0.000000e+00 6.087614e-01
    outer loop
      vertex   1.594330e+02 1.443952e+02 2.027500e+02
      vertex   1.593536e+02 1.443952e+02 2.028536e+02
      vertex   1.593536e+02 1.415865e+02 2.028536e+02
    endloop
  endfacet
  facet normal 6.087614e-01 -0.000000e+00 7.933533e-01
    outer loop
      vertex   1.593536e+02 1.415865e+02 2.028536e+02
      vertex   1.593536e+02 1.443952e+02 2.028536e+02
      vertex   1.592500e+02 1.415865e+02 2.029330e+02
    endloop
  endfacet
  facet normal 9.238795e-01 0.000000e+00 3.826834e-01
    outer loop
      vertex   1.594830e+02 1.556302e+02 2.026294e+02
      vertex   1.594330e+02 1.528214e+02 2.027500e+02
      vertex   1.594830e+02 1.528214e+02 2.026294e+02
    endloop
  endfacet
  facet normal 9.238795e-01 0.000000e+00 3.826834e-01
    outer loop
      vertex   1.594830e+02 1.528214e+02 2.026294e+02
      vertex   1.594330e+02 1.528214e+02 2.027500e+02
      vertex   1.594330e+02 1.500127e+02 2.027500e+02
    endloop
  endfacet
  facet normal 9.238795e-01 0.000000e+00 3.826834e-01
    outer loop
      vertex   1.594830e+02 1.528214e+02 2.026294e+02
      vertex   1.594330e+02 1.500127e+02 2.027500e+02
      vertex   1.594830e+02 1.500127e+02 2.026294e+02
    endloop
  endfacet
  facet normal 9.238795e-01 0.000000e+00 3.826834e-01
    outer loop
      vertex   1.594830e+02 1.500127e+02 2.026294e+02
      vertex   1.594330e+02 1.500127e+02 2.027500e+02
      vertex   1.594330e+02 1.472040e+02 2.027500e+02
    endloop
  endfacet
  facet normal 9.914449e-01 -0.000000e+00 1.305262e-01
    outer loop
      vertex   1.594830e+02 1.415865e+02 2.026294e+02
      vertex   1.595000e+02 1.387778e+02 2.025000e+02
      vertex   1.594830e+02 1.443952e+02 2.026294e+02
    endloop
  endfacet
  facet normal 9.914449e-01 -0.000000e+00 1.305262e-01
    outer loop
      vertex   1.594830e+02 1.443952e+02 2.026294e+02
      vertex   1.595000e+02 1.387778e+02 2.025000e+02
      vertex   1.594830e+02 1.472040e+02 2.026294e+02
    endloop
  endfacet
  facet normal 9.238795e-01 -0.000000e+00 3.826834e-01
    outer loop
      vertex   1.594830e+02 1.443952e+02 2.026294e+02
      vertex   1.594830e+02 1.472040e+02 2.026294e+02
      vertex   1.594330e+02 1.443952e+02 2.027500e+02
    endloop
  endfacet
  facet normal 9.238795e-01 0.000000e+00 3.826834e-01
    outer loop
      vertex   1.594330e+02 1.415865e+02 2.027500e+02
      vertex   1.594830e+02 1.415865e+02 2.026294e+02
      vertex   1.594830e+02 1.443952e+02 2.026294e+02
    endloop
  endfacet
  facet normal 9.238795e-01 -0.000000e+00 3.826834e-01
    outer loop
      vertex   1.594330e+02 1.415865e+02 2.027500e+02
      vertex   1.594830e+02 1.443952e+02 2.026294e+02
      vertex   1.594330e+02 1.443952e+02 2.027500e+02
    endloop
  endfacet
  facet normal 9.238795e-01 0.000000e+00 3.826834e-01
    outer loop
      vertex   1.594830e+02 1.724825e+02 2.026294e+02
      vertex   1.594330e+02 1.724825e+02 2.027500e+02
      vertex   1.594330e+02 1.696738e+02 2.027500e+02
    endloop
  endfacet
  facet normal 7.933533e-01 -0.000000e+00 6.087614e-01
    outer loop
      vertex   1.594330e+02 1.696738e+02 2.027500e+02
      vertex   1.594330e+02 1.724825e+02 2.027500e+02
      vertex   1.593536e+02 1.696738e+02 2.028536e+02
    endloop
  endfacet
  facet normal 7.933533e-01 0.000000e+00 6.087614e-01
    outer loop
      vertex   1.594330e+02 1.696738e+02 2.027500e+02
      vertex   1.593536e+02 1.696738e+02 2.028536e+02
      vertex   1.593536e+02 1.668651e+02 2.028536e+02
    endloop
  endfacet
  facet normal 6.087614e-01 -0.000000e+00 7.933533e-01
    outer loop
      vertex   1.593536e+02 1.668651e+02 2.028536e+02
      vertex   1.593536e+02 1.696738e+02 2.028536e+02
      vertex   1.592500e+02 1.668651e+02 2.029330e+02
    endloop
  endfacet
  facet normal 6.087614e-01 0.000000e+00 7.933533e-01
    outer loop
      vertex   1.593536e+02 1.668651e+02 2.028536e+02
      vertex   1.592500e+02 1.668651e+02 2.029330e+02
      vertex   1.592500e+02 1.640564e+02 2.029330e+02
    endloop
  endfacet
  facet normal 3.826834e-01 -0.000000e+00 9.238795e-01
    outer loop
      vertex   1.592500e+02 1.640564e+02 2.029330e+02
      vertex   1.592500e+02 1.668651e+02 2.029330e+02
      vertex   1.591294e+02 1.640564e+02 2.029830e+02
    endloop
  endfacet
  facet normal 3.826834e-01 0.000000e+00 9.238795e-01
    outer loop
      vertex   1.592500e+02 1.640564e+02 2.029330e+02
      vertex   1.591294e+02 1.640564e+02 2.029830e+02
      vertex   1.591294e+02 1.612476e+02 2.029830e+02
    endloop
  endfacet
  facet normal 1.305262e-01 -0.000000e+00 9.914449e-01
    outer loop
      vertex   1.591294e+02 1.612476e+02 2.029830e+02
      vertex   1.591294e+02 1.640564e+02 2.029830e+02
      vertex   1.590000e+02 1.781000e+02 2.030000e+02
    endloop
  endfacet
  facet normal 7.933533e-01 -0.000000e+00 6.087614e-01
    outer loop
      vertex   1.593536e+02 1.696738e+02 2.028536e+02
      vertex   1.594330e+02 1.724825e+02 2.027500e+02
      vertex   1.593536e+02 1.724825e+02 2.028536e+02
    endloop
  endfacet
  facet normal 7.933533e-01 0.000000e+00 6.087614e-01
    outer loop
      vertex   1.594330e+02 1.668651e+02 2.027500e+02
      vertex   1.593536e+02 1.640564e+02 2.028536e+02
      vertex   1.594330e+02 1.640564e+02 2.027500e+02
    endloop
  endfacet
  facet normal 7.933533e-01 0.000000e+00 6.087614e-01
    outer loop
      vertex   1.594330e+02 1.640564e+02 2.027500e+02
      vertex   1.593536e+02 1.640564e+02 2.028536e+02
      vertex   1.593536e+02 1.612476e+02 2.028536e+02
    endloop
  endfacet
  facet normal 7.933533e-01 -1.232019e-14 6.087614e-01
    outer loop
      vertex   1.594330e+02 1.640564e+02 2.027500e+02
      vertex   1.593536e+02 1.612476e+02 2.028536e+02
      vertex   1.594330e+02 1.612476e+02 2.027500e+02
    endloop
  endfacet
  facet normal 7.933533e-01 0.000000e+00 6.087614e-01
    outer loop
      vertex   1.594330e+02 1.612476e+02 2.027500e+02
      vertex   1.593536e+02 1.612476e+02 2.028536e+02
      vertex   1.593536e+02 1.584389e+02 2.028536e+02
    endloop
  endfacet
  facet normal 7.933533e-01 -0.000000e+00 6.087614e-01
    outer loop
      vertex   1.593536e+02 1.528214e+02 2.028536e+02
      vertex   1.594330e+02 1.556302e+02 2.027500e+02
      vertex   1.593536e+02 1.556302e+02 2.028536e+02
    endloop
  endfacet
  facet normal 7.933533e-01 0.000000e+00 6.087614e-01
    outer loop
      vertex   1.593536e+02 1.556302e+02 2.028536e+02
      vertex   1.594330e+02 1.556302e+02 2.027500e+02
      vertex   1.594330e+02 1.584389e+02 2.027500e+02
    endloop
  endfacet
  facet normal 7.933533e-01 0.000000e+00 6.087614e-01
    outer loop
      vertex   1.594330e+02 1.528214e+02 2.027500e+02
      vertex   1.593536e+02 1.500127e+02 2.028536e+02
      vertex   1.594330e+02 1.500127e+02 2.027500e+02
    endloop
  endfacet
  facet normal 7.933533e-01 0.000000e+00 6.087614e-01
    outer loop
      vertex   1.594330e+02 1.500127e+02 2.027500e+02
      vertex   1.593536e+02 1.500127e+02 2.028536e+02
      vertex   1.593536e+02 1.472040e+02 2.028536e+02
    endloop
  endfacet
  facet normal 7.933533e-01 0.000000e+00 6.087614e-01
    outer loop
      vertex   1.594330e+02 1.500127e+02 2.027500e+02
      vertex   1.593536e+02 1.472040e+02 2.028536e+02
      vertex   1.594330e+02 1.472040e+02 2.027500e+02
    endloop
  endfacet
  facet normal 7.933533e-01 0.000000e+00 6.087614e-01
    outer loop
      vertex   1.594330e+02 1.472040e+02 2.027500e+02
      vertex   1.593536e+02 1.472040e+02 2.028536e+02
      vertex   1.593536e+02 1.443952e+02 2.028536e+02
    endloop
  endfacet
  facet normal 7.933533e-01 0.000000e+00 6.087614e-01
    outer loop
      vertex   1.593536e+02 1.415865e+02 2.028536e+02
      vertex   1.594330e+02 1.415865e+02 2.027500e+02
      vertex   1.594330e+02 1.443952e+02 2.027500e+02
    endloop
  endfacet
  facet normal 6.087614e-01 -0.000000e+00 7.933533e-01
    outer loop
      vertex   1.593536e+02 1.696738e+02 2.028536e+02
      vertex   1.593536e+02 1.724825e+02 2.028536e+02
      vertex   1.592500e+02 1.696738e+02 2.029330e+02
    endloop
  endfacet
  facet normal 6.087614e-01 -0.000000e+00 7.933533e-01
    outer loop
      vertex   1.592500e+02 1.696738e+02 2.029330e+02
      vertex   1.593536e+02 1.724825e+02 2.028536e+02
      vertex   1.592500e+02 1.724825e+02 2.029330e+02
    endloop
  endfacet
  facet normal 3.826834e-01 -0.000000e+00 9.238795e-01
    outer loop
      vertex   1.592500e+02 1.696738e+02 2.029330e+02
      vertex   1.592500e+02 1.724825e+02 2.029330e+02
      vertex   1.591294e+02 1.696738e+02 2.029830e+02
    endloop
  endfacet
  facet normal 3.826834e-01 -0.000000e+00 9.238795e-01
    outer loop
      vertex   1.591294e+02 1.696738e+02 2.029830e+02
      vertex   1.592500e+02 1.724825e+02 2.029330e+02
      vertex   1.591294e+02 1.724825e+02 2.029830e+02
    endloop
  endfacet
  facet normal 1.305262e-01 -0.000000e+00 9.914449e-01
    outer loop
      vertex   1.591294e+02 1.696738e+02 2.029830e+02
      vertex   1.591294e+02 1.724825e+02 2.029830e+02
      vertex   1.590000e+02 1.781000e+02 2.030000e+02
    endloop
  endfacet
  facet normal 6.087614e-01 0.000000e+00 7.933533e-01
    outer loop
      vertex   1.593536e+02 1.640564e+02 2.028536e+02
      vertex   1.592500e+02 1.612476e+02 2.029330e+02
      vertex   1.593536e+02 1.612476e+02 2.028536e+02
    endloop
  endfacet
  facet normal 6.087614e-01 0.000000e+00 7.933533e-01
    outer loop
      vertex   1.593536e+02 1.612476e+02 2.028536e+02
      vertex   1.592500e+02 1.612476e+02 2.029330e+02
      vertex   1.592500e+02 1.584389e+02 2.029330e+02
    endloop
  endfacet
  facet normal 6.087614e-01 0.000000e+00 7.933533e-01
    outer loop
      vertex   1.593536e+02 1.612476e+02 2.028536e+02
      vertex   1.592500e+02 1.584389e+02 2.029330e+02
      vertex   1.593536e+02 1.584389e+02 2.028536e+02
    endloop
  endfacet
  facet normal 6.087614e-01 0.000000e+00 7.933533e-01
    outer loop
      vertex   1.593536e+02 1.584389e+02 2.028536e+02
      vertex   1.592500e+02 1.584389e+02 2.029330e+02
      vertex   1.592500e+02 1.556302e+02 2.029330e+02
    endloop
  endfacet
  facet normal 6.087614e-01 -0.000000e+00 7.933533e-01
    outer loop
      vertex   1.592500e+02 1.500127e+02 2.029330e+02
      vertex   1.593536e+02 1.528214e+02 2.028536e+02
      vertex   1.592500e+02 1.528214e+02 2.029330e+02
    endloop
  endfacet
  facet normal 6.087614e-01 0.000000e+00 7.933533e-01
    outer loop
      vertex   1.592500e+02 1.528214e+02 2.029330e+02
      vertex   1.593536e+02 1.528214e+02 2.028536e+02
      vertex   1.593536e+02 1.556302e+02 2.028536e+02
    endloop
  endfacet
  facet normal 6.087614e-01 0.000000e+00 7.933533e-01
    outer loop
      vertex   1.593536e+02 1.500127e+02 2.028536e+02
      vertex   1.592500e+02 1.472040e+02 2.029330e+02
      vertex   1.593536e+02 1.472040e+02 2.028536e+02
    endloop
  endfacet
  facet normal 6.087614e-01 0.000000e+00 7.933533e-01
    outer loop
      vertex   1.593536e+02 1.472040e+02 2.028536e+02
      vertex   1.592500e+02 1.472040e+02 2.029330e+02
      vertex   1.592500e+02 1.443952e+02 2.029330e+02
    endloop
  endfacet
  facet normal 6.087614e-01 0.000000e+00 7.933533e-01
    outer loop
      vertex   1.593536e+02 1.472040e+02 2.028536e+02
      vertex   1.592500e+02 1.443952e+02 2.029330e+02
      vertex   1.593536e+02 1.443952e+02 2.028536e+02
    endloop
  endfacet
  facet normal 6.087614e-01 0.000000e+00 7.933533e-01
    outer loop
      vertex   1.593536e+02 1.443952e+02 2.028536e+02
      vertex   1.592500e+02 1.443952e+02 2.029330e+02
      vertex   1.592500e+02 1.415865e+02 2.029330e+02
    endloop
  endfacet
  facet normal 6.087614e-01 0.000000e+00 7.933533e-01
    outer loop
      vertex   1.593536e+02 1.696738e+02 2.028536e+02
      vertex   1.592500e+02 1.696738e+02 2.029330e+02
      vertex   1.592500e+02 1.668651e+02 2.029330e+02
    endloop
  endfacet
  facet normal 3.826834e-01 -0.000000e+00 9.238795e-01
    outer loop
      vertex   1.592500e+02 1.668651e+02 2.029330e+02
      vertex   1.592500e+02 1.696738e+02 2.029330e+02
      vertex   1.591294e+02 1.668651e+02 2.029830e+02
    endloop
  endfacet
  facet normal 3.826834e-01 0.000000e+00 9.238795e-01
    outer loop
      vertex   1.592500e+02 1.668651e+02 2.029330e+02
      vertex   1.591294e+02 1.668651e+02 2.029830e+02
      vertex   1.591294e+02 1.640564e+02 2.029830e+02
    endloop
  endfacet
  facet normal 1.305262e-01 -0.000000e+00 9.914449e-01
    outer loop
      vertex   1.591294e+02 1.640564e+02 2.029830e+02
      vertex   1.591294e+02 1.668651e+02 2.029830e+02
      vertex   1.590000e+02 1.781000e+02 2.030000e+02
    endloop
  endfacet
  facet normal 3.826834e-01 -0.000000e+00 9.238795e-01
    outer loop
      vertex   1.591294e+02 1.668651e+02 2.029830e+02
      vertex   1.592500e+02 1.696738e+02 2.029330e+02
      vertex   1.591294e+02 1.696738e+02 2.029830e+02
    endloop
  endfacet
  facet normal 3.826834e-01 0.000000e+00 9.238795e-01
    outer loop
      vertex   1.592500e+02 1.612476e+02 2.029330e+02
      vertex   1.591294e+02 1.584389e+02 2.029830e+02
      vertex   1.592500e+02 1.584389e+02 2.029330e+02
    endloop
  endfacet
  facet normal 3.826834e-01 0.000000e+00 9.238795e-01
    outer loop
      vertex   1.592500e+02 1.584389e+02 2.029330e+02
      vertex   1.591294e+02 1.584389e+02 2.029830e+02
      vertex   1.591294e+02 1.556302e+02 2.029830e+02
    endloop
  endfacet
  facet normal 3.826834e-01 0.000000e+00 9.238795e-01
    outer loop
      vertex   1.592500e+02 1.584389e+02 2.029330e+02
      vertex   1.591294e+02 1.556302e+02 2.029830e+02
      vertex   1.592500e+02 1.556302e+02 2.029330e+02
    endloop
  endfacet
  facet normal 3.826834e-01 0.000000e+00 9.238795e-01
    outer loop
      vertex   1.592500e+02 1.556302e+02 2.029330e+02
      vertex   1.591294e+02 1.556302e+02 2.029830e+02
      vertex   1.591294e+02 1.528214e+02 2.029830e+02
    endloop
  endfacet
  facet normal 3.826834e-01 -0.000000e+00 9.238795e-01
    outer loop
      vertex   1.591294e+02 1.472040e+02 2.029830e+02
      vertex   1.592500e+02 1.500127e+02 2.029330e+02
      vertex   1.591294e+02 1.500127e+02 2.029830e+02
    endloop
  endfacet
  facet normal 3.826834e-01 0.000000e+00 9.238795e-01
    outer loop
      vertex   1.591294e+02 1.500127e+02 2.029830e+02
      vertex   1.592500e+02 1.500127e+02 2.029330e+02
      vertex   1.592500e+02 1.528214e+02 2.029330e+02
    endloop
  endfacet
  facet normal 3.826834e-01 0.000000e+00 9.238795e-01
    outer loop
      vertex   1.591294e+02 1.415865e+02 2.029830e+02
      vertex   1.592500e+02 1.415865e+02 2.029330e+02
      vertex   1.592500e+02 1.443952e+02 2.029330e+02
    endloop
  endfacet
  facet normal 3.826834e-01 -0.000000e+00 9.238795e-01
    outer loop
      vertex   1.591294e+02 1.415865e+02 2.029830e+02
      vertex   1.592500e+02 1.443952e+02 2.029330e+02
      vertex   1.591294e+02 1.443952e+02 2.029830e+02
    endloop
  endfacet
  facet normal 3.826834e-01 0.000000e+00 9.238795e-01
    outer loop
      vertex   1.591294e+02 1.443952e+02 2.029830e+02
      vertex   1.592500e+02 1.443952e+02 2.029330e+02
      vertex   1.592500e+02 1.472040e+02 2.029330e+02
    endloop
  endfacet
  facet normal 1.305262e-01 0.000000e+00 9.914449e-01
    outer loop
      vertex   1.590000e+02 1.781000e+02 2.030000e+02
      vertex   1.591294e+02 1.668651e+02 2.029830e+02
      vertex   1.591294e+02 1.696738e+02 2.029830e+02
    endloop
  endfacet
  facet normal 1.305262e-01 0.000000e+00 9.914449e-01
    outer loop
      vertex   1.590000e+02 1.387778e+02 2.030000e+02
      vertex   1.591294e+02 1.528214e+02 2.029830e+02
      vertex   1.591294e+02 1.556302e+02 2.029830e+02
    endloop
  endfacet
  facet normal 1.305262e-01 -0.000000e+00 9.914449e-01
    outer loop
      vertex   1.591294e+02 1.556302e+02 2.029830e+02
      vertex   1.591294e+02 1.584389e+02 2.029830e+02
      vertex   1.590000e+02 1.387778e+02 2.030000e+02
    endloop
  endfacet
  facet normal -9.902339e-01 -4.940940e-02 1.303668e-01
    outer loop
      vertex   1.355170e+02 1.387778e+02 2.026294e+02
      vertex   1.355000e+02 1.387778e+02 2.025000e+02
      vertex   1.355148e+02 1.386849e+02 2.025770e+02
    endloop
  endfacet
  facet normal -9.909150e-01 -1.304564e-01 3.268886e-02
    outer loop
      vertex   1.355148e+02 1.386849e+02 2.025770e+02
      vertex   1.355000e+02 1.387778e+02 2.025000e+02
      vertex   1.355170e+02 1.386484e+02 2.025000e+02
    endloop
  endfacet
  facet normal -9.407634e-01 -3.162140e-01 1.223638e-01
    outer loop
      vertex   1.355148e+02 1.386849e+02 2.025770e+02
      vertex   1.355170e+02 1.386484e+02 2.025000e+02
      vertex   1.355548e+02 1.385785e+02 2.026101e+02
    endloop
  endfacet
  facet normal -9.213332e-01 -3.816287e-01 7.419375e-02
    outer loop
      vertex   1.355548e+02 1.385785e+02 2.026101e+02
      vertex   1.355170e+02 1.386484e+02 2.025000e+02
      vertex   1.355670e+02 1.385278e+02 2.025000e+02
    endloop
  endfacet
  facet normal -8.403810e-01 -5.215192e-01 1.475718e-01
    outer loop
      vertex   1.355548e+02 1.385785e+02 2.026101e+02
      vertex   1.355670e+02 1.385278e+02 2.025000e+02
      vertex   1.356188e+02 1.384803e+02 2.026272e+02
    endloop
  endfacet
  facet normal -7.897316e-01 -6.059824e-01 9.544300e-02
    outer loop
      vertex   1.356188e+02 1.384803e+02 2.026272e+02
      vertex   1.355670e+02 1.385278e+02 2.025000e+02
      vertex   1.356464e+02 1.384242e+02 2.025000e+02
    endloop
  endfacet
  facet normal -6.984452e-01 -6.984452e-01 1.560404e-01
    outer loop
      vertex   1.356188e+02 1.384803e+02 2.026272e+02
      vertex   1.356464e+02 1.384242e+02 2.025000e+02
      vertex   1.357025e+02 1.383966e+02 2.026272e+02
    endloop
  endfacet
  facet normal -6.059824e-01 -7.897316e-01 9.544300e-02
    outer loop
      vertex   1.357025e+02 1.383966e+02 2.026272e+02
      vertex   1.356464e+02 1.384242e+02 2.025000e+02
      vertex   1.357500e+02 1.383448e+02 2.025000e+02
    endloop
  endfacet
  facet normal -5.215192e-01 -8.403810e-01 1.475718e-01
    outer loop
      vertex   1.357025e+02 1.383966e+02 2.026272e+02
      vertex   1.357500e+02 1.383448e+02 2.025000e+02
      vertex   1.358007e+02 1.383326e+02 2.026101e+02
    endloop
  endfacet
  facet normal -3.816287e-01 -9.213332e-01 7.419375e-02
    outer loop
      vertex   1.358007e+02 1.383326e+02 2.026101e+02
      vertex   1.357500e+02 1.383448e+02 2.025000e+02
      vertex   1.358706e+02 1.382948e+02 2.025000e+02
    endloop
  endfacet
  facet normal -3.162140e-01 -9.407634e-01 1.223638e-01
    outer loop
      vertex   1.358007e+02 1.383326e+02 2.026101e+02
      vertex   1.358706e+02 1.382948e+02 2.025000e+02
      vertex   1.359071e+02 1.382925e+02 2.025770e+02
    endloop
  endfacet
  facet normal -1.304564e-01 -9.909150e-01 3.268886e-02
    outer loop
      vertex   1.359071e+02 1.382925e+02 2.025770e+02
      vertex   1.358706e+02 1.382948e+02 2.025000e+02
      vertex   1.360000e+02 1.382778e+02 2.025000e+02
    endloop
  endfacet
  facet normal -4.940940e-02 -9.902339e-01 1.303668e-01
    outer loop
      vertex   1.359071e+02 1.382925e+02 2.025770e+02
      vertex   1.360000e+02 1.382778e+02 2.025000e+02
      vertex   1.360000e+02 1.382948e+02 2.026294e+02
    endloop
  endfacet
  facet normal -1.298391e-01 -9.537278e-01 2.711922e-01
    outer loop
      vertex   1.359071e+02 1.382925e+02 2.025770e+02
      vertex   1.360000e+02 1.382948e+02 2.026294e+02
      vertex   1.359577e+02 1.383190e+02 2.026943e+02
    endloop
  endfacet
  facet normal 5.839281e-02 -9.223031e-01 3.820305e-01
    outer loop
      vertex   1.359577e+02 1.383190e+02 2.026943e+02
      vertex   1.360000e+02 1.382948e+02 2.026294e+02
      vertex   1.360000e+02 1.383448e+02 2.027500e+02
    endloop
  endfacet
  facet normal -1.588805e-01 -8.447130e-01 5.110938e-01
    outer loop
      vertex   1.359577e+02 1.383190e+02 2.026943e+02
      vertex   1.360000e+02 1.383448e+02 2.027500e+02
      vertex   1.358448e+02 1.383616e+02 2.027295e+02
    endloop
  endfacet
  facet normal -1.607312e-01 -8.257119e-01 5.407082e-01
    outer loop
      vertex   1.358448e+02 1.383616e+02 2.027295e+02
      vertex   1.360000e+02 1.383448e+02 2.027500e+02
      vertex   1.358994e+02 1.384189e+02 2.028333e+02
    endloop
  endfacet
  facet normal -3.657544e-01 -7.197061e-01 5.901245e-01
    outer loop
      vertex   1.358448e+02 1.383616e+02 2.027295e+02
      vertex   1.358994e+02 1.384189e+02 2.028333e+02
      vertex   1.357406e+02 1.384295e+02 2.027477e+02
    endloop
  endfacet
  facet normal -3.657544e-01 -7.197061e-01 5.901245e-01
    outer loop
      vertex   1.357406e+02 1.384295e+02 2.027477e+02
      vertex   1.358994e+02 1.384189e+02 2.028333e+02
      vertex   1.357963e+02 1.384861e+02 2.028513e+02
    endloop
  endfacet
  facet normal -5.611197e-01 -5.611197e-01 6.085140e-01
    outer loop
      vertex   1.357406e+02 1.384295e+02 2.027477e+02
      vertex   1.357963e+02 1.384861e+02 2.028513e+02
      vertex   1.356517e+02 1.385183e+02 2.027477e+02
    endloop
  endfacet
  facet normal -5.611197e-01 -5.611197e-01 6.085140e-01
    outer loop
      vertex   1.356517e+02 1.385183e+02 2.027477e+02
      vertex   1.357963e+02 1.384861e+02 2.028513e+02
      vertex   1.357083e+02 1.385741e+02 2.028513e+02
    endloop
  endfacet
  facet normal -7.197061e-01 -3.657544e-01 5.901245e-01
    outer loop
      vertex   1.356517e+02 1.385183e+02 2.027477e+02
      vertex   1.357083e+02 1.385741e+02 2.028513e+02
      vertex   1.355838e+02 1.386226e+02 2.027295e+02
    endloop
  endfacet
  facet normal -7.197061e-01 -3.657544e-01 5.901245e-01
    outer loop
      vertex   1.355838e+02 1.386226e+02 2.027295e+02
      vertex   1.357083e+02 1.385741e+02 2.028513e+02
      vertex   1.356411e+02 1.386772e+02 2.028333e+02
    endloop
  endfacet
  facet normal -8.257119e-01 -1.607312e-01 5.407082e-01
    outer loop
      vertex   1.355838e+02 1.386226e+02 2.027295e+02
      vertex   1.356411e+02 1.386772e+02 2.028333e+02
      vertex   1.355670e+02 1.387778e+02 2.027500e+02
    endloop
  endfacet
  facet normal -7.907938e-01 -8.026201e-02 6.067974e-01
    outer loop
      vertex   1.355670e+02 1.387778e+02 2.027500e+02
      vertex   1.356411e+02 1.386772e+02 2.028333e+02
      vertex   1.356464e+02 1.387778e+02 2.028536e+02
    endloop
  endfacet
  facet normal -6.538873e-01 -1.159338e-01 7.476569e-01
    outer loop
      vertex   1.356464e+02 1.387778e+02 2.028536e+02
      vertex   1.356411e+02 1.386772e+02 2.028333e+02
      vertex   1.357229e+02 1.387387e+02 2.029143e+02
    endloop
  endfacet
  facet normal -6.081878e-01 4.340169e-02 7.926058e-01
    outer loop
      vertex   1.356464e+02 1.387778e+02 2.028536e+02
      vertex   1.357229e+02 1.387387e+02 2.029143e+02
      vertex   1.357500e+02 1.387778e+02 2.029330e+02
    endloop
  endfacet
  facet normal -4.328324e-01 -1.261909e-01 8.925984e-01
    outer loop
      vertex   1.357500e+02 1.387778e+02 2.029330e+02
      vertex   1.357229e+02 1.387387e+02 2.029143e+02
      vertex   1.357848e+02 1.386436e+02 2.029309e+02
    endloop
  endfacet
  facet normal -3.995626e-01 -1.178222e-01 9.091026e-01
    outer loop
      vertex   1.357500e+02 1.387778e+02 2.029330e+02
      vertex   1.357848e+02 1.386436e+02 2.029309e+02
      vertex   1.358759e+02 1.387224e+02 2.029812e+02
    endloop
  endfacet
  facet normal -2.729599e-01 -2.729599e-01 9.224889e-01
    outer loop
      vertex   1.358759e+02 1.387224e+02 2.029812e+02
      vertex   1.357848e+02 1.386436e+02 2.029309e+02
      vertex   1.359446e+02 1.386537e+02 2.029812e+02
    endloop
  endfacet
  facet normal -1.036987e-01 -1.036987e-01 9.891881e-01
    outer loop
      vertex   1.358759e+02 1.387224e+02 2.029812e+02
      vertex   1.359446e+02 1.386537e+02 2.029812e+02
      vertex   1.360000e+02 1.387778e+02 2.030000e+02
    endloop
  endfacet
  facet normal -4.435481e-02 -1.303977e-01 9.904691e-01
    outer loop
      vertex   1.360000e+02 1.387778e+02 2.030000e+02
      vertex   1.359446e+02 1.386537e+02 2.029812e+02
      vertex   1.360000e+02 1.386484e+02 2.029830e+02
    endloop
  endfacet
  facet normal -6.645835e-02 -3.818374e-01 9.218370e-01
    outer loop
      vertex   1.360000e+02 1.386484e+02 2.029830e+02
      vertex   1.359446e+02 1.386537e+02 2.029812e+02
      vertex   1.360000e+02 1.385278e+02 2.029330e+02
    endloop
  endfacet
  facet normal -1.178222e-01 -3.995626e-01 9.091026e-01
    outer loop
      vertex   1.360000e+02 1.385278e+02 2.029330e+02
      vertex   1.359446e+02 1.386537e+02 2.029812e+02
      vertex   1.358659e+02 1.385626e+02 2.029309e+02
    endloop
  endfacet
  facet normal -1.261909e-01 -4.328324e-01 8.925984e-01
    outer loop
      vertex   1.360000e+02 1.385278e+02 2.029330e+02
      vertex   1.358659e+02 1.385626e+02 2.029309e+02
      vertex   1.359609e+02 1.385007e+02 2.029143e+02
    endloop
  endfacet
  facet normal -2.448663e-01 -5.834139e-01 7.743828e-01
    outer loop
      vertex   1.359609e+02 1.385007e+02 2.029143e+02
      vertex   1.358659e+02 1.385626e+02 2.029309e+02
      vertex   1.357963e+02 1.384861e+02 2.028513e+02
    endloop
  endfacet
  facet normal -2.448663e-01 -5.834139e-01 7.743828e-01
    outer loop
      vertex   1.359609e+02 1.385007e+02 2.029143e+02
      vertex   1.357963e+02 1.384861e+02 2.028513e+02
      vertex   1.358994e+02 1.384189e+02 2.028333e+02
    endloop
  endfacet
  facet normal -8.026201e-02 -7.907938e-01 6.067974e-01
    outer loop
      vertex   1.360000e+02 1.383448e+02 2.027500e+02
      vertex   1.360000e+02 1.384242e+02 2.028536e+02
      vertex   1.358994e+02 1.384189e+02 2.028333e+02
    endloop
  endfacet
  facet normal -1.159338e-01 -6.538873e-01 7.476569e-01
    outer loop
      vertex   1.358994e+02 1.384189e+02 2.028333e+02
      vertex   1.360000e+02 1.384242e+02 2.028536e+02
      vertex   1.359609e+02 1.385007e+02 2.029143e+02
    endloop
  endfacet
  facet normal 4.340169e-02 -6.081878e-01 7.926058e-01
    outer loop
      vertex   1.360000e+02 1.384242e+02 2.028536e+02
      vertex   1.360000e+02 1.385278e+02 2.029330e+02
      vertex   1.359609e+02 1.385007e+02 2.029143e+02
    endloop
  endfacet
  facet normal -1.303977e-01 -4.435481e-02 9.904691e-01
    outer loop
      vertex   1.360000e+02 1.387778e+02 2.030000e+02
      vertex   1.358706e+02 1.387778e+02 2.029830e+02
      vertex   1.358759e+02 1.387224e+02 2.029812e+02
    endloop
  endfacet
  facet normal -3.818374e-01 -6.645835e-02 9.218370e-01
    outer loop
      vertex   1.358759e+02 1.387224e+02 2.029812e+02
      vertex   1.358706e+02 1.387778e+02 2.029830e+02
      vertex   1.357500e+02 1.387778e+02 2.029330e+02
    endloop
  endfacet
  facet normal -8.447130e-01 -1.588805e-01 5.110938e-01
    outer loop
      vertex   1.355838e+02 1.386226e+02 2.027295e+02
      vertex   1.355670e+02 1.387778e+02 2.027500e+02
      vertex   1.355412e+02 1.387355e+02 2.026943e+02
    endloop
  endfacet
  facet normal -9.223031e-01 5.839280e-02 3.820305e-01
    outer loop
      vertex   1.355412e+02 1.387355e+02 2.026943e+02
      vertex   1.355670e+02 1.387778e+02 2.027500e+02
      vertex   1.355170e+02 1.387778e+02 2.026294e+02
    endloop
  endfacet
  facet normal -9.537278e-01 -1.298391e-01 2.711922e-01
    outer loop
      vertex   1.355412e+02 1.387355e+02 2.026943e+02
      vertex   1.355170e+02 1.387778e+02 2.026294e+02
      vertex   1.355148e+02 1.386849e+02 2.025770e+02
    endloop
  endfacet
  facet normal -9.167181e-01 -2.475550e-01 3.135991e-01
    outer loop
      vertex   1.355838e+02 1.386226e+02 2.027295e+02
      vertex   1.355412e+02 1.387355e+02 2.026943e+02
      vertex   1.355148e+02 1.386849e+02 2.025770e+02
    endloop
  endfacet
  facet normal -8.076571e-01 -4.620595e-01 3.663208e-01
    outer loop
      vertex   1.356517e+02 1.385183e+02 2.027477e+02
      vertex   1.355838e+02 1.386226e+02 2.027295e+02
      vertex   1.355548e+02 1.385785e+02 2.026101e+02
    endloop
  endfacet
  facet normal -9.167181e-01 -2.475550e-01 3.135991e-01
    outer loop
      vertex   1.355548e+02 1.385785e+02 2.026101e+02
      vertex   1.355838e+02 1.386226e+02 2.027295e+02
      vertex   1.355148e+02 1.386849e+02 2.025770e+02
    endloop
  endfacet
  facet normal -5.834139e-01 -2.448663e-01 7.743828e-01
    outer loop
      vertex   1.357848e+02 1.386436e+02 2.029309e+02
      vertex   1.357229e+02 1.387387e+02 2.029143e+02
      vertex   1.356411e+02 1.386772e+02 2.028333e+02
    endloop
  endfacet
  facet normal -5.834139e-01 -2.448663e-01 7.743828e-01
    outer loop
      vertex   1.357848e+02 1.386436e+02 2.029309e+02
      vertex   1.356411e+02 1.386772e+02 2.028333e+02
      vertex   1.357083e+02 1.385741e+02 2.028513e+02
    endloop
  endfacet
  facet normal -6.528138e-01 -6.528138e-01 3.842763e-01
    outer loop
      vertex   1.357406e+02 1.384295e+02 2.027477e+02
      vertex   1.356517e+02 1.385183e+02 2.027477e+02
      vertex   1.356188e+02 1.384803e+02 2.026272e+02
    endloop
  endfacet
  facet normal -8.076571e-01 -4.620595e-01 3.663208e-01
    outer loop
      vertex   1.356188e+02 1.384803e+02 2.026272e+02
      vertex   1.356517e+02 1.385183e+02 2.027477e+02
      vertex   1.355548e+02 1.385785e+02 2.026101e+02
    endloop
  endfacet
  facet normal -4.317293e-01 -4.317293e-01 7.919720e-01
    outer loop
      vertex   1.357963e+02 1.384861e+02 2.028513e+02
      vertex   1.358659e+02 1.385626e+02 2.029309e+02
      vertex   1.357083e+02 1.385741e+02 2.028513e+02
    endloop
  endfacet
  facet normal -4.317293e-01 -4.317293e-01 7.919720e-01
    outer loop
      vertex   1.357083e+02 1.385741e+02 2.028513e+02
      vertex   1.358659e+02 1.385626e+02 2.029309e+02
      vertex   1.357848e+02 1.386436e+02 2.029309e+02
    endloop
  endfacet
  facet normal -2.729599e-01 -2.729599e-01 9.224889e-01
    outer loop
      vertex   1.358659e+02 1.385626e+02 2.029309e+02
      vertex   1.359446e+02 1.386537e+02 2.029812e+02
      vertex   1.357848e+02 1.386436e+02 2.029309e+02
    endloop
  endfacet
  facet normal -4.620595e-01 -8.076571e-01 3.663208e-01
    outer loop
      vertex   1.358448e+02 1.383616e+02 2.027295e+02
      vertex   1.357406e+02 1.384295e+02 2.027477e+02
      vertex   1.357025e+02 1.383966e+02 2.026272e+02
    endloop
  endfacet
  facet normal -6.528138e-01 -6.528138e-01 3.842763e-01
    outer loop
      vertex   1.357025e+02 1.383966e+02 2.026272e+02
      vertex   1.357406e+02 1.384295e+02 2.027477e+02
      vertex   1.356188e+02 1.384803e+02 2.026272e+02
    endloop
  endfacet
  facet normal -2.475550e-01 -9.167181e-01 3.135991e-01
    outer loop
      vertex   1.359577e+02 1.383190e+02 2.026943e+02
      vertex   1.358448e+02 1.383616e+02 2.027295e+02
      vertex   1.358007e+02 1.383326e+02 2.026101e+02
    endloop
  endfacet
  facet normal -4.620595e-01 -8.076571e-01 3.663208e-01
    outer loop
      vertex   1.358007e+02 1.383326e+02 2.026101e+02
      vertex   1.358448e+02 1.383616e+02 2.027295e+02
      vertex   1.357025e+02 1.383966e+02 2.026272e+02
    endloop
  endfacet
  facet normal -2.475550e-01 -9.167181e-01 3.135991e-01
    outer loop
      vertex   1.359071e+02 1.382925e+02 2.025770e+02
      vertex   1.359577e+02 1.383190e+02 2.026943e+02
      vertex   1.358007e+02 1.383326e+02 2.026101e+02
    endloop
  endfacet
  facet normal -1.247804e-14 -9.914449e-01 1.305262e-01
    outer loop
      vertex   1.590000e+02 1.382948e+02 2.026294e+02
      vertex   1.564444e+02 1.382948e+02 2.026294e+02
      vertex   1.590000e+02 1.382778e+02 2.025000e+02
    endloop
  endfacet
  facet normal 5.220028e-15 -9.914449e-01 1.305262e-01
    outer loop
      vertex   1.590000e+02 1.382778e+02 2.025000e+02
      vertex   1.564444e+02 1.382948e+02 2.026294e+02
      vertex   1.538889e+02 1.382948e+02 2.026294e+02
    endloop
  endfacet
  facet normal -1.450947e-15 -9.914449e-01 1.305262e-01
    outer loop
      vertex   1.590000e+02 1.382778e+02 2.025000e+02
      vertex   1.538889e+02 1.382948e+02 2.026294e+02
      vertex   1.513333e+02 1.382948e+02 2.026294e+02
    endloop
  endfacet
  facet normal -4.256029e-15 -9.238795e-01 3.826834e-01
    outer loop
      vertex   1.513333e+02 1.382948e+02 2.026294e+02
      vertex   1.538889e+02 1.382948e+02 2.026294e+02
      vertex   1.513333e+02 1.383448e+02 2.027500e+02
    endloop
  endfacet
  facet normal -8.513261e-15 -9.238795e-01 3.826834e-01
    outer loop
      vertex   1.513333e+02 1.382948e+02 2.026294e+02
      vertex   1.513333e+02 1.383448e+02 2.027500e+02
      vertex   1.487778e+02 1.383448e+02 2.027500e+02
    endloop
  endfacet
  facet normal -1.354073e-14 -7.933533e-01 6.087614e-01
    outer loop
      vertex   1.487778e+02 1.383448e+02 2.027500e+02
      vertex   1.513333e+02 1.383448e+02 2.027500e+02
      vertex   1.487778e+02 1.384242e+02 2.028536e+02
    endloop
  endfacet
  facet normal -2.031325e-14 -7.933533e-01 6.087614e-01
    outer loop
      vertex   1.487778e+02 1.383448e+02 2.027500e+02
      vertex   1.487778e+02 1.384242e+02 2.028536e+02
      vertex   1.462222e+02 1.384242e+02 2.028536e+02
    endloop
  endfacet
  facet normal -2.646993e-14 -6.087614e-01 7.933533e-01
    outer loop
      vertex   1.462222e+02 1.384242e+02 2.028536e+02
      vertex   1.487778e+02 1.384242e+02 2.028536e+02
      vertex   1.462222e+02 1.385278e+02 2.029330e+02
    endloop
  endfacet
  facet normal -8.825292e-15 -6.087614e-01 7.933533e-01
    outer loop
      vertex   1.462222e+02 1.384242e+02 2.028536e+02
      vertex   1.462222e+02 1.385278e+02 2.029330e+02
      vertex   1.436667e+02 1.385278e+02 2.029330e+02
    endloop
  endfacet
  facet normal -1.027496e-14 -3.826834e-01 9.238795e-01
    outer loop
      vertex   1.436667e+02 1.385278e+02 2.029330e+02
      vertex   1.462222e+02 1.385278e+02 2.029330e+02
      vertex   1.436667e+02 1.386484e+02 2.029830e+02
    endloop
  endfacet
  facet normal 0.000000e+00 -3.826834e-01 9.238795e-01
    outer loop
      vertex   1.436667e+02 1.385278e+02 2.029330e+02
      vertex   1.436667e+02 1.386484e+02 2.029830e+02
      vertex   1.411111e+02 1.386484e+02 2.029830e+02
    endloop
  endfacet
  facet normal 0.000000e+00 -1.305262e-01 9.914449e-01
    outer loop
      vertex   1.411111e+02 1.386484e+02 2.029830e+02
      vertex   1.436667e+02 1.386484e+02 2.029830e+02
      vertex   1.360000e+02 1.387778e+02 2.030000e+02
    endloop
  endfacet
  facet normal -2.350444e-14 -1.305262e-01 9.914449e-01
    outer loop
      vertex   1.411111e+02 1.386484e+02 2.029830e+02
      vertex   1.360000e+02 1.387778e+02 2.030000e+02
      vertex   1.385556e+02 1.386484e+02 2.029830e+02
    endloop
  endfacet
  facet normal -6.035174e-14 -1.305262e-01 9.914449e-01
    outer loop
      vertex   1.385556e+02 1.386484e+02 2.029830e+02
      vertex   1.360000e+02 1.387778e+02 2.030000e+02
      vertex   1.360000e+02 1.386484e+02 2.029830e+02
    endloop
  endfacet
  facet normal -4.462566e-14 -3.826834e-01 9.238795e-01
    outer loop
      vertex   1.385556e+02 1.386484e+02 2.029830e+02
      vertex   1.360000e+02 1.386484e+02 2.029830e+02
      vertex   1.385556e+02 1.385278e+02 2.029330e+02
    endloop
  endfacet
  facet normal -4.711878e-14 -3.826834e-01 9.238795e-01
    outer loop
      vertex   1.385556e+02 1.385278e+02 2.029330e+02
      vertex   1.360000e+02 1.386484e+02 2.029830e+02
      vertex   1.360000e+02 1.385278e+02 2.029330e+02
    endloop
  endfacet
  facet normal -3.734618e-14 -6.087614e-01 7.933533e-01
    outer loop
      vertex   1.385556e+02 1.385278e+02 2.029330e+02
      vertex   1.360000e+02 1.385278e+02 2.029330e+02
      vertex   1.385556e+02 1.384242e+02 2.028536e+02
    endloop
  endfacet
  facet normal -3.324029e-14 -6.087614e-01 7.933533e-01
    outer loop
      vertex   1.385556e+02 1.384242e+02 2.028536e+02
      vertex   1.360000e+02 1.385278e+02 2.029330e+02
      vertex   1.360000e+02 1.384242e+02 2.028536e+02
    endloop
  endfacet
  facet normal -2.913440e-14 -7.933533e-01 6.087614e-01
    outer loop
      vertex   1.385556e+02 1.384242e+02 2.028536e+02
      vertex   1.360000e+02 1.384242e+02 2.028536e+02
      vertex   1.385556e+02 1.383448e+02 2.027500e+02
    endloop
  endfacet
  facet normal -2.441698e-14 -7.933533e-01 6.087614e-01
    outer loop
      vertex   1.385556e+02 1.383448e+02 2.027500e+02
      vertex   1.360000e+02 1.384242e+02 2.028536e+02
      vertex   1.360000e+02 1.383448e+02 2.027500e+02
    endloop
  endfacet
  facet normal -2.480595e-14 -9.238795e-01 3.826834e-01
    outer loop
      vertex   1.385556e+02 1.383448e+02 2.027500e+02
      vertex   1.360000e+02 1.383448e+02 2.027500e+02
      vertex   1.385556e+02 1.382948e+02 2.026294e+02
    endloop
  endfacet
  facet normal -2.656886e-14 -9.238795e-01 3.826834e-01
    outer loop
      vertex   1.385556e+02 1.382948e+02 2.026294e+02
      vertex   1.360000e+02 1.383448e+02 2.027500e+02
      vertex   1.360000e+02 1.382948e+02 2.026294e+02
    endloop
  endfacet
  facet normal -3.162752e-14 -9.914449e-01 1.305262e-01
    outer loop
      vertex   1.385556e+02 1.382948e+02 2.026294e+02
      vertex   1.360000e+02 1.382948e+02 2.026294e+02
      vertex   1.360000e+02 1.382778e+02 2.025000e+02
    endloop
  endfacet
  facet normal -1.453099e-14 -9.238795e-01 3.826834e-01
    outer loop
      vertex   1.564444e+02 1.382948e+02 2.026294e+02
      vertex   1.590000e+02 1.382948e+02 2.026294e+02
      vertex   1.564444e+02 1.383448e+02 2.027500e+02
    endloop
  endfacet
  facet normal -8.512057e-15 -9.238795e-01 3.826834e-01
    outer loop
      vertex   1.564444e+02 1.383448e+02 2.027500e+02
      vertex   1.590000e+02 1.382948e+02 2.026294e+02
      vertex   1.590000e+02 1.383448e+02 2.027500e+02
    endloop
  endfacet
  facet normal -1.354073e-14 -7.933533e-01 6.087614e-01
    outer loop
      vertex   1.564444e+02 1.383448e+02 2.027500e+02
      vertex   1.590000e+02 1.383448e+02 2.027500e+02
      vertex   1.564444e+02 1.384242e+02 2.028536e+02
    endloop
  endfacet
  facet normal -2.236404e-14 -7.933533e-01 6.087614e-01
    outer loop
      vertex   1.564444e+02 1.384242e+02 2.028536e+02
      vertex   1.590000e+02 1.383448e+02 2.027500e+02
      vertex   1.590000e+02 1.384242e+02 2.028536e+02
    endloop
  endfacet
  facet normal -2.441698e-14 -6.087614e-01 7.933533e-01
    outer loop
      vertex   1.564444e+02 1.384242e+02 2.028536e+02
      vertex   1.590000e+02 1.384242e+02 2.028536e+02
      vertex   1.564444e+02 1.385278e+02 2.029330e+02
    endloop
  endfacet
  facet normal -1.764662e-14 -6.087614e-01 7.933533e-01
    outer loop
      vertex   1.564444e+02 1.385278e+02 2.029330e+02
      vertex   1.590000e+02 1.384242e+02 2.028536e+02
      vertex   1.590000e+02 1.385278e+02 2.029330e+02
    endloop
  endfacet
  facet normal -2.054992e-14 -3.826834e-01 9.238795e-01
    outer loop
      vertex   1.564444e+02 1.385278e+02 2.029330e+02
      vertex   1.590000e+02 1.385278e+02 2.029330e+02
      vertex   1.564444e+02 1.386484e+02 2.029830e+02
    endloop
  endfacet
  facet normal -3.082489e-14 -3.826834e-01 9.238795e-01
    outer loop
      vertex   1.564444e+02 1.386484e+02 2.029830e+02
      vertex   1.590000e+02 1.385278e+02 2.029330e+02
      vertex   1.590000e+02 1.386484e+02 2.029830e+02
    endloop
  endfacet
  facet normal -3.307918e-14 -1.305262e-01 9.914449e-01
    outer loop
      vertex   1.564444e+02 1.386484e+02 2.029830e+02
      vertex   1.590000e+02 1.386484e+02 2.029830e+02
      vertex   1.590000e+02 1.387778e+02 2.030000e+02
    endloop
  endfacet
  facet normal -2.450309e-14 -1.305262e-01 9.914449e-01
    outer loop
      vertex   1.360000e+02 1.387778e+02 2.030000e+02
      vertex   1.487778e+02 1.386484e+02 2.029830e+02
      vertex   1.590000e+02 1.387778e+02 2.030000e+02
    endloop
  endfacet
  facet normal -3.453149e-14 -1.305262e-01 9.914449e-01
    outer loop
      vertex   1.590000e+02 1.387778e+02 2.030000e+02
      vertex   1.487778e+02 1.386484e+02 2.029830e+02
      vertex   1.513333e+02 1.386484e+02 2.029830e+02
    endloop
  endfacet
  facet normal -1.247736e-14 -1.305262e-01 9.914449e-01
    outer loop
      vertex   1.590000e+02 1.387778e+02 2.030000e+02
      vertex   1.513333e+02 1.386484e+02 2.029830e+02
      vertex   1.538889e+02 1.386484e+02 2.029830e+02
    endloop
  endfacet
  facet normal -1.453099e-14 -3.826834e-01 9.238795e-01
    outer loop
      vertex   1.538889e+02 1.386484e+02 2.029830e+02
      vertex   1.513333e+02 1.386484e+02 2.029830e+02
      vertex   1.538889e+02 1.385278e+02 2.029330e+02
    endloop
  endfacet
  facet normal -3.082352e-14 -3.826834e-01 9.238795e-01
    outer loop
      vertex   1.538889e+02 1.386484e+02 2.029830e+02
      vertex   1.538889e+02 1.385278e+02 2.029330e+02
      vertex   1.564444e+02 1.385278e+02 2.029330e+02
    endloop
  endfacet
  facet normal -2.646993e-14 -6.087614e-01 7.933533e-01
    outer loop
      vertex   1.564444e+02 1.385278e+02 2.029330e+02
      vertex   1.538889e+02 1.385278e+02 2.029330e+02
      vertex   1.564444e+02 1.384242e+02 2.028536e+02
    endloop
  endfacet
  facet normal -3.225893e-15 -9.914449e-01 1.305262e-01
    outer loop
      vertex   1.590000e+02 1.382778e+02 2.025000e+02
      vertex   1.462222e+02 1.382948e+02 2.026294e+02
      vertex   1.360000e+02 1.382778e+02 2.025000e+02
    endloop
  endfacet
  facet normal -4.355440e-15 -9.914449e-01 1.305262e-01
    outer loop
      vertex   1.360000e+02 1.382778e+02 2.025000e+02
      vertex   1.462222e+02 1.382948e+02 2.026294e+02
      vertex   1.436667e+02 1.382948e+02 2.026294e+02
    endloop
  endfacet
  facet normal -4.354140e-15 -9.914449e-01 1.305262e-01
    outer loop
      vertex   1.360000e+02 1.382778e+02 2.025000e+02
      vertex   1.436667e+02 1.382948e+02 2.026294e+02
      vertex   1.411111e+02 1.382948e+02 2.026294e+02
    endloop
  endfacet
  facet normal -1.276809e-14 -9.238795e-01 3.826834e-01
    outer loop
      vertex   1.411111e+02 1.382948e+02 2.026294e+02
      vertex   1.436667e+02 1.382948e+02 2.026294e+02
      vertex   1.411111e+02 1.383448e+02 2.027500e+02
    endloop
  endfacet
  facet normal -8.510661e-15 -9.238795e-01 3.826834e-01
    outer loop
      vertex   1.411111e+02 1.382948e+02 2.026294e+02
      vertex   1.411111e+02 1.383448e+02 2.027500e+02
      vertex   1.385556e+02 1.383448e+02 2.027500e+02
    endloop
  endfacet
  facet normal -1.354073e-14 -7.933533e-01 6.087614e-01
    outer loop
      vertex   1.385556e+02 1.383448e+02 2.027500e+02
      vertex   1.411111e+02 1.383448e+02 2.027500e+02
      vertex   1.385556e+02 1.384242e+02 2.028536e+02
    endloop
  endfacet
  facet normal -6.749152e-15 -9.238795e-01 3.826834e-01
    outer loop
      vertex   1.538889e+02 1.382948e+02 2.026294e+02
      vertex   1.564444e+02 1.382948e+02 2.026294e+02
      vertex   1.538889e+02 1.383448e+02 2.027500e+02
    endloop
  endfacet
  facet normal -1.702411e-14 -9.238795e-01 3.826834e-01
    outer loop
      vertex   1.538889e+02 1.383448e+02 2.027500e+02
      vertex   1.564444e+02 1.382948e+02 2.026294e+02
      vertex   1.564444e+02 1.383448e+02 2.027500e+02
    endloop
  endfacet
  facet normal -2.708145e-14 -7.933533e-01 6.087614e-01
    outer loop
      vertex   1.538889e+02 1.383448e+02 2.027500e+02
      vertex   1.564444e+02 1.383448e+02 2.027500e+02
      vertex   1.538889e+02 1.384242e+02 2.028536e+02
    endloop
  endfacet
  facet normal -1.354073e-14 -7.933533e-01 6.087614e-01
    outer loop
      vertex   1.538889e+02 1.384242e+02 2.028536e+02
      vertex   1.564444e+02 1.383448e+02 2.027500e+02
      vertex   1.564444e+02 1.384242e+02 2.028536e+02
    endloop
  endfacet
  facet normal -1.764662e-14 -6.087614e-01 7.933533e-01
    outer loop
      vertex   1.538889e+02 1.384242e+02 2.028536e+02
      vertex   1.564444e+02 1.384242e+02 2.028536e+02
      vertex   1.538889e+02 1.385278e+02 2.029330e+02
    endloop
  endfacet
  facet normal -4.354956e-15 -9.914449e-01 1.305262e-01
    outer loop
      vertex   1.462222e+02 1.382948e+02 2.026294e+02
      vertex   1.590000e+02 1.382778e+02 2.025000e+02
      vertex   1.487778e+02 1.382948e+02 2.026294e+02
    endloop
  endfacet
  facet normal -5.806608e-15 -9.914449e-01 1.305262e-01
    outer loop
      vertex   1.487778e+02 1.382948e+02 2.026294e+02
      vertex   1.590000e+02 1.382778e+02 2.025000e+02
      vertex   1.513333e+02 1.382948e+02 2.026294e+02
    endloop
  endfacet
  facet normal -1.702411e-14 -9.238795e-01 3.826834e-01
    outer loop
      vertex   1.487778e+02 1.382948e+02 2.026294e+02
      vertex   1.513333e+02 1.382948e+02 2.026294e+02
      vertex   1.487778e+02 1.383448e+02 2.027500e+02
    endloop
  endfacet
  facet normal -1.276809e-14 -9.238795e-01 3.826834e-01
    outer loop
      vertex   1.462222e+02 1.382948e+02 2.026294e+02
      vertex   1.487778e+02 1.382948e+02 2.026294e+02
      vertex   1.462222e+02 1.383448e+02 2.027500e+02
    endloop
  endfacet
  facet normal -1.702411e-14 -9.238795e-01 3.826834e-01
    outer loop
      vertex   1.462222e+02 1.383448e+02 2.027500e+02
      vertex   1.487778e+02 1.382948e+02 2.026294e+02
      vertex   1.487778e+02 1.383448e+02 2.027500e+02
    endloop
  endfacet
  facet normal -2.708145e-14 -7.933533e-01 6.087614e-01
    outer loop
      vertex   1.462222e+02 1.383448e+02 2.027500e+02
      vertex   1.487778e+02 1.383448e+02 2.027500e+02
      vertex   1.462222e+02 1.384242e+02 2.028536e+02
    endloop
  endfacet
  facet normal 8.123088e-15 -9.914449e-01 1.305262e-01
    outer loop
      vertex   1.385556e+02 1.382948e+02 2.026294e+02
      vertex   1.360000e+02 1.382778e+02 2.025000e+02
      vertex   1.411111e+02 1.382948e+02 2.026294e+02
    endloop
  endfacet
  facet normal -1.276809e-14 -9.238795e-01 3.826834e-01
    outer loop
      vertex   1.436667e+02 1.382948e+02 2.026294e+02
      vertex   1.462222e+02 1.382948e+02 2.026294e+02
      vertex   1.436667e+02 1.383448e+02 2.027500e+02
    endloop
  endfacet
  facet normal -1.276809e-14 -9.238795e-01 3.826834e-01
    outer loop
      vertex   1.436667e+02 1.383448e+02 2.027500e+02
      vertex   1.462222e+02 1.382948e+02 2.026294e+02
      vertex   1.462222e+02 1.383448e+02 2.027500e+02
    endloop
  endfacet
  facet normal -2.031109e-14 -7.933533e-01 6.087614e-01
    outer loop
      vertex   1.436667e+02 1.383448e+02 2.027500e+02
      vertex   1.462222e+02 1.383448e+02 2.027500e+02
      vertex   1.436667e+02 1.384242e+02 2.028536e+02
    endloop
  endfacet
  facet normal -1.354073e-14 -7.933533e-01 6.087614e-01
    outer loop
      vertex   1.436667e+02 1.384242e+02 2.028536e+02
      vertex   1.462222e+02 1.383448e+02 2.027500e+02
      vertex   1.462222e+02 1.384242e+02 2.028536e+02
    endloop
  endfacet
  facet normal -1.764662e-14 -6.087614e-01 7.933533e-01
    outer loop
      vertex   1.436667e+02 1.384242e+02 2.028536e+02
      vertex   1.462222e+02 1.384242e+02 2.028536e+02
      vertex   1.436667e+02 1.385278e+02 2.029330e+02
    endloop
  endfacet
  facet normal 1.762978e-15 -9.238795e-01 3.826834e-01
    outer loop
      vertex   1.385556e+02 1.383448e+02 2.027500e+02
      vertex   1.385556e+02 1.382948e+02 2.026294e+02
      vertex   1.411111e+02 1.382948e+02 2.026294e+02
    endloop
  endfacet
  facet normal 6.017008e-15 -9.238795e-01 3.826834e-01
    outer loop
      vertex   1.538889e+02 1.382948e+02 2.026294e+02
      vertex   1.538889e+02 1.383448e+02 2.027500e+02
      vertex   1.513333e+02 1.383448e+02 2.027500e+02
    endloop
  endfacet
  facet normal 2.052946e-15 -7.933533e-01 6.087614e-01
    outer loop
      vertex   1.513333e+02 1.383448e+02 2.027500e+02
      vertex   1.538889e+02 1.383448e+02 2.027500e+02
      vertex   1.513333e+02 1.384242e+02 2.028536e+02
    endloop
  endfacet
  facet normal -1.354217e-14 -7.933533e-01 6.087614e-01
    outer loop
      vertex   1.513333e+02 1.383448e+02 2.027500e+02
      vertex   1.513333e+02 1.384242e+02 2.028536e+02
      vertex   1.487778e+02 1.384242e+02 2.028536e+02
    endloop
  endfacet
  facet normal -1.764662e-14 -6.087614e-01 7.933533e-01
    outer loop
      vertex   1.487778e+02 1.384242e+02 2.028536e+02
      vertex   1.513333e+02 1.384242e+02 2.028536e+02
      vertex   1.487778e+02 1.385278e+02 2.029330e+02
    endloop
  endfacet
  facet normal -2.647068e-14 -6.087614e-01 7.933533e-01
    outer loop
      vertex   1.487778e+02 1.384242e+02 2.028536e+02
      vertex   1.487778e+02 1.385278e+02 2.029330e+02
      vertex   1.462222e+02 1.385278e+02 2.029330e+02
    endloop
  endfacet
  facet normal -3.082489e-14 -3.826834e-01 9.238795e-01
    outer loop
      vertex   1.462222e+02 1.385278e+02 2.029330e+02
      vertex   1.487778e+02 1.385278e+02 2.029330e+02
      vertex   1.462222e+02 1.386484e+02 2.029830e+02
    endloop
  endfacet
  facet normal -2.480651e-14 -3.826834e-01 9.238795e-01
    outer loop
      vertex   1.462222e+02 1.385278e+02 2.029330e+02
      vertex   1.462222e+02 1.386484e+02 2.029830e+02
      vertex   1.436667e+02 1.386484e+02 2.029830e+02
    endloop
  endfacet
  facet normal -2.350444e-14 -1.305262e-01 9.914449e-01
    outer loop
      vertex   1.436667e+02 1.386484e+02 2.029830e+02
      vertex   1.462222e+02 1.386484e+02 2.029830e+02
      vertex   1.360000e+02 1.387778e+02 2.030000e+02
    endloop
  endfacet
  facet normal -4.717418e-15 -7.933533e-01 6.087614e-01
    outer loop
      vertex   1.513333e+02 1.384242e+02 2.028536e+02
      vertex   1.538889e+02 1.383448e+02 2.027500e+02
      vertex   1.538889e+02 1.384242e+02 2.028536e+02
    endloop
  endfacet
  facet normal -4.256630e-15 -9.238795e-01 3.826834e-01
    outer loop
      vertex   1.436667e+02 1.382948e+02 2.026294e+02
      vertex   1.436667e+02 1.383448e+02 2.027500e+02
      vertex   1.411111e+02 1.383448e+02 2.027500e+02
    endloop
  endfacet
  facet normal -6.770364e-15 -7.933533e-01 6.087614e-01
    outer loop
      vertex   1.411111e+02 1.383448e+02 2.027500e+02
      vertex   1.436667e+02 1.383448e+02 2.027500e+02
      vertex   1.411111e+02 1.384242e+02 2.028536e+02
    endloop
  endfacet
  facet normal -2.707914e-14 -7.933533e-01 6.087614e-01
    outer loop
      vertex   1.411111e+02 1.383448e+02 2.027500e+02
      vertex   1.411111e+02 1.384242e+02 2.028536e+02
      vertex   1.385556e+02 1.384242e+02 2.028536e+02
    endloop
  endfacet
  facet normal -3.529324e-14 -6.087614e-01 7.933533e-01
    outer loop
      vertex   1.385556e+02 1.384242e+02 2.028536e+02
      vertex   1.411111e+02 1.384242e+02 2.028536e+02
      vertex   1.385556e+02 1.385278e+02 2.029330e+02
    endloop
  endfacet
  facet normal -6.770364e-15 -7.933533e-01 6.087614e-01
    outer loop
      vertex   1.411111e+02 1.384242e+02 2.028536e+02
      vertex   1.436667e+02 1.383448e+02 2.027500e+02
      vertex   1.436667e+02 1.384242e+02 2.028536e+02
    endloop
  endfacet
  facet normal -1.087626e-14 -6.087614e-01 7.933533e-01
    outer loop
      vertex   1.513333e+02 1.384242e+02 2.028536e+02
      vertex   1.538889e+02 1.384242e+02 2.028536e+02
      vertex   1.513333e+02 1.385278e+02 2.029330e+02
    endloop
  endfacet
  facet normal -1.559367e-14 -6.087614e-01 7.933533e-01
    outer loop
      vertex   1.513333e+02 1.385278e+02 2.029330e+02
      vertex   1.538889e+02 1.384242e+02 2.028536e+02
      vertex   1.538889e+02 1.385278e+02 2.029330e+02
    endloop
  endfacet
  facet normal -1.453099e-14 -3.826834e-01 9.238795e-01
    outer loop
      vertex   1.513333e+02 1.385278e+02 2.029330e+02
      vertex   1.538889e+02 1.385278e+02 2.029330e+02
      vertex   1.513333e+02 1.386484e+02 2.029830e+02
    endloop
  endfacet
  facet normal -8.823310e-15 -6.087614e-01 7.933533e-01
    outer loop
      vertex   1.411111e+02 1.384242e+02 2.028536e+02
      vertex   1.436667e+02 1.384242e+02 2.028536e+02
      vertex   1.411111e+02 1.385278e+02 2.029330e+02
    endloop
  endfacet
  facet normal -2.441698e-14 -6.087614e-01 7.933533e-01
    outer loop
      vertex   1.411111e+02 1.385278e+02 2.029330e+02
      vertex   1.436667e+02 1.384242e+02 2.028536e+02
      vertex   1.436667e+02 1.385278e+02 2.029330e+02
    endloop
  endfacet
  facet normal -2.480595e-14 -3.826834e-01 9.238795e-01
    outer loop
      vertex   1.411111e+02 1.385278e+02 2.029330e+02
      vertex   1.436667e+02 1.385278e+02 2.029330e+02
      vertex   1.411111e+02 1.386484e+02 2.029830e+02
    endloop
  endfacet
  facet normal -2.054992e-14 -3.826834e-01 9.238795e-01
    outer loop
      vertex   1.538889e+02 1.386484e+02 2.029830e+02
      vertex   1.564444e+02 1.385278e+02 2.029330e+02
      vertex   1.564444e+02 1.386484e+02 2.029830e+02
    endloop
  endfacet
  facet normal -1.764538e-14 -6.087614e-01 7.933533e-01
    outer loop
      vertex   1.513333e+02 1.384242e+02 2.028536e+02
      vertex   1.513333e+02 1.385278e+02 2.029330e+02
      vertex   1.487778e+02 1.385278e+02 2.029330e+02
    endloop
  endfacet
  facet normal -2.054992e-14 -3.826834e-01 9.238795e-01
    outer loop
      vertex   1.487778e+02 1.385278e+02 2.029330e+02
      vertex   1.513333e+02 1.385278e+02 2.029330e+02
      vertex   1.487778e+02 1.386484e+02 2.029830e+02
    endloop
  endfacet
  facet normal -3.508015e-14 -3.826834e-01 9.238795e-01
    outer loop
      vertex   1.487778e+02 1.385278e+02 2.029330e+02
      vertex   1.487778e+02 1.386484e+02 2.029830e+02
      vertex   1.462222e+02 1.386484e+02 2.029830e+02
    endloop
  endfacet
  facet normal -3.453083e-14 -1.305262e-01 9.914449e-01
    outer loop
      vertex   1.462222e+02 1.386484e+02 2.029830e+02
      vertex   1.487778e+02 1.386484e+02 2.029830e+02
      vertex   1.360000e+02 1.387778e+02 2.030000e+02
    endloop
  endfacet
  facet normal -3.508091e-14 -3.826834e-01 9.238795e-01
    outer loop
      vertex   1.487778e+02 1.386484e+02 2.029830e+02
      vertex   1.513333e+02 1.385278e+02 2.029330e+02
      vertex   1.513333e+02 1.386484e+02 2.029830e+02
    endloop
  endfacet
  facet normal -2.054988e-14 -3.826834e-01 9.238795e-01
    outer loop
      vertex   1.385556e+02 1.386484e+02 2.029830e+02
      vertex   1.385556e+02 1.385278e+02 2.029330e+02
      vertex   1.411111e+02 1.385278e+02 2.029330e+02
    endloop
  endfacet
  facet normal -1.764662e-14 -6.087614e-01 7.933533e-01
    outer loop
      vertex   1.411111e+02 1.385278e+02 2.029330e+02
      vertex   1.385556e+02 1.385278e+02 2.029330e+02
      vertex   1.411111e+02 1.384242e+02 2.028536e+02
    endloop
  endfacet
  facet normal -2.480595e-14 -3.826834e-01 9.238795e-01
    outer loop
      vertex   1.385556e+02 1.386484e+02 2.029830e+02
      vertex   1.411111e+02 1.385278e+02 2.029330e+02
      vertex   1.411111e+02 1.386484e+02 2.029830e+02
    endloop
  endfacet
  facet normal -2.205153e-14 -1.305262e-01 9.914449e-01
    outer loop
      vertex   1.590000e+02 1.387778e+02 2.030000e+02
      vertex   1.538889e+02 1.386484e+02 2.029830e+02
      vertex   1.564444e+02 1.386484e+02 2.029830e+02
    endloop
  endfacet
  facet normal -9.914449e-01 0.000000e+00 1.305262e-01
    outer loop
      vertex   1.355170e+02 1.387778e+02 2.026294e+02
      vertex   1.355170e+02 1.415865e+02 2.026294e+02
      vertex   1.355000e+02 1.387778e+02 2.025000e+02
    endloop
  endfacet
  facet normal -9.914449e-01 0.000000e+00 1.305262e-01
    outer loop
      vertex   1.355000e+02 1.387778e+02 2.025000e+02
      vertex   1.355170e+02 1.415865e+02 2.026294e+02
      vertex   1.355170e+02 1.443952e+02 2.026294e+02
    endloop
  endfacet
  facet normal -9.914449e-01 0.000000e+00 1.305262e-01
    outer loop
      vertex   1.355000e+02 1.387778e+02 2.025000e+02
      vertex   1.355170e+02 1.443952e+02 2.026294e+02
      vertex   1.355170e+02 1.472040e+02 2.026294e+02
    endloop
  endfacet
  facet normal -9.238795e-01 0.000000e+00 3.826834e-01
    outer loop
      vertex   1.355170e+02 1.472040e+02 2.026294e+02
      vertex   1.355170e+02 1.443952e+02 2.026294e+02
      vertex   1.355670e+02 1.472040e+02 2.027500e+02
    endloop
  endfacet
  facet normal -9.238795e-01 0.000000e+00 3.826834e-01
    outer loop
      vertex   1.355170e+02 1.472040e+02 2.026294e+02
      vertex   1.355670e+02 1.472040e+02 2.027500e+02
      vertex   1.355670e+02 1.500127e+02 2.027500e+02
    endloop
  endfacet
  facet normal -7.933533e-01 0.000000e+00 6.087614e-01
    outer loop
      vertex   1.355670e+02 1.500127e+02 2.027500e+02
      vertex   1.355670e+02 1.472040e+02 2.027500e+02
      vertex   1.356464e+02 1.500127e+02 2.028536e+02
    endloop
  endfacet
  facet normal -7.933533e-01 0.000000e+00 6.087614e-01
    outer loop
      vertex   1.355670e+02 1.500127e+02 2.027500e+02
      vertex   1.356464e+02 1.500127e+02 2.028536e+02
      vertex   1.356464e+02 1.528214e+02 2.028536e+02
    endloop
  endfacet
  facet normal -6.087614e-01 0.000000e+00 7.933533e-01
    outer loop
      vertex   1.356464e+02 1.528214e+02 2.028536e+02
      vertex   1.356464e+02 1.500127e+02 2.028536e+02
      vertex   1.357500e+02 1.528214e+02 2.029330e+02
    endloop
  endfacet
  facet normal -6.087614e-01 0.000000e+00 7.933533e-01
    outer loop
      vertex   1.356464e+02 1.528214e+02 2.028536e+02
      vertex   1.357500e+02 1.528214e+02 2.029330e+02
      vertex   1.357500e+02 1.556302e+02 2.029330e+02
    endloop
  endfacet
  facet normal -3.826834e-01 0.000000e+00 9.238795e-01
    outer loop
      vertex   1.357500e+02 1.556302e+02 2.029330e+02
      vertex   1.357500e+02 1.528214e+02 2.029330e+02
      vertex   1.358706e+02 1.556302e+02 2.029830e+02
    endloop
  endfacet
  facet normal -3.826834e-01 0.000000e+00 9.238795e-01
    outer loop
      vertex   1.357500e+02 1.556302e+02 2.029330e+02
      vertex   1.358706e+02 1.556302e+02 2.029830e+02
      vertex   1.358706e+02 1.584389e+02 2.029830e+02
    endloop
  endfacet
  facet normal -1.305262e-01 0.000000e+00 9.914449e-01
    outer loop
      vertex   1.358706e+02 1.584389e+02 2.029830e+02
      vertex   1.358706e+02 1.556302e+02 2.029830e+02
      vertex   1.360000e+02 1.387778e+02 2.030000e+02
    endloop
  endfacet
  facet normal -1.305262e-01 0.000000e+00 9.914449e-01
    outer loop
      vertex   1.358706e+02 1.584389e+02 2.029830e+02
      vertex   1.360000e+02 1.387778e+02 2.030000e+02
      vertex   1.360000e+02 1.781000e+02 2.030000e+02
    endloop
  endfacet
  facet normal -9.238795e-01 0.000000e+00 3.826834e-01
    outer loop
      vertex   1.355170e+02 1.415865e+02 2.026294e+02
      vertex   1.355170e+02 1.387778e+02 2.026294e+02
      vertex   1.355670e+02 1.415865e+02 2.027500e+02
    endloop
  endfacet
  facet normal -9.238795e-01 0.000000e+00 3.826834e-01
    outer loop
      vertex   1.355670e+02 1.415865e+02 2.027500e+02
      vertex   1.355170e+02 1.387778e+02 2.026294e+02
      vertex   1.355670e+02 1.387778e+02 2.027500e+02
    endloop
  endfacet
  facet normal -7.933533e-01 0.000000e+00 6.087614e-01
    outer loop
      vertex   1.355670e+02 1.415865e+02 2.027500e+02
      vertex   1.355670e+02 1.387778e+02 2.027500e+02
      vertex   1.356464e+02 1.415865e+02 2.028536e+02
    endloop
  endfacet
  facet normal -7.933533e-01 0.000000e+00 6.087614e-01
    outer loop
      vertex   1.356464e+02 1.415865e+02 2.028536e+02
      vertex   1.355670e+02 1.387778e+02 2.027500e+02
      vertex   1.356464e+02 1.387778e+02 2.028536e+02
    endloop
  endfacet
  facet normal -6.087614e-01 0.000000e+00 7.933533e-01
    outer loop
      vertex   1.356464e+02 1.415865e+02 2.028536e+02
      vertex   1.356464e+02 1.387778e+02 2.028536e+02
      vertex   1.357500e+02 1.415865e+02 2.029330e+02
    endloop
  endfacet
  facet normal -6.087614e-01 0.000000e+00 7.933533e-01
    outer loop
      vertex   1.357500e+02 1.415865e+02 2.029330e+02
      vertex   1.356464e+02 1.387778e+02 2.028536e+02
      vertex   1.357500e+02 1.387778e+02 2.029330e+02
    endloop
  endfacet
  facet normal -3.826834e-01 0.000000e+00 9.238795e-01
    outer loop
      vertex   1.357500e+02 1.415865e+02 2.029330e+02
      vertex   1.357500e+02 1.387778e+02 2.029330e+02
      vertex   1.358706e+02 1.415865e+02 2.029830e+02
    endloop
  endfacet
  facet normal -3.826834e-01 0.000000e+00 9.238795e-01
    outer loop
      vertex   1.358706e+02 1.415865e+02 2.029830e+02
      vertex   1.357500e+02 1.387778e+02 2.029330e+02
      vertex   1.358706e+02 1.387778e+02 2.029830e+02
    endloop
  endfacet
  facet normal -1.305262e-01 0.000000e+00 9.914449e-01
    outer loop
      vertex   1.358706e+02 1.415865e+02 2.029830e+02
      vertex   1.358706e+02 1.387778e+02 2.029830e+02
      vertex   1.360000e+02 1.387778e+02 2.030000e+02
    endloop
  endfacet
  facet normal -1.305262e-01 2.006498e-14 9.914449e-01
    outer loop
      vertex   1.358706e+02 1.781000e+02 2.029830e+02
      vertex   1.358706e+02 1.752913e+02 2.029830e+02
      vertex   1.360000e+02 1.781000e+02 2.030000e+02
    endloop
  endfacet
  facet normal -1.305262e-01 0.000000e+00 9.914449e-01
    outer loop
      vertex   1.360000e+02 1.781000e+02 2.030000e+02
      vertex   1.358706e+02 1.752913e+02 2.029830e+02
      vertex   1.358706e+02 1.724825e+02 2.029830e+02
    endloop
  endfacet
  facet normal -1.305262e-01 0.000000e+00 9.914449e-01
    outer loop
      vertex   1.360000e+02 1.781000e+02 2.030000e+02
      vertex   1.358706e+02 1.724825e+02 2.029830e+02
      vertex   1.358706e+02 1.696738e+02 2.029830e+02
    endloop
  endfacet
  facet normal -3.826834e-01 0.000000e+00 9.238795e-01
    outer loop
      vertex   1.358706e+02 1.696738e+02 2.029830e+02
      vertex   1.358706e+02 1.724825e+02 2.029830e+02
      vertex   1.357500e+02 1.696738e+02 2.029330e+02
    endloop
  endfacet
  facet normal -3.826834e-01 0.000000e+00 9.238795e-01
    outer loop
      vertex   1.358706e+02 1.696738e+02 2.029830e+02
      vertex   1.357500e+02 1.696738e+02 2.029330e+02
      vertex   1.357500e+02 1.668651e+02 2.029330e+02
    endloop
  endfacet
  facet normal -6.087614e-01 0.000000e+00 7.933533e-01
    outer loop
      vertex   1.357500e+02 1.668651e+02 2.029330e+02
      vertex   1.357500e+02 1.696738e+02 2.029330e+02
      vertex   1.356464e+02 1.668651e+02 2.028536e+02
    endloop
  endfacet
  facet normal -6.087614e-01 0.000000e+00 7.933533e-01
    outer loop
      vertex   1.357500e+02 1.668651e+02 2.029330e+02
      vertex   1.356464e+02 1.668651e+02 2.028536e+02
      vertex   1.356464e+02 1.640564e+02 2.028536e+02
    endloop
  endfacet
  facet normal -7.933533e-01 0.000000e+00 6.087614e-01
    outer loop
      vertex   1.356464e+02 1.640564e+02 2.028536e+02
      vertex   1.356464e+02 1.668651e+02 2.028536e+02
      vertex   1.355670e+02 1.640564e+02 2.027500e+02
    endloop
  endfacet
  facet normal -7.933533e-01 0.000000e+00 6.087614e-01
    outer loop
      vertex   1.356464e+02 1.640564e+02 2.028536e+02
      vertex   1.355670e+02 1.640564e+02 2.027500e+02
      vertex   1.355670e+02 1.612476e+02 2.027500e+02
    endloop
  endfacet
  facet normal -9.238795e-01 0.000000e+00 3.826834e-01
    outer loop
      vertex   1.355670e+02 1.612476e+02 2.027500e+02
      vertex   1.355670e+02 1.640564e+02 2.027500e+02
      vertex   1.355170e+02 1.612476e+02 2.026294e+02
    endloop
  endfacet
  facet normal -9.238795e-01 9.347590e-15 3.826834e-01
    outer loop
      vertex   1.355670e+02 1.612476e+02 2.027500e+02
      vertex   1.355170e+02 1.612476e+02 2.026294e+02
      vertex   1.355170e+02 1.584389e+02 2.026294e+02
    endloop
  endfacet
  facet normal -9.914449e-01 1.003249e-14 1.305262e-01
    outer loop
      vertex   1.355170e+02 1.584389e+02 2.026294e+02
      vertex   1.355170e+02 1.612476e+02 2.026294e+02
      vertex   1.355000e+02 1.781000e+02 2.025000e+02
    endloop
  endfacet
  facet normal -9.914449e-01 0.000000e+00 1.305262e-01
    outer loop
      vertex   1.355170e+02 1.584389e+02 2.026294e+02
      vertex   1.355000e+02 1.781000e+02 2.025000e+02
      vertex   1.355000e+02 1.387778e+02 2.025000e+02
    endloop
  endfacet
  facet normal -3.826834e-01 1.869759e-14 9.238795e-01
    outer loop
      vertex   1.358706e+02 1.752913e+02 2.029830e+02
      vertex   1.358706e+02 1.781000e+02 2.029830e+02
      vertex   1.357500e+02 1.752913e+02 2.029330e+02
    endloop
  endfacet
  facet normal -3.826834e-01 1.322119e-14 9.238795e-01
    outer loop
      vertex   1.357500e+02 1.752913e+02 2.029330e+02
      vertex   1.358706e+02 1.781000e+02 2.029830e+02
      vertex   1.357500e+02 1.781000e+02 2.029330e+02
    endloop
  endfacet
  facet normal -6.087614e-01 1.418809e-14 7.933533e-01
    outer loop
      vertex   1.357500e+02 1.752913e+02 2.029330e+02
      vertex   1.357500e+02 1.781000e+02 2.029330e+02
      vertex   1.356464e+02 1.752913e+02 2.028536e+02
    endloop
  endfacet
  facet normal -6.087614e-01 6.160095e-15 7.933533e-01
    outer loop
      vertex   1.356464e+02 1.752913e+02 2.028536e+02
      vertex   1.357500e+02 1.781000e+02 2.029330e+02
      vertex   1.356464e+02 1.781000e+02 2.028536e+02
    endloop
  endfacet
  facet normal -7.933533e-01 8.027992e-15 6.087614e-01
    outer loop
      vertex   1.356464e+02 1.752913e+02 2.028536e+02
      vertex   1.356464e+02 1.781000e+02 2.028536e+02
      vertex   1.355670e+02 1.752913e+02 2.027500e+02
    endloop
  endfacet
  facet normal -7.933533e-01 0.000000e+00 6.087614e-01
    outer loop
      vertex   1.355670e+02 1.752913e+02 2.027500e+02
      vertex   1.356464e+02 1.781000e+02 2.028536e+02
      vertex   1.355670e+02 1.781000e+02 2.027500e+02
    endloop
  endfacet
  facet normal -9.238795e-01 0.000000e+00 3.826834e-01
    outer loop
      vertex   1.355670e+02 1.752913e+02 2.027500e+02
      vertex   1.355670e+02 1.781000e+02 2.027500e+02
      vertex   1.355170e+02 1.752913e+02 2.026294e+02
    endloop
  endfacet
  facet normal -9.238795e-01 0.000000e+00 3.826834e-01
    outer loop
      vertex   1.355170e+02 1.752913e+02 2.026294e+02
      vertex   1.355670e+02 1.781000e+02 2.027500e+02
      vertex   1.355170e+02 1.781000e+02 2.026294e+02
    endloop
  endfacet
  facet normal -9.914449e-01 0.000000e+00 1.305262e-01
    outer loop
      vertex   1.355170e+02 1.752913e+02 2.026294e+02
      vertex   1.355170e+02 1.781000e+02 2.026294e+02
      vertex   1.355000e+02 1.781000e+02 2.025000e+02
    endloop
  endfacet
  facet normal -9.238795e-01 0.000000e+00 3.826834e-01
    outer loop
      vertex   1.355170e+02 1.443952e+02 2.026294e+02
      vertex   1.355170e+02 1.415865e+02 2.026294e+02
      vertex   1.355670e+02 1.443952e+02 2.027500e+02
    endloop
  endfacet
  facet normal -9.238795e-01 0.000000e+00 3.826834e-01
    outer loop
      vertex   1.355670e+02 1.443952e+02 2.027500e+02
      vertex   1.355170e+02 1.415865e+02 2.026294e+02
      vertex   1.355670e+02 1.415865e+02 2.027500e+02
    endloop
  endfacet
  facet normal -7.933533e-01 0.000000e+00 6.087614e-01
    outer loop
      vertex   1.355670e+02 1.443952e+02 2.027500e+02
      vertex   1.355670e+02 1.415865e+02 2.027500e+02
      vertex   1.356464e+02 1.443952e+02 2.028536e+02
    endloop
  endfacet
  facet normal -7.933533e-01 0.000000e+00 6.087614e-01
    outer loop
      vertex   1.356464e+02 1.443952e+02 2.028536e+02
      vertex   1.355670e+02 1.415865e+02 2.027500e+02
      vertex   1.356464e+02 1.415865e+02 2.028536e+02
    endloop
  endfacet
  facet normal -6.087614e-01 0.000000e+00 7.933533e-01
    outer loop
      vertex   1.356464e+02 1.443952e+02 2.028536e+02
      vertex   1.356464e+02 1.415865e+02 2.028536e+02
      vertex   1.357500e+02 1.443952e+02 2.029330e+02
    endloop
  endfacet
  facet normal -6.087614e-01 0.000000e+00 7.933533e-01
    outer loop
      vertex   1.357500e+02 1.443952e+02 2.029330e+02
      vertex   1.356464e+02 1.415865e+02 2.028536e+02
      vertex   1.357500e+02 1.415865e+02 2.029330e+02
    endloop
  endfacet
  facet normal -3.826834e-01 0.000000e+00 9.238795e-01
    outer loop
      vertex   1.357500e+02 1.443952e+02 2.029330e+02
      vertex   1.357500e+02 1.415865e+02 2.029330e+02
      vertex   1.358706e+02 1.443952e+02 2.029830e+02
    endloop
  endfacet
  facet normal -3.826834e-01 0.000000e+00 9.238795e-01
    outer loop
      vertex   1.358706e+02 1.443952e+02 2.029830e+02
      vertex   1.357500e+02 1.415865e+02 2.029330e+02
      vertex   1.358706e+02 1.415865e+02 2.029830e+02
    endloop
  endfacet
  facet normal -1.305262e-01 0.000000e+00 9.914449e-01
    outer loop
      vertex   1.358706e+02 1.443952e+02 2.029830e+02
      vertex   1.358706e+02 1.415865e+02 2.029830e+02
      vertex   1.360000e+02 1.387778e+02 2.030000e+02
    endloop
  endfacet
  facet normal -9.914449e-01 0.000000e+00 1.305262e-01
    outer loop
      vertex   1.355170e+02 1.472040e+02 2.026294e+02
      vertex   1.355170e+02 1.500127e+02 2.026294e+02
      vertex   1.355000e+02 1.387778e+02 2.025000e+02
    endloop
  endfacet
  facet normal -9.914449e-01 0.000000e+00 1.305262e-01
    outer loop
      vertex   1.355000e+02 1.387778e+02 2.025000e+02
      vertex   1.355170e+02 1.500127e+02 2.026294e+02
      vertex   1.355170e+02 1.528214e+02 2.026294e+02
    endloop
  endfacet
  facet normal -9.914449e-01 0.000000e+00 1.305262e-01
    outer loop
      vertex   1.355000e+02 1.387778e+02 2.025000e+02
      vertex   1.355170e+02 1.528214e+02 2.026294e+02
      vertex   1.355170e+02 1.556302e+02 2.026294e+02
    endloop
  endfacet
  facet normal -9.238795e-01 0.000000e+00 3.826834e-01
    outer loop
      vertex   1.355170e+02 1.556302e+02 2.026294e+02
      vertex   1.355170e+02 1.528214e+02 2.026294e+02
      vertex   1.355670e+02 1.556302e+02 2.027500e+02
    endloop
  endfacet
  facet normal -9.238795e-01 0.000000e+00 3.826834e-01
    outer loop
      vertex   1.355170e+02 1.556302e+02 2.026294e+02
      vertex   1.355670e+02 1.556302e+02 2.027500e+02
      vertex   1.355670e+02 1.584389e+02 2.027500e+02
    endloop
  endfacet
  facet normal -7.933533e-01 0.000000e+00 6.087614e-01
    outer loop
      vertex   1.355670e+02 1.584389e+02 2.027500e+02
      vertex   1.355670e+02 1.556302e+02 2.027500e+02
      vertex   1.356464e+02 1.584389e+02 2.028536e+02
    endloop
  endfacet
  facet normal -7.933533e-01 0.000000e+00 6.087614e-01
    outer loop
      vertex   1.355670e+02 1.584389e+02 2.027500e+02
      vertex   1.356464e+02 1.584389e+02 2.028536e+02
      vertex   1.356464e+02 1.612476e+02 2.028536e+02
    endloop
  endfacet
  facet normal -6.087614e-01 0.000000e+00 7.933533e-01
    outer loop
      vertex   1.356464e+02 1.612476e+02 2.028536e+02
      vertex   1.356464e+02 1.584389e+02 2.028536e+02
      vertex   1.357500e+02 1.612476e+02 2.029330e+02
    endloop
  endfacet
  facet normal -6.087614e-01 0.000000e+00 7.933533e-01
    outer loop
      vertex   1.356464e+02 1.612476e+02 2.028536e+02
      vertex   1.357500e+02 1.612476e+02 2.029330e+02
      vertex   1.357500e+02 1.640564e+02 2.029330e+02
    endloop
  endfacet
  facet normal -3.826834e-01 0.000000e+00 9.238795e-01
    outer loop
      vertex   1.357500e+02 1.640564e+02 2.029330e+02
      vertex   1.357500e+02 1.612476e+02 2.029330e+02
      vertex   1.358706e+02 1.640564e+02 2.029830e+02
    endloop
  endfacet
  facet normal -3.826834e-01 3.872945e-15 9.238795e-01
    outer loop
      vertex   1.357500e+02 1.640564e+02 2.029330e+02
      vertex   1.358706e+02 1.640564e+02 2.029830e+02
      vertex   1.358706e+02 1.668651e+02 2.029830e+02
    endloop
  endfacet
  facet normal -1.305262e-01 1.320803e-15 9.914449e-01
    outer loop
      vertex   1.358706e+02 1.668651e+02 2.029830e+02
      vertex   1.358706e+02 1.640564e+02 2.029830e+02
      vertex   1.360000e+02 1.781000e+02 2.030000e+02
    endloop
  endfacet
  facet normal -1.305262e-01 0.000000e+00 9.914449e-01
    outer loop
      vertex   1.358706e+02 1.668651e+02 2.029830e+02
      vertex   1.360000e+02 1.781000e+02 2.030000e+02
      vertex   1.358706e+02 1.696738e+02 2.029830e+02
    endloop
  endfacet
  facet normal -9.238795e-01 0.000000e+00 3.826834e-01
    outer loop
      vertex   1.355170e+02 1.472040e+02 2.026294e+02
      vertex   1.355670e+02 1.500127e+02 2.027500e+02
      vertex   1.355170e+02 1.500127e+02 2.026294e+02
    endloop
  endfacet
  facet normal -9.238795e-01 0.000000e+00 3.826834e-01
    outer loop
      vertex   1.355170e+02 1.500127e+02 2.026294e+02
      vertex   1.355670e+02 1.500127e+02 2.027500e+02
      vertex   1.355670e+02 1.528214e+02 2.027500e+02
    endloop
  endfacet
  facet normal -9.238795e-01 0.000000e+00 3.826834e-01
    outer loop
      vertex   1.355170e+02 1.500127e+02 2.026294e+02
      vertex   1.355670e+02 1.528214e+02 2.027500e+02
      vertex   1.355170e+02 1.528214e+02 2.026294e+02
    endloop
  endfacet
  facet normal -9.238795e-01 9.347590e-15 3.826834e-01
    outer loop
      vertex   1.355170e+02 1.528214e+02 2.026294e+02
      vertex   1.355670e+02 1.528214e+02 2.027500e+02
      vertex   1.355670e+02 1.556302e+02 2.027500e+02
    endloop
  endfacet
  facet normal -9.914449e-01 -1.320803e-15 1.305262e-01
    outer loop
      vertex   1.355170e+02 1.584389e+02 2.026294e+02
      vertex   1.355000e+02 1.387778e+02 2.025000e+02
      vertex   1.355170e+02 1.556302e+02 2.026294e+02
    endloop
  endfacet
  facet normal -9.238795e-01 0.000000e+00 3.826834e-01
    outer loop
      vertex   1.355670e+02 1.612476e+02 2.027500e+02
      vertex   1.355170e+02 1.584389e+02 2.026294e+02
      vertex   1.355670e+02 1.584389e+02 2.027500e+02
    endloop
  endfacet
  facet normal -9.238795e-01 -3.872945e-15 3.826834e-01
    outer loop
      vertex   1.355670e+02 1.584389e+02 2.027500e+02
      vertex   1.355170e+02 1.584389e+02 2.026294e+02
      vertex   1.355170e+02 1.556302e+02 2.026294e+02
    endloop
  endfacet
  facet normal -9.914449e-01 0.000000e+00 1.305262e-01
    outer loop
      vertex   1.355170e+02 1.612476e+02 2.026294e+02
      vertex   1.355170e+02 1.640564e+02 2.026294e+02
      vertex   1.355000e+02 1.781000e+02 2.025000e+02
    endloop
  endfacet
  facet normal -9.914449e-01 0.000000e+00 1.305262e-01
    outer loop
      vertex   1.355000e+02 1.781000e+02 2.025000e+02
      vertex   1.355170e+02 1.640564e+02 2.026294e+02
      vertex   1.355170e+02 1.668651e+02 2.026294e+02
    endloop
  endfacet
  facet normal -9.914449e-01 0.000000e+00 1.305262e-01
    outer loop
      vertex   1.355000e+02 1.781000e+02 2.025000e+02
      vertex   1.355170e+02 1.668651e+02 2.026294e+02
      vertex   1.355170e+02 1.696738e+02 2.026294e+02
    endloop
  endfacet
  facet normal -9.238795e-01 0.000000e+00 3.826834e-01
    outer loop
      vertex   1.355170e+02 1.696738e+02 2.026294e+02
      vertex   1.355170e+02 1.668651e+02 2.026294e+02
      vertex   1.355670e+02 1.696738e+02 2.027500e+02
    endloop
  endfacet
  facet normal -9.238795e-01 0.000000e+00 3.826834e-01
    outer loop
      vertex   1.355170e+02 1.696738e+02 2.026294e+02
      vertex   1.355670e+02 1.696738e+02 2.027500e+02
      vertex   1.355670e+02 1.724825e+02 2.027500e+02
    endloop
  endfacet
  facet normal -7.933533e-01 0.000000e+00 6.087614e-01
    outer loop
      vertex   1.355670e+02 1.724825e+02 2.027500e+02
      vertex   1.355670e+02 1.696738e+02 2.027500e+02
      vertex   1.356464e+02 1.724825e+02 2.028536e+02
    endloop
  endfacet
  facet normal -7.933533e-01 0.000000e+00 6.087614e-01
    outer loop
      vertex   1.355670e+02 1.724825e+02 2.027500e+02
      vertex   1.356464e+02 1.724825e+02 2.028536e+02
      vertex   1.356464e+02 1.752913e+02 2.028536e+02
    endloop
  endfacet
  facet normal -6.087614e-01 0.000000e+00 7.933533e-01
    outer loop
      vertex   1.356464e+02 1.752913e+02 2.028536e+02
      vertex   1.356464e+02 1.724825e+02 2.028536e+02
      vertex   1.357500e+02 1.752913e+02 2.029330e+02
    endloop
  endfacet
  facet normal -9.238795e-01 0.000000e+00 3.826834e-01
    outer loop
      vertex   1.355170e+02 1.612476e+02 2.026294e+02
      vertex   1.355670e+02 1.640564e+02 2.027500e+02
      vertex   1.355170e+02 1.640564e+02 2.026294e+02
    endloop
  endfacet
  facet normal -9.238795e-01 0.000000e+00 3.826834e-01
    outer loop
      vertex   1.355170e+02 1.640564e+02 2.026294e+02
      vertex   1.355670e+02 1.640564e+02 2.027500e+02
      vertex   1.355670e+02 1.668651e+02 2.027500e+02
    endloop
  endfacet
  facet normal -9.238795e-01 0.000000e+00 3.826834e-01
    outer loop
      vertex   1.355170e+02 1.640564e+02 2.026294e+02
      vertex   1.355670e+02 1.668651e+02 2.027500e+02
      vertex   1.355170e+02 1.668651e+02 2.026294e+02
    endloop
  endfacet
  facet normal -9.238795e-01 0.000000e+00 3.826834e-01
    outer loop
      vertex   1.355170e+02 1.668651e+02 2.026294e+02
      vertex   1.355670e+02 1.668651e+02 2.027500e+02
      vertex   1.355670e+02 1.696738e+02 2.027500e+02
    endloop
  endfacet
  facet normal -9.914449e-01 0.000000e+00 1.305262e-01
    outer loop
      vertex   1.355170e+02 1.752913e+02 2.026294e+02
      vertex   1.355000e+02 1.781000e+02 2.025000e+02
      vertex   1.355170e+02 1.724825e+02 2.026294e+02
    endloop
  endfacet
  facet normal -9.914449e-01 0.000000e+00 1.305262e-01
    outer loop
      vertex   1.355170e+02 1.724825e+02 2.026294e+02
      vertex   1.355000e+02 1.781000e+02 2.025000e+02
      vertex   1.355170e+02 1.696738e+02 2.026294e+02
    endloop
  endfacet
  facet normal -9.238795e-01 0.000000e+00 3.826834e-01
    outer loop
      vertex   1.355170e+02 1.724825e+02 2.026294e+02
      vertex   1.355170e+02 1.696738e+02 2.026294e+02
      vertex   1.355670e+02 1.724825e+02 2.027500e+02
    endloop
  endfacet
  facet normal -9.238795e-01 0.000000e+00 3.826834e-01
    outer loop
      vertex   1.355670e+02 1.752913e+02 2.027500e+02
      vertex   1.355170e+02 1.752913e+02 2.026294e+02
      vertex   1.355170e+02 1.724825e+02 2.026294e+02
    endloop
  endfacet
  facet normal -9.238795e-01 0.000000e+00 3.826834e-01
    outer loop
      vertex   1.355670e+02 1.752913e+02 2.027500e+02
      vertex   1.355170e+02 1.724825e+02 2.026294e+02
      vertex   1.355670e+02 1.724825e+02 2.027500e+02
    endloop
  endfacet
  facet normal -9.238795e-01 0.000000e+00 3.826834e-01
    outer loop
      vertex   1.355170e+02 1.443952e+02 2.026294e+02
      vertex   1.355670e+02 1.443952e+02 2.027500e+02
      vertex   1.355670e+02 1.472040e+02 2.027500e+02
    endloop
  endfacet
  facet normal -7.933533e-01 0.000000e+00 6.087614e-01
    outer loop
      vertex   1.355670e+02 1.472040e+02 2.027500e+02
      vertex   1.355670e+02 1.443952e+02 2.027500e+02
      vertex   1.356464e+02 1.472040e+02 2.028536e+02
    endloop
  endfacet
  facet normal -7.933533e-01 0.000000e+00 6.087614e-01
    outer loop
      vertex   1.355670e+02 1.472040e+02 2.027500e+02
      vertex   1.356464e+02 1.472040e+02 2.028536e+02
      vertex   1.356464e+02 1.500127e+02 2.028536e+02
    endloop
  endfacet
  facet normal -6.087614e-01 0.000000e+00 7.933533e-01
    outer loop
      vertex   1.356464e+02 1.500127e+02 2.028536e+02
      vertex   1.356464e+02 1.472040e+02 2.028536e+02
      vertex   1.357500e+02 1.500127e+02 2.029330e+02
    endloop
  endfacet
  facet normal -6.087614e-01 0.000000e+00 7.933533e-01
    outer loop
      vertex   1.356464e+02 1.500127e+02 2.028536e+02
      vertex   1.357500e+02 1.500127e+02 2.029330e+02
      vertex   1.357500e+02 1.528214e+02 2.029330e+02
    endloop
  endfacet
  facet normal -3.826834e-01 0.000000e+00 9.238795e-01
    outer loop
      vertex   1.357500e+02 1.528214e+02 2.029330e+02
      vertex   1.357500e+02 1.500127e+02 2.029330e+02
      vertex   1.358706e+02 1.528214e+02 2.029830e+02
    endloop
  endfacet
  facet normal -3.826834e-01 0.000000e+00 9.238795e-01
    outer loop
      vertex   1.357500e+02 1.528214e+02 2.029330e+02
      vertex   1.358706e+02 1.528214e+02 2.029830e+02
      vertex   1.358706e+02 1.556302e+02 2.029830e+02
    endloop
  endfacet
  facet normal -1.305262e-01 0.000000e+00 9.914449e-01
    outer loop
      vertex   1.358706e+02 1.556302e+02 2.029830e+02
      vertex   1.358706e+02 1.528214e+02 2.029830e+02
      vertex   1.360000e+02 1.387778e+02 2.030000e+02
    endloop
  endfacet
  facet normal -7.933533e-01 0.000000e+00 6.087614e-01
    outer loop
      vertex   1.356464e+02 1.472040e+02 2.028536e+02
      vertex   1.355670e+02 1.443952e+02 2.027500e+02
      vertex   1.356464e+02 1.443952e+02 2.028536e+02
    endloop
  endfacet
  facet normal -7.933533e-01 0.000000e+00 6.087614e-01
    outer loop
      vertex   1.355670e+02 1.500127e+02 2.027500e+02
      vertex   1.356464e+02 1.528214e+02 2.028536e+02
      vertex   1.355670e+02 1.528214e+02 2.027500e+02
    endloop
  endfacet
  facet normal -7.933533e-01 0.000000e+00 6.087614e-01
    outer loop
      vertex   1.355670e+02 1.528214e+02 2.027500e+02
      vertex   1.356464e+02 1.528214e+02 2.028536e+02
      vertex   1.356464e+02 1.556302e+02 2.028536e+02
    endloop
  endfacet
  facet normal -7.933533e-01 8.027992e-15 6.087614e-01
    outer loop
      vertex   1.355670e+02 1.528214e+02 2.027500e+02
      vertex   1.356464e+02 1.556302e+02 2.028536e+02
      vertex   1.355670e+02 1.556302e+02 2.027500e+02
    endloop
  endfacet
  facet normal -7.933533e-01 0.000000e+00 6.087614e-01
    outer loop
      vertex   1.355670e+02 1.556302e+02 2.027500e+02
      vertex   1.356464e+02 1.556302e+02 2.028536e+02
      vertex   1.356464e+02 1.584389e+02 2.028536e+02
    endloop
  endfacet
  facet normal -7.933533e-01 0.000000e+00 6.087614e-01
    outer loop
      vertex   1.356464e+02 1.640564e+02 2.028536e+02
      vertex   1.355670e+02 1.612476e+02 2.027500e+02
      vertex   1.356464e+02 1.612476e+02 2.028536e+02
    endloop
  endfacet
  facet normal -7.933533e-01 0.000000e+00 6.087614e-01
    outer loop
      vertex   1.356464e+02 1.612476e+02 2.028536e+02
      vertex   1.355670e+02 1.612476e+02 2.027500e+02
      vertex   1.355670e+02 1.584389e+02 2.027500e+02
    endloop
  endfacet
  facet normal -7.933533e-01 0.000000e+00 6.087614e-01
    outer loop
      vertex   1.355670e+02 1.640564e+02 2.027500e+02
      vertex   1.356464e+02 1.668651e+02 2.028536e+02
      vertex   1.355670e+02 1.668651e+02 2.027500e+02
    endloop
  endfacet
  facet normal -7.933533e-01 0.000000e+00 6.087614e-01
    outer loop
      vertex   1.355670e+02 1.668651e+02 2.027500e+02
      vertex   1.356464e+02 1.668651e+02 2.028536e+02
      vertex   1.356464e+02 1.696738e+02 2.028536e+02
    endloop
  endfacet
  facet normal -7.933533e-01 0.000000e+00 6.087614e-01
    outer loop
      vertex   1.355670e+02 1.668651e+02 2.027500e+02
      vertex   1.356464e+02 1.696738e+02 2.028536e+02
      vertex   1.355670e+02 1.696738e+02 2.027500e+02
    endloop
  endfacet
  facet normal -7.933533e-01 0.000000e+00 6.087614e-01
    outer loop
      vertex   1.355670e+02 1.696738e+02 2.027500e+02
      vertex   1.356464e+02 1.696738e+02 2.028536e+02
      vertex   1.356464e+02 1.724825e+02 2.028536e+02
    endloop
  endfacet
  facet normal -7.933533e-01 0.000000e+00 6.087614e-01
    outer loop
      vertex   1.356464e+02 1.752913e+02 2.028536e+02
      vertex   1.355670e+02 1.752913e+02 2.027500e+02
      vertex   1.355670e+02 1.724825e+02 2.027500e+02
    endloop
  endfacet
  facet normal -6.087614e-01 0.000000e+00 7.933533e-01
    outer loop
      vertex   1.356464e+02 1.472040e+02 2.028536e+02
      vertex   1.356464e+02 1.443952e+02 2.028536e+02
      vertex   1.357500e+02 1.472040e+02 2.029330e+02
    endloop
  endfacet
  facet normal -6.087614e-01 0.000000e+00 7.933533e-01
    outer loop
      vertex   1.357500e+02 1.472040e+02 2.029330e+02
      vertex   1.356464e+02 1.443952e+02 2.028536e+02
      vertex   1.357500e+02 1.443952e+02 2.029330e+02
    endloop
  endfacet
  facet normal -3.826834e-01 0.000000e+00 9.238795e-01
    outer loop
      vertex   1.357500e+02 1.472040e+02 2.029330e+02
      vertex   1.357500e+02 1.443952e+02 2.029330e+02
      vertex   1.358706e+02 1.472040e+02 2.029830e+02
    endloop
  endfacet
  facet normal -3.826834e-01 0.000000e+00 9.238795e-01
    outer loop
      vertex   1.358706e+02 1.472040e+02 2.029830e+02
      vertex   1.357500e+02 1.443952e+02 2.029330e+02
      vertex   1.358706e+02 1.443952e+02 2.029830e+02
    endloop
  endfacet
  facet normal -1.305262e-01 0.000000e+00 9.914449e-01
    outer loop
      vertex   1.358706e+02 1.472040e+02 2.029830e+02
      vertex   1.358706e+02 1.443952e+02 2.029830e+02
      vertex   1.360000e+02 1.387778e+02 2.030000e+02
    endloop
  endfacet
  facet normal -6.087614e-01 0.000000e+00 7.933533e-01
    outer loop
      vertex   1.356464e+02 1.528214e+02 2.028536e+02
      vertex   1.357500e+02 1.556302e+02 2.029330e+02
      vertex   1.356464e+02 1.556302e+02 2.028536e+02
    endloop
  endfacet
  facet normal -6.087614e-01 0.000000e+00 7.933533e-01
    outer loop
      vertex   1.356464e+02 1.556302e+02 2.028536e+02
      vertex   1.357500e+02 1.556302e+02 2.029330e+02
      vertex   1.357500e+02 1.584389e+02 2.029330e+02
    endloop
  endfacet
  facet normal -6.087614e-01 0.000000e+00 7.933533e-01
    outer loop
      vertex   1.356464e+02 1.556302e+02 2.028536e+02
      vertex   1.357500e+02 1.584389e+02 2.029330e+02
      vertex   1.356464e+02 1.584389e+02 2.028536e+02
    endloop
  endfacet
  facet normal -6.087614e-01 0.000000e+00 7.933533e-01
    outer loop
      vertex   1.356464e+02 1.584389e+02 2.028536e+02
      vertex   1.357500e+02 1.584389e+02 2.029330e+02
      vertex   1.357500e+02 1.612476e+02 2.029330e+02
    endloop
  endfacet
  facet normal -6.087614e-01 0.000000e+00 7.933533e-01
    outer loop
      vertex   1.357500e+02 1.668651e+02 2.029330e+02
      vertex   1.356464e+02 1.640564e+02 2.028536e+02
      vertex   1.357500e+02 1.640564e+02 2.029330e+02
    endloop
  endfacet
  facet normal -6.087614e-01 0.000000e+00 7.933533e-01
    outer loop
      vertex   1.357500e+02 1.640564e+02 2.029330e+02
      vertex   1.356464e+02 1.640564e+02 2.028536e+02
      vertex   1.356464e+02 1.612476e+02 2.028536e+02
    endloop
  endfacet
  facet normal -6.087614e-01 0.000000e+00 7.933533e-01
    outer loop
      vertex   1.356464e+02 1.668651e+02 2.028536e+02
      vertex   1.357500e+02 1.696738e+02 2.029330e+02
      vertex   1.356464e+02 1.696738e+02 2.028536e+02
    endloop
  endfacet
  facet normal -6.087614e-01 0.000000e+00 7.933533e-01
    outer loop
      vertex   1.356464e+02 1.696738e+02 2.028536e+02
      vertex   1.357500e+02 1.696738e+02 2.029330e+02
      vertex   1.357500e+02 1.724825e+02 2.029330e+02
    endloop
  endfacet
  facet normal -6.087614e-01 0.000000e+00 7.933533e-01
    outer loop
      vertex   1.356464e+02 1.696738e+02 2.028536e+02
      vertex   1.357500e+02 1.724825e+02 2.029330e+02
      vertex   1.356464e+02 1.724825e+02 2.028536e+02
    endloop
  endfacet
  facet normal -6.087614e-01 0.000000e+00 7.933533e-01
    outer loop
      vertex   1.356464e+02 1.724825e+02 2.028536e+02
      vertex   1.357500e+02 1.724825e+02 2.029330e+02
      vertex   1.357500e+02 1.752913e+02 2.029330e+02
    endloop
  endfacet
  facet normal -6.087614e-01 0.000000e+00 7.933533e-01
    outer loop
      vertex   1.356464e+02 1.472040e+02 2.028536e+02
      vertex   1.357500e+02 1.472040e+02 2.029330e+02
      vertex   1.357500e+02 1.500127e+02 2.029330e+02
    endloop
  endfacet
  facet normal -3.826834e-01 0.000000e+00 9.238795e-01
    outer loop
      vertex   1.357500e+02 1.500127e+02 2.029330e+02
      vertex   1.357500e+02 1.472040e+02 2.029330e+02
      vertex   1.358706e+02 1.500127e+02 2.029830e+02
    endloop
  endfacet
  facet normal -3.826834e-01 0.000000e+00 9.238795e-01
    outer loop
      vertex   1.357500e+02 1.500127e+02 2.029330e+02
      vertex   1.358706e+02 1.500127e+02 2.029830e+02
      vertex   1.358706e+02 1.528214e+02 2.029830e+02
    endloop
  endfacet
  facet normal -1.305262e-01 0.000000e+00 9.914449e-01
    outer loop
      vertex   1.358706e+02 1.528214e+02 2.029830e+02
      vertex   1.358706e+02 1.500127e+02 2.029830e+02
      vertex   1.360000e+02 1.387778e+02 2.030000e+02
    endloop
  endfacet
  facet normal -3.826834e-01 0.000000e+00 9.238795e-01
    outer loop
      vertex   1.358706e+02 1.500127e+02 2.029830e+02
      vertex   1.357500e+02 1.472040e+02 2.029330e+02
      vertex   1.358706e+02 1.472040e+02 2.029830e+02
    endloop
  endfacet
  facet normal -3.826834e-01 0.000000e+00 9.238795e-01
    outer loop
      vertex   1.357500e+02 1.556302e+02 2.029330e+02
      vertex   1.358706e+02 1.584389e+02 2.029830e+02
      vertex   1.357500e+02 1.584389e+02 2.029330e+02
    endloop
  endfacet
  facet normal -3.826834e-01 0.000000e+00 9.238795e-01
    outer loop
      vertex   1.357500e+02 1.584389e+02 2.029330e+02
      vertex   1.358706e+02 1.584389e+02 2.029830e+02
      vertex   1.358706e+02 1.612476e+02 2.029830e+02
    endloop
  endfacet
  facet normal -3.826834e-01 0.000000e+00 9.238795e-01
    outer loop
      vertex   1.357500e+02 1.584389e+02 2.029330e+02
      vertex   1.358706e+02 1.612476e+02 2.029830e+02
      vertex   1.357500e+02 1.612476e+02 2.029330e+02
    endloop
  endfacet
  facet normal -3.826834e-01 0.000000e+00 9.238795e-01
    outer loop
      vertex   1.357500e+02 1.612476e+02 2.029330e+02
      vertex   1.358706e+02 1.612476e+02 2.029830e+02
      vertex   1.358706e+02 1.640564e+02 2.029830e+02
    endloop
  endfacet
  facet normal -3.826834e-01 0.000000e+00 9.238795e-01
    outer loop
      vertex   1.358706e+02 1.696738e+02 2.029830e+02
      vertex   1.357500e+02 1.668651e+02 2.029330e+02
      vertex   1.358706e+02 1.668651e+02 2.029830e+02
    endloop
  endfacet
  facet normal -3.826834e-01 0.000000e+00 9.238795e-01
    outer loop
      vertex   1.358706e+02 1.668651e+02 2.029830e+02
      vertex   1.357500e+02 1.668651e+02 2.029330e+02
      vertex   1.357500e+02 1.640564e+02 2.029330e+02
    endloop
  endfacet
  facet normal -3.826834e-01 0.000000e+00 9.238795e-01
    outer loop
      vertex   1.358706e+02 1.752913e+02 2.029830e+02
      vertex   1.357500e+02 1.752913e+02 2.029330e+02
      vertex   1.357500e+02 1.724825e+02 2.029330e+02
    endloop
  endfacet
  facet normal -3.826834e-01 0.000000e+00 9.238795e-01
    outer loop
      vertex   1.358706e+02 1.752913e+02 2.029830e+02
      vertex   1.357500e+02 1.724825e+02 2.029330e+02
      vertex   1.358706e+02 1.724825e+02 2.029830e+02
    endloop
  endfacet
  facet normal -3.826834e-01 0.000000e+00 9.238795e-01
    outer loop
      vertex   1.358706e+02 1.724825e+02 2.029830e+02
      vertex   1.357500e+02 1.724825e+02 2.029330e+02
      vertex   1.357500e+02 1.696738e+02 2.029330e+02
    endloop
  endfacet
  facet normal -1.305262e-01 0.000000e+00 9.914449e-01
    outer loop
      vertex   1.360000e+02 1.387778e+02 2.030000e+02
      vertex   1.358706e+02 1.500127e+02 2.029830e+02
      vertex   1.358706e+02 1.472040e+02 2.029830e+02
    endloop
  endfacet
  facet normal -1.305262e-01 0.000000e+00 9.914449e-01
    outer loop
      vertex   1.360000e+02 1.781000e+02 2.030000e+02
      vertex   1.358706e+02 1.640564e+02 2.029830e+02
      vertex   1.358706e+02 1.612476e+02 2.029830e+02
    endloop
  endfacet
  facet normal -1.305262e-01 0.000000e+00 9.914449e-01
    outer loop
      vertex   1.358706e+02 1.612476e+02 2.029830e+02
      vertex   1.358706e+02 1.584389e+02 2.029830e+02
      vertex   1.360000e+02 1.781000e+02 2.030000e+02
    endloop
  endfacet
  facet normal -9.914449e-01 -1.305262e-01 -1.690713e-14
    outer loop
      vertex   1.355000e+02 1.387778e+02 2.025000e+02
      vertex   1.355000e+02 1.387778e+02 1.975000e+02
      vertex   1.355170e+02 1.386484e+02 2.000000e+02
    endloop
  endfacet
  facet normal -9.914449e-01 -1.305262e-01 -2.105894e-14
    outer loop
      vertex   1.355170e+02 1.386484e+02 2.000000e+02
      vertex   1.355000e+02 1.387778e+02 1.975000e+02
      vertex   1.355170e+02 1.386484e+02 1.975000e+02
    endloop
  endfacet
  facet normal -9.238795e-01 -3.826834e-01 -1.665598e-14
    outer loop
      vertex   1.355170e+02 1.386484e+02 2.000000e+02
      vertex   1.355170e+02 1.386484e+02 1.975000e+02
      vertex   1.355670e+02 1.385278e+02 2.000000e+02
    endloop
  endfacet
  facet normal -9.238795e-01 -3.826834e-01 -6.152687e-15
    outer loop
      vertex   1.355670e+02 1.385278e+02 2.000000e+02
      vertex   1.355170e+02 1.386484e+02 1.975000e+02
      vertex   1.355670e+02 1.385278e+02 1.975000e+02
    endloop
  endfacet
  facet normal -7.933533e-01 -6.087614e-01 -2.098567e-15
    outer loop
      vertex   1.355670e+02 1.385278e+02 2.000000e+02
      vertex   1.355670e+02 1.385278e+02 1.975000e+02
      vertex   1.356464e+02 1.384242e+02 2.000000e+02
    endloop
  endfacet
  facet normal -7.933533e-01 -6.087614e-01 -1.803877e-14
    outer loop
      vertex   1.356464e+02 1.384242e+02 2.000000e+02
      vertex   1.355670e+02 1.385278e+02 1.975000e+02
      vertex   1.356464e+02 1.384242e+02 1.975000e+02
    endloop
  endfacet
  facet normal -6.087614e-01 -7.933533e-01 -1.384163e-14
    outer loop
      vertex   1.356464e+02 1.384242e+02 2.000000e+02
      vertex   1.356464e+02 1.384242e+02 1.975000e+02
      vertex   1.357500e+02 1.383448e+02 2.000000e+02
    endloop
  endfacet
  facet normal -6.087614e-01 -7.933533e-01 -1.384163e-14
    outer loop
      vertex   1.357500e+02 1.383448e+02 2.000000e+02
      vertex   1.356464e+02 1.384242e+02 1.975000e+02
      vertex   1.357500e+02 1.383448e+02 1.975000e+02
    endloop
  endfacet
  facet normal -3.826834e-01 -9.238795e-01 -8.701214e-15
    outer loop
      vertex   1.357500e+02 1.383448e+02 2.000000e+02
      vertex   1.357500e+02 1.383448e+02 1.975000e+02
      vertex   1.358706e+02 1.382948e+02 2.000000e+02
    endloop
  endfacet
  facet normal -3.826834e-01 -9.238795e-01 -8.701214e-15
    outer loop
      vertex   1.358706e+02 1.382948e+02 2.000000e+02
      vertex   1.357500e+02 1.383448e+02 1.975000e+02
      vertex   1.358706e+02 1.382948e+02 1.975000e+02
    endloop
  endfacet
  facet normal -1.305262e-01 -9.914449e-01 -2.967822e-15
    outer loop
      vertex   1.358706e+02 1.382948e+02 2.000000e+02
      vertex   1.358706e+02 1.382948e+02 1.975000e+02
      vertex   1.360000e+02 1.382778e+02 1.975000e+02
    endloop
  endfacet
  facet normal -1.305262e-01 -9.914449e-01 -2.967822e-15
    outer loop
      vertex   1.360000e+02 1.382778e+02 1.975000e+02
      vertex   1.360000e+02 1.382778e+02 2.025000e+02
      vertex   1.358706e+02 1.382948e+02 2.000000e+02
    endloop
  endfacet
  facet normal -1.305262e-01 -9.914449e-01 -2.967822e-15
    outer loop
      vertex   1.358706e+02 1.382948e+02 2.000000e+02
      vertex   1.360000e+02 1.382778e+02 2.025000e+02
      vertex   1.358706e+02 1.382948e+02 2.025000e+02
    endloop
  endfacet
  facet normal -3.826834e-01 -9.238795e-01 -8.701214e-15
    outer loop
      vertex   1.358706e+02 1.382948e+02 2.000000e+02
      vertex   1.358706e+02 1.382948e+02 2.025000e+02
      vertex   1.357500e+02 1.383448e+02 2.000000e+02
    endloop
  endfacet
  facet normal -3.826834e-01 -9.238795e-01 -8.701214e-15
    outer loop
      vertex   1.357500e+02 1.383448e+02 2.000000e+02
      vertex   1.358706e+02 1.382948e+02 2.025000e+02
      vertex   1.357500e+02 1.383448e+02 2.025000e+02
    endloop
  endfacet
  facet normal -6.087614e-01 -7.933533e-01 -1.384163e-14
    outer loop
      vertex   1.357500e+02 1.383448e+02 2.000000e+02
      vertex   1.357500e+02 1.383448e+02 2.025000e+02
      vertex   1.356464e+02 1.384242e+02 2.000000e+02
    endloop
  endfacet
  facet normal -6.087614e-01 -7.933533e-01 -1.384163e-14
    outer loop
      vertex   1.356464e+02 1.384242e+02 2.000000e+02
      vertex   1.357500e+02 1.383448e+02 2.025000e+02
      vertex   1.356464e+02 1.384242e+02 2.025000e+02
    endloop
  endfacet
  facet normal -7.933533e-01 -6.087614e-01 -1.803877e-14
    outer loop
      vertex   1.356464e+02 1.384242e+02 2.000000e+02
      vertex   1.356464e+02 1.384242e+02 2.025000e+02
      vertex   1.355670e+02 1.385278e+02 2.000000e+02
    endloop
  endfacet
  facet normal -7.933533e-01 -6.087614e-01 -2.495958e-14
    outer loop
      vertex   1.355670e+02 1.385278e+02 2.000000e+02
      vertex   1.356464e+02 1.384242e+02 2.025000e+02
      vertex   1.355670e+02 1.385278e+02 2.025000e+02
    endloop
  endfacet
  facet normal -9.238795e-01 -3.826834e-01 -2.535720e-14
    outer loop
      vertex   1.355670e+02 1.385278e+02 2.000000e+02
      vertex   1.355670e+02 1.385278e+02 2.025000e+02
      vertex   1.355170e+02 1.386484e+02 2.000000e+02
    endloop
  endfacet
  facet normal -9.238795e-01 -3.826834e-01 -2.535720e-14
    outer loop
      vertex   1.355170e+02 1.386484e+02 2.000000e+02
      vertex   1.355670e+02 1.385278e+02 2.025000e+02
      vertex   1.355170e+02 1.386484e+02 2.025000e+02
    endloop
  endfacet
  facet normal -9.914449e-01 -1.305262e-01 -2.402676e-14
    outer loop
      vertex   1.355170e+02 1.386484e+02 2.000000e+02
      vertex   1.355170e+02 1.386484e+02 2.025000e+02
      vertex   1.355000e+02 1.387778e+02 2.025000e+02
    endloop
  endfacet
  facet normal 1.305262e-01 -9.914449e-01 2.225867e-15
    outer loop
      vertex   1.590000e+02 1.382778e+02 2.025000e+02
      vertex   1.590000e+02 1.382778e+02 1.975000e+02
      vertex   1.591294e+02 1.382948e+02 2.000000e+02
    endloop
  endfacet
  facet normal 1.305262e-01 -9.914449e-01 1.275533e-14
    outer loop
      vertex   1.591294e+02 1.382948e+02 2.000000e+02
      vertex   1.590000e+02 1.382778e+02 1.975000e+02
      vertex   1.591294e+02 1.382948e+02 1.975000e+02
    endloop
  endfacet
  facet normal 3.826834e-01 -9.238795e-01 1.485390e-14
    outer loop
      vertex   1.591294e+02 1.382948e+02 2.000000e+02
      vertex   1.591294e+02 1.382948e+02 1.975000e+02
      vertex   1.592500e+02 1.383448e+02 2.000000e+02
    endloop
  endfacet
  facet normal 3.826834e-01 -9.238795e-01 8.701214e-15
    outer loop
      vertex   1.592500e+02 1.383448e+02 2.000000e+02
      vertex   1.591294e+02 1.382948e+02 1.975000e+02
      vertex   1.592500e+02 1.383448e+02 1.975000e+02
    endloop
  endfacet
  facet normal 6.087614e-01 -7.933533e-01 1.384163e-14
    outer loop
      vertex   1.592500e+02 1.383448e+02 2.000000e+02
      vertex   1.592500e+02 1.383448e+02 1.975000e+02
      vertex   1.593536e+02 1.384242e+02 2.000000e+02
    endloop
  endfacet
  facet normal 6.087614e-01 -7.933533e-01 1.384163e-14
    outer loop
      vertex   1.593536e+02 1.384242e+02 2.000000e+02
      vertex   1.592500e+02 1.383448e+02 1.975000e+02
      vertex   1.593536e+02 1.384242e+02 1.975000e+02
    endloop
  endfacet
  facet normal 7.933533e-01 -6.087614e-01 1.803877e-14
    outer loop
      vertex   1.593536e+02 1.384242e+02 2.000000e+02
      vertex   1.593536e+02 1.384242e+02 1.975000e+02
      vertex   1.594330e+02 1.385278e+02 2.000000e+02
    endloop
  endfacet
  facet normal 7.933533e-01 -6.087614e-01 1.803877e-14
    outer loop
      vertex   1.594330e+02 1.385278e+02 2.000000e+02
      vertex   1.593536e+02 1.384242e+02 1.975000e+02
      vertex   1.594330e+02 1.385278e+02 1.975000e+02
    endloop
  endfacet
  facet normal 9.238795e-01 -3.826834e-01 2.100659e-14
    outer loop
      vertex   1.594330e+02 1.385278e+02 2.000000e+02
      vertex   1.594330e+02 1.385278e+02 1.975000e+02
      vertex   1.594830e+02 1.386484e+02 2.000000e+02
    endloop
  endfacet
  facet normal 9.238795e-01 -3.826834e-01 2.100659e-14
    outer loop
      vertex   1.594830e+02 1.386484e+02 2.000000e+02
      vertex   1.594330e+02 1.385278e+02 1.975000e+02
      vertex   1.594830e+02 1.386484e+02 1.975000e+02
    endloop
  endfacet
  facet normal 9.914449e-01 -1.305262e-01 2.254285e-14
    outer loop
      vertex   1.594830e+02 1.386484e+02 2.000000e+02
      vertex   1.594830e+02 1.386484e+02 1.975000e+02
      vertex   1.595000e+02 1.387778e+02 1.975000e+02
    endloop
  endfacet
  facet normal 9.914449e-01 -1.305262e-01 2.254285e-14
    outer loop
      vertex   1.595000e+02 1.387778e+02 1.975000e+02
      vertex   1.595000e+02 1.387778e+02 2.025000e+02
      vertex   1.594830e+02 1.386484e+02 2.000000e+02
    endloop
  endfacet
  facet normal 9.914449e-01 -1.305262e-01 2.254285e-14
    outer loop
      vertex   1.594830e+02 1.386484e+02 2.000000e+02
      vertex   1.595000e+02 1.387778e+02 2.025000e+02
      vertex   1.594830e+02 1.386484e+02 2.025000e+02
    endloop
  endfacet
  facet normal 9.238795e-01 -3.826834e-01 2.100659e-14
    outer loop
      vertex   1.594830e+02 1.386484e+02 2.000000e+02
      vertex   1.594830e+02 1.386484e+02 2.025000e+02
      vertex   1.594330e+02 1.385278e+02 2.000000e+02
    endloop
  endfacet
  facet normal 9.238795e-01 -3.826834e-01 2.100659e-14
    outer loop
      vertex   1.594330e+02 1.385278e+02 2.000000e+02
      vertex   1.594830e+02 1.386484e+02 2.025000e+02
      vertex   1.594330e+02 1.385278e+02 2.025000e+02
    endloop
  endfacet
  facet normal 7.933533e-01 -6.087614e-01 1.803877e-14
    outer loop
      vertex   1.594330e+02 1.385278e+02 2.000000e+02
      vertex   1.594330e+02 1.385278e+02 2.025000e+02
      vertex   1.593536e+02 1.384242e+02 2.000000e+02
    endloop
  endfacet
  facet normal 7.933533e-01 -6.087614e-01 9.019383e-15
    outer loop
      vertex   1.593536e+02 1.384242e+02 2.000000e+02
      vertex   1.594330e+02 1.385278e+02 2.025000e+02
      vertex   1.593536e+02 1.384242e+02 2.025000e+02
    endloop
  endfacet
  facet normal 6.087614e-01 -7.933533e-01 6.920816e-15
    outer loop
      vertex   1.593536e+02 1.384242e+02 2.000000e+02
      vertex   1.593536e+02 1.384242e+02 2.025000e+02
      vertex   1.592500e+02 1.383448e+02 2.000000e+02
    endloop
  endfacet
  facet normal 6.087614e-01 -7.933533e-01 1.384163e-14
    outer loop
      vertex   1.592500e+02 1.383448e+02 2.000000e+02
      vertex   1.593536e+02 1.384242e+02 2.025000e+02
      vertex   1.592500e+02 1.383448e+02 2.025000e+02
    endloop
  endfacet
  facet normal 3.826834e-01 -9.238795e-01 8.701214e-15
    outer loop
      vertex   1.592500e+02 1.383448e+02 2.000000e+02
      vertex   1.592500e+02 1.383448e+02 2.025000e+02
      vertex   1.591294e+02 1.382948e+02 2.000000e+02
    endloop
  endfacet
  facet normal 3.826834e-01 -9.238795e-01 -1.802080e-15
    outer loop
      vertex   1.591294e+02 1.382948e+02 2.000000e+02
      vertex   1.592500e+02 1.383448e+02 2.025000e+02
      vertex   1.591294e+02 1.382948e+02 2.025000e+02
    endloop
  endfacet
  facet normal 1.305262e-01 -9.914449e-01 -8.303601e-15
    outer loop
      vertex   1.591294e+02 1.382948e+02 2.000000e+02
      vertex   1.591294e+02 1.382948e+02 2.025000e+02
      vertex   1.590000e+02 1.382778e+02 2.025000e+02
    endloop
  endfacet
  facet normal -9.914449e-01 -0.000000e+00 -1.305262e-01
    outer loop
      vertex   1.355170e+02 1.781000e+02 1.973706e+02
      vertex   1.355170e+02 1.752913e+02 1.973706e+02
      vertex   1.355000e+02 1.781000e+02 1.975000e+02
    endloop
  endfacet
  facet normal -9.914449e-01 0.000000e+00 -1.305262e-01
    outer loop
      vertex   1.355000e+02 1.781000e+02 1.975000e+02
      vertex   1.355170e+02 1.752913e+02 1.973706e+02
      vertex   1.355170e+02 1.724825e+02 1.973706e+02
    endloop
  endfacet
  facet normal -9.914449e-01 0.000000e+00 -1.305262e-01
    outer loop
      vertex   1.355000e+02 1.781000e+02 1.975000e+02
      vertex   1.355170e+02 1.724825e+02 1.973706e+02
      vertex   1.355170e+02 1.696738e+02 1.973706e+02
    endloop
  endfacet
  facet normal -9.238795e-01 0.000000e+00 -3.826834e-01
    outer loop
      vertex   1.355170e+02 1.696738e+02 1.973706e+02
      vertex   1.355170e+02 1.724825e+02 1.973706e+02
      vertex   1.355670e+02 1.696738e+02 1.972500e+02
    endloop
  endfacet
  facet normal -9.238795e-01 0.000000e+00 -3.826834e-01
    outer loop
      vertex   1.355170e+02 1.696738e+02 1.973706e+02
      vertex   1.355670e+02 1.696738e+02 1.972500e+02
      vertex   1.355670e+02 1.668651e+02 1.972500e+02
    endloop
  endfacet
  facet normal -7.933533e-01 0.000000e+00 -6.087614e-01
    outer loop
      vertex   1.355670e+02 1.668651e+02 1.972500e+02
      vertex   1.355670e+02 1.696738e+02 1.972500e+02
      vertex   1.356464e+02 1.668651e+02 1.971464e+02
    endloop
  endfacet
  facet normal -7.933533e-01 0.000000e+00 -6.087614e-01
    outer loop
      vertex   1.355670e+02 1.668651e+02 1.972500e+02
      vertex   1.356464e+02 1.668651e+02 1.971464e+02
      vertex   1.356464e+02 1.640564e+02 1.971464e+02
    endloop
  endfacet
  facet normal -6.087614e-01 0.000000e+00 -7.933533e-01
    outer loop
      vertex   1.356464e+02 1.640564e+02 1.971464e+02
      vertex   1.356464e+02 1.668651e+02 1.971464e+02
      vertex   1.357500e+02 1.640564e+02 1.970670e+02
    endloop
  endfacet
  facet normal -6.087614e-01 0.000000e+00 -7.933533e-01
    outer loop
      vertex   1.356464e+02 1.640564e+02 1.971464e+02
      vertex   1.357500e+02 1.640564e+02 1.970670e+02
      vertex   1.357500e+02 1.612476e+02 1.970670e+02
    endloop
  endfacet
  facet normal -3.826834e-01 0.000000e+00 -9.238795e-01
    outer loop
      vertex   1.357500e+02 1.612476e+02 1.970670e+02
      vertex   1.357500e+02 1.640564e+02 1.970670e+02
      vertex   1.358706e+02 1.612476e+02 1.970170e+02
    endloop
  endfacet
  facet normal -3.826834e-01 0.000000e+00 -9.238795e-01
    outer loop
      vertex   1.357500e+02 1.612476e+02 1.970670e+02
      vertex   1.358706e+02 1.612476e+02 1.970170e+02
      vertex   1.358706e+02 1.584389e+02 1.970170e+02
    endloop
  endfacet
  facet normal -1.305262e-01 0.000000e+00 -9.914449e-01
    outer loop
      vertex   1.358706e+02 1.584389e+02 1.970170e+02
      vertex   1.358706e+02 1.612476e+02 1.970170e+02
      vertex   1.360000e+02 1.781000e+02 1.970000e+02
    endloop
  endfacet
  facet normal -1.305262e-01 0.000000e+00 -9.914449e-01
    outer loop
      vertex   1.358706e+02 1.584389e+02 1.970170e+02
      vertex   1.360000e+02 1.781000e+02 1.970000e+02
      vertex   1.360000e+02 1.387778e+02 1.970000e+02
    endloop
  endfacet
  facet normal -9.238795e-01 0.000000e+00 -3.826834e-01
    outer loop
      vertex   1.355170e+02 1.752913e+02 1.973706e+02
      vertex   1.355170e+02 1.781000e+02 1.973706e+02
      vertex   1.355670e+02 1.752913e+02 1.972500e+02
    endloop
  endfacet
  facet normal -9.238795e-01 0.000000e+00 -3.826834e-01
    outer loop
      vertex   1.355670e+02 1.752913e+02 1.972500e+02
      vertex   1.355170e+02 1.781000e+02 1.973706e+02
      vertex   1.355670e+02 1.781000e+02 1.972500e+02
    endloop
  endfacet
  facet normal -7.933533e-01 0.000000e+00 -6.087614e-01
    outer loop
      vertex   1.355670e+02 1.752913e+02 1.972500e+02
      vertex   1.355670e+02 1.781000e+02 1.972500e+02
      vertex   1.356464e+02 1.752913e+02 1.971464e+02
    endloop
  endfacet
  facet normal -7.933533e-01 0.000000e+00 -6.087614e-01
    outer loop
      vertex   1.356464e+02 1.752913e+02 1.971464e+02
      vertex   1.355670e+02 1.781000e+02 1.972500e+02
      vertex   1.356464e+02 1.781000e+02 1.971464e+02
    endloop
  endfacet
  facet normal -6.087614e-01 0.000000e+00 -7.933533e-01
    outer loop
      vertex   1.356464e+02 1.752913e+02 1.971464e+02
      vertex   1.356464e+02 1.781000e+02 1.971464e+02
      vertex   1.357500e+02 1.752913e+02 1.970670e+02
    endloop
  endfacet
  facet normal -6.087614e-01 0.000000e+00 -7.933533e-01
    outer loop
      vertex   1.357500e+02 1.752913e+02 1.970670e+02
      vertex   1.356464e+02 1.781000e+02 1.971464e+02
      vertex   1.357500e+02 1.781000e+02 1.970670e+02
    endloop
  endfacet
  facet normal -3.826834e-01 0.000000e+00 -9.238795e-01
    outer loop
      vertex   1.357500e+02 1.752913e+02 1.970670e+02
      vertex   1.357500e+02 1.781000e+02 1.970670e+02
      vertex   1.358706e+02 1.752913e+02 1.970170e+02
    endloop
  endfacet
  facet normal -3.826834e-01 0.000000e+00 -9.238795e-01
    outer loop
      vertex   1.358706e+02 1.752913e+02 1.970170e+02
      vertex   1.357500e+02 1.781000e+02 1.970670e+02
      vertex   1.358706e+02 1.781000e+02 1.970170e+02
    endloop
  endfacet
  facet normal -1.305262e-01 0.000000e+00 -9.914449e-01
    outer loop
      vertex   1.358706e+02 1.752913e+02 1.970170e+02
      vertex   1.358706e+02 1.781000e+02 1.970170e+02
      vertex   1.360000e+02 1.781000e+02 1.970000e+02
    endloop
  endfacet
  facet normal -1.305262e-01 1.135329e-14 -9.914449e-01
    outer loop
      vertex   1.358706e+02 1.387778e+02 1.970170e+02
      vertex   1.358706e+02 1.415865e+02 1.970170e+02
      vertex   1.360000e+02 1.387778e+02 1.970000e+02
    endloop
  endfacet
  facet normal -1.305262e-01 -1.321344e-15 -9.914449e-01
    outer loop
      vertex   1.360000e+02 1.387778e+02 1.970000e+02
      vertex   1.358706e+02 1.415865e+02 1.970170e+02
      vertex   1.358706e+02 1.443952e+02 1.970170e+02
    endloop
  endfacet
  facet normal -1.305262e-01 0.000000e+00 -9.914449e-01
    outer loop
      vertex   1.360000e+02 1.387778e+02 1.970000e+02
      vertex   1.358706e+02 1.443952e+02 1.970170e+02
      vertex   1.358706e+02 1.472040e+02 1.970170e+02
    endloop
  endfacet
  facet normal -3.826834e-01 -0.000000e+00 -9.238795e-01
    outer loop
      vertex   1.358706e+02 1.472040e+02 1.970170e+02
      vertex   1.358706e+02 1.443952e+02 1.970170e+02
      vertex   1.357500e+02 1.472040e+02 1.970670e+02
    endloop
  endfacet
  facet normal -3.826834e-01 0.000000e+00 -9.238795e-01
    outer loop
      vertex   1.358706e+02 1.472040e+02 1.970170e+02
      vertex   1.357500e+02 1.472040e+02 1.970670e+02
      vertex   1.357500e+02 1.500127e+02 1.970670e+02
    endloop
  endfacet
  facet normal -6.087614e-01 -0.000000e+00 -7.933533e-01
    outer loop
      vertex   1.357500e+02 1.500127e+02 1.970670e+02
      vertex   1.357500e+02 1.472040e+02 1.970670e+02
      vertex   1.356464e+02 1.500127e+02 1.971464e+02
    endloop
  endfacet
  facet normal -6.087614e-01 0.000000e+00 -7.933533e-01
    outer loop
      vertex   1.357500e+02 1.500127e+02 1.970670e+02
      vertex   1.356464e+02 1.500127e+02 1.971464e+02
      vertex   1.356464e+02 1.528214e+02 1.971464e+02
    endloop
  endfacet
  facet normal -7.933533e-01 -0.000000e+00 -6.087614e-01
    outer loop
      vertex   1.356464e+02 1.528214e+02 1.971464e+02
      vertex   1.356464e+02 1.500127e+02 1.971464e+02
      vertex   1.355670e+02 1.528214e+02 1.972500e+02
    endloop
  endfacet
  facet normal -7.933533e-01 0.000000e+00 -6.087614e-01
    outer loop
      vertex   1.356464e+02 1.528214e+02 1.971464e+02
      vertex   1.355670e+02 1.528214e+02 1.972500e+02
      vertex   1.355670e+02 1.556302e+02 1.972500e+02
    endloop
  endfacet
  facet normal -9.238795e-01 -0.000000e+00 -3.826834e-01
    outer loop
      vertex   1.355670e+02 1.556302e+02 1.972500e+02
      vertex   1.355670e+02 1.528214e+02 1.972500e+02
      vertex   1.355170e+02 1.556302e+02 1.973706e+02
    endloop
  endfacet
  facet normal -9.238795e-01 0.000000e+00 -3.826834e-01
    outer loop
      vertex   1.355670e+02 1.556302e+02 1.972500e+02
      vertex   1.355170e+02 1.556302e+02 1.973706e+02
      vertex   1.355170e+02 1.584389e+02 1.973706e+02
    endloop
  endfacet
  facet normal -9.914449e-01 -0.000000e+00 -1.305262e-01
    outer loop
      vertex   1.355170e+02 1.584389e+02 1.973706e+02
      vertex   1.355170e+02 1.556302e+02 1.973706e+02
      vertex   1.355000e+02 1.387778e+02 1.975000e+02
    endloop
  endfacet
  facet normal -9.914449e-01 0.000000e+00 -1.305262e-01
    outer loop
      vertex   1.355170e+02 1.584389e+02 1.973706e+02
      vertex   1.355000e+02 1.387778e+02 1.975000e+02
      vertex   1.355000e+02 1.781000e+02 1.975000e+02
    endloop
  endfacet
  facet normal -3.826834e-01 1.322119e-14 -9.238795e-01
    outer loop
      vertex   1.358706e+02 1.415865e+02 1.970170e+02
      vertex   1.358706e+02 1.387778e+02 1.970170e+02
      vertex   1.357500e+02 1.415865e+02 1.970670e+02
    endloop
  endfacet
  facet normal -3.826834e-01 1.869759e-14 -9.238795e-01
    outer loop
      vertex   1.357500e+02 1.415865e+02 1.970670e+02
      vertex   1.358706e+02 1.387778e+02 1.970170e+02
      vertex   1.357500e+02 1.387778e+02 1.970670e+02
    endloop
  endfacet
  facet normal -6.087614e-01 1.605598e-14 -7.933533e-01
    outer loop
      vertex   1.357500e+02 1.415865e+02 1.970670e+02
      vertex   1.357500e+02 1.387778e+02 1.970670e+02
      vertex   1.356464e+02 1.415865e+02 1.971464e+02
    endloop
  endfacet
  facet normal -6.087614e-01 6.160095e-15 -7.933533e-01
    outer loop
      vertex   1.356464e+02 1.415865e+02 1.971464e+02
      vertex   1.357500e+02 1.387778e+02 1.970670e+02
      vertex   1.356464e+02 1.387778e+02 1.971464e+02
    endloop
  endfacet
  facet normal -7.933533e-01 8.027992e-15 -6.087614e-01
    outer loop
      vertex   1.356464e+02 1.415865e+02 1.971464e+02
      vertex   1.356464e+02 1.387778e+02 1.971464e+02
      vertex   1.355670e+02 1.415865e+02 1.972500e+02
    endloop
  endfacet
  facet normal -7.933533e-01 1.418809e-14 -6.087614e-01
    outer loop
      vertex   1.355670e+02 1.415865e+02 1.972500e+02
      vertex   1.356464e+02 1.387778e+02 1.971464e+02
      vertex   1.355670e+02 1.387778e+02 1.972500e+02
    endloop
  endfacet
  facet normal -9.238795e-01 1.322119e-14 -3.826834e-01
    outer loop
      vertex   1.355670e+02 1.415865e+02 1.972500e+02
      vertex   1.355670e+02 1.387778e+02 1.972500e+02
      vertex   1.355170e+02 1.415865e+02 1.973706e+02
    endloop
  endfacet
  facet normal -9.238795e-01 9.348794e-15 -3.826834e-01
    outer loop
      vertex   1.355170e+02 1.415865e+02 1.973706e+02
      vertex   1.355670e+02 1.387778e+02 1.972500e+02
      vertex   1.355170e+02 1.387778e+02 1.973706e+02
    endloop
  endfacet
  facet normal -9.914449e-01 1.003249e-14 -1.305262e-01
    outer loop
      vertex   1.355170e+02 1.415865e+02 1.973706e+02
      vertex   1.355170e+02 1.387778e+02 1.973706e+02
      vertex   1.355000e+02 1.387778e+02 1.975000e+02
    endloop
  endfacet
  facet normal -9.238795e-01 0.000000e+00 -3.826834e-01
    outer loop
      vertex   1.355170e+02 1.724825e+02 1.973706e+02
      vertex   1.355170e+02 1.752913e+02 1.973706e+02
      vertex   1.355670e+02 1.724825e+02 1.972500e+02
    endloop
  endfacet
  facet normal -9.238795e-01 0.000000e+00 -3.826834e-01
    outer loop
      vertex   1.355670e+02 1.724825e+02 1.972500e+02
      vertex   1.355170e+02 1.752913e+02 1.973706e+02
      vertex   1.355670e+02 1.752913e+02 1.972500e+02
    endloop
  endfacet
  facet normal -7.933533e-01 0.000000e+00 -6.087614e-01
    outer loop
      vertex   1.355670e+02 1.724825e+02 1.972500e+02
      vertex   1.355670e+02 1.752913e+02 1.972500e+02
      vertex   1.356464e+02 1.724825e+02 1.971464e+02
    endloop
  endfacet
  facet normal -7.933533e-01 0.000000e+00 -6.087614e-01
    outer loop
      vertex   1.356464e+02 1.724825e+02 1.971464e+02
      vertex   1.355670e+02 1.752913e+02 1.972500e+02
      vertex   1.356464e+02 1.752913e+02 1.971464e+02
    endloop
  endfacet
  facet normal -6.087614e-01 0.000000e+00 -7.933533e-01
    outer loop
      vertex   1.356464e+02 1.724825e+02 1.971464e+02
      vertex   1.356464e+02 1.752913e+02 1.971464e+02
      vertex   1.357500e+02 1.724825e+02 1.970670e+02
    endloop
  endfacet
  facet normal -6.087614e-01 0.000000e+00 -7.933533e-01
    outer loop
      vertex   1.357500e+02 1.724825e+02 1.970670e+02
      vertex   1.356464e+02 1.752913e+02 1.971464e+02
      vertex   1.357500e+02 1.752913e+02 1.970670e+02
    endloop
  endfacet
  facet normal -3.826834e-01 0.000000e+00 -9.238795e-01
    outer loop
      vertex   1.357500e+02 1.724825e+02 1.970670e+02
      vertex   1.357500e+02 1.752913e+02 1.970670e+02
      vertex   1.358706e+02 1.724825e+02 1.970170e+02
    endloop
  endfacet
  facet normal -3.826834e-01 0.000000e+00 -9.238795e-01
    outer loop
      vertex   1.358706e+02 1.724825e+02 1.970170e+02
      vertex   1.357500e+02 1.752913e+02 1.970670e+02
      vertex   1.358706e+02 1.752913e+02 1.970170e+02
    endloop
  endfacet
  facet normal -1.305262e-01 0.000000e+00 -9.914449e-01
    outer loop
      vertex   1.358706e+02 1.724825e+02 1.970170e+02
      vertex   1.358706e+02 1.752913e+02 1.970170e+02
      vertex   1.360000e+02 1.781000e+02 1.970000e+02
    endloop
  endfacet
  facet normal -9.914449e-01 -0.000000e+00 -1.305262e-01
    outer loop
      vertex   1.355170e+02 1.696738e+02 1.973706e+02
      vertex   1.355170e+02 1.668651e+02 1.973706e+02
      vertex   1.355000e+02 1.781000e+02 1.975000e+02
    endloop
  endfacet
  facet normal -9.914449e-01 0.000000e+00 -1.305262e-01
    outer loop
      vertex   1.355000e+02 1.781000e+02 1.975000e+02
      vertex   1.355170e+02 1.668651e+02 1.973706e+02
      vertex   1.355170e+02 1.640564e+02 1.973706e+02
    endloop
  endfacet
  facet normal -9.914449e-01 0.000000e+00 -1.305262e-01
    outer loop
      vertex   1.355000e+02 1.781000e+02 1.975000e+02
      vertex   1.355170e+02 1.640564e+02 1.973706e+02
      vertex   1.355170e+02 1.612476e+02 1.973706e+02
    endloop
  endfacet
  facet normal -9.238795e-01 0.000000e+00 -3.826834e-01
    outer loop
      vertex   1.355170e+02 1.612476e+02 1.973706e+02
      vertex   1.355170e+02 1.640564e+02 1.973706e+02
      vertex   1.355670e+02 1.612476e+02 1.972500e+02
    endloop
  endfacet
  facet normal -9.238795e-01 0.000000e+00 -3.826834e-01
    outer loop
      vertex   1.355170e+02 1.612476e+02 1.973706e+02
      vertex   1.355670e+02 1.612476e+02 1.972500e+02
      vertex   1.355670e+02 1.584389e+02 1.972500e+02
    endloop
  endfacet
  facet normal -7.933533e-01 0.000000e+00 -6.087614e-01
    outer loop
      vertex   1.355670e+02 1.584389e+02 1.972500e+02
      vertex   1.355670e+02 1.612476e+02 1.972500e+02
      vertex   1.356464e+02 1.584389e+02 1.971464e+02
    endloop
  endfacet
  facet normal -7.933533e-01 0.000000e+00 -6.087614e-01
    outer loop
      vertex   1.355670e+02 1.584389e+02 1.972500e+02
      vertex   1.356464e+02 1.584389e+02 1.971464e+02
      vertex   1.356464e+02 1.556302e+02 1.971464e+02
    endloop
  endfacet
  facet normal -6.087614e-01 0.000000e+00 -7.933533e-01
    outer loop
      vertex   1.356464e+02 1.556302e+02 1.971464e+02
      vertex   1.356464e+02 1.584389e+02 1.971464e+02
      vertex   1.357500e+02 1.556302e+02 1.970670e+02
    endloop
  endfacet
  facet normal -6.087614e-01 0.000000e+00 -7.933533e-01
    outer loop
      vertex   1.356464e+02 1.556302e+02 1.971464e+02
      vertex   1.357500e+02 1.556302e+02 1.970670e+02
      vertex   1.357500e+02 1.528214e+02 1.970670e+02
    endloop
  endfacet
  facet normal -3.826834e-01 0.000000e+00 -9.238795e-01
    outer loop
      vertex   1.357500e+02 1.528214e+02 1.970670e+02
      vertex   1.357500e+02 1.556302e+02 1.970670e+02
      vertex   1.358706e+02 1.528214e+02 1.970170e+02
    endloop
  endfacet
  facet normal -3.826834e-01 0.000000e+00 -9.238795e-01
    outer loop
      vertex   1.357500e+02 1.528214e+02 1.970670e+02
      vertex   1.358706e+02 1.528214e+02 1.970170e+02
      vertex   1.358706e+02 1.500127e+02 1.970170e+02
    endloop
  endfacet
  facet normal -1.305262e-01 0.000000e+00 -9.914449e-01
    outer loop
      vertex   1.358706e+02 1.500127e+02 1.970170e+02
      vertex   1.358706e+02 1.528214e+02 1.970170e+02
      vertex   1.360000e+02 1.387778e+02 1.970000e+02
    endloop
  endfacet
  facet normal -1.305262e-01 -0.000000e+00 -9.914449e-01
    outer loop
      vertex   1.358706e+02 1.500127e+02 1.970170e+02
      vertex   1.360000e+02 1.387778e+02 1.970000e+02
      vertex   1.358706e+02 1.472040e+02 1.970170e+02
    endloop
  endfacet
  facet normal -9.238795e-01 -0.000000e+00 -3.826834e-01
    outer loop
      vertex   1.355170e+02 1.696738e+02 1.973706e+02
      vertex   1.355670e+02 1.668651e+02 1.972500e+02
      vertex   1.355170e+02 1.668651e+02 1.973706e+02
    endloop
  endfacet
  facet normal -9.238795e-01 0.000000e+00 -3.826834e-01
    outer loop
      vertex   1.355170e+02 1.668651e+02 1.973706e+02
      vertex   1.355670e+02 1.668651e+02 1.972500e+02
      vertex   1.355670e+02 1.640564e+02 1.972500e+02
    endloop
  endfacet
  facet normal -9.238795e-01 -0.000000e+00 -3.826834e-01
    outer loop
      vertex   1.355170e+02 1.668651e+02 1.973706e+02
      vertex   1.355670e+02 1.640564e+02 1.972500e+02
      vertex   1.355170e+02 1.640564e+02 1.973706e+02
    endloop
  endfacet
  facet normal -9.238795e-01 0.000000e+00 -3.826834e-01
    outer loop
      vertex   1.355170e+02 1.640564e+02 1.973706e+02
      vertex   1.355670e+02 1.640564e+02 1.972500e+02
      vertex   1.355670e+02 1.612476e+02 1.972500e+02
    endloop
  endfacet
  facet normal -9.914449e-01 0.000000e+00 -1.305262e-01
    outer loop
      vertex   1.355170e+02 1.584389e+02 1.973706e+02
      vertex   1.355000e+02 1.781000e+02 1.975000e+02
      vertex   1.355170e+02 1.612476e+02 1.973706e+02
    endloop
  endfacet
  facet normal -9.238795e-01 -3.872397e-15 -3.826834e-01
    outer loop
      vertex   1.355670e+02 1.556302e+02 1.972500e+02
      vertex   1.355170e+02 1.584389e+02 1.973706e+02
      vertex   1.355670e+02 1.584389e+02 1.972500e+02
    endloop
  endfacet
  facet normal -9.238795e-01 0.000000e+00 -3.826834e-01
    outer loop
      vertex   1.355670e+02 1.584389e+02 1.972500e+02
      vertex   1.355170e+02 1.584389e+02 1.973706e+02
      vertex   1.355170e+02 1.612476e+02 1.973706e+02
    endloop
  endfacet
  facet normal -9.914449e-01 -0.000000e+00 -1.305262e-01
    outer loop
      vertex   1.355170e+02 1.556302e+02 1.973706e+02
      vertex   1.355170e+02 1.528214e+02 1.973706e+02
      vertex   1.355000e+02 1.387778e+02 1.975000e+02
    endloop
  endfacet
  facet normal -9.914449e-01 0.000000e+00 -1.305262e-01
    outer loop
      vertex   1.355000e+02 1.387778e+02 1.975000e+02
      vertex   1.355170e+02 1.528214e+02 1.973706e+02
      vertex   1.355170e+02 1.500127e+02 1.973706e+02
    endloop
  endfacet
  facet normal -9.914449e-01 0.000000e+00 -1.305262e-01
    outer loop
      vertex   1.355000e+02 1.387778e+02 1.975000e+02
      vertex   1.355170e+02 1.500127e+02 1.973706e+02
      vertex   1.355170e+02 1.472040e+02 1.973706e+02
    endloop
  endfacet
  facet normal -9.238795e-01 0.000000e+00 -3.826834e-01
    outer loop
      vertex   1.355170e+02 1.472040e+02 1.973706e+02
      vertex   1.355170e+02 1.500127e+02 1.973706e+02
      vertex   1.355670e+02 1.472040e+02 1.972500e+02
    endloop
  endfacet
  facet normal -9.238795e-01 0.000000e+00 -3.826834e-01
    outer loop
      vertex   1.355170e+02 1.472040e+02 1.973706e+02
      vertex   1.355670e+02 1.472040e+02 1.972500e+02
      vertex   1.355670e+02 1.443952e+02 1.972500e+02
    endloop
  endfacet
  facet normal -7.933533e-01 0.000000e+00 -6.087614e-01
    outer loop
      vertex   1.355670e+02 1.443952e+02 1.972500e+02
      vertex   1.355670e+02 1.472040e+02 1.972500e+02
      vertex   1.356464e+02 1.443952e+02 1.971464e+02
    endloop
  endfacet
  facet normal -7.933533e-01 0.000000e+00 -6.087614e-01
    outer loop
      vertex   1.355670e+02 1.443952e+02 1.972500e+02
      vertex   1.356464e+02 1.443952e+02 1.971464e+02
      vertex   1.356464e+02 1.415865e+02 1.971464e+02
    endloop
  endfacet
  facet normal -6.087614e-01 0.000000e+00 -7.933533e-01
    outer loop
      vertex   1.356464e+02 1.415865e+02 1.971464e+02
      vertex   1.356464e+02 1.443952e+02 1.971464e+02
      vertex   1.357500e+02 1.415865e+02 1.970670e+02
    endloop
  endfacet
  facet normal -9.238795e-01 -0.000000e+00 -3.826834e-01
    outer loop
      vertex   1.355170e+02 1.556302e+02 1.973706e+02
      vertex   1.355670e+02 1.528214e+02 1.972500e+02
      vertex   1.355170e+02 1.528214e+02 1.973706e+02
    endloop
  endfacet
  facet normal -9.238795e-01 0.000000e+00 -3.826834e-01
    outer loop
      vertex   1.355170e+02 1.528214e+02 1.973706e+02
      vertex   1.355670e+02 1.528214e+02 1.972500e+02
      vertex   1.355670e+02 1.500127e+02 1.972500e+02
    endloop
  endfacet
  facet normal -9.238795e-01 -0.000000e+00 -3.826834e-01
    outer loop
      vertex   1.355170e+02 1.528214e+02 1.973706e+02
      vertex   1.355670e+02 1.500127e+02 1.972500e+02
      vertex   1.355170e+02 1.500127e+02 1.973706e+02
    endloop
  endfacet
  facet normal -9.238795e-01 0.000000e+00 -3.826834e-01
    outer loop
      vertex   1.355170e+02 1.500127e+02 1.973706e+02
      vertex   1.355670e+02 1.500127e+02 1.972500e+02
      vertex   1.355670e+02 1.472040e+02 1.972500e+02
    endloop
  endfacet
  facet normal -9.914449e-01 0.000000e+00 -1.305262e-01
    outer loop
      vertex   1.355170e+02 1.415865e+02 1.973706e+02
      vertex   1.355000e+02 1.387778e+02 1.975000e+02
      vertex   1.355170e+02 1.443952e+02 1.973706e+02
    endloop
  endfacet
  facet normal -9.914449e-01 0.000000e+00 -1.305262e-01
    outer loop
      vertex   1.355170e+02 1.443952e+02 1.973706e+02
      vertex   1.355000e+02 1.387778e+02 1.975000e+02
      vertex   1.355170e+02 1.472040e+02 1.973706e+02
    endloop
  endfacet
  facet normal -9.238795e-01 0.000000e+00 -3.826834e-01
    outer loop
      vertex   1.355170e+02 1.443952e+02 1.973706e+02
      vertex   1.355170e+02 1.472040e+02 1.973706e+02
      vertex   1.355670e+02 1.443952e+02 1.972500e+02
    endloop
  endfacet
  facet normal -9.238795e-01 0.000000e+00 -3.826834e-01
    outer loop
      vertex   1.355670e+02 1.415865e+02 1.972500e+02
      vertex   1.355170e+02 1.415865e+02 1.973706e+02
      vertex   1.355170e+02 1.443952e+02 1.973706e+02
    endloop
  endfacet
  facet normal -9.238795e-01 0.000000e+00 -3.826834e-01
    outer loop
      vertex   1.355670e+02 1.415865e+02 1.972500e+02
      vertex   1.355170e+02 1.443952e+02 1.973706e+02
      vertex   1.355670e+02 1.443952e+02 1.972500e+02
    endloop
  endfacet
  facet normal -9.238795e-01 0.000000e+00 -3.826834e-01
    outer loop
      vertex   1.355170e+02 1.724825e+02 1.973706e+02
      vertex   1.355670e+02 1.724825e+02 1.972500e+02
      vertex   1.355670e+02 1.696738e+02 1.972500e+02
    endloop
  endfacet
  facet normal -7.933533e-01 0.000000e+00 -6.087614e-01
    outer loop
      vertex   1.355670e+02 1.696738e+02 1.972500e+02
      vertex   1.355670e+02 1.724825e+02 1.972500e+02
      vertex   1.356464e+02 1.696738e+02 1.971464e+02
    endloop
  endfacet
  facet normal -7.933533e-01 0.000000e+00 -6.087614e-01
    outer loop
      vertex   1.355670e+02 1.696738e+02 1.972500e+02
      vertex   1.356464e+02 1.696738e+02 1.971464e+02
      vertex   1.356464e+02 1.668651e+02 1.971464e+02
    endloop
  endfacet
  facet normal -6.087614e-01 0.000000e+00 -7.933533e-01
    outer loop
      vertex   1.356464e+02 1.668651e+02 1.971464e+02
      vertex   1.356464e+02 1.696738e+02 1.971464e+02
      vertex   1.357500e+02 1.668651e+02 1.970670e+02
    endloop
  endfacet
  facet normal -6.087614e-01 0.000000e+00 -7.933533e-01
    outer loop
      vertex   1.356464e+02 1.668651e+02 1.971464e+02
      vertex   1.357500e+02 1.668651e+02 1.970670e+02
      vertex   1.357500e+02 1.640564e+02 1.970670e+02
    endloop
  endfacet
  facet normal -3.826834e-01 0.000000e+00 -9.238795e-01
    outer loop
      vertex   1.357500e+02 1.640564e+02 1.970670e+02
      vertex   1.357500e+02 1.668651e+02 1.970670e+02
      vertex   1.358706e+02 1.640564e+02 1.970170e+02
    endloop
  endfacet
  facet normal -3.826834e-01 0.000000e+00 -9.238795e-01
    outer loop
      vertex   1.357500e+02 1.640564e+02 1.970670e+02
      vertex   1.358706e+02 1.640564e+02 1.970170e+02
      vertex   1.358706e+02 1.612476e+02 1.970170e+02
    endloop
  endfacet
  facet normal -1.305262e-01 0.000000e+00 -9.914449e-01
    outer loop
      vertex   1.358706e+02 1.612476e+02 1.970170e+02
      vertex   1.358706e+02 1.640564e+02 1.970170e+02
      vertex   1.360000e+02 1.781000e+02 1.970000e+02
    endloop
  endfacet
  facet normal -7.933533e-01 0.000000e+00 -6.087614e-01
    outer loop
      vertex   1.356464e+02 1.696738e+02 1.971464e+02
      vertex   1.355670e+02 1.724825e+02 1.972500e+02
      vertex   1.356464e+02 1.724825e+02 1.971464e+02
    endloop
  endfacet
  facet normal -7.933533e-01 -0.000000e+00 -6.087614e-01
    outer loop
      vertex   1.355670e+02 1.668651e+02 1.972500e+02
      vertex   1.356464e+02 1.640564e+02 1.971464e+02
      vertex   1.355670e+02 1.640564e+02 1.972500e+02
    endloop
  endfacet
  facet normal -7.933533e-01 0.000000e+00 -6.087614e-01
    outer loop
      vertex   1.355670e+02 1.640564e+02 1.972500e+02
      vertex   1.356464e+02 1.640564e+02 1.971464e+02
      vertex   1.356464e+02 1.612476e+02 1.971464e+02
    endloop
  endfacet
  facet normal -7.933533e-01 -0.000000e+00 -6.087614e-01
    outer loop
      vertex   1.355670e+02 1.640564e+02 1.972500e+02
      vertex   1.356464e+02 1.612476e+02 1.971464e+02
      vertex   1.355670e+02 1.612476e+02 1.972500e+02
    endloop
  endfacet
  facet normal -7.933533e-01 0.000000e+00 -6.087614e-01
    outer loop
      vertex   1.355670e+02 1.612476e+02 1.972500e+02
      vertex   1.356464e+02 1.612476e+02 1.971464e+02
      vertex   1.356464e+02 1.584389e+02 1.971464e+02
    endloop
  endfacet
  facet normal -7.933533e-01 0.000000e+00 -6.087614e-01
    outer loop
      vertex   1.356464e+02 1.528214e+02 1.971464e+02
      vertex   1.355670e+02 1.556302e+02 1.972500e+02
      vertex   1.356464e+02 1.556302e+02 1.971464e+02
    endloop
  endfacet
  facet normal -7.933533e-01 -6.160751e-15 -6.087614e-01
    outer loop
      vertex   1.356464e+02 1.556302e+02 1.971464e+02
      vertex   1.355670e+02 1.556302e+02 1.972500e+02
      vertex   1.355670e+02 1.584389e+02 1.972500e+02
    endloop
  endfacet
  facet normal -7.933533e-01 -0.000000e+00 -6.087614e-01
    outer loop
      vertex   1.355670e+02 1.528214e+02 1.972500e+02
      vertex   1.356464e+02 1.500127e+02 1.971464e+02
      vertex   1.355670e+02 1.500127e+02 1.972500e+02
    endloop
  endfacet
  facet normal -7.933533e-01 0.000000e+00 -6.087614e-01
    outer loop
      vertex   1.355670e+02 1.500127e+02 1.972500e+02
      vertex   1.356464e+02 1.500127e+02 1.971464e+02
      vertex   1.356464e+02 1.472040e+02 1.971464e+02
    endloop
  endfacet
  facet normal -7.933533e-01 -0.000000e+00 -6.087614e-01
    outer loop
      vertex   1.355670e+02 1.500127e+02 1.972500e+02
      vertex   1.356464e+02 1.472040e+02 1.971464e+02
      vertex   1.355670e+02 1.472040e+02 1.972500e+02
    endloop
  endfacet
  facet normal -7.933533e-01 0.000000e+00 -6.087614e-01
    outer loop
      vertex   1.355670e+02 1.472040e+02 1.972500e+02
      vertex   1.356464e+02 1.472040e+02 1.971464e+02
      vertex   1.356464e+02 1.443952e+02 1.971464e+02
    endloop
  endfacet
  facet normal -7.933533e-01 0.000000e+00 -6.087614e-01
    outer loop
      vertex   1.356464e+02 1.415865e+02 1.971464e+02
      vertex   1.355670e+02 1.415865e+02 1.972500e+02
      vertex   1.355670e+02 1.443952e+02 1.972500e+02
    endloop
  endfacet
  facet normal -6.087614e-01 0.000000e+00 -7.933533e-01
    outer loop
      vertex   1.356464e+02 1.696738e+02 1.971464e+02
      vertex   1.356464e+02 1.724825e+02 1.971464e+02
      vertex   1.357500e+02 1.696738e+02 1.970670e+02
    endloop
  endfacet
  facet normal -6.087614e-01 0.000000e+00 -7.933533e-01
    outer loop
      vertex   1.357500e+02 1.696738e+02 1.970670e+02
      vertex   1.356464e+02 1.724825e+02 1.971464e+02
      vertex   1.357500e+02 1.724825e+02 1.970670e+02
    endloop
  endfacet
  facet normal -3.826834e-01 0.000000e+00 -9.238795e-01
    outer loop
      vertex   1.357500e+02 1.696738e+02 1.970670e+02
      vertex   1.357500e+02 1.724825e+02 1.970670e+02
      vertex   1.358706e+02 1.696738e+02 1.970170e+02
    endloop
  endfacet
  facet normal -3.826834e-01 0.000000e+00 -9.238795e-01
    outer loop
      vertex   1.358706e+02 1.696738e+02 1.970170e+02
      vertex   1.357500e+02 1.724825e+02 1.970670e+02
      vertex   1.358706e+02 1.724825e+02 1.970170e+02
    endloop
  endfacet
  facet normal -1.305262e-01 0.000000e+00 -9.914449e-01
    outer loop
      vertex   1.358706e+02 1.696738e+02 1.970170e+02
      vertex   1.358706e+02 1.724825e+02 1.970170e+02
      vertex   1.360000e+02 1.781000e+02 1.970000e+02
    endloop
  endfacet
  facet normal -6.087614e-01 -0.000000e+00 -7.933533e-01
    outer loop
      vertex   1.356464e+02 1.640564e+02 1.971464e+02
      vertex   1.357500e+02 1.612476e+02 1.970670e+02
      vertex   1.356464e+02 1.612476e+02 1.971464e+02
    endloop
  endfacet
  facet normal -6.087614e-01 0.000000e+00 -7.933533e-01
    outer loop
      vertex   1.356464e+02 1.612476e+02 1.971464e+02
      vertex   1.357500e+02 1.612476e+02 1.970670e+02
      vertex   1.357500e+02 1.584389e+02 1.970670e+02
    endloop
  endfacet
  facet normal -6.087614e-01 -0.000000e+00 -7.933533e-01
    outer loop
      vertex   1.356464e+02 1.612476e+02 1.971464e+02
      vertex   1.357500e+02 1.584389e+02 1.970670e+02
      vertex   1.356464e+02 1.584389e+02 1.971464e+02
    endloop
  endfacet
  facet normal -6.087614e-01 0.000000e+00 -7.933533e-01
    outer loop
      vertex   1.356464e+02 1.584389e+02 1.971464e+02
      vertex   1.357500e+02 1.584389e+02 1.970670e+02
      vertex   1.357500e+02 1.556302e+02 1.970670e+02
    endloop
  endfacet
  facet normal -6.087614e-01 0.000000e+00 -7.933533e-01
    outer loop
      vertex   1.357500e+02 1.500127e+02 1.970670e+02
      vertex   1.356464e+02 1.528214e+02 1.971464e+02
      vertex   1.357500e+02 1.528214e+02 1.970670e+02
    endloop
  endfacet
  facet normal -6.087614e-01 0.000000e+00 -7.933533e-01
    outer loop
      vertex   1.357500e+02 1.528214e+02 1.970670e+02
      vertex   1.356464e+02 1.528214e+02 1.971464e+02
      vertex   1.356464e+02 1.556302e+02 1.971464e+02
    endloop
  endfacet
  facet normal -6.087614e-01 -0.000000e+00 -7.933533e-01
    outer loop
      vertex   1.356464e+02 1.500127e+02 1.971464e+02
      vertex   1.357500e+02 1.472040e+02 1.970670e+02
      vertex   1.356464e+02 1.472040e+02 1.971464e+02
    endloop
  endfacet
  facet normal -6.087614e-01 0.000000e+00 -7.933533e-01
    outer loop
      vertex   1.356464e+02 1.472040e+02 1.971464e+02
      vertex   1.357500e+02 1.472040e+02 1.970670e+02
      vertex   1.357500e+02 1.443952e+02 1.970670e+02
    endloop
  endfacet
  facet normal -6.087614e-01 -0.000000e+00 -7.933533e-01
    outer loop
      vertex   1.356464e+02 1.472040e+02 1.971464e+02
      vertex   1.357500e+02 1.443952e+02 1.970670e+02
      vertex   1.356464e+02 1.443952e+02 1.971464e+02
    endloop
  endfacet
  facet normal -6.087614e-01 0.000000e+00 -7.933533e-01
    outer loop
      vertex   1.356464e+02 1.443952e+02 1.971464e+02
      vertex   1.357500e+02 1.443952e+02 1.970670e+02
      vertex   1.357500e+02 1.415865e+02 1.970670e+02
    endloop
  endfacet
  facet normal -6.087614e-01 0.000000e+00 -7.933533e-01
    outer loop
      vertex   1.356464e+02 1.696738e+02 1.971464e+02
      vertex   1.357500e+02 1.696738e+02 1.970670e+02
      vertex   1.357500e+02 1.668651e+02 1.970670e+02
    endloop
  endfacet
  facet normal -3.826834e-01 0.000000e+00 -9.238795e-01
    outer loop
      vertex   1.357500e+02 1.668651e+02 1.970670e+02
      vertex   1.357500e+02 1.696738e+02 1.970670e+02
      vertex   1.358706e+02 1.668651e+02 1.970170e+02
    endloop
  endfacet
  facet normal -3.826834e-01 0.000000e+00 -9.238795e-01
    outer loop
      vertex   1.357500e+02 1.668651e+02 1.970670e+02
      vertex   1.358706e+02 1.668651e+02 1.970170e+02
      vertex   1.358706e+02 1.640564e+02 1.970170e+02
    endloop
  endfacet
  facet normal -1.305262e-01 0.000000e+00 -9.914449e-01
    outer loop
      vertex   1.358706e+02 1.640564e+02 1.970170e+02
      vertex   1.358706e+02 1.668651e+02 1.970170e+02
      vertex   1.360000e+02 1.781000e+02 1.970000e+02
    endloop
  endfacet
  facet normal -3.826834e-01 0.000000e+00 -9.238795e-01
    outer loop
      vertex   1.358706e+02 1.668651e+02 1.970170e+02
      vertex   1.357500e+02 1.696738e+02 1.970670e+02
      vertex   1.358706e+02 1.696738e+02 1.970170e+02
    endloop
  endfacet
  facet normal -3.826834e-01 -0.000000e+00 -9.238795e-01
    outer loop
      vertex   1.357500e+02 1.612476e+02 1.970670e+02
      vertex   1.358706e+02 1.584389e+02 1.970170e+02
      vertex   1.357500e+02 1.584389e+02 1.970670e+02
    endloop
  endfacet
  facet normal -3.826834e-01 0.000000e+00 -9.238795e-01
    outer loop
      vertex   1.357500e+02 1.584389e+02 1.970670e+02
      vertex   1.358706e+02 1.584389e+02 1.970170e+02
      vertex   1.358706e+02 1.556302e+02 1.970170e+02
    endloop
  endfacet
  facet normal -3.826834e-01 -0.000000e+00 -9.238795e-01
    outer loop
      vertex   1.357500e+02 1.584389e+02 1.970670e+02
      vertex   1.358706e+02 1.556302e+02 1.970170e+02
      vertex   1.357500e+02 1.556302e+02 1.970670e+02
    endloop
  endfacet
  facet normal -3.826834e-01 0.000000e+00 -9.238795e-01
    outer loop
      vertex   1.357500e+02 1.556302e+02 1.970670e+02
      vertex   1.358706e+02 1.556302e+02 1.970170e+02
      vertex   1.358706e+02 1.528214e+02 1.970170e+02
    endloop
  endfacet
  facet normal -3.826834e-01 0.000000e+00 -9.238795e-01
    outer loop
      vertex   1.358706e+02 1.472040e+02 1.970170e+02
      vertex   1.357500e+02 1.500127e+02 1.970670e+02
      vertex   1.358706e+02 1.500127e+02 1.970170e+02
    endloop
  endfacet
  facet normal -3.826834e-01 0.000000e+00 -9.238795e-01
    outer loop
      vertex   1.358706e+02 1.500127e+02 1.970170e+02
      vertex   1.357500e+02 1.500127e+02 1.970670e+02
      vertex   1.357500e+02 1.528214e+02 1.970670e+02
    endloop
  endfacet
  facet normal -3.826834e-01 0.000000e+00 -9.238795e-01
    outer loop
      vertex   1.358706e+02 1.415865e+02 1.970170e+02
      vertex   1.357500e+02 1.415865e+02 1.970670e+02
      vertex   1.357500e+02 1.443952e+02 1.970670e+02
    endloop
  endfacet
  facet normal -3.826834e-01 -3.872397e-15 -9.238795e-01
    outer loop
      vertex   1.358706e+02 1.415865e+02 1.970170e+02
      vertex   1.357500e+02 1.443952e+02 1.970670e+02
      vertex   1.358706e+02 1.443952e+02 1.970170e+02
    endloop
  endfacet
  facet normal -3.826834e-01 0.000000e+00 -9.238795e-01
    outer loop
      vertex   1.358706e+02 1.443952e+02 1.970170e+02
      vertex   1.357500e+02 1.443952e+02 1.970670e+02
      vertex   1.357500e+02 1.472040e+02 1.970670e+02
    endloop
  endfacet
  facet normal -1.305262e-01 0.000000e+00 -9.914449e-01
    outer loop
      vertex   1.360000e+02 1.781000e+02 1.970000e+02
      vertex   1.358706e+02 1.668651e+02 1.970170e+02
      vertex   1.358706e+02 1.696738e+02 1.970170e+02
    endloop
  endfacet
  facet normal -1.305262e-01 0.000000e+00 -9.914449e-01
    outer loop
      vertex   1.360000e+02 1.387778e+02 1.970000e+02
      vertex   1.358706e+02 1.528214e+02 1.970170e+02
      vertex   1.358706e+02 1.556302e+02 1.970170e+02
    endloop
  endfacet
  facet normal -1.305262e-01 0.000000e+00 -9.914449e-01
    outer loop
      vertex   1.358706e+02 1.556302e+02 1.970170e+02
      vertex   1.358706e+02 1.584389e+02 1.970170e+02
      vertex   1.360000e+02 1.387778e+02 1.970000e+02
    endloop
  endfacet
  facet normal 4.941781e-15 -9.914449e-01 -1.305262e-01
    outer loop
      vertex   1.360000e+02 1.382948e+02 1.973706e+02
      vertex   1.385556e+02 1.382948e+02 1.973706e+02
      vertex   1.360000e+02 1.382778e+02 1.975000e+02
    endloop
  endfacet
  facet normal 0.000000e+00 -9.914449e-01 -1.305262e-01
    outer loop
      vertex   1.360000e+02 1.382778e+02 1.975000e+02
      vertex   1.385556e+02 1.382948e+02 1.973706e+02
      vertex   1.411111e+02 1.382948e+02 1.973706e+02
    endloop
  endfacet
  facet normal 0.000000e+00 -9.914449e-01 -1.305262e-01
    outer loop
      vertex   1.360000e+02 1.382778e+02 1.975000e+02
      vertex   1.411111e+02 1.382948e+02 1.973706e+02
      vertex   1.436667e+02 1.382948e+02 1.973706e+02
    endloop
  endfacet
  facet normal -0.000000e+00 -9.238795e-01 -3.826834e-01
    outer loop
      vertex   1.436667e+02 1.382948e+02 1.973706e+02
      vertex   1.411111e+02 1.382948e+02 1.973706e+02
      vertex   1.436667e+02 1.383448e+02 1.972500e+02
    endloop
  endfacet
  facet normal 1.453287e-14 -9.238795e-01 -3.826834e-01
    outer loop
      vertex   1.436667e+02 1.382948e+02 1.973706e+02
      vertex   1.436667e+02 1.383448e+02 1.972500e+02
      vertex   1.462222e+02 1.383448e+02 1.972500e+02
    endloop
  endfacet
  facet normal 1.559367e-14 -7.933533e-01 -6.087614e-01
    outer loop
      vertex   1.462222e+02 1.383448e+02 1.972500e+02
      vertex   1.436667e+02 1.383448e+02 1.972500e+02
      vertex   1.462222e+02 1.384242e+02 1.971464e+02
    endloop
  endfacet
  facet normal 2.708434e-14 -7.933533e-01 -6.087614e-01
    outer loop
      vertex   1.462222e+02 1.383448e+02 1.972500e+02
      vertex   1.462222e+02 1.384242e+02 1.971464e+02
      vertex   1.487778e+02 1.384242e+02 1.971464e+02
    endloop
  endfacet
  facet normal 3.529324e-14 -6.087614e-01 -7.933533e-01
    outer loop
      vertex   1.487778e+02 1.384242e+02 1.971464e+02
      vertex   1.462222e+02 1.384242e+02 1.971464e+02
      vertex   1.487778e+02 1.385278e+02 1.970670e+02
    endloop
  endfacet
  facet normal 3.529077e-14 -6.087614e-01 -7.933533e-01
    outer loop
      vertex   1.487778e+02 1.384242e+02 1.971464e+02
      vertex   1.487778e+02 1.385278e+02 1.970670e+02
      vertex   1.513333e+02 1.385278e+02 1.970670e+02
    endloop
  endfacet
  facet normal 4.109985e-14 -3.826834e-01 -9.238795e-01
    outer loop
      vertex   1.513333e+02 1.385278e+02 1.970670e+02
      vertex   1.487778e+02 1.385278e+02 1.970670e+02
      vertex   1.513333e+02 1.386484e+02 1.970170e+02
    endloop
  endfacet
  facet normal 1.760378e-15 -3.826834e-01 -9.238795e-01
    outer loop
      vertex   1.513333e+02 1.385278e+02 1.970670e+02
      vertex   1.513333e+02 1.386484e+02 1.970170e+02
      vertex   1.538889e+02 1.386484e+02 1.970170e+02
    endloop
  endfacet
  facet normal 8.123088e-15 -1.305262e-01 -9.914449e-01
    outer loop
      vertex   1.538889e+02 1.386484e+02 1.970170e+02
      vertex   1.513333e+02 1.386484e+02 1.970170e+02
      vertex   1.590000e+02 1.387778e+02 1.970000e+02
    endloop
  endfacet
  facet normal 4.265392e-14 -1.305262e-01 -9.914449e-01
    outer loop
      vertex   1.538889e+02 1.386484e+02 1.970170e+02
      vertex   1.590000e+02 1.387778e+02 1.970000e+02
      vertex   1.564444e+02 1.386484e+02 1.970170e+02
    endloop
  endfacet
  facet normal 1.451652e-15 -1.305262e-01 -9.914449e-01
    outer loop
      vertex   1.564444e+02 1.386484e+02 1.970170e+02
      vertex   1.590000e+02 1.387778e+02 1.970000e+02
      vertex   1.590000e+02 1.386484e+02 1.970170e+02
    endloop
  endfacet
  facet normal 4.256029e-15 -3.826834e-01 -9.238795e-01
    outer loop
      vertex   1.564444e+02 1.386484e+02 1.970170e+02
      vertex   1.590000e+02 1.386484e+02 1.970170e+02
      vertex   1.564444e+02 1.385278e+02 1.970670e+02
    endloop
  endfacet
  facet normal 1.027496e-14 -3.826834e-01 -9.238795e-01
    outer loop
      vertex   1.564444e+02 1.385278e+02 1.970670e+02
      vertex   1.590000e+02 1.386484e+02 1.970170e+02
      vertex   1.590000e+02 1.385278e+02 1.970670e+02
    endloop
  endfacet
  facet normal 8.823310e-15 -6.087614e-01 -7.933533e-01
    outer loop
      vertex   1.564444e+02 1.385278e+02 1.970670e+02
      vertex   1.590000e+02 1.385278e+02 1.970670e+02
      vertex   1.564444e+02 1.384242e+02 1.971464e+02
    endloop
  endfacet
  facet normal 1.087626e-14 -6.087614e-01 -7.933533e-01
    outer loop
      vertex   1.564444e+02 1.384242e+02 1.971464e+02
      vertex   1.590000e+02 1.385278e+02 1.970670e+02
      vertex   1.590000e+02 1.384242e+02 1.971464e+02
    endloop
  endfacet
  facet normal 4.717418e-15 -7.933533e-01 -6.087614e-01
    outer loop
      vertex   1.564444e+02 1.384242e+02 1.971464e+02
      vertex   1.590000e+02 1.384242e+02 1.971464e+02
      vertex   1.564444e+02 1.383448e+02 1.972500e+02
    endloop
  endfacet
  facet normal 4.717418e-15 -7.933533e-01 -6.087614e-01
    outer loop
      vertex   1.564444e+02 1.383448e+02 1.972500e+02
      vertex   1.590000e+02 1.384242e+02 1.971464e+02
      vertex   1.590000e+02 1.383448e+02 1.972500e+02
    endloop
  endfacet
  facet normal -1.762905e-15 -9.238795e-01 -3.826834e-01
    outer loop
      vertex   1.564444e+02 1.383448e+02 1.972500e+02
      vertex   1.590000e+02 1.383448e+02 1.972500e+02
      vertex   1.564444e+02 1.382948e+02 1.973706e+02
    endloop
  endfacet
  facet normal -3.525809e-15 -9.238795e-01 -3.826834e-01
    outer loop
      vertex   1.564444e+02 1.382948e+02 1.973706e+02
      vertex   1.590000e+02 1.383448e+02 1.972500e+02
      vertex   1.590000e+02 1.382948e+02 1.973706e+02
    endloop
  endfacet
  facet normal -1.624618e-14 -9.914449e-01 -1.305262e-01
    outer loop
      vertex   1.564444e+02 1.382948e+02 1.973706e+02
      vertex   1.590000e+02 1.382948e+02 1.973706e+02
      vertex   1.590000e+02 1.382778e+02 1.975000e+02
    endloop
  endfacet
  facet normal 3.654135e-14 -9.238795e-01 -3.826834e-01
    outer loop
      vertex   1.385556e+02 1.382948e+02 1.973706e+02
      vertex   1.360000e+02 1.382948e+02 1.973706e+02
      vertex   1.385556e+02 1.383448e+02 1.972500e+02
    endloop
  endfacet
  facet normal 9.242276e-15 -9.238795e-01 -3.826834e-01
    outer loop
      vertex   1.385556e+02 1.383448e+02 1.972500e+02
      vertex   1.360000e+02 1.382948e+02 1.973706e+02
      vertex   1.360000e+02 1.383448e+02 1.972500e+02
    endloop
  endfacet
  facet normal 2.974593e-14 -7.933533e-01 -6.087614e-01
    outer loop
      vertex   1.385556e+02 1.383448e+02 1.972500e+02
      vertex   1.360000e+02 1.383448e+02 1.972500e+02
      vertex   1.385556e+02 1.384242e+02 1.971464e+02
    endloop
  endfacet
  facet normal 1.354073e-14 -7.933533e-01 -6.087614e-01
    outer loop
      vertex   1.385556e+02 1.384242e+02 1.971464e+02
      vertex   1.360000e+02 1.383448e+02 1.972500e+02
      vertex   1.360000e+02 1.384242e+02 1.971464e+02
    endloop
  endfacet
  facet normal 1.764662e-14 -6.087614e-01 -7.933533e-01
    outer loop
      vertex   1.385556e+02 1.384242e+02 1.971464e+02
      vertex   1.360000e+02 1.384242e+02 1.971464e+02
      vertex   1.385556e+02 1.385278e+02 1.970670e+02
    endloop
  endfacet
  facet normal 2.708145e-14 -6.087614e-01 -7.933533e-01
    outer loop
      vertex   1.385556e+02 1.385278e+02 1.970670e+02
      vertex   1.360000e+02 1.384242e+02 1.971464e+02
      vertex   1.360000e+02 1.385278e+02 1.970670e+02
    endloop
  endfacet
  facet normal 1.702411e-14 -3.826834e-01 -9.238795e-01
    outer loop
      vertex   1.385556e+02 1.385278e+02 1.970670e+02
      vertex   1.360000e+02 1.385278e+02 1.970670e+02
      vertex   1.385556e+02 1.386484e+02 1.970170e+02
    endloop
  endfacet
  facet normal 3.830426e-14 -3.826834e-01 -9.238795e-01
    outer loop
      vertex   1.385556e+02 1.386484e+02 1.970170e+02
      vertex   1.360000e+02 1.385278e+02 1.970670e+02
      vertex   1.360000e+02 1.386484e+02 1.970170e+02
    endloop
  endfacet
  facet normal 1.306487e-14 -1.305262e-01 -9.914449e-01
    outer loop
      vertex   1.385556e+02 1.386484e+02 1.970170e+02
      vertex   1.360000e+02 1.386484e+02 1.970170e+02
      vertex   1.360000e+02 1.387778e+02 1.970000e+02
    endloop
  endfacet
  facet normal 2.450309e-14 -1.305262e-01 -9.914449e-01
    outer loop
      vertex   1.590000e+02 1.387778e+02 1.970000e+02
      vertex   1.462222e+02 1.386484e+02 1.970170e+02
      vertex   1.360000e+02 1.387778e+02 1.970000e+02
    endloop
  endfacet
  facet normal 3.162700e-14 -1.305262e-01 -9.914449e-01
    outer loop
      vertex   1.360000e+02 1.387778e+02 1.970000e+02
      vertex   1.462222e+02 1.386484e+02 1.970170e+02
      vertex   1.436667e+02 1.386484e+02 1.970170e+02
    endloop
  endfacet
  facet normal 9.575468e-15 -1.305262e-01 -9.914449e-01
    outer loop
      vertex   1.360000e+02 1.387778e+02 1.970000e+02
      vertex   1.436667e+02 1.386484e+02 1.970170e+02
      vertex   1.411111e+02 1.386484e+02 1.970170e+02
    endloop
  endfacet
  facet normal 6.018933e-15 -3.826834e-01 -9.238795e-01
    outer loop
      vertex   1.411111e+02 1.386484e+02 1.970170e+02
      vertex   1.436667e+02 1.386484e+02 1.970170e+02
      vertex   1.411111e+02 1.385278e+02 1.970670e+02
    endloop
  endfacet
  facet normal 1.629585e-14 -3.826834e-01 -9.238795e-01
    outer loop
      vertex   1.411111e+02 1.386484e+02 1.970170e+02
      vertex   1.411111e+02 1.385278e+02 1.970670e+02
      vertex   1.385556e+02 1.385278e+02 1.970670e+02
    endloop
  endfacet
  facet normal 1.087626e-14 -6.087614e-01 -7.933533e-01
    outer loop
      vertex   1.385556e+02 1.385278e+02 1.970670e+02
      vertex   1.411111e+02 1.385278e+02 1.970670e+02
      vertex   1.385556e+02 1.384242e+02 1.971464e+02
    endloop
  endfacet
  facet normal 3.225893e-15 -9.914449e-01 -1.305262e-01
    outer loop
      vertex   1.360000e+02 1.382778e+02 1.975000e+02
      vertex   1.487778e+02 1.382948e+02 1.973706e+02
      vertex   1.590000e+02 1.382778e+02 1.975000e+02
    endloop
  endfacet
  facet normal 2.903194e-15 -9.914449e-01 -1.305262e-01
    outer loop
      vertex   1.590000e+02 1.382778e+02 1.975000e+02
      vertex   1.487778e+02 1.382948e+02 1.973706e+02
      vertex   1.513333e+02 1.382948e+02 1.973706e+02
    endloop
  endfacet
  facet normal -2.903194e-15 -9.914449e-01 -1.305262e-01
    outer loop
      vertex   1.590000e+02 1.382778e+02 1.975000e+02
      vertex   1.513333e+02 1.382948e+02 1.973706e+02
      vertex   1.538889e+02 1.382948e+02 1.973706e+02
    endloop
  endfacet
  facet normal -8.512057e-15 -9.238795e-01 -3.826834e-01
    outer loop
      vertex   1.538889e+02 1.382948e+02 1.973706e+02
      vertex   1.513333e+02 1.382948e+02 1.973706e+02
      vertex   1.538889e+02 1.383448e+02 1.972500e+02
    endloop
  endfacet
  facet normal 4.256630e-15 -9.238795e-01 -3.826834e-01
    outer loop
      vertex   1.538889e+02 1.382948e+02 1.973706e+02
      vertex   1.538889e+02 1.383448e+02 1.972500e+02
      vertex   1.564444e+02 1.383448e+02 1.972500e+02
    endloop
  endfacet
  facet normal 6.770364e-15 -7.933533e-01 -6.087614e-01
    outer loop
      vertex   1.564444e+02 1.383448e+02 1.972500e+02
      vertex   1.538889e+02 1.383448e+02 1.972500e+02
      vertex   1.564444e+02 1.384242e+02 1.971464e+02
    endloop
  endfacet
  facet normal -0.000000e+00 -9.238795e-01 -3.826834e-01
    outer loop
      vertex   1.411111e+02 1.382948e+02 1.973706e+02
      vertex   1.385556e+02 1.382948e+02 1.973706e+02
      vertex   1.411111e+02 1.383448e+02 1.972500e+02
    endloop
  endfacet
  facet normal 4.256029e-15 -9.238795e-01 -3.826834e-01
    outer loop
      vertex   1.411111e+02 1.383448e+02 1.972500e+02
      vertex   1.385556e+02 1.382948e+02 1.973706e+02
      vertex   1.385556e+02 1.383448e+02 1.972500e+02
    endloop
  endfacet
  facet normal 6.770364e-15 -7.933533e-01 -6.087614e-01
    outer loop
      vertex   1.411111e+02 1.383448e+02 1.972500e+02
      vertex   1.385556e+02 1.383448e+02 1.972500e+02
      vertex   1.411111e+02 1.384242e+02 1.971464e+02
    endloop
  endfacet
  facet normal 1.354073e-14 -7.933533e-01 -6.087614e-01
    outer loop
      vertex   1.411111e+02 1.384242e+02 1.971464e+02
      vertex   1.385556e+02 1.383448e+02 1.972500e+02
      vertex   1.385556e+02 1.384242e+02 1.971464e+02
    endloop
  endfacet
  facet normal 1.764662e-14 -6.087614e-01 -7.933533e-01
    outer loop
      vertex   1.411111e+02 1.384242e+02 1.971464e+02
      vertex   1.385556e+02 1.384242e+02 1.971464e+02
      vertex   1.411111e+02 1.385278e+02 1.970670e+02
    endloop
  endfacet
  facet normal 1.451652e-15 -9.914449e-01 -1.305262e-01
    outer loop
      vertex   1.487778e+02 1.382948e+02 1.973706e+02
      vertex   1.360000e+02 1.382778e+02 1.975000e+02
      vertex   1.462222e+02 1.382948e+02 1.973706e+02
    endloop
  endfacet
  facet normal 1.247804e-14 -9.914449e-01 -1.305262e-01
    outer loop
      vertex   1.462222e+02 1.382948e+02 1.973706e+02
      vertex   1.360000e+02 1.382778e+02 1.975000e+02
      vertex   1.436667e+02 1.382948e+02 1.973706e+02
    endloop
  endfacet
  facet normal 1.453099e-14 -9.238795e-01 -3.826834e-01
    outer loop
      vertex   1.462222e+02 1.382948e+02 1.973706e+02
      vertex   1.436667e+02 1.382948e+02 1.973706e+02
      vertex   1.462222e+02 1.383448e+02 1.972500e+02
    endloop
  endfacet
  facet normal 4.256029e-15 -9.238795e-01 -3.826834e-01
    outer loop
      vertex   1.487778e+02 1.382948e+02 1.973706e+02
      vertex   1.462222e+02 1.382948e+02 1.973706e+02
      vertex   1.487778e+02 1.383448e+02 1.972500e+02
    endloop
  endfacet
  facet normal 1.276809e-14 -9.238795e-01 -3.826834e-01
    outer loop
      vertex   1.487778e+02 1.383448e+02 1.972500e+02
      vertex   1.462222e+02 1.382948e+02 1.973706e+02
      vertex   1.462222e+02 1.383448e+02 1.972500e+02
    endloop
  endfacet
  facet normal 2.031109e-14 -7.933533e-01 -6.087614e-01
    outer loop
      vertex   1.487778e+02 1.383448e+02 1.972500e+02
      vertex   1.462222e+02 1.383448e+02 1.972500e+02
      vertex   1.487778e+02 1.384242e+02 1.971464e+02
    endloop
  endfacet
  facet normal 1.392970e-14 -9.914449e-01 -1.305262e-01
    outer loop
      vertex   1.564444e+02 1.382948e+02 1.973706e+02
      vertex   1.590000e+02 1.382778e+02 1.975000e+02
      vertex   1.538889e+02 1.382948e+02 1.973706e+02
    endloop
  endfacet
  facet normal 8.512057e-15 -9.238795e-01 -3.826834e-01
    outer loop
      vertex   1.513333e+02 1.382948e+02 1.973706e+02
      vertex   1.487778e+02 1.382948e+02 1.973706e+02
      vertex   1.513333e+02 1.383448e+02 1.972500e+02
    endloop
  endfacet
  facet normal 4.256029e-15 -9.238795e-01 -3.826834e-01
    outer loop
      vertex   1.513333e+02 1.383448e+02 1.972500e+02
      vertex   1.487778e+02 1.382948e+02 1.973706e+02
      vertex   1.487778e+02 1.383448e+02 1.972500e+02
    endloop
  endfacet
  facet normal 6.770364e-15 -7.933533e-01 -6.087614e-01
    outer loop
      vertex   1.513333e+02 1.383448e+02 1.972500e+02
      vertex   1.487778e+02 1.383448e+02 1.972500e+02
      vertex   1.513333e+02 1.384242e+02 1.971464e+02
    endloop
  endfacet
  facet normal 1.354073e-14 -7.933533e-01 -6.087614e-01
    outer loop
      vertex   1.513333e+02 1.384242e+02 1.971464e+02
      vertex   1.487778e+02 1.383448e+02 1.972500e+02
      vertex   1.487778e+02 1.384242e+02 1.971464e+02
    endloop
  endfacet
  facet normal 1.764662e-14 -6.087614e-01 -7.933533e-01
    outer loop
      vertex   1.513333e+02 1.384242e+02 1.971464e+02
      vertex   1.487778e+02 1.384242e+02 1.971464e+02
      vertex   1.513333e+02 1.385278e+02 1.970670e+02
    endloop
  endfacet
  facet normal 1.878690e-14 -9.238795e-01 -3.826834e-01
    outer loop
      vertex   1.564444e+02 1.383448e+02 1.972500e+02
      vertex   1.564444e+02 1.382948e+02 1.973706e+02
      vertex   1.538889e+02 1.382948e+02 1.973706e+02
    endloop
  endfacet
  facet normal 4.256630e-15 -9.238795e-01 -3.826834e-01
    outer loop
      vertex   1.411111e+02 1.382948e+02 1.973706e+02
      vertex   1.411111e+02 1.383448e+02 1.972500e+02
      vertex   1.436667e+02 1.383448e+02 1.972500e+02
    endloop
  endfacet
  facet normal 6.770364e-15 -7.933533e-01 -6.087614e-01
    outer loop
      vertex   1.436667e+02 1.383448e+02 1.972500e+02
      vertex   1.411111e+02 1.383448e+02 1.972500e+02
      vertex   1.436667e+02 1.384242e+02 1.971464e+02
    endloop
  endfacet
  facet normal 1.354217e-14 -7.933533e-01 -6.087614e-01
    outer loop
      vertex   1.436667e+02 1.383448e+02 1.972500e+02
      vertex   1.436667e+02 1.384242e+02 1.971464e+02
      vertex   1.462222e+02 1.384242e+02 1.971464e+02
    endloop
  endfacet
  facet normal 1.764662e-14 -6.087614e-01 -7.933533e-01
    outer loop
      vertex   1.462222e+02 1.384242e+02 1.971464e+02
      vertex   1.436667e+02 1.384242e+02 1.971464e+02
      vertex   1.462222e+02 1.385278e+02 1.970670e+02
    endloop
  endfacet
  facet normal 1.969959e-14 -6.087614e-01 -7.933533e-01
    outer loop
      vertex   1.462222e+02 1.384242e+02 1.971464e+02
      vertex   1.462222e+02 1.385278e+02 1.970670e+02
      vertex   1.487778e+02 1.385278e+02 1.970670e+02
    endloop
  endfacet
  facet normal 2.656886e-14 -3.826834e-01 -9.238795e-01
    outer loop
      vertex   1.487778e+02 1.385278e+02 1.970670e+02
      vertex   1.462222e+02 1.385278e+02 1.970670e+02
      vertex   1.487778e+02 1.386484e+02 1.970170e+02
    endloop
  endfacet
  facet normal 1.203662e-14 -3.826834e-01 -9.238795e-01
    outer loop
      vertex   1.487778e+02 1.385278e+02 1.970670e+02
      vertex   1.487778e+02 1.386484e+02 1.970170e+02
      vertex   1.513333e+02 1.386484e+02 1.970170e+02
    endloop
  endfacet
  facet normal 1.914948e-14 -1.305262e-01 -9.914449e-01
    outer loop
      vertex   1.513333e+02 1.386484e+02 1.970170e+02
      vertex   1.487778e+02 1.386484e+02 1.970170e+02
      vertex   1.590000e+02 1.387778e+02 1.970000e+02
    endloop
  endfacet
  facet normal 1.354073e-14 -7.933533e-01 -6.087614e-01
    outer loop
      vertex   1.436667e+02 1.384242e+02 1.971464e+02
      vertex   1.411111e+02 1.383448e+02 1.972500e+02
      vertex   1.411111e+02 1.384242e+02 1.971464e+02
    endloop
  endfacet
  facet normal 1.878690e-14 -9.238795e-01 -3.826834e-01
    outer loop
      vertex   1.513333e+02 1.382948e+02 1.973706e+02
      vertex   1.513333e+02 1.383448e+02 1.972500e+02
      vertex   1.538889e+02 1.383448e+02 1.972500e+02
    endloop
  endfacet
  facet normal 2.236404e-14 -7.933533e-01 -6.087614e-01
    outer loop
      vertex   1.538889e+02 1.383448e+02 1.972500e+02
      vertex   1.513333e+02 1.383448e+02 1.972500e+02
      vertex   1.538889e+02 1.384242e+02 1.971464e+02
    endloop
  endfacet
  facet normal 1.353697e-14 -7.933533e-01 -6.087614e-01
    outer loop
      vertex   1.538889e+02 1.383448e+02 1.972500e+02
      vertex   1.538889e+02 1.384242e+02 1.971464e+02
      vertex   1.564444e+02 1.384242e+02 1.971464e+02
    endloop
  endfacet
  facet normal 1.764662e-14 -6.087614e-01 -7.933533e-01
    outer loop
      vertex   1.564444e+02 1.384242e+02 1.971464e+02
      vertex   1.538889e+02 1.384242e+02 1.971464e+02
      vertex   1.564444e+02 1.385278e+02 1.970670e+02
    endloop
  endfacet
  facet normal 1.354073e-14 -7.933533e-01 -6.087614e-01
    outer loop
      vertex   1.538889e+02 1.384242e+02 1.971464e+02
      vertex   1.513333e+02 1.383448e+02 1.972500e+02
      vertex   1.513333e+02 1.384242e+02 1.971464e+02
    endloop
  endfacet
  facet normal 1.764662e-14 -6.087614e-01 -7.933533e-01
    outer loop
      vertex   1.436667e+02 1.384242e+02 1.971464e+02
      vertex   1.411111e+02 1.384242e+02 1.971464e+02
      vertex   1.436667e+02 1.385278e+02 1.970670e+02
    endloop
  endfacet
  facet normal 2.646993e-14 -6.087614e-01 -7.933533e-01
    outer loop
      vertex   1.436667e+02 1.385278e+02 1.970670e+02
      vertex   1.411111e+02 1.384242e+02 1.971464e+02
      vertex   1.411111e+02 1.385278e+02 1.970670e+02
    endloop
  endfacet
  facet normal 3.082489e-14 -3.826834e-01 -9.238795e-01
    outer loop
      vertex   1.436667e+02 1.385278e+02 1.970670e+02
      vertex   1.411111e+02 1.385278e+02 1.970670e+02
      vertex   1.436667e+02 1.386484e+02 1.970170e+02
    endloop
  endfacet
  facet normal 1.764662e-14 -6.087614e-01 -7.933533e-01
    outer loop
      vertex   1.538889e+02 1.384242e+02 1.971464e+02
      vertex   1.513333e+02 1.384242e+02 1.971464e+02
      vertex   1.538889e+02 1.385278e+02 1.970670e+02
    endloop
  endfacet
  facet normal 2.052946e-15 -6.087614e-01 -7.933533e-01
    outer loop
      vertex   1.538889e+02 1.385278e+02 1.970670e+02
      vertex   1.513333e+02 1.384242e+02 1.971464e+02
      vertex   1.513333e+02 1.385278e+02 1.970670e+02
    endloop
  endfacet
  facet normal 6.018933e-15 -3.826834e-01 -9.238795e-01
    outer loop
      vertex   1.538889e+02 1.385278e+02 1.970670e+02
      vertex   1.513333e+02 1.385278e+02 1.970670e+02
      vertex   1.538889e+02 1.386484e+02 1.970170e+02
    endloop
  endfacet
  facet normal 3.258779e-14 -3.826834e-01 -9.238795e-01
    outer loop
      vertex   1.411111e+02 1.386484e+02 1.970170e+02
      vertex   1.385556e+02 1.385278e+02 1.970670e+02
      vertex   1.385556e+02 1.386484e+02 1.970170e+02
    endloop
  endfacet
  facet normal 1.087950e-14 -6.087614e-01 -7.933533e-01
    outer loop
      vertex   1.436667e+02 1.384242e+02 1.971464e+02
      vertex   1.436667e+02 1.385278e+02 1.970670e+02
      vertex   1.462222e+02 1.385278e+02 1.970670e+02
    endloop
  endfacet
  facet normal 1.629390e-14 -3.826834e-01 -9.238795e-01
    outer loop
      vertex   1.462222e+02 1.385278e+02 1.970670e+02
      vertex   1.436667e+02 1.385278e+02 1.970670e+02
      vertex   1.462222e+02 1.386484e+02 1.970170e+02
    endloop
  endfacet
  facet normal 3.684313e-14 -3.826834e-01 -9.238795e-01
    outer loop
      vertex   1.462222e+02 1.385278e+02 1.970670e+02
      vertex   1.462222e+02 1.386484e+02 1.970170e+02
      vertex   1.487778e+02 1.386484e+02 1.970170e+02
    endloop
  endfacet
  facet normal 4.265392e-14 -1.305262e-01 -9.914449e-01
    outer loop
      vertex   1.487778e+02 1.386484e+02 1.970170e+02
      vertex   1.462222e+02 1.386484e+02 1.970170e+02
      vertex   1.590000e+02 1.387778e+02 1.970000e+02
    endloop
  endfacet
  facet normal 2.656886e-14 -3.826834e-01 -9.238795e-01
    outer loop
      vertex   1.462222e+02 1.386484e+02 1.970170e+02
      vertex   1.436667e+02 1.385278e+02 1.970670e+02
      vertex   1.436667e+02 1.386484e+02 1.970170e+02
    endloop
  endfacet
  facet normal 2.054988e-14 -3.826834e-01 -9.238795e-01
    outer loop
      vertex   1.564444e+02 1.386484e+02 1.970170e+02
      vertex   1.564444e+02 1.385278e+02 1.970670e+02
      vertex   1.538889e+02 1.385278e+02 1.970670e+02
    endloop
  endfacet
  facet normal 1.764662e-14 -6.087614e-01 -7.933533e-01
    outer loop
      vertex   1.538889e+02 1.385278e+02 1.970670e+02
      vertex   1.564444e+02 1.385278e+02 1.970670e+02
      vertex   1.538889e+02 1.384242e+02 1.971464e+02
    endloop
  endfacet
  facet normal 3.684382e-14 -3.826834e-01 -9.238795e-01
    outer loop
      vertex   1.564444e+02 1.386484e+02 1.970170e+02
      vertex   1.538889e+02 1.385278e+02 1.970670e+02
      vertex   1.538889e+02 1.386484e+02 1.970170e+02
    endloop
  endfacet
  facet normal 4.120247e-14 -1.305262e-01 -9.914449e-01
    outer loop
      vertex   1.360000e+02 1.387778e+02 1.970000e+02
      vertex   1.411111e+02 1.386484e+02 1.970170e+02
      vertex   1.385556e+02 1.386484e+02 1.970170e+02
    endloop
  endfacet
  facet normal 9.914449e-01 0.000000e+00 -1.305262e-01
    outer loop
      vertex   1.594830e+02 1.387778e+02 1.973706e+02
      vertex   1.594830e+02 1.415865e+02 1.973706e+02
      vertex   1.595000e+02 1.387778e+02 1.975000e+02
    endloop
  endfacet
  facet normal 9.914449e-01 0.000000e+00 -1.305262e-01
    outer loop
      vertex   1.595000e+02 1.387778e+02 1.975000e+02
      vertex   1.594830e+02 1.415865e+02 1.973706e+02
      vertex   1.594830e+02 1.443952e+02 1.973706e+02
    endloop
  endfacet
  facet normal 9.914449e-01 0.000000e+00 -1.305262e-01
    outer loop
      vertex   1.595000e+02 1.387778e+02 1.975000e+02
      vertex   1.594830e+02 1.443952e+02 1.973706e+02
      vertex   1.594830e+02 1.472040e+02 1.973706e+02
    endloop
  endfacet
  facet normal 9.238795e-01 0.000000e+00 -3.826834e-01
    outer loop
      vertex   1.594830e+02 1.472040e+02 1.973706e+02
      vertex   1.594830e+02 1.443952e+02 1.973706e+02
      vertex   1.594330e+02 1.472040e+02 1.972500e+02
    endloop
  endfacet
  facet normal 9.238795e-01 0.000000e+00 -3.826834e-01
    outer loop
      vertex   1.594830e+02 1.472040e+02 1.973706e+02
      vertex   1.594330e+02 1.472040e+02 1.972500e+02
      vertex   1.594330e+02 1.500127e+02 1.972500e+02
    endloop
  endfacet
  facet normal 7.933533e-01 0.000000e+00 -6.087614e-01
    outer loop
      vertex   1.594330e+02 1.500127e+02 1.972500e+02
      vertex   1.594330e+02 1.472040e+02 1.972500e+02
      vertex   1.593536e+02 1.500127e+02 1.971464e+02
    endloop
  endfacet
  facet normal 7.933533e-01 0.000000e+00 -6.087614e-01
    outer loop
      vertex   1.594330e+02 1.500127e+02 1.972500e+02
      vertex   1.593536e+02 1.500127e+02 1.971464e+02
      vertex   1.593536e+02 1.528214e+02 1.971464e+02
    endloop
  endfacet
  facet normal 6.087614e-01 0.000000e+00 -7.933533e-01
    outer loop
      vertex   1.593536e+02 1.528214e+02 1.971464e+02
      vertex   1.593536e+02 1.500127e+02 1.971464e+02
      vertex   1.592500e+02 1.528214e+02 1.970670e+02
    endloop
  endfacet
  facet normal 6.087614e-01 0.000000e+00 -7.933533e-01
    outer loop
      vertex   1.593536e+02 1.528214e+02 1.971464e+02
      vertex   1.592500e+02 1.528214e+02 1.970670e+02
      vertex   1.592500e+02 1.556302e+02 1.970670e+02
    endloop
  endfacet
  facet normal 3.826834e-01 0.000000e+00 -9.238795e-01
    outer loop
      vertex   1.592500e+02 1.556302e+02 1.970670e+02
      vertex   1.592500e+02 1.528214e+02 1.970670e+02
      vertex   1.591294e+02 1.556302e+02 1.970170e+02
    endloop
  endfacet
  facet normal 3.826834e-01 0.000000e+00 -9.238795e-01
    outer loop
      vertex   1.592500e+02 1.556302e+02 1.970670e+02
      vertex   1.591294e+02 1.556302e+02 1.970170e+02
      vertex   1.591294e+02 1.584389e+02 1.970170e+02
    endloop
  endfacet
  facet normal 1.305262e-01 0.000000e+00 -9.914449e-01
    outer loop
      vertex   1.591294e+02 1.584389e+02 1.970170e+02
      vertex   1.591294e+02 1.556302e+02 1.970170e+02
      vertex   1.590000e+02 1.387778e+02 1.970000e+02
    endloop
  endfacet
  facet normal 1.305262e-01 0.000000e+00 -9.914449e-01
    outer loop
      vertex   1.591294e+02 1.584389e+02 1.970170e+02
      vertex   1.590000e+02 1.387778e+02 1.970000e+02
      vertex   1.590000e+02 1.781000e+02 1.970000e+02
    endloop
  endfacet
  facet normal 9.238795e-01 0.000000e+00 -3.826834e-01
    outer loop
      vertex   1.594830e+02 1.415865e+02 1.973706e+02
      vertex   1.594830e+02 1.387778e+02 1.973706e+02
      vertex   1.594330e+02 1.415865e+02 1.972500e+02
    endloop
  endfacet
  facet normal 9.238795e-01 0.000000e+00 -3.826834e-01
    outer loop
      vertex   1.594330e+02 1.415865e+02 1.972500e+02
      vertex   1.594830e+02 1.387778e+02 1.973706e+02
      vertex   1.594330e+02 1.387778e+02 1.972500e+02
    endloop
  endfacet
  facet normal 7.933533e-01 0.000000e+00 -6.087614e-01
    outer loop
      vertex   1.594330e+02 1.415865e+02 1.972500e+02
      vertex   1.594330e+02 1.387778e+02 1.972500e+02
      vertex   1.593536e+02 1.415865e+02 1.971464e+02
    endloop
  endfacet
  facet normal 7.933533e-01 0.000000e+00 -6.087614e-01
    outer loop
      vertex   1.593536e+02 1.415865e+02 1.971464e+02
      vertex   1.594330e+02 1.387778e+02 1.972500e+02
      vertex   1.593536e+02 1.387778e+02 1.971464e+02
    endloop
  endfacet
  facet normal 6.087614e-01 0.000000e+00 -7.933533e-01
    outer loop
      vertex   1.593536e+02 1.415865e+02 1.971464e+02
      vertex   1.593536e+02 1.387778e+02 1.971464e+02
      vertex   1.592500e+02 1.415865e+02 1.970670e+02
    endloop
  endfacet
  facet normal 6.087614e-01 0.000000e+00 -7.933533e-01
    outer loop
      vertex   1.592500e+02 1.415865e+02 1.970670e+02
      vertex   1.593536e+02 1.387778e+02 1.971464e+02
      vertex   1.592500e+02 1.387778e+02 1.970670e+02
    endloop
  endfacet
  facet normal 3.826834e-01 0.000000e+00 -9.238795e-01
    outer loop
      vertex   1.592500e+02 1.415865e+02 1.970670e+02
      vertex   1.592500e+02 1.387778e+02 1.970670e+02
      vertex   1.591294e+02 1.415865e+02 1.970170e+02
    endloop
  endfacet
  facet normal 3.826834e-01 0.000000e+00 -9.238795e-01
    outer loop
      vertex   1.591294e+02 1.415865e+02 1.970170e+02
      vertex   1.592500e+02 1.387778e+02 1.970670e+02
      vertex   1.591294e+02 1.387778e+02 1.970170e+02
    endloop
  endfacet
  facet normal 1.305262e-01 0.000000e+00 -9.914449e-01
    outer loop
      vertex   1.591294e+02 1.415865e+02 1.970170e+02
      vertex   1.591294e+02 1.387778e+02 1.970170e+02
      vertex   1.590000e+02 1.387778e+02 1.970000e+02
    endloop
  endfacet
  facet normal 1.305262e-01 0.000000e+00 -9.914449e-01
    outer loop
      vertex   1.591294e+02 1.781000e+02 1.970170e+02
      vertex   1.591294e+02 1.752913e+02 1.970170e+02
      vertex   1.590000e+02 1.781000e+02 1.970000e+02
    endloop
  endfacet
  facet normal 1.305262e-01 0.000000e+00 -9.914449e-01
    outer loop
      vertex   1.590000e+02 1.781000e+02 1.970000e+02
      vertex   1.591294e+02 1.752913e+02 1.970170e+02
      vertex   1.591294e+02 1.724825e+02 1.970170e+02
    endloop
  endfacet
  facet normal 1.305262e-01 0.000000e+00 -9.914449e-01
    outer loop
      vertex   1.590000e+02 1.781000e+02 1.970000e+02
      vertex   1.591294e+02 1.724825e+02 1.970170e+02
      vertex   1.591294e+02 1.696738e+02 1.970170e+02
    endloop
  endfacet
  facet normal 3.826834e-01 0.000000e+00 -9.238795e-01
    outer loop
      vertex   1.591294e+02 1.696738e+02 1.970170e+02
      vertex   1.591294e+02 1.724825e+02 1.970170e+02
      vertex   1.592500e+02 1.696738e+02 1.970670e+02
    endloop
  endfacet
  facet normal 3.826834e-01 0.000000e+00 -9.238795e-01
    outer loop
      vertex   1.591294e+02 1.696738e+02 1.970170e+02
      vertex   1.592500e+02 1.696738e+02 1.970670e+02
      vertex   1.592500e+02 1.668651e+02 1.970670e+02
    endloop
  endfacet
  facet normal 6.087614e-01 0.000000e+00 -7.933533e-01
    outer loop
      vertex   1.592500e+02 1.668651e+02 1.970670e+02
      vertex   1.592500e+02 1.696738e+02 1.970670e+02
      vertex   1.593536e+02 1.668651e+02 1.971464e+02
    endloop
  endfacet
  facet normal 6.087614e-01 0.000000e+00 -7.933533e-01
    outer loop
      vertex   1.592500e+02 1.668651e+02 1.970670e+02
      vertex   1.593536e+02 1.668651e+02 1.971464e+02
      vertex   1.593536e+02 1.640564e+02 1.971464e+02
    endloop
  endfacet
  facet normal 7.933533e-01 0.000000e+00 -6.087614e-01
    outer loop
      vertex   1.593536e+02 1.640564e+02 1.971464e+02
      vertex   1.593536e+02 1.668651e+02 1.971464e+02
      vertex   1.594330e+02 1.640564e+02 1.972500e+02
    endloop
  endfacet
  facet normal 7.933533e-01 0.000000e+00 -6.087614e-01
    outer loop
      vertex   1.593536e+02 1.640564e+02 1.971464e+02
      vertex   1.594330e+02 1.640564e+02 1.972500e+02
      vertex   1.594330e+02 1.612476e+02 1.972500e+02
    endloop
  endfacet
  facet normal 9.238795e-01 0.000000e+00 -3.826834e-01
    outer loop
      vertex   1.594330e+02 1.612476e+02 1.972500e+02
      vertex   1.594330e+02 1.640564e+02 1.972500e+02
      vertex   1.594830e+02 1.612476e+02 1.973706e+02
    endloop
  endfacet
  facet normal 9.238795e-01 -7.745890e-15 -3.826834e-01
    outer loop
      vertex   1.594330e+02 1.612476e+02 1.972500e+02
      vertex   1.594830e+02 1.612476e+02 1.973706e+02
      vertex   1.594830e+02 1.584389e+02 1.973706e+02
    endloop
  endfacet
  facet normal 9.914449e-01 -2.641605e-15 -1.305262e-01
    outer loop
      vertex   1.594830e+02 1.584389e+02 1.973706e+02
      vertex   1.594830e+02 1.612476e+02 1.973706e+02
      vertex   1.595000e+02 1.781000e+02 1.975000e+02
    endloop
  endfacet
  facet normal 9.914449e-01 0.000000e+00 -1.305262e-01
    outer loop
      vertex   1.594830e+02 1.584389e+02 1.973706e+02
      vertex   1.595000e+02 1.781000e+02 1.975000e+02
      vertex   1.595000e+02 1.387778e+02 1.975000e+02
    endloop
  endfacet
  facet normal 3.826834e-01 0.000000e+00 -9.238795e-01
    outer loop
      vertex   1.591294e+02 1.752913e+02 1.970170e+02
      vertex   1.591294e+02 1.781000e+02 1.970170e+02
      vertex   1.592500e+02 1.752913e+02 1.970670e+02
    endloop
  endfacet
  facet normal 3.826834e-01 0.000000e+00 -9.238795e-01
    outer loop
      vertex   1.592500e+02 1.752913e+02 1.970670e+02
      vertex   1.591294e+02 1.781000e+02 1.970170e+02
      vertex   1.592500e+02 1.781000e+02 1.970670e+02
    endloop
  endfacet
  facet normal 6.087614e-01 0.000000e+00 -7.933533e-01
    outer loop
      vertex   1.592500e+02 1.752913e+02 1.970670e+02
      vertex   1.592500e+02 1.781000e+02 1.970670e+02
      vertex   1.593536e+02 1.752913e+02 1.971464e+02
    endloop
  endfacet
  facet normal 6.087614e-01 -2.221608e-14 -7.933533e-01
    outer loop
      vertex   1.593536e+02 1.752913e+02 1.971464e+02
      vertex   1.592500e+02 1.781000e+02 1.970670e+02
      vertex   1.593536e+02 1.781000e+02 1.971464e+02
    endloop
  endfacet
  facet normal 7.933533e-01 -2.034818e-14 -6.087614e-01
    outer loop
      vertex   1.593536e+02 1.752913e+02 1.971464e+02
      vertex   1.593536e+02 1.781000e+02 1.971464e+02
      vertex   1.594330e+02 1.752913e+02 1.972500e+02
    endloop
  endfacet
  facet normal 7.933533e-01 0.000000e+00 -6.087614e-01
    outer loop
      vertex   1.594330e+02 1.752913e+02 1.972500e+02
      vertex   1.593536e+02 1.781000e+02 1.971464e+02
      vertex   1.594330e+02 1.781000e+02 1.972500e+02
    endloop
  endfacet
  facet normal 9.238795e-01 0.000000e+00 -3.826834e-01
    outer loop
      vertex   1.594330e+02 1.752913e+02 1.972500e+02
      vertex   1.594330e+02 1.781000e+02 1.972500e+02
      vertex   1.594830e+02 1.752913e+02 1.973706e+02
    endloop
  endfacet
  facet normal 9.238795e-01 -9.348794e-15 -3.826834e-01
    outer loop
      vertex   1.594830e+02 1.752913e+02 1.973706e+02
      vertex   1.594330e+02 1.781000e+02 1.972500e+02
      vertex   1.594830e+02 1.781000e+02 1.973706e+02
    endloop
  endfacet
  facet normal 9.914449e-01 -1.003249e-14 -1.305262e-01
    outer loop
      vertex   1.594830e+02 1.752913e+02 1.973706e+02
      vertex   1.594830e+02 1.781000e+02 1.973706e+02
      vertex   1.595000e+02 1.781000e+02 1.975000e+02
    endloop
  endfacet
  facet normal 9.238795e-01 0.000000e+00 -3.826834e-01
    outer loop
      vertex   1.594830e+02 1.443952e+02 1.973706e+02
      vertex   1.594830e+02 1.415865e+02 1.973706e+02
      vertex   1.594330e+02 1.443952e+02 1.972500e+02
    endloop
  endfacet
  facet normal 9.238795e-01 0.000000e+00 -3.826834e-01
    outer loop
      vertex   1.594330e+02 1.443952e+02 1.972500e+02
      vertex   1.594830e+02 1.415865e+02 1.973706e+02
      vertex   1.594330e+02 1.415865e+02 1.972500e+02
    endloop
  endfacet
  facet normal 7.933533e-01 0.000000e+00 -6.087614e-01
    outer loop
      vertex   1.594330e+02 1.443952e+02 1.972500e+02
      vertex   1.594330e+02 1.415865e+02 1.972500e+02
      vertex   1.593536e+02 1.443952e+02 1.971464e+02
    endloop
  endfacet
  facet normal 7.933533e-01 0.000000e+00 -6.087614e-01
    outer loop
      vertex   1.593536e+02 1.443952e+02 1.971464e+02
      vertex   1.594330e+02 1.415865e+02 1.972500e+02
      vertex   1.593536e+02 1.415865e+02 1.971464e+02
    endloop
  endfacet
  facet normal 6.087614e-01 0.000000e+00 -7.933533e-01
    outer loop
      vertex   1.593536e+02 1.443952e+02 1.971464e+02
      vertex   1.593536e+02 1.415865e+02 1.971464e+02
      vertex   1.592500e+02 1.443952e+02 1.970670e+02
    endloop
  endfacet
  facet normal 6.087614e-01 0.000000e+00 -7.933533e-01
    outer loop
      vertex   1.592500e+02 1.443952e+02 1.970670e+02
      vertex   1.593536e+02 1.415865e+02 1.971464e+02
      vertex   1.592500e+02 1.415865e+02 1.970670e+02
    endloop
  endfacet
  facet normal 3.826834e-01 0.000000e+00 -9.238795e-01
    outer loop
      vertex   1.592500e+02 1.443952e+02 1.970670e+02
      vertex   1.592500e+02 1.415865e+02 1.970670e+02
      vertex   1.591294e+02 1.443952e+02 1.970170e+02
    endloop
  endfacet
  facet normal 3.826834e-01 0.000000e+00 -9.238795e-01
    outer loop
      vertex   1.591294e+02 1.443952e+02 1.970170e+02
      vertex   1.592500e+02 1.415865e+02 1.970670e+02
      vertex   1.591294e+02 1.415865e+02 1.970170e+02
    endloop
  endfacet
  facet normal 1.305262e-01 0.000000e+00 -9.914449e-01
    outer loop
      vertex   1.591294e+02 1.443952e+02 1.970170e+02
      vertex   1.591294e+02 1.415865e+02 1.970170e+02
      vertex   1.590000e+02 1.387778e+02 1.970000e+02
    endloop
  endfacet
  facet normal 9.914449e-01 0.000000e+00 -1.305262e-01
    outer loop
      vertex   1.594830e+02 1.472040e+02 1.973706e+02
      vertex   1.594830e+02 1.500127e+02 1.973706e+02
      vertex   1.595000e+02 1.387778e+02 1.975000e+02
    endloop
  endfacet
  facet normal 9.914449e-01 0.000000e+00 -1.305262e-01
    outer loop
      vertex   1.595000e+02 1.387778e+02 1.975000e+02
      vertex   1.594830e+02 1.500127e+02 1.973706e+02
      vertex   1.594830e+02 1.528214e+02 1.973706e+02
    endloop
  endfacet
  facet normal 9.914449e-01 0.000000e+00 -1.305262e-01
    outer loop
      vertex   1.595000e+02 1.387778e+02 1.975000e+02
      vertex   1.594830e+02 1.528214e+02 1.973706e+02
      vertex   1.594830e+02 1.556302e+02 1.973706e+02
    endloop
  endfacet
  facet normal 9.238795e-01 0.000000e+00 -3.826834e-01
    outer loop
      vertex   1.594830e+02 1.556302e+02 1.973706e+02
      vertex   1.594830e+02 1.528214e+02 1.973706e+02
      vertex   1.594330e+02 1.556302e+02 1.972500e+02
    endloop
  endfacet
  facet normal 9.238795e-01 0.000000e+00 -3.826834e-01
    outer loop
      vertex   1.594830e+02 1.556302e+02 1.973706e+02
      vertex   1.594330e+02 1.556302e+02 1.972500e+02
      vertex   1.594330e+02 1.584389e+02 1.972500e+02
    endloop
  endfacet
  facet normal 7.933533e-01 0.000000e+00 -6.087614e-01
    outer loop
      vertex   1.594330e+02 1.584389e+02 1.972500e+02
      vertex   1.594330e+02 1.556302e+02 1.972500e+02
      vertex   1.593536e+02 1.584389e+02 1.971464e+02
    endloop
  endfacet
  facet normal 7.933533e-01 8.029796e-15 -6.087614e-01
    outer loop
      vertex   1.594330e+02 1.584389e+02 1.972500e+02
      vertex   1.593536e+02 1.584389e+02 1.971464e+02
      vertex   1.593536e+02 1.612476e+02 1.971464e+02
    endloop
  endfacet
  facet normal 6.087614e-01 6.160095e-15 -7.933533e-01
    outer loop
      vertex   1.593536e+02 1.612476e+02 1.971464e+02
      vertex   1.593536e+02 1.584389e+02 1.971464e+02
      vertex   1.592500e+02 1.612476e+02 1.970670e+02
    endloop
  endfacet
  facet normal 6.087614e-01 0.000000e+00 -7.933533e-01
    outer loop
      vertex   1.593536e+02 1.612476e+02 1.971464e+02
      vertex   1.592500e+02 1.612476e+02 1.970670e+02
      vertex   1.592500e+02 1.640564e+02 1.970670e+02
    endloop
  endfacet
  facet normal 3.826834e-01 0.000000e+00 -9.238795e-01
    outer loop
      vertex   1.592500e+02 1.640564e+02 1.970670e+02
      vertex   1.592500e+02 1.612476e+02 1.970670e+02
      vertex   1.591294e+02 1.640564e+02 1.970170e+02
    endloop
  endfacet
  facet normal 3.826834e-01 0.000000e+00 -9.238795e-01
    outer loop
      vertex   1.592500e+02 1.640564e+02 1.970670e+02
      vertex   1.591294e+02 1.640564e+02 1.970170e+02
      vertex   1.591294e+02 1.668651e+02 1.970170e+02
    endloop
  endfacet
  facet normal 1.305262e-01 0.000000e+00 -9.914449e-01
    outer loop
      vertex   1.591294e+02 1.668651e+02 1.970170e+02
      vertex   1.591294e+02 1.640564e+02 1.970170e+02
      vertex   1.590000e+02 1.781000e+02 1.970000e+02
    endloop
  endfacet
  facet normal 1.305262e-01 0.000000e+00 -9.914449e-01
    outer loop
      vertex   1.591294e+02 1.668651e+02 1.970170e+02
      vertex   1.590000e+02 1.781000e+02 1.970000e+02
      vertex   1.591294e+02 1.696738e+02 1.970170e+02
    endloop
  endfacet
  facet normal 9.238795e-01 0.000000e+00 -3.826834e-01
    outer loop
      vertex   1.594830e+02 1.472040e+02 1.973706e+02
      vertex   1.594330e+02 1.500127e+02 1.972500e+02
      vertex   1.594830e+02 1.500127e+02 1.973706e+02
    endloop
  endfacet
  facet normal 9.238795e-01 0.000000e+00 -3.826834e-01
    outer loop
      vertex   1.594830e+02 1.500127e+02 1.973706e+02
      vertex   1.594330e+02 1.500127e+02 1.972500e+02
      vertex   1.594330e+02 1.528214e+02 1.972500e+02
    endloop
  endfacet
  facet normal 9.238795e-01 0.000000e+00 -3.826834e-01
    outer loop
      vertex   1.594830e+02 1.500127e+02 1.973706e+02
      vertex   1.594330e+02 1.528214e+02 1.972500e+02
      vertex   1.594830e+02 1.528214e+02 1.973706e+02
    endloop
  endfacet
  facet normal 9.238795e-01 0.000000e+00 -3.826834e-01
    outer loop
      vertex   1.594830e+02 1.528214e+02 1.973706e+02
      vertex   1.594330e+02 1.528214e+02 1.972500e+02
      vertex   1.594330e+02 1.556302e+02 1.972500e+02
    endloop
  endfacet
  facet normal 9.914449e-01 0.000000e+00 -1.305262e-01
    outer loop
      vertex   1.594830e+02 1.584389e+02 1.973706e+02
      vertex   1.595000e+02 1.387778e+02 1.975000e+02
      vertex   1.594830e+02 1.556302e+02 1.973706e+02
    endloop
  endfacet
  facet normal 9.238795e-01 0.000000e+00 -3.826834e-01
    outer loop
      vertex   1.594330e+02 1.612476e+02 1.972500e+02
      vertex   1.594830e+02 1.584389e+02 1.973706e+02
      vertex   1.594330e+02 1.584389e+02 1.972500e+02
    endloop
  endfacet
  facet normal 9.238795e-01 0.000000e+00 -3.826834e-01
    outer loop
      vertex   1.594330e+02 1.584389e+02 1.972500e+02
      vertex   1.594830e+02 1.584389e+02 1.973706e+02
      vertex   1.594830e+02 1.556302e+02 1.973706e+02
    endloop
  endfacet
  facet normal 9.914449e-01 0.000000e+00 -1.305262e-01
    outer loop
      vertex   1.594830e+02 1.612476e+02 1.973706e+02
      vertex   1.594830e+02 1.640564e+02 1.973706e+02
      vertex   1.595000e+02 1.781000e+02 1.975000e+02
    endloop
  endfacet
  facet normal 9.914449e-01 1.003251e-14 -1.305262e-01
    outer loop
      vertex   1.595000e+02 1.781000e+02 1.975000e+02
      vertex   1.594830e+02 1.640564e+02 1.973706e+02
      vertex   1.594830e+02 1.668651e+02 1.973706e+02
    endloop
  endfacet
  facet normal 9.914449e-01 0.000000e+00 -1.305262e-01
    outer loop
      vertex   1.595000e+02 1.781000e+02 1.975000e+02
      vertex   1.594830e+02 1.668651e+02 1.973706e+02
      vertex   1.594830e+02 1.696738e+02 1.973706e+02
    endloop
  endfacet
  facet normal 9.238795e-01 0.000000e+00 -3.826834e-01
    outer loop
      vertex   1.594830e+02 1.696738e+02 1.973706e+02
      vertex   1.594830e+02 1.668651e+02 1.973706e+02
      vertex   1.594330e+02 1.696738e+02 1.972500e+02
    endloop
  endfacet
  facet normal 9.238795e-01 0.000000e+00 -3.826834e-01
    outer loop
      vertex   1.594830e+02 1.696738e+02 1.973706e+02
      vertex   1.594330e+02 1.696738e+02 1.972500e+02
      vertex   1.594330e+02 1.724825e+02 1.972500e+02
    endloop
  endfacet
  facet normal 7.933533e-01 0.000000e+00 -6.087614e-01
    outer loop
      vertex   1.594330e+02 1.724825e+02 1.972500e+02
      vertex   1.594330e+02 1.696738e+02 1.972500e+02
      vertex   1.593536e+02 1.724825e+02 1.971464e+02
    endloop
  endfacet
  facet normal 7.933533e-01 0.000000e+00 -6.087614e-01
    outer loop
      vertex   1.594330e+02 1.724825e+02 1.972500e+02
      vertex   1.593536e+02 1.724825e+02 1.971464e+02
      vertex   1.593536e+02 1.752913e+02 1.971464e+02
    endloop
  endfacet
  facet normal 6.087614e-01 0.000000e+00 -7.933533e-01
    outer loop
      vertex   1.593536e+02 1.752913e+02 1.971464e+02
      vertex   1.593536e+02 1.724825e+02 1.971464e+02
      vertex   1.592500e+02 1.752913e+02 1.970670e+02
    endloop
  endfacet
  facet normal 9.238795e-01 0.000000e+00 -3.826834e-01
    outer loop
      vertex   1.594830e+02 1.612476e+02 1.973706e+02
      vertex   1.594330e+02 1.640564e+02 1.972500e+02
      vertex   1.594830e+02 1.640564e+02 1.973706e+02
    endloop
  endfacet
  facet normal 9.238795e-01 0.000000e+00 -3.826834e-01
    outer loop
      vertex   1.594830e+02 1.640564e+02 1.973706e+02
      vertex   1.594330e+02 1.640564e+02 1.972500e+02
      vertex   1.594330e+02 1.668651e+02 1.972500e+02
    endloop
  endfacet
  facet normal 9.238795e-01 9.348794e-15 -3.826834e-01
    outer loop
      vertex   1.594830e+02 1.640564e+02 1.973706e+02
      vertex   1.594330e+02 1.668651e+02 1.972500e+02
      vertex   1.594830e+02 1.668651e+02 1.973706e+02
    endloop
  endfacet
  facet normal 9.238795e-01 -3.872945e-15 -3.826834e-01
    outer loop
      vertex   1.594830e+02 1.668651e+02 1.973706e+02
      vertex   1.594330e+02 1.668651e+02 1.972500e+02
      vertex   1.594330e+02 1.696738e+02 1.972500e+02
    endloop
  endfacet
  facet normal 9.914449e-01 0.000000e+00 -1.305262e-01
    outer loop
      vertex   1.594830e+02 1.752913e+02 1.973706e+02
      vertex   1.595000e+02 1.781000e+02 1.975000e+02
      vertex   1.594830e+02 1.724825e+02 1.973706e+02
    endloop
  endfacet
  facet normal 9.914449e-01 0.000000e+00 -1.305262e-01
    outer loop
      vertex   1.594830e+02 1.724825e+02 1.973706e+02
      vertex   1.595000e+02 1.781000e+02 1.975000e+02
      vertex   1.594830e+02 1.696738e+02 1.973706e+02
    endloop
  endfacet
  facet normal 9.238795e-01 0.000000e+00 -3.826834e-01
    outer loop
      vertex   1.594830e+02 1.724825e+02 1.973706e+02
      vertex   1.594830e+02 1.696738e+02 1.973706e+02
      vertex   1.594330e+02 1.724825e+02 1.972500e+02
    endloop
  endfacet
  facet normal 9.238795e-01 0.000000e+00 -3.826834e-01
    outer loop
      vertex   1.594330e+02 1.752913e+02 1.972500e+02
      vertex   1.594830e+02 1.752913e+02 1.973706e+02
      vertex   1.594830e+02 1.724825e+02 1.973706e+02
    endloop
  endfacet
  facet normal 9.238795e-01 0.000000e+00 -3.826834e-01
    outer loop
      vertex   1.594330e+02 1.752913e+02 1.972500e+02
      vertex   1.594830e+02 1.724825e+02 1.973706e+02
      vertex   1.594330e+02 1.724825e+02 1.972500e+02
    endloop
  endfacet
  facet normal 9.238795e-01 0.000000e+00 -3.826834e-01
    outer loop
      vertex   1.594830e+02 1.443952e+02 1.973706e+02
      vertex   1.594330e+02 1.443952e+02 1.972500e+02
      vertex   1.594330e+02 1.472040e+02 1.972500e+02
    endloop
  endfacet
  facet normal 7.933533e-01 0.000000e+00 -6.087614e-01
    outer loop
      vertex   1.594330e+02 1.472040e+02 1.972500e+02
      vertex   1.594330e+02 1.443952e+02 1.972500e+02
      vertex   1.593536e+02 1.472040e+02 1.971464e+02
    endloop
  endfacet
  facet normal 7.933533e-01 0.000000e+00 -6.087614e-01
    outer loop
      vertex   1.594330e+02 1.472040e+02 1.972500e+02
      vertex   1.593536e+02 1.472040e+02 1.971464e+02
      vertex   1.593536e+02 1.500127e+02 1.971464e+02
    endloop
  endfacet
  facet normal 6.087614e-01 0.000000e+00 -7.933533e-01
    outer loop
      vertex   1.593536e+02 1.500127e+02 1.971464e+02
      vertex   1.593536e+02 1.472040e+02 1.971464e+02
      vertex   1.592500e+02 1.500127e+02 1.970670e+02
    endloop
  endfacet
  facet normal 6.087614e-01 0.000000e+00 -7.933533e-01
    outer loop
      vertex   1.593536e+02 1.500127e+02 1.971464e+02
      vertex   1.592500e+02 1.500127e+02 1.970670e+02
      vertex   1.592500e+02 1.528214e+02 1.970670e+02
    endloop
  endfacet
  facet normal 3.826834e-01 0.000000e+00 -9.238795e-01
    outer loop
      vertex   1.592500e+02 1.528214e+02 1.970670e+02
      vertex   1.592500e+02 1.500127e+02 1.970670e+02
      vertex   1.591294e+02 1.528214e+02 1.970170e+02
    endloop
  endfacet
  facet normal 3.826834e-01 0.000000e+00 -9.238795e-01
    outer loop
      vertex   1.592500e+02 1.528214e+02 1.970670e+02
      vertex   1.591294e+02 1.528214e+02 1.970170e+02
      vertex   1.591294e+02 1.556302e+02 1.970170e+02
    endloop
  endfacet
  facet normal 1.305262e-01 0.000000e+00 -9.914449e-01
    outer loop
      vertex   1.591294e+02 1.556302e+02 1.970170e+02
      vertex   1.591294e+02 1.528214e+02 1.970170e+02
      vertex   1.590000e+02 1.387778e+02 1.970000e+02
    endloop
  endfacet
  facet normal 7.933533e-01 0.000000e+00 -6.087614e-01
    outer loop
      vertex   1.593536e+02 1.472040e+02 1.971464e+02
      vertex   1.594330e+02 1.443952e+02 1.972500e+02
      vertex   1.593536e+02 1.443952e+02 1.971464e+02
    endloop
  endfacet
  facet normal 7.933533e-01 0.000000e+00 -6.087614e-01
    outer loop
      vertex   1.594330e+02 1.500127e+02 1.972500e+02
      vertex   1.593536e+02 1.528214e+02 1.971464e+02
      vertex   1.594330e+02 1.528214e+02 1.972500e+02
    endloop
  endfacet
  facet normal 7.933533e-01 0.000000e+00 -6.087614e-01
    outer loop
      vertex   1.594330e+02 1.528214e+02 1.972500e+02
      vertex   1.593536e+02 1.528214e+02 1.971464e+02
      vertex   1.593536e+02 1.556302e+02 1.971464e+02
    endloop
  endfacet
  facet normal 7.933533e-01 0.000000e+00 -6.087614e-01
    outer loop
      vertex   1.594330e+02 1.528214e+02 1.972500e+02
      vertex   1.593536e+02 1.556302e+02 1.971464e+02
      vertex   1.594330e+02 1.556302e+02 1.972500e+02
    endloop
  endfacet
  facet normal 7.933533e-01 0.000000e+00 -6.087614e-01
    outer loop
      vertex   1.594330e+02 1.556302e+02 1.972500e+02
      vertex   1.593536e+02 1.556302e+02 1.971464e+02
      vertex   1.593536e+02 1.584389e+02 1.971464e+02
    endloop
  endfacet
  facet normal 7.933533e-01 0.000000e+00 -6.087614e-01
    outer loop
      vertex   1.593536e+02 1.640564e+02 1.971464e+02
      vertex   1.594330e+02 1.612476e+02 1.972500e+02
      vertex   1.593536e+02 1.612476e+02 1.971464e+02
    endloop
  endfacet
  facet normal 7.933533e-01 0.000000e+00 -6.087614e-01
    outer loop
      vertex   1.593536e+02 1.612476e+02 1.971464e+02
      vertex   1.594330e+02 1.612476e+02 1.972500e+02
      vertex   1.594330e+02 1.584389e+02 1.972500e+02
    endloop
  endfacet
  facet normal 7.933533e-01 0.000000e+00 -6.087614e-01
    outer loop
      vertex   1.594330e+02 1.640564e+02 1.972500e+02
      vertex   1.593536e+02 1.668651e+02 1.971464e+02
      vertex   1.594330e+02 1.668651e+02 1.972500e+02
    endloop
  endfacet
  facet normal 7.933533e-01 0.000000e+00 -6.087614e-01
    outer loop
      vertex   1.594330e+02 1.668651e+02 1.972500e+02
      vertex   1.593536e+02 1.668651e+02 1.971464e+02
      vertex   1.593536e+02 1.696738e+02 1.971464e+02
    endloop
  endfacet
  facet normal 7.933533e-01 -6.160095e-15 -6.087614e-01
    outer loop
      vertex   1.594330e+02 1.668651e+02 1.972500e+02
      vertex   1.593536e+02 1.696738e+02 1.971464e+02
      vertex   1.594330e+02 1.696738e+02 1.972500e+02
    endloop
  endfacet
  facet normal 7.933533e-01 0.000000e+00 -6.087614e-01
    outer loop
      vertex   1.594330e+02 1.696738e+02 1.972500e+02
      vertex   1.593536e+02 1.696738e+02 1.971464e+02
      vertex   1.593536e+02 1.724825e+02 1.971464e+02
    endloop
  endfacet
  facet normal 7.933533e-01 0.000000e+00 -6.087614e-01
    outer loop
      vertex   1.593536e+02 1.752913e+02 1.971464e+02
      vertex   1.594330e+02 1.752913e+02 1.972500e+02
      vertex   1.594330e+02 1.724825e+02 1.972500e+02
    endloop
  endfacet
  facet normal 6.087614e-01 0.000000e+00 -7.933533e-01
    outer loop
      vertex   1.593536e+02 1.472040e+02 1.971464e+02
      vertex   1.593536e+02 1.443952e+02 1.971464e+02
      vertex   1.592500e+02 1.472040e+02 1.970670e+02
    endloop
  endfacet
  facet normal 6.087614e-01 0.000000e+00 -7.933533e-01
    outer loop
      vertex   1.592500e+02 1.472040e+02 1.970670e+02
      vertex   1.593536e+02 1.443952e+02 1.971464e+02
      vertex   1.592500e+02 1.443952e+02 1.970670e+02
    endloop
  endfacet
  facet normal 3.826834e-01 0.000000e+00 -9.238795e-01
    outer loop
      vertex   1.592500e+02 1.472040e+02 1.970670e+02
      vertex   1.592500e+02 1.443952e+02 1.970670e+02
      vertex   1.591294e+02 1.472040e+02 1.970170e+02
    endloop
  endfacet
  facet normal 3.826834e-01 0.000000e+00 -9.238795e-01
    outer loop
      vertex   1.591294e+02 1.472040e+02 1.970170e+02
      vertex   1.592500e+02 1.443952e+02 1.970670e+02
      vertex   1.591294e+02 1.443952e+02 1.970170e+02
    endloop
  endfacet
  facet normal 1.305262e-01 0.000000e+00 -9.914449e-01
    outer loop
      vertex   1.591294e+02 1.472040e+02 1.970170e+02
      vertex   1.591294e+02 1.443952e+02 1.970170e+02
      vertex   1.590000e+02 1.387778e+02 1.970000e+02
    endloop
  endfacet
  facet normal 6.087614e-01 0.000000e+00 -7.933533e-01
    outer loop
      vertex   1.593536e+02 1.528214e+02 1.971464e+02
      vertex   1.592500e+02 1.556302e+02 1.970670e+02
      vertex   1.593536e+02 1.556302e+02 1.971464e+02
    endloop
  endfacet
  facet normal 6.087614e-01 0.000000e+00 -7.933533e-01
    outer loop
      vertex   1.593536e+02 1.556302e+02 1.971464e+02
      vertex   1.592500e+02 1.556302e+02 1.970670e+02
      vertex   1.592500e+02 1.584389e+02 1.970670e+02
    endloop
  endfacet
  facet normal 6.087614e-01 0.000000e+00 -7.933533e-01
    outer loop
      vertex   1.593536e+02 1.556302e+02 1.971464e+02
      vertex   1.592500e+02 1.584389e+02 1.970670e+02
      vertex   1.593536e+02 1.584389e+02 1.971464e+02
    endloop
  endfacet
  facet normal 6.087614e-01 0.000000e+00 -7.933533e-01
    outer loop
      vertex   1.593536e+02 1.584389e+02 1.971464e+02
      vertex   1.592500e+02 1.584389e+02 1.970670e+02
      vertex   1.592500e+02 1.612476e+02 1.970670e+02
    endloop
  endfacet
  facet normal 6.087614e-01 0.000000e+00 -7.933533e-01
    outer loop
      vertex   1.592500e+02 1.668651e+02 1.970670e+02
      vertex   1.593536e+02 1.640564e+02 1.971464e+02
      vertex   1.592500e+02 1.640564e+02 1.970670e+02
    endloop
  endfacet
  facet normal 6.087614e-01 0.000000e+00 -7.933533e-01
    outer loop
      vertex   1.592500e+02 1.640564e+02 1.970670e+02
      vertex   1.593536e+02 1.640564e+02 1.971464e+02
      vertex   1.593536e+02 1.612476e+02 1.971464e+02
    endloop
  endfacet
  facet normal 6.087614e-01 0.000000e+00 -7.933533e-01
    outer loop
      vertex   1.593536e+02 1.668651e+02 1.971464e+02
      vertex   1.592500e+02 1.696738e+02 1.970670e+02
      vertex   1.593536e+02 1.696738e+02 1.971464e+02
    endloop
  endfacet
  facet normal 6.087614e-01 0.000000e+00 -7.933533e-01
    outer loop
      vertex   1.593536e+02 1.696738e+02 1.971464e+02
      vertex   1.592500e+02 1.696738e+02 1.970670e+02
      vertex   1.592500e+02 1.724825e+02 1.970670e+02
    endloop
  endfacet
  facet normal 6.087614e-01 0.000000e+00 -7.933533e-01
    outer loop
      vertex   1.593536e+02 1.696738e+02 1.971464e+02
      vertex   1.592500e+02 1.724825e+02 1.970670e+02
      vertex   1.593536e+02 1.724825e+02 1.971464e+02
    endloop
  endfacet
  facet normal 6.087614e-01 0.000000e+00 -7.933533e-01
    outer loop
      vertex   1.593536e+02 1.724825e+02 1.971464e+02
      vertex   1.592500e+02 1.724825e+02 1.970670e+02
      vertex   1.592500e+02 1.752913e+02 1.970670e+02
    endloop
  endfacet
  facet normal 6.087614e-01 0.000000e+00 -7.933533e-01
    outer loop
      vertex   1.593536e+02 1.472040e+02 1.971464e+02
      vertex   1.592500e+02 1.472040e+02 1.970670e+02
      vertex   1.592500e+02 1.500127e+02 1.970670e+02
    endloop
  endfacet
  facet normal 3.826834e-01 0.000000e+00 -9.238795e-01
    outer loop
      vertex   1.592500e+02 1.500127e+02 1.970670e+02
      vertex   1.592500e+02 1.472040e+02 1.970670e+02
      vertex   1.591294e+02 1.500127e+02 1.970170e+02
    endloop
  endfacet
  facet normal 3.826834e-01 0.000000e+00 -9.238795e-01
    outer loop
      vertex   1.592500e+02 1.500127e+02 1.970670e+02
      vertex   1.591294e+02 1.500127e+02 1.970170e+02
      vertex   1.591294e+02 1.528214e+02 1.970170e+02
    endloop
  endfacet
  facet normal 1.305262e-01 0.000000e+00 -9.914449e-01
    outer loop
      vertex   1.591294e+02 1.528214e+02 1.970170e+02
      vertex   1.591294e+02 1.500127e+02 1.970170e+02
      vertex   1.590000e+02 1.387778e+02 1.970000e+02
    endloop
  endfacet
  facet normal 3.826834e-01 0.000000e+00 -9.238795e-01
    outer loop
      vertex   1.591294e+02 1.500127e+02 1.970170e+02
      vertex   1.592500e+02 1.472040e+02 1.970670e+02
      vertex   1.591294e+02 1.472040e+02 1.970170e+02
    endloop
  endfacet
  facet normal 3.826834e-01 0.000000e+00 -9.238795e-01
    outer loop
      vertex   1.592500e+02 1.556302e+02 1.970670e+02
      vertex   1.591294e+02 1.584389e+02 1.970170e+02
      vertex   1.592500e+02 1.584389e+02 1.970670e+02
    endloop
  endfacet
  facet normal 3.826834e-01 0.000000e+00 -9.238795e-01
    outer loop
      vertex   1.592500e+02 1.584389e+02 1.970670e+02
      vertex   1.591294e+02 1.584389e+02 1.970170e+02
      vertex   1.591294e+02 1.612476e+02 1.970170e+02
    endloop
  endfacet
  facet normal 3.826834e-01 0.000000e+00 -9.238795e-01
    outer loop
      vertex   1.592500e+02 1.584389e+02 1.970670e+02
      vertex   1.591294e+02 1.612476e+02 1.970170e+02
      vertex   1.592500e+02 1.612476e+02 1.970670e+02
    endloop
  endfacet
  facet normal 3.826834e-01 0.000000e+00 -9.238795e-01
    outer loop
      vertex   1.592500e+02 1.612476e+02 1.970670e+02
      vertex   1.591294e+02 1.612476e+02 1.970170e+02
      vertex   1.591294e+02 1.640564e+02 1.970170e+02
    endloop
  endfacet
  facet normal 3.826834e-01 0.000000e+00 -9.238795e-01
    outer loop
      vertex   1.591294e+02 1.696738e+02 1.970170e+02
      vertex   1.592500e+02 1.668651e+02 1.970670e+02
      vertex   1.591294e+02 1.668651e+02 1.970170e+02
    endloop
  endfacet
  facet normal 3.826834e-01 0.000000e+00 -9.238795e-01
    outer loop
      vertex   1.591294e+02 1.668651e+02 1.970170e+02
      vertex   1.592500e+02 1.668651e+02 1.970670e+02
      vertex   1.592500e+02 1.640564e+02 1.970670e+02
    endloop
  endfacet
  facet normal 3.826834e-01 0.000000e+00 -9.238795e-01
    outer loop
      vertex   1.591294e+02 1.752913e+02 1.970170e+02
      vertex   1.592500e+02 1.752913e+02 1.970670e+02
      vertex   1.592500e+02 1.724825e+02 1.970670e+02
    endloop
  endfacet
  facet normal 3.826834e-01 0.000000e+00 -9.238795e-01
    outer loop
      vertex   1.591294e+02 1.752913e+02 1.970170e+02
      vertex   1.592500e+02 1.724825e+02 1.970670e+02
      vertex   1.591294e+02 1.724825e+02 1.970170e+02
    endloop
  endfacet
  facet normal 3.826834e-01 0.000000e+00 -9.238795e-01
    outer loop
      vertex   1.591294e+02 1.724825e+02 1.970170e+02
      vertex   1.592500e+02 1.724825e+02 1.970670e+02
      vertex   1.592500e+02 1.696738e+02 1.970670e+02
    endloop
  endfacet
  facet normal 1.305262e-01 0.000000e+00 -9.914449e-01
    outer loop
      vertex   1.590000e+02 1.387778e+02 1.970000e+02
      vertex   1.591294e+02 1.500127e+02 1.970170e+02
      vertex   1.591294e+02 1.472040e+02 1.970170e+02
    endloop
  endfacet
  facet normal 1.305262e-01 0.000000e+00 -9.914449e-01
    outer loop
      vertex   1.590000e+02 1.781000e+02 1.970000e+02
      vertex   1.591294e+02 1.640564e+02 1.970170e+02
      vertex   1.591294e+02 1.612476e+02 1.970170e+02
    endloop
  endfacet
  facet normal 1.305262e-01 0.000000e+00 -9.914449e-01
    outer loop
      vertex   1.591294e+02 1.612476e+02 1.970170e+02
      vertex   1.591294e+02 1.584389e+02 1.970170e+02
      vertex   1.590000e+02 1.781000e+02 1.970000e+02
    endloop
  endfacet
  facet normal 9.914449e-01 1.305262e-01 2.254285e-14
    outer loop
      vertex   1.595000e+02 1.781000e+02 2.025000e+02
      vertex   1.595000e+02 1.781000e+02 1.975000e+02
      vertex   1.594830e+02 1.782294e+02 2.000000e+02
    endloop
  endfacet
  facet normal 9.914449e-01 1.305262e-01 2.105894e-14
    outer loop
      vertex   1.594830e+02 1.782294e+02 2.000000e+02
      vertex   1.595000e+02 1.781000e+02 1.975000e+02
      vertex   1.594830e+02 1.782294e+02 1.975000e+02
    endloop
  endfacet
  facet normal 9.238795e-01 3.826834e-01 1.665598e-14
    outer loop
      vertex   1.594830e+02 1.782294e+02 2.000000e+02
      vertex   1.594830e+02 1.782294e+02 1.975000e+02
      vertex   1.594330e+02 1.783500e+02 2.000000e+02
    endloop
  endfacet
  facet normal 9.238795e-01 3.826834e-01 1.665598e-14
    outer loop
      vertex   1.594330e+02 1.783500e+02 2.000000e+02
      vertex   1.594830e+02 1.782294e+02 1.975000e+02
      vertex   1.594330e+02 1.783500e+02 1.975000e+02
    endloop
  endfacet
  facet normal 7.933533e-01 6.087614e-01 1.111795e-14
    outer loop
      vertex   1.594330e+02 1.783500e+02 2.000000e+02
      vertex   1.594330e+02 1.783500e+02 1.975000e+02
      vertex   1.593536e+02 1.784536e+02 2.000000e+02
    endloop
  endfacet
  facet normal 7.933533e-01 6.087614e-01 1.803877e-14
    outer loop
      vertex   1.593536e+02 1.784536e+02 2.000000e+02
      vertex   1.594330e+02 1.783500e+02 1.975000e+02
      vertex   1.593536e+02 1.784536e+02 1.975000e+02
    endloop
  endfacet
  facet normal 6.087614e-01 7.933533e-01 1.384163e-14
    outer loop
      vertex   1.593536e+02 1.784536e+02 2.000000e+02
      vertex   1.593536e+02 1.784536e+02 1.975000e+02
      vertex   1.592500e+02 1.785330e+02 2.000000e+02
    endloop
  endfacet
  facet normal 6.087614e-01 7.933533e-01 1.384163e-14
    outer loop
      vertex   1.592500e+02 1.785330e+02 2.000000e+02
      vertex   1.593536e+02 1.784536e+02 1.975000e+02
      vertex   1.592500e+02 1.785330e+02 1.975000e+02
    endloop
  endfacet
  facet normal 3.826834e-01 9.238795e-01 8.701214e-15
    outer loop
      vertex   1.592500e+02 1.785330e+02 2.000000e+02
      vertex   1.592500e+02 1.785330e+02 1.975000e+02
      vertex   1.591294e+02 1.785830e+02 2.000000e+02
    endloop
  endfacet
  facet normal 3.826834e-01 9.238795e-01 4.350607e-15
    outer loop
      vertex   1.591294e+02 1.785830e+02 2.000000e+02
      vertex   1.592500e+02 1.785330e+02 1.975000e+02
      vertex   1.591294e+02 1.785830e+02 1.975000e+02
    endloop
  endfacet
  facet normal 1.305262e-01 9.914449e-01 1.483911e-15
    outer loop
      vertex   1.591294e+02 1.785830e+02 2.000000e+02
      vertex   1.591294e+02 1.785830e+02 1.975000e+02
      vertex   1.590000e+02 1.786000e+02 1.975000e+02
    endloop
  endfacet
  facet normal 1.305262e-01 9.914449e-01 2.225867e-15
    outer loop
      vertex   1.590000e+02 1.786000e+02 1.975000e+02
      vertex   1.590000e+02 1.786000e+02 2.025000e+02
      vertex   1.591294e+02 1.785830e+02 2.000000e+02
    endloop
  endfacet
  facet normal 1.305262e-01 9.914449e-01 2.699458e-14
    outer loop
      vertex   1.591294e+02 1.785830e+02 2.000000e+02
      vertex   1.590000e+02 1.786000e+02 2.025000e+02
      vertex   1.591294e+02 1.785830e+02 2.025000e+02
    endloop
  endfacet
  facet normal 3.826834e-01 9.238795e-01 3.405841e-14
    outer loop
      vertex   1.591294e+02 1.785830e+02 2.000000e+02
      vertex   1.591294e+02 1.785830e+02 2.025000e+02
      vertex   1.592500e+02 1.785330e+02 2.000000e+02
    endloop
  endfacet
  facet normal 3.826834e-01 9.238795e-01 2.355512e-14
    outer loop
      vertex   1.592500e+02 1.785330e+02 2.000000e+02
      vertex   1.591294e+02 1.785830e+02 2.025000e+02
      vertex   1.592500e+02 1.785330e+02 2.025000e+02
    endloop
  endfacet
  facet normal 6.087614e-01 7.933533e-01 2.978183e-14
    outer loop
      vertex   1.592500e+02 1.785330e+02 2.000000e+02
      vertex   1.592500e+02 1.785330e+02 2.025000e+02
      vertex   1.593536e+02 1.784536e+02 2.000000e+02
    endloop
  endfacet
  facet normal 6.087614e-01 7.933533e-01 2.286102e-14
    outer loop
      vertex   1.593536e+02 1.784536e+02 2.000000e+02
      vertex   1.592500e+02 1.785330e+02 2.025000e+02
      vertex   1.593536e+02 1.784536e+02 2.025000e+02
    endloop
  endfacet
  facet normal 7.933533e-01 6.087614e-01 2.495958e-14
    outer loop
      vertex   1.593536e+02 1.784536e+02 2.000000e+02
      vertex   1.593536e+02 1.784536e+02 2.025000e+02
      vertex   1.594330e+02 1.783500e+02 2.000000e+02
    endloop
  endfacet
  facet normal 7.933533e-01 6.087614e-01 3.397897e-14
    outer loop
      vertex   1.594330e+02 1.783500e+02 2.000000e+02
      vertex   1.593536e+02 1.784536e+02 2.025000e+02
      vertex   1.594330e+02 1.783500e+02 2.025000e+02
    endloop
  endfacet
  facet normal 9.238795e-01 3.826834e-01 3.586049e-14
    outer loop
      vertex   1.594330e+02 1.783500e+02 2.000000e+02
      vertex   1.594330e+02 1.783500e+02 2.025000e+02
      vertex   1.594830e+02 1.782294e+02 2.000000e+02
    endloop
  endfacet
  facet normal 9.238795e-01 3.826834e-01 3.586049e-14
    outer loop
      vertex   1.594830e+02 1.782294e+02 2.000000e+02
      vertex   1.594330e+02 1.783500e+02 2.025000e+02
      vertex   1.594830e+02 1.782294e+02 2.025000e+02
    endloop
  endfacet
  facet normal 9.914449e-01 1.305262e-01 3.529818e-14
    outer loop
      vertex   1.594830e+02 1.782294e+02 2.000000e+02
      vertex   1.594830e+02 1.782294e+02 2.025000e+02
      vertex   1.595000e+02 1.781000e+02 2.025000e+02
    endloop
  endfacet
  facet normal 1.914948e-14 9.914449e-01 -1.305262e-01
    outer loop
      vertex   1.590000e+02 1.785830e+02 1.973706e+02
      vertex   1.564444e+02 1.785830e+02 1.973706e+02
      vertex   1.590000e+02 1.786000e+02 1.975000e+02
    endloop
  endfacet
  facet normal 5.806387e-15 9.914449e-01 -1.305262e-01
    outer loop
      vertex   1.590000e+02 1.786000e+02 1.975000e+02
      vertex   1.564444e+02 1.785830e+02 1.973706e+02
      vertex   1.538889e+02 1.785830e+02 1.973706e+02
    endloop
  endfacet
  facet normal 2.903194e-15 9.914449e-01 -1.305262e-01
    outer loop
      vertex   1.590000e+02 1.786000e+02 1.975000e+02
      vertex   1.538889e+02 1.785830e+02 1.973706e+02
      vertex   1.513333e+02 1.785830e+02 1.973706e+02
    endloop
  endfacet
  facet normal 8.512057e-15 9.238795e-01 -3.826834e-01
    outer loop
      vertex   1.513333e+02 1.785830e+02 1.973706e+02
      vertex   1.538889e+02 1.785830e+02 1.973706e+02
      vertex   1.513333e+02 1.785330e+02 1.972500e+02
    endloop
  endfacet
  facet normal 6.750283e-15 9.238795e-01 -3.826834e-01
    outer loop
      vertex   1.513333e+02 1.785830e+02 1.973706e+02
      vertex   1.513333e+02 1.785330e+02 1.972500e+02
      vertex   1.487778e+02 1.785330e+02 1.972500e+02
    endloop
  endfacet
  facet normal 1.825814e-14 7.933533e-01 -6.087614e-01
    outer loop
      vertex   1.487778e+02 1.785330e+02 1.972500e+02
      vertex   1.513333e+02 1.785330e+02 1.972500e+02
      vertex   1.487778e+02 1.784536e+02 1.971464e+02
    endloop
  endfacet
  facet normal 1.148796e-14 7.933533e-01 -6.087614e-01
    outer loop
      vertex   1.487778e+02 1.785330e+02 1.972500e+02
      vertex   1.487778e+02 1.784536e+02 1.971464e+02
      vertex   1.462222e+02 1.784536e+02 1.971464e+02
    endloop
  endfacet
  facet normal 1.969957e-14 6.087614e-01 -7.933533e-01
    outer loop
      vertex   1.462222e+02 1.784536e+02 1.971464e+02
      vertex   1.487778e+02 1.784536e+02 1.971464e+02
      vertex   1.462222e+02 1.783500e+02 1.970670e+02
    endloop
  endfacet
  facet normal 1.764538e-14 6.087614e-01 -7.933533e-01
    outer loop
      vertex   1.462222e+02 1.784536e+02 1.971464e+02
      vertex   1.462222e+02 1.783500e+02 1.970670e+02
      vertex   1.436667e+02 1.783500e+02 1.970670e+02
    endloop
  endfacet
  facet normal 2.054992e-14 3.826834e-01 -9.238795e-01
    outer loop
      vertex   1.436667e+02 1.783500e+02 1.970670e+02
      vertex   1.462222e+02 1.783500e+02 1.970670e+02
      vertex   1.436667e+02 1.782294e+02 1.970170e+02
    endloop
  endfacet
  facet normal 1.453287e-14 3.826834e-01 -9.238795e-01
    outer loop
      vertex   1.436667e+02 1.783500e+02 1.970670e+02
      vertex   1.436667e+02 1.782294e+02 1.970170e+02
      vertex   1.411111e+02 1.782294e+02 1.970170e+02
    endloop
  endfacet
  facet normal 1.247804e-14 1.305262e-01 -9.914449e-01
    outer loop
      vertex   1.411111e+02 1.782294e+02 1.970170e+02
      vertex   1.436667e+02 1.782294e+02 1.970170e+02
      vertex   1.360000e+02 1.781000e+02 1.970000e+02
    endloop
  endfacet
  facet normal 2.350444e-14 1.305262e-01 -9.914449e-01
    outer loop
      vertex   1.411111e+02 1.782294e+02 1.970170e+02
      vertex   1.360000e+02 1.781000e+02 1.970000e+02
      vertex   1.385556e+02 1.782294e+02 1.970170e+02
    endloop
  endfacet
  facet normal 3.162752e-14 1.305262e-01 -9.914449e-01
    outer loop
      vertex   1.385556e+02 1.782294e+02 1.970170e+02
      vertex   1.360000e+02 1.781000e+02 1.970000e+02
      vertex   1.360000e+02 1.782294e+02 1.970170e+02
    endloop
  endfacet
  facet normal 2.656886e-14 3.826834e-01 -9.238795e-01
    outer loop
      vertex   1.385556e+02 1.782294e+02 1.970170e+02
      vertex   1.360000e+02 1.782294e+02 1.970170e+02
      vertex   1.385556e+02 1.783500e+02 1.970670e+02
    endloop
  endfacet
  facet normal 3.082489e-14 3.826834e-01 -9.238795e-01
    outer loop
      vertex   1.385556e+02 1.783500e+02 1.970670e+02
      vertex   1.360000e+02 1.782294e+02 1.970170e+02
      vertex   1.360000e+02 1.783500e+02 1.970670e+02
    endloop
  endfacet
  facet normal 2.646993e-14 6.087614e-01 -7.933533e-01
    outer loop
      vertex   1.385556e+02 1.783500e+02 1.970670e+02
      vertex   1.360000e+02 1.783500e+02 1.970670e+02
      vertex   1.385556e+02 1.784536e+02 1.971464e+02
    endloop
  endfacet
  facet normal 3.324029e-14 6.087614e-01 -7.933533e-01
    outer loop
      vertex   1.385556e+02 1.784536e+02 1.971464e+02
      vertex   1.360000e+02 1.783500e+02 1.970670e+02
      vertex   1.360000e+02 1.784536e+02 1.971464e+02
    endloop
  endfacet
  facet normal 2.913440e-14 7.933533e-01 -6.087614e-01
    outer loop
      vertex   1.385556e+02 1.784536e+02 1.971464e+02
      vertex   1.360000e+02 1.784536e+02 1.971464e+02
      vertex   1.385556e+02 1.785330e+02 1.972500e+02
    endloop
  endfacet
  facet normal 1.354073e-14 7.933533e-01 -6.087614e-01
    outer loop
      vertex   1.385556e+02 1.785330e+02 1.972500e+02
      vertex   1.360000e+02 1.784536e+02 1.971464e+02
      vertex   1.360000e+02 1.785330e+02 1.972500e+02
    endloop
  endfacet
  facet normal 8.512057e-15 9.238795e-01 -3.826834e-01
    outer loop
      vertex   1.385556e+02 1.785330e+02 1.972500e+02
      vertex   1.360000e+02 1.785330e+02 1.972500e+02
      vertex   1.385556e+02 1.785830e+02 1.973706e+02
    endloop
  endfacet
  facet normal 4.256029e-15 9.238795e-01 -3.826834e-01
    outer loop
      vertex   1.385556e+02 1.785830e+02 1.973706e+02
      vertex   1.360000e+02 1.785330e+02 1.972500e+02
      vertex   1.360000e+02 1.785830e+02 1.973706e+02
    endloop
  endfacet
  facet normal 1.451652e-15 9.914449e-01 -1.305262e-01
    outer loop
      vertex   1.385556e+02 1.785830e+02 1.973706e+02
      vertex   1.360000e+02 1.785830e+02 1.973706e+02
      vertex   1.360000e+02 1.786000e+02 1.975000e+02
    endloop
  endfacet
  facet normal 1.203787e-14 9.238795e-01 -3.826834e-01
    outer loop
      vertex   1.564444e+02 1.785830e+02 1.973706e+02
      vertex   1.590000e+02 1.785830e+02 1.973706e+02
      vertex   1.564444e+02 1.785330e+02 1.972500e+02
    endloop
  endfacet
  facet normal 1.453099e-14 9.238795e-01 -3.826834e-01
    outer loop
      vertex   1.564444e+02 1.785330e+02 1.972500e+02
      vertex   1.590000e+02 1.785830e+02 1.973706e+02
      vertex   1.590000e+02 1.785330e+02 1.972500e+02
    endloop
  endfacet
  facet normal 1.559367e-14 7.933533e-01 -6.087614e-01
    outer loop
      vertex   1.564444e+02 1.785330e+02 1.972500e+02
      vertex   1.590000e+02 1.785330e+02 1.972500e+02
      vertex   1.564444e+02 1.784536e+02 1.971464e+02
    endloop
  endfacet
  facet normal 6.770364e-15 7.933533e-01 -6.087614e-01
    outer loop
      vertex   1.564444e+02 1.784536e+02 1.971464e+02
      vertex   1.590000e+02 1.785330e+02 1.972500e+02
      vertex   1.590000e+02 1.784536e+02 1.971464e+02
    endloop
  endfacet
  facet normal 8.823310e-15 6.087614e-01 -7.933533e-01
    outer loop
      vertex   1.564444e+02 1.784536e+02 1.971464e+02
      vertex   1.590000e+02 1.784536e+02 1.971464e+02
      vertex   1.564444e+02 1.783500e+02 1.970670e+02
    endloop
  endfacet
  facet normal 6.158838e-15 6.087614e-01 -7.933533e-01
    outer loop
      vertex   1.564444e+02 1.783500e+02 1.970670e+02
      vertex   1.590000e+02 1.784536e+02 1.971464e+02
      vertex   1.590000e+02 1.783500e+02 1.970670e+02
    endloop
  endfacet
  facet normal 1.805680e-14 3.826834e-01 -9.238795e-01
    outer loop
      vertex   1.564444e+02 1.783500e+02 1.970670e+02
      vertex   1.590000e+02 1.783500e+02 1.970670e+02
      vertex   1.564444e+02 1.782294e+02 1.970170e+02
    endloop
  endfacet
  facet normal 2.407573e-14 3.826834e-01 -9.238795e-01
    outer loop
      vertex   1.564444e+02 1.782294e+02 1.970170e+02
      vertex   1.590000e+02 1.783500e+02 1.970670e+02
      vertex   1.590000e+02 1.782294e+02 1.970170e+02
    endloop
  endfacet
  facet normal 3.829896e-14 1.305262e-01 -9.914449e-01
    outer loop
      vertex   1.564444e+02 1.782294e+02 1.970170e+02
      vertex   1.590000e+02 1.782294e+02 1.970170e+02
      vertex   1.590000e+02 1.781000e+02 1.970000e+02
    endloop
  endfacet
  facet normal 2.450309e-14 1.305262e-01 -9.914449e-01
    outer loop
      vertex   1.360000e+02 1.781000e+02 1.970000e+02
      vertex   1.487778e+02 1.782294e+02 1.970170e+02
      vertex   1.590000e+02 1.781000e+02 1.970000e+02
    endloop
  endfacet
  facet normal 2.205283e-14 1.305262e-01 -9.914449e-01
    outer loop
      vertex   1.590000e+02 1.781000e+02 1.970000e+02
      vertex   1.487778e+02 1.782294e+02 1.970170e+02
      vertex   1.513333e+02 1.782294e+02 1.970170e+02
    endloop
  endfacet
  facet normal 1.392961e-14 1.305262e-01 -9.914449e-01
    outer loop
      vertex   1.590000e+02 1.781000e+02 1.970000e+02
      vertex   1.513333e+02 1.782294e+02 1.970170e+02
      vertex   1.538889e+02 1.782294e+02 1.970170e+02
    endloop
  endfacet
  facet normal 1.878702e-14 3.826834e-01 -9.238795e-01
    outer loop
      vertex   1.538889e+02 1.782294e+02 1.970170e+02
      vertex   1.513333e+02 1.782294e+02 1.970170e+02
      vertex   1.538889e+02 1.783500e+02 1.970670e+02
    endloop
  endfacet
  facet normal 3.082612e-14 3.826834e-01 -9.238795e-01
    outer loop
      vertex   1.538889e+02 1.782294e+02 1.970170e+02
      vertex   1.538889e+02 1.783500e+02 1.970670e+02
      vertex   1.564444e+02 1.783500e+02 1.970670e+02
    endloop
  endfacet
  facet normal 2.646993e-14 6.087614e-01 -7.933533e-01
    outer loop
      vertex   1.564444e+02 1.783500e+02 1.970670e+02
      vertex   1.538889e+02 1.783500e+02 1.970670e+02
      vertex   1.564444e+02 1.784536e+02 1.971464e+02
    endloop
  endfacet
  facet normal 3.225893e-15 9.914449e-01 -1.305262e-01
    outer loop
      vertex   1.590000e+02 1.786000e+02 1.975000e+02
      vertex   1.462222e+02 1.785830e+02 1.973706e+02
      vertex   1.360000e+02 1.786000e+02 1.975000e+02
    endloop
  endfacet
  facet normal 5.806387e-15 9.914449e-01 -1.305262e-01
    outer loop
      vertex   1.360000e+02 1.786000e+02 1.975000e+02
      vertex   1.462222e+02 1.785830e+02 1.973706e+02
      vertex   1.436667e+02 1.785830e+02 1.973706e+02
    endloop
  endfacet
  facet normal 2.903194e-15 9.914449e-01 -1.305262e-01
    outer loop
      vertex   1.360000e+02 1.786000e+02 1.975000e+02
      vertex   1.436667e+02 1.785830e+02 1.973706e+02
      vertex   1.411111e+02 1.785830e+02 1.973706e+02
    endloop
  endfacet
  facet normal 8.512057e-15 9.238795e-01 -3.826834e-01
    outer loop
      vertex   1.411111e+02 1.785830e+02 1.973706e+02
      vertex   1.436667e+02 1.785830e+02 1.973706e+02
      vertex   1.411111e+02 1.785330e+02 1.972500e+02
    endloop
  endfacet
  facet normal 1.276729e-14 9.238795e-01 -3.826834e-01
    outer loop
      vertex   1.411111e+02 1.785830e+02 1.973706e+02
      vertex   1.411111e+02 1.785330e+02 1.972500e+02
      vertex   1.385556e+02 1.785330e+02 1.972500e+02
    endloop
  endfacet
  facet normal 2.031109e-14 7.933533e-01 -6.087614e-01
    outer loop
      vertex   1.385556e+02 1.785330e+02 1.972500e+02
      vertex   1.411111e+02 1.785330e+02 1.972500e+02
      vertex   1.385556e+02 1.784536e+02 1.971464e+02
    endloop
  endfacet
  facet normal 1.702411e-14 9.238795e-01 -3.826834e-01
    outer loop
      vertex   1.538889e+02 1.785830e+02 1.973706e+02
      vertex   1.564444e+02 1.785830e+02 1.973706e+02
      vertex   1.538889e+02 1.785330e+02 1.972500e+02
    endloop
  endfacet
  facet normal 8.512057e-15 9.238795e-01 -3.826834e-01
    outer loop
      vertex   1.538889e+02 1.785330e+02 1.972500e+02
      vertex   1.564444e+02 1.785830e+02 1.973706e+02
      vertex   1.564444e+02 1.785330e+02 1.972500e+02
    endloop
  endfacet
  facet normal 1.354073e-14 7.933533e-01 -6.087614e-01
    outer loop
      vertex   1.538889e+02 1.785330e+02 1.972500e+02
      vertex   1.564444e+02 1.785330e+02 1.972500e+02
      vertex   1.538889e+02 1.784536e+02 1.971464e+02
    endloop
  endfacet
  facet normal 2.031109e-14 7.933533e-01 -6.087614e-01
    outer loop
      vertex   1.538889e+02 1.784536e+02 1.971464e+02
      vertex   1.564444e+02 1.785330e+02 1.972500e+02
      vertex   1.564444e+02 1.784536e+02 1.971464e+02
    endloop
  endfacet
  facet normal 2.646993e-14 6.087614e-01 -7.933533e-01
    outer loop
      vertex   1.538889e+02 1.784536e+02 1.971464e+02
      vertex   1.564444e+02 1.784536e+02 1.971464e+02
      vertex   1.538889e+02 1.783500e+02 1.970670e+02
    endloop
  endfacet
  facet normal 4.354956e-15 9.914449e-01 -1.305262e-01
    outer loop
      vertex   1.462222e+02 1.785830e+02 1.973706e+02
      vertex   1.590000e+02 1.786000e+02 1.975000e+02
      vertex   1.487778e+02 1.785830e+02 1.973706e+02
    endloop
  endfacet
  facet normal -1.769783e-14 9.914449e-01 -1.305262e-01
    outer loop
      vertex   1.487778e+02 1.785830e+02 1.973706e+02
      vertex   1.590000e+02 1.786000e+02 1.975000e+02
      vertex   1.513333e+02 1.785830e+02 1.973706e+02
    endloop
  endfacet
  facet normal -7.781838e-15 9.238795e-01 -3.826834e-01
    outer loop
      vertex   1.487778e+02 1.785830e+02 1.973706e+02
      vertex   1.513333e+02 1.785830e+02 1.973706e+02
      vertex   1.487778e+02 1.785330e+02 1.972500e+02
    endloop
  endfacet
  facet normal 1.276809e-14 9.238795e-01 -3.826834e-01
    outer loop
      vertex   1.462222e+02 1.785830e+02 1.973706e+02
      vertex   1.487778e+02 1.785830e+02 1.973706e+02
      vertex   1.462222e+02 1.785330e+02 1.972500e+02
    endloop
  endfacet
  facet normal 8.512057e-15 9.238795e-01 -3.826834e-01
    outer loop
      vertex   1.462222e+02 1.785330e+02 1.972500e+02
      vertex   1.487778e+02 1.785830e+02 1.973706e+02
      vertex   1.487778e+02 1.785330e+02 1.972500e+02
    endloop
  endfacet
  facet normal 1.354073e-14 7.933533e-01 -6.087614e-01
    outer loop
      vertex   1.462222e+02 1.785330e+02 1.972500e+02
      vertex   1.487778e+02 1.785330e+02 1.972500e+02
      vertex   1.462222e+02 1.784536e+02 1.971464e+02
    endloop
  endfacet
  facet normal 4.354956e-15 9.914449e-01 -1.305262e-01
    outer loop
      vertex   1.385556e+02 1.785830e+02 1.973706e+02
      vertex   1.360000e+02 1.786000e+02 1.975000e+02
      vertex   1.411111e+02 1.785830e+02 1.973706e+02
    endloop
  endfacet
  facet normal 1.702411e-14 9.238795e-01 -3.826834e-01
    outer loop
      vertex   1.436667e+02 1.785830e+02 1.973706e+02
      vertex   1.462222e+02 1.785830e+02 1.973706e+02
      vertex   1.436667e+02 1.785330e+02 1.972500e+02
    endloop
  endfacet
  facet normal 8.512057e-15 9.238795e-01 -3.826834e-01
    outer loop
      vertex   1.436667e+02 1.785330e+02 1.972500e+02
      vertex   1.462222e+02 1.785830e+02 1.973706e+02
      vertex   1.462222e+02 1.785330e+02 1.972500e+02
    endloop
  endfacet
  facet normal 1.354073e-14 7.933533e-01 -6.087614e-01
    outer loop
      vertex   1.436667e+02 1.785330e+02 1.972500e+02
      vertex   1.462222e+02 1.785330e+02 1.972500e+02
      vertex   1.436667e+02 1.784536e+02 1.971464e+02
    endloop
  endfacet
  facet normal 2.031109e-14 7.933533e-01 -6.087614e-01
    outer loop
      vertex   1.436667e+02 1.784536e+02 1.971464e+02
      vertex   1.462222e+02 1.785330e+02 1.972500e+02
      vertex   1.462222e+02 1.784536e+02 1.971464e+02
    endloop
  endfacet
  facet normal 2.646993e-14 6.087614e-01 -7.933533e-01
    outer loop
      vertex   1.436667e+02 1.784536e+02 1.971464e+02
      vertex   1.462222e+02 1.784536e+02 1.971464e+02
      vertex   1.436667e+02 1.783500e+02 1.970670e+02
    endloop
  endfacet
  facet normal 1.276729e-14 9.238795e-01 -3.826834e-01
    outer loop
      vertex   1.385556e+02 1.785330e+02 1.972500e+02
      vertex   1.385556e+02 1.785830e+02 1.973706e+02
      vertex   1.411111e+02 1.785830e+02 1.973706e+02
    endloop
  endfacet
  facet normal 8.510661e-15 9.238795e-01 -3.826834e-01
    outer loop
      vertex   1.538889e+02 1.785830e+02 1.973706e+02
      vertex   1.538889e+02 1.785330e+02 1.972500e+02
      vertex   1.513333e+02 1.785330e+02 1.972500e+02
    endloop
  endfacet
  facet normal 1.354073e-14 7.933533e-01 -6.087614e-01
    outer loop
      vertex   1.513333e+02 1.785330e+02 1.972500e+02
      vertex   1.538889e+02 1.785330e+02 1.972500e+02
      vertex   1.513333e+02 1.784536e+02 1.971464e+02
    endloop
  endfacet
  facet normal 1.353697e-14 7.933533e-01 -6.087614e-01
    outer loop
      vertex   1.513333e+02 1.785330e+02 1.972500e+02
      vertex   1.513333e+02 1.784536e+02 1.971464e+02
      vertex   1.487778e+02 1.784536e+02 1.971464e+02
    endloop
  endfacet
  facet normal 1.764662e-14 6.087614e-01 -7.933533e-01
    outer loop
      vertex   1.487778e+02 1.784536e+02 1.971464e+02
      vertex   1.513333e+02 1.784536e+02 1.971464e+02
      vertex   1.487778e+02 1.783500e+02 1.970670e+02
    endloop
  endfacet
  facet normal 2.647068e-14 6.087614e-01 -7.933533e-01
    outer loop
      vertex   1.487778e+02 1.784536e+02 1.971464e+02
      vertex   1.487778e+02 1.783500e+02 1.970670e+02
      vertex   1.462222e+02 1.783500e+02 1.970670e+02
    endloop
  endfacet
  facet normal 3.082489e-14 3.826834e-01 -9.238795e-01
    outer loop
      vertex   1.462222e+02 1.783500e+02 1.970670e+02
      vertex   1.487778e+02 1.783500e+02 1.970670e+02
      vertex   1.462222e+02 1.782294e+02 1.970170e+02
    endloop
  endfacet
  facet normal 3.082352e-14 3.826834e-01 -9.238795e-01
    outer loop
      vertex   1.462222e+02 1.783500e+02 1.970670e+02
      vertex   1.462222e+02 1.782294e+02 1.970170e+02
      vertex   1.436667e+02 1.782294e+02 1.970170e+02
    endloop
  endfacet
  facet normal 3.307918e-14 1.305262e-01 -9.914449e-01
    outer loop
      vertex   1.436667e+02 1.782294e+02 1.970170e+02
      vertex   1.462222e+02 1.782294e+02 1.970170e+02
      vertex   1.360000e+02 1.781000e+02 1.970000e+02
    endloop
  endfacet
  facet normal 1.354073e-14 7.933533e-01 -6.087614e-01
    outer loop
      vertex   1.513333e+02 1.784536e+02 1.971464e+02
      vertex   1.538889e+02 1.785330e+02 1.972500e+02
      vertex   1.538889e+02 1.784536e+02 1.971464e+02
    endloop
  endfacet
  facet normal 1.276729e-14 9.238795e-01 -3.826834e-01
    outer loop
      vertex   1.436667e+02 1.785830e+02 1.973706e+02
      vertex   1.436667e+02 1.785330e+02 1.972500e+02
      vertex   1.411111e+02 1.785330e+02 1.972500e+02
    endloop
  endfacet
  facet normal 2.031109e-14 7.933533e-01 -6.087614e-01
    outer loop
      vertex   1.411111e+02 1.785330e+02 1.972500e+02
      vertex   1.436667e+02 1.785330e+02 1.972500e+02
      vertex   1.411111e+02 1.784536e+02 1.971464e+02
    endloop
  endfacet
  facet normal 1.354217e-14 7.933533e-01 -6.087614e-01
    outer loop
      vertex   1.411111e+02 1.785330e+02 1.972500e+02
      vertex   1.411111e+02 1.784536e+02 1.971464e+02
      vertex   1.385556e+02 1.784536e+02 1.971464e+02
    endloop
  endfacet
  facet normal 1.764662e-14 6.087614e-01 -7.933533e-01
    outer loop
      vertex   1.385556e+02 1.784536e+02 1.971464e+02
      vertex   1.411111e+02 1.784536e+02 1.971464e+02
      vertex   1.385556e+02 1.783500e+02 1.970670e+02
    endloop
  endfacet
  facet normal 6.770364e-15 7.933533e-01 -6.087614e-01
    outer loop
      vertex   1.411111e+02 1.784536e+02 1.971464e+02
      vertex   1.436667e+02 1.785330e+02 1.972500e+02
      vertex   1.436667e+02 1.784536e+02 1.971464e+02
    endloop
  endfacet
  facet normal 1.764662e-14 6.087614e-01 -7.933533e-01
    outer loop
      vertex   1.513333e+02 1.784536e+02 1.971464e+02
      vertex   1.538889e+02 1.784536e+02 1.971464e+02
      vertex   1.513333e+02 1.783500e+02 1.970670e+02
    endloop
  endfacet
  facet normal 1.559367e-14 6.087614e-01 -7.933533e-01
    outer loop
      vertex   1.513333e+02 1.783500e+02 1.970670e+02
      vertex   1.538889e+02 1.784536e+02 1.971464e+02
      vertex   1.538889e+02 1.783500e+02 1.970670e+02
    endloop
  endfacet
  facet normal 1.453099e-14 3.826834e-01 -9.238795e-01
    outer loop
      vertex   1.513333e+02 1.783500e+02 1.970670e+02
      vertex   1.538889e+02 1.783500e+02 1.970670e+02
      vertex   1.513333e+02 1.782294e+02 1.970170e+02
    endloop
  endfacet
  facet normal 8.823310e-15 6.087614e-01 -7.933533e-01
    outer loop
      vertex   1.411111e+02 1.784536e+02 1.971464e+02
      vertex   1.436667e+02 1.784536e+02 1.971464e+02
      vertex   1.411111e+02 1.783500e+02 1.970670e+02
    endloop
  endfacet
  facet normal 8.823310e-15 6.087614e-01 -7.933533e-01
    outer loop
      vertex   1.411111e+02 1.783500e+02 1.970670e+02
      vertex   1.436667e+02 1.784536e+02 1.971464e+02
      vertex   1.436667e+02 1.783500e+02 1.970670e+02
    endloop
  endfacet
  facet normal 1.027496e-14 3.826834e-01 -9.238795e-01
    outer loop
      vertex   1.411111e+02 1.783500e+02 1.970670e+02
      vertex   1.436667e+02 1.783500e+02 1.970670e+02
      vertex   1.411111e+02 1.782294e+02 1.970170e+02
    endloop
  endfacet
  facet normal 2.054992e-14 3.826834e-01 -9.238795e-01
    outer loop
      vertex   1.538889e+02 1.782294e+02 1.970170e+02
      vertex   1.564444e+02 1.783500e+02 1.970670e+02
      vertex   1.564444e+02 1.782294e+02 1.970170e+02
    endloop
  endfacet
  facet normal 8.820092e-15 6.087614e-01 -7.933533e-01
    outer loop
      vertex   1.513333e+02 1.784536e+02 1.971464e+02
      vertex   1.513333e+02 1.783500e+02 1.970670e+02
      vertex   1.487778e+02 1.783500e+02 1.970670e+02
    endloop
  endfacet
  facet normal 1.027496e-14 3.826834e-01 -9.238795e-01
    outer loop
      vertex   1.487778e+02 1.783500e+02 1.970670e+02
      vertex   1.513333e+02 1.783500e+02 1.970670e+02
      vertex   1.487778e+02 1.782294e+02 1.970170e+02
    endloop
  endfacet
  facet normal 2.480651e-14 3.826834e-01 -9.238795e-01
    outer loop
      vertex   1.487778e+02 1.783500e+02 1.970670e+02
      vertex   1.487778e+02 1.782294e+02 1.970170e+02
      vertex   1.462222e+02 1.782294e+02 1.970170e+02
    endloop
  endfacet
  facet normal 2.350444e-14 1.305262e-01 -9.914449e-01
    outer loop
      vertex   1.462222e+02 1.782294e+02 1.970170e+02
      vertex   1.487778e+02 1.782294e+02 1.970170e+02
      vertex   1.360000e+02 1.781000e+02 1.970000e+02
    endloop
  endfacet
  facet normal 2.054992e-14 3.826834e-01 -9.238795e-01
    outer loop
      vertex   1.487778e+02 1.782294e+02 1.970170e+02
      vertex   1.513333e+02 1.783500e+02 1.970670e+02
      vertex   1.513333e+02 1.782294e+02 1.970170e+02
    endloop
  endfacet
  facet normal 3.082352e-14 3.826834e-01 -9.238795e-01
    outer loop
      vertex   1.385556e+02 1.782294e+02 1.970170e+02
      vertex   1.385556e+02 1.783500e+02 1.970670e+02
      vertex   1.411111e+02 1.783500e+02 1.970670e+02
    endloop
  endfacet
  facet normal 2.646993e-14 6.087614e-01 -7.933533e-01
    outer loop
      vertex   1.411111e+02 1.783500e+02 1.970670e+02
      vertex   1.385556e+02 1.783500e+02 1.970670e+02
      vertex   1.411111e+02 1.784536e+02 1.971464e+02
    endloop
  endfacet
  facet normal 2.480595e-14 3.826834e-01 -9.238795e-01
    outer loop
      vertex   1.385556e+02 1.782294e+02 1.970170e+02
      vertex   1.411111e+02 1.783500e+02 1.970670e+02
      vertex   1.411111e+02 1.782294e+02 1.970170e+02
    endloop
  endfacet
  facet normal 2.205283e-14 1.305262e-01 -9.914449e-01
    outer loop
      vertex   1.590000e+02 1.781000e+02 1.970000e+02
      vertex   1.538889e+02 1.782294e+02 1.970170e+02
      vertex   1.564444e+02 1.782294e+02 1.970170e+02
    endloop
  endfacet
  facet normal -0.000000e+00 1.000000e+00 0.000000e+00
    outer loop
      vertex   1.360000e+02 1.786000e+02 2.025000e+02
      vertex   1.590000e+02 1.786000e+02 2.025000e+02
      vertex   1.360000e+02 1.786000e+02 1.975000e+02
    endloop
  endfacet
  facet normal 0.000000e+00 1.000000e+00 0.000000e+00
    outer loop
      vertex   1.360000e+02 1.786000e+02 1.975000e+02
      vertex   1.590000e+02 1.786000e+02 2.025000e+02
      vertex   1.590000e+02 1.786000e+02 1.975000e+02
    endloop
  endfacet
  facet normal -1.000000e+00 -0.000000e+00 -1.705303e-14
    outer loop
      vertex   1.355000e+02 1.781000e+02 1.975000e+02
      vertex   1.355000e+02 1.387778e+02 1.975000e+02
      vertex   1.355000e+02 1.781000e+02 2.025000e+02
    endloop
  endfacet
  facet normal -1.000000e+00 -0.000000e+00 -1.705303e-14
    outer loop
      vertex   1.355000e+02 1.781000e+02 2.025000e+02
      vertex   1.355000e+02 1.387778e+02 1.975000e+02
      vertex   1.355000e+02 1.387778e+02 2.025000e+02
    endloop
  endfacet
  facet normal 1.000000e+00 0.000000e+00 2.273737e-14
    outer loop
      vertex   1.595000e+02 1.781000e+02 2.025000e+02
      vertex   1.595000e+02 1.387778e+02 2.025000e+02
      vertex   1.595000e+02 1.781000e+02 1.975000e+02
    endloop
  endfacet
  facet normal 1.000000e+00 0.000000e+00 2.273737e-14
    outer loop
      vertex   1.595000e+02 1.781000e+02 1.975000e+02
      vertex   1.595000e+02 1.387778e+02 2.025000e+02
      vertex   1.595000e+02 1.387778e+02 1.975000e+02
    endloop
  endfacet
  facet normal 0.000000e+00 -1.000000e+00 -0.000000e+00
    outer loop
      vertex   1.590000e+02 1.382778e+02 2.025000e+02
      vertex   1.360000e+02 1.382778e+02 2.025000e+02
      vertex   1.590000e+02 1.382778e+02 1.975000e+02
    endloop
  endfacet
  facet normal -0.000000e+00 -1.000000e+00 0.000000e+00
    outer loop
      vertex   1.590000e+02 1.382778e+02 1.975000e+02
      vertex   1.360000e+02 1.382778e+02 2.025000e+02
      vertex   1.360000e+02 1.382778e+02 1.975000e+02
    endloop
  endfacet
  facet normal 5.914932e-02 1.198336e-01 9.910304e-01
    outer loop
      vertex   1.395608e+02 1.687001e+02 2.030000e+02
      vertex   1.393397e+02 1.689501e+02 2.029830e+02
      vertex   1.392424e+02 1.688572e+02 2.030000e+02
    endloop
  endfacet
  facet normal 7.235613e-02 1.061270e-01 9.917165e-01
    outer loop
      vertex   1.392424e+02 1.688572e+02 2.030000e+02
      vertex   1.393397e+02 1.689501e+02 2.029830e+02
      vertex   1.390902e+02 1.691202e+02 2.029830e+02
    endloop
  endfacet
  facet normal 7.918640e-02 1.100194e-01 9.907700e-01
    outer loop
      vertex   1.392424e+02 1.688572e+02 2.030000e+02
      vertex   1.390902e+02 1.691202e+02 2.029830e+02
      vertex   1.389542e+02 1.690647e+02 2.030000e+02
    endloop
  endfacet
  facet normal 8.628798e-02 9.299632e-02 9.919204e-01
    outer loop
      vertex   1.389542e+02 1.690647e+02 2.030000e+02
      vertex   1.390902e+02 1.691202e+02 2.029830e+02
      vertex   1.388688e+02 1.693256e+02 2.029830e+02
    endloop
  endfacet
  facet normal 9.722585e-02 9.648843e-02 9.905741e-01
    outer loop
      vertex   1.389542e+02 1.690647e+02 2.030000e+02
      vertex   1.388688e+02 1.693256e+02 2.029830e+02
      vertex   1.387041e+02 1.693167e+02 2.030000e+02
    endloop
  endfacet
  facet normal 9.835844e-02 7.843823e-02 9.920550e-01
    outer loop
      vertex   1.387041e+02 1.693167e+02 2.030000e+02
      vertex   1.388688e+02 1.693256e+02 2.029830e+02
      vertex   1.386805e+02 1.695618e+02 2.029830e+02
    endloop
  endfacet
  facet normal 1.125145e-01 7.968889e-02 9.904495e-01
    outer loop
      vertex   1.387041e+02 1.693167e+02 2.030000e+02
      vertex   1.386805e+02 1.695618e+02 2.029830e+02
      vertex   1.384989e+02 1.696065e+02 2.030000e+02
    endloop
  endfacet
  facet normal 1.084704e-01 6.262540e-02 9.921251e-01
    outer loop
      vertex   1.384989e+02 1.696065e+02 2.030000e+02
      vertex   1.386805e+02 1.695618e+02 2.029830e+02
      vertex   1.385295e+02 1.698233e+02 2.029830e+02
    endloop
  endfacet
  facet normal 1.244127e-01 6.023595e-02 9.904005e-01
    outer loop
      vertex   1.384989e+02 1.696065e+02 2.030000e+02
      vertex   1.385295e+02 1.698233e+02 2.029830e+02
      vertex   1.383441e+02 1.699261e+02 2.030000e+02
    endloop
  endfacet
  facet normal 1.165323e-01 4.573556e-02 9.921333e-01
    outer loop
      vertex   1.383441e+02 1.699261e+02 2.030000e+02
      vertex   1.385295e+02 1.698233e+02 2.029830e+02
      vertex   1.384192e+02 1.701044e+02 2.029830e+02
    endloop
  endfacet
  facet normal 1.324348e-01 3.887935e-02 9.904289e-01
    outer loop
      vertex   1.383441e+02 1.699261e+02 2.030000e+02
      vertex   1.384192e+02 1.701044e+02 2.029830e+02
      vertex   1.382441e+02 1.702668e+02 2.030000e+02
    endloop
  endfacet
  facet normal 1.224598e-01 2.795064e-02 9.920798e-01
    outer loop
      vertex   1.382441e+02 1.702668e+02 2.030000e+02
      vertex   1.384192e+02 1.701044e+02 2.029830e+02
      vertex   1.383520e+02 1.703988e+02 2.029830e+02
    endloop
  endfacet
  facet normal 1.362791e-01 1.646058e-02 9.905337e-01
    outer loop
      vertex   1.382441e+02 1.702668e+02 2.030000e+02
      vertex   1.383520e+02 1.703988e+02 2.029830e+02
      vertex   1.382015e+02 1.706193e+02 2.030000e+02
    endloop
  endfacet
  facet normal 1.261761e-01 9.455594e-03 9.919628e-01
    outer loop
      vertex   1.382015e+02 1.706193e+02 2.030000e+02
      vertex   1.383520e+02 1.703988e+02 2.029830e+02
      vertex   1.383294e+02 1.707000e+02 2.029830e+02
    endloop
  endfacet
  facet normal 1.358443e-01 -6.136652e-03 9.907112e-01
    outer loop
      vertex   1.382015e+02 1.706193e+02 2.030000e+02
      vertex   1.383294e+02 1.707000e+02 2.029830e+02
      vertex   1.382175e+02 1.709741e+02 2.030000e+02
    endloop
  endfacet
  facet normal 1.276124e-01 -9.563227e-03 9.917780e-01
    outer loop
      vertex   1.382175e+02 1.709741e+02 2.030000e+02
      vertex   1.383294e+02 1.707000e+02 2.029830e+02
      vertex   1.383520e+02 1.710012e+02 2.029830e+02
    endloop
  endfacet
  facet normal 1.312315e-01 -2.803831e-02 9.909552e-01
    outer loop
      vertex   1.382175e+02 1.709741e+02 2.030000e+02
      vertex   1.383520e+02 1.710012e+02 2.029830e+02
      vertex   1.382917e+02 1.713213e+02 2.030000e+02
    endloop
  endfacet
  facet normal 1.267062e-01 -2.891986e-02 9.915186e-01
    outer loop
      vertex   1.382917e+02 1.713213e+02 2.030000e+02
      vertex   1.383520e+02 1.710012e+02 2.029830e+02
      vertex   1.384192e+02 1.712956e+02 2.029830e+02
    endloop
  endfacet
  facet normal 1.227815e-01 -4.818820e-02 9.912631e-01
    outer loop
      vertex   1.382917e+02 1.713213e+02 2.030000e+02
      vertex   1.384192e+02 1.712956e+02 2.029830e+02
      vertex   1.385295e+02 1.715767e+02 2.029830e+02
    endloop
  endfacet
  facet normal 3.570820e-01 -1.401444e-01 9.234999e-01
    outer loop
      vertex   1.385295e+02 1.715767e+02 2.029830e+02
      vertex   1.384192e+02 1.712956e+02 2.029830e+02
      vertex   1.385344e+02 1.712600e+02 2.029330e+02
    endloop
  endfacet
  facet normal 3.570820e-01 -1.401444e-01 9.234999e-01
    outer loop
      vertex   1.385295e+02 1.715767e+02 2.029830e+02
      vertex   1.385344e+02 1.712600e+02 2.029330e+02
      vertex   1.386382e+02 1.715244e+02 2.029330e+02
    endloop
  endfacet
  facet normal 5.676786e-01 -2.227974e-01 7.925291e-01
    outer loop
      vertex   1.386382e+02 1.715244e+02 2.029330e+02
      vertex   1.385344e+02 1.712600e+02 2.029330e+02
      vertex   1.386334e+02 1.712295e+02 2.028536e+02
    endloop
  endfacet
  facet normal 5.676786e-01 -2.227974e-01 7.925291e-01
    outer loop
      vertex   1.386382e+02 1.715244e+02 2.029330e+02
      vertex   1.386334e+02 1.712295e+02 2.028536e+02
      vertex   1.387315e+02 1.714794e+02 2.028536e+02
    endloop
  endfacet
  facet normal 7.392772e-01 -2.901449e-01 6.076884e-01
    outer loop
      vertex   1.387315e+02 1.714794e+02 2.028536e+02
      vertex   1.386334e+02 1.712295e+02 2.028536e+02
      vertex   1.387093e+02 1.712061e+02 2.027500e+02
    endloop
  endfacet
  facet normal 7.392772e-01 -2.901449e-01 6.076884e-01
    outer loop
      vertex   1.387315e+02 1.714794e+02 2.028536e+02
      vertex   1.387093e+02 1.712061e+02 2.027500e+02
      vertex   1.388030e+02 1.714450e+02 2.027500e+02
    endloop
  endfacet
  facet normal 8.603671e-01 -3.376692e-01 3.817695e-01
    outer loop
      vertex   1.388030e+02 1.714450e+02 2.027500e+02
      vertex   1.387093e+02 1.712061e+02 2.027500e+02
      vertex   1.387570e+02 1.711914e+02 2.026294e+02
    endloop
  endfacet
  facet normal 8.603671e-01 -3.376692e-01 3.817695e-01
    outer loop
      vertex   1.388030e+02 1.714450e+02 2.027500e+02
      vertex   1.387570e+02 1.711914e+02 2.026294e+02
      vertex   1.388481e+02 1.714233e+02 2.026294e+02
    endloop
  endfacet
  facet normal 9.233883e-01 -3.624032e-01 1.265618e-01
    outer loop
      vertex   1.388481e+02 1.714233e+02 2.026294e+02
      vertex   1.387570e+02 1.711914e+02 2.026294e+02
      vertex   1.387753e+02 1.711926e+02 2.025000e+02
    endloop
  endfacet
  facet normal 9.081953e-01 -3.822508e-01 1.704867e-01
    outer loop
      vertex   1.388481e+02 1.714233e+02 2.026294e+02
      vertex   1.387753e+02 1.711926e+02 2.025000e+02
      vertex   1.388969e+02 1.714817e+02 2.025000e+02
    endloop
  endfacet
  facet normal 3.847006e-02 1.274427e-01 9.910996e-01
    outer loop
      vertex   1.399008e+02 1.685975e+02 2.030000e+02
      vertex   1.399004e+02 1.687301e+02 2.029830e+02
      vertex   1.395608e+02 1.687001e+02 2.030000e+02
    endloop
  endfacet
  facet normal 3.866736e-02 1.253565e-01 9.913580e-01
    outer loop
      vertex   1.395608e+02 1.687001e+02 2.030000e+02
      vertex   1.399004e+02 1.687301e+02 2.029830e+02
      vertex   1.396118e+02 1.688191e+02 2.029830e+02
    endloop
  endfacet
  facet normal 5.666337e-02 1.176627e-01 9.914357e-01
    outer loop
      vertex   1.395608e+02 1.687001e+02 2.030000e+02
      vertex   1.396118e+02 1.688191e+02 2.029830e+02
      vertex   1.393397e+02 1.689501e+02 2.029830e+02
    endloop
  endfacet
  facet normal 1.664373e-01 3.456106e-01 9.234999e-01
    outer loop
      vertex   1.393397e+02 1.689501e+02 2.029830e+02
      vertex   1.396118e+02 1.688191e+02 2.029830e+02
      vertex   1.396559e+02 1.689313e+02 2.029330e+02
    endloop
  endfacet
  facet normal 1.664373e-01 3.456106e-01 9.234999e-01
    outer loop
      vertex   1.393397e+02 1.689501e+02 2.029830e+02
      vertex   1.396559e+02 1.689313e+02 2.029330e+02
      vertex   1.394000e+02 1.690546e+02 2.029330e+02
    endloop
  endfacet
  facet normal 2.645971e-01 5.494416e-01 7.925291e-01
    outer loop
      vertex   1.394000e+02 1.690546e+02 2.029330e+02
      vertex   1.396559e+02 1.689313e+02 2.029330e+02
      vertex   1.396937e+02 1.690277e+02 2.028536e+02
    endloop
  endfacet
  facet normal 2.645971e-01 5.494416e-01 7.925291e-01
    outer loop
      vertex   1.394000e+02 1.690546e+02 2.029330e+02
      vertex   1.396937e+02 1.690277e+02 2.028536e+02
      vertex   1.394518e+02 1.691442e+02 2.028536e+02
    endloop
  endfacet
  facet normal 3.445799e-01 7.155275e-01 6.076884e-01
    outer loop
      vertex   1.394518e+02 1.691442e+02 2.028536e+02
      vertex   1.396937e+02 1.690277e+02 2.028536e+02
      vertex   1.397227e+02 1.691017e+02 2.027500e+02
    endloop
  endfacet
  facet normal 3.445799e-01 7.155275e-01 6.076884e-01
    outer loop
      vertex   1.394518e+02 1.691442e+02 2.028536e+02
      vertex   1.397227e+02 1.691017e+02 2.027500e+02
      vertex   1.394915e+02 1.692130e+02 2.027500e+02
    endloop
  endfacet
  facet normal 4.010203e-01 8.327273e-01 3.817695e-01
    outer loop
      vertex   1.394915e+02 1.692130e+02 2.027500e+02
      vertex   1.397227e+02 1.691017e+02 2.027500e+02
      vertex   1.397410e+02 1.691482e+02 2.026294e+02
    endloop
  endfacet
  facet normal 4.010203e-01 8.327273e-01 3.817695e-01
    outer loop
      vertex   1.394915e+02 1.692130e+02 2.027500e+02
      vertex   1.397410e+02 1.691482e+02 2.026294e+02
      vertex   1.395165e+02 1.692563e+02 2.026294e+02
    endloop
  endfacet
  facet normal 4.290831e-01 8.910001e-01 1.483458e-01
    outer loop
      vertex   1.395165e+02 1.692563e+02 2.026294e+02
      vertex   1.397410e+02 1.691482e+02 2.026294e+02
      vertex   1.395000e+02 1.692858e+02 2.025000e+02
    endloop
  endfacet
  facet normal 5.595361e-01 8.206887e-01 1.157126e-01
    outer loop
      vertex   1.395165e+02 1.692563e+02 2.026294e+02
      vertex   1.395000e+02 1.692858e+02 2.025000e+02
      vertex   1.393106e+02 1.693967e+02 2.026294e+02
    endloop
  endfacet
  facet normal 5.848244e-01 7.914383e-01 1.777803e-01
    outer loop
      vertex   1.393106e+02 1.693967e+02 2.026294e+02
      vertex   1.395000e+02 1.692858e+02 2.025000e+02
      vertex   1.392477e+02 1.694722e+02 2.025000e+02
    endloop
  endfacet
  facet normal 6.769725e-01 7.296028e-01 9.689173e-02
    outer loop
      vertex   1.393106e+02 1.693967e+02 2.026294e+02
      vertex   1.392477e+02 1.694722e+02 2.025000e+02
      vertex   1.391280e+02 1.695661e+02 2.026294e+02
    endloop
  endfacet
  facet normal 7.229204e-01 6.654299e-01 1.859818e-01
    outer loop
      vertex   1.391280e+02 1.695661e+02 2.026294e+02
      vertex   1.392477e+02 1.694722e+02 2.025000e+02
      vertex   1.390353e+02 1.697030e+02 2.025000e+02
    endloop
  endfacet
  facet normal 7.779957e-01 6.204309e-01 9.893521e-02
    outer loop
      vertex   1.391280e+02 1.695661e+02 2.026294e+02
      vertex   1.390353e+02 1.697030e+02 2.025000e+02
      vertex   1.389726e+02 1.697609e+02 2.026294e+02
    endloop
  endfacet
  facet normal 8.376870e-01 5.177638e-01 1.737845e-01
    outer loop
      vertex   1.389726e+02 1.697609e+02 2.026294e+02
      vertex   1.390353e+02 1.697030e+02 2.025000e+02
      vertex   1.388704e+02 1.699698e+02 2.025000e+02
    endloop
  endfacet
  facet normal 8.595778e-01 4.962775e-01 1.217978e-01
    outer loop
      vertex   1.389726e+02 1.697609e+02 2.026294e+02
      vertex   1.388704e+02 1.699698e+02 2.025000e+02
      vertex   1.388481e+02 1.699767e+02 2.026294e+02
    endloop
  endfacet
  facet normal 9.217520e-01 3.617610e-01 1.396506e-01
    outer loop
      vertex   1.388481e+02 1.699767e+02 2.026294e+02
      vertex   1.388704e+02 1.699698e+02 2.025000e+02
      vertex   1.387570e+02 1.702086e+02 2.026294e+02
    endloop
  endfacet
  facet normal 8.603671e-01 3.376692e-01 3.817695e-01
    outer loop
      vertex   1.388481e+02 1.699767e+02 2.026294e+02
      vertex   1.387570e+02 1.702086e+02 2.026294e+02
      vertex   1.387093e+02 1.701939e+02 2.027500e+02
    endloop
  endfacet
  facet normal 9.010845e-01 2.056667e-01 3.817695e-01
    outer loop
      vertex   1.387093e+02 1.701939e+02 2.027500e+02
      vertex   1.387570e+02 1.702086e+02 2.026294e+02
      vertex   1.386522e+02 1.704441e+02 2.027500e+02
    endloop
  endfacet
  facet normal 7.742639e-01 1.767207e-01 6.076884e-01
    outer loop
      vertex   1.387093e+02 1.701939e+02 2.027500e+02
      vertex   1.386522e+02 1.704441e+02 2.027500e+02
      vertex   1.385736e+02 1.704323e+02 2.028536e+02
    endloop
  endfacet
  facet normal 7.919549e-01 5.934882e-02 6.076884e-01
    outer loop
      vertex   1.385736e+02 1.704323e+02 2.028536e+02
      vertex   1.386522e+02 1.704441e+02 2.027500e+02
      vertex   1.385536e+02 1.707000e+02 2.028536e+02
    endloop
  endfacet
  facet normal 6.081289e-01 4.557296e-02 7.925291e-01
    outer loop
      vertex   1.385736e+02 1.704323e+02 2.028536e+02
      vertex   1.385536e+02 1.707000e+02 2.028536e+02
      vertex   1.384500e+02 1.707000e+02 2.029330e+02
    endloop
  endfacet
  facet normal 6.081289e-01 -4.557296e-02 7.925291e-01
    outer loop
      vertex   1.384500e+02 1.707000e+02 2.029330e+02
      vertex   1.385536e+02 1.707000e+02 2.028536e+02
      vertex   1.384712e+02 1.709832e+02 2.029330e+02
    endloop
  endfacet
  facet normal 3.825262e-01 -2.866637e-02 9.234999e-01
    outer loop
      vertex   1.384500e+02 1.707000e+02 2.029330e+02
      vertex   1.384712e+02 1.709832e+02 2.029330e+02
      vertex   1.383520e+02 1.710012e+02 2.029830e+02
    endloop
  endfacet
  facet normal 3.739812e-01 -8.535876e-02 9.234999e-01
    outer loop
      vertex   1.383520e+02 1.710012e+02 2.029830e+02
      vertex   1.384712e+02 1.709832e+02 2.029330e+02
      vertex   1.384192e+02 1.712956e+02 2.029830e+02
    endloop
  endfacet
  facet normal 1.921087e-02 1.274558e-01 9.916582e-01
    outer loop
      vertex   1.399004e+02 1.687301e+02 2.029830e+02
      vertex   1.399008e+02 1.685975e+02 2.030000e+02
      vertex   1.401990e+02 1.686851e+02 2.029830e+02
    endloop
  endfacet
  facet normal 1.722729e-02 1.340462e-01 9.908253e-01
    outer loop
      vertex   1.401990e+02 1.686851e+02 2.029830e+02
      vertex   1.399008e+02 1.685975e+02 2.030000e+02
      vertex   1.402530e+02 1.685522e+02 2.030000e+02
    endloop
  endfacet
  facet normal -0.000000e+00 1.271833e-01 9.918792e-01
    outer loop
      vertex   1.401990e+02 1.686851e+02 2.029830e+02
      vertex   1.402530e+02 1.685522e+02 2.030000e+02
      vertex   1.405010e+02 1.686851e+02 2.029830e+02
    endloop
  endfacet
  facet normal -5.128818e-03 1.365949e-01 9.906137e-01
    outer loop
      vertex   1.405010e+02 1.686851e+02 2.029830e+02
      vertex   1.402530e+02 1.685522e+02 2.030000e+02
      vertex   1.406078e+02 1.685655e+02 2.030000e+02
    endloop
  endfacet
  facet normal -1.878025e-02 1.245988e-01 9.920295e-01
    outer loop
      vertex   1.405010e+02 1.686851e+02 2.029830e+02
      vertex   1.406078e+02 1.685655e+02 2.030000e+02
      vertex   1.407996e+02 1.687301e+02 2.029830e+02
    endloop
  endfacet
  facet normal -2.774789e-02 1.348903e-01 9.904719e-01
    outer loop
      vertex   1.407996e+02 1.687301e+02 2.029830e+02
      vertex   1.406078e+02 1.685655e+02 2.030000e+02
      vertex   1.409556e+02 1.686371e+02 2.030000e+02
    endloop
  endfacet
  facet normal -3.694348e-02 1.197678e-01 9.921143e-01
    outer loop
      vertex   1.407996e+02 1.687301e+02 2.029830e+02
      vertex   1.409556e+02 1.686371e+02 2.030000e+02
      vertex   1.410882e+02 1.688191e+02 2.029830e+02
    endloop
  endfacet
  facet normal -4.974461e-02 1.289317e-01 9.904050e-01
    outer loop
      vertex   1.410882e+02 1.688191e+02 2.029830e+02
      vertex   1.409556e+02 1.686371e+02 2.030000e+02
      vertex   1.412869e+02 1.687649e+02 2.030000e+02
    endloop
  endfacet
  facet normal -5.430382e-02 1.127630e-01 9.921369e-01
    outer loop
      vertex   1.410882e+02 1.688191e+02 2.029830e+02
      vertex   1.412869e+02 1.687649e+02 2.030000e+02
      vertex   1.413603e+02 1.689501e+02 2.029830e+02
    endloop
  endfacet
  facet normal -7.024993e-02 1.189218e-01 9.904153e-01
    outer loop
      vertex   1.413603e+02 1.689501e+02 2.029830e+02
      vertex   1.412869e+02 1.687649e+02 2.030000e+02
      vertex   1.415926e+02 1.689455e+02 2.030000e+02
    endloop
  endfacet
  facet normal -7.067766e-02 1.036651e-01 9.920979e-01
    outer loop
      vertex   1.413603e+02 1.689501e+02 2.029830e+02
      vertex   1.415926e+02 1.689455e+02 2.030000e+02
      vertex   1.416098e+02 1.691202e+02 2.029830e+02
    endloop
  endfacet
  facet normal -8.846237e-02 1.052572e-01 9.905026e-01
    outer loop
      vertex   1.416098e+02 1.691202e+02 2.029830e+02
      vertex   1.415926e+02 1.689455e+02 2.030000e+02
      vertex   1.418645e+02 1.691739e+02 2.030000e+02
    endloop
  endfacet
  facet normal -8.588504e-02 9.256206e-02 9.919960e-01
    outer loop
      vertex   1.416098e+02 1.691202e+02 2.029830e+02
      vertex   1.418645e+02 1.691739e+02 2.030000e+02
      vertex   1.418312e+02 1.693256e+02 2.029830e+02
    endloop
  endfacet
  facet normal -1.036947e-01 8.850504e-02 9.906635e-01
    outer loop
      vertex   1.418312e+02 1.693256e+02 2.029830e+02
      vertex   1.418645e+02 1.691739e+02 2.030000e+02
      vertex   1.420950e+02 1.694440e+02 2.030000e+02
    endloop
  endfacet
  facet normal -9.975066e-02 7.954850e-02 9.918275e-01
    outer loop
      vertex   1.418312e+02 1.693256e+02 2.029830e+02
      vertex   1.420950e+02 1.694440e+02 2.030000e+02
      vertex   1.420195e+02 1.695618e+02 2.029830e+02
    endloop
  endfacet
  facet normal -1.154120e-01 6.936731e-02 9.908927e-01
    outer loop
      vertex   1.420195e+02 1.695618e+02 2.029830e+02
      vertex   1.420950e+02 1.694440e+02 2.030000e+02
      vertex   1.422779e+02 1.697484e+02 2.030000e+02
    endloop
  endfacet
  facet normal -1.121045e-01 6.472354e-02 9.915863e-01
    outer loop
      vertex   1.420195e+02 1.695618e+02 2.029830e+02
      vertex   1.422779e+02 1.697484e+02 2.030000e+02
      vertex   1.421705e+02 1.698233e+02 2.029830e+02
    endloop
  endfacet
  facet normal -1.232574e-01 4.863663e-02 9.911822e-01
    outer loop
      vertex   1.421705e+02 1.698233e+02 2.029830e+02
      vertex   1.422779e+02 1.697484e+02 2.030000e+02
      vertex   1.424083e+02 1.700787e+02 2.030000e+02
    endloop
  endfacet
  facet normal -1.227815e-01 4.818820e-02 9.912631e-01
    outer loop
      vertex   1.421705e+02 1.698233e+02 2.029830e+02
      vertex   1.424083e+02 1.700787e+02 2.030000e+02
      vertex   1.422808e+02 1.701044e+02 2.029830e+02
    endloop
  endfacet
  facet normal -1.267062e-01 2.891986e-02 9.915186e-01
    outer loop
      vertex   1.422808e+02 1.701044e+02 2.029830e+02
      vertex   1.424083e+02 1.700787e+02 2.030000e+02
      vertex   1.423480e+02 1.703988e+02 2.029830e+02
    endloop
  endfacet
  facet normal -3.739812e-01 8.535876e-02 9.234999e-01
    outer loop
      vertex   1.422808e+02 1.701044e+02 2.029830e+02
      vertex   1.423480e+02 1.703988e+02 2.029830e+02
      vertex   1.422288e+02 1.704168e+02 2.029330e+02
    endloop
  endfacet
  facet normal -3.825262e-01 2.866637e-02 9.234999e-01
    outer loop
      vertex   1.422288e+02 1.704168e+02 2.029330e+02
      vertex   1.423480e+02 1.703988e+02 2.029830e+02
      vertex   1.422500e+02 1.707000e+02 2.029330e+02
    endloop
  endfacet
  facet normal -6.081289e-01 4.557296e-02 7.925291e-01
    outer loop
      vertex   1.422288e+02 1.704168e+02 2.029330e+02
      vertex   1.422500e+02 1.707000e+02 2.029330e+02
      vertex   1.421464e+02 1.707000e+02 2.028536e+02
    endloop
  endfacet
  facet normal -6.081289e-01 -4.557296e-02 7.925291e-01
    outer loop
      vertex   1.421464e+02 1.707000e+02 2.028536e+02
      vertex   1.422500e+02 1.707000e+02 2.029330e+02
      vertex   1.421264e+02 1.709677e+02 2.028536e+02
    endloop
  endfacet
  facet normal -7.919549e-01 -5.934882e-02 6.076884e-01
    outer loop
      vertex   1.421464e+02 1.707000e+02 2.028536e+02
      vertex   1.421264e+02 1.709677e+02 2.028536e+02
      vertex   1.420478e+02 1.709559e+02 2.027500e+02
    endloop
  endfacet
  facet normal -7.742639e-01 -1.767207e-01 6.076884e-01
    outer loop
      vertex   1.420478e+02 1.709559e+02 2.027500e+02
      vertex   1.421264e+02 1.709677e+02 2.028536e+02
      vertex   1.419907e+02 1.712061e+02 2.027500e+02
    endloop
  endfacet
  facet normal -9.010845e-01 -2.056667e-01 3.817695e-01
    outer loop
      vertex   1.420478e+02 1.709559e+02 2.027500e+02
      vertex   1.419907e+02 1.712061e+02 2.027500e+02
      vertex   1.419430e+02 1.711914e+02 2.026294e+02
    endloop
  endfacet
  facet normal -8.603671e-01 -3.376692e-01 3.817695e-01
    outer loop
      vertex   1.419430e+02 1.711914e+02 2.026294e+02
      vertex   1.419907e+02 1.712061e+02 2.027500e+02
      vertex   1.418519e+02 1.714233e+02 2.026294e+02
    endloop
  endfacet
  facet normal -9.265807e-01 -3.636561e-01 9.592932e-02
    outer loop
      vertex   1.419430e+02 1.711914e+02 2.026294e+02
      vertex   1.418519e+02 1.714233e+02 2.026294e+02
      vertex   1.418924e+02 1.712862e+02 2.025000e+02
    endloop
  endfacet
  facet normal -8.811896e-01 -4.348442e-01 1.855140e-01
    outer loop
      vertex   1.418924e+02 1.712862e+02 2.025000e+02
      vertex   1.418519e+02 1.714233e+02 2.026294e+02
      vertex   1.417535e+02 1.715675e+02 2.025000e+02
    endloop
  endfacet
  facet normal -8.616094e-01 -4.974504e-01 1.008579e-01
    outer loop
      vertex   1.417535e+02 1.715675e+02 2.025000e+02
      vertex   1.418519e+02 1.714233e+02 2.026294e+02
      vertex   1.417274e+02 1.716391e+02 2.026294e+02
    endloop
  endfacet
  facet normal -7.851365e-01 -5.953948e-01 1.704867e-01
    outer loop
      vertex   1.417535e+02 1.715675e+02 2.025000e+02
      vertex   1.417274e+02 1.716391e+02 2.026294e+02
      vertex   1.415640e+02 1.718175e+02 2.025000e+02
    endloop
  endfacet
  facet normal -7.755446e-01 -6.184762e-01 1.265618e-01
    outer loop
      vertex   1.415640e+02 1.718175e+02 2.025000e+02
      vertex   1.417274e+02 1.716391e+02 2.026294e+02
      vertex   1.415720e+02 1.718339e+02 2.026294e+02
    endloop
  endfacet
  facet normal -6.740418e-01 -7.264442e-01 1.339645e-01
    outer loop
      vertex   1.415640e+02 1.718175e+02 2.025000e+02
      vertex   1.415720e+02 1.718339e+02 2.026294e+02
      vertex   1.413894e+02 1.720033e+02 2.026294e+02
    endloop
  endfacet
  facet normal -6.286548e-01 -6.775287e-01 3.817695e-01
    outer loop
      vertex   1.413894e+02 1.720033e+02 2.026294e+02
      vertex   1.415720e+02 1.718339e+02 2.026294e+02
      vertex   1.416086e+02 1.718678e+02 2.027500e+02
    endloop
  endfacet
  facet normal -6.286548e-01 -6.775287e-01 3.817695e-01
    outer loop
      vertex   1.413894e+02 1.720033e+02 2.026294e+02
      vertex   1.416086e+02 1.718678e+02 2.027500e+02
      vertex   1.414205e+02 1.720424e+02 2.027500e+02
    endloop
  endfacet
  facet normal -5.401766e-01 -5.821719e-01 6.076884e-01
    outer loop
      vertex   1.414205e+02 1.720424e+02 2.027500e+02
      vertex   1.416086e+02 1.718678e+02 2.027500e+02
      vertex   1.416669e+02 1.719219e+02 2.028536e+02
    endloop
  endfacet
  facet normal -5.401766e-01 -5.821719e-01 6.076884e-01
    outer loop
      vertex   1.414205e+02 1.720424e+02 2.027500e+02
      vertex   1.416669e+02 1.719219e+02 2.028536e+02
      vertex   1.414701e+02 1.721045e+02 2.028536e+02
    endloop
  endfacet
  facet normal -4.147926e-01 -4.470401e-01 7.925291e-01
    outer loop
      vertex   1.414701e+02 1.721045e+02 2.028536e+02
      vertex   1.416669e+02 1.719219e+02 2.028536e+02
      vertex   1.417428e+02 1.719923e+02 2.029330e+02
    endloop
  endfacet
  facet normal -4.147926e-01 -4.470401e-01 7.925291e-01
    outer loop
      vertex   1.414701e+02 1.721045e+02 2.028536e+02
      vertex   1.417428e+02 1.719923e+02 2.029330e+02
      vertex   1.415346e+02 1.721855e+02 2.029330e+02
    endloop
  endfacet
  facet normal -2.609134e-01 -2.811978e-01 9.234999e-01
    outer loop
      vertex   1.415346e+02 1.721855e+02 2.029330e+02
      vertex   1.417428e+02 1.719923e+02 2.029330e+02
      vertex   1.418312e+02 1.720744e+02 2.029830e+02
    endloop
  endfacet
  facet normal -2.609134e-01 -2.811978e-01 9.234999e-01
    outer loop
      vertex   1.415346e+02 1.721855e+02 2.029330e+02
      vertex   1.418312e+02 1.720744e+02 2.029830e+02
      vertex   1.416098e+02 1.722798e+02 2.029830e+02
    endloop
  endfacet
  facet normal -8.628798e-02 -9.299632e-02 9.919204e-01
    outer loop
      vertex   1.416098e+02 1.722798e+02 2.029830e+02
      vertex   1.418312e+02 1.720744e+02 2.029830e+02
      vertex   1.417458e+02 1.723353e+02 2.030000e+02
    endloop
  endfacet
  facet normal -7.918640e-02 -1.100194e-01 9.907700e-01
    outer loop
      vertex   1.416098e+02 1.722798e+02 2.029830e+02
      vertex   1.417458e+02 1.723353e+02 2.030000e+02
      vertex   1.414576e+02 1.725428e+02 2.030000e+02
    endloop
  endfacet
  facet normal -1.312315e-01 2.803831e-02 9.909552e-01
    outer loop
      vertex   1.424083e+02 1.700787e+02 2.030000e+02
      vertex   1.424825e+02 1.704259e+02 2.030000e+02
      vertex   1.423480e+02 1.703988e+02 2.029830e+02
    endloop
  endfacet
  facet normal -1.276124e-01 9.563227e-03 9.917780e-01
    outer loop
      vertex   1.423480e+02 1.703988e+02 2.029830e+02
      vertex   1.424825e+02 1.704259e+02 2.030000e+02
      vertex   1.423706e+02 1.707000e+02 2.029830e+02
    endloop
  endfacet
  facet normal -3.825262e-01 2.866637e-02 9.234999e-01
    outer loop
      vertex   1.423480e+02 1.703988e+02 2.029830e+02
      vertex   1.423706e+02 1.707000e+02 2.029830e+02
      vertex   1.422500e+02 1.707000e+02 2.029330e+02
    endloop
  endfacet
  facet normal -3.825262e-01 -2.866637e-02 9.234999e-01
    outer loop
      vertex   1.422500e+02 1.707000e+02 2.029330e+02
      vertex   1.423706e+02 1.707000e+02 2.029830e+02
      vertex   1.422288e+02 1.709832e+02 2.029330e+02
    endloop
  endfacet
  facet normal -6.081289e-01 -4.557296e-02 7.925291e-01
    outer loop
      vertex   1.422500e+02 1.707000e+02 2.029330e+02
      vertex   1.422288e+02 1.709832e+02 2.029330e+02
      vertex   1.421264e+02 1.709677e+02 2.028536e+02
    endloop
  endfacet
  facet normal -5.945443e-01 -1.357009e-01 7.925291e-01
    outer loop
      vertex   1.421264e+02 1.709677e+02 2.028536e+02
      vertex   1.422288e+02 1.709832e+02 2.029330e+02
      vertex   1.420666e+02 1.712295e+02 2.028536e+02
    endloop
  endfacet
  facet normal -7.742639e-01 -1.767207e-01 6.076884e-01
    outer loop
      vertex   1.421264e+02 1.709677e+02 2.028536e+02
      vertex   1.420666e+02 1.712295e+02 2.028536e+02
      vertex   1.419907e+02 1.712061e+02 2.027500e+02
    endloop
  endfacet
  facet normal -7.392772e-01 -2.901449e-01 6.076884e-01
    outer loop
      vertex   1.419907e+02 1.712061e+02 2.027500e+02
      vertex   1.420666e+02 1.712295e+02 2.028536e+02
      vertex   1.418970e+02 1.714450e+02 2.027500e+02
    endloop
  endfacet
  facet normal -8.603671e-01 -3.376692e-01 3.817695e-01
    outer loop
      vertex   1.419907e+02 1.712061e+02 2.027500e+02
      vertex   1.418970e+02 1.714450e+02 2.027500e+02
      vertex   1.418519e+02 1.714233e+02 2.026294e+02
    endloop
  endfacet
  facet normal -8.004305e-01 -4.621288e-01 3.817695e-01
    outer loop
      vertex   1.418519e+02 1.714233e+02 2.026294e+02
      vertex   1.418970e+02 1.714450e+02 2.027500e+02
      vertex   1.417274e+02 1.716391e+02 2.026294e+02
    endloop
  endfacet
  facet normal -1.358443e-01 6.136652e-03 9.907112e-01
    outer loop
      vertex   1.424825e+02 1.704259e+02 2.030000e+02
      vertex   1.424985e+02 1.707807e+02 2.030000e+02
      vertex   1.423706e+02 1.707000e+02 2.029830e+02
    endloop
  endfacet
  facet normal -1.261761e-01 -9.455594e-03 9.919628e-01
    outer loop
      vertex   1.423706e+02 1.707000e+02 2.029830e+02
      vertex   1.424985e+02 1.707807e+02 2.030000e+02
      vertex   1.423480e+02 1.710012e+02 2.029830e+02
    endloop
  endfacet
  facet normal -3.825262e-01 -2.866637e-02 9.234999e-01
    outer loop
      vertex   1.423706e+02 1.707000e+02 2.029830e+02
      vertex   1.423480e+02 1.710012e+02 2.029830e+02
      vertex   1.422288e+02 1.709832e+02 2.029330e+02
    endloop
  endfacet
  facet normal -3.739812e-01 -8.535876e-02 9.234999e-01
    outer loop
      vertex   1.422288e+02 1.709832e+02 2.029330e+02
      vertex   1.423480e+02 1.710012e+02 2.029830e+02
      vertex   1.421656e+02 1.712600e+02 2.029330e+02
    endloop
  endfacet
  facet normal -5.945443e-01 -1.357009e-01 7.925291e-01
    outer loop
      vertex   1.422288e+02 1.709832e+02 2.029330e+02
      vertex   1.421656e+02 1.712600e+02 2.029330e+02
      vertex   1.420666e+02 1.712295e+02 2.028536e+02
    endloop
  endfacet
  facet normal -5.676786e-01 -2.227974e-01 7.925291e-01
    outer loop
      vertex   1.420666e+02 1.712295e+02 2.028536e+02
      vertex   1.421656e+02 1.712600e+02 2.029330e+02
      vertex   1.419685e+02 1.714794e+02 2.028536e+02
    endloop
  endfacet
  facet normal -7.392772e-01 -2.901449e-01 6.076884e-01
    outer loop
      vertex   1.420666e+02 1.712295e+02 2.028536e+02
      vertex   1.419685e+02 1.714794e+02 2.028536e+02
      vertex   1.418970e+02 1.714450e+02 2.027500e+02
    endloop
  endfacet
  facet normal -6.877762e-01 -3.970878e-01 6.076884e-01
    outer loop
      vertex   1.418970e+02 1.714450e+02 2.027500e+02
      vertex   1.419685e+02 1.714794e+02 2.028536e+02
      vertex   1.417686e+02 1.716672e+02 2.027500e+02
    endloop
  endfacet
  facet normal -8.004305e-01 -4.621288e-01 3.817695e-01
    outer loop
      vertex   1.418970e+02 1.714450e+02 2.027500e+02
      vertex   1.417686e+02 1.716672e+02 2.027500e+02
      vertex   1.417274e+02 1.716391e+02 2.026294e+02
    endloop
  endfacet
  facet normal -7.226137e-01 -5.762652e-01 3.817695e-01
    outer loop
      vertex   1.417274e+02 1.716391e+02 2.026294e+02
      vertex   1.417686e+02 1.716672e+02 2.027500e+02
      vertex   1.415720e+02 1.718339e+02 2.026294e+02
    endloop
  endfacet
  facet normal -1.362791e-01 -1.646058e-02 9.905337e-01
    outer loop
      vertex   1.424985e+02 1.707807e+02 2.030000e+02
      vertex   1.424559e+02 1.711332e+02 2.030000e+02
      vertex   1.423480e+02 1.710012e+02 2.029830e+02
    endloop
  endfacet
  facet normal -1.224598e-01 -2.795064e-02 9.920798e-01
    outer loop
      vertex   1.423480e+02 1.710012e+02 2.029830e+02
      vertex   1.424559e+02 1.711332e+02 2.030000e+02
      vertex   1.422808e+02 1.712956e+02 2.029830e+02
    endloop
  endfacet
  facet normal -3.739812e-01 -8.535876e-02 9.234999e-01
    outer loop
      vertex   1.423480e+02 1.710012e+02 2.029830e+02
      vertex   1.422808e+02 1.712956e+02 2.029830e+02
      vertex   1.421656e+02 1.712600e+02 2.029330e+02
    endloop
  endfacet
  facet normal -3.570820e-01 -1.401444e-01 9.234999e-01
    outer loop
      vertex   1.421656e+02 1.712600e+02 2.029330e+02
      vertex   1.422808e+02 1.712956e+02 2.029830e+02
      vertex   1.420618e+02 1.715244e+02 2.029330e+02
    endloop
  endfacet
  facet normal -5.676786e-01 -2.227974e-01 7.925291e-01
    outer loop
      vertex   1.421656e+02 1.712600e+02 2.029330e+02
      vertex   1.420618e+02 1.715244e+02 2.029330e+02
      vertex   1.419685e+02 1.714794e+02 2.028536e+02
    endloop
  endfacet
  facet normal -5.281319e-01 -3.049171e-01 7.925291e-01
    outer loop
      vertex   1.419685e+02 1.714794e+02 2.028536e+02
      vertex   1.420618e+02 1.715244e+02 2.029330e+02
      vertex   1.418343e+02 1.717120e+02 2.028536e+02
    endloop
  endfacet
  facet normal -6.877762e-01 -3.970878e-01 6.076884e-01
    outer loop
      vertex   1.419685e+02 1.714794e+02 2.028536e+02
      vertex   1.418343e+02 1.717120e+02 2.028536e+02
      vertex   1.417686e+02 1.716672e+02 2.027500e+02
    endloop
  endfacet
  facet normal -6.209115e-01 -4.951604e-01 6.076884e-01
    outer loop
      vertex   1.417686e+02 1.716672e+02 2.027500e+02
      vertex   1.418343e+02 1.717120e+02 2.028536e+02
      vertex   1.416086e+02 1.718678e+02 2.027500e+02
    endloop
  endfacet
  facet normal -7.226137e-01 -5.762652e-01 3.817695e-01
    outer loop
      vertex   1.417686e+02 1.716672e+02 2.027500e+02
      vertex   1.416086e+02 1.718678e+02 2.027500e+02
      vertex   1.415720e+02 1.718339e+02 2.026294e+02
    endloop
  endfacet
  facet normal -1.324348e-01 -3.887935e-02 9.904289e-01
    outer loop
      vertex   1.424559e+02 1.711332e+02 2.030000e+02
      vertex   1.423559e+02 1.714739e+02 2.030000e+02
      vertex   1.422808e+02 1.712956e+02 2.029830e+02
    endloop
  endfacet
  facet normal -1.165323e-01 -4.573556e-02 9.921333e-01
    outer loop
      vertex   1.422808e+02 1.712956e+02 2.029830e+02
      vertex   1.423559e+02 1.714739e+02 2.030000e+02
      vertex   1.421705e+02 1.715767e+02 2.029830e+02
    endloop
  endfacet
  facet normal -3.570820e-01 -1.401444e-01 9.234999e-01
    outer loop
      vertex   1.422808e+02 1.712956e+02 2.029830e+02
      vertex   1.421705e+02 1.715767e+02 2.029830e+02
      vertex   1.420618e+02 1.715244e+02 2.029330e+02
    endloop
  endfacet
  facet normal -3.322063e-01 -1.917994e-01 9.234999e-01
    outer loop
      vertex   1.420618e+02 1.715244e+02 2.029330e+02
      vertex   1.421705e+02 1.715767e+02 2.029830e+02
      vertex   1.419199e+02 1.717703e+02 2.029330e+02
    endloop
  endfacet
  facet normal -5.281319e-01 -3.049171e-01 7.925291e-01
    outer loop
      vertex   1.420618e+02 1.715244e+02 2.029330e+02
      vertex   1.419199e+02 1.717703e+02 2.029330e+02
      vertex   1.418343e+02 1.717120e+02 2.028536e+02
    endloop
  endfacet
  facet normal -4.767875e-01 -3.802254e-01 7.925291e-01
    outer loop
      vertex   1.418343e+02 1.717120e+02 2.028536e+02
      vertex   1.419199e+02 1.717703e+02 2.029330e+02
      vertex   1.416669e+02 1.719219e+02 2.028536e+02
    endloop
  endfacet
  facet normal -6.209115e-01 -4.951604e-01 6.076884e-01
    outer loop
      vertex   1.418343e+02 1.717120e+02 2.028536e+02
      vertex   1.416669e+02 1.719219e+02 2.028536e+02
      vertex   1.416086e+02 1.718678e+02 2.027500e+02
    endloop
  endfacet
  facet normal -1.244127e-01 -6.023595e-02 9.904005e-01
    outer loop
      vertex   1.423559e+02 1.714739e+02 2.030000e+02
      vertex   1.422011e+02 1.717935e+02 2.030000e+02
      vertex   1.421705e+02 1.715767e+02 2.029830e+02
    endloop
  endfacet
  facet normal -1.084704e-01 -6.262540e-02 9.921251e-01
    outer loop
      vertex   1.421705e+02 1.715767e+02 2.029830e+02
      vertex   1.422011e+02 1.717935e+02 2.030000e+02
      vertex   1.420195e+02 1.718382e+02 2.029830e+02
    endloop
  endfacet
  facet normal -3.322063e-01 -1.917994e-01 9.234999e-01
    outer loop
      vertex   1.421705e+02 1.715767e+02 2.029830e+02
      vertex   1.420195e+02 1.718382e+02 2.029830e+02
      vertex   1.419199e+02 1.717703e+02 2.029330e+02
    endloop
  endfacet
  facet normal -2.999096e-01 -2.391699e-01 9.234999e-01
    outer loop
      vertex   1.419199e+02 1.717703e+02 2.029330e+02
      vertex   1.420195e+02 1.718382e+02 2.029830e+02
      vertex   1.417428e+02 1.719923e+02 2.029330e+02
    endloop
  endfacet
  facet normal -4.767875e-01 -3.802254e-01 7.925291e-01
    outer loop
      vertex   1.419199e+02 1.717703e+02 2.029330e+02
      vertex   1.417428e+02 1.719923e+02 2.029330e+02
      vertex   1.416669e+02 1.719219e+02 2.028536e+02
    endloop
  endfacet
  facet normal -1.125145e-01 -7.968889e-02 9.904495e-01
    outer loop
      vertex   1.422011e+02 1.717935e+02 2.030000e+02
      vertex   1.419959e+02 1.720833e+02 2.030000e+02
      vertex   1.420195e+02 1.718382e+02 2.029830e+02
    endloop
  endfacet
  facet normal -9.835844e-02 -7.843823e-02 9.920550e-01
    outer loop
      vertex   1.420195e+02 1.718382e+02 2.029830e+02
      vertex   1.419959e+02 1.720833e+02 2.030000e+02
      vertex   1.418312e+02 1.720744e+02 2.029830e+02
    endloop
  endfacet
  facet normal -2.999096e-01 -2.391699e-01 9.234999e-01
    outer loop
      vertex   1.420195e+02 1.718382e+02 2.029830e+02
      vertex   1.418312e+02 1.720744e+02 2.029830e+02
      vertex   1.417428e+02 1.719923e+02 2.029330e+02
    endloop
  endfacet
  facet normal -9.722585e-02 -9.648843e-02 9.905741e-01
    outer loop
      vertex   1.419959e+02 1.720833e+02 2.030000e+02
      vertex   1.417458e+02 1.723353e+02 2.030000e+02
      vertex   1.418312e+02 1.720744e+02 2.029830e+02
    endloop
  endfacet
  facet normal -7.235613e-02 -1.061270e-01 9.917165e-01
    outer loop
      vertex   1.416098e+02 1.722798e+02 2.029830e+02
      vertex   1.414576e+02 1.725428e+02 2.030000e+02
      vertex   1.413603e+02 1.724499e+02 2.029830e+02
    endloop
  endfacet
  facet normal -5.914932e-02 -1.198336e-01 9.910304e-01
    outer loop
      vertex   1.413603e+02 1.724499e+02 2.029830e+02
      vertex   1.414576e+02 1.725428e+02 2.030000e+02
      vertex   1.411392e+02 1.726999e+02 2.030000e+02
    endloop
  endfacet
  facet normal -5.666337e-02 -1.176627e-01 9.914357e-01
    outer loop
      vertex   1.413603e+02 1.724499e+02 2.029830e+02
      vertex   1.411392e+02 1.726999e+02 2.030000e+02
      vertex   1.410882e+02 1.725809e+02 2.029830e+02
    endloop
  endfacet
  facet normal -3.866736e-02 -1.253565e-01 9.913580e-01
    outer loop
      vertex   1.410882e+02 1.725809e+02 2.029830e+02
      vertex   1.411392e+02 1.726999e+02 2.030000e+02
      vertex   1.407996e+02 1.726699e+02 2.029830e+02
    endloop
  endfacet
  facet normal -1.130677e-01 -3.665566e-01 9.234999e-01
    outer loop
      vertex   1.410882e+02 1.725809e+02 2.029830e+02
      vertex   1.407996e+02 1.726699e+02 2.029830e+02
      vertex   1.407728e+02 1.725524e+02 2.029330e+02
    endloop
  endfacet
  facet normal -5.717243e-02 -3.793143e-01 9.234999e-01
    outer loop
      vertex   1.407728e+02 1.725524e+02 2.029330e+02
      vertex   1.407996e+02 1.726699e+02 2.029830e+02
      vertex   1.404920e+02 1.725947e+02 2.029330e+02
    endloop
  endfacet
  facet normal -9.089106e-02 -6.030228e-01 7.925291e-01
    outer loop
      vertex   1.407728e+02 1.725524e+02 2.029330e+02
      vertex   1.404920e+02 1.725947e+02 2.029330e+02
      vertex   1.404842e+02 1.724914e+02 2.028536e+02
    endloop
  endfacet
  facet normal 0.000000e+00 -6.098342e-01 7.925291e-01
    outer loop
      vertex   1.404842e+02 1.724914e+02 2.028536e+02
      vertex   1.404920e+02 1.725947e+02 2.029330e+02
      vertex   1.402158e+02 1.724914e+02 2.028536e+02
    endloop
  endfacet
  facet normal 0.000000e+00 -7.941756e-01 6.076884e-01
    outer loop
      vertex   1.404842e+02 1.724914e+02 2.028536e+02
      vertex   1.402158e+02 1.724914e+02 2.028536e+02
      vertex   1.402217e+02 1.724122e+02 2.027500e+02
    endloop
  endfacet
  facet normal 1.183657e-01 -7.853053e-01 6.076884e-01
    outer loop
      vertex   1.402217e+02 1.724122e+02 2.027500e+02
      vertex   1.402158e+02 1.724914e+02 2.028536e+02
      vertex   1.399679e+02 1.723739e+02 2.027500e+02
    endloop
  endfacet
  facet normal 1.377534e-01 -9.139344e-01 3.817695e-01
    outer loop
      vertex   1.402217e+02 1.724122e+02 2.027500e+02
      vertex   1.399679e+02 1.723739e+02 2.027500e+02
      vertex   1.399790e+02 1.723252e+02 2.026294e+02
    endloop
  endfacet
  facet normal 2.724297e-01 -8.831954e-01 3.817695e-01
    outer loop
      vertex   1.399790e+02 1.723252e+02 2.026294e+02
      vertex   1.399679e+02 1.723739e+02 2.027500e+02
      vertex   1.397410e+02 1.722518e+02 2.026294e+02
    endloop
  endfacet
  facet normal 2.933683e-01 -9.510768e-01 9.689173e-02
    outer loop
      vertex   1.399790e+02 1.723252e+02 2.026294e+02
      vertex   1.397410e+02 1.722518e+02 2.026294e+02
      vertex   1.398378e+02 1.722685e+02 2.025000e+02
    endloop
  endfacet
  facet normal 3.929935e-01 -9.021919e-01 1.777803e-01
    outer loop
      vertex   1.398378e+02 1.722685e+02 2.025000e+02
      vertex   1.397410e+02 1.722518e+02 2.026294e+02
      vertex   1.395503e+02 1.721432e+02 2.025000e+02
    endloop
  endfacet
  facet normal 4.309692e-01 -8.949168e-01 1.157126e-01
    outer loop
      vertex   1.395503e+02 1.721432e+02 2.025000e+02
      vertex   1.397410e+02 1.722518e+02 2.026294e+02
      vertex   1.395165e+02 1.721437e+02 2.026294e+02
    endloop
  endfacet
  facet normal 5.570872e-01 -8.170969e-01 1.483458e-01
    outer loop
      vertex   1.395503e+02 1.721432e+02 2.025000e+02
      vertex   1.395165e+02 1.721437e+02 2.026294e+02
      vertex   1.393106e+02 1.720033e+02 2.026294e+02
    endloop
  endfacet
  facet normal 5.206528e-01 -7.636574e-01 3.817695e-01
    outer loop
      vertex   1.393106e+02 1.720033e+02 2.026294e+02
      vertex   1.395165e+02 1.721437e+02 2.026294e+02
      vertex   1.394915e+02 1.721870e+02 2.027500e+02
    endloop
  endfacet
  facet normal 5.206528e-01 -7.636574e-01 3.817695e-01
    outer loop
      vertex   1.393106e+02 1.720033e+02 2.026294e+02
      vertex   1.394915e+02 1.721870e+02 2.027500e+02
      vertex   1.392795e+02 1.720424e+02 2.027500e+02
    endloop
  endfacet
  facet normal 4.473750e-01 -6.561787e-01 6.076884e-01
    outer loop
      vertex   1.392795e+02 1.720424e+02 2.027500e+02
      vertex   1.394915e+02 1.721870e+02 2.027500e+02
      vertex   1.394518e+02 1.722558e+02 2.028536e+02
    endloop
  endfacet
  facet normal 4.473750e-01 -6.561787e-01 6.076884e-01
    outer loop
      vertex   1.392795e+02 1.720424e+02 2.027500e+02
      vertex   1.394518e+02 1.722558e+02 2.028536e+02
      vertex   1.392299e+02 1.721045e+02 2.028536e+02
    endloop
  endfacet
  facet normal 3.435318e-01 -5.038686e-01 7.925291e-01
    outer loop
      vertex   1.392299e+02 1.721045e+02 2.028536e+02
      vertex   1.394518e+02 1.722558e+02 2.028536e+02
      vertex   1.394000e+02 1.723454e+02 2.029330e+02
    endloop
  endfacet
  facet normal 3.435318e-01 -5.038686e-01 7.925291e-01
    outer loop
      vertex   1.392299e+02 1.721045e+02 2.028536e+02
      vertex   1.394000e+02 1.723454e+02 2.029330e+02
      vertex   1.391654e+02 1.721855e+02 2.029330e+02
    endloop
  endfacet
  facet normal 2.160889e-01 -3.169442e-01 9.234999e-01
    outer loop
      vertex   1.391654e+02 1.721855e+02 2.029330e+02
      vertex   1.394000e+02 1.723454e+02 2.029330e+02
      vertex   1.393397e+02 1.724499e+02 2.029830e+02
    endloop
  endfacet
  facet normal 2.160889e-01 -3.169442e-01 9.234999e-01
    outer loop
      vertex   1.391654e+02 1.721855e+02 2.029330e+02
      vertex   1.393397e+02 1.724499e+02 2.029830e+02
      vertex   1.390902e+02 1.722798e+02 2.029830e+02
    endloop
  endfacet
  facet normal 7.067766e-02 -1.036651e-01 9.920979e-01
    outer loop
      vertex   1.390902e+02 1.722798e+02 2.029830e+02
      vertex   1.393397e+02 1.724499e+02 2.029830e+02
      vertex   1.391074e+02 1.724545e+02 2.030000e+02
    endloop
  endfacet
  facet normal 8.846237e-02 -1.052572e-01 9.905026e-01
    outer loop
      vertex   1.390902e+02 1.722798e+02 2.029830e+02
      vertex   1.391074e+02 1.724545e+02 2.030000e+02
      vertex   1.388355e+02 1.722261e+02 2.030000e+02
    endloop
  endfacet
  facet normal -3.847006e-02 -1.274427e-01 9.910996e-01
    outer loop
      vertex   1.411392e+02 1.726999e+02 2.030000e+02
      vertex   1.407992e+02 1.728025e+02 2.030000e+02
      vertex   1.407996e+02 1.726699e+02 2.029830e+02
    endloop
  endfacet
  facet normal -1.921087e-02 -1.274558e-01 9.916582e-01
    outer loop
      vertex   1.407996e+02 1.726699e+02 2.029830e+02
      vertex   1.407992e+02 1.728025e+02 2.030000e+02
      vertex   1.405010e+02 1.727149e+02 2.029830e+02
    endloop
  endfacet
  facet normal -5.717243e-02 -3.793143e-01 9.234999e-01
    outer loop
      vertex   1.407996e+02 1.726699e+02 2.029830e+02
      vertex   1.405010e+02 1.727149e+02 2.029830e+02
      vertex   1.404920e+02 1.725947e+02 2.029330e+02
    endloop
  endfacet
  facet normal 0.000000e+00 -3.835988e-01 9.234999e-01
    outer loop
      vertex   1.404920e+02 1.725947e+02 2.029330e+02
      vertex   1.405010e+02 1.727149e+02 2.029830e+02
      vertex   1.402080e+02 1.725947e+02 2.029330e+02
    endloop
  endfacet
  facet normal 0.000000e+00 -6.098342e-01 7.925291e-01
    outer loop
      vertex   1.404920e+02 1.725947e+02 2.029330e+02
      vertex   1.402080e+02 1.725947e+02 2.029330e+02
      vertex   1.402158e+02 1.724914e+02 2.028536e+02
    endloop
  endfacet
  facet normal 9.089106e-02 -6.030228e-01 7.925291e-01
    outer loop
      vertex   1.402158e+02 1.724914e+02 2.028536e+02
      vertex   1.402080e+02 1.725947e+02 2.029330e+02
      vertex   1.399503e+02 1.724514e+02 2.028536e+02
    endloop
  endfacet
  facet normal 1.183657e-01 -7.853053e-01 6.076884e-01
    outer loop
      vertex   1.402158e+02 1.724914e+02 2.028536e+02
      vertex   1.399503e+02 1.724514e+02 2.028536e+02
      vertex   1.399679e+02 1.723739e+02 2.027500e+02
    endloop
  endfacet
  facet normal 2.340874e-01 -7.588926e-01 6.076884e-01
    outer loop
      vertex   1.399679e+02 1.723739e+02 2.027500e+02
      vertex   1.399503e+02 1.724514e+02 2.028536e+02
      vertex   1.397227e+02 1.722983e+02 2.027500e+02
    endloop
  endfacet
  facet normal 2.724297e-01 -8.831954e-01 3.817695e-01
    outer loop
      vertex   1.399679e+02 1.723739e+02 2.027500e+02
      vertex   1.397227e+02 1.722983e+02 2.027500e+02
      vertex   1.397410e+02 1.722518e+02 2.026294e+02
    endloop
  endfacet
  facet normal 4.010203e-01 -8.327273e-01 3.817695e-01
    outer loop
      vertex   1.397410e+02 1.722518e+02 2.026294e+02
      vertex   1.397227e+02 1.722983e+02 2.027500e+02
      vertex   1.395165e+02 1.721437e+02 2.026294e+02
    endloop
  endfacet
  facet normal -1.722729e-02 -1.340462e-01 9.908253e-01
    outer loop
      vertex   1.407992e+02 1.728025e+02 2.030000e+02
      vertex   1.404470e+02 1.728478e+02 2.030000e+02
      vertex   1.405010e+02 1.727149e+02 2.029830e+02
    endloop
  endfacet
  facet normal 0.000000e+00 -1.271833e-01 9.918792e-01
    outer loop
      vertex   1.405010e+02 1.727149e+02 2.029830e+02
      vertex   1.404470e+02 1.728478e+02 2.030000e+02
      vertex   1.401990e+02 1.727149e+02 2.029830e+02
    endloop
  endfacet
  facet normal 0.000000e+00 -3.835988e-01 9.234999e-01
    outer loop
      vertex   1.405010e+02 1.727149e+02 2.029830e+02
      vertex   1.401990e+02 1.727149e+02 2.029830e+02
      vertex   1.402080e+02 1.725947e+02 2.029330e+02
    endloop
  endfacet
  facet normal 5.717243e-02 -3.793143e-01 9.234999e-01
    outer loop
      vertex   1.402080e+02 1.725947e+02 2.029330e+02
      vertex   1.401990e+02 1.727149e+02 2.029830e+02
      vertex   1.399272e+02 1.725524e+02 2.029330e+02
    endloop
  endfacet
  facet normal 9.089106e-02 -6.030228e-01 7.925291e-01
    outer loop
      vertex   1.402080e+02 1.725947e+02 2.029330e+02
      vertex   1.399272e+02 1.725524e+02 2.029330e+02
      vertex   1.399503e+02 1.724514e+02 2.028536e+02
    endloop
  endfacet
  facet normal 1.797518e-01 -5.827409e-01 7.925291e-01
    outer loop
      vertex   1.399503e+02 1.724514e+02 2.028536e+02
      vertex   1.399272e+02 1.725524e+02 2.029330e+02
      vertex   1.396937e+02 1.723723e+02 2.028536e+02
    endloop
  endfacet
  facet normal 2.340874e-01 -7.588926e-01 6.076884e-01
    outer loop
      vertex   1.399503e+02 1.724514e+02 2.028536e+02
      vertex   1.396937e+02 1.723723e+02 2.028536e+02
      vertex   1.397227e+02 1.722983e+02 2.027500e+02
    endloop
  endfacet
  facet normal 3.445799e-01 -7.155275e-01 6.076884e-01
    outer loop
      vertex   1.397227e+02 1.722983e+02 2.027500e+02
      vertex   1.396937e+02 1.723723e+02 2.028536e+02
      vertex   1.394915e+02 1.721870e+02 2.027500e+02
    endloop
  endfacet
  facet normal 4.010203e-01 -8.327273e-01 3.817695e-01
    outer loop
      vertex   1.397227e+02 1.722983e+02 2.027500e+02
      vertex   1.394915e+02 1.721870e+02 2.027500e+02
      vertex   1.395165e+02 1.721437e+02 2.026294e+02
    endloop
  endfacet
  facet normal 5.128818e-03 -1.365949e-01 9.906137e-01
    outer loop
      vertex   1.404470e+02 1.728478e+02 2.030000e+02
      vertex   1.400922e+02 1.728345e+02 2.030000e+02
      vertex   1.401990e+02 1.727149e+02 2.029830e+02
    endloop
  endfacet
  facet normal 1.878025e-02 -1.245988e-01 9.920295e-01
    outer loop
      vertex   1.401990e+02 1.727149e+02 2.029830e+02
      vertex   1.400922e+02 1.728345e+02 2.030000e+02
      vertex   1.399004e+02 1.726699e+02 2.029830e+02
    endloop
  endfacet
  facet normal 5.717243e-02 -3.793143e-01 9.234999e-01
    outer loop
      vertex   1.401990e+02 1.727149e+02 2.029830e+02
      vertex   1.399004e+02 1.726699e+02 2.029830e+02
      vertex   1.399272e+02 1.725524e+02 2.029330e+02
    endloop
  endfacet
  facet normal 1.130677e-01 -3.665566e-01 9.234999e-01
    outer loop
      vertex   1.399272e+02 1.725524e+02 2.029330e+02
      vertex   1.399004e+02 1.726699e+02 2.029830e+02
      vertex   1.396559e+02 1.724687e+02 2.029330e+02
    endloop
  endfacet
  facet normal 1.797518e-01 -5.827409e-01 7.925291e-01
    outer loop
      vertex   1.399272e+02 1.725524e+02 2.029330e+02
      vertex   1.396559e+02 1.724687e+02 2.029330e+02
      vertex   1.396937e+02 1.723723e+02 2.028536e+02
    endloop
  endfacet
  facet normal 2.645971e-01 -5.494416e-01 7.925291e-01
    outer loop
      vertex   1.396937e+02 1.723723e+02 2.028536e+02
      vertex   1.396559e+02 1.724687e+02 2.029330e+02
      vertex   1.394518e+02 1.722558e+02 2.028536e+02
    endloop
  endfacet
  facet normal 3.445799e-01 -7.155275e-01 6.076884e-01
    outer loop
      vertex   1.396937e+02 1.723723e+02 2.028536e+02
      vertex   1.394518e+02 1.722558e+02 2.028536e+02
      vertex   1.394915e+02 1.721870e+02 2.027500e+02
    endloop
  endfacet
  facet normal 2.774789e-02 -1.348903e-01 9.904719e-01
    outer loop
      vertex   1.400922e+02 1.728345e+02 2.030000e+02
      vertex   1.397444e+02 1.727629e+02 2.030000e+02
      vertex   1.399004e+02 1.726699e+02 2.029830e+02
    endloop
  endfacet
  facet normal 3.694348e-02 -1.197678e-01 9.921143e-01
    outer loop
      vertex   1.399004e+02 1.726699e+02 2.029830e+02
      vertex   1.397444e+02 1.727629e+02 2.030000e+02
      vertex   1.396118e+02 1.725809e+02 2.029830e+02
    endloop
  endfacet
  facet normal 1.130677e-01 -3.665566e-01 9.234999e-01
    outer loop
      vertex   1.399004e+02 1.726699e+02 2.029830e+02
      vertex   1.396118e+02 1.725809e+02 2.029830e+02
      vertex   1.396559e+02 1.724687e+02 2.029330e+02
    endloop
  endfacet
  facet normal 1.664373e-01 -3.456106e-01 9.234999e-01
    outer loop
      vertex   1.396559e+02 1.724687e+02 2.029330e+02
      vertex   1.396118e+02 1.725809e+02 2.029830e+02
      vertex   1.394000e+02 1.723454e+02 2.029330e+02
    endloop
  endfacet
  facet normal 2.645971e-01 -5.494416e-01 7.925291e-01
    outer loop
      vertex   1.396559e+02 1.724687e+02 2.029330e+02
      vertex   1.394000e+02 1.723454e+02 2.029330e+02
      vertex   1.394518e+02 1.722558e+02 2.028536e+02
    endloop
  endfacet
  facet normal 4.974461e-02 -1.289317e-01 9.904050e-01
    outer loop
      vertex   1.397444e+02 1.727629e+02 2.030000e+02
      vertex   1.394131e+02 1.726351e+02 2.030000e+02
      vertex   1.396118e+02 1.725809e+02 2.029830e+02
    endloop
  endfacet
  facet normal 5.430382e-02 -1.127630e-01 9.921369e-01
    outer loop
      vertex   1.396118e+02 1.725809e+02 2.029830e+02
      vertex   1.394131e+02 1.726351e+02 2.030000e+02
      vertex   1.393397e+02 1.724499e+02 2.029830e+02
    endloop
  endfacet
  facet normal 1.664373e-01 -3.456106e-01 9.234999e-01
    outer loop
      vertex   1.396118e+02 1.725809e+02 2.029830e+02
      vertex   1.393397e+02 1.724499e+02 2.029830e+02
      vertex   1.394000e+02 1.723454e+02 2.029330e+02
    endloop
  endfacet
  facet normal 7.024993e-02 -1.189218e-01 9.904153e-01
    outer loop
      vertex   1.394131e+02 1.726351e+02 2.030000e+02
      vertex   1.391074e+02 1.724545e+02 2.030000e+02
      vertex   1.393397e+02 1.724499e+02 2.029830e+02
    endloop
  endfacet
  facet normal 8.588504e-02 -9.256206e-02 9.919960e-01
    outer loop
      vertex   1.390902e+02 1.722798e+02 2.029830e+02
      vertex   1.388355e+02 1.722261e+02 2.030000e+02
      vertex   1.388688e+02 1.720744e+02 2.029830e+02
    endloop
  endfacet
  facet normal 1.036947e-01 -8.850504e-02 9.906635e-01
    outer loop
      vertex   1.388688e+02 1.720744e+02 2.029830e+02
      vertex   1.388355e+02 1.722261e+02 2.030000e+02
      vertex   1.386050e+02 1.719560e+02 2.030000e+02
    endloop
  endfacet
  facet normal 9.975066e-02 -7.954850e-02 9.918275e-01
    outer loop
      vertex   1.388688e+02 1.720744e+02 2.029830e+02
      vertex   1.386050e+02 1.719560e+02 2.030000e+02
      vertex   1.386805e+02 1.718382e+02 2.029830e+02
    endloop
  endfacet
  facet normal 1.154120e-01 -6.936731e-02 9.908927e-01
    outer loop
      vertex   1.386805e+02 1.718382e+02 2.029830e+02
      vertex   1.386050e+02 1.719560e+02 2.030000e+02
      vertex   1.384221e+02 1.716516e+02 2.030000e+02
    endloop
  endfacet
  facet normal 1.121045e-01 -6.472354e-02 9.915863e-01
    outer loop
      vertex   1.386805e+02 1.718382e+02 2.029830e+02
      vertex   1.384221e+02 1.716516e+02 2.030000e+02
      vertex   1.385295e+02 1.715767e+02 2.029830e+02
    endloop
  endfacet
  facet normal 1.232574e-01 -4.863663e-02 9.911822e-01
    outer loop
      vertex   1.385295e+02 1.715767e+02 2.029830e+02
      vertex   1.384221e+02 1.716516e+02 2.030000e+02
      vertex   1.382917e+02 1.713213e+02 2.030000e+02
    endloop
  endfacet
  facet normal 9.225840e-01 3.506521e-01 1.608785e-01
    outer loop
      vertex   1.388704e+02 1.699698e+02 2.025000e+02
      vertex   1.387589e+02 1.702631e+02 2.025000e+02
      vertex   1.387570e+02 1.702086e+02 2.026294e+02
    endloop
  endfacet
  facet normal 9.693165e-01 2.212402e-01 1.071368e-01
    outer loop
      vertex   1.387570e+02 1.702086e+02 2.026294e+02
      vertex   1.387589e+02 1.702631e+02 2.025000e+02
      vertex   1.387016e+02 1.704515e+02 2.026294e+02
    endloop
  endfacet
  facet normal 9.010845e-01 2.056667e-01 3.817695e-01
    outer loop
      vertex   1.387570e+02 1.702086e+02 2.026294e+02
      vertex   1.387016e+02 1.704515e+02 2.026294e+02
      vertex   1.386522e+02 1.704441e+02 2.027500e+02
    endloop
  endfacet
  facet normal 9.216731e-01 6.906985e-02 3.817695e-01
    outer loop
      vertex   1.386522e+02 1.704441e+02 2.027500e+02
      vertex   1.387016e+02 1.704515e+02 2.026294e+02
      vertex   1.386330e+02 1.707000e+02 2.027500e+02
    endloop
  endfacet
  facet normal 7.919549e-01 5.934882e-02 6.076884e-01
    outer loop
      vertex   1.386522e+02 1.704441e+02 2.027500e+02
      vertex   1.386330e+02 1.707000e+02 2.027500e+02
      vertex   1.385536e+02 1.707000e+02 2.028536e+02
    endloop
  endfacet
  facet normal 7.919549e-01 -5.934882e-02 6.076884e-01
    outer loop
      vertex   1.385536e+02 1.707000e+02 2.028536e+02
      vertex   1.386330e+02 1.707000e+02 2.027500e+02
      vertex   1.385736e+02 1.709677e+02 2.028536e+02
    endloop
  endfacet
  facet normal 6.081289e-01 -4.557296e-02 7.925291e-01
    outer loop
      vertex   1.385536e+02 1.707000e+02 2.028536e+02
      vertex   1.385736e+02 1.709677e+02 2.028536e+02
      vertex   1.384712e+02 1.709832e+02 2.029330e+02
    endloop
  endfacet
  facet normal 5.945443e-01 -1.357009e-01 7.925291e-01
    outer loop
      vertex   1.384712e+02 1.709832e+02 2.029330e+02
      vertex   1.385736e+02 1.709677e+02 2.028536e+02
      vertex   1.385344e+02 1.712600e+02 2.029330e+02
    endloop
  endfacet
  facet normal 3.739812e-01 -8.535876e-02 9.234999e-01
    outer loop
      vertex   1.384712e+02 1.709832e+02 2.029330e+02
      vertex   1.385344e+02 1.712600e+02 2.029330e+02
      vertex   1.384192e+02 1.712956e+02 2.029830e+02
    endloop
  endfacet
  facet normal 9.685089e-01 1.690581e-01 1.827835e-01
    outer loop
      vertex   1.387589e+02 1.702631e+02 2.025000e+02
      vertex   1.387050e+02 1.705721e+02 2.025000e+02
      vertex   1.387016e+02 1.704515e+02 2.026294e+02
    endloop
  endfacet
  facet normal 9.926701e-01 7.439034e-02 9.524765e-02
    outer loop
      vertex   1.387016e+02 1.704515e+02 2.026294e+02
      vertex   1.387050e+02 1.705721e+02 2.025000e+02
      vertex   1.386830e+02 1.707000e+02 2.026294e+02
    endloop
  endfacet
  facet normal 9.216731e-01 6.906985e-02 3.817695e-01
    outer loop
      vertex   1.387016e+02 1.704515e+02 2.026294e+02
      vertex   1.386830e+02 1.707000e+02 2.026294e+02
      vertex   1.386330e+02 1.707000e+02 2.027500e+02
    endloop
  endfacet
  facet normal 9.216731e-01 -6.906985e-02 3.817695e-01
    outer loop
      vertex   1.386330e+02 1.707000e+02 2.027500e+02
      vertex   1.386830e+02 1.707000e+02 2.026294e+02
      vertex   1.386522e+02 1.709559e+02 2.027500e+02
    endloop
  endfacet
  facet normal 7.919549e-01 -5.934882e-02 6.076884e-01
    outer loop
      vertex   1.386330e+02 1.707000e+02 2.027500e+02
      vertex   1.386522e+02 1.709559e+02 2.027500e+02
      vertex   1.385736e+02 1.709677e+02 2.028536e+02
    endloop
  endfacet
  facet normal 7.742639e-01 -1.767207e-01 6.076884e-01
    outer loop
      vertex   1.385736e+02 1.709677e+02 2.028536e+02
      vertex   1.386522e+02 1.709559e+02 2.027500e+02
      vertex   1.386334e+02 1.712295e+02 2.028536e+02
    endloop
  endfacet
  facet normal 5.945443e-01 -1.357009e-01 7.925291e-01
    outer loop
      vertex   1.385736e+02 1.709677e+02 2.028536e+02
      vertex   1.386334e+02 1.712295e+02 2.028536e+02
      vertex   1.385344e+02 1.712600e+02 2.029330e+02
    endloop
  endfacet
  facet normal 9.827390e-01 -1.728388e-02 1.841885e-01
    outer loop
      vertex   1.387050e+02 1.705721e+02 2.025000e+02
      vertex   1.387105e+02 1.708857e+02 2.025000e+02
      vertex   1.386830e+02 1.707000e+02 2.026294e+02
    endloop
  endfacet
  facet normal 9.917693e-01 -7.432283e-02 1.042584e-01
    outer loop
      vertex   1.386830e+02 1.707000e+02 2.026294e+02
      vertex   1.387105e+02 1.708857e+02 2.025000e+02
      vertex   1.387016e+02 1.709485e+02 2.026294e+02
    endloop
  endfacet
  facet normal 9.216731e-01 -6.906985e-02 3.817695e-01
    outer loop
      vertex   1.386830e+02 1.707000e+02 2.026294e+02
      vertex   1.387016e+02 1.709485e+02 2.026294e+02
      vertex   1.386522e+02 1.709559e+02 2.027500e+02
    endloop
  endfacet
  facet normal 9.010845e-01 -2.056667e-01 3.817695e-01
    outer loop
      vertex   1.386522e+02 1.709559e+02 2.027500e+02
      vertex   1.387016e+02 1.709485e+02 2.026294e+02
      vertex   1.387093e+02 1.712061e+02 2.027500e+02
    endloop
  endfacet
  facet normal 7.742639e-01 -1.767207e-01 6.076884e-01
    outer loop
      vertex   1.386522e+02 1.709559e+02 2.027500e+02
      vertex   1.387093e+02 1.712061e+02 2.027500e+02
      vertex   1.386334e+02 1.712295e+02 2.028536e+02
    endloop
  endfacet
  facet normal 9.650154e-01 -2.036540e-01 1.651376e-01
    outer loop
      vertex   1.387105e+02 1.708857e+02 2.025000e+02
      vertex   1.387753e+02 1.711926e+02 2.025000e+02
      vertex   1.387016e+02 1.709485e+02 2.026294e+02
    endloop
  endfacet
  facet normal 9.661400e-01 -2.205152e-01 1.339645e-01
    outer loop
      vertex   1.387016e+02 1.709485e+02 2.026294e+02
      vertex   1.387753e+02 1.711926e+02 2.025000e+02
      vertex   1.387570e+02 1.711914e+02 2.026294e+02
    endloop
  endfacet
  facet normal 9.010845e-01 -2.056667e-01 3.817695e-01
    outer loop
      vertex   1.387016e+02 1.709485e+02 2.026294e+02
      vertex   1.387570e+02 1.711914e+02 2.026294e+02
      vertex   1.387093e+02 1.712061e+02 2.027500e+02
    endloop
  endfacet
  facet normal 8.616094e-01 -4.974504e-01 1.008579e-01
    outer loop
      vertex   1.388481e+02 1.714233e+02 2.026294e+02
      vertex   1.388969e+02 1.714817e+02 2.025000e+02
      vertex   1.389726e+02 1.716391e+02 2.026294e+02
    endloop
  endfacet
  facet normal 8.171809e-01 -5.457105e-01 1.855140e-01
    outer loop
      vertex   1.389726e+02 1.716391e+02 2.026294e+02
      vertex   1.388969e+02 1.714817e+02 2.025000e+02
      vertex   1.390711e+02 1.717426e+02 2.025000e+02
    endloop
  endfacet
  facet normal 7.782258e-01 -6.206144e-01 9.592932e-02
    outer loop
      vertex   1.389726e+02 1.716391e+02 2.026294e+02
      vertex   1.390711e+02 1.717426e+02 2.025000e+02
      vertex   1.391280e+02 1.718339e+02 2.026294e+02
    endloop
  endfacet
  facet normal 6.998497e-01 -6.912051e-01 1.801276e-01
    outer loop
      vertex   1.391280e+02 1.718339e+02 2.026294e+02
      vertex   1.390711e+02 1.717426e+02 2.025000e+02
      vertex   1.392916e+02 1.719658e+02 2.025000e+02
    endloop
  endfacet
  facet normal 6.759020e-01 -7.284491e-01 1.118861e-01
    outer loop
      vertex   1.391280e+02 1.718339e+02 2.026294e+02
      vertex   1.392916e+02 1.719658e+02 2.025000e+02
      vertex   1.393106e+02 1.720033e+02 2.026294e+02
    endloop
  endfacet
  facet normal 5.588814e-01 -8.147923e-01 1.541594e-01
    outer loop
      vertex   1.393106e+02 1.720033e+02 2.026294e+02
      vertex   1.392916e+02 1.719658e+02 2.025000e+02
      vertex   1.395503e+02 1.721432e+02 2.025000e+02
    endloop
  endfacet
  facet normal 2.148190e-01 -9.587823e-01 1.859818e-01
    outer loop
      vertex   1.398378e+02 1.722685e+02 2.025000e+02
      vertex   1.401439e+02 1.723371e+02 2.025000e+02
      vertex   1.399790e+02 1.723252e+02 2.026294e+02
    endloop
  endfacet
  facet normal 1.483110e-01 -9.839795e-01 9.893521e-02
    outer loop
      vertex   1.399790e+02 1.723252e+02 2.026294e+02
      vertex   1.401439e+02 1.723371e+02 2.025000e+02
      vertex   1.402254e+02 1.723624e+02 2.026294e+02
    endloop
  endfacet
  facet normal 1.377534e-01 -9.139344e-01 3.817695e-01
    outer loop
      vertex   1.399790e+02 1.723252e+02 2.026294e+02
      vertex   1.402254e+02 1.723624e+02 2.026294e+02
      vertex   1.402217e+02 1.724122e+02 2.027500e+02
    endloop
  endfacet
  facet normal 0.000000e+00 -9.242576e-01 3.817695e-01
    outer loop
      vertex   1.402217e+02 1.724122e+02 2.027500e+02
      vertex   1.402254e+02 1.723624e+02 2.026294e+02
      vertex   1.404783e+02 1.724122e+02 2.027500e+02
    endloop
  endfacet
  facet normal 0.000000e+00 -7.941756e-01 6.076884e-01
    outer loop
      vertex   1.402217e+02 1.724122e+02 2.027500e+02
      vertex   1.404783e+02 1.724122e+02 2.027500e+02
      vertex   1.404842e+02 1.724914e+02 2.028536e+02
    endloop
  endfacet
  facet normal -1.183657e-01 -7.853053e-01 6.076884e-01
    outer loop
      vertex   1.404842e+02 1.724914e+02 2.028536e+02
      vertex   1.404783e+02 1.724122e+02 2.027500e+02
      vertex   1.407497e+02 1.724514e+02 2.028536e+02
    endloop
  endfacet
  facet normal -9.089106e-02 -6.030228e-01 7.925291e-01
    outer loop
      vertex   1.404842e+02 1.724914e+02 2.028536e+02
      vertex   1.407497e+02 1.724514e+02 2.028536e+02
      vertex   1.407728e+02 1.725524e+02 2.029330e+02
    endloop
  endfacet
  facet normal -1.797518e-01 -5.827409e-01 7.925291e-01
    outer loop
      vertex   1.407728e+02 1.725524e+02 2.029330e+02
      vertex   1.407497e+02 1.724514e+02 2.028536e+02
      vertex   1.410441e+02 1.724687e+02 2.029330e+02
    endloop
  endfacet
  facet normal -1.130677e-01 -3.665566e-01 9.234999e-01
    outer loop
      vertex   1.407728e+02 1.725524e+02 2.029330e+02
      vertex   1.410441e+02 1.724687e+02 2.029330e+02
      vertex   1.410882e+02 1.725809e+02 2.029830e+02
    endloop
  endfacet
  facet normal -1.664373e-01 -3.456106e-01 9.234999e-01
    outer loop
      vertex   1.410882e+02 1.725809e+02 2.029830e+02
      vertex   1.410441e+02 1.724687e+02 2.029330e+02
      vertex   1.413603e+02 1.724499e+02 2.029830e+02
    endloop
  endfacet
  facet normal 2.955310e-02 -9.843402e-01 1.737845e-01
    outer loop
      vertex   1.401439e+02 1.723371e+02 2.025000e+02
      vertex   1.404575e+02 1.723465e+02 2.025000e+02
      vertex   1.402254e+02 1.723624e+02 2.026294e+02
    endloop
  endfacet
  facet normal 0.000000e+00 -9.925549e-01 1.217978e-01
    outer loop
      vertex   1.402254e+02 1.723624e+02 2.026294e+02
      vertex   1.404575e+02 1.723465e+02 2.025000e+02
      vertex   1.404746e+02 1.723624e+02 2.026294e+02
    endloop
  endfacet
  facet normal 0.000000e+00 -9.242576e-01 3.817695e-01
    outer loop
      vertex   1.402254e+02 1.723624e+02 2.026294e+02
      vertex   1.404746e+02 1.723624e+02 2.026294e+02
      vertex   1.404783e+02 1.724122e+02 2.027500e+02
    endloop
  endfacet
  facet normal -1.377534e-01 -9.139344e-01 3.817695e-01
    outer loop
      vertex   1.404783e+02 1.724122e+02 2.027500e+02
      vertex   1.404746e+02 1.723624e+02 2.026294e+02
      vertex   1.407321e+02 1.723739e+02 2.027500e+02
    endloop
  endfacet
  facet normal -1.183657e-01 -7.853053e-01 6.076884e-01
    outer loop
      vertex   1.404783e+02 1.724122e+02 2.027500e+02
      vertex   1.407321e+02 1.723739e+02 2.027500e+02
      vertex   1.407497e+02 1.724514e+02 2.028536e+02
    endloop
  endfacet
  facet normal -2.340874e-01 -7.588926e-01 6.076884e-01
    outer loop
      vertex   1.407497e+02 1.724514e+02 2.028536e+02
      vertex   1.407321e+02 1.723739e+02 2.027500e+02
      vertex   1.410063e+02 1.723723e+02 2.028536e+02
    endloop
  endfacet
  facet normal -1.797518e-01 -5.827409e-01 7.925291e-01
    outer loop
      vertex   1.407497e+02 1.724514e+02 2.028536e+02
      vertex   1.410063e+02 1.723723e+02 2.028536e+02
      vertex   1.410441e+02 1.724687e+02 2.029330e+02
    endloop
  endfacet
  facet normal -2.645971e-01 -5.494416e-01 7.925291e-01
    outer loop
      vertex   1.410441e+02 1.724687e+02 2.029330e+02
      vertex   1.410063e+02 1.723723e+02 2.028536e+02
      vertex   1.413000e+02 1.723454e+02 2.029330e+02
    endloop
  endfacet
  facet normal -1.664373e-01 -3.456106e-01 9.234999e-01
    outer loop
      vertex   1.410441e+02 1.724687e+02 2.029330e+02
      vertex   1.413000e+02 1.723454e+02 2.029330e+02
      vertex   1.413603e+02 1.724499e+02 2.029830e+02
    endloop
  endfacet
  facet normal -2.160889e-01 -3.169442e-01 9.234999e-01
    outer loop
      vertex   1.413603e+02 1.724499e+02 2.029830e+02
      vertex   1.413000e+02 1.723454e+02 2.029330e+02
      vertex   1.416098e+02 1.722798e+02 2.029830e+02
    endloop
  endfacet
  facet normal -1.475818e-01 -9.791411e-01 1.396506e-01
    outer loop
      vertex   1.404746e+02 1.723624e+02 2.026294e+02
      vertex   1.404575e+02 1.723465e+02 2.025000e+02
      vertex   1.407210e+02 1.723252e+02 2.026294e+02
    endloop
  endfacet
  facet normal -1.576184e-01 -9.743072e-01 1.608785e-01
    outer loop
      vertex   1.407210e+02 1.723252e+02 2.026294e+02
      vertex   1.404575e+02 1.723465e+02 2.025000e+02
      vertex   1.407671e+02 1.722964e+02 2.025000e+02
    endloop
  endfacet
  facet normal -2.930587e-01 -9.500728e-01 1.071368e-01
    outer loop
      vertex   1.407210e+02 1.723252e+02 2.026294e+02
      vertex   1.407671e+02 1.722964e+02 2.025000e+02
      vertex   1.409590e+02 1.722518e+02 2.026294e+02
    endloop
  endfacet
  facet normal -3.378458e-01 -9.232824e-01 1.827835e-01
    outer loop
      vertex   1.409590e+02 1.722518e+02 2.026294e+02
      vertex   1.407671e+02 1.722964e+02 2.025000e+02
      vertex   1.410617e+02 1.721886e+02 2.025000e+02
    endloop
  endfacet
  facet normal -4.319111e-01 -8.968727e-01 9.524765e-02
    outer loop
      vertex   1.409590e+02 1.722518e+02 2.026294e+02
      vertex   1.410617e+02 1.721886e+02 2.025000e+02
      vertex   1.411835e+02 1.721437e+02 2.026294e+02
    endloop
  endfacet
  facet normal -5.063378e-01 -8.424350e-01 1.841885e-01
    outer loop
      vertex   1.411835e+02 1.721437e+02 2.026294e+02
      vertex   1.410617e+02 1.721886e+02 2.025000e+02
      vertex   1.413306e+02 1.720270e+02 2.025000e+02
    endloop
  endfacet
  facet normal -5.602501e-01 -8.217360e-01 1.042584e-01
    outer loop
      vertex   1.411835e+02 1.721437e+02 2.026294e+02
      vertex   1.413306e+02 1.720270e+02 2.025000e+02
      vertex   1.413894e+02 1.720033e+02 2.026294e+02
    endloop
  endfacet
  facet normal -6.588772e-01 -7.339008e-01 1.651376e-01
    outer loop
      vertex   1.413894e+02 1.720033e+02 2.026294e+02
      vertex   1.413306e+02 1.720270e+02 2.025000e+02
      vertex   1.415640e+02 1.718175e+02 2.025000e+02
    endloop
  endfacet
  facet normal -9.485260e-01 -2.604850e-01 1.801276e-01
    outer loop
      vertex   1.418924e+02 1.712862e+02 2.025000e+02
      vertex   1.419754e+02 1.709837e+02 2.025000e+02
      vertex   1.419430e+02 1.711914e+02 2.026294e+02
    endloop
  endfacet
  facet normal -9.688064e-01 -2.211237e-01 1.118861e-01
    outer loop
      vertex   1.419430e+02 1.711914e+02 2.026294e+02
      vertex   1.419754e+02 1.709837e+02 2.025000e+02
      vertex   1.419984e+02 1.709485e+02 2.026294e+02
    endloop
  endfacet
  facet normal -9.010845e-01 -2.056667e-01 3.817695e-01
    outer loop
      vertex   1.419430e+02 1.711914e+02 2.026294e+02
      vertex   1.419984e+02 1.709485e+02 2.026294e+02
      vertex   1.420478e+02 1.709559e+02 2.027500e+02
    endloop
  endfacet
  facet normal -9.216731e-01 -6.906985e-02 3.817695e-01
    outer loop
      vertex   1.420478e+02 1.709559e+02 2.027500e+02
      vertex   1.419984e+02 1.709485e+02 2.026294e+02
      vertex   1.420670e+02 1.707000e+02 2.027500e+02
    endloop
  endfacet
  facet normal -7.919549e-01 -5.934882e-02 6.076884e-01
    outer loop
      vertex   1.420478e+02 1.709559e+02 2.027500e+02
      vertex   1.420670e+02 1.707000e+02 2.027500e+02
      vertex   1.421464e+02 1.707000e+02 2.028536e+02
    endloop
  endfacet
  facet normal -7.919549e-01 5.934882e-02 6.076884e-01
    outer loop
      vertex   1.421464e+02 1.707000e+02 2.028536e+02
      vertex   1.420670e+02 1.707000e+02 2.027500e+02
      vertex   1.421264e+02 1.704323e+02 2.028536e+02
    endloop
  endfacet
  facet normal -6.081289e-01 4.557296e-02 7.925291e-01
    outer loop
      vertex   1.421464e+02 1.707000e+02 2.028536e+02
      vertex   1.421264e+02 1.704323e+02 2.028536e+02
      vertex   1.422288e+02 1.704168e+02 2.029330e+02
    endloop
  endfacet
  facet normal -5.945443e-01 1.357009e-01 7.925291e-01
    outer loop
      vertex   1.422288e+02 1.704168e+02 2.029330e+02
      vertex   1.421264e+02 1.704323e+02 2.028536e+02
      vertex   1.421656e+02 1.701400e+02 2.029330e+02
    endloop
  endfacet
  facet normal -3.739812e-01 8.535876e-02 9.234999e-01
    outer loop
      vertex   1.422288e+02 1.704168e+02 2.029330e+02
      vertex   1.421656e+02 1.701400e+02 2.029330e+02
      vertex   1.422808e+02 1.701044e+02 2.029830e+02
    endloop
  endfacet
  facet normal -3.570820e-01 1.401444e-01 9.234999e-01
    outer loop
      vertex   1.422808e+02 1.701044e+02 2.029830e+02
      vertex   1.421656e+02 1.701400e+02 2.029330e+02
      vertex   1.421705e+02 1.698233e+02 2.029830e+02
    endloop
  endfacet
  facet normal -9.850715e-01 -7.660937e-02 1.541594e-01
    outer loop
      vertex   1.419754e+02 1.709837e+02 2.025000e+02
      vertex   1.419997e+02 1.706710e+02 2.025000e+02
      vertex   1.419984e+02 1.709485e+02 2.026294e+02
    endloop
  endfacet
  facet normal -9.861703e-01 -7.390325e-02 1.483458e-01
    outer loop
      vertex   1.419984e+02 1.709485e+02 2.026294e+02
      vertex   1.419997e+02 1.706710e+02 2.025000e+02
      vertex   1.420170e+02 1.707000e+02 2.026294e+02
    endloop
  endfacet
  facet normal -9.216731e-01 -6.906985e-02 3.817695e-01
    outer loop
      vertex   1.419984e+02 1.709485e+02 2.026294e+02
      vertex   1.420170e+02 1.707000e+02 2.026294e+02
      vertex   1.420670e+02 1.707000e+02 2.027500e+02
    endloop
  endfacet
  facet normal -9.216731e-01 6.906985e-02 3.817695e-01
    outer loop
      vertex   1.420670e+02 1.707000e+02 2.027500e+02
      vertex   1.420170e+02 1.707000e+02 2.026294e+02
      vertex   1.420478e+02 1.704441e+02 2.027500e+02
    endloop
  endfacet
  facet normal -7.919549e-01 5.934882e-02 6.076884e-01
    outer loop
      vertex   1.420670e+02 1.707000e+02 2.027500e+02
      vertex   1.420478e+02 1.704441e+02 2.027500e+02
      vertex   1.421264e+02 1.704323e+02 2.028536e+02
    endloop
  endfacet
  facet normal -7.742639e-01 1.767207e-01 6.076884e-01
    outer loop
      vertex   1.421264e+02 1.704323e+02 2.028536e+02
      vertex   1.420478e+02 1.704441e+02 2.027500e+02
      vertex   1.420666e+02 1.701705e+02 2.028536e+02
    endloop
  endfacet
  facet normal -5.945443e-01 1.357009e-01 7.925291e-01
    outer loop
      vertex   1.421264e+02 1.704323e+02 2.028536e+02
      vertex   1.420666e+02 1.701705e+02 2.028536e+02
      vertex   1.421656e+02 1.701400e+02 2.029330e+02
    endloop
  endfacet
  facet normal -5.676786e-01 2.227974e-01 7.925291e-01
    outer loop
      vertex   1.421656e+02 1.701400e+02 2.029330e+02
      vertex   1.420666e+02 1.701705e+02 2.028536e+02
      vertex   1.420618e+02 1.698756e+02 2.029330e+02
    endloop
  endfacet
  facet normal -3.570820e-01 1.401444e-01 9.234999e-01
    outer loop
      vertex   1.421656e+02 1.701400e+02 2.029330e+02
      vertex   1.420618e+02 1.698756e+02 2.029330e+02
      vertex   1.421705e+02 1.698233e+02 2.029830e+02
    endloop
  endfacet
  facet normal -3.322063e-01 1.917994e-01 9.234999e-01
    outer loop
      vertex   1.421705e+02 1.698233e+02 2.029830e+02
      vertex   1.420618e+02 1.698756e+02 2.029330e+02
      vertex   1.420195e+02 1.695618e+02 2.029830e+02
    endloop
  endfacet
  facet normal -9.905053e-01 7.422811e-02 1.157126e-01
    outer loop
      vertex   1.420170e+02 1.707000e+02 2.026294e+02
      vertex   1.419997e+02 1.706710e+02 2.025000e+02
      vertex   1.419984e+02 1.704515e+02 2.026294e+02
    endloop
  endfacet
  facet normal -9.778179e-01 1.107536e-01 1.777803e-01
    outer loop
      vertex   1.419984e+02 1.704515e+02 2.026294e+02
      vertex   1.419997e+02 1.706710e+02 2.025000e+02
      vertex   1.419644e+02 1.703593e+02 2.025000e+02
    endloop
  endfacet
  facet normal -9.703408e-01 2.214740e-01 9.689173e-02
    outer loop
      vertex   1.419984e+02 1.704515e+02 2.026294e+02
      vertex   1.419644e+02 1.703593e+02 2.025000e+02
      vertex   1.419430e+02 1.702086e+02 2.026294e+02
    endloop
  endfacet
  facet normal -9.377394e-01 2.933525e-01 1.859818e-01
    outer loop
      vertex   1.419430e+02 1.702086e+02 2.026294e+02
      vertex   1.419644e+02 1.703593e+02 2.025000e+02
      vertex   1.418708e+02 1.700599e+02 2.025000e+02
    endloop
  endfacet
  facet normal -9.263068e-01 3.635486e-01 9.893521e-02
    outer loop
      vertex   1.419430e+02 1.702086e+02 2.026294e+02
      vertex   1.418708e+02 1.700599e+02 2.025000e+02
      vertex   1.418519e+02 1.699767e+02 2.026294e+02
    endloop
  endfacet
  facet normal -8.672401e-01 4.665763e-01 1.737845e-01
    outer loop
      vertex   1.418519e+02 1.699767e+02 2.026294e+02
      vertex   1.418708e+02 1.700599e+02 2.025000e+02
      vertex   1.417222e+02 1.697837e+02 2.025000e+02
    endloop
  endfacet
  facet normal -8.595778e-01 4.962775e-01 1.217978e-01
    outer loop
      vertex   1.418519e+02 1.699767e+02 2.026294e+02
      vertex   1.417222e+02 1.697837e+02 2.025000e+02
      vertex   1.417274e+02 1.697609e+02 2.026294e+02
    endloop
  endfacet
  facet normal -7.741702e-01 6.173801e-01 1.396506e-01
    outer loop
      vertex   1.417274e+02 1.697609e+02 2.026294e+02
      vertex   1.417222e+02 1.697837e+02 2.025000e+02
      vertex   1.415720e+02 1.695661e+02 2.026294e+02
    endloop
  endfacet
  facet normal -7.226137e-01 5.762652e-01 3.817695e-01
    outer loop
      vertex   1.417274e+02 1.697609e+02 2.026294e+02
      vertex   1.415720e+02 1.695661e+02 2.026294e+02
      vertex   1.416086e+02 1.695322e+02 2.027500e+02
    endloop
  endfacet
  facet normal -6.286548e-01 6.775287e-01 3.817695e-01
    outer loop
      vertex   1.416086e+02 1.695322e+02 2.027500e+02
      vertex   1.415720e+02 1.695661e+02 2.026294e+02
      vertex   1.414205e+02 1.693576e+02 2.027500e+02
    endloop
  endfacet
  facet normal -5.401766e-01 5.821719e-01 6.076884e-01
    outer loop
      vertex   1.416086e+02 1.695322e+02 2.027500e+02
      vertex   1.414205e+02 1.693576e+02 2.027500e+02
      vertex   1.414701e+02 1.692955e+02 2.028536e+02
    endloop
  endfacet
  facet normal -4.473750e-01 6.561787e-01 6.076884e-01
    outer loop
      vertex   1.414701e+02 1.692955e+02 2.028536e+02
      vertex   1.414205e+02 1.693576e+02 2.027500e+02
      vertex   1.412482e+02 1.691442e+02 2.028536e+02
    endloop
  endfacet
  facet normal -3.435318e-01 5.038686e-01 7.925291e-01
    outer loop
      vertex   1.414701e+02 1.692955e+02 2.028536e+02
      vertex   1.412482e+02 1.691442e+02 2.028536e+02
      vertex   1.413000e+02 1.690546e+02 2.029330e+02
    endloop
  endfacet
  facet normal -2.645971e-01 5.494416e-01 7.925291e-01
    outer loop
      vertex   1.413000e+02 1.690546e+02 2.029330e+02
      vertex   1.412482e+02 1.691442e+02 2.028536e+02
      vertex   1.410441e+02 1.689313e+02 2.029330e+02
    endloop
  endfacet
  facet normal -1.664373e-01 3.456106e-01 9.234999e-01
    outer loop
      vertex   1.413000e+02 1.690546e+02 2.029330e+02
      vertex   1.410441e+02 1.689313e+02 2.029330e+02
      vertex   1.410882e+02 1.688191e+02 2.029830e+02
    endloop
  endfacet
  facet normal -1.130677e-01 3.665566e-01 9.234999e-01
    outer loop
      vertex   1.410882e+02 1.688191e+02 2.029830e+02
      vertex   1.410441e+02 1.689313e+02 2.029330e+02
      vertex   1.407996e+02 1.687301e+02 2.029830e+02
    endloop
  endfacet
  facet normal -7.649656e-01 6.236551e-01 1.608785e-01
    outer loop
      vertex   1.417222e+02 1.697837e+02 2.025000e+02
      vertex   1.415240e+02 1.695405e+02 2.025000e+02
      vertex   1.415720e+02 1.695661e+02 2.026294e+02
    endloop
  endfacet
  facet normal -6.762579e-01 7.288326e-01 1.071368e-01
    outer loop
      vertex   1.415720e+02 1.695661e+02 2.026294e+02
      vertex   1.415240e+02 1.695405e+02 2.025000e+02
      vertex   1.413894e+02 1.693967e+02 2.026294e+02
    endloop
  endfacet
  facet normal -6.286548e-01 6.775287e-01 3.817695e-01
    outer loop
      vertex   1.415720e+02 1.695661e+02 2.026294e+02
      vertex   1.413894e+02 1.693967e+02 2.026294e+02
      vertex   1.414205e+02 1.693576e+02 2.027500e+02
    endloop
  endfacet
  facet normal -5.206528e-01 7.636574e-01 3.817695e-01
    outer loop
      vertex   1.414205e+02 1.693576e+02 2.027500e+02
      vertex   1.413894e+02 1.693967e+02 2.026294e+02
      vertex   1.412085e+02 1.692130e+02 2.027500e+02
    endloop
  endfacet
  facet normal -4.473750e-01 6.561787e-01 6.076884e-01
    outer loop
      vertex   1.414205e+02 1.693576e+02 2.027500e+02
      vertex   1.412085e+02 1.692130e+02 2.027500e+02
      vertex   1.412482e+02 1.691442e+02 2.028536e+02
    endloop
  endfacet
  facet normal -3.445799e-01 7.155275e-01 6.076884e-01
    outer loop
      vertex   1.412482e+02 1.691442e+02 2.028536e+02
      vertex   1.412085e+02 1.692130e+02 2.027500e+02
      vertex   1.410063e+02 1.690277e+02 2.028536e+02
    endloop
  endfacet
  facet normal -2.645971e-01 5.494416e-01 7.925291e-01
    outer loop
      vertex   1.412482e+02 1.691442e+02 2.028536e+02
      vertex   1.410063e+02 1.690277e+02 2.028536e+02
      vertex   1.410441e+02 1.689313e+02 2.029330e+02
    endloop
  endfacet
  facet normal -1.797518e-01 5.827409e-01 7.925291e-01
    outer loop
      vertex   1.410441e+02 1.689313e+02 2.029330e+02
      vertex   1.410063e+02 1.690277e+02 2.028536e+02
      vertex   1.407728e+02 1.688476e+02 2.029330e+02
    endloop
  endfacet
  facet normal -1.130677e-01 3.665566e-01 9.234999e-01
    outer loop
      vertex   1.410441e+02 1.689313e+02 2.029330e+02
      vertex   1.407728e+02 1.688476e+02 2.029330e+02
      vertex   1.407996e+02 1.687301e+02 2.029830e+02
    endloop
  endfacet
  facet normal -5.717243e-02 3.793143e-01 9.234999e-01
    outer loop
      vertex   1.407996e+02 1.687301e+02 2.029830e+02
      vertex   1.407728e+02 1.688476e+02 2.029330e+02
      vertex   1.405010e+02 1.686851e+02 2.029830e+02
    endloop
  endfacet
  facet normal -6.306631e-01 7.542243e-01 1.827835e-01
    outer loop
      vertex   1.415240e+02 1.695405e+02 2.025000e+02
      vertex   1.412833e+02 1.693393e+02 2.025000e+02
      vertex   1.413894e+02 1.693967e+02 2.026294e+02
    endloop
  endfacet
  facet normal -5.607590e-01 8.224824e-01 9.524765e-02
    outer loop
      vertex   1.413894e+02 1.693967e+02 2.026294e+02
      vertex   1.412833e+02 1.693393e+02 2.025000e+02
      vertex   1.411835e+02 1.692563e+02 2.026294e+02
    endloop
  endfacet
  facet normal -5.206528e-01 7.636574e-01 3.817695e-01
    outer loop
      vertex   1.413894e+02 1.693967e+02 2.026294e+02
      vertex   1.411835e+02 1.692563e+02 2.026294e+02
      vertex   1.412085e+02 1.692130e+02 2.027500e+02
    endloop
  endfacet
  facet normal -4.010203e-01 8.327273e-01 3.817695e-01
    outer loop
      vertex   1.412085e+02 1.692130e+02 2.027500e+02
      vertex   1.411835e+02 1.692563e+02 2.026294e+02
      vertex   1.409773e+02 1.691017e+02 2.027500e+02
    endloop
  endfacet
  facet normal -3.445799e-01 7.155275e-01 6.076884e-01
    outer loop
      vertex   1.412085e+02 1.692130e+02 2.027500e+02
      vertex   1.409773e+02 1.691017e+02 2.027500e+02
      vertex   1.410063e+02 1.690277e+02 2.028536e+02
    endloop
  endfacet
  facet normal -2.340874e-01 7.588926e-01 6.076884e-01
    outer loop
      vertex   1.410063e+02 1.690277e+02 2.028536e+02
      vertex   1.409773e+02 1.691017e+02 2.027500e+02
      vertex   1.407497e+02 1.689486e+02 2.028536e+02
    endloop
  endfacet
  facet normal -1.797518e-01 5.827409e-01 7.925291e-01
    outer loop
      vertex   1.410063e+02 1.690277e+02 2.028536e+02
      vertex   1.407497e+02 1.689486e+02 2.028536e+02
      vertex   1.407728e+02 1.688476e+02 2.029330e+02
    endloop
  endfacet
  facet normal -9.089106e-02 6.030228e-01 7.925291e-01
    outer loop
      vertex   1.407728e+02 1.688476e+02 2.029330e+02
      vertex   1.407497e+02 1.689486e+02 2.028536e+02
      vertex   1.404920e+02 1.688053e+02 2.029330e+02
    endloop
  endfacet
  facet normal -5.717243e-02 3.793143e-01 9.234999e-01
    outer loop
      vertex   1.407728e+02 1.688476e+02 2.029330e+02
      vertex   1.404920e+02 1.688053e+02 2.029330e+02
      vertex   1.405010e+02 1.686851e+02 2.029830e+02
    endloop
  endfacet
  facet normal 0.000000e+00 3.835988e-01 9.234999e-01
    outer loop
      vertex   1.405010e+02 1.686851e+02 2.029830e+02
      vertex   1.404920e+02 1.688053e+02 2.029330e+02
      vertex   1.401990e+02 1.686851e+02 2.029830e+02
    endloop
  endfacet
  facet normal -4.764012e-01 8.597188e-01 1.841885e-01
    outer loop
      vertex   1.412833e+02 1.693393e+02 2.025000e+02
      vertex   1.410089e+02 1.691873e+02 2.025000e+02
      vertex   1.411835e+02 1.692563e+02 2.026294e+02
    endloop
  endfacet
  facet normal -4.315192e-01 8.960588e-01 1.042584e-01
    outer loop
      vertex   1.411835e+02 1.692563e+02 2.026294e+02
      vertex   1.410089e+02 1.691873e+02 2.025000e+02
      vertex   1.409590e+02 1.691482e+02 2.026294e+02
    endloop
  endfacet
  facet normal -4.010203e-01 8.327273e-01 3.817695e-01
    outer loop
      vertex   1.411835e+02 1.692563e+02 2.026294e+02
      vertex   1.409590e+02 1.691482e+02 2.026294e+02
      vertex   1.409773e+02 1.691017e+02 2.027500e+02
    endloop
  endfacet
  facet normal -2.724297e-01 8.831954e-01 3.817695e-01
    outer loop
      vertex   1.409773e+02 1.691017e+02 2.027500e+02
      vertex   1.409590e+02 1.691482e+02 2.026294e+02
      vertex   1.407321e+02 1.690261e+02 2.027500e+02
    endloop
  endfacet
  facet normal -2.340874e-01 7.588926e-01 6.076884e-01
    outer loop
      vertex   1.409773e+02 1.691017e+02 2.027500e+02
      vertex   1.407321e+02 1.690261e+02 2.027500e+02
      vertex   1.407497e+02 1.689486e+02 2.028536e+02
    endloop
  endfacet
  facet normal -1.183657e-01 7.853053e-01 6.076884e-01
    outer loop
      vertex   1.407497e+02 1.689486e+02 2.028536e+02
      vertex   1.407321e+02 1.690261e+02 2.027500e+02
      vertex   1.404842e+02 1.689086e+02 2.028536e+02
    endloop
  endfacet
  facet normal -9.089106e-02 6.030228e-01 7.925291e-01
    outer loop
      vertex   1.407497e+02 1.689486e+02 2.028536e+02
      vertex   1.404842e+02 1.689086e+02 2.028536e+02
      vertex   1.404920e+02 1.688053e+02 2.029330e+02
    endloop
  endfacet
  facet normal 0.000000e+00 6.098342e-01 7.925291e-01
    outer loop
      vertex   1.404920e+02 1.688053e+02 2.029330e+02
      vertex   1.404842e+02 1.689086e+02 2.028536e+02
      vertex   1.402080e+02 1.688053e+02 2.029330e+02
    endloop
  endfacet
  facet normal 0.000000e+00 3.835988e-01 9.234999e-01
    outer loop
      vertex   1.404920e+02 1.688053e+02 2.029330e+02
      vertex   1.402080e+02 1.688053e+02 2.029330e+02
      vertex   1.401990e+02 1.686851e+02 2.029830e+02
    endloop
  endfacet
  facet normal 5.717243e-02 3.793143e-01 9.234999e-01
    outer loop
      vertex   1.401990e+02 1.686851e+02 2.029830e+02
      vertex   1.402080e+02 1.688053e+02 2.029330e+02
      vertex   1.399004e+02 1.687301e+02 2.029830e+02
    endloop
  endfacet
  facet normal -3.061382e-01 9.375548e-01 1.651376e-01
    outer loop
      vertex   1.410089e+02 1.691873e+02 2.025000e+02
      vertex   1.407107e+02 1.690899e+02 2.025000e+02
      vertex   1.409590e+02 1.691482e+02 2.026294e+02
    endloop
  endfacet
  facet normal -2.920983e-01 9.469594e-01 1.339645e-01
    outer loop
      vertex   1.409590e+02 1.691482e+02 2.026294e+02
      vertex   1.407107e+02 1.690899e+02 2.025000e+02
      vertex   1.407210e+02 1.690748e+02 2.026294e+02
    endloop
  endfacet
  facet normal -2.724297e-01 8.831954e-01 3.817695e-01
    outer loop
      vertex   1.409590e+02 1.691482e+02 2.026294e+02
      vertex   1.407210e+02 1.690748e+02 2.026294e+02
      vertex   1.407321e+02 1.690261e+02 2.027500e+02
    endloop
  endfacet
  facet normal -1.377534e-01 9.139344e-01 3.817695e-01
    outer loop
      vertex   1.407321e+02 1.690261e+02 2.027500e+02
      vertex   1.407210e+02 1.690748e+02 2.026294e+02
      vertex   1.404783e+02 1.689878e+02 2.027500e+02
    endloop
  endfacet
  facet normal -1.183657e-01 7.853053e-01 6.076884e-01
    outer loop
      vertex   1.407321e+02 1.690261e+02 2.027500e+02
      vertex   1.404783e+02 1.689878e+02 2.027500e+02
      vertex   1.404842e+02 1.689086e+02 2.028536e+02
    endloop
  endfacet
  facet normal 0.000000e+00 7.941756e-01 6.076884e-01
    outer loop
      vertex   1.404842e+02 1.689086e+02 2.028536e+02
      vertex   1.404783e+02 1.689878e+02 2.027500e+02
      vertex   1.402158e+02 1.689086e+02 2.028536e+02
    endloop
  endfacet
  facet normal 0.000000e+00 6.098342e-01 7.925291e-01
    outer loop
      vertex   1.404842e+02 1.689086e+02 2.028536e+02
      vertex   1.402158e+02 1.689086e+02 2.028536e+02
      vertex   1.402080e+02 1.688053e+02 2.029330e+02
    endloop
  endfacet
  facet normal 9.089106e-02 6.030228e-01 7.925291e-01
    outer loop
      vertex   1.402080e+02 1.688053e+02 2.029330e+02
      vertex   1.402158e+02 1.689086e+02 2.028536e+02
      vertex   1.399272e+02 1.688476e+02 2.029330e+02
    endloop
  endfacet
  facet normal 5.717243e-02 3.793143e-01 9.234999e-01
    outer loop
      vertex   1.402080e+02 1.688053e+02 2.029330e+02
      vertex   1.399272e+02 1.688476e+02 2.029330e+02
      vertex   1.399004e+02 1.687301e+02 2.029830e+02
    endloop
  endfacet
  facet normal 1.130677e-01 3.665566e-01 9.234999e-01
    outer loop
      vertex   1.399004e+02 1.687301e+02 2.029830e+02
      vertex   1.399272e+02 1.688476e+02 2.029330e+02
      vertex   1.396118e+02 1.688191e+02 2.029830e+02
    endloop
  endfacet
  facet normal -1.478438e-01 9.808794e-01 1.265618e-01
    outer loop
      vertex   1.407210e+02 1.690748e+02 2.026294e+02
      vertex   1.407107e+02 1.690899e+02 2.025000e+02
      vertex   1.404746e+02 1.690376e+02 2.026294e+02
    endloop
  endfacet
  facet normal -1.230587e-01 9.776456e-01 1.704867e-01
    outer loop
      vertex   1.404746e+02 1.690376e+02 2.026294e+02
      vertex   1.407107e+02 1.690899e+02 2.025000e+02
      vertex   1.403995e+02 1.690507e+02 2.025000e+02
    endloop
  endfacet
  facet normal 0.000000e+00 9.949008e-01 1.008579e-01
    outer loop
      vertex   1.404746e+02 1.690376e+02 2.026294e+02
      vertex   1.403995e+02 1.690507e+02 2.025000e+02
      vertex   1.402254e+02 1.690376e+02 2.026294e+02
    endloop
  endfacet
  facet normal 6.400866e-02 9.805547e-01 1.855140e-01
    outer loop
      vertex   1.402254e+02 1.690376e+02 2.026294e+02
      vertex   1.403995e+02 1.690507e+02 2.025000e+02
      vertex   1.400865e+02 1.690712e+02 2.025000e+02
    endloop
  endfacet
  facet normal 1.483549e-01 9.842705e-01 9.592932e-02
    outer loop
      vertex   1.402254e+02 1.690376e+02 2.026294e+02
      vertex   1.400865e+02 1.690712e+02 2.025000e+02
      vertex   1.399790e+02 1.690748e+02 2.026294e+02
    endloop
  endfacet
  facet normal 2.486764e-01 9.516901e-01 1.801276e-01
    outer loop
      vertex   1.399790e+02 1.690748e+02 2.026294e+02
      vertex   1.400865e+02 1.690712e+02 2.025000e+02
      vertex   1.397830e+02 1.691505e+02 2.025000e+02
    endloop
  endfacet
  facet normal 2.929044e-01 9.495728e-01 1.118861e-01
    outer loop
      vertex   1.399790e+02 1.690748e+02 2.026294e+02
      vertex   1.397830e+02 1.691505e+02 2.025000e+02
      vertex   1.397410e+02 1.691482e+02 2.026294e+02
    endloop
  endfacet
  facet normal 4.261901e-01 8.914016e-01 1.541594e-01
    outer loop
      vertex   1.397410e+02 1.691482e+02 2.026294e+02
      vertex   1.397830e+02 1.691505e+02 2.025000e+02
      vertex   1.395000e+02 1.692858e+02 2.025000e+02
    endloop
  endfacet
  facet normal 3.825262e-01 -2.866637e-02 9.234999e-01
    outer loop
      vertex   1.383520e+02 1.710012e+02 2.029830e+02
      vertex   1.383294e+02 1.707000e+02 2.029830e+02
      vertex   1.384500e+02 1.707000e+02 2.029330e+02
    endloop
  endfacet
  facet normal 3.825262e-01 2.866637e-02 9.234999e-01
    outer loop
      vertex   1.384500e+02 1.707000e+02 2.029330e+02
      vertex   1.383294e+02 1.707000e+02 2.029830e+02
      vertex   1.384712e+02 1.704168e+02 2.029330e+02
    endloop
  endfacet
  facet normal 6.081289e-01 4.557296e-02 7.925291e-01
    outer loop
      vertex   1.384500e+02 1.707000e+02 2.029330e+02
      vertex   1.384712e+02 1.704168e+02 2.029330e+02
      vertex   1.385736e+02 1.704323e+02 2.028536e+02
    endloop
  endfacet
  facet normal 5.945443e-01 1.357009e-01 7.925291e-01
    outer loop
      vertex   1.385736e+02 1.704323e+02 2.028536e+02
      vertex   1.384712e+02 1.704168e+02 2.029330e+02
      vertex   1.386334e+02 1.701705e+02 2.028536e+02
    endloop
  endfacet
  facet normal 7.742639e-01 1.767207e-01 6.076884e-01
    outer loop
      vertex   1.385736e+02 1.704323e+02 2.028536e+02
      vertex   1.386334e+02 1.701705e+02 2.028536e+02
      vertex   1.387093e+02 1.701939e+02 2.027500e+02
    endloop
  endfacet
  facet normal 7.392772e-01 2.901449e-01 6.076884e-01
    outer loop
      vertex   1.387093e+02 1.701939e+02 2.027500e+02
      vertex   1.386334e+02 1.701705e+02 2.028536e+02
      vertex   1.388030e+02 1.699550e+02 2.027500e+02
    endloop
  endfacet
  facet normal 8.603671e-01 3.376692e-01 3.817695e-01
    outer loop
      vertex   1.387093e+02 1.701939e+02 2.027500e+02
      vertex   1.388030e+02 1.699550e+02 2.027500e+02
      vertex   1.388481e+02 1.699767e+02 2.026294e+02
    endloop
  endfacet
  facet normal 8.004305e-01 4.621288e-01 3.817695e-01
    outer loop
      vertex   1.388481e+02 1.699767e+02 2.026294e+02
      vertex   1.388030e+02 1.699550e+02 2.027500e+02
      vertex   1.389726e+02 1.697609e+02 2.026294e+02
    endloop
  endfacet
  facet normal 2.160889e-01 3.169442e-01 9.234999e-01
    outer loop
      vertex   1.393397e+02 1.689501e+02 2.029830e+02
      vertex   1.394000e+02 1.690546e+02 2.029330e+02
      vertex   1.390902e+02 1.691202e+02 2.029830e+02
    endloop
  endfacet
  facet normal 2.160889e-01 3.169442e-01 9.234999e-01
    outer loop
      vertex   1.390902e+02 1.691202e+02 2.029830e+02
      vertex   1.394000e+02 1.690546e+02 2.029330e+02
      vertex   1.391654e+02 1.692145e+02 2.029330e+02
    endloop
  endfacet
  facet normal 2.609134e-01 2.811978e-01 9.234999e-01
    outer loop
      vertex   1.390902e+02 1.691202e+02 2.029830e+02
      vertex   1.391654e+02 1.692145e+02 2.029330e+02
      vertex   1.388688e+02 1.693256e+02 2.029830e+02
    endloop
  endfacet
  facet normal 2.609134e-01 2.811978e-01 9.234999e-01
    outer loop
      vertex   1.388688e+02 1.693256e+02 2.029830e+02
      vertex   1.391654e+02 1.692145e+02 2.029330e+02
      vertex   1.389572e+02 1.694077e+02 2.029330e+02
    endloop
  endfacet
  facet normal 2.999096e-01 2.391699e-01 9.234999e-01
    outer loop
      vertex   1.388688e+02 1.693256e+02 2.029830e+02
      vertex   1.389572e+02 1.694077e+02 2.029330e+02
      vertex   1.386805e+02 1.695618e+02 2.029830e+02
    endloop
  endfacet
  facet normal 2.999096e-01 2.391699e-01 9.234999e-01
    outer loop
      vertex   1.386805e+02 1.695618e+02 2.029830e+02
      vertex   1.389572e+02 1.694077e+02 2.029330e+02
      vertex   1.387801e+02 1.696297e+02 2.029330e+02
    endloop
  endfacet
  facet normal 3.322063e-01 1.917994e-01 9.234999e-01
    outer loop
      vertex   1.386805e+02 1.695618e+02 2.029830e+02
      vertex   1.387801e+02 1.696297e+02 2.029330e+02
      vertex   1.385295e+02 1.698233e+02 2.029830e+02
    endloop
  endfacet
  facet normal 3.322063e-01 1.917994e-01 9.234999e-01
    outer loop
      vertex   1.385295e+02 1.698233e+02 2.029830e+02
      vertex   1.387801e+02 1.696297e+02 2.029330e+02
      vertex   1.386382e+02 1.698756e+02 2.029330e+02
    endloop
  endfacet
  facet normal 3.570820e-01 1.401444e-01 9.234999e-01
    outer loop
      vertex   1.385295e+02 1.698233e+02 2.029830e+02
      vertex   1.386382e+02 1.698756e+02 2.029330e+02
      vertex   1.384192e+02 1.701044e+02 2.029830e+02
    endloop
  endfacet
  facet normal 3.570820e-01 1.401444e-01 9.234999e-01
    outer loop
      vertex   1.384192e+02 1.701044e+02 2.029830e+02
      vertex   1.386382e+02 1.698756e+02 2.029330e+02
      vertex   1.385344e+02 1.701400e+02 2.029330e+02
    endloop
  endfacet
  facet normal 3.739812e-01 8.535876e-02 9.234999e-01
    outer loop
      vertex   1.384192e+02 1.701044e+02 2.029830e+02
      vertex   1.385344e+02 1.701400e+02 2.029330e+02
      vertex   1.383520e+02 1.703988e+02 2.029830e+02
    endloop
  endfacet
  facet normal 3.739812e-01 8.535876e-02 9.234999e-01
    outer loop
      vertex   1.383520e+02 1.703988e+02 2.029830e+02
      vertex   1.385344e+02 1.701400e+02 2.029330e+02
      vertex   1.384712e+02 1.704168e+02 2.029330e+02
    endloop
  endfacet
  facet normal 3.825262e-01 2.866637e-02 9.234999e-01
    outer loop
      vertex   1.383520e+02 1.703988e+02 2.029830e+02
      vertex   1.384712e+02 1.704168e+02 2.029330e+02
      vertex   1.383294e+02 1.707000e+02 2.029830e+02
    endloop
  endfacet
  facet normal 3.435318e-01 5.038686e-01 7.925291e-01
    outer loop
      vertex   1.394000e+02 1.690546e+02 2.029330e+02
      vertex   1.394518e+02 1.691442e+02 2.028536e+02
      vertex   1.391654e+02 1.692145e+02 2.029330e+02
    endloop
  endfacet
  facet normal 3.435318e-01 5.038686e-01 7.925291e-01
    outer loop
      vertex   1.391654e+02 1.692145e+02 2.029330e+02
      vertex   1.394518e+02 1.691442e+02 2.028536e+02
      vertex   1.392299e+02 1.692955e+02 2.028536e+02
    endloop
  endfacet
  facet normal 4.147926e-01 4.470401e-01 7.925291e-01
    outer loop
      vertex   1.391654e+02 1.692145e+02 2.029330e+02
      vertex   1.392299e+02 1.692955e+02 2.028536e+02
      vertex   1.389572e+02 1.694077e+02 2.029330e+02
    endloop
  endfacet
  facet normal 4.147926e-01 4.470401e-01 7.925291e-01
    outer loop
      vertex   1.389572e+02 1.694077e+02 2.029330e+02
      vertex   1.392299e+02 1.692955e+02 2.028536e+02
      vertex   1.390331e+02 1.694781e+02 2.028536e+02
    endloop
  endfacet
  facet normal 4.767875e-01 3.802254e-01 7.925291e-01
    outer loop
      vertex   1.389572e+02 1.694077e+02 2.029330e+02
      vertex   1.390331e+02 1.694781e+02 2.028536e+02
      vertex   1.387801e+02 1.696297e+02 2.029330e+02
    endloop
  endfacet
  facet normal 4.767875e-01 3.802254e-01 7.925291e-01
    outer loop
      vertex   1.387801e+02 1.696297e+02 2.029330e+02
      vertex   1.390331e+02 1.694781e+02 2.028536e+02
      vertex   1.388657e+02 1.696880e+02 2.028536e+02
    endloop
  endfacet
  facet normal 5.281319e-01 3.049171e-01 7.925291e-01
    outer loop
      vertex   1.387801e+02 1.696297e+02 2.029330e+02
      vertex   1.388657e+02 1.696880e+02 2.028536e+02
      vertex   1.386382e+02 1.698756e+02 2.029330e+02
    endloop
  endfacet
  facet normal 5.281319e-01 3.049171e-01 7.925291e-01
    outer loop
      vertex   1.386382e+02 1.698756e+02 2.029330e+02
      vertex   1.388657e+02 1.696880e+02 2.028536e+02
      vertex   1.387315e+02 1.699206e+02 2.028536e+02
    endloop
  endfacet
  facet normal 5.676786e-01 2.227974e-01 7.925291e-01
    outer loop
      vertex   1.386382e+02 1.698756e+02 2.029330e+02
      vertex   1.387315e+02 1.699206e+02 2.028536e+02
      vertex   1.385344e+02 1.701400e+02 2.029330e+02
    endloop
  endfacet
  facet normal 5.676786e-01 2.227974e-01 7.925291e-01
    outer loop
      vertex   1.385344e+02 1.701400e+02 2.029330e+02
      vertex   1.387315e+02 1.699206e+02 2.028536e+02
      vertex   1.386334e+02 1.701705e+02 2.028536e+02
    endloop
  endfacet
  facet normal 5.945443e-01 1.357009e-01 7.925291e-01
    outer loop
      vertex   1.385344e+02 1.701400e+02 2.029330e+02
      vertex   1.386334e+02 1.701705e+02 2.028536e+02
      vertex   1.384712e+02 1.704168e+02 2.029330e+02
    endloop
  endfacet
  facet normal 4.473750e-01 6.561787e-01 6.076884e-01
    outer loop
      vertex   1.394518e+02 1.691442e+02 2.028536e+02
      vertex   1.394915e+02 1.692130e+02 2.027500e+02
      vertex   1.392299e+02 1.692955e+02 2.028536e+02
    endloop
  endfacet
  facet normal 4.473750e-01 6.561787e-01 6.076884e-01
    outer loop
      vertex   1.392299e+02 1.692955e+02 2.028536e+02
      vertex   1.394915e+02 1.692130e+02 2.027500e+02
      vertex   1.392795e+02 1.693576e+02 2.027500e+02
    endloop
  endfacet
  facet normal 5.401766e-01 5.821719e-01 6.076884e-01
    outer loop
      vertex   1.392299e+02 1.692955e+02 2.028536e+02
      vertex   1.392795e+02 1.693576e+02 2.027500e+02
      vertex   1.390331e+02 1.694781e+02 2.028536e+02
    endloop
  endfacet
  facet normal 5.401766e-01 5.821719e-01 6.076884e-01
    outer loop
      vertex   1.390331e+02 1.694781e+02 2.028536e+02
      vertex   1.392795e+02 1.693576e+02 2.027500e+02
      vertex   1.390914e+02 1.695322e+02 2.027500e+02
    endloop
  endfacet
  facet normal 6.209115e-01 4.951604e-01 6.076884e-01
    outer loop
      vertex   1.390331e+02 1.694781e+02 2.028536e+02
      vertex   1.390914e+02 1.695322e+02 2.027500e+02
      vertex   1.388657e+02 1.696880e+02 2.028536e+02
    endloop
  endfacet
  facet normal 6.209115e-01 4.951604e-01 6.076884e-01
    outer loop
      vertex   1.388657e+02 1.696880e+02 2.028536e+02
      vertex   1.390914e+02 1.695322e+02 2.027500e+02
      vertex   1.389314e+02 1.697328e+02 2.027500e+02
    endloop
  endfacet
  facet normal 6.877762e-01 3.970878e-01 6.076884e-01
    outer loop
      vertex   1.388657e+02 1.696880e+02 2.028536e+02
      vertex   1.389314e+02 1.697328e+02 2.027500e+02
      vertex   1.387315e+02 1.699206e+02 2.028536e+02
    endloop
  endfacet
  facet normal 6.877762e-01 3.970878e-01 6.076884e-01
    outer loop
      vertex   1.387315e+02 1.699206e+02 2.028536e+02
      vertex   1.389314e+02 1.697328e+02 2.027500e+02
      vertex   1.388030e+02 1.699550e+02 2.027500e+02
    endloop
  endfacet
  facet normal 7.392772e-01 2.901449e-01 6.076884e-01
    outer loop
      vertex   1.387315e+02 1.699206e+02 2.028536e+02
      vertex   1.388030e+02 1.699550e+02 2.027500e+02
      vertex   1.386334e+02 1.701705e+02 2.028536e+02
    endloop
  endfacet
  facet normal 5.206528e-01 7.636574e-01 3.817695e-01
    outer loop
      vertex   1.394915e+02 1.692130e+02 2.027500e+02
      vertex   1.395165e+02 1.692563e+02 2.026294e+02
      vertex   1.392795e+02 1.693576e+02 2.027500e+02
    endloop
  endfacet
  facet normal 5.206528e-01 7.636574e-01 3.817695e-01
    outer loop
      vertex   1.392795e+02 1.693576e+02 2.027500e+02
      vertex   1.395165e+02 1.692563e+02 2.026294e+02
      vertex   1.393106e+02 1.693967e+02 2.026294e+02
    endloop
  endfacet
  facet normal 6.286548e-01 6.775287e-01 3.817695e-01
    outer loop
      vertex   1.392795e+02 1.693576e+02 2.027500e+02
      vertex   1.393106e+02 1.693967e+02 2.026294e+02
      vertex   1.390914e+02 1.695322e+02 2.027500e+02
    endloop
  endfacet
  facet normal 6.286548e-01 6.775287e-01 3.817695e-01
    outer loop
      vertex   1.390914e+02 1.695322e+02 2.027500e+02
      vertex   1.393106e+02 1.693967e+02 2.026294e+02
      vertex   1.391280e+02 1.695661e+02 2.026294e+02
    endloop
  endfacet
  facet normal 7.226137e-01 5.762652e-01 3.817695e-01
    outer loop
      vertex   1.390914e+02 1.695322e+02 2.027500e+02
      vertex   1.391280e+02 1.695661e+02 2.026294e+02
      vertex   1.389314e+02 1.697328e+02 2.027500e+02
    endloop
  endfacet
  facet normal 7.226137e-01 5.762652e-01 3.817695e-01
    outer loop
      vertex   1.389314e+02 1.697328e+02 2.027500e+02
      vertex   1.391280e+02 1.695661e+02 2.026294e+02
      vertex   1.389726e+02 1.697609e+02 2.026294e+02
    endloop
  endfacet
  facet normal 8.004305e-01 4.621288e-01 3.817695e-01
    outer loop
      vertex   1.389314e+02 1.697328e+02 2.027500e+02
      vertex   1.389726e+02 1.697609e+02 2.026294e+02
      vertex   1.388030e+02 1.699550e+02 2.027500e+02
    endloop
  endfacet
  facet normal 1.130677e-01 3.665566e-01 9.234999e-01
    outer loop
      vertex   1.396118e+02 1.688191e+02 2.029830e+02
      vertex   1.399272e+02 1.688476e+02 2.029330e+02
      vertex   1.396559e+02 1.689313e+02 2.029330e+02
    endloop
  endfacet
  facet normal 1.797518e-01 5.827409e-01 7.925291e-01
    outer loop
      vertex   1.396559e+02 1.689313e+02 2.029330e+02
      vertex   1.399272e+02 1.688476e+02 2.029330e+02
      vertex   1.399503e+02 1.689486e+02 2.028536e+02
    endloop
  endfacet
  facet normal 1.797518e-01 5.827409e-01 7.925291e-01
    outer loop
      vertex   1.396559e+02 1.689313e+02 2.029330e+02
      vertex   1.399503e+02 1.689486e+02 2.028536e+02
      vertex   1.396937e+02 1.690277e+02 2.028536e+02
    endloop
  endfacet
  facet normal 2.340874e-01 7.588926e-01 6.076884e-01
    outer loop
      vertex   1.396937e+02 1.690277e+02 2.028536e+02
      vertex   1.399503e+02 1.689486e+02 2.028536e+02
      vertex   1.399679e+02 1.690261e+02 2.027500e+02
    endloop
  endfacet
  facet normal 2.340874e-01 7.588926e-01 6.076884e-01
    outer loop
      vertex   1.396937e+02 1.690277e+02 2.028536e+02
      vertex   1.399679e+02 1.690261e+02 2.027500e+02
      vertex   1.397227e+02 1.691017e+02 2.027500e+02
    endloop
  endfacet
  facet normal 2.724297e-01 8.831954e-01 3.817695e-01
    outer loop
      vertex   1.397227e+02 1.691017e+02 2.027500e+02
      vertex   1.399679e+02 1.690261e+02 2.027500e+02
      vertex   1.399790e+02 1.690748e+02 2.026294e+02
    endloop
  endfacet
  facet normal 2.724297e-01 8.831954e-01 3.817695e-01
    outer loop
      vertex   1.397227e+02 1.691017e+02 2.027500e+02
      vertex   1.399790e+02 1.690748e+02 2.026294e+02
      vertex   1.397410e+02 1.691482e+02 2.026294e+02
    endloop
  endfacet
  facet normal 9.089106e-02 6.030228e-01 7.925291e-01
    outer loop
      vertex   1.399503e+02 1.689486e+02 2.028536e+02
      vertex   1.399272e+02 1.688476e+02 2.029330e+02
      vertex   1.402158e+02 1.689086e+02 2.028536e+02
    endloop
  endfacet
  facet normal 1.183657e-01 7.853053e-01 6.076884e-01
    outer loop
      vertex   1.399679e+02 1.690261e+02 2.027500e+02
      vertex   1.399503e+02 1.689486e+02 2.028536e+02
      vertex   1.402217e+02 1.689878e+02 2.027500e+02
    endloop
  endfacet
  facet normal 1.183657e-01 7.853053e-01 6.076884e-01
    outer loop
      vertex   1.402217e+02 1.689878e+02 2.027500e+02
      vertex   1.399503e+02 1.689486e+02 2.028536e+02
      vertex   1.402158e+02 1.689086e+02 2.028536e+02
    endloop
  endfacet
  facet normal -0.000000e+00 7.941756e-01 6.076884e-01
    outer loop
      vertex   1.402217e+02 1.689878e+02 2.027500e+02
      vertex   1.402158e+02 1.689086e+02 2.028536e+02
      vertex   1.404783e+02 1.689878e+02 2.027500e+02
    endloop
  endfacet
  facet normal 1.377534e-01 9.139344e-01 3.817695e-01
    outer loop
      vertex   1.399790e+02 1.690748e+02 2.026294e+02
      vertex   1.399679e+02 1.690261e+02 2.027500e+02
      vertex   1.402254e+02 1.690376e+02 2.026294e+02
    endloop
  endfacet
  facet normal 1.377534e-01 9.139344e-01 3.817695e-01
    outer loop
      vertex   1.402254e+02 1.690376e+02 2.026294e+02
      vertex   1.399679e+02 1.690261e+02 2.027500e+02
      vertex   1.402217e+02 1.689878e+02 2.027500e+02
    endloop
  endfacet
  facet normal -0.000000e+00 9.242576e-01 3.817695e-01
    outer loop
      vertex   1.402254e+02 1.690376e+02 2.026294e+02
      vertex   1.402217e+02 1.689878e+02 2.027500e+02
      vertex   1.404746e+02 1.690376e+02 2.026294e+02
    endloop
  endfacet
  facet normal 0.000000e+00 9.242576e-01 3.817695e-01
    outer loop
      vertex   1.404746e+02 1.690376e+02 2.026294e+02
      vertex   1.402217e+02 1.689878e+02 2.027500e+02
      vertex   1.404783e+02 1.689878e+02 2.027500e+02
    endloop
  endfacet
  facet normal -1.377534e-01 9.139344e-01 3.817695e-01
    outer loop
      vertex   1.404746e+02 1.690376e+02 2.026294e+02
      vertex   1.404783e+02 1.689878e+02 2.027500e+02
      vertex   1.407210e+02 1.690748e+02 2.026294e+02
    endloop
  endfacet
  facet normal -1.664373e-01 3.456106e-01 9.234999e-01
    outer loop
      vertex   1.410882e+02 1.688191e+02 2.029830e+02
      vertex   1.413603e+02 1.689501e+02 2.029830e+02
      vertex   1.413000e+02 1.690546e+02 2.029330e+02
    endloop
  endfacet
  facet normal -2.160889e-01 3.169442e-01 9.234999e-01
    outer loop
      vertex   1.413000e+02 1.690546e+02 2.029330e+02
      vertex   1.413603e+02 1.689501e+02 2.029830e+02
      vertex   1.415346e+02 1.692145e+02 2.029330e+02
    endloop
  endfacet
  facet normal -3.435318e-01 5.038686e-01 7.925291e-01
    outer loop
      vertex   1.413000e+02 1.690546e+02 2.029330e+02
      vertex   1.415346e+02 1.692145e+02 2.029330e+02
      vertex   1.414701e+02 1.692955e+02 2.028536e+02
    endloop
  endfacet
  facet normal -4.147926e-01 4.470401e-01 7.925291e-01
    outer loop
      vertex   1.414701e+02 1.692955e+02 2.028536e+02
      vertex   1.415346e+02 1.692145e+02 2.029330e+02
      vertex   1.416669e+02 1.694781e+02 2.028536e+02
    endloop
  endfacet
  facet normal -5.401766e-01 5.821719e-01 6.076884e-01
    outer loop
      vertex   1.414701e+02 1.692955e+02 2.028536e+02
      vertex   1.416669e+02 1.694781e+02 2.028536e+02
      vertex   1.416086e+02 1.695322e+02 2.027500e+02
    endloop
  endfacet
  facet normal -6.209115e-01 4.951604e-01 6.076884e-01
    outer loop
      vertex   1.416086e+02 1.695322e+02 2.027500e+02
      vertex   1.416669e+02 1.694781e+02 2.028536e+02
      vertex   1.417686e+02 1.697328e+02 2.027500e+02
    endloop
  endfacet
  facet normal -7.226137e-01 5.762652e-01 3.817695e-01
    outer loop
      vertex   1.416086e+02 1.695322e+02 2.027500e+02
      vertex   1.417686e+02 1.697328e+02 2.027500e+02
      vertex   1.417274e+02 1.697609e+02 2.026294e+02
    endloop
  endfacet
  facet normal -8.004305e-01 4.621288e-01 3.817695e-01
    outer loop
      vertex   1.417274e+02 1.697609e+02 2.026294e+02
      vertex   1.417686e+02 1.697328e+02 2.027500e+02
      vertex   1.418519e+02 1.699767e+02 2.026294e+02
    endloop
  endfacet
  facet normal -2.160889e-01 3.169442e-01 9.234999e-01
    outer loop
      vertex   1.413603e+02 1.689501e+02 2.029830e+02
      vertex   1.416098e+02 1.691202e+02 2.029830e+02
      vertex   1.415346e+02 1.692145e+02 2.029330e+02
    endloop
  endfacet
  facet normal -2.609134e-01 2.811978e-01 9.234999e-01
    outer loop
      vertex   1.415346e+02 1.692145e+02 2.029330e+02
      vertex   1.416098e+02 1.691202e+02 2.029830e+02
      vertex   1.417428e+02 1.694077e+02 2.029330e+02
    endloop
  endfacet
  facet normal -4.147926e-01 4.470401e-01 7.925291e-01
    outer loop
      vertex   1.415346e+02 1.692145e+02 2.029330e+02
      vertex   1.417428e+02 1.694077e+02 2.029330e+02
      vertex   1.416669e+02 1.694781e+02 2.028536e+02
    endloop
  endfacet
  facet normal -4.767875e-01 3.802254e-01 7.925291e-01
    outer loop
      vertex   1.416669e+02 1.694781e+02 2.028536e+02
      vertex   1.417428e+02 1.694077e+02 2.029330e+02
      vertex   1.418343e+02 1.696880e+02 2.028536e+02
    endloop
  endfacet
  facet normal -6.209115e-01 4.951604e-01 6.076884e-01
    outer loop
      vertex   1.416669e+02 1.694781e+02 2.028536e+02
      vertex   1.418343e+02 1.696880e+02 2.028536e+02
      vertex   1.417686e+02 1.697328e+02 2.027500e+02
    endloop
  endfacet
  facet normal -6.877762e-01 3.970878e-01 6.076884e-01
    outer loop
      vertex   1.417686e+02 1.697328e+02 2.027500e+02
      vertex   1.418343e+02 1.696880e+02 2.028536e+02
      vertex   1.418970e+02 1.699550e+02 2.027500e+02
    endloop
  endfacet
  facet normal -8.004305e-01 4.621288e-01 3.817695e-01
    outer loop
      vertex   1.417686e+02 1.697328e+02 2.027500e+02
      vertex   1.418970e+02 1.699550e+02 2.027500e+02
      vertex   1.418519e+02 1.699767e+02 2.026294e+02
    endloop
  endfacet
  facet normal -8.603671e-01 3.376692e-01 3.817695e-01
    outer loop
      vertex   1.418519e+02 1.699767e+02 2.026294e+02
      vertex   1.418970e+02 1.699550e+02 2.027500e+02
      vertex   1.419430e+02 1.702086e+02 2.026294e+02
    endloop
  endfacet
  facet normal -2.609134e-01 2.811978e-01 9.234999e-01
    outer loop
      vertex   1.416098e+02 1.691202e+02 2.029830e+02
      vertex   1.418312e+02 1.693256e+02 2.029830e+02
      vertex   1.417428e+02 1.694077e+02 2.029330e+02
    endloop
  endfacet
  facet normal -2.999096e-01 2.391699e-01 9.234999e-01
    outer loop
      vertex   1.417428e+02 1.694077e+02 2.029330e+02
      vertex   1.418312e+02 1.693256e+02 2.029830e+02
      vertex   1.419199e+02 1.696297e+02 2.029330e+02
    endloop
  endfacet
  facet normal -4.767875e-01 3.802254e-01 7.925291e-01
    outer loop
      vertex   1.417428e+02 1.694077e+02 2.029330e+02
      vertex   1.419199e+02 1.696297e+02 2.029330e+02
      vertex   1.418343e+02 1.696880e+02 2.028536e+02
    endloop
  endfacet
  facet normal -5.281319e-01 3.049171e-01 7.925291e-01
    outer loop
      vertex   1.418343e+02 1.696880e+02 2.028536e+02
      vertex   1.419199e+02 1.696297e+02 2.029330e+02
      vertex   1.419685e+02 1.699206e+02 2.028536e+02
    endloop
  endfacet
  facet normal -6.877762e-01 3.970878e-01 6.076884e-01
    outer loop
      vertex   1.418343e+02 1.696880e+02 2.028536e+02
      vertex   1.419685e+02 1.699206e+02 2.028536e+02
      vertex   1.418970e+02 1.699550e+02 2.027500e+02
    endloop
  endfacet
  facet normal -7.392772e-01 2.901449e-01 6.076884e-01
    outer loop
      vertex   1.418970e+02 1.699550e+02 2.027500e+02
      vertex   1.419685e+02 1.699206e+02 2.028536e+02
      vertex   1.419907e+02 1.701939e+02 2.027500e+02
    endloop
  endfacet
  facet normal -8.603671e-01 3.376692e-01 3.817695e-01
    outer loop
      vertex   1.418970e+02 1.699550e+02 2.027500e+02
      vertex   1.419907e+02 1.701939e+02 2.027500e+02
      vertex   1.419430e+02 1.702086e+02 2.026294e+02
    endloop
  endfacet
  facet normal -9.010845e-01 2.056667e-01 3.817695e-01
    outer loop
      vertex   1.419430e+02 1.702086e+02 2.026294e+02
      vertex   1.419907e+02 1.701939e+02 2.027500e+02
      vertex   1.419984e+02 1.704515e+02 2.026294e+02
    endloop
  endfacet
  facet normal -2.999096e-01 2.391699e-01 9.234999e-01
    outer loop
      vertex   1.418312e+02 1.693256e+02 2.029830e+02
      vertex   1.420195e+02 1.695618e+02 2.029830e+02
      vertex   1.419199e+02 1.696297e+02 2.029330e+02
    endloop
  endfacet
  facet normal -3.322063e-01 1.917994e-01 9.234999e-01
    outer loop
      vertex   1.419199e+02 1.696297e+02 2.029330e+02
      vertex   1.420195e+02 1.695618e+02 2.029830e+02
      vertex   1.420618e+02 1.698756e+02 2.029330e+02
    endloop
  endfacet
  facet normal -5.281319e-01 3.049171e-01 7.925291e-01
    outer loop
      vertex   1.419199e+02 1.696297e+02 2.029330e+02
      vertex   1.420618e+02 1.698756e+02 2.029330e+02
      vertex   1.419685e+02 1.699206e+02 2.028536e+02
    endloop
  endfacet
  facet normal -5.676786e-01 2.227974e-01 7.925291e-01
    outer loop
      vertex   1.419685e+02 1.699206e+02 2.028536e+02
      vertex   1.420618e+02 1.698756e+02 2.029330e+02
      vertex   1.420666e+02 1.701705e+02 2.028536e+02
    endloop
  endfacet
  facet normal -7.392772e-01 2.901449e-01 6.076884e-01
    outer loop
      vertex   1.419685e+02 1.699206e+02 2.028536e+02
      vertex   1.420666e+02 1.701705e+02 2.028536e+02
      vertex   1.419907e+02 1.701939e+02 2.027500e+02
    endloop
  endfacet
  facet normal -7.742639e-01 1.767207e-01 6.076884e-01
    outer loop
      vertex   1.419907e+02 1.701939e+02 2.027500e+02
      vertex   1.420666e+02 1.701705e+02 2.028536e+02
      vertex   1.420478e+02 1.704441e+02 2.027500e+02
    endloop
  endfacet
  facet normal -9.010845e-01 2.056667e-01 3.817695e-01
    outer loop
      vertex   1.419907e+02 1.701939e+02 2.027500e+02
      vertex   1.420478e+02 1.704441e+02 2.027500e+02
      vertex   1.419984e+02 1.704515e+02 2.026294e+02
    endloop
  endfacet
  facet normal -9.216731e-01 6.906985e-02 3.817695e-01
    outer loop
      vertex   1.419984e+02 1.704515e+02 2.026294e+02
      vertex   1.420478e+02 1.704441e+02 2.027500e+02
      vertex   1.420170e+02 1.707000e+02 2.026294e+02
    endloop
  endfacet
  facet normal -2.160889e-01 -3.169442e-01 9.234999e-01
    outer loop
      vertex   1.416098e+02 1.722798e+02 2.029830e+02
      vertex   1.413000e+02 1.723454e+02 2.029330e+02
      vertex   1.415346e+02 1.721855e+02 2.029330e+02
    endloop
  endfacet
  facet normal -3.435318e-01 -5.038686e-01 7.925291e-01
    outer loop
      vertex   1.415346e+02 1.721855e+02 2.029330e+02
      vertex   1.413000e+02 1.723454e+02 2.029330e+02
      vertex   1.412482e+02 1.722558e+02 2.028536e+02
    endloop
  endfacet
  facet normal -3.435318e-01 -5.038686e-01 7.925291e-01
    outer loop
      vertex   1.415346e+02 1.721855e+02 2.029330e+02
      vertex   1.412482e+02 1.722558e+02 2.028536e+02
      vertex   1.414701e+02 1.721045e+02 2.028536e+02
    endloop
  endfacet
  facet normal -4.473750e-01 -6.561787e-01 6.076884e-01
    outer loop
      vertex   1.414701e+02 1.721045e+02 2.028536e+02
      vertex   1.412482e+02 1.722558e+02 2.028536e+02
      vertex   1.412085e+02 1.721870e+02 2.027500e+02
    endloop
  endfacet
  facet normal -4.473750e-01 -6.561787e-01 6.076884e-01
    outer loop
      vertex   1.414701e+02 1.721045e+02 2.028536e+02
      vertex   1.412085e+02 1.721870e+02 2.027500e+02
      vertex   1.414205e+02 1.720424e+02 2.027500e+02
    endloop
  endfacet
  facet normal -5.206528e-01 -7.636574e-01 3.817695e-01
    outer loop
      vertex   1.414205e+02 1.720424e+02 2.027500e+02
      vertex   1.412085e+02 1.721870e+02 2.027500e+02
      vertex   1.411835e+02 1.721437e+02 2.026294e+02
    endloop
  endfacet
  facet normal -5.206528e-01 -7.636574e-01 3.817695e-01
    outer loop
      vertex   1.414205e+02 1.720424e+02 2.027500e+02
      vertex   1.411835e+02 1.721437e+02 2.026294e+02
      vertex   1.413894e+02 1.720033e+02 2.026294e+02
    endloop
  endfacet
  facet normal -2.645971e-01 -5.494416e-01 7.925291e-01
    outer loop
      vertex   1.413000e+02 1.723454e+02 2.029330e+02
      vertex   1.410063e+02 1.723723e+02 2.028536e+02
      vertex   1.412482e+02 1.722558e+02 2.028536e+02
    endloop
  endfacet
  facet normal -3.445799e-01 -7.155275e-01 6.076884e-01
    outer loop
      vertex   1.412482e+02 1.722558e+02 2.028536e+02
      vertex   1.410063e+02 1.723723e+02 2.028536e+02
      vertex   1.409773e+02 1.722983e+02 2.027500e+02
    endloop
  endfacet
  facet normal -3.445799e-01 -7.155275e-01 6.076884e-01
    outer loop
      vertex   1.412482e+02 1.722558e+02 2.028536e+02
      vertex   1.409773e+02 1.722983e+02 2.027500e+02
      vertex   1.412085e+02 1.721870e+02 2.027500e+02
    endloop
  endfacet
  facet normal -4.010203e-01 -8.327273e-01 3.817695e-01
    outer loop
      vertex   1.412085e+02 1.721870e+02 2.027500e+02
      vertex   1.409773e+02 1.722983e+02 2.027500e+02
      vertex   1.409590e+02 1.722518e+02 2.026294e+02
    endloop
  endfacet
  facet normal -4.010203e-01 -8.327273e-01 3.817695e-01
    outer loop
      vertex   1.412085e+02 1.721870e+02 2.027500e+02
      vertex   1.409590e+02 1.722518e+02 2.026294e+02
      vertex   1.411835e+02 1.721437e+02 2.026294e+02
    endloop
  endfacet
  facet normal -2.724297e-01 -8.831954e-01 3.817695e-01
    outer loop
      vertex   1.407210e+02 1.723252e+02 2.026294e+02
      vertex   1.409590e+02 1.722518e+02 2.026294e+02
      vertex   1.409773e+02 1.722983e+02 2.027500e+02
    endloop
  endfacet
  facet normal -2.724297e-01 -8.831954e-01 3.817695e-01
    outer loop
      vertex   1.407210e+02 1.723252e+02 2.026294e+02
      vertex   1.409773e+02 1.722983e+02 2.027500e+02
      vertex   1.407321e+02 1.723739e+02 2.027500e+02
    endloop
  endfacet
  facet normal -2.340874e-01 -7.588926e-01 6.076884e-01
    outer loop
      vertex   1.407321e+02 1.723739e+02 2.027500e+02
      vertex   1.409773e+02 1.722983e+02 2.027500e+02
      vertex   1.410063e+02 1.723723e+02 2.028536e+02
    endloop
  endfacet
  facet normal -1.377534e-01 -9.139344e-01 3.817695e-01
    outer loop
      vertex   1.407210e+02 1.723252e+02 2.026294e+02
      vertex   1.407321e+02 1.723739e+02 2.027500e+02
      vertex   1.404746e+02 1.723624e+02 2.026294e+02
    endloop
  endfacet
  facet normal 2.609134e-01 -2.811978e-01 9.234999e-01
    outer loop
      vertex   1.391654e+02 1.721855e+02 2.029330e+02
      vertex   1.390902e+02 1.722798e+02 2.029830e+02
      vertex   1.389572e+02 1.719923e+02 2.029330e+02
    endloop
  endfacet
  facet normal 2.609134e-01 -2.811978e-01 9.234999e-01
    outer loop
      vertex   1.389572e+02 1.719923e+02 2.029330e+02
      vertex   1.390902e+02 1.722798e+02 2.029830e+02
      vertex   1.388688e+02 1.720744e+02 2.029830e+02
    endloop
  endfacet
  facet normal 2.999096e-01 -2.391699e-01 9.234999e-01
    outer loop
      vertex   1.389572e+02 1.719923e+02 2.029330e+02
      vertex   1.388688e+02 1.720744e+02 2.029830e+02
      vertex   1.387801e+02 1.717703e+02 2.029330e+02
    endloop
  endfacet
  facet normal 2.999096e-01 -2.391699e-01 9.234999e-01
    outer loop
      vertex   1.387801e+02 1.717703e+02 2.029330e+02
      vertex   1.388688e+02 1.720744e+02 2.029830e+02
      vertex   1.386805e+02 1.718382e+02 2.029830e+02
    endloop
  endfacet
  facet normal 3.322063e-01 -1.917994e-01 9.234999e-01
    outer loop
      vertex   1.387801e+02 1.717703e+02 2.029330e+02
      vertex   1.386805e+02 1.718382e+02 2.029830e+02
      vertex   1.386382e+02 1.715244e+02 2.029330e+02
    endloop
  endfacet
  facet normal 3.322063e-01 -1.917994e-01 9.234999e-01
    outer loop
      vertex   1.386382e+02 1.715244e+02 2.029330e+02
      vertex   1.386805e+02 1.718382e+02 2.029830e+02
      vertex   1.385295e+02 1.715767e+02 2.029830e+02
    endloop
  endfacet
  facet normal 4.147926e-01 -4.470401e-01 7.925291e-01
    outer loop
      vertex   1.392299e+02 1.721045e+02 2.028536e+02
      vertex   1.391654e+02 1.721855e+02 2.029330e+02
      vertex   1.390331e+02 1.719219e+02 2.028536e+02
    endloop
  endfacet
  facet normal 4.147926e-01 -4.470401e-01 7.925291e-01
    outer loop
      vertex   1.390331e+02 1.719219e+02 2.028536e+02
      vertex   1.391654e+02 1.721855e+02 2.029330e+02
      vertex   1.389572e+02 1.719923e+02 2.029330e+02
    endloop
  endfacet
  facet normal 4.767875e-01 -3.802254e-01 7.925291e-01
    outer loop
      vertex   1.390331e+02 1.719219e+02 2.028536e+02
      vertex   1.389572e+02 1.719923e+02 2.029330e+02
      vertex   1.388657e+02 1.717120e+02 2.028536e+02
    endloop
  endfacet
  facet normal 4.767875e-01 -3.802254e-01 7.925291e-01
    outer loop
      vertex   1.388657e+02 1.717120e+02 2.028536e+02
      vertex   1.389572e+02 1.719923e+02 2.029330e+02
      vertex   1.387801e+02 1.717703e+02 2.029330e+02
    endloop
  endfacet
  facet normal 5.281319e-01 -3.049171e-01 7.925291e-01
    outer loop
      vertex   1.388657e+02 1.717120e+02 2.028536e+02
      vertex   1.387801e+02 1.717703e+02 2.029330e+02
      vertex   1.387315e+02 1.714794e+02 2.028536e+02
    endloop
  endfacet
  facet normal 5.281319e-01 -3.049171e-01 7.925291e-01
    outer loop
      vertex   1.387315e+02 1.714794e+02 2.028536e+02
      vertex   1.387801e+02 1.717703e+02 2.029330e+02
      vertex   1.386382e+02 1.715244e+02 2.029330e+02
    endloop
  endfacet
  facet normal 6.286548e-01 -6.775287e-01 3.817695e-01
    outer loop
      vertex   1.391280e+02 1.718339e+02 2.026294e+02
      vertex   1.393106e+02 1.720033e+02 2.026294e+02
      vertex   1.392795e+02 1.720424e+02 2.027500e+02
    endloop
  endfacet
  facet normal 5.401766e-01 -5.821719e-01 6.076884e-01
    outer loop
      vertex   1.392795e+02 1.720424e+02 2.027500e+02
      vertex   1.392299e+02 1.721045e+02 2.028536e+02
      vertex   1.390914e+02 1.718678e+02 2.027500e+02
    endloop
  endfacet
  facet normal 5.401766e-01 -5.821719e-01 6.076884e-01
    outer loop
      vertex   1.390914e+02 1.718678e+02 2.027500e+02
      vertex   1.392299e+02 1.721045e+02 2.028536e+02
      vertex   1.390331e+02 1.719219e+02 2.028536e+02
    endloop
  endfacet
  facet normal 6.209115e-01 -4.951604e-01 6.076884e-01
    outer loop
      vertex   1.390914e+02 1.718678e+02 2.027500e+02
      vertex   1.390331e+02 1.719219e+02 2.028536e+02
      vertex   1.389314e+02 1.716672e+02 2.027500e+02
    endloop
  endfacet
  facet normal 6.209115e-01 -4.951604e-01 6.076884e-01
    outer loop
      vertex   1.389314e+02 1.716672e+02 2.027500e+02
      vertex   1.390331e+02 1.719219e+02 2.028536e+02
      vertex   1.388657e+02 1.717120e+02 2.028536e+02
    endloop
  endfacet
  facet normal 6.877762e-01 -3.970878e-01 6.076884e-01
    outer loop
      vertex   1.389314e+02 1.716672e+02 2.027500e+02
      vertex   1.388657e+02 1.717120e+02 2.028536e+02
      vertex   1.388030e+02 1.714450e+02 2.027500e+02
    endloop
  endfacet
  facet normal 6.877762e-01 -3.970878e-01 6.076884e-01
    outer loop
      vertex   1.388030e+02 1.714450e+02 2.027500e+02
      vertex   1.388657e+02 1.717120e+02 2.028536e+02
      vertex   1.387315e+02 1.714794e+02 2.028536e+02
    endloop
  endfacet
  facet normal 7.226137e-01 -5.762652e-01 3.817695e-01
    outer loop
      vertex   1.389726e+02 1.716391e+02 2.026294e+02
      vertex   1.391280e+02 1.718339e+02 2.026294e+02
      vertex   1.390914e+02 1.718678e+02 2.027500e+02
    endloop
  endfacet
  facet normal 6.286548e-01 -6.775287e-01 3.817695e-01
    outer loop
      vertex   1.390914e+02 1.718678e+02 2.027500e+02
      vertex   1.391280e+02 1.718339e+02 2.026294e+02
      vertex   1.392795e+02 1.720424e+02 2.027500e+02
    endloop
  endfacet
  facet normal 7.226137e-01 -5.762652e-01 3.817695e-01
    outer loop
      vertex   1.389726e+02 1.716391e+02 2.026294e+02
      vertex   1.390914e+02 1.718678e+02 2.027500e+02
      vertex   1.389314e+02 1.716672e+02 2.027500e+02
    endloop
  endfacet
  facet normal 8.004305e-01 -4.621288e-01 3.817695e-01
    outer loop
      vertex   1.388481e+02 1.714233e+02 2.026294e+02
      vertex   1.389726e+02 1.716391e+02 2.026294e+02
      vertex   1.389314e+02 1.716672e+02 2.027500e+02
    endloop
  endfacet
  facet normal 8.004305e-01 -4.621288e-01 3.817695e-01
    outer loop
      vertex   1.388481e+02 1.714233e+02 2.026294e+02
      vertex   1.389314e+02 1.716672e+02 2.027500e+02
      vertex   1.388030e+02 1.714450e+02 2.027500e+02
    endloop
  endfacet
  facet normal 5.942913e-01 8.042499e-01 1.351125e-14
    outer loop
      vertex   1.392477e+02 1.694722e+02 1.975000e+02
      vertex   1.395000e+02 1.692858e+02 2.025000e+02
      vertex   1.395000e+02 1.692858e+02 1.975000e+02
    endloop
  endfacet
  facet normal 4.313464e-01 9.021864e-01 9.807682e-15
    outer loop
      vertex   1.395000e+02 1.692858e+02 1.975000e+02
      vertex   1.395000e+02 1.692858e+02 2.025000e+02
      vertex   1.397830e+02 1.691505e+02 2.025000e+02
    endloop
  endfacet
  facet normal 4.313464e-01 9.021864e-01 7.357306e-15
    outer loop
      vertex   1.395000e+02 1.692858e+02 1.975000e+02
      vertex   1.397830e+02 1.691505e+02 2.025000e+02
      vertex   1.397830e+02 1.691505e+02 1.975000e+02
    endloop
  endfacet
  facet normal 2.528115e-01 9.675155e-01 4.311202e-15
    outer loop
      vertex   1.397830e+02 1.691505e+02 1.975000e+02
      vertex   1.397830e+02 1.691505e+02 2.025000e+02
      vertex   1.400865e+02 1.690712e+02 2.025000e+02
    endloop
  endfacet
  facet normal 2.528115e-01 9.675155e-01 5.749140e-15
    outer loop
      vertex   1.397830e+02 1.691505e+02 1.975000e+02
      vertex   1.400865e+02 1.690712e+02 2.025000e+02
      vertex   1.400865e+02 1.690712e+02 1.975000e+02
    endloop
  endfacet
  facet normal 6.513938e-02 9.978762e-01 1.481098e-15
    outer loop
      vertex   1.400865e+02 1.690712e+02 1.975000e+02
      vertex   1.400865e+02 1.690712e+02 2.025000e+02
      vertex   1.403995e+02 1.690507e+02 2.025000e+02
    endloop
  endfacet
  facet normal 6.513938e-02 9.978762e-01 1.481526e-15
    outer loop
      vertex   1.400865e+02 1.690712e+02 1.975000e+02
      vertex   1.403995e+02 1.690507e+02 2.025000e+02
      vertex   1.403995e+02 1.690507e+02 1.975000e+02
    endloop
  endfacet
  facet normal -1.248871e-01 9.921710e-01 -2.839604e-15
    outer loop
      vertex   1.403995e+02 1.690507e+02 1.975000e+02
      vertex   1.403995e+02 1.690507e+02 2.025000e+02
      vertex   1.407107e+02 1.690899e+02 2.025000e+02
    endloop
  endfacet
  facet normal -1.248871e-01 9.921710e-01 -2.840283e-15
    outer loop
      vertex   1.403995e+02 1.690507e+02 1.975000e+02
      vertex   1.407107e+02 1.690899e+02 2.025000e+02
      vertex   1.407107e+02 1.690899e+02 1.975000e+02
    endloop
  endfacet
  facet normal -3.103998e-01 9.506061e-01 -7.057674e-15
    outer loop
      vertex   1.407107e+02 1.690899e+02 1.975000e+02
      vertex   1.407107e+02 1.690899e+02 2.025000e+02
      vertex   1.410089e+02 1.691873e+02 2.025000e+02
    endloop
  endfacet
  facet normal -3.103998e-01 9.506061e-01 -8.823901e-15
    outer loop
      vertex   1.407107e+02 1.690899e+02 1.975000e+02
      vertex   1.410089e+02 1.691873e+02 2.025000e+02
      vertex   1.410089e+02 1.691873e+02 1.975000e+02
    endloop
  endfacet
  facet normal -4.846939e-01 8.746839e-01 -1.377583e-14
    outer loop
      vertex   1.410089e+02 1.691873e+02 1.975000e+02
      vertex   1.410089e+02 1.691873e+02 2.025000e+02
      vertex   1.412833e+02 1.693393e+02 2.025000e+02
    endloop
  endfacet
  facet normal -4.846939e-01 8.746839e-01 -1.102047e-14
    outer loop
      vertex   1.410089e+02 1.691873e+02 1.975000e+02
      vertex   1.412833e+02 1.693393e+02 2.025000e+02
      vertex   1.412833e+02 1.693393e+02 1.975000e+02
    endloop
  endfacet
  facet normal -6.414698e-01 7.671483e-01 -1.458534e-14
    outer loop
      vertex   1.412833e+02 1.693393e+02 1.975000e+02
      vertex   1.412833e+02 1.693393e+02 2.025000e+02
      vertex   1.415240e+02 1.695405e+02 2.025000e+02
    endloop
  endfacet
  facet normal -6.414698e-01 7.671483e-01 -1.458631e-14
    outer loop
      vertex   1.412833e+02 1.693393e+02 1.975000e+02
      vertex   1.415240e+02 1.695405e+02 2.025000e+02
      vertex   1.415240e+02 1.695405e+02 1.975000e+02
    endloop
  endfacet
  facet normal -7.750614e-01 6.318859e-01 -1.762286e-14
    outer loop
      vertex   1.415240e+02 1.695405e+02 1.975000e+02
      vertex   1.415240e+02 1.695405e+02 2.025000e+02
      vertex   1.417222e+02 1.697837e+02 2.025000e+02
    endloop
  endfacet
  facet normal -7.750614e-01 6.318859e-01 -1.321484e-14
    outer loop
      vertex   1.415240e+02 1.695405e+02 1.975000e+02
      vertex   1.417222e+02 1.697837e+02 2.025000e+02
      vertex   1.417222e+02 1.697837e+02 1.975000e+02
    endloop
  endfacet
  facet normal -8.806402e-01 4.737856e-01 -1.501758e-14
    outer loop
      vertex   1.417222e+02 1.697837e+02 1.975000e+02
      vertex   1.417222e+02 1.697837e+02 2.025000e+02
      vertex   1.418708e+02 1.700599e+02 2.025000e+02
    endloop
  endfacet
  facet normal -8.806402e-01 4.737856e-01 -1.770974e-14
    outer loop
      vertex   1.417222e+02 1.697837e+02 1.975000e+02
      vertex   1.418708e+02 1.700599e+02 2.025000e+02
      vertex   1.418708e+02 1.700599e+02 1.975000e+02
    endloop
  endfacet
  facet normal -9.543904e-01 2.985614e-01 -1.797237e-14
    outer loop
      vertex   1.418708e+02 1.700599e+02 1.975000e+02
      vertex   1.418708e+02 1.700599e+02 2.025000e+02
      vertex   1.419644e+02 1.703593e+02 2.025000e+02
    endloop
  endfacet
  facet normal -9.543904e-01 2.985614e-01 -2.170029e-14
    outer loop
      vertex   1.418708e+02 1.700599e+02 1.975000e+02
      vertex   1.419644e+02 1.703593e+02 2.025000e+02
      vertex   1.419644e+02 1.703593e+02 1.975000e+02
    endloop
  endfacet
  facet normal -9.936465e-01 1.125465e-01 -2.259290e-14
    outer loop
      vertex   1.419644e+02 1.703593e+02 1.975000e+02
      vertex   1.419644e+02 1.703593e+02 2.025000e+02
      vertex   1.419997e+02 1.706710e+02 2.025000e+02
    endloop
  endfacet
  facet normal -9.936465e-01 1.125465e-01 -2.259286e-14
    outer loop
      vertex   1.419644e+02 1.703593e+02 1.975000e+02
      vertex   1.419997e+02 1.706710e+02 2.025000e+02
      vertex   1.419997e+02 1.706710e+02 1.975000e+02
    endloop
  endfacet
  facet normal -9.969895e-01 -7.753624e-02 -2.266892e-14
    outer loop
      vertex   1.419997e+02 1.706710e+02 1.975000e+02
      vertex   1.419997e+02 1.706710e+02 2.025000e+02
      vertex   1.419754e+02 1.709837e+02 2.025000e+02
    endloop
  endfacet
  facet normal -9.969895e-01 -7.753624e-02 -2.310937e-14
    outer loop
      vertex   1.419997e+02 1.706710e+02 1.975000e+02
      vertex   1.419754e+02 1.709837e+02 2.025000e+02
      vertex   1.419754e+02 1.709837e+02 1.975000e+02
    endloop
  endfacet
  facet normal -9.642988e-01 -2.648166e-01 -2.343092e-14
    outer loop
      vertex   1.419754e+02 1.709837e+02 1.975000e+02
      vertex   1.419754e+02 1.709837e+02 2.025000e+02
      vertex   1.418924e+02 1.712862e+02 2.025000e+02
    endloop
  endfacet
  facet normal -9.642988e-01 -2.648166e-01 -2.192371e-14
    outer loop
      vertex   1.419754e+02 1.709837e+02 1.975000e+02
      vertex   1.418924e+02 1.712862e+02 2.025000e+02
      vertex   1.418924e+02 1.712862e+02 1.975000e+02
    endloop
  endfacet
  facet normal -8.967558e-01 -4.425257e-01 -2.038987e-14
    outer loop
      vertex   1.418924e+02 1.712862e+02 1.975000e+02
      vertex   1.418924e+02 1.712862e+02 2.025000e+02
      vertex   1.417535e+02 1.715675e+02 2.025000e+02
    endloop
  endfacet
  facet normal -8.967558e-01 -4.425257e-01 -2.039075e-14
    outer loop
      vertex   1.418924e+02 1.712862e+02 1.975000e+02
      vertex   1.417535e+02 1.715675e+02 2.025000e+02
      vertex   1.417535e+02 1.715675e+02 1.975000e+02
    endloop
  endfacet
  facet normal -7.968017e-01 -6.042409e-01 -1.811717e-14
    outer loop
      vertex   1.417535e+02 1.715675e+02 1.975000e+02
      vertex   1.417535e+02 1.715675e+02 2.025000e+02
      vertex   1.415640e+02 1.718175e+02 2.025000e+02
    endloop
  endfacet
  facet normal -7.968017e-01 -6.042409e-01 -1.359089e-14
    outer loop
      vertex   1.417535e+02 1.715675e+02 1.975000e+02
      vertex   1.415640e+02 1.718175e+02 2.025000e+02
      vertex   1.415640e+02 1.718175e+02 1.975000e+02
    endloop
  endfacet
  facet normal -6.680491e-01 -7.441172e-01 -1.139226e-14
    outer loop
      vertex   1.415640e+02 1.718175e+02 1.975000e+02
      vertex   1.415640e+02 1.718175e+02 2.025000e+02
      vertex   1.413306e+02 1.720270e+02 2.025000e+02
    endloop
  endfacet
  facet normal -6.680491e-01 -7.441172e-01 -7.162645e-15
    outer loop
      vertex   1.415640e+02 1.718175e+02 1.975000e+02
      vertex   1.413306e+02 1.720270e+02 2.025000e+02
      vertex   1.413306e+02 1.720270e+02 1.975000e+02
    endloop
  endfacet
  facet normal -5.151515e-01 -8.570991e-01 -3.912848e-15
    outer loop
      vertex   1.413306e+02 1.720270e+02 1.975000e+02
      vertex   1.413306e+02 1.720270e+02 2.025000e+02
      vertex   1.410617e+02 1.721886e+02 2.025000e+02
    endloop
  endfacet
  facet normal -5.151515e-01 -8.570991e-01 -3.915343e-15
    outer loop
      vertex   1.413306e+02 1.720270e+02 1.975000e+02
      vertex   1.410617e+02 1.721886e+02 2.025000e+02
      vertex   1.410617e+02 1.721886e+02 1.975000e+02
    endloop
  endfacet
  facet normal -3.436350e-01 -9.391033e-01 -5.218319e-16
    outer loop
      vertex   1.410617e+02 1.721886e+02 1.975000e+02
      vertex   1.410617e+02 1.721886e+02 2.025000e+02
      vertex   1.407671e+02 1.722964e+02 2.025000e+02
    endloop
  endfacet
  facet normal -3.436350e-01 -9.391033e-01 -5.861955e-15
    outer loop
      vertex   1.410617e+02 1.721886e+02 1.975000e+02
      vertex   1.407671e+02 1.722964e+02 2.025000e+02
      vertex   1.407671e+02 1.722964e+02 1.975000e+02
    endloop
  endfacet
  facet normal -1.596986e-01 -9.871658e-01 -2.723344e-15
    outer loop
      vertex   1.407671e+02 1.722964e+02 1.975000e+02
      vertex   1.407671e+02 1.722964e+02 2.025000e+02
      vertex   1.404575e+02 1.723465e+02 2.025000e+02
    endloop
  endfacet
  facet normal -1.596986e-01 -9.871658e-01 -3.631094e-15
    outer loop
      vertex   1.407671e+02 1.722964e+02 1.975000e+02
      vertex   1.404575e+02 1.723465e+02 2.025000e+02
      vertex   1.404575e+02 1.723465e+02 1.975000e+02
    endloop
  endfacet
  facet normal 3.000974e-02 -9.995496e-01 6.823425e-16
    outer loop
      vertex   1.404575e+02 1.723465e+02 1.975000e+02
      vertex   1.404575e+02 1.723465e+02 2.025000e+02
      vertex   1.401439e+02 1.723371e+02 2.025000e+02
    endloop
  endfacet
  facet normal 3.000974e-02 -9.995496e-01 -1.068120e-14
    outer loop
      vertex   1.404575e+02 1.723465e+02 1.975000e+02
      vertex   1.401439e+02 1.723371e+02 2.025000e+02
      vertex   1.401439e+02 1.723371e+02 1.975000e+02
    endloop
  endfacet
  facet normal 2.186334e-01 -9.758071e-01 -6.122493e-15
    outer loop
      vertex   1.401439e+02 1.723371e+02 1.975000e+02
      vertex   1.401439e+02 1.723371e+02 2.025000e+02
      vertex   1.398378e+02 1.722685e+02 2.025000e+02
    endloop
  endfacet
  facet normal 2.186334e-01 -9.758071e-01 9.275161e-15
    outer loop
      vertex   1.401439e+02 1.723371e+02 1.975000e+02
      vertex   1.398378e+02 1.722685e+02 2.025000e+02
      vertex   1.398378e+02 1.722685e+02 1.975000e+02
    endloop
  endfacet
  facet normal 3.993551e-01 -9.167963e-01 1.202160e-14
    outer loop
      vertex   1.398378e+02 1.722685e+02 1.975000e+02
      vertex   1.398378e+02 1.722685e+02 2.025000e+02
      vertex   1.395503e+02 1.721432e+02 2.025000e+02
    endloop
  endfacet
  facet normal 3.993551e-01 -9.167963e-01 9.082711e-15
    outer loop
      vertex   1.398378e+02 1.722685e+02 1.975000e+02
      vertex   1.395503e+02 1.721432e+02 2.025000e+02
      vertex   1.395503e+02 1.721432e+02 1.975000e+02
    endloop
  endfacet
  facet normal 5.656431e-01 -8.246501e-01 1.286124e-14
    outer loop
      vertex   1.395503e+02 1.721432e+02 1.975000e+02
      vertex   1.395503e+02 1.721432e+02 2.025000e+02
      vertex   1.392916e+02 1.719658e+02 2.025000e+02
    endloop
  endfacet
  facet normal 5.656431e-01 -8.246501e-01 1.286533e-14
    outer loop
      vertex   1.395503e+02 1.721432e+02 1.975000e+02
      vertex   1.392916e+02 1.719658e+02 2.025000e+02
      vertex   1.392916e+02 1.719658e+02 1.975000e+02
    endloop
  endfacet
  facet normal 7.114873e-01 -7.026990e-01 1.617735e-14
    outer loop
      vertex   1.392916e+02 1.719658e+02 1.975000e+02
      vertex   1.392916e+02 1.719658e+02 2.025000e+02
      vertex   1.390711e+02 1.717426e+02 2.025000e+02
    endloop
  endfacet
  facet normal 7.114873e-01 -7.026990e-01 1.218402e-14
    outer loop
      vertex   1.392916e+02 1.719658e+02 1.975000e+02
      vertex   1.390711e+02 1.717426e+02 2.025000e+02
      vertex   1.390711e+02 1.717426e+02 1.975000e+02
    endloop
  endfacet
  facet normal 8.316164e-01 -5.553504e-01 1.575197e-14
    outer loop
      vertex   1.390711e+02 1.717426e+02 1.975000e+02
      vertex   1.390711e+02 1.717426e+02 2.025000e+02
      vertex   1.388969e+02 1.714817e+02 2.025000e+02
    endloop
  endfacet
  facet normal 8.316164e-01 -5.553504e-01 1.890867e-14
    outer loop
      vertex   1.390711e+02 1.717426e+02 1.975000e+02
      vertex   1.388969e+02 1.714817e+02 2.025000e+02
      vertex   1.388969e+02 1.714817e+02 1.975000e+02
    endloop
  endfacet
  facet normal 9.216888e-01 -3.879301e-01 2.095678e-14
    outer loop
      vertex   1.388969e+02 1.714817e+02 1.975000e+02
      vertex   1.388969e+02 1.714817e+02 2.025000e+02
      vertex   1.387753e+02 1.711926e+02 2.025000e+02
    endloop
  endfacet
  facet normal 9.216888e-01 -3.879301e-01 1.571446e-14
    outer loop
      vertex   1.388969e+02 1.714817e+02 1.975000e+02
      vertex   1.387753e+02 1.711926e+02 2.025000e+02
      vertex   1.387753e+02 1.711926e+02 1.975000e+02
    endloop
  endfacet
  facet normal 9.784489e-01 -2.064889e-01 1.668551e-14
    outer loop
      vertex   1.387753e+02 1.711926e+02 1.975000e+02
      vertex   1.387753e+02 1.711926e+02 2.025000e+02
      vertex   1.387105e+02 1.708857e+02 2.025000e+02
    endloop
  endfacet
  facet normal 9.784489e-01 -2.064889e-01 2.224667e-14
    outer loop
      vertex   1.387753e+02 1.711926e+02 1.975000e+02
      vertex   1.387105e+02 1.708857e+02 2.025000e+02
      vertex   1.387105e+02 1.708857e+02 1.975000e+02
    endloop
  endfacet
  facet normal 9.998454e-01 -1.758473e-02 2.273385e-14
    outer loop
      vertex   1.387105e+02 1.708857e+02 1.975000e+02
      vertex   1.387105e+02 1.708857e+02 2.025000e+02
      vertex   1.387050e+02 1.705721e+02 2.025000e+02
    endloop
  endfacet
  facet normal 9.998454e-01 -1.758473e-02 2.273388e-14
    outer loop
      vertex   1.387105e+02 1.708857e+02 1.975000e+02
      vertex   1.387050e+02 1.705721e+02 2.025000e+02
      vertex   1.387050e+02 1.705721e+02 1.975000e+02
    endloop
  endfacet
  facet normal 9.851048e-01 1.719550e-01 2.239869e-14
    outer loop
      vertex   1.387050e+02 1.705721e+02 1.975000e+02
      vertex   1.387050e+02 1.705721e+02 2.025000e+02
      vertex   1.387589e+02 1.702631e+02 2.025000e+02
    endloop
  endfacet
  facet normal 9.851048e-01 1.719550e-01 2.239930e-14
    outer loop
      vertex   1.387050e+02 1.705721e+02 1.975000e+02
      vertex   1.387589e+02 1.702631e+02 2.025000e+02
      vertex   1.387589e+02 1.702631e+02 1.975000e+02
    endloop
  endfacet
  facet normal 9.347600e-01 3.552799e-01 2.125398e-14
    outer loop
      vertex   1.387589e+02 1.702631e+02 1.975000e+02
      vertex   1.387589e+02 1.702631e+02 2.025000e+02
      vertex   1.388704e+02 1.699698e+02 2.025000e+02
    endloop
  endfacet
  facet normal 9.347600e-01 3.552799e-01 2.125346e-14
    outer loop
      vertex   1.387589e+02 1.702631e+02 1.975000e+02
      vertex   1.388704e+02 1.699698e+02 2.025000e+02
      vertex   1.388704e+02 1.699698e+02 1.975000e+02
    endloop
  endfacet
  facet normal 8.506305e-01 5.257640e-01 1.934110e-14
    outer loop
      vertex   1.388704e+02 1.699698e+02 1.975000e+02
      vertex   1.388704e+02 1.699698e+02 2.025000e+02
      vertex   1.390353e+02 1.697030e+02 2.025000e+02
    endloop
  endfacet
  facet normal 8.506305e-01 5.257640e-01 1.934224e-14
    outer loop
      vertex   1.388704e+02 1.699698e+02 1.975000e+02
      vertex   1.390353e+02 1.697030e+02 2.025000e+02
      vertex   1.390353e+02 1.697030e+02 1.975000e+02
    endloop
  endfacet
  facet normal 7.357570e-01 6.772456e-01 1.672918e-14
    outer loop
      vertex   1.390353e+02 1.697030e+02 1.975000e+02
      vertex   1.390353e+02 1.697030e+02 2.025000e+02
      vertex   1.392477e+02 1.694722e+02 2.025000e+02
    endloop
  endfacet
  facet normal 7.357570e-01 6.772456e-01 1.254679e-14
    outer loop
      vertex   1.390353e+02 1.697030e+02 1.975000e+02
      vertex   1.392477e+02 1.694722e+02 2.025000e+02
      vertex   1.392477e+02 1.694722e+02 1.975000e+02
    endloop
  endfacet
  facet normal 5.942913e-01 8.042499e-01 1.013447e-14
    outer loop
      vertex   1.392477e+02 1.694722e+02 1.975000e+02
      vertex   1.392477e+02 1.694722e+02 2.025000e+02
      vertex   1.395000e+02 1.692858e+02 2.025000e+02
    endloop
  endfacet
  facet normal 4.261901e-01 8.914016e-01 -1.541594e-01
    outer loop
      vertex   1.397830e+02 1.691505e+02 1.975000e+02
      vertex   1.397410e+02 1.691482e+02 1.973706e+02
      vertex   1.395000e+02 1.692858e+02 1.975000e+02
    endloop
  endfacet
  facet normal 4.290831e-01 8.910001e-01 -1.483458e-01
    outer loop
      vertex   1.395000e+02 1.692858e+02 1.975000e+02
      vertex   1.397410e+02 1.691482e+02 1.973706e+02
      vertex   1.395165e+02 1.692563e+02 1.973706e+02
    endloop
  endfacet
  facet normal 5.595361e-01 8.206887e-01 -1.157126e-01
    outer loop
      vertex   1.395000e+02 1.692858e+02 1.975000e+02
      vertex   1.395165e+02 1.692563e+02 1.973706e+02
      vertex   1.393106e+02 1.693967e+02 1.973706e+02
    endloop
  endfacet
  facet normal 5.206528e-01 7.636574e-01 -3.817695e-01
    outer loop
      vertex   1.393106e+02 1.693967e+02 1.973706e+02
      vertex   1.395165e+02 1.692563e+02 1.973706e+02
      vertex   1.394915e+02 1.692130e+02 1.972500e+02
    endloop
  endfacet
  facet normal 5.206528e-01 7.636574e-01 -3.817695e-01
    outer loop
      vertex   1.393106e+02 1.693967e+02 1.973706e+02
      vertex   1.394915e+02 1.692130e+02 1.972500e+02
      vertex   1.392795e+02 1.693576e+02 1.972500e+02
    endloop
  endfacet
  facet normal 4.473750e-01 6.561787e-01 -6.076884e-01
    outer loop
      vertex   1.392795e+02 1.693576e+02 1.972500e+02
      vertex   1.394915e+02 1.692130e+02 1.972500e+02
      vertex   1.394518e+02 1.691442e+02 1.971464e+02
    endloop
  endfacet
  facet normal 4.473750e-01 6.561787e-01 -6.076884e-01
    outer loop
      vertex   1.392795e+02 1.693576e+02 1.972500e+02
      vertex   1.394518e+02 1.691442e+02 1.971464e+02
      vertex   1.392299e+02 1.692955e+02 1.971464e+02
    endloop
  endfacet
  facet normal 3.435318e-01 5.038686e-01 -7.925291e-01
    outer loop
      vertex   1.392299e+02 1.692955e+02 1.971464e+02
      vertex   1.394518e+02 1.691442e+02 1.971464e+02
      vertex   1.394000e+02 1.690546e+02 1.970670e+02
    endloop
  endfacet
  facet normal 3.435318e-01 5.038686e-01 -7.925291e-01
    outer loop
      vertex   1.392299e+02 1.692955e+02 1.971464e+02
      vertex   1.394000e+02 1.690546e+02 1.970670e+02
      vertex   1.391654e+02 1.692145e+02 1.970670e+02
    endloop
  endfacet
  facet normal 2.160889e-01 3.169442e-01 -9.234999e-01
    outer loop
      vertex   1.391654e+02 1.692145e+02 1.970670e+02
      vertex   1.394000e+02 1.690546e+02 1.970670e+02
      vertex   1.393397e+02 1.689501e+02 1.970170e+02
    endloop
  endfacet
  facet normal 2.160889e-01 3.169442e-01 -9.234999e-01
    outer loop
      vertex   1.391654e+02 1.692145e+02 1.970670e+02
      vertex   1.393397e+02 1.689501e+02 1.970170e+02
      vertex   1.390902e+02 1.691202e+02 1.970170e+02
    endloop
  endfacet
  facet normal 7.235613e-02 1.061270e-01 -9.917165e-01
    outer loop
      vertex   1.390902e+02 1.691202e+02 1.970170e+02
      vertex   1.393397e+02 1.689501e+02 1.970170e+02
      vertex   1.392424e+02 1.688572e+02 1.970000e+02
    endloop
  endfacet
  facet normal 7.918640e-02 1.100194e-01 -9.907700e-01
    outer loop
      vertex   1.390902e+02 1.691202e+02 1.970170e+02
      vertex   1.392424e+02 1.688572e+02 1.970000e+02
      vertex   1.389542e+02 1.690647e+02 1.970000e+02
    endloop
  endfacet
  facet normal 2.929044e-01 9.495728e-01 -1.118861e-01
    outer loop
      vertex   1.397410e+02 1.691482e+02 1.973706e+02
      vertex   1.397830e+02 1.691505e+02 1.975000e+02
      vertex   1.399790e+02 1.690748e+02 1.973706e+02
    endloop
  endfacet
  facet normal 2.486764e-01 9.516901e-01 -1.801276e-01
    outer loop
      vertex   1.399790e+02 1.690748e+02 1.973706e+02
      vertex   1.397830e+02 1.691505e+02 1.975000e+02
      vertex   1.400865e+02 1.690712e+02 1.975000e+02
    endloop
  endfacet
  facet normal 1.483549e-01 9.842705e-01 -9.592932e-02
    outer loop
      vertex   1.399790e+02 1.690748e+02 1.973706e+02
      vertex   1.400865e+02 1.690712e+02 1.975000e+02
      vertex   1.402254e+02 1.690376e+02 1.973706e+02
    endloop
  endfacet
  facet normal 6.400866e-02 9.805547e-01 -1.855140e-01
    outer loop
      vertex   1.402254e+02 1.690376e+02 1.973706e+02
      vertex   1.400865e+02 1.690712e+02 1.975000e+02
      vertex   1.403995e+02 1.690507e+02 1.975000e+02
    endloop
  endfacet
  facet normal 0.000000e+00 9.949008e-01 -1.008579e-01
    outer loop
      vertex   1.402254e+02 1.690376e+02 1.973706e+02
      vertex   1.403995e+02 1.690507e+02 1.975000e+02
      vertex   1.404746e+02 1.690376e+02 1.973706e+02
    endloop
  endfacet
  facet normal -1.230587e-01 9.776456e-01 -1.704867e-01
    outer loop
      vertex   1.404746e+02 1.690376e+02 1.973706e+02
      vertex   1.403995e+02 1.690507e+02 1.975000e+02
      vertex   1.407107e+02 1.690899e+02 1.975000e+02
    endloop
  endfacet
  facet normal -1.478438e-01 9.808794e-01 -1.265618e-01
    outer loop
      vertex   1.404746e+02 1.690376e+02 1.973706e+02
      vertex   1.407107e+02 1.690899e+02 1.975000e+02
      vertex   1.407210e+02 1.690748e+02 1.973706e+02
    endloop
  endfacet
  facet normal -2.920983e-01 9.469594e-01 -1.339645e-01
    outer loop
      vertex   1.407210e+02 1.690748e+02 1.973706e+02
      vertex   1.407107e+02 1.690899e+02 1.975000e+02
      vertex   1.409590e+02 1.691482e+02 1.973706e+02
    endloop
  endfacet
  facet normal -2.724297e-01 8.831954e-01 -3.817695e-01
    outer loop
      vertex   1.407210e+02 1.690748e+02 1.973706e+02
      vertex   1.409590e+02 1.691482e+02 1.973706e+02
      vertex   1.409773e+02 1.691017e+02 1.972500e+02
    endloop
  endfacet
  facet normal -4.010203e-01 8.327273e-01 -3.817695e-01
    outer loop
      vertex   1.409773e+02 1.691017e+02 1.972500e+02
      vertex   1.409590e+02 1.691482e+02 1.973706e+02
      vertex   1.412085e+02 1.692130e+02 1.972500e+02
    endloop
  endfacet
  facet normal -3.445799e-01 7.155275e-01 -6.076884e-01
    outer loop
      vertex   1.409773e+02 1.691017e+02 1.972500e+02
      vertex   1.412085e+02 1.692130e+02 1.972500e+02
      vertex   1.412482e+02 1.691442e+02 1.971464e+02
    endloop
  endfacet
  facet normal -4.473750e-01 6.561787e-01 -6.076884e-01
    outer loop
      vertex   1.412482e+02 1.691442e+02 1.971464e+02
      vertex   1.412085e+02 1.692130e+02 1.972500e+02
      vertex   1.414701e+02 1.692955e+02 1.971464e+02
    endloop
  endfacet
  facet normal -3.435318e-01 5.038686e-01 -7.925291e-01
    outer loop
      vertex   1.412482e+02 1.691442e+02 1.971464e+02
      vertex   1.414701e+02 1.692955e+02 1.971464e+02
      vertex   1.415346e+02 1.692145e+02 1.970670e+02
    endloop
  endfacet
  facet normal -4.147926e-01 4.470401e-01 -7.925291e-01
    outer loop
      vertex   1.415346e+02 1.692145e+02 1.970670e+02
      vertex   1.414701e+02 1.692955e+02 1.971464e+02
      vertex   1.417428e+02 1.694077e+02 1.970670e+02
    endloop
  endfacet
  facet normal -2.609134e-01 2.811978e-01 -9.234999e-01
    outer loop
      vertex   1.415346e+02 1.692145e+02 1.970670e+02
      vertex   1.417428e+02 1.694077e+02 1.970670e+02
      vertex   1.418312e+02 1.693256e+02 1.970170e+02
    endloop
  endfacet
  facet normal -2.999096e-01 2.391699e-01 -9.234999e-01
    outer loop
      vertex   1.418312e+02 1.693256e+02 1.970170e+02
      vertex   1.417428e+02 1.694077e+02 1.970670e+02
      vertex   1.420195e+02 1.695618e+02 1.970170e+02
    endloop
  endfacet
  facet normal -9.975066e-02 7.954850e-02 -9.918275e-01
    outer loop
      vertex   1.418312e+02 1.693256e+02 1.970170e+02
      vertex   1.420195e+02 1.695618e+02 1.970170e+02
      vertex   1.420950e+02 1.694440e+02 1.970000e+02
    endloop
  endfacet
  facet normal -1.154120e-01 6.936731e-02 -9.908927e-01
    outer loop
      vertex   1.420950e+02 1.694440e+02 1.970000e+02
      vertex   1.420195e+02 1.695618e+02 1.970170e+02
      vertex   1.422779e+02 1.697484e+02 1.970000e+02
    endloop
  endfacet
  facet normal -1.121045e-01 6.472354e-02 -9.915863e-01
    outer loop
      vertex   1.422779e+02 1.697484e+02 1.970000e+02
      vertex   1.420195e+02 1.695618e+02 1.970170e+02
      vertex   1.421705e+02 1.698233e+02 1.970170e+02
    endloop
  endfacet
  facet normal -1.232574e-01 4.863663e-02 -9.911822e-01
    outer loop
      vertex   1.422779e+02 1.697484e+02 1.970000e+02
      vertex   1.421705e+02 1.698233e+02 1.970170e+02
      vertex   1.424083e+02 1.700787e+02 1.970000e+02
    endloop
  endfacet
  facet normal -1.227815e-01 4.818820e-02 -9.912631e-01
    outer loop
      vertex   1.424083e+02 1.700787e+02 1.970000e+02
      vertex   1.421705e+02 1.698233e+02 1.970170e+02
      vertex   1.422808e+02 1.701044e+02 1.970170e+02
    endloop
  endfacet
  facet normal -1.267062e-01 2.891986e-02 -9.915186e-01
    outer loop
      vertex   1.424083e+02 1.700787e+02 1.970000e+02
      vertex   1.422808e+02 1.701044e+02 1.970170e+02
      vertex   1.423480e+02 1.703988e+02 1.970170e+02
    endloop
  endfacet
  facet normal -3.739812e-01 8.535876e-02 -9.234999e-01
    outer loop
      vertex   1.423480e+02 1.703988e+02 1.970170e+02
      vertex   1.422808e+02 1.701044e+02 1.970170e+02
      vertex   1.421656e+02 1.701400e+02 1.970670e+02
    endloop
  endfacet
  facet normal -3.739812e-01 8.535876e-02 -9.234999e-01
    outer loop
      vertex   1.423480e+02 1.703988e+02 1.970170e+02
      vertex   1.421656e+02 1.701400e+02 1.970670e+02
      vertex   1.422288e+02 1.704168e+02 1.970670e+02
    endloop
  endfacet
  facet normal -5.945443e-01 1.357009e-01 -7.925291e-01
    outer loop
      vertex   1.422288e+02 1.704168e+02 1.970670e+02
      vertex   1.421656e+02 1.701400e+02 1.970670e+02
      vertex   1.420666e+02 1.701705e+02 1.971464e+02
    endloop
  endfacet
  facet normal -5.945443e-01 1.357009e-01 -7.925291e-01
    outer loop
      vertex   1.422288e+02 1.704168e+02 1.970670e+02
      vertex   1.420666e+02 1.701705e+02 1.971464e+02
      vertex   1.421264e+02 1.704323e+02 1.971464e+02
    endloop
  endfacet
  facet normal -7.742639e-01 1.767207e-01 -6.076884e-01
    outer loop
      vertex   1.421264e+02 1.704323e+02 1.971464e+02
      vertex   1.420666e+02 1.701705e+02 1.971464e+02
      vertex   1.419907e+02 1.701939e+02 1.972500e+02
    endloop
  endfacet
  facet normal -7.742639e-01 1.767207e-01 -6.076884e-01
    outer loop
      vertex   1.421264e+02 1.704323e+02 1.971464e+02
      vertex   1.419907e+02 1.701939e+02 1.972500e+02
      vertex   1.420478e+02 1.704441e+02 1.972500e+02
    endloop
  endfacet
  facet normal -9.010845e-01 2.056667e-01 -3.817695e-01
    outer loop
      vertex   1.420478e+02 1.704441e+02 1.972500e+02
      vertex   1.419907e+02 1.701939e+02 1.972500e+02
      vertex   1.419430e+02 1.702086e+02 1.973706e+02
    endloop
  endfacet
  facet normal -9.010845e-01 2.056667e-01 -3.817695e-01
    outer loop
      vertex   1.420478e+02 1.704441e+02 1.972500e+02
      vertex   1.419430e+02 1.702086e+02 1.973706e+02
      vertex   1.419984e+02 1.704515e+02 1.973706e+02
    endloop
  endfacet
  facet normal -9.703408e-01 2.214740e-01 -9.689173e-02
    outer loop
      vertex   1.419984e+02 1.704515e+02 1.973706e+02
      vertex   1.419430e+02 1.702086e+02 1.973706e+02
      vertex   1.419644e+02 1.703593e+02 1.975000e+02
    endloop
  endfacet
  facet normal -9.778179e-01 1.107536e-01 -1.777803e-01
    outer loop
      vertex   1.419984e+02 1.704515e+02 1.973706e+02
      vertex   1.419644e+02 1.703593e+02 1.975000e+02
      vertex   1.419997e+02 1.706710e+02 1.975000e+02
    endloop
  endfacet
  facet normal -3.061382e-01 9.375548e-01 -1.651376e-01
    outer loop
      vertex   1.407107e+02 1.690899e+02 1.975000e+02
      vertex   1.410089e+02 1.691873e+02 1.975000e+02
      vertex   1.409590e+02 1.691482e+02 1.973706e+02
    endloop
  endfacet
  facet normal -4.315192e-01 8.960588e-01 -1.042584e-01
    outer loop
      vertex   1.409590e+02 1.691482e+02 1.973706e+02
      vertex   1.410089e+02 1.691873e+02 1.975000e+02
      vertex   1.411835e+02 1.692563e+02 1.973706e+02
    endloop
  endfacet
  facet normal -4.010203e-01 8.327273e-01 -3.817695e-01
    outer loop
      vertex   1.409590e+02 1.691482e+02 1.973706e+02
      vertex   1.411835e+02 1.692563e+02 1.973706e+02
      vertex   1.412085e+02 1.692130e+02 1.972500e+02
    endloop
  endfacet
  facet normal -5.206528e-01 7.636574e-01 -3.817695e-01
    outer loop
      vertex   1.412085e+02 1.692130e+02 1.972500e+02
      vertex   1.411835e+02 1.692563e+02 1.973706e+02
      vertex   1.414205e+02 1.693576e+02 1.972500e+02
    endloop
  endfacet
  facet normal -4.473750e-01 6.561787e-01 -6.076884e-01
    outer loop
      vertex   1.412085e+02 1.692130e+02 1.972500e+02
      vertex   1.414205e+02 1.693576e+02 1.972500e+02
      vertex   1.414701e+02 1.692955e+02 1.971464e+02
    endloop
  endfacet
  facet normal -5.401766e-01 5.821719e-01 -6.076884e-01
    outer loop
      vertex   1.414701e+02 1.692955e+02 1.971464e+02
      vertex   1.414205e+02 1.693576e+02 1.972500e+02
      vertex   1.416669e+02 1.694781e+02 1.971464e+02
    endloop
  endfacet
  facet normal -4.147926e-01 4.470401e-01 -7.925291e-01
    outer loop
      vertex   1.414701e+02 1.692955e+02 1.971464e+02
      vertex   1.416669e+02 1.694781e+02 1.971464e+02
      vertex   1.417428e+02 1.694077e+02 1.970670e+02
    endloop
  endfacet
  facet normal -4.767875e-01 3.802254e-01 -7.925291e-01
    outer loop
      vertex   1.417428e+02 1.694077e+02 1.970670e+02
      vertex   1.416669e+02 1.694781e+02 1.971464e+02
      vertex   1.419199e+02 1.696297e+02 1.970670e+02
    endloop
  endfacet
  facet normal -2.999096e-01 2.391699e-01 -9.234999e-01
    outer loop
      vertex   1.417428e+02 1.694077e+02 1.970670e+02
      vertex   1.419199e+02 1.696297e+02 1.970670e+02
      vertex   1.420195e+02 1.695618e+02 1.970170e+02
    endloop
  endfacet
  facet normal -3.322063e-01 1.917994e-01 -9.234999e-01
    outer loop
      vertex   1.420195e+02 1.695618e+02 1.970170e+02
      vertex   1.419199e+02 1.696297e+02 1.970670e+02
      vertex   1.421705e+02 1.698233e+02 1.970170e+02
    endloop
  endfacet
  facet normal -4.764012e-01 8.597188e-01 -1.841885e-01
    outer loop
      vertex   1.410089e+02 1.691873e+02 1.975000e+02
      vertex   1.412833e+02 1.693393e+02 1.975000e+02
      vertex   1.411835e+02 1.692563e+02 1.973706e+02
    endloop
  endfacet
  facet normal -5.607590e-01 8.224824e-01 -9.524765e-02
    outer loop
      vertex   1.411835e+02 1.692563e+02 1.973706e+02
      vertex   1.412833e+02 1.693393e+02 1.975000e+02
      vertex   1.413894e+02 1.693967e+02 1.973706e+02
    endloop
  endfacet
  facet normal -5.206528e-01 7.636574e-01 -3.817695e-01
    outer loop
      vertex   1.411835e+02 1.692563e+02 1.973706e+02
      vertex   1.413894e+02 1.693967e+02 1.973706e+02
      vertex   1.414205e+02 1.693576e+02 1.972500e+02
    endloop
  endfacet
  facet normal -6.286548e-01 6.775287e-01 -3.817695e-01
    outer loop
      vertex   1.414205e+02 1.693576e+02 1.972500e+02
      vertex   1.413894e+02 1.693967e+02 1.973706e+02
      vertex   1.416086e+02 1.695322e+02 1.972500e+02
    endloop
  endfacet
  facet normal -5.401766e-01 5.821719e-01 -6.076884e-01
    outer loop
      vertex   1.414205e+02 1.693576e+02 1.972500e+02
      vertex   1.416086e+02 1.695322e+02 1.972500e+02
      vertex   1.416669e+02 1.694781e+02 1.971464e+02
    endloop
  endfacet
  facet normal -6.209115e-01 4.951604e-01 -6.076884e-01
    outer loop
      vertex   1.416669e+02 1.694781e+02 1.971464e+02
      vertex   1.416086e+02 1.695322e+02 1.972500e+02
      vertex   1.418343e+02 1.696880e+02 1.971464e+02
    endloop
  endfacet
  facet normal -4.767875e-01 3.802254e-01 -7.925291e-01
    outer loop
      vertex   1.416669e+02 1.694781e+02 1.971464e+02
      vertex   1.418343e+02 1.696880e+02 1.971464e+02
      vertex   1.419199e+02 1.696297e+02 1.970670e+02
    endloop
  endfacet
  facet normal -5.281319e-01 3.049171e-01 -7.925291e-01
    outer loop
      vertex   1.419199e+02 1.696297e+02 1.970670e+02
      vertex   1.418343e+02 1.696880e+02 1.971464e+02
      vertex   1.420618e+02 1.698756e+02 1.970670e+02
    endloop
  endfacet
  facet normal -3.322063e-01 1.917994e-01 -9.234999e-01
    outer loop
      vertex   1.419199e+02 1.696297e+02 1.970670e+02
      vertex   1.420618e+02 1.698756e+02 1.970670e+02
      vertex   1.421705e+02 1.698233e+02 1.970170e+02
    endloop
  endfacet
  facet normal -3.570820e-01 1.401444e-01 -9.234999e-01
    outer loop
      vertex   1.421705e+02 1.698233e+02 1.970170e+02
      vertex   1.420618e+02 1.698756e+02 1.970670e+02
      vertex   1.422808e+02 1.701044e+02 1.970170e+02
    endloop
  endfacet
  facet normal -6.306631e-01 7.542243e-01 -1.827835e-01
    outer loop
      vertex   1.412833e+02 1.693393e+02 1.975000e+02
      vertex   1.415240e+02 1.695405e+02 1.975000e+02
      vertex   1.413894e+02 1.693967e+02 1.973706e+02
    endloop
  endfacet
  facet normal -6.762579e-01 7.288326e-01 -1.071368e-01
    outer loop
      vertex   1.413894e+02 1.693967e+02 1.973706e+02
      vertex   1.415240e+02 1.695405e+02 1.975000e+02
      vertex   1.415720e+02 1.695661e+02 1.973706e+02
    endloop
  endfacet
  facet normal -6.286548e-01 6.775287e-01 -3.817695e-01
    outer loop
      vertex   1.413894e+02 1.693967e+02 1.973706e+02
      vertex   1.415720e+02 1.695661e+02 1.973706e+02
      vertex   1.416086e+02 1.695322e+02 1.972500e+02
    endloop
  endfacet
  facet normal -7.226137e-01 5.762652e-01 -3.817695e-01
    outer loop
      vertex   1.416086e+02 1.695322e+02 1.972500e+02
      vertex   1.415720e+02 1.695661e+02 1.973706e+02
      vertex   1.417686e+02 1.697328e+02 1.972500e+02
    endloop
  endfacet
  facet normal -6.209115e-01 4.951604e-01 -6.076884e-01
    outer loop
      vertex   1.416086e+02 1.695322e+02 1.972500e+02
      vertex   1.417686e+02 1.697328e+02 1.972500e+02
      vertex   1.418343e+02 1.696880e+02 1.971464e+02
    endloop
  endfacet
  facet normal -6.877762e-01 3.970878e-01 -6.076884e-01
    outer loop
      vertex   1.418343e+02 1.696880e+02 1.971464e+02
      vertex   1.417686e+02 1.697328e+02 1.972500e+02
      vertex   1.419685e+02 1.699206e+02 1.971464e+02
    endloop
  endfacet
  facet normal -5.281319e-01 3.049171e-01 -7.925291e-01
    outer loop
      vertex   1.418343e+02 1.696880e+02 1.971464e+02
      vertex   1.419685e+02 1.699206e+02 1.971464e+02
      vertex   1.420618e+02 1.698756e+02 1.970670e+02
    endloop
  endfacet
  facet normal -5.676786e-01 2.227974e-01 -7.925291e-01
    outer loop
      vertex   1.420618e+02 1.698756e+02 1.970670e+02
      vertex   1.419685e+02 1.699206e+02 1.971464e+02
      vertex   1.421656e+02 1.701400e+02 1.970670e+02
    endloop
  endfacet
  facet normal -3.570820e-01 1.401444e-01 -9.234999e-01
    outer loop
      vertex   1.420618e+02 1.698756e+02 1.970670e+02
      vertex   1.421656e+02 1.701400e+02 1.970670e+02
      vertex   1.422808e+02 1.701044e+02 1.970170e+02
    endloop
  endfacet
  facet normal -7.649656e-01 6.236551e-01 -1.608785e-01
    outer loop
      vertex   1.415240e+02 1.695405e+02 1.975000e+02
      vertex   1.417222e+02 1.697837e+02 1.975000e+02
      vertex   1.415720e+02 1.695661e+02 1.973706e+02
    endloop
  endfacet
  facet normal -7.741702e-01 6.173801e-01 -1.396506e-01
    outer loop
      vertex   1.415720e+02 1.695661e+02 1.973706e+02
      vertex   1.417222e+02 1.697837e+02 1.975000e+02
      vertex   1.417274e+02 1.697609e+02 1.973706e+02
    endloop
  endfacet
  facet normal -7.226137e-01 5.762652e-01 -3.817695e-01
    outer loop
      vertex   1.415720e+02 1.695661e+02 1.973706e+02
      vertex   1.417274e+02 1.697609e+02 1.973706e+02
      vertex   1.417686e+02 1.697328e+02 1.972500e+02
    endloop
  endfacet
  facet normal -8.004305e-01 4.621288e-01 -3.817695e-01
    outer loop
      vertex   1.417686e+02 1.697328e+02 1.972500e+02
      vertex   1.417274e+02 1.697609e+02 1.973706e+02
      vertex   1.418970e+02 1.699550e+02 1.972500e+02
    endloop
  endfacet
  facet normal -6.877762e-01 3.970878e-01 -6.076884e-01
    outer loop
      vertex   1.417686e+02 1.697328e+02 1.972500e+02
      vertex   1.418970e+02 1.699550e+02 1.972500e+02
      vertex   1.419685e+02 1.699206e+02 1.971464e+02
    endloop
  endfacet
  facet normal -7.392772e-01 2.901449e-01 -6.076884e-01
    outer loop
      vertex   1.419685e+02 1.699206e+02 1.971464e+02
      vertex   1.418970e+02 1.699550e+02 1.972500e+02
      vertex   1.420666e+02 1.701705e+02 1.971464e+02
    endloop
  endfacet
  facet normal -5.676786e-01 2.227974e-01 -7.925291e-01
    outer loop
      vertex   1.419685e+02 1.699206e+02 1.971464e+02
      vertex   1.420666e+02 1.701705e+02 1.971464e+02
      vertex   1.421656e+02 1.701400e+02 1.970670e+02
    endloop
  endfacet
  facet normal -8.595778e-01 4.962775e-01 -1.217978e-01
    outer loop
      vertex   1.417274e+02 1.697609e+02 1.973706e+02
      vertex   1.417222e+02 1.697837e+02 1.975000e+02
      vertex   1.418519e+02 1.699767e+02 1.973706e+02
    endloop
  endfacet
  facet normal -8.672401e-01 4.665763e-01 -1.737845e-01
    outer loop
      vertex   1.418519e+02 1.699767e+02 1.973706e+02
      vertex   1.417222e+02 1.697837e+02 1.975000e+02
      vertex   1.418708e+02 1.700599e+02 1.975000e+02
    endloop
  endfacet
  facet normal -9.263068e-01 3.635486e-01 -9.893521e-02
    outer loop
      vertex   1.418519e+02 1.699767e+02 1.973706e+02
      vertex   1.418708e+02 1.700599e+02 1.975000e+02
      vertex   1.419430e+02 1.702086e+02 1.973706e+02
    endloop
  endfacet
  facet normal -9.377394e-01 2.933525e-01 -1.859818e-01
    outer loop
      vertex   1.419430e+02 1.702086e+02 1.973706e+02
      vertex   1.418708e+02 1.700599e+02 1.975000e+02
      vertex   1.419644e+02 1.703593e+02 1.975000e+02
    endloop
  endfacet
  facet normal -9.850715e-01 -7.660937e-02 -1.541594e-01
    outer loop
      vertex   1.419754e+02 1.709837e+02 1.975000e+02
      vertex   1.419984e+02 1.709485e+02 1.973706e+02
      vertex   1.419997e+02 1.706710e+02 1.975000e+02
    endloop
  endfacet
  facet normal -9.861703e-01 -7.390325e-02 -1.483458e-01
    outer loop
      vertex   1.419997e+02 1.706710e+02 1.975000e+02
      vertex   1.419984e+02 1.709485e+02 1.973706e+02
      vertex   1.420170e+02 1.707000e+02 1.973706e+02
    endloop
  endfacet
  facet normal -9.905053e-01 7.422811e-02 -1.157126e-01
    outer loop
      vertex   1.419997e+02 1.706710e+02 1.975000e+02
      vertex   1.420170e+02 1.707000e+02 1.973706e+02
      vertex   1.419984e+02 1.704515e+02 1.973706e+02
    endloop
  endfacet
  facet normal -9.216731e-01 6.906985e-02 -3.817695e-01
    outer loop
      vertex   1.419984e+02 1.704515e+02 1.973706e+02
      vertex   1.420170e+02 1.707000e+02 1.973706e+02
      vertex   1.420670e+02 1.707000e+02 1.972500e+02
    endloop
  endfacet
  facet normal -9.216731e-01 6.906985e-02 -3.817695e-01
    outer loop
      vertex   1.419984e+02 1.704515e+02 1.973706e+02
      vertex   1.420670e+02 1.707000e+02 1.972500e+02
      vertex   1.420478e+02 1.704441e+02 1.972500e+02
    endloop
  endfacet
  facet normal -7.919549e-01 5.934882e-02 -6.076884e-01
    outer loop
      vertex   1.420478e+02 1.704441e+02 1.972500e+02
      vertex   1.420670e+02 1.707000e+02 1.972500e+02
      vertex   1.421464e+02 1.707000e+02 1.971464e+02
    endloop
  endfacet
  facet normal -7.919549e-01 5.934882e-02 -6.076884e-01
    outer loop
      vertex   1.420478e+02 1.704441e+02 1.972500e+02
      vertex   1.421464e+02 1.707000e+02 1.971464e+02
      vertex   1.421264e+02 1.704323e+02 1.971464e+02
    endloop
  endfacet
  facet normal -6.081289e-01 4.557296e-02 -7.925291e-01
    outer loop
      vertex   1.421264e+02 1.704323e+02 1.971464e+02
      vertex   1.421464e+02 1.707000e+02 1.971464e+02
      vertex   1.422500e+02 1.707000e+02 1.970670e+02
    endloop
  endfacet
  facet normal -6.081289e-01 4.557296e-02 -7.925291e-01
    outer loop
      vertex   1.421264e+02 1.704323e+02 1.971464e+02
      vertex   1.422500e+02 1.707000e+02 1.970670e+02
      vertex   1.422288e+02 1.704168e+02 1.970670e+02
    endloop
  endfacet
  facet normal -3.825262e-01 2.866637e-02 -9.234999e-01
    outer loop
      vertex   1.422288e+02 1.704168e+02 1.970670e+02
      vertex   1.422500e+02 1.707000e+02 1.970670e+02
      vertex   1.423706e+02 1.707000e+02 1.970170e+02
    endloop
  endfacet
  facet normal -3.825262e-01 2.866637e-02 -9.234999e-01
    outer loop
      vertex   1.422288e+02 1.704168e+02 1.970670e+02
      vertex   1.423706e+02 1.707000e+02 1.970170e+02
      vertex   1.423480e+02 1.703988e+02 1.970170e+02
    endloop
  endfacet
  facet normal -1.276124e-01 9.563227e-03 -9.917780e-01
    outer loop
      vertex   1.423480e+02 1.703988e+02 1.970170e+02
      vertex   1.423706e+02 1.707000e+02 1.970170e+02
      vertex   1.424825e+02 1.704259e+02 1.970000e+02
    endloop
  endfacet
  facet normal -1.312315e-01 2.803831e-02 -9.909552e-01
    outer loop
      vertex   1.423480e+02 1.703988e+02 1.970170e+02
      vertex   1.424825e+02 1.704259e+02 1.970000e+02
      vertex   1.424083e+02 1.700787e+02 1.970000e+02
    endloop
  endfacet
  facet normal -9.688064e-01 -2.211237e-01 -1.118861e-01
    outer loop
      vertex   1.419984e+02 1.709485e+02 1.973706e+02
      vertex   1.419754e+02 1.709837e+02 1.975000e+02
      vertex   1.419430e+02 1.711914e+02 1.973706e+02
    endloop
  endfacet
  facet normal -9.485260e-01 -2.604850e-01 -1.801276e-01
    outer loop
      vertex   1.419430e+02 1.711914e+02 1.973706e+02
      vertex   1.419754e+02 1.709837e+02 1.975000e+02
      vertex   1.418924e+02 1.712862e+02 1.975000e+02
    endloop
  endfacet
  facet normal -9.265807e-01 -3.636561e-01 -9.592932e-02
    outer loop
      vertex   1.419430e+02 1.711914e+02 1.973706e+02
      vertex   1.418924e+02 1.712862e+02 1.975000e+02
      vertex   1.418519e+02 1.714233e+02 1.973706e+02
    endloop
  endfacet
  facet normal -8.811896e-01 -4.348442e-01 -1.855140e-01
    outer loop
      vertex   1.418519e+02 1.714233e+02 1.973706e+02
      vertex   1.418924e+02 1.712862e+02 1.975000e+02
      vertex   1.417535e+02 1.715675e+02 1.975000e+02
    endloop
  endfacet
  facet normal -8.616094e-01 -4.974504e-01 -1.008579e-01
    outer loop
      vertex   1.418519e+02 1.714233e+02 1.973706e+02
      vertex   1.417535e+02 1.715675e+02 1.975000e+02
      vertex   1.417274e+02 1.716391e+02 1.973706e+02
    endloop
  endfacet
  facet normal -7.851365e-01 -5.953948e-01 -1.704867e-01
    outer loop
      vertex   1.417274e+02 1.716391e+02 1.973706e+02
      vertex   1.417535e+02 1.715675e+02 1.975000e+02
      vertex   1.415640e+02 1.718175e+02 1.975000e+02
    endloop
  endfacet
  facet normal -7.755446e-01 -6.184762e-01 -1.265618e-01
    outer loop
      vertex   1.417274e+02 1.716391e+02 1.973706e+02
      vertex   1.415640e+02 1.718175e+02 1.975000e+02
      vertex   1.415720e+02 1.718339e+02 1.973706e+02
    endloop
  endfacet
  facet normal -6.740418e-01 -7.264442e-01 -1.339645e-01
    outer loop
      vertex   1.415720e+02 1.718339e+02 1.973706e+02
      vertex   1.415640e+02 1.718175e+02 1.975000e+02
      vertex   1.413894e+02 1.720033e+02 1.973706e+02
    endloop
  endfacet
  facet normal -6.286548e-01 -6.775287e-01 -3.817695e-01
    outer loop
      vertex   1.415720e+02 1.718339e+02 1.973706e+02
      vertex   1.413894e+02 1.720033e+02 1.973706e+02
      vertex   1.414205e+02 1.720424e+02 1.972500e+02
    endloop
  endfacet
  facet normal -5.206528e-01 -7.636574e-01 -3.817695e-01
    outer loop
      vertex   1.414205e+02 1.720424e+02 1.972500e+02
      vertex   1.413894e+02 1.720033e+02 1.973706e+02
      vertex   1.412085e+02 1.721870e+02 1.972500e+02
    endloop
  endfacet
  facet normal -4.473750e-01 -6.561787e-01 -6.076884e-01
    outer loop
      vertex   1.414205e+02 1.720424e+02 1.972500e+02
      vertex   1.412085e+02 1.721870e+02 1.972500e+02
      vertex   1.412482e+02 1.722558e+02 1.971464e+02
    endloop
  endfacet
  facet normal -3.445799e-01 -7.155275e-01 -6.076884e-01
    outer loop
      vertex   1.412482e+02 1.722558e+02 1.971464e+02
      vertex   1.412085e+02 1.721870e+02 1.972500e+02
      vertex   1.410063e+02 1.723723e+02 1.971464e+02
    endloop
  endfacet
  facet normal -2.645971e-01 -5.494416e-01 -7.925291e-01
    outer loop
      vertex   1.412482e+02 1.722558e+02 1.971464e+02
      vertex   1.410063e+02 1.723723e+02 1.971464e+02
      vertex   1.410441e+02 1.724687e+02 1.970670e+02
    endloop
  endfacet
  facet normal -1.797518e-01 -5.827409e-01 -7.925291e-01
    outer loop
      vertex   1.410441e+02 1.724687e+02 1.970670e+02
      vertex   1.410063e+02 1.723723e+02 1.971464e+02
      vertex   1.407728e+02 1.725524e+02 1.970670e+02
    endloop
  endfacet
  facet normal -1.130677e-01 -3.665566e-01 -9.234999e-01
    outer loop
      vertex   1.410441e+02 1.724687e+02 1.970670e+02
      vertex   1.407728e+02 1.725524e+02 1.970670e+02
      vertex   1.407996e+02 1.726699e+02 1.970170e+02
    endloop
  endfacet
  facet normal -5.717243e-02 -3.793143e-01 -9.234999e-01
    outer loop
      vertex   1.407996e+02 1.726699e+02 1.970170e+02
      vertex   1.407728e+02 1.725524e+02 1.970670e+02
      vertex   1.405010e+02 1.727149e+02 1.970170e+02
    endloop
  endfacet
  facet normal -1.921087e-02 -1.274558e-01 -9.916582e-01
    outer loop
      vertex   1.407996e+02 1.726699e+02 1.970170e+02
      vertex   1.405010e+02 1.727149e+02 1.970170e+02
      vertex   1.407992e+02 1.728025e+02 1.970000e+02
    endloop
  endfacet
  facet normal -1.722729e-02 -1.340462e-01 -9.908253e-01
    outer loop
      vertex   1.407992e+02 1.728025e+02 1.970000e+02
      vertex   1.405010e+02 1.727149e+02 1.970170e+02
      vertex   1.404470e+02 1.728478e+02 1.970000e+02
    endloop
  endfacet
  facet normal 0.000000e+00 -1.271833e-01 -9.918792e-01
    outer loop
      vertex   1.404470e+02 1.728478e+02 1.970000e+02
      vertex   1.405010e+02 1.727149e+02 1.970170e+02
      vertex   1.401990e+02 1.727149e+02 1.970170e+02
    endloop
  endfacet
  facet normal 5.128818e-03 -1.365949e-01 -9.906137e-01
    outer loop
      vertex   1.404470e+02 1.728478e+02 1.970000e+02
      vertex   1.401990e+02 1.727149e+02 1.970170e+02
      vertex   1.400922e+02 1.728345e+02 1.970000e+02
    endloop
  endfacet
  facet normal 1.878025e-02 -1.245988e-01 -9.920295e-01
    outer loop
      vertex   1.400922e+02 1.728345e+02 1.970000e+02
      vertex   1.401990e+02 1.727149e+02 1.970170e+02
      vertex   1.399004e+02 1.726699e+02 1.970170e+02
    endloop
  endfacet
  facet normal 2.774789e-02 -1.348903e-01 -9.904719e-01
    outer loop
      vertex   1.400922e+02 1.728345e+02 1.970000e+02
      vertex   1.399004e+02 1.726699e+02 1.970170e+02
      vertex   1.397444e+02 1.727629e+02 1.970000e+02
    endloop
  endfacet
  facet normal 3.694348e-02 -1.197678e-01 -9.921143e-01
    outer loop
      vertex   1.397444e+02 1.727629e+02 1.970000e+02
      vertex   1.399004e+02 1.726699e+02 1.970170e+02
      vertex   1.396118e+02 1.725809e+02 1.970170e+02
    endloop
  endfacet
  facet normal 4.974461e-02 -1.289317e-01 -9.904050e-01
    outer loop
      vertex   1.397444e+02 1.727629e+02 1.970000e+02
      vertex   1.396118e+02 1.725809e+02 1.970170e+02
      vertex   1.394131e+02 1.726351e+02 1.970000e+02
    endloop
  endfacet
  facet normal 5.430382e-02 -1.127630e-01 -9.921369e-01
    outer loop
      vertex   1.394131e+02 1.726351e+02 1.970000e+02
      vertex   1.396118e+02 1.725809e+02 1.970170e+02
      vertex   1.393397e+02 1.724499e+02 1.970170e+02
    endloop
  endfacet
  facet normal 7.024993e-02 -1.189218e-01 -9.904153e-01
    outer loop
      vertex   1.394131e+02 1.726351e+02 1.970000e+02
      vertex   1.393397e+02 1.724499e+02 1.970170e+02
      vertex   1.391074e+02 1.724545e+02 1.970000e+02
    endloop
  endfacet
  facet normal 7.067766e-02 -1.036651e-01 -9.920979e-01
    outer loop
      vertex   1.391074e+02 1.724545e+02 1.970000e+02
      vertex   1.393397e+02 1.724499e+02 1.970170e+02
      vertex   1.390902e+02 1.722798e+02 1.970170e+02
    endloop
  endfacet
  facet normal 8.846237e-02 -1.052572e-01 -9.905026e-01
    outer loop
      vertex   1.391074e+02 1.724545e+02 1.970000e+02
      vertex   1.390902e+02 1.722798e+02 1.970170e+02
      vertex   1.388355e+02 1.722261e+02 1.970000e+02
    endloop
  endfacet
  facet normal 8.588504e-02 -9.256206e-02 -9.919960e-01
    outer loop
      vertex   1.388355e+02 1.722261e+02 1.970000e+02
      vertex   1.390902e+02 1.722798e+02 1.970170e+02
      vertex   1.388688e+02 1.720744e+02 1.970170e+02
    endloop
  endfacet
  facet normal 1.036947e-01 -8.850504e-02 -9.906635e-01
    outer loop
      vertex   1.388355e+02 1.722261e+02 1.970000e+02
      vertex   1.388688e+02 1.720744e+02 1.970170e+02
      vertex   1.386050e+02 1.719560e+02 1.970000e+02
    endloop
  endfacet
  facet normal 9.975066e-02 -7.954850e-02 -9.918275e-01
    outer loop
      vertex   1.386050e+02 1.719560e+02 1.970000e+02
      vertex   1.388688e+02 1.720744e+02 1.970170e+02
      vertex   1.386805e+02 1.718382e+02 1.970170e+02
    endloop
  endfacet
  facet normal 1.154120e-01 -6.936731e-02 -9.908927e-01
    outer loop
      vertex   1.386050e+02 1.719560e+02 1.970000e+02
      vertex   1.386805e+02 1.718382e+02 1.970170e+02
      vertex   1.384221e+02 1.716516e+02 1.970000e+02
    endloop
  endfacet
  facet normal 1.121045e-01 -6.472354e-02 -9.915863e-01
    outer loop
      vertex   1.384221e+02 1.716516e+02 1.970000e+02
      vertex   1.386805e+02 1.718382e+02 1.970170e+02
      vertex   1.385295e+02 1.715767e+02 1.970170e+02
    endloop
  endfacet
  facet normal 1.232574e-01 -4.863663e-02 -9.911822e-01
    outer loop
      vertex   1.384221e+02 1.716516e+02 1.970000e+02
      vertex   1.385295e+02 1.715767e+02 1.970170e+02
      vertex   1.382917e+02 1.713213e+02 1.970000e+02
    endloop
  endfacet
  facet normal 1.227815e-01 -4.818820e-02 -9.912631e-01
    outer loop
      vertex   1.382917e+02 1.713213e+02 1.970000e+02
      vertex   1.385295e+02 1.715767e+02 1.970170e+02
      vertex   1.384192e+02 1.712956e+02 1.970170e+02
    endloop
  endfacet
  facet normal 1.267062e-01 -2.891986e-02 -9.915186e-01
    outer loop
      vertex   1.382917e+02 1.713213e+02 1.970000e+02
      vertex   1.384192e+02 1.712956e+02 1.970170e+02
      vertex   1.383520e+02 1.710012e+02 1.970170e+02
    endloop
  endfacet
  facet normal 3.739812e-01 -8.535876e-02 -9.234999e-01
    outer loop
      vertex   1.383520e+02 1.710012e+02 1.970170e+02
      vertex   1.384192e+02 1.712956e+02 1.970170e+02
      vertex   1.385344e+02 1.712600e+02 1.970670e+02
    endloop
  endfacet
  facet normal 3.739812e-01 -8.535876e-02 -9.234999e-01
    outer loop
      vertex   1.383520e+02 1.710012e+02 1.970170e+02
      vertex   1.385344e+02 1.712600e+02 1.970670e+02
      vertex   1.384712e+02 1.709832e+02 1.970670e+02
    endloop
  endfacet
  facet normal 5.945443e-01 -1.357009e-01 -7.925291e-01
    outer loop
      vertex   1.384712e+02 1.709832e+02 1.970670e+02
      vertex   1.385344e+02 1.712600e+02 1.970670e+02
      vertex   1.386334e+02 1.712295e+02 1.971464e+02
    endloop
  endfacet
  facet normal 5.945443e-01 -1.357009e-01 -7.925291e-01
    outer loop
      vertex   1.384712e+02 1.709832e+02 1.970670e+02
      vertex   1.386334e+02 1.712295e+02 1.971464e+02
      vertex   1.385736e+02 1.709677e+02 1.971464e+02
    endloop
  endfacet
  facet normal 7.742639e-01 -1.767207e-01 -6.076884e-01
    outer loop
      vertex   1.385736e+02 1.709677e+02 1.971464e+02
      vertex   1.386334e+02 1.712295e+02 1.971464e+02
      vertex   1.387093e+02 1.712061e+02 1.972500e+02
    endloop
  endfacet
  facet normal 7.742639e-01 -1.767207e-01 -6.076884e-01
    outer loop
      vertex   1.385736e+02 1.709677e+02 1.971464e+02
      vertex   1.387093e+02 1.712061e+02 1.972500e+02
      vertex   1.386522e+02 1.709559e+02 1.972500e+02
    endloop
  endfacet
  facet normal 9.010845e-01 -2.056667e-01 -3.817695e-01
    outer loop
      vertex   1.386522e+02 1.709559e+02 1.972500e+02
      vertex   1.387093e+02 1.712061e+02 1.972500e+02
      vertex   1.387570e+02 1.711914e+02 1.973706e+02
    endloop
  endfacet
  facet normal 9.010845e-01 -2.056667e-01 -3.817695e-01
    outer loop
      vertex   1.386522e+02 1.709559e+02 1.972500e+02
      vertex   1.387570e+02 1.711914e+02 1.973706e+02
      vertex   1.387016e+02 1.709485e+02 1.973706e+02
    endloop
  endfacet
  facet normal 9.661400e-01 -2.205152e-01 -1.339645e-01
    outer loop
      vertex   1.387016e+02 1.709485e+02 1.973706e+02
      vertex   1.387570e+02 1.711914e+02 1.973706e+02
      vertex   1.387753e+02 1.711926e+02 1.975000e+02
    endloop
  endfacet
  facet normal 9.650154e-01 -2.036540e-01 -1.651376e-01
    outer loop
      vertex   1.387016e+02 1.709485e+02 1.973706e+02
      vertex   1.387753e+02 1.711926e+02 1.975000e+02
      vertex   1.387105e+02 1.708857e+02 1.975000e+02
    endloop
  endfacet
  facet normal -6.588772e-01 -7.339008e-01 -1.651376e-01
    outer loop
      vertex   1.415640e+02 1.718175e+02 1.975000e+02
      vertex   1.413306e+02 1.720270e+02 1.975000e+02
      vertex   1.413894e+02 1.720033e+02 1.973706e+02
    endloop
  endfacet
  facet normal -5.602501e-01 -8.217360e-01 -1.042584e-01
    outer loop
      vertex   1.413894e+02 1.720033e+02 1.973706e+02
      vertex   1.413306e+02 1.720270e+02 1.975000e+02
      vertex   1.411835e+02 1.721437e+02 1.973706e+02
    endloop
  endfacet
  facet normal -5.206528e-01 -7.636574e-01 -3.817695e-01
    outer loop
      vertex   1.413894e+02 1.720033e+02 1.973706e+02
      vertex   1.411835e+02 1.721437e+02 1.973706e+02
      vertex   1.412085e+02 1.721870e+02 1.972500e+02
    endloop
  endfacet
  facet normal -4.010203e-01 -8.327273e-01 -3.817695e-01
    outer loop
      vertex   1.412085e+02 1.721870e+02 1.972500e+02
      vertex   1.411835e+02 1.721437e+02 1.973706e+02
      vertex   1.409773e+02 1.722983e+02 1.972500e+02
    endloop
  endfacet
  facet normal -3.445799e-01 -7.155275e-01 -6.076884e-01
    outer loop
      vertex   1.412085e+02 1.721870e+02 1.972500e+02
      vertex   1.409773e+02 1.722983e+02 1.972500e+02
      vertex   1.410063e+02 1.723723e+02 1.971464e+02
    endloop
  endfacet
  facet normal -2.340874e-01 -7.588926e-01 -6.076884e-01
    outer loop
      vertex   1.410063e+02 1.723723e+02 1.971464e+02
      vertex   1.409773e+02 1.722983e+02 1.972500e+02
      vertex   1.407497e+02 1.724514e+02 1.971464e+02
    endloop
  endfacet
  facet normal -1.797518e-01 -5.827409e-01 -7.925291e-01
    outer loop
      vertex   1.410063e+02 1.723723e+02 1.971464e+02
      vertex   1.407497e+02 1.724514e+02 1.971464e+02
      vertex   1.407728e+02 1.725524e+02 1.970670e+02
    endloop
  endfacet
  facet normal -9.089106e-02 -6.030228e-01 -7.925291e-01
    outer loop
      vertex   1.407728e+02 1.725524e+02 1.970670e+02
      vertex   1.407497e+02 1.724514e+02 1.971464e+02
      vertex   1.404920e+02 1.725947e+02 1.970670e+02
    endloop
  endfacet
  facet normal -5.717243e-02 -3.793143e-01 -9.234999e-01
    outer loop
      vertex   1.407728e+02 1.725524e+02 1.970670e+02
      vertex   1.404920e+02 1.725947e+02 1.970670e+02
      vertex   1.405010e+02 1.727149e+02 1.970170e+02
    endloop
  endfacet
  facet normal -0.000000e+00 -3.835988e-01 -9.234999e-01
    outer loop
      vertex   1.405010e+02 1.727149e+02 1.970170e+02
      vertex   1.404920e+02 1.725947e+02 1.970670e+02
      vertex   1.401990e+02 1.727149e+02 1.970170e+02
    endloop
  endfacet
  facet normal -5.063378e-01 -8.424350e-01 -1.841885e-01
    outer loop
      vertex   1.413306e+02 1.720270e+02 1.975000e+02
      vertex   1.410617e+02 1.721886e+02 1.975000e+02
      vertex   1.411835e+02 1.721437e+02 1.973706e+02
    endloop
  endfacet
  facet normal -4.319111e-01 -8.968727e-01 -9.524765e-02
    outer loop
      vertex   1.411835e+02 1.721437e+02 1.973706e+02
      vertex   1.410617e+02 1.721886e+02 1.975000e+02
      vertex   1.409590e+02 1.722518e+02 1.973706e+02
    endloop
  endfacet
  facet normal -4.010203e-01 -8.327273e-01 -3.817695e-01
    outer loop
      vertex   1.411835e+02 1.721437e+02 1.973706e+02
      vertex   1.409590e+02 1.722518e+02 1.973706e+02
      vertex   1.409773e+02 1.722983e+02 1.972500e+02
    endloop
  endfacet
  facet normal -2.724297e-01 -8.831954e-01 -3.817695e-01
    outer loop
      vertex   1.409773e+02 1.722983e+02 1.972500e+02
      vertex   1.409590e+02 1.722518e+02 1.973706e+02
      vertex   1.407321e+02 1.723739e+02 1.972500e+02
    endloop
  endfacet
  facet normal -2.340874e-01 -7.588926e-01 -6.076884e-01
    outer loop
      vertex   1.409773e+02 1.722983e+02 1.972500e+02
      vertex   1.407321e+02 1.723739e+02 1.972500e+02
      vertex   1.407497e+02 1.724514e+02 1.971464e+02
    endloop
  endfacet
  facet normal -1.183657e-01 -7.853053e-01 -6.076884e-01
    outer loop
      vertex   1.407497e+02 1.724514e+02 1.971464e+02
      vertex   1.407321e+02 1.723739e+02 1.972500e+02
      vertex   1.404842e+02 1.724914e+02 1.971464e+02
    endloop
  endfacet
  facet normal -9.089106e-02 -6.030228e-01 -7.925291e-01
    outer loop
      vertex   1.407497e+02 1.724514e+02 1.971464e+02
      vertex   1.404842e+02 1.724914e+02 1.971464e+02
      vertex   1.404920e+02 1.725947e+02 1.970670e+02
    endloop
  endfacet
  facet normal -0.000000e+00 -6.098342e-01 -7.925291e-01
    outer loop
      vertex   1.404920e+02 1.725947e+02 1.970670e+02
      vertex   1.404842e+02 1.724914e+02 1.971464e+02
      vertex   1.402080e+02 1.725947e+02 1.970670e+02
    endloop
  endfacet
  facet normal -0.000000e+00 -3.835988e-01 -9.234999e-01
    outer loop
      vertex   1.404920e+02 1.725947e+02 1.970670e+02
      vertex   1.402080e+02 1.725947e+02 1.970670e+02
      vertex   1.401990e+02 1.727149e+02 1.970170e+02
    endloop
  endfacet
  facet normal 5.717243e-02 -3.793143e-01 -9.234999e-01
    outer loop
      vertex   1.401990e+02 1.727149e+02 1.970170e+02
      vertex   1.402080e+02 1.725947e+02 1.970670e+02
      vertex   1.399004e+02 1.726699e+02 1.970170e+02
    endloop
  endfacet
  facet normal -3.378458e-01 -9.232824e-01 -1.827835e-01
    outer loop
      vertex   1.410617e+02 1.721886e+02 1.975000e+02
      vertex   1.407671e+02 1.722964e+02 1.975000e+02
      vertex   1.409590e+02 1.722518e+02 1.973706e+02
    endloop
  endfacet
  facet normal -2.930587e-01 -9.500728e-01 -1.071368e-01
    outer loop
      vertex   1.409590e+02 1.722518e+02 1.973706e+02
      vertex   1.407671e+02 1.722964e+02 1.975000e+02
      vertex   1.407210e+02 1.723252e+02 1.973706e+02
    endloop
  endfacet
  facet normal -2.724297e-01 -8.831954e-01 -3.817695e-01
    outer loop
      vertex   1.409590e+02 1.722518e+02 1.973706e+02
      vertex   1.407210e+02 1.723252e+02 1.973706e+02
      vertex   1.407321e+02 1.723739e+02 1.972500e+02
    endloop
  endfacet
  facet normal -1.377534e-01 -9.139344e-01 -3.817695e-01
    outer loop
      vertex   1.407321e+02 1.723739e+02 1.972500e+02
      vertex   1.407210e+02 1.723252e+02 1.973706e+02
      vertex   1.404783e+02 1.724122e+02 1.972500e+02
    endloop
  endfacet
  facet normal -1.183657e-01 -7.853053e-01 -6.076884e-01
    outer loop
      vertex   1.407321e+02 1.723739e+02 1.972500e+02
      vertex   1.404783e+02 1.724122e+02 1.972500e+02
      vertex   1.404842e+02 1.724914e+02 1.971464e+02
    endloop
  endfacet
  facet normal -0.000000e+00 -7.941756e-01 -6.076884e-01
    outer loop
      vertex   1.404842e+02 1.724914e+02 1.971464e+02
      vertex   1.404783e+02 1.724122e+02 1.972500e+02
      vertex   1.402158e+02 1.724914e+02 1.971464e+02
    endloop
  endfacet
  facet normal -0.000000e+00 -6.098342e-01 -7.925291e-01
    outer loop
      vertex   1.404842e+02 1.724914e+02 1.971464e+02
      vertex   1.402158e+02 1.724914e+02 1.971464e+02
      vertex   1.402080e+02 1.725947e+02 1.970670e+02
    endloop
  endfacet
  facet normal 9.089106e-02 -6.030228e-01 -7.925291e-01
    outer loop
      vertex   1.402080e+02 1.725947e+02 1.970670e+02
      vertex   1.402158e+02 1.724914e+02 1.971464e+02
      vertex   1.399272e+02 1.725524e+02 1.970670e+02
    endloop
  endfacet
  facet normal 5.717243e-02 -3.793143e-01 -9.234999e-01
    outer loop
      vertex   1.402080e+02 1.725947e+02 1.970670e+02
      vertex   1.399272e+02 1.725524e+02 1.970670e+02
      vertex   1.399004e+02 1.726699e+02 1.970170e+02
    endloop
  endfacet
  facet normal 1.130677e-01 -3.665566e-01 -9.234999e-01
    outer loop
      vertex   1.399004e+02 1.726699e+02 1.970170e+02
      vertex   1.399272e+02 1.725524e+02 1.970670e+02
      vertex   1.396118e+02 1.725809e+02 1.970170e+02
    endloop
  endfacet
  facet normal -1.576184e-01 -9.743072e-01 -1.608785e-01
    outer loop
      vertex   1.407671e+02 1.722964e+02 1.975000e+02
      vertex   1.404575e+02 1.723465e+02 1.975000e+02
      vertex   1.407210e+02 1.723252e+02 1.973706e+02
    endloop
  endfacet
  facet normal -1.475818e-01 -9.791411e-01 -1.396506e-01
    outer loop
      vertex   1.407210e+02 1.723252e+02 1.973706e+02
      vertex   1.404575e+02 1.723465e+02 1.975000e+02
      vertex   1.404746e+02 1.723624e+02 1.973706e+02
    endloop
  endfacet
  facet normal -1.377534e-01 -9.139344e-01 -3.817695e-01
    outer loop
      vertex   1.407210e+02 1.723252e+02 1.973706e+02
      vertex   1.404746e+02 1.723624e+02 1.973706e+02
      vertex   1.404783e+02 1.724122e+02 1.972500e+02
    endloop
  endfacet
  facet normal -0.000000e+00 -9.242576e-01 -3.817695e-01
    outer loop
      vertex   1.404783e+02 1.724122e+02 1.972500e+02
      vertex   1.404746e+02 1.723624e+02 1.973706e+02
      vertex   1.402217e+02 1.724122e+02 1.972500e+02
    endloop
  endfacet
  facet normal -0.000000e+00 -7.941756e-01 -6.076884e-01
    outer loop
      vertex   1.404783e+02 1.724122e+02 1.972500e+02
      vertex   1.402217e+02 1.724122e+02 1.972500e+02
      vertex   1.402158e+02 1.724914e+02 1.971464e+02
    endloop
  endfacet
  facet normal 1.183657e-01 -7.853053e-01 -6.076884e-01
    outer loop
      vertex   1.402158e+02 1.724914e+02 1.971464e+02
      vertex   1.402217e+02 1.724122e+02 1.972500e+02
      vertex   1.399503e+02 1.724514e+02 1.971464e+02
    endloop
  endfacet
  facet normal 9.089106e-02 -6.030228e-01 -7.925291e-01
    outer loop
      vertex   1.402158e+02 1.724914e+02 1.971464e+02
      vertex   1.399503e+02 1.724514e+02 1.971464e+02
      vertex   1.399272e+02 1.725524e+02 1.970670e+02
    endloop
  endfacet
  facet normal 1.797518e-01 -5.827409e-01 -7.925291e-01
    outer loop
      vertex   1.399272e+02 1.725524e+02 1.970670e+02
      vertex   1.399503e+02 1.724514e+02 1.971464e+02
      vertex   1.396559e+02 1.724687e+02 1.970670e+02
    endloop
  endfacet
  facet normal 1.130677e-01 -3.665566e-01 -9.234999e-01
    outer loop
      vertex   1.399272e+02 1.725524e+02 1.970670e+02
      vertex   1.396559e+02 1.724687e+02 1.970670e+02
      vertex   1.396118e+02 1.725809e+02 1.970170e+02
    endloop
  endfacet
  facet normal 1.664373e-01 -3.456106e-01 -9.234999e-01
    outer loop
      vertex   1.396118e+02 1.725809e+02 1.970170e+02
      vertex   1.396559e+02 1.724687e+02 1.970670e+02
      vertex   1.393397e+02 1.724499e+02 1.970170e+02
    endloop
  endfacet
  facet normal -0.000000e+00 -9.925549e-01 -1.217978e-01
    outer loop
      vertex   1.404746e+02 1.723624e+02 1.973706e+02
      vertex   1.404575e+02 1.723465e+02 1.975000e+02
      vertex   1.402254e+02 1.723624e+02 1.973706e+02
    endloop
  endfacet
  facet normal 2.955310e-02 -9.843402e-01 -1.737845e-01
    outer loop
      vertex   1.402254e+02 1.723624e+02 1.973706e+02
      vertex   1.404575e+02 1.723465e+02 1.975000e+02
      vertex   1.401439e+02 1.723371e+02 1.975000e+02
    endloop
  endfacet
  facet normal 1.483110e-01 -9.839795e-01 -9.893521e-02
    outer loop
      vertex   1.402254e+02 1.723624e+02 1.973706e+02
      vertex   1.401439e+02 1.723371e+02 1.975000e+02
      vertex   1.399790e+02 1.723252e+02 1.973706e+02
    endloop
  endfacet
  facet normal 2.148190e-01 -9.587823e-01 -1.859818e-01
    outer loop
      vertex   1.399790e+02 1.723252e+02 1.973706e+02
      vertex   1.401439e+02 1.723371e+02 1.975000e+02
      vertex   1.398378e+02 1.722685e+02 1.975000e+02
    endloop
  endfacet
  facet normal 2.933683e-01 -9.510768e-01 -9.689173e-02
    outer loop
      vertex   1.399790e+02 1.723252e+02 1.973706e+02
      vertex   1.398378e+02 1.722685e+02 1.975000e+02
      vertex   1.397410e+02 1.722518e+02 1.973706e+02
    endloop
  endfacet
  facet normal 3.929935e-01 -9.021919e-01 -1.777803e-01
    outer loop
      vertex   1.397410e+02 1.722518e+02 1.973706e+02
      vertex   1.398378e+02 1.722685e+02 1.975000e+02
      vertex   1.395503e+02 1.721432e+02 1.975000e+02
    endloop
  endfacet
  facet normal 4.309692e-01 -8.949168e-01 -1.157126e-01
    outer loop
      vertex   1.397410e+02 1.722518e+02 1.973706e+02
      vertex   1.395503e+02 1.721432e+02 1.975000e+02
      vertex   1.395165e+02 1.721437e+02 1.973706e+02
    endloop
  endfacet
  facet normal 5.570872e-01 -8.170969e-01 -1.483458e-01
    outer loop
      vertex   1.395165e+02 1.721437e+02 1.973706e+02
      vertex   1.395503e+02 1.721432e+02 1.975000e+02
      vertex   1.393106e+02 1.720033e+02 1.973706e+02
    endloop
  endfacet
  facet normal 5.206528e-01 -7.636574e-01 -3.817695e-01
    outer loop
      vertex   1.395165e+02 1.721437e+02 1.973706e+02
      vertex   1.393106e+02 1.720033e+02 1.973706e+02
      vertex   1.392795e+02 1.720424e+02 1.972500e+02
    endloop
  endfacet
  facet normal 6.286548e-01 -6.775287e-01 -3.817695e-01
    outer loop
      vertex   1.392795e+02 1.720424e+02 1.972500e+02
      vertex   1.393106e+02 1.720033e+02 1.973706e+02
      vertex   1.390914e+02 1.718678e+02 1.972500e+02
    endloop
  endfacet
  facet normal 5.401766e-01 -5.821719e-01 -6.076884e-01
    outer loop
      vertex   1.392795e+02 1.720424e+02 1.972500e+02
      vertex   1.390914e+02 1.718678e+02 1.972500e+02
      vertex   1.390331e+02 1.719219e+02 1.971464e+02
    endloop
  endfacet
  facet normal 6.209115e-01 -4.951604e-01 -6.076884e-01
    outer loop
      vertex   1.390331e+02 1.719219e+02 1.971464e+02
      vertex   1.390914e+02 1.718678e+02 1.972500e+02
      vertex   1.388657e+02 1.717120e+02 1.971464e+02
    endloop
  endfacet
  facet normal 4.767875e-01 -3.802254e-01 -7.925291e-01
    outer loop
      vertex   1.390331e+02 1.719219e+02 1.971464e+02
      vertex   1.388657e+02 1.717120e+02 1.971464e+02
      vertex   1.387801e+02 1.717703e+02 1.970670e+02
    endloop
  endfacet
  facet normal 5.281319e-01 -3.049171e-01 -7.925291e-01
    outer loop
      vertex   1.387801e+02 1.717703e+02 1.970670e+02
      vertex   1.388657e+02 1.717120e+02 1.971464e+02
      vertex   1.386382e+02 1.715244e+02 1.970670e+02
    endloop
  endfacet
  facet normal 3.322063e-01 -1.917994e-01 -9.234999e-01
    outer loop
      vertex   1.387801e+02 1.717703e+02 1.970670e+02
      vertex   1.386382e+02 1.715244e+02 1.970670e+02
      vertex   1.385295e+02 1.715767e+02 1.970170e+02
    endloop
  endfacet
  facet normal 3.570820e-01 -1.401444e-01 -9.234999e-01
    outer loop
      vertex   1.385295e+02 1.715767e+02 1.970170e+02
      vertex   1.386382e+02 1.715244e+02 1.970670e+02
      vertex   1.384192e+02 1.712956e+02 1.970170e+02
    endloop
  endfacet
  facet normal 5.588814e-01 -8.147923e-01 -1.541594e-01
    outer loop
      vertex   1.395503e+02 1.721432e+02 1.975000e+02
      vertex   1.392916e+02 1.719658e+02 1.975000e+02
      vertex   1.393106e+02 1.720033e+02 1.973706e+02
    endloop
  endfacet
  facet normal 6.759020e-01 -7.284491e-01 -1.118861e-01
    outer loop
      vertex   1.393106e+02 1.720033e+02 1.973706e+02
      vertex   1.392916e+02 1.719658e+02 1.975000e+02
      vertex   1.391280e+02 1.718339e+02 1.973706e+02
    endloop
  endfacet
  facet normal 6.286548e-01 -6.775287e-01 -3.817695e-01
    outer loop
      vertex   1.393106e+02 1.720033e+02 1.973706e+02
      vertex   1.391280e+02 1.718339e+02 1.973706e+02
      vertex   1.390914e+02 1.718678e+02 1.972500e+02
    endloop
  endfacet
  facet normal 7.226137e-01 -5.762652e-01 -3.817695e-01
    outer loop
      vertex   1.390914e+02 1.718678e+02 1.972500e+02
      vertex   1.391280e+02 1.718339e+02 1.973706e+02
      vertex   1.389314e+02 1.716672e+02 1.972500e+02
    endloop
  endfacet
  facet normal 6.209115e-01 -4.951604e-01 -6.076884e-01
    outer loop
      vertex   1.390914e+02 1.718678e+02 1.972500e+02
      vertex   1.389314e+02 1.716672e+02 1.972500e+02
      vertex   1.388657e+02 1.717120e+02 1.971464e+02
    endloop
  endfacet
  facet normal 6.877762e-01 -3.970878e-01 -6.076884e-01
    outer loop
      vertex   1.388657e+02 1.717120e+02 1.971464e+02
      vertex   1.389314e+02 1.716672e+02 1.972500e+02
      vertex   1.387315e+02 1.714794e+02 1.971464e+02
    endloop
  endfacet
  facet normal 5.281319e-01 -3.049171e-01 -7.925291e-01
    outer loop
      vertex   1.388657e+02 1.717120e+02 1.971464e+02
      vertex   1.387315e+02 1.714794e+02 1.971464e+02
      vertex   1.386382e+02 1.715244e+02 1.970670e+02
    endloop
  endfacet
  facet normal 5.676786e-01 -2.227974e-01 -7.925291e-01
    outer loop
      vertex   1.386382e+02 1.715244e+02 1.970670e+02
      vertex   1.387315e+02 1.714794e+02 1.971464e+02
      vertex   1.385344e+02 1.712600e+02 1.970670e+02
    endloop
  endfacet
  facet normal 3.570820e-01 -1.401444e-01 -9.234999e-01
    outer loop
      vertex   1.386382e+02 1.715244e+02 1.970670e+02
      vertex   1.385344e+02 1.712600e+02 1.970670e+02
      vertex   1.384192e+02 1.712956e+02 1.970170e+02
    endloop
  endfacet
  facet normal 6.998497e-01 -6.912051e-01 -1.801276e-01
    outer loop
      vertex   1.392916e+02 1.719658e+02 1.975000e+02
      vertex   1.390711e+02 1.717426e+02 1.975000e+02
      vertex   1.391280e+02 1.718339e+02 1.973706e+02
    endloop
  endfacet
  facet normal 7.782258e-01 -6.206144e-01 -9.592932e-02
    outer loop
      vertex   1.391280e+02 1.718339e+02 1.973706e+02
      vertex   1.390711e+02 1.717426e+02 1.975000e+02
      vertex   1.389726e+02 1.716391e+02 1.973706e+02
    endloop
  endfacet
  facet normal 7.226137e-01 -5.762652e-01 -3.817695e-01
    outer loop
      vertex   1.391280e+02 1.718339e+02 1.973706e+02
      vertex   1.389726e+02 1.716391e+02 1.973706e+02
      vertex   1.389314e+02 1.716672e+02 1.972500e+02
    endloop
  endfacet
  facet normal 8.004305e-01 -4.621288e-01 -3.817695e-01
    outer loop
      vertex   1.389314e+02 1.716672e+02 1.972500e+02
      vertex   1.389726e+02 1.716391e+02 1.973706e+02
      vertex   1.388030e+02 1.714450e+02 1.972500e+02
    endloop
  endfacet
  facet normal 6.877762e-01 -3.970878e-01 -6.076884e-01
    outer loop
      vertex   1.389314e+02 1.716672e+02 1.972500e+02
      vertex   1.388030e+02 1.714450e+02 1.972500e+02
      vertex   1.387315e+02 1.714794e+02 1.971464e+02
    endloop
  endfacet
  facet normal 7.392772e-01 -2.901449e-01 -6.076884e-01
    outer loop
      vertex   1.387315e+02 1.714794e+02 1.971464e+02
      vertex   1.388030e+02 1.714450e+02 1.972500e+02
      vertex   1.386334e+02 1.712295e+02 1.971464e+02
    endloop
  endfacet
  facet normal 5.676786e-01 -2.227974e-01 -7.925291e-01
    outer loop
      vertex   1.387315e+02 1.714794e+02 1.971464e+02
      vertex   1.386334e+02 1.712295e+02 1.971464e+02
      vertex   1.385344e+02 1.712600e+02 1.970670e+02
    endloop
  endfacet
  facet normal 8.171809e-01 -5.457105e-01 -1.855140e-01
    outer loop
      vertex   1.390711e+02 1.717426e+02 1.975000e+02
      vertex   1.388969e+02 1.714817e+02 1.975000e+02
      vertex   1.389726e+02 1.716391e+02 1.973706e+02
    endloop
  endfacet
  facet normal 8.616094e-01 -4.974504e-01 -1.008579e-01
    outer loop
      vertex   1.389726e+02 1.716391e+02 1.973706e+02
      vertex   1.388969e+02 1.714817e+02 1.975000e+02
      vertex   1.388481e+02 1.714233e+02 1.973706e+02
    endloop
  endfacet
  facet normal 8.004305e-01 -4.621288e-01 -3.817695e-01
    outer loop
      vertex   1.389726e+02 1.716391e+02 1.973706e+02
      vertex   1.388481e+02 1.714233e+02 1.973706e+02
      vertex   1.388030e+02 1.714450e+02 1.972500e+02
    endloop
  endfacet
  facet normal 8.603671e-01 -3.376692e-01 -3.817695e-01
    outer loop
      vertex   1.388030e+02 1.714450e+02 1.972500e+02
      vertex   1.388481e+02 1.714233e+02 1.973706e+02
      vertex   1.387093e+02 1.712061e+02 1.972500e+02
    endloop
  endfacet
  facet normal 7.392772e-01 -2.901449e-01 -6.076884e-01
    outer loop
      vertex   1.388030e+02 1.714450e+02 1.972500e+02
      vertex   1.387093e+02 1.712061e+02 1.972500e+02
      vertex   1.386334e+02 1.712295e+02 1.971464e+02
    endloop
  endfacet
  facet normal 9.081953e-01 -3.822508e-01 -1.704867e-01
    outer loop
      vertex   1.388969e+02 1.714817e+02 1.975000e+02
      vertex   1.387753e+02 1.711926e+02 1.975000e+02
      vertex   1.388481e+02 1.714233e+02 1.973706e+02
    endloop
  endfacet
  facet normal 9.233883e-01 -3.624032e-01 -1.265618e-01
    outer loop
      vertex   1.388481e+02 1.714233e+02 1.973706e+02
      vertex   1.387753e+02 1.711926e+02 1.975000e+02
      vertex   1.387570e+02 1.711914e+02 1.973706e+02
    endloop
  endfacet
  facet normal 8.603671e-01 -3.376692e-01 -3.817695e-01
    outer loop
      vertex   1.388481e+02 1.714233e+02 1.973706e+02
      vertex   1.387570e+02 1.711914e+02 1.973706e+02
      vertex   1.387093e+02 1.712061e+02 1.972500e+02
    endloop
  endfacet
  facet normal 9.917693e-01 -7.432283e-02 -1.042584e-01
    outer loop
      vertex   1.387016e+02 1.709485e+02 1.973706e+02
      vertex   1.387105e+02 1.708857e+02 1.975000e+02
      vertex   1.386830e+02 1.707000e+02 1.973706e+02
    endloop
  endfacet
  facet normal 9.827390e-01 -1.728388e-02 -1.841885e-01
    outer loop
      vertex   1.386830e+02 1.707000e+02 1.973706e+02
      vertex   1.387105e+02 1.708857e+02 1.975000e+02
      vertex   1.387050e+02 1.705721e+02 1.975000e+02
    endloop
  endfacet
  facet normal 9.926701e-01 7.439034e-02 -9.524765e-02
    outer loop
      vertex   1.386830e+02 1.707000e+02 1.973706e+02
      vertex   1.387050e+02 1.705721e+02 1.975000e+02
      vertex   1.387016e+02 1.704515e+02 1.973706e+02
    endloop
  endfacet
  facet normal 9.685089e-01 1.690581e-01 -1.827835e-01
    outer loop
      vertex   1.387016e+02 1.704515e+02 1.973706e+02
      vertex   1.387050e+02 1.705721e+02 1.975000e+02
      vertex   1.387589e+02 1.702631e+02 1.975000e+02
    endloop
  endfacet
  facet normal 9.693165e-01 2.212402e-01 -1.071368e-01
    outer loop
      vertex   1.387016e+02 1.704515e+02 1.973706e+02
      vertex   1.387589e+02 1.702631e+02 1.975000e+02
      vertex   1.387570e+02 1.702086e+02 1.973706e+02
    endloop
  endfacet
  facet normal 9.225840e-01 3.506521e-01 -1.608785e-01
    outer loop
      vertex   1.387570e+02 1.702086e+02 1.973706e+02
      vertex   1.387589e+02 1.702631e+02 1.975000e+02
      vertex   1.388704e+02 1.699698e+02 1.975000e+02
    endloop
  endfacet
  facet normal 9.217520e-01 3.617610e-01 -1.396506e-01
    outer loop
      vertex   1.387570e+02 1.702086e+02 1.973706e+02
      vertex   1.388704e+02 1.699698e+02 1.975000e+02
      vertex   1.388481e+02 1.699767e+02 1.973706e+02
    endloop
  endfacet
  facet normal 8.595778e-01 4.962775e-01 -1.217978e-01
    outer loop
      vertex   1.388481e+02 1.699767e+02 1.973706e+02
      vertex   1.388704e+02 1.699698e+02 1.975000e+02
      vertex   1.389726e+02 1.697609e+02 1.973706e+02
    endloop
  endfacet
  facet normal 8.004305e-01 4.621288e-01 -3.817695e-01
    outer loop
      vertex   1.388481e+02 1.699767e+02 1.973706e+02
      vertex   1.389726e+02 1.697609e+02 1.973706e+02
      vertex   1.389314e+02 1.697328e+02 1.972500e+02
    endloop
  endfacet
  facet normal 7.226137e-01 5.762652e-01 -3.817695e-01
    outer loop
      vertex   1.389314e+02 1.697328e+02 1.972500e+02
      vertex   1.389726e+02 1.697609e+02 1.973706e+02
      vertex   1.390914e+02 1.695322e+02 1.972500e+02
    endloop
  endfacet
  facet normal 6.209115e-01 4.951604e-01 -6.076884e-01
    outer loop
      vertex   1.389314e+02 1.697328e+02 1.972500e+02
      vertex   1.390914e+02 1.695322e+02 1.972500e+02
      vertex   1.390331e+02 1.694781e+02 1.971464e+02
    endloop
  endfacet
  facet normal 5.401766e-01 5.821719e-01 -6.076884e-01
    outer loop
      vertex   1.390331e+02 1.694781e+02 1.971464e+02
      vertex   1.390914e+02 1.695322e+02 1.972500e+02
      vertex   1.392299e+02 1.692955e+02 1.971464e+02
    endloop
  endfacet
  facet normal 4.147926e-01 4.470401e-01 -7.925291e-01
    outer loop
      vertex   1.390331e+02 1.694781e+02 1.971464e+02
      vertex   1.392299e+02 1.692955e+02 1.971464e+02
      vertex   1.391654e+02 1.692145e+02 1.970670e+02
    endloop
  endfacet
  facet normal 8.376870e-01 5.177638e-01 -1.737845e-01
    outer loop
      vertex   1.388704e+02 1.699698e+02 1.975000e+02
      vertex   1.390353e+02 1.697030e+02 1.975000e+02
      vertex   1.389726e+02 1.697609e+02 1.973706e+02
    endloop
  endfacet
  facet normal 7.779957e-01 6.204309e-01 -9.893521e-02
    outer loop
      vertex   1.389726e+02 1.697609e+02 1.973706e+02
      vertex   1.390353e+02 1.697030e+02 1.975000e+02
      vertex   1.391280e+02 1.695661e+02 1.973706e+02
    endloop
  endfacet
  facet normal 7.226137e-01 5.762652e-01 -3.817695e-01
    outer loop
      vertex   1.389726e+02 1.697609e+02 1.973706e+02
      vertex   1.391280e+02 1.695661e+02 1.973706e+02
      vertex   1.390914e+02 1.695322e+02 1.972500e+02
    endloop
  endfacet
  facet normal 6.286548e-01 6.775287e-01 -3.817695e-01
    outer loop
      vertex   1.390914e+02 1.695322e+02 1.972500e+02
      vertex   1.391280e+02 1.695661e+02 1.973706e+02
      vertex   1.392795e+02 1.693576e+02 1.972500e+02
    endloop
  endfacet
  facet normal 5.401766e-01 5.821719e-01 -6.076884e-01
    outer loop
      vertex   1.390914e+02 1.695322e+02 1.972500e+02
      vertex   1.392795e+02 1.693576e+02 1.972500e+02
      vertex   1.392299e+02 1.692955e+02 1.971464e+02
    endloop
  endfacet
  facet normal 7.229204e-01 6.654299e-01 -1.859818e-01
    outer loop
      vertex   1.390353e+02 1.697030e+02 1.975000e+02
      vertex   1.392477e+02 1.694722e+02 1.975000e+02
      vertex   1.391280e+02 1.695661e+02 1.973706e+02
    endloop
  endfacet
  facet normal 6.769725e-01 7.296028e-01 -9.689173e-02
    outer loop
      vertex   1.391280e+02 1.695661e+02 1.973706e+02
      vertex   1.392477e+02 1.694722e+02 1.975000e+02
      vertex   1.393106e+02 1.693967e+02 1.973706e+02
    endloop
  endfacet
  facet normal 6.286548e-01 6.775287e-01 -3.817695e-01
    outer loop
      vertex   1.391280e+02 1.695661e+02 1.973706e+02
      vertex   1.393106e+02 1.693967e+02 1.973706e+02
      vertex   1.392795e+02 1.693576e+02 1.972500e+02
    endloop
  endfacet
  facet normal 5.848244e-01 7.914383e-01 -1.777803e-01
    outer loop
      vertex   1.392477e+02 1.694722e+02 1.975000e+02
      vertex   1.395000e+02 1.692858e+02 1.975000e+02
      vertex   1.393106e+02 1.693967e+02 1.973706e+02
    endloop
  endfacet
  facet normal 8.628798e-02 9.299632e-02 -9.919204e-01
    outer loop
      vertex   1.390902e+02 1.691202e+02 1.970170e+02
      vertex   1.389542e+02 1.690647e+02 1.970000e+02
      vertex   1.388688e+02 1.693256e+02 1.970170e+02
    endloop
  endfacet
  facet normal 9.722585e-02 9.648843e-02 -9.905741e-01
    outer loop
      vertex   1.388688e+02 1.693256e+02 1.970170e+02
      vertex   1.389542e+02 1.690647e+02 1.970000e+02
      vertex   1.387041e+02 1.693167e+02 1.970000e+02
    endloop
  endfacet
  facet normal 9.835844e-02 7.843823e-02 -9.920550e-01
    outer loop
      vertex   1.388688e+02 1.693256e+02 1.970170e+02
      vertex   1.387041e+02 1.693167e+02 1.970000e+02
      vertex   1.386805e+02 1.695618e+02 1.970170e+02
    endloop
  endfacet
  facet normal 1.125145e-01 7.968889e-02 -9.904495e-01
    outer loop
      vertex   1.386805e+02 1.695618e+02 1.970170e+02
      vertex   1.387041e+02 1.693167e+02 1.970000e+02
      vertex   1.384989e+02 1.696065e+02 1.970000e+02
    endloop
  endfacet
  facet normal 1.084704e-01 6.262540e-02 -9.921251e-01
    outer loop
      vertex   1.386805e+02 1.695618e+02 1.970170e+02
      vertex   1.384989e+02 1.696065e+02 1.970000e+02
      vertex   1.385295e+02 1.698233e+02 1.970170e+02
    endloop
  endfacet
  facet normal 1.244127e-01 6.023595e-02 -9.904005e-01
    outer loop
      vertex   1.385295e+02 1.698233e+02 1.970170e+02
      vertex   1.384989e+02 1.696065e+02 1.970000e+02
      vertex   1.383441e+02 1.699261e+02 1.970000e+02
    endloop
  endfacet
  facet normal 1.165323e-01 4.573556e-02 -9.921333e-01
    outer loop
      vertex   1.385295e+02 1.698233e+02 1.970170e+02
      vertex   1.383441e+02 1.699261e+02 1.970000e+02
      vertex   1.384192e+02 1.701044e+02 1.970170e+02
    endloop
  endfacet
  facet normal 1.324348e-01 3.887935e-02 -9.904289e-01
    outer loop
      vertex   1.384192e+02 1.701044e+02 1.970170e+02
      vertex   1.383441e+02 1.699261e+02 1.970000e+02
      vertex   1.382441e+02 1.702668e+02 1.970000e+02
    endloop
  endfacet
  facet normal 1.224598e-01 2.795064e-02 -9.920798e-01
    outer loop
      vertex   1.384192e+02 1.701044e+02 1.970170e+02
      vertex   1.382441e+02 1.702668e+02 1.970000e+02
      vertex   1.383520e+02 1.703988e+02 1.970170e+02
    endloop
  endfacet
  facet normal 1.362791e-01 1.646058e-02 -9.905337e-01
    outer loop
      vertex   1.383520e+02 1.703988e+02 1.970170e+02
      vertex   1.382441e+02 1.702668e+02 1.970000e+02
      vertex   1.382015e+02 1.706193e+02 1.970000e+02
    endloop
  endfacet
  facet normal 1.261761e-01 9.455594e-03 -9.919628e-01
    outer loop
      vertex   1.383520e+02 1.703988e+02 1.970170e+02
      vertex   1.382015e+02 1.706193e+02 1.970000e+02
      vertex   1.383294e+02 1.707000e+02 1.970170e+02
    endloop
  endfacet
  facet normal 1.358443e-01 -6.136652e-03 -9.907112e-01
    outer loop
      vertex   1.383294e+02 1.707000e+02 1.970170e+02
      vertex   1.382015e+02 1.706193e+02 1.970000e+02
      vertex   1.382175e+02 1.709741e+02 1.970000e+02
    endloop
  endfacet
  facet normal 1.276124e-01 -9.563227e-03 -9.917780e-01
    outer loop
      vertex   1.383294e+02 1.707000e+02 1.970170e+02
      vertex   1.382175e+02 1.709741e+02 1.970000e+02
      vertex   1.383520e+02 1.710012e+02 1.970170e+02
    endloop
  endfacet
  facet normal 1.312315e-01 -2.803831e-02 -9.909552e-01
    outer loop
      vertex   1.383520e+02 1.710012e+02 1.970170e+02
      vertex   1.382175e+02 1.709741e+02 1.970000e+02
      vertex   1.382917e+02 1.713213e+02 1.970000e+02
    endloop
  endfacet
  facet normal -3.847006e-02 -1.274427e-01 -9.910996e-01
    outer loop
      vertex   1.407992e+02 1.728025e+02 1.970000e+02
      vertex   1.411392e+02 1.726999e+02 1.970000e+02
      vertex   1.407996e+02 1.726699e+02 1.970170e+02
    endloop
  endfacet
  facet normal -3.866736e-02 -1.253565e-01 -9.913580e-01
    outer loop
      vertex   1.407996e+02 1.726699e+02 1.970170e+02
      vertex   1.411392e+02 1.726999e+02 1.970000e+02
      vertex   1.410882e+02 1.725809e+02 1.970170e+02
    endloop
  endfacet
  facet normal -1.130677e-01 -3.665566e-01 -9.234999e-01
    outer loop
      vertex   1.407996e+02 1.726699e+02 1.970170e+02
      vertex   1.410882e+02 1.725809e+02 1.970170e+02
      vertex   1.410441e+02 1.724687e+02 1.970670e+02
    endloop
  endfacet
  facet normal -1.664373e-01 -3.456106e-01 -9.234999e-01
    outer loop
      vertex   1.410441e+02 1.724687e+02 1.970670e+02
      vertex   1.410882e+02 1.725809e+02 1.970170e+02
      vertex   1.413000e+02 1.723454e+02 1.970670e+02
    endloop
  endfacet
  facet normal -2.645971e-01 -5.494416e-01 -7.925291e-01
    outer loop
      vertex   1.410441e+02 1.724687e+02 1.970670e+02
      vertex   1.413000e+02 1.723454e+02 1.970670e+02
      vertex   1.412482e+02 1.722558e+02 1.971464e+02
    endloop
  endfacet
  facet normal -3.435318e-01 -5.038686e-01 -7.925291e-01
    outer loop
      vertex   1.412482e+02 1.722558e+02 1.971464e+02
      vertex   1.413000e+02 1.723454e+02 1.970670e+02
      vertex   1.414701e+02 1.721045e+02 1.971464e+02
    endloop
  endfacet
  facet normal -4.473750e-01 -6.561787e-01 -6.076884e-01
    outer loop
      vertex   1.412482e+02 1.722558e+02 1.971464e+02
      vertex   1.414701e+02 1.721045e+02 1.971464e+02
      vertex   1.414205e+02 1.720424e+02 1.972500e+02
    endloop
  endfacet
  facet normal -5.401766e-01 -5.821719e-01 -6.076884e-01
    outer loop
      vertex   1.414205e+02 1.720424e+02 1.972500e+02
      vertex   1.414701e+02 1.721045e+02 1.971464e+02
      vertex   1.416086e+02 1.718678e+02 1.972500e+02
    endloop
  endfacet
  facet normal -6.286548e-01 -6.775287e-01 -3.817695e-01
    outer loop
      vertex   1.414205e+02 1.720424e+02 1.972500e+02
      vertex   1.416086e+02 1.718678e+02 1.972500e+02
      vertex   1.415720e+02 1.718339e+02 1.973706e+02
    endloop
  endfacet
  facet normal -7.226137e-01 -5.762652e-01 -3.817695e-01
    outer loop
      vertex   1.415720e+02 1.718339e+02 1.973706e+02
      vertex   1.416086e+02 1.718678e+02 1.972500e+02
      vertex   1.417274e+02 1.716391e+02 1.973706e+02
    endloop
  endfacet
  facet normal -5.666337e-02 -1.176627e-01 -9.914357e-01
    outer loop
      vertex   1.410882e+02 1.725809e+02 1.970170e+02
      vertex   1.411392e+02 1.726999e+02 1.970000e+02
      vertex   1.413603e+02 1.724499e+02 1.970170e+02
    endloop
  endfacet
  facet normal -5.914932e-02 -1.198336e-01 -9.910304e-01
    outer loop
      vertex   1.413603e+02 1.724499e+02 1.970170e+02
      vertex   1.411392e+02 1.726999e+02 1.970000e+02
      vertex   1.414576e+02 1.725428e+02 1.970000e+02
    endloop
  endfacet
  facet normal -7.235613e-02 -1.061270e-01 -9.917165e-01
    outer loop
      vertex   1.413603e+02 1.724499e+02 1.970170e+02
      vertex   1.414576e+02 1.725428e+02 1.970000e+02
      vertex   1.416098e+02 1.722798e+02 1.970170e+02
    endloop
  endfacet
  facet normal -7.918640e-02 -1.100194e-01 -9.907700e-01
    outer loop
      vertex   1.416098e+02 1.722798e+02 1.970170e+02
      vertex   1.414576e+02 1.725428e+02 1.970000e+02
      vertex   1.417458e+02 1.723353e+02 1.970000e+02
    endloop
  endfacet
  facet normal -8.628798e-02 -9.299632e-02 -9.919204e-01
    outer loop
      vertex   1.416098e+02 1.722798e+02 1.970170e+02
      vertex   1.417458e+02 1.723353e+02 1.970000e+02
      vertex   1.418312e+02 1.720744e+02 1.970170e+02
    endloop
  endfacet
  facet normal -9.722585e-02 -9.648843e-02 -9.905741e-01
    outer loop
      vertex   1.418312e+02 1.720744e+02 1.970170e+02
      vertex   1.417458e+02 1.723353e+02 1.970000e+02
      vertex   1.419959e+02 1.720833e+02 1.970000e+02
    endloop
  endfacet
  facet normal -9.835844e-02 -7.843823e-02 -9.920550e-01
    outer loop
      vertex   1.418312e+02 1.720744e+02 1.970170e+02
      vertex   1.419959e+02 1.720833e+02 1.970000e+02
      vertex   1.420195e+02 1.718382e+02 1.970170e+02
    endloop
  endfacet
  facet normal -1.125145e-01 -7.968889e-02 -9.904495e-01
    outer loop
      vertex   1.420195e+02 1.718382e+02 1.970170e+02
      vertex   1.419959e+02 1.720833e+02 1.970000e+02
      vertex   1.422011e+02 1.717935e+02 1.970000e+02
    endloop
  endfacet
  facet normal -1.084704e-01 -6.262540e-02 -9.921251e-01
    outer loop
      vertex   1.420195e+02 1.718382e+02 1.970170e+02
      vertex   1.422011e+02 1.717935e+02 1.970000e+02
      vertex   1.421705e+02 1.715767e+02 1.970170e+02
    endloop
  endfacet
  facet normal -1.244127e-01 -6.023595e-02 -9.904005e-01
    outer loop
      vertex   1.421705e+02 1.715767e+02 1.970170e+02
      vertex   1.422011e+02 1.717935e+02 1.970000e+02
      vertex   1.423559e+02 1.714739e+02 1.970000e+02
    endloop
  endfacet
  facet normal -1.165323e-01 -4.573556e-02 -9.921333e-01
    outer loop
      vertex   1.421705e+02 1.715767e+02 1.970170e+02
      vertex   1.423559e+02 1.714739e+02 1.970000e+02
      vertex   1.422808e+02 1.712956e+02 1.970170e+02
    endloop
  endfacet
  facet normal -1.324348e-01 -3.887935e-02 -9.904289e-01
    outer loop
      vertex   1.422808e+02 1.712956e+02 1.970170e+02
      vertex   1.423559e+02 1.714739e+02 1.970000e+02
      vertex   1.424559e+02 1.711332e+02 1.970000e+02
    endloop
  endfacet
  facet normal -1.224598e-01 -2.795064e-02 -9.920798e-01
    outer loop
      vertex   1.422808e+02 1.712956e+02 1.970170e+02
      vertex   1.424559e+02 1.711332e+02 1.970000e+02
      vertex   1.423480e+02 1.710012e+02 1.970170e+02
    endloop
  endfacet
  facet normal -1.362791e-01 -1.646058e-02 -9.905337e-01
    outer loop
      vertex   1.423480e+02 1.710012e+02 1.970170e+02
      vertex   1.424559e+02 1.711332e+02 1.970000e+02
      vertex   1.424985e+02 1.707807e+02 1.970000e+02
    endloop
  endfacet
  facet normal -1.261761e-01 -9.455594e-03 -9.919628e-01
    outer loop
      vertex   1.423480e+02 1.710012e+02 1.970170e+02
      vertex   1.424985e+02 1.707807e+02 1.970000e+02
      vertex   1.423706e+02 1.707000e+02 1.970170e+02
    endloop
  endfacet
  facet normal -1.358443e-01 6.136652e-03 -9.907112e-01
    outer loop
      vertex   1.423706e+02 1.707000e+02 1.970170e+02
      vertex   1.424985e+02 1.707807e+02 1.970000e+02
      vertex   1.424825e+02 1.704259e+02 1.970000e+02
    endloop
  endfacet
  facet normal -1.036947e-01 8.850504e-02 -9.906635e-01
    outer loop
      vertex   1.420950e+02 1.694440e+02 1.970000e+02
      vertex   1.418645e+02 1.691739e+02 1.970000e+02
      vertex   1.418312e+02 1.693256e+02 1.970170e+02
    endloop
  endfacet
  facet normal -8.588504e-02 9.256206e-02 -9.919960e-01
    outer loop
      vertex   1.418312e+02 1.693256e+02 1.970170e+02
      vertex   1.418645e+02 1.691739e+02 1.970000e+02
      vertex   1.416098e+02 1.691202e+02 1.970170e+02
    endloop
  endfacet
  facet normal -2.609134e-01 2.811978e-01 -9.234999e-01
    outer loop
      vertex   1.418312e+02 1.693256e+02 1.970170e+02
      vertex   1.416098e+02 1.691202e+02 1.970170e+02
      vertex   1.415346e+02 1.692145e+02 1.970670e+02
    endloop
  endfacet
  facet normal -2.160889e-01 3.169442e-01 -9.234999e-01
    outer loop
      vertex   1.415346e+02 1.692145e+02 1.970670e+02
      vertex   1.416098e+02 1.691202e+02 1.970170e+02
      vertex   1.413000e+02 1.690546e+02 1.970670e+02
    endloop
  endfacet
  facet normal -3.435318e-01 5.038686e-01 -7.925291e-01
    outer loop
      vertex   1.415346e+02 1.692145e+02 1.970670e+02
      vertex   1.413000e+02 1.690546e+02 1.970670e+02
      vertex   1.412482e+02 1.691442e+02 1.971464e+02
    endloop
  endfacet
  facet normal -2.645971e-01 5.494416e-01 -7.925291e-01
    outer loop
      vertex   1.412482e+02 1.691442e+02 1.971464e+02
      vertex   1.413000e+02 1.690546e+02 1.970670e+02
      vertex   1.410063e+02 1.690277e+02 1.971464e+02
    endloop
  endfacet
  facet normal -3.445799e-01 7.155275e-01 -6.076884e-01
    outer loop
      vertex   1.412482e+02 1.691442e+02 1.971464e+02
      vertex   1.410063e+02 1.690277e+02 1.971464e+02
      vertex   1.409773e+02 1.691017e+02 1.972500e+02
    endloop
  endfacet
  facet normal -2.340874e-01 7.588926e-01 -6.076884e-01
    outer loop
      vertex   1.409773e+02 1.691017e+02 1.972500e+02
      vertex   1.410063e+02 1.690277e+02 1.971464e+02
      vertex   1.407321e+02 1.690261e+02 1.972500e+02
    endloop
  endfacet
  facet normal -2.724297e-01 8.831954e-01 -3.817695e-01
    outer loop
      vertex   1.409773e+02 1.691017e+02 1.972500e+02
      vertex   1.407321e+02 1.690261e+02 1.972500e+02
      vertex   1.407210e+02 1.690748e+02 1.973706e+02
    endloop
  endfacet
  facet normal -1.377534e-01 9.139344e-01 -3.817695e-01
    outer loop
      vertex   1.407210e+02 1.690748e+02 1.973706e+02
      vertex   1.407321e+02 1.690261e+02 1.972500e+02
      vertex   1.404746e+02 1.690376e+02 1.973706e+02
    endloop
  endfacet
  facet normal -8.846237e-02 1.052572e-01 -9.905026e-01
    outer loop
      vertex   1.418645e+02 1.691739e+02 1.970000e+02
      vertex   1.415926e+02 1.689455e+02 1.970000e+02
      vertex   1.416098e+02 1.691202e+02 1.970170e+02
    endloop
  endfacet
  facet normal -7.067766e-02 1.036651e-01 -9.920979e-01
    outer loop
      vertex   1.416098e+02 1.691202e+02 1.970170e+02
      vertex   1.415926e+02 1.689455e+02 1.970000e+02
      vertex   1.413603e+02 1.689501e+02 1.970170e+02
    endloop
  endfacet
  facet normal -2.160889e-01 3.169442e-01 -9.234999e-01
    outer loop
      vertex   1.416098e+02 1.691202e+02 1.970170e+02
      vertex   1.413603e+02 1.689501e+02 1.970170e+02
      vertex   1.413000e+02 1.690546e+02 1.970670e+02
    endloop
  endfacet
  facet normal -1.664373e-01 3.456106e-01 -9.234999e-01
    outer loop
      vertex   1.413000e+02 1.690546e+02 1.970670e+02
      vertex   1.413603e+02 1.689501e+02 1.970170e+02
      vertex   1.410441e+02 1.689313e+02 1.970670e+02
    endloop
  endfacet
  facet normal -2.645971e-01 5.494416e-01 -7.925291e-01
    outer loop
      vertex   1.413000e+02 1.690546e+02 1.970670e+02
      vertex   1.410441e+02 1.689313e+02 1.970670e+02
      vertex   1.410063e+02 1.690277e+02 1.971464e+02
    endloop
  endfacet
  facet normal -1.797518e-01 5.827409e-01 -7.925291e-01
    outer loop
      vertex   1.410063e+02 1.690277e+02 1.971464e+02
      vertex   1.410441e+02 1.689313e+02 1.970670e+02
      vertex   1.407497e+02 1.689486e+02 1.971464e+02
    endloop
  endfacet
  facet normal -2.340874e-01 7.588926e-01 -6.076884e-01
    outer loop
      vertex   1.410063e+02 1.690277e+02 1.971464e+02
      vertex   1.407497e+02 1.689486e+02 1.971464e+02
      vertex   1.407321e+02 1.690261e+02 1.972500e+02
    endloop
  endfacet
  facet normal -1.183657e-01 7.853053e-01 -6.076884e-01
    outer loop
      vertex   1.407321e+02 1.690261e+02 1.972500e+02
      vertex   1.407497e+02 1.689486e+02 1.971464e+02
      vertex   1.404783e+02 1.689878e+02 1.972500e+02
    endloop
  endfacet
  facet normal -1.377534e-01 9.139344e-01 -3.817695e-01
    outer loop
      vertex   1.407321e+02 1.690261e+02 1.972500e+02
      vertex   1.404783e+02 1.689878e+02 1.972500e+02
      vertex   1.404746e+02 1.690376e+02 1.973706e+02
    endloop
  endfacet
  facet normal 0.000000e+00 9.242576e-01 -3.817695e-01
    outer loop
      vertex   1.404746e+02 1.690376e+02 1.973706e+02
      vertex   1.404783e+02 1.689878e+02 1.972500e+02
      vertex   1.402254e+02 1.690376e+02 1.973706e+02
    endloop
  endfacet
  facet normal -7.024993e-02 1.189218e-01 -9.904153e-01
    outer loop
      vertex   1.415926e+02 1.689455e+02 1.970000e+02
      vertex   1.412869e+02 1.687649e+02 1.970000e+02
      vertex   1.413603e+02 1.689501e+02 1.970170e+02
    endloop
  endfacet
  facet normal -5.430382e-02 1.127630e-01 -9.921369e-01
    outer loop
      vertex   1.413603e+02 1.689501e+02 1.970170e+02
      vertex   1.412869e+02 1.687649e+02 1.970000e+02
      vertex   1.410882e+02 1.688191e+02 1.970170e+02
    endloop
  endfacet
  facet normal -1.664373e-01 3.456106e-01 -9.234999e-01
    outer loop
      vertex   1.413603e+02 1.689501e+02 1.970170e+02
      vertex   1.410882e+02 1.688191e+02 1.970170e+02
      vertex   1.410441e+02 1.689313e+02 1.970670e+02
    endloop
  endfacet
  facet normal -1.130677e-01 3.665566e-01 -9.234999e-01
    outer loop
      vertex   1.410441e+02 1.689313e+02 1.970670e+02
      vertex   1.410882e+02 1.688191e+02 1.970170e+02
      vertex   1.407728e+02 1.688476e+02 1.970670e+02
    endloop
  endfacet
  facet normal -1.797518e-01 5.827409e-01 -7.925291e-01
    outer loop
      vertex   1.410441e+02 1.689313e+02 1.970670e+02
      vertex   1.407728e+02 1.688476e+02 1.970670e+02
      vertex   1.407497e+02 1.689486e+02 1.971464e+02
    endloop
  endfacet
  facet normal -9.089106e-02 6.030228e-01 -7.925291e-01
    outer loop
      vertex   1.407497e+02 1.689486e+02 1.971464e+02
      vertex   1.407728e+02 1.688476e+02 1.970670e+02
      vertex   1.404842e+02 1.689086e+02 1.971464e+02
    endloop
  endfacet
  facet normal -1.183657e-01 7.853053e-01 -6.076884e-01
    outer loop
      vertex   1.407497e+02 1.689486e+02 1.971464e+02
      vertex   1.404842e+02 1.689086e+02 1.971464e+02
      vertex   1.404783e+02 1.689878e+02 1.972500e+02
    endloop
  endfacet
  facet normal 0.000000e+00 7.941756e-01 -6.076884e-01
    outer loop
      vertex   1.404783e+02 1.689878e+02 1.972500e+02
      vertex   1.404842e+02 1.689086e+02 1.971464e+02
      vertex   1.402217e+02 1.689878e+02 1.972500e+02
    endloop
  endfacet
  facet normal 0.000000e+00 9.242576e-01 -3.817695e-01
    outer loop
      vertex   1.404783e+02 1.689878e+02 1.972500e+02
      vertex   1.402217e+02 1.689878e+02 1.972500e+02
      vertex   1.402254e+02 1.690376e+02 1.973706e+02
    endloop
  endfacet
  facet normal 1.377534e-01 9.139344e-01 -3.817695e-01
    outer loop
      vertex   1.402254e+02 1.690376e+02 1.973706e+02
      vertex   1.402217e+02 1.689878e+02 1.972500e+02
      vertex   1.399790e+02 1.690748e+02 1.973706e+02
    endloop
  endfacet
  facet normal -4.974461e-02 1.289317e-01 -9.904050e-01
    outer loop
      vertex   1.412869e+02 1.687649e+02 1.970000e+02
      vertex   1.409556e+02 1.686371e+02 1.970000e+02
      vertex   1.410882e+02 1.688191e+02 1.970170e+02
    endloop
  endfacet
  facet normal -3.694348e-02 1.197678e-01 -9.921143e-01
    outer loop
      vertex   1.410882e+02 1.688191e+02 1.970170e+02
      vertex   1.409556e+02 1.686371e+02 1.970000e+02
      vertex   1.407996e+02 1.687301e+02 1.970170e+02
    endloop
  endfacet
  facet normal -1.130677e-01 3.665566e-01 -9.234999e-01
    outer loop
      vertex   1.410882e+02 1.688191e+02 1.970170e+02
      vertex   1.407996e+02 1.687301e+02 1.970170e+02
      vertex   1.407728e+02 1.688476e+02 1.970670e+02
    endloop
  endfacet
  facet normal -5.717243e-02 3.793143e-01 -9.234999e-01
    outer loop
      vertex   1.407728e+02 1.688476e+02 1.970670e+02
      vertex   1.407996e+02 1.687301e+02 1.970170e+02
      vertex   1.404920e+02 1.688053e+02 1.970670e+02
    endloop
  endfacet
  facet normal -9.089106e-02 6.030228e-01 -7.925291e-01
    outer loop
      vertex   1.407728e+02 1.688476e+02 1.970670e+02
      vertex   1.404920e+02 1.688053e+02 1.970670e+02
      vertex   1.404842e+02 1.689086e+02 1.971464e+02
    endloop
  endfacet
  facet normal 0.000000e+00 6.098342e-01 -7.925291e-01
    outer loop
      vertex   1.404842e+02 1.689086e+02 1.971464e+02
      vertex   1.404920e+02 1.688053e+02 1.970670e+02
      vertex   1.402158e+02 1.689086e+02 1.971464e+02
    endloop
  endfacet
  facet normal 0.000000e+00 7.941756e-01 -6.076884e-01
    outer loop
      vertex   1.404842e+02 1.689086e+02 1.971464e+02
      vertex   1.402158e+02 1.689086e+02 1.971464e+02
      vertex   1.402217e+02 1.689878e+02 1.972500e+02
    endloop
  endfacet
  facet normal 1.183657e-01 7.853053e-01 -6.076884e-01
    outer loop
      vertex   1.402217e+02 1.689878e+02 1.972500e+02
      vertex   1.402158e+02 1.689086e+02 1.971464e+02
      vertex   1.399679e+02 1.690261e+02 1.972500e+02
    endloop
  endfacet
  facet normal 1.377534e-01 9.139344e-01 -3.817695e-01
    outer loop
      vertex   1.402217e+02 1.689878e+02 1.972500e+02
      vertex   1.399679e+02 1.690261e+02 1.972500e+02
      vertex   1.399790e+02 1.690748e+02 1.973706e+02
    endloop
  endfacet
  facet normal 2.724297e-01 8.831954e-01 -3.817695e-01
    outer loop
      vertex   1.399790e+02 1.690748e+02 1.973706e+02
      vertex   1.399679e+02 1.690261e+02 1.972500e+02
      vertex   1.397410e+02 1.691482e+02 1.973706e+02
    endloop
  endfacet
  facet normal -2.774789e-02 1.348903e-01 -9.904719e-01
    outer loop
      vertex   1.409556e+02 1.686371e+02 1.970000e+02
      vertex   1.406078e+02 1.685655e+02 1.970000e+02
      vertex   1.407996e+02 1.687301e+02 1.970170e+02
    endloop
  endfacet
  facet normal -1.878025e-02 1.245988e-01 -9.920295e-01
    outer loop
      vertex   1.407996e+02 1.687301e+02 1.970170e+02
      vertex   1.406078e+02 1.685655e+02 1.970000e+02
      vertex   1.405010e+02 1.686851e+02 1.970170e+02
    endloop
  endfacet
  facet normal -5.717243e-02 3.793143e-01 -9.234999e-01
    outer loop
      vertex   1.407996e+02 1.687301e+02 1.970170e+02
      vertex   1.405010e+02 1.686851e+02 1.970170e+02
      vertex   1.404920e+02 1.688053e+02 1.970670e+02
    endloop
  endfacet
  facet normal 0.000000e+00 3.835988e-01 -9.234999e-01
    outer loop
      vertex   1.404920e+02 1.688053e+02 1.970670e+02
      vertex   1.405010e+02 1.686851e+02 1.970170e+02
      vertex   1.402080e+02 1.688053e+02 1.970670e+02
    endloop
  endfacet
  facet normal 0.000000e+00 6.098342e-01 -7.925291e-01
    outer loop
      vertex   1.404920e+02 1.688053e+02 1.970670e+02
      vertex   1.402080e+02 1.688053e+02 1.970670e+02
      vertex   1.402158e+02 1.689086e+02 1.971464e+02
    endloop
  endfacet
  facet normal 9.089106e-02 6.030228e-01 -7.925291e-01
    outer loop
      vertex   1.402158e+02 1.689086e+02 1.971464e+02
      vertex   1.402080e+02 1.688053e+02 1.970670e+02
      vertex   1.399503e+02 1.689486e+02 1.971464e+02
    endloop
  endfacet
  facet normal 1.183657e-01 7.853053e-01 -6.076884e-01
    outer loop
      vertex   1.402158e+02 1.689086e+02 1.971464e+02
      vertex   1.399503e+02 1.689486e+02 1.971464e+02
      vertex   1.399679e+02 1.690261e+02 1.972500e+02
    endloop
  endfacet
  facet normal 2.340874e-01 7.588926e-01 -6.076884e-01
    outer loop
      vertex   1.399679e+02 1.690261e+02 1.972500e+02
      vertex   1.399503e+02 1.689486e+02 1.971464e+02
      vertex   1.397227e+02 1.691017e+02 1.972500e+02
    endloop
  endfacet
  facet normal 2.724297e-01 8.831954e-01 -3.817695e-01
    outer loop
      vertex   1.399679e+02 1.690261e+02 1.972500e+02
      vertex   1.397227e+02 1.691017e+02 1.972500e+02
      vertex   1.397410e+02 1.691482e+02 1.973706e+02
    endloop
  endfacet
  facet normal 4.010203e-01 8.327273e-01 -3.817695e-01
    outer loop
      vertex   1.397410e+02 1.691482e+02 1.973706e+02
      vertex   1.397227e+02 1.691017e+02 1.972500e+02
      vertex   1.395165e+02 1.692563e+02 1.973706e+02
    endloop
  endfacet
  facet normal -5.128818e-03 1.365949e-01 -9.906137e-01
    outer loop
      vertex   1.406078e+02 1.685655e+02 1.970000e+02
      vertex   1.402530e+02 1.685522e+02 1.970000e+02
      vertex   1.405010e+02 1.686851e+02 1.970170e+02
    endloop
  endfacet
  facet normal 0.000000e+00 1.271833e-01 -9.918792e-01
    outer loop
      vertex   1.405010e+02 1.686851e+02 1.970170e+02
      vertex   1.402530e+02 1.685522e+02 1.970000e+02
      vertex   1.401990e+02 1.686851e+02 1.970170e+02
    endloop
  endfacet
  facet normal 0.000000e+00 3.835988e-01 -9.234999e-01
    outer loop
      vertex   1.405010e+02 1.686851e+02 1.970170e+02
      vertex   1.401990e+02 1.686851e+02 1.970170e+02
      vertex   1.402080e+02 1.688053e+02 1.970670e+02
    endloop
  endfacet
  facet normal 5.717243e-02 3.793143e-01 -9.234999e-01
    outer loop
      vertex   1.402080e+02 1.688053e+02 1.970670e+02
      vertex   1.401990e+02 1.686851e+02 1.970170e+02
      vertex   1.399272e+02 1.688476e+02 1.970670e+02
    endloop
  endfacet
  facet normal 9.089106e-02 6.030228e-01 -7.925291e-01
    outer loop
      vertex   1.402080e+02 1.688053e+02 1.970670e+02
      vertex   1.399272e+02 1.688476e+02 1.970670e+02
      vertex   1.399503e+02 1.689486e+02 1.971464e+02
    endloop
  endfacet
  facet normal 1.797518e-01 5.827409e-01 -7.925291e-01
    outer loop
      vertex   1.399503e+02 1.689486e+02 1.971464e+02
      vertex   1.399272e+02 1.688476e+02 1.970670e+02
      vertex   1.396937e+02 1.690277e+02 1.971464e+02
    endloop
  endfacet
  facet normal 2.340874e-01 7.588926e-01 -6.076884e-01
    outer loop
      vertex   1.399503e+02 1.689486e+02 1.971464e+02
      vertex   1.396937e+02 1.690277e+02 1.971464e+02
      vertex   1.397227e+02 1.691017e+02 1.972500e+02
    endloop
  endfacet
  facet normal 3.445799e-01 7.155275e-01 -6.076884e-01
    outer loop
      vertex   1.397227e+02 1.691017e+02 1.972500e+02
      vertex   1.396937e+02 1.690277e+02 1.971464e+02
      vertex   1.394915e+02 1.692130e+02 1.972500e+02
    endloop
  endfacet
  facet normal 4.010203e-01 8.327273e-01 -3.817695e-01
    outer loop
      vertex   1.397227e+02 1.691017e+02 1.972500e+02
      vertex   1.394915e+02 1.692130e+02 1.972500e+02
      vertex   1.395165e+02 1.692563e+02 1.973706e+02
    endloop
  endfacet
  facet normal 1.722729e-02 1.340462e-01 -9.908253e-01
    outer loop
      vertex   1.402530e+02 1.685522e+02 1.970000e+02
      vertex   1.399008e+02 1.685975e+02 1.970000e+02
      vertex   1.401990e+02 1.686851e+02 1.970170e+02
    endloop
  endfacet
  facet normal 1.921087e-02 1.274558e-01 -9.916582e-01
    outer loop
      vertex   1.401990e+02 1.686851e+02 1.970170e+02
      vertex   1.399008e+02 1.685975e+02 1.970000e+02
      vertex   1.399004e+02 1.687301e+02 1.970170e+02
    endloop
  endfacet
  facet normal 5.717243e-02 3.793143e-01 -9.234999e-01
    outer loop
      vertex   1.401990e+02 1.686851e+02 1.970170e+02
      vertex   1.399004e+02 1.687301e+02 1.970170e+02
      vertex   1.399272e+02 1.688476e+02 1.970670e+02
    endloop
  endfacet
  facet normal 1.130677e-01 3.665566e-01 -9.234999e-01
    outer loop
      vertex   1.399272e+02 1.688476e+02 1.970670e+02
      vertex   1.399004e+02 1.687301e+02 1.970170e+02
      vertex   1.396559e+02 1.689313e+02 1.970670e+02
    endloop
  endfacet
  facet normal 1.797518e-01 5.827409e-01 -7.925291e-01
    outer loop
      vertex   1.399272e+02 1.688476e+02 1.970670e+02
      vertex   1.396559e+02 1.689313e+02 1.970670e+02
      vertex   1.396937e+02 1.690277e+02 1.971464e+02
    endloop
  endfacet
  facet normal 2.645971e-01 5.494416e-01 -7.925291e-01
    outer loop
      vertex   1.396937e+02 1.690277e+02 1.971464e+02
      vertex   1.396559e+02 1.689313e+02 1.970670e+02
      vertex   1.394518e+02 1.691442e+02 1.971464e+02
    endloop
  endfacet
  facet normal 3.445799e-01 7.155275e-01 -6.076884e-01
    outer loop
      vertex   1.396937e+02 1.690277e+02 1.971464e+02
      vertex   1.394518e+02 1.691442e+02 1.971464e+02
      vertex   1.394915e+02 1.692130e+02 1.972500e+02
    endloop
  endfacet
  facet normal 3.847006e-02 1.274427e-01 -9.910996e-01
    outer loop
      vertex   1.399008e+02 1.685975e+02 1.970000e+02
      vertex   1.395608e+02 1.687001e+02 1.970000e+02
      vertex   1.399004e+02 1.687301e+02 1.970170e+02
    endloop
  endfacet
  facet normal 3.866736e-02 1.253565e-01 -9.913580e-01
    outer loop
      vertex   1.399004e+02 1.687301e+02 1.970170e+02
      vertex   1.395608e+02 1.687001e+02 1.970000e+02
      vertex   1.396118e+02 1.688191e+02 1.970170e+02
    endloop
  endfacet
  facet normal 1.130677e-01 3.665566e-01 -9.234999e-01
    outer loop
      vertex   1.399004e+02 1.687301e+02 1.970170e+02
      vertex   1.396118e+02 1.688191e+02 1.970170e+02
      vertex   1.396559e+02 1.689313e+02 1.970670e+02
    endloop
  endfacet
  facet normal 1.664373e-01 3.456106e-01 -9.234999e-01
    outer loop
      vertex   1.396559e+02 1.689313e+02 1.970670e+02
      vertex   1.396118e+02 1.688191e+02 1.970170e+02
      vertex   1.394000e+02 1.690546e+02 1.970670e+02
    endloop
  endfacet
  facet normal 2.645971e-01 5.494416e-01 -7.925291e-01
    outer loop
      vertex   1.396559e+02 1.689313e+02 1.970670e+02
      vertex   1.394000e+02 1.690546e+02 1.970670e+02
      vertex   1.394518e+02 1.691442e+02 1.971464e+02
    endloop
  endfacet
  facet normal 5.666337e-02 1.176627e-01 -9.914357e-01
    outer loop
      vertex   1.396118e+02 1.688191e+02 1.970170e+02
      vertex   1.395608e+02 1.687001e+02 1.970000e+02
      vertex   1.393397e+02 1.689501e+02 1.970170e+02
    endloop
  endfacet
  facet normal 5.914932e-02 1.198336e-01 -9.910304e-01
    outer loop
      vertex   1.393397e+02 1.689501e+02 1.970170e+02
      vertex   1.395608e+02 1.687001e+02 1.970000e+02
      vertex   1.392424e+02 1.688572e+02 1.970000e+02
    endloop
  endfacet
  facet normal 9.216731e-01 -6.906985e-02 -3.817695e-01
    outer loop
      vertex   1.386522e+02 1.709559e+02 1.972500e+02
      vertex   1.387016e+02 1.709485e+02 1.973706e+02
      vertex   1.386330e+02 1.707000e+02 1.972500e+02
    endloop
  endfacet
  facet normal 9.216731e-01 -6.906985e-02 -3.817695e-01
    outer loop
      vertex   1.386330e+02 1.707000e+02 1.972500e+02
      vertex   1.387016e+02 1.709485e+02 1.973706e+02
      vertex   1.386830e+02 1.707000e+02 1.973706e+02
    endloop
  endfacet
  facet normal 9.216731e-01 6.906985e-02 -3.817695e-01
    outer loop
      vertex   1.386330e+02 1.707000e+02 1.972500e+02
      vertex   1.386830e+02 1.707000e+02 1.973706e+02
      vertex   1.386522e+02 1.704441e+02 1.972500e+02
    endloop
  endfacet
  facet normal 9.216731e-01 6.906985e-02 -3.817695e-01
    outer loop
      vertex   1.386522e+02 1.704441e+02 1.972500e+02
      vertex   1.386830e+02 1.707000e+02 1.973706e+02
      vertex   1.387016e+02 1.704515e+02 1.973706e+02
    endloop
  endfacet
  facet normal 9.010845e-01 2.056667e-01 -3.817695e-01
    outer loop
      vertex   1.386522e+02 1.704441e+02 1.972500e+02
      vertex   1.387016e+02 1.704515e+02 1.973706e+02
      vertex   1.387093e+02 1.701939e+02 1.972500e+02
    endloop
  endfacet
  facet normal 9.010845e-01 2.056667e-01 -3.817695e-01
    outer loop
      vertex   1.387093e+02 1.701939e+02 1.972500e+02
      vertex   1.387016e+02 1.704515e+02 1.973706e+02
      vertex   1.387570e+02 1.702086e+02 1.973706e+02
    endloop
  endfacet
  facet normal 8.603671e-01 3.376692e-01 -3.817695e-01
    outer loop
      vertex   1.387093e+02 1.701939e+02 1.972500e+02
      vertex   1.387570e+02 1.702086e+02 1.973706e+02
      vertex   1.388030e+02 1.699550e+02 1.972500e+02
    endloop
  endfacet
  facet normal 8.603671e-01 3.376692e-01 -3.817695e-01
    outer loop
      vertex   1.388030e+02 1.699550e+02 1.972500e+02
      vertex   1.387570e+02 1.702086e+02 1.973706e+02
      vertex   1.388481e+02 1.699767e+02 1.973706e+02
    endloop
  endfacet
  facet normal 8.004305e-01 4.621288e-01 -3.817695e-01
    outer loop
      vertex   1.388030e+02 1.699550e+02 1.972500e+02
      vertex   1.388481e+02 1.699767e+02 1.973706e+02
      vertex   1.389314e+02 1.697328e+02 1.972500e+02
    endloop
  endfacet
  facet normal 7.919549e-01 -5.934882e-02 -6.076884e-01
    outer loop
      vertex   1.385736e+02 1.709677e+02 1.971464e+02
      vertex   1.386522e+02 1.709559e+02 1.972500e+02
      vertex   1.385536e+02 1.707000e+02 1.971464e+02
    endloop
  endfacet
  facet normal 7.919549e-01 -5.934882e-02 -6.076884e-01
    outer loop
      vertex   1.385536e+02 1.707000e+02 1.971464e+02
      vertex   1.386522e+02 1.709559e+02 1.972500e+02
      vertex   1.386330e+02 1.707000e+02 1.972500e+02
    endloop
  endfacet
  facet normal 7.919549e-01 5.934882e-02 -6.076884e-01
    outer loop
      vertex   1.385536e+02 1.707000e+02 1.971464e+02
      vertex   1.386330e+02 1.707000e+02 1.972500e+02
      vertex   1.385736e+02 1.704323e+02 1.971464e+02
    endloop
  endfacet
  facet normal 7.919549e-01 5.934882e-02 -6.076884e-01
    outer loop
      vertex   1.385736e+02 1.704323e+02 1.971464e+02
      vertex   1.386330e+02 1.707000e+02 1.972500e+02
      vertex   1.386522e+02 1.704441e+02 1.972500e+02
    endloop
  endfacet
  facet normal 7.742639e-01 1.767207e-01 -6.076884e-01
    outer loop
      vertex   1.385736e+02 1.704323e+02 1.971464e+02
      vertex   1.386522e+02 1.704441e+02 1.972500e+02
      vertex   1.386334e+02 1.701705e+02 1.971464e+02
    endloop
  endfacet
  facet normal 7.742639e-01 1.767207e-01 -6.076884e-01
    outer loop
      vertex   1.386334e+02 1.701705e+02 1.971464e+02
      vertex   1.386522e+02 1.704441e+02 1.972500e+02
      vertex   1.387093e+02 1.701939e+02 1.972500e+02
    endloop
  endfacet
  facet normal 7.392772e-01 2.901449e-01 -6.076884e-01
    outer loop
      vertex   1.386334e+02 1.701705e+02 1.971464e+02
      vertex   1.387093e+02 1.701939e+02 1.972500e+02
      vertex   1.387315e+02 1.699206e+02 1.971464e+02
    endloop
  endfacet
  facet normal 7.392772e-01 2.901449e-01 -6.076884e-01
    outer loop
      vertex   1.387315e+02 1.699206e+02 1.971464e+02
      vertex   1.387093e+02 1.701939e+02 1.972500e+02
      vertex   1.388030e+02 1.699550e+02 1.972500e+02
    endloop
  endfacet
  facet normal 6.877762e-01 3.970878e-01 -6.076884e-01
    outer loop
      vertex   1.387315e+02 1.699206e+02 1.971464e+02
      vertex   1.388030e+02 1.699550e+02 1.972500e+02
      vertex   1.388657e+02 1.696880e+02 1.971464e+02
    endloop
  endfacet
  facet normal 6.877762e-01 3.970878e-01 -6.076884e-01
    outer loop
      vertex   1.388657e+02 1.696880e+02 1.971464e+02
      vertex   1.388030e+02 1.699550e+02 1.972500e+02
      vertex   1.389314e+02 1.697328e+02 1.972500e+02
    endloop
  endfacet
  facet normal 6.209115e-01 4.951604e-01 -6.076884e-01
    outer loop
      vertex   1.388657e+02 1.696880e+02 1.971464e+02
      vertex   1.389314e+02 1.697328e+02 1.972500e+02
      vertex   1.390331e+02 1.694781e+02 1.971464e+02
    endloop
  endfacet
  facet normal 6.081289e-01 -4.557296e-02 -7.925291e-01
    outer loop
      vertex   1.384712e+02 1.709832e+02 1.970670e+02
      vertex   1.385736e+02 1.709677e+02 1.971464e+02
      vertex   1.384500e+02 1.707000e+02 1.970670e+02
    endloop
  endfacet
  facet normal 6.081289e-01 -4.557296e-02 -7.925291e-01
    outer loop
      vertex   1.384500e+02 1.707000e+02 1.970670e+02
      vertex   1.385736e+02 1.709677e+02 1.971464e+02
      vertex   1.385536e+02 1.707000e+02 1.971464e+02
    endloop
  endfacet
  facet normal 6.081289e-01 4.557296e-02 -7.925291e-01
    outer loop
      vertex   1.384500e+02 1.707000e+02 1.970670e+02
      vertex   1.385536e+02 1.707000e+02 1.971464e+02
      vertex   1.384712e+02 1.704168e+02 1.970670e+02
    endloop
  endfacet
  facet normal 6.081289e-01 4.557296e-02 -7.925291e-01
    outer loop
      vertex   1.384712e+02 1.704168e+02 1.970670e+02
      vertex   1.385536e+02 1.707000e+02 1.971464e+02
      vertex   1.385736e+02 1.704323e+02 1.971464e+02
    endloop
  endfacet
  facet normal 5.945443e-01 1.357009e-01 -7.925291e-01
    outer loop
      vertex   1.384712e+02 1.704168e+02 1.970670e+02
      vertex   1.385736e+02 1.704323e+02 1.971464e+02
      vertex   1.385344e+02 1.701400e+02 1.970670e+02
    endloop
  endfacet
  facet normal 5.945443e-01 1.357009e-01 -7.925291e-01
    outer loop
      vertex   1.385344e+02 1.701400e+02 1.970670e+02
      vertex   1.385736e+02 1.704323e+02 1.971464e+02
      vertex   1.386334e+02 1.701705e+02 1.971464e+02
    endloop
  endfacet
  facet normal 5.676786e-01 2.227974e-01 -7.925291e-01
    outer loop
      vertex   1.385344e+02 1.701400e+02 1.970670e+02
      vertex   1.386334e+02 1.701705e+02 1.971464e+02
      vertex   1.386382e+02 1.698756e+02 1.970670e+02
    endloop
  endfacet
  facet normal 5.676786e-01 2.227974e-01 -7.925291e-01
    outer loop
      vertex   1.386382e+02 1.698756e+02 1.970670e+02
      vertex   1.386334e+02 1.701705e+02 1.971464e+02
      vertex   1.387315e+02 1.699206e+02 1.971464e+02
    endloop
  endfacet
  facet normal 5.281319e-01 3.049171e-01 -7.925291e-01
    outer loop
      vertex   1.386382e+02 1.698756e+02 1.970670e+02
      vertex   1.387315e+02 1.699206e+02 1.971464e+02
      vertex   1.387801e+02 1.696297e+02 1.970670e+02
    endloop
  endfacet
  facet normal 5.281319e-01 3.049171e-01 -7.925291e-01
    outer loop
      vertex   1.387801e+02 1.696297e+02 1.970670e+02
      vertex   1.387315e+02 1.699206e+02 1.971464e+02
      vertex   1.388657e+02 1.696880e+02 1.971464e+02
    endloop
  endfacet
  facet normal 4.767875e-01 3.802254e-01 -7.925291e-01
    outer loop
      vertex   1.387801e+02 1.696297e+02 1.970670e+02
      vertex   1.388657e+02 1.696880e+02 1.971464e+02
      vertex   1.389572e+02 1.694077e+02 1.970670e+02
    endloop
  endfacet
  facet normal 4.767875e-01 3.802254e-01 -7.925291e-01
    outer loop
      vertex   1.389572e+02 1.694077e+02 1.970670e+02
      vertex   1.388657e+02 1.696880e+02 1.971464e+02
      vertex   1.390331e+02 1.694781e+02 1.971464e+02
    endloop
  endfacet
  facet normal 4.147926e-01 4.470401e-01 -7.925291e-01
    outer loop
      vertex   1.389572e+02 1.694077e+02 1.970670e+02
      vertex   1.390331e+02 1.694781e+02 1.971464e+02
      vertex   1.391654e+02 1.692145e+02 1.970670e+02
    endloop
  endfacet
  facet normal 3.825262e-01 -2.866637e-02 -9.234999e-01
    outer loop
      vertex   1.383520e+02 1.710012e+02 1.970170e+02
      vertex   1.384712e+02 1.709832e+02 1.970670e+02
      vertex   1.383294e+02 1.707000e+02 1.970170e+02
    endloop
  endfacet
  facet normal 3.825262e-01 -2.866637e-02 -9.234999e-01
    outer loop
      vertex   1.383294e+02 1.707000e+02 1.970170e+02
      vertex   1.384712e+02 1.709832e+02 1.970670e+02
      vertex   1.384500e+02 1.707000e+02 1.970670e+02
    endloop
  endfacet
  facet normal 3.825262e-01 2.866637e-02 -9.234999e-01
    outer loop
      vertex   1.383294e+02 1.707000e+02 1.970170e+02
      vertex   1.384500e+02 1.707000e+02 1.970670e+02
      vertex   1.383520e+02 1.703988e+02 1.970170e+02
    endloop
  endfacet
  facet normal 3.825262e-01 2.866637e-02 -9.234999e-01
    outer loop
      vertex   1.383520e+02 1.703988e+02 1.970170e+02
      vertex   1.384500e+02 1.707000e+02 1.970670e+02
      vertex   1.384712e+02 1.704168e+02 1.970670e+02
    endloop
  endfacet
  facet normal 3.739812e-01 8.535876e-02 -9.234999e-01
    outer loop
      vertex   1.383520e+02 1.703988e+02 1.970170e+02
      vertex   1.384712e+02 1.704168e+02 1.970670e+02
      vertex   1.384192e+02 1.701044e+02 1.970170e+02
    endloop
  endfacet
  facet normal 3.739812e-01 8.535876e-02 -9.234999e-01
    outer loop
      vertex   1.384192e+02 1.701044e+02 1.970170e+02
      vertex   1.384712e+02 1.704168e+02 1.970670e+02
      vertex   1.385344e+02 1.701400e+02 1.970670e+02
    endloop
  endfacet
  facet normal 3.570820e-01 1.401444e-01 -9.234999e-01
    outer loop
      vertex   1.384192e+02 1.701044e+02 1.970170e+02
      vertex   1.385344e+02 1.701400e+02 1.970670e+02
      vertex   1.385295e+02 1.698233e+02 1.970170e+02
    endloop
  endfacet
  facet normal 3.570820e-01 1.401444e-01 -9.234999e-01
    outer loop
      vertex   1.385295e+02 1.698233e+02 1.970170e+02
      vertex   1.385344e+02 1.701400e+02 1.970670e+02
      vertex   1.386382e+02 1.698756e+02 1.970670e+02
    endloop
  endfacet
  facet normal 3.322063e-01 1.917994e-01 -9.234999e-01
    outer loop
      vertex   1.385295e+02 1.698233e+02 1.970170e+02
      vertex   1.386382e+02 1.698756e+02 1.970670e+02
      vertex   1.386805e+02 1.695618e+02 1.970170e+02
    endloop
  endfacet
  facet normal 3.322063e-01 1.917994e-01 -9.234999e-01
    outer loop
      vertex   1.386805e+02 1.695618e+02 1.970170e+02
      vertex   1.386382e+02 1.698756e+02 1.970670e+02
      vertex   1.387801e+02 1.696297e+02 1.970670e+02
    endloop
  endfacet
  facet normal 2.999096e-01 2.391699e-01 -9.234999e-01
    outer loop
      vertex   1.386805e+02 1.695618e+02 1.970170e+02
      vertex   1.387801e+02 1.696297e+02 1.970670e+02
      vertex   1.388688e+02 1.693256e+02 1.970170e+02
    endloop
  endfacet
  facet normal 2.999096e-01 2.391699e-01 -9.234999e-01
    outer loop
      vertex   1.388688e+02 1.693256e+02 1.970170e+02
      vertex   1.387801e+02 1.696297e+02 1.970670e+02
      vertex   1.389572e+02 1.694077e+02 1.970670e+02
    endloop
  endfacet
  facet normal 2.609134e-01 2.811978e-01 -9.234999e-01
    outer loop
      vertex   1.388688e+02 1.693256e+02 1.970170e+02
      vertex   1.389572e+02 1.694077e+02 1.970670e+02
      vertex   1.390902e+02 1.691202e+02 1.970170e+02
    endloop
  endfacet
  facet normal 2.609134e-01 2.811978e-01 -9.234999e-01
    outer loop
      vertex   1.390902e+02 1.691202e+02 1.970170e+02
      vertex   1.389572e+02 1.694077e+02 1.970670e+02
      vertex   1.391654e+02 1.692145e+02 1.970670e+02
    endloop
  endfacet
  facet normal 1.664373e-01 3.456106e-01 -9.234999e-01
    outer loop
      vertex   1.396118e+02 1.688191e+02 1.970170e+02
      vertex   1.393397e+02 1.689501e+02 1.970170e+02
      vertex   1.394000e+02 1.690546e+02 1.970670e+02
    endloop
  endfacet
  facet normal -8.004305e-01 4.621288e-01 -3.817695e-01
    outer loop
      vertex   1.417274e+02 1.697609e+02 1.973706e+02
      vertex   1.418519e+02 1.699767e+02 1.973706e+02
      vertex   1.418970e+02 1.699550e+02 1.972500e+02
    endloop
  endfacet
  facet normal -8.603671e-01 3.376692e-01 -3.817695e-01
    outer loop
      vertex   1.418970e+02 1.699550e+02 1.972500e+02
      vertex   1.418519e+02 1.699767e+02 1.973706e+02
      vertex   1.419907e+02 1.701939e+02 1.972500e+02
    endloop
  endfacet
  facet normal -7.392772e-01 2.901449e-01 -6.076884e-01
    outer loop
      vertex   1.418970e+02 1.699550e+02 1.972500e+02
      vertex   1.419907e+02 1.701939e+02 1.972500e+02
      vertex   1.420666e+02 1.701705e+02 1.971464e+02
    endloop
  endfacet
  facet normal -8.603671e-01 3.376692e-01 -3.817695e-01
    outer loop
      vertex   1.419430e+02 1.702086e+02 1.973706e+02
      vertex   1.419907e+02 1.701939e+02 1.972500e+02
      vertex   1.418519e+02 1.699767e+02 1.973706e+02
    endloop
  endfacet
  facet normal -9.216731e-01 -6.906985e-02 -3.817695e-01
    outer loop
      vertex   1.420670e+02 1.707000e+02 1.972500e+02
      vertex   1.420170e+02 1.707000e+02 1.973706e+02
      vertex   1.420478e+02 1.709559e+02 1.972500e+02
    endloop
  endfacet
  facet normal -9.216731e-01 -6.906985e-02 -3.817695e-01
    outer loop
      vertex   1.420478e+02 1.709559e+02 1.972500e+02
      vertex   1.420170e+02 1.707000e+02 1.973706e+02
      vertex   1.419984e+02 1.709485e+02 1.973706e+02
    endloop
  endfacet
  facet normal -9.010845e-01 -2.056667e-01 -3.817695e-01
    outer loop
      vertex   1.420478e+02 1.709559e+02 1.972500e+02
      vertex   1.419984e+02 1.709485e+02 1.973706e+02
      vertex   1.419907e+02 1.712061e+02 1.972500e+02
    endloop
  endfacet
  facet normal -9.010845e-01 -2.056667e-01 -3.817695e-01
    outer loop
      vertex   1.419907e+02 1.712061e+02 1.972500e+02
      vertex   1.419984e+02 1.709485e+02 1.973706e+02
      vertex   1.419430e+02 1.711914e+02 1.973706e+02
    endloop
  endfacet
  facet normal -8.603671e-01 -3.376692e-01 -3.817695e-01
    outer loop
      vertex   1.419907e+02 1.712061e+02 1.972500e+02
      vertex   1.419430e+02 1.711914e+02 1.973706e+02
      vertex   1.418970e+02 1.714450e+02 1.972500e+02
    endloop
  endfacet
  facet normal -8.603671e-01 -3.376692e-01 -3.817695e-01
    outer loop
      vertex   1.418970e+02 1.714450e+02 1.972500e+02
      vertex   1.419430e+02 1.711914e+02 1.973706e+02
      vertex   1.418519e+02 1.714233e+02 1.973706e+02
    endloop
  endfacet
  facet normal -8.004305e-01 -4.621288e-01 -3.817695e-01
    outer loop
      vertex   1.418970e+02 1.714450e+02 1.972500e+02
      vertex   1.418519e+02 1.714233e+02 1.973706e+02
      vertex   1.417686e+02 1.716672e+02 1.972500e+02
    endloop
  endfacet
  facet normal -8.004305e-01 -4.621288e-01 -3.817695e-01
    outer loop
      vertex   1.417686e+02 1.716672e+02 1.972500e+02
      vertex   1.418519e+02 1.714233e+02 1.973706e+02
      vertex   1.417274e+02 1.716391e+02 1.973706e+02
    endloop
  endfacet
  facet normal -7.226137e-01 -5.762652e-01 -3.817695e-01
    outer loop
      vertex   1.417686e+02 1.716672e+02 1.972500e+02
      vertex   1.417274e+02 1.716391e+02 1.973706e+02
      vertex   1.416086e+02 1.718678e+02 1.972500e+02
    endloop
  endfacet
  facet normal -7.919549e-01 -5.934882e-02 -6.076884e-01
    outer loop
      vertex   1.421464e+02 1.707000e+02 1.971464e+02
      vertex   1.420670e+02 1.707000e+02 1.972500e+02
      vertex   1.421264e+02 1.709677e+02 1.971464e+02
    endloop
  endfacet
  facet normal -7.919549e-01 -5.934882e-02 -6.076884e-01
    outer loop
      vertex   1.421264e+02 1.709677e+02 1.971464e+02
      vertex   1.420670e+02 1.707000e+02 1.972500e+02
      vertex   1.420478e+02 1.709559e+02 1.972500e+02
    endloop
  endfacet
  facet normal -7.742639e-01 -1.767207e-01 -6.076884e-01
    outer loop
      vertex   1.421264e+02 1.709677e+02 1.971464e+02
      vertex   1.420478e+02 1.709559e+02 1.972500e+02
      vertex   1.420666e+02 1.712295e+02 1.971464e+02
    endloop
  endfacet
  facet normal -7.742639e-01 -1.767207e-01 -6.076884e-01
    outer loop
      vertex   1.420666e+02 1.712295e+02 1.971464e+02
      vertex   1.420478e+02 1.709559e+02 1.972500e+02
      vertex   1.419907e+02 1.712061e+02 1.972500e+02
    endloop
  endfacet
  facet normal -7.392772e-01 -2.901449e-01 -6.076884e-01
    outer loop
      vertex   1.420666e+02 1.712295e+02 1.971464e+02
      vertex   1.419907e+02 1.712061e+02 1.972500e+02
      vertex   1.419685e+02 1.714794e+02 1.971464e+02
    endloop
  endfacet
  facet normal -7.392772e-01 -2.901449e-01 -6.076884e-01
    outer loop
      vertex   1.419685e+02 1.714794e+02 1.971464e+02
      vertex   1.419907e+02 1.712061e+02 1.972500e+02
      vertex   1.418970e+02 1.714450e+02 1.972500e+02
    endloop
  endfacet
  facet normal -6.877762e-01 -3.970878e-01 -6.076884e-01
    outer loop
      vertex   1.419685e+02 1.714794e+02 1.971464e+02
      vertex   1.418970e+02 1.714450e+02 1.972500e+02
      vertex   1.418343e+02 1.717120e+02 1.971464e+02
    endloop
  endfacet
  facet normal -6.877762e-01 -3.970878e-01 -6.076884e-01
    outer loop
      vertex   1.418343e+02 1.717120e+02 1.971464e+02
      vertex   1.418970e+02 1.714450e+02 1.972500e+02
      vertex   1.417686e+02 1.716672e+02 1.972500e+02
    endloop
  endfacet
  facet normal -6.209115e-01 -4.951604e-01 -6.076884e-01
    outer loop
      vertex   1.418343e+02 1.717120e+02 1.971464e+02
      vertex   1.417686e+02 1.716672e+02 1.972500e+02
      vertex   1.416669e+02 1.719219e+02 1.971464e+02
    endloop
  endfacet
  facet normal -6.209115e-01 -4.951604e-01 -6.076884e-01
    outer loop
      vertex   1.416669e+02 1.719219e+02 1.971464e+02
      vertex   1.417686e+02 1.716672e+02 1.972500e+02
      vertex   1.416086e+02 1.718678e+02 1.972500e+02
    endloop
  endfacet
  facet normal -5.401766e-01 -5.821719e-01 -6.076884e-01
    outer loop
      vertex   1.416669e+02 1.719219e+02 1.971464e+02
      vertex   1.416086e+02 1.718678e+02 1.972500e+02
      vertex   1.414701e+02 1.721045e+02 1.971464e+02
    endloop
  endfacet
  facet normal -3.825262e-01 -2.866637e-02 -9.234999e-01
    outer loop
      vertex   1.423480e+02 1.710012e+02 1.970170e+02
      vertex   1.423706e+02 1.707000e+02 1.970170e+02
      vertex   1.422500e+02 1.707000e+02 1.970670e+02
    endloop
  endfacet
  facet normal -6.081289e-01 -4.557296e-02 -7.925291e-01
    outer loop
      vertex   1.422500e+02 1.707000e+02 1.970670e+02
      vertex   1.421464e+02 1.707000e+02 1.971464e+02
      vertex   1.422288e+02 1.709832e+02 1.970670e+02
    endloop
  endfacet
  facet normal -6.081289e-01 -4.557296e-02 -7.925291e-01
    outer loop
      vertex   1.422288e+02 1.709832e+02 1.970670e+02
      vertex   1.421464e+02 1.707000e+02 1.971464e+02
      vertex   1.421264e+02 1.709677e+02 1.971464e+02
    endloop
  endfacet
  facet normal -5.945443e-01 -1.357009e-01 -7.925291e-01
    outer loop
      vertex   1.422288e+02 1.709832e+02 1.970670e+02
      vertex   1.421264e+02 1.709677e+02 1.971464e+02
      vertex   1.421656e+02 1.712600e+02 1.970670e+02
    endloop
  endfacet
  facet normal -5.945443e-01 -1.357009e-01 -7.925291e-01
    outer loop
      vertex   1.421656e+02 1.712600e+02 1.970670e+02
      vertex   1.421264e+02 1.709677e+02 1.971464e+02
      vertex   1.420666e+02 1.712295e+02 1.971464e+02
    endloop
  endfacet
  facet normal -5.676786e-01 -2.227974e-01 -7.925291e-01
    outer loop
      vertex   1.421656e+02 1.712600e+02 1.970670e+02
      vertex   1.420666e+02 1.712295e+02 1.971464e+02
      vertex   1.420618e+02 1.715244e+02 1.970670e+02
    endloop
  endfacet
  facet normal -5.676786e-01 -2.227974e-01 -7.925291e-01
    outer loop
      vertex   1.420618e+02 1.715244e+02 1.970670e+02
      vertex   1.420666e+02 1.712295e+02 1.971464e+02
      vertex   1.419685e+02 1.714794e+02 1.971464e+02
    endloop
  endfacet
  facet normal -5.281319e-01 -3.049171e-01 -7.925291e-01
    outer loop
      vertex   1.420618e+02 1.715244e+02 1.970670e+02
      vertex   1.419685e+02 1.714794e+02 1.971464e+02
      vertex   1.419199e+02 1.717703e+02 1.970670e+02
    endloop
  endfacet
  facet normal -5.281319e-01 -3.049171e-01 -7.925291e-01
    outer loop
      vertex   1.419199e+02 1.717703e+02 1.970670e+02
      vertex   1.419685e+02 1.714794e+02 1.971464e+02
      vertex   1.418343e+02 1.717120e+02 1.971464e+02
    endloop
  endfacet
  facet normal -4.767875e-01 -3.802254e-01 -7.925291e-01
    outer loop
      vertex   1.419199e+02 1.717703e+02 1.970670e+02
      vertex   1.418343e+02 1.717120e+02 1.971464e+02
      vertex   1.417428e+02 1.719923e+02 1.970670e+02
    endloop
  endfacet
  facet normal -4.767875e-01 -3.802254e-01 -7.925291e-01
    outer loop
      vertex   1.417428e+02 1.719923e+02 1.970670e+02
      vertex   1.418343e+02 1.717120e+02 1.971464e+02
      vertex   1.416669e+02 1.719219e+02 1.971464e+02
    endloop
  endfacet
  facet normal -4.147926e-01 -4.470401e-01 -7.925291e-01
    outer loop
      vertex   1.417428e+02 1.719923e+02 1.970670e+02
      vertex   1.416669e+02 1.719219e+02 1.971464e+02
      vertex   1.415346e+02 1.721855e+02 1.970670e+02
    endloop
  endfacet
  facet normal -4.147926e-01 -4.470401e-01 -7.925291e-01
    outer loop
      vertex   1.415346e+02 1.721855e+02 1.970670e+02
      vertex   1.416669e+02 1.719219e+02 1.971464e+02
      vertex   1.414701e+02 1.721045e+02 1.971464e+02
    endloop
  endfacet
  facet normal -3.435318e-01 -5.038686e-01 -7.925291e-01
    outer loop
      vertex   1.415346e+02 1.721855e+02 1.970670e+02
      vertex   1.414701e+02 1.721045e+02 1.971464e+02
      vertex   1.413000e+02 1.723454e+02 1.970670e+02
    endloop
  endfacet
  facet normal -3.739812e-01 -8.535876e-02 -9.234999e-01
    outer loop
      vertex   1.421656e+02 1.712600e+02 1.970670e+02
      vertex   1.422808e+02 1.712956e+02 1.970170e+02
      vertex   1.422288e+02 1.709832e+02 1.970670e+02
    endloop
  endfacet
  facet normal -3.739812e-01 -8.535876e-02 -9.234999e-01
    outer loop
      vertex   1.422288e+02 1.709832e+02 1.970670e+02
      vertex   1.422808e+02 1.712956e+02 1.970170e+02
      vertex   1.423480e+02 1.710012e+02 1.970170e+02
    endloop
  endfacet
  facet normal -3.825262e-01 -2.866637e-02 -9.234999e-01
    outer loop
      vertex   1.422288e+02 1.709832e+02 1.970670e+02
      vertex   1.423480e+02 1.710012e+02 1.970170e+02
      vertex   1.422500e+02 1.707000e+02 1.970670e+02
    endloop
  endfacet
  facet normal -3.570820e-01 -1.401444e-01 -9.234999e-01
    outer loop
      vertex   1.422808e+02 1.712956e+02 1.970170e+02
      vertex   1.421656e+02 1.712600e+02 1.970670e+02
      vertex   1.421705e+02 1.715767e+02 1.970170e+02
    endloop
  endfacet
  facet normal -3.570820e-01 -1.401444e-01 -9.234999e-01
    outer loop
      vertex   1.421705e+02 1.715767e+02 1.970170e+02
      vertex   1.421656e+02 1.712600e+02 1.970670e+02
      vertex   1.420618e+02 1.715244e+02 1.970670e+02
    endloop
  endfacet
  facet normal -3.322063e-01 -1.917994e-01 -9.234999e-01
    outer loop
      vertex   1.421705e+02 1.715767e+02 1.970170e+02
      vertex   1.420618e+02 1.715244e+02 1.970670e+02
      vertex   1.420195e+02 1.718382e+02 1.970170e+02
    endloop
  endfacet
  facet normal -3.322063e-01 -1.917994e-01 -9.234999e-01
    outer loop
      vertex   1.420195e+02 1.718382e+02 1.970170e+02
      vertex   1.420618e+02 1.715244e+02 1.970670e+02
      vertex   1.419199e+02 1.717703e+02 1.970670e+02
    endloop
  endfacet
  facet normal -2.999096e-01 -2.391699e-01 -9.234999e-01
    outer loop
      vertex   1.420195e+02 1.718382e+02 1.970170e+02
      vertex   1.419199e+02 1.717703e+02 1.970670e+02
      vertex   1.418312e+02 1.720744e+02 1.970170e+02
    endloop
  endfacet
  facet normal -2.999096e-01 -2.391699e-01 -9.234999e-01
    outer loop
      vertex   1.418312e+02 1.720744e+02 1.970170e+02
      vertex   1.419199e+02 1.717703e+02 1.970670e+02
      vertex   1.417428e+02 1.719923e+02 1.970670e+02
    endloop
  endfacet
  facet normal -2.609134e-01 -2.811978e-01 -9.234999e-01
    outer loop
      vertex   1.418312e+02 1.720744e+02 1.970170e+02
      vertex   1.417428e+02 1.719923e+02 1.970670e+02
      vertex   1.416098e+02 1.722798e+02 1.970170e+02
    endloop
  endfacet
  facet normal -2.609134e-01 -2.811978e-01 -9.234999e-01
    outer loop
      vertex   1.416098e+02 1.722798e+02 1.970170e+02
      vertex   1.417428e+02 1.719923e+02 1.970670e+02
      vertex   1.415346e+02 1.721855e+02 1.970670e+02
    endloop
  endfacet
  facet normal -2.160889e-01 -3.169442e-01 -9.234999e-01
    outer loop
      vertex   1.416098e+02 1.722798e+02 1.970170e+02
      vertex   1.415346e+02 1.721855e+02 1.970670e+02
      vertex   1.413603e+02 1.724499e+02 1.970170e+02
    endloop
  endfacet
  facet normal -2.160889e-01 -3.169442e-01 -9.234999e-01
    outer loop
      vertex   1.413603e+02 1.724499e+02 1.970170e+02
      vertex   1.415346e+02 1.721855e+02 1.970670e+02
      vertex   1.413000e+02 1.723454e+02 1.970670e+02
    endloop
  endfacet
  facet normal -1.664373e-01 -3.456106e-01 -9.234999e-01
    outer loop
      vertex   1.413603e+02 1.724499e+02 1.970170e+02
      vertex   1.413000e+02 1.723454e+02 1.970670e+02
      vertex   1.410882e+02 1.725809e+02 1.970170e+02
    endloop
  endfacet
  facet normal -0.000000e+00 -9.242576e-01 -3.817695e-01
    outer loop
      vertex   1.404746e+02 1.723624e+02 1.973706e+02
      vertex   1.402254e+02 1.723624e+02 1.973706e+02
      vertex   1.402217e+02 1.724122e+02 1.972500e+02
    endloop
  endfacet
  facet normal 1.377534e-01 -9.139344e-01 -3.817695e-01
    outer loop
      vertex   1.402217e+02 1.724122e+02 1.972500e+02
      vertex   1.402254e+02 1.723624e+02 1.973706e+02
      vertex   1.399679e+02 1.723739e+02 1.972500e+02
    endloop
  endfacet
  facet normal 1.183657e-01 -7.853053e-01 -6.076884e-01
    outer loop
      vertex   1.402217e+02 1.724122e+02 1.972500e+02
      vertex   1.399679e+02 1.723739e+02 1.972500e+02
      vertex   1.399503e+02 1.724514e+02 1.971464e+02
    endloop
  endfacet
  facet normal 2.340874e-01 -7.588926e-01 -6.076884e-01
    outer loop
      vertex   1.399503e+02 1.724514e+02 1.971464e+02
      vertex   1.399679e+02 1.723739e+02 1.972500e+02
      vertex   1.396937e+02 1.723723e+02 1.971464e+02
    endloop
  endfacet
  facet normal 1.797518e-01 -5.827409e-01 -7.925291e-01
    outer loop
      vertex   1.399503e+02 1.724514e+02 1.971464e+02
      vertex   1.396937e+02 1.723723e+02 1.971464e+02
      vertex   1.396559e+02 1.724687e+02 1.970670e+02
    endloop
  endfacet
  facet normal 2.645971e-01 -5.494416e-01 -7.925291e-01
    outer loop
      vertex   1.396559e+02 1.724687e+02 1.970670e+02
      vertex   1.396937e+02 1.723723e+02 1.971464e+02
      vertex   1.394000e+02 1.723454e+02 1.970670e+02
    endloop
  endfacet
  facet normal 1.664373e-01 -3.456106e-01 -9.234999e-01
    outer loop
      vertex   1.396559e+02 1.724687e+02 1.970670e+02
      vertex   1.394000e+02 1.723454e+02 1.970670e+02
      vertex   1.393397e+02 1.724499e+02 1.970170e+02
    endloop
  endfacet
  facet normal 2.160889e-01 -3.169442e-01 -9.234999e-01
    outer loop
      vertex   1.393397e+02 1.724499e+02 1.970170e+02
      vertex   1.394000e+02 1.723454e+02 1.970670e+02
      vertex   1.390902e+02 1.722798e+02 1.970170e+02
    endloop
  endfacet
  facet normal 1.377534e-01 -9.139344e-01 -3.817695e-01
    outer loop
      vertex   1.402254e+02 1.723624e+02 1.973706e+02
      vertex   1.399790e+02 1.723252e+02 1.973706e+02
      vertex   1.399679e+02 1.723739e+02 1.972500e+02
    endloop
  endfacet
  facet normal 2.724297e-01 -8.831954e-01 -3.817695e-01
    outer loop
      vertex   1.399679e+02 1.723739e+02 1.972500e+02
      vertex   1.399790e+02 1.723252e+02 1.973706e+02
      vertex   1.397227e+02 1.722983e+02 1.972500e+02
    endloop
  endfacet
  facet normal 2.340874e-01 -7.588926e-01 -6.076884e-01
    outer loop
      vertex   1.399679e+02 1.723739e+02 1.972500e+02
      vertex   1.397227e+02 1.722983e+02 1.972500e+02
      vertex   1.396937e+02 1.723723e+02 1.971464e+02
    endloop
  endfacet
  facet normal 3.445799e-01 -7.155275e-01 -6.076884e-01
    outer loop
      vertex   1.396937e+02 1.723723e+02 1.971464e+02
      vertex   1.397227e+02 1.722983e+02 1.972500e+02
      vertex   1.394518e+02 1.722558e+02 1.971464e+02
    endloop
  endfacet
  facet normal 2.645971e-01 -5.494416e-01 -7.925291e-01
    outer loop
      vertex   1.396937e+02 1.723723e+02 1.971464e+02
      vertex   1.394518e+02 1.722558e+02 1.971464e+02
      vertex   1.394000e+02 1.723454e+02 1.970670e+02
    endloop
  endfacet
  facet normal 3.435318e-01 -5.038686e-01 -7.925291e-01
    outer loop
      vertex   1.394000e+02 1.723454e+02 1.970670e+02
      vertex   1.394518e+02 1.722558e+02 1.971464e+02
      vertex   1.391654e+02 1.721855e+02 1.970670e+02
    endloop
  endfacet
  facet normal 2.160889e-01 -3.169442e-01 -9.234999e-01
    outer loop
      vertex   1.394000e+02 1.723454e+02 1.970670e+02
      vertex   1.391654e+02 1.721855e+02 1.970670e+02
      vertex   1.390902e+02 1.722798e+02 1.970170e+02
    endloop
  endfacet
  facet normal 2.609134e-01 -2.811978e-01 -9.234999e-01
    outer loop
      vertex   1.390902e+02 1.722798e+02 1.970170e+02
      vertex   1.391654e+02 1.721855e+02 1.970670e+02
      vertex   1.388688e+02 1.720744e+02 1.970170e+02
    endloop
  endfacet
  facet normal 2.724297e-01 -8.831954e-01 -3.817695e-01
    outer loop
      vertex   1.399790e+02 1.723252e+02 1.973706e+02
      vertex   1.397410e+02 1.722518e+02 1.973706e+02
      vertex   1.397227e+02 1.722983e+02 1.972500e+02
    endloop
  endfacet
  facet normal 4.010203e-01 -8.327273e-01 -3.817695e-01
    outer loop
      vertex   1.397227e+02 1.722983e+02 1.972500e+02
      vertex   1.397410e+02 1.722518e+02 1.973706e+02
      vertex   1.394915e+02 1.721870e+02 1.972500e+02
    endloop
  endfacet
  facet normal 3.445799e-01 -7.155275e-01 -6.076884e-01
    outer loop
      vertex   1.397227e+02 1.722983e+02 1.972500e+02
      vertex   1.394915e+02 1.721870e+02 1.972500e+02
      vertex   1.394518e+02 1.722558e+02 1.971464e+02
    endloop
  endfacet
  facet normal 4.473750e-01 -6.561787e-01 -6.076884e-01
    outer loop
      vertex   1.394518e+02 1.722558e+02 1.971464e+02
      vertex   1.394915e+02 1.721870e+02 1.972500e+02
      vertex   1.392299e+02 1.721045e+02 1.971464e+02
    endloop
  endfacet
  facet normal 3.435318e-01 -5.038686e-01 -7.925291e-01
    outer loop
      vertex   1.394518e+02 1.722558e+02 1.971464e+02
      vertex   1.392299e+02 1.721045e+02 1.971464e+02
      vertex   1.391654e+02 1.721855e+02 1.970670e+02
    endloop
  endfacet
  facet normal 4.147926e-01 -4.470401e-01 -7.925291e-01
    outer loop
      vertex   1.391654e+02 1.721855e+02 1.970670e+02
      vertex   1.392299e+02 1.721045e+02 1.971464e+02
      vertex   1.389572e+02 1.719923e+02 1.970670e+02
    endloop
  endfacet
  facet normal 2.609134e-01 -2.811978e-01 -9.234999e-01
    outer loop
      vertex   1.391654e+02 1.721855e+02 1.970670e+02
      vertex   1.389572e+02 1.719923e+02 1.970670e+02
      vertex   1.388688e+02 1.720744e+02 1.970170e+02
    endloop
  endfacet
  facet normal 2.999096e-01 -2.391699e-01 -9.234999e-01
    outer loop
      vertex   1.388688e+02 1.720744e+02 1.970170e+02
      vertex   1.389572e+02 1.719923e+02 1.970670e+02
      vertex   1.386805e+02 1.718382e+02 1.970170e+02
    endloop
  endfacet
  facet normal 4.010203e-01 -8.327273e-01 -3.817695e-01
    outer loop
      vertex   1.397410e+02 1.722518e+02 1.973706e+02
      vertex   1.395165e+02 1.721437e+02 1.973706e+02
      vertex   1.394915e+02 1.721870e+02 1.972500e+02
    endloop
  endfacet
  facet normal 5.206528e-01 -7.636574e-01 -3.817695e-01
    outer loop
      vertex   1.394915e+02 1.721870e+02 1.972500e+02
      vertex   1.395165e+02 1.721437e+02 1.973706e+02
      vertex   1.392795e+02 1.720424e+02 1.972500e+02
    endloop
  endfacet
  facet normal 4.473750e-01 -6.561787e-01 -6.076884e-01
    outer loop
      vertex   1.394915e+02 1.721870e+02 1.972500e+02
      vertex   1.392795e+02 1.720424e+02 1.972500e+02
      vertex   1.392299e+02 1.721045e+02 1.971464e+02
    endloop
  endfacet
  facet normal 5.401766e-01 -5.821719e-01 -6.076884e-01
    outer loop
      vertex   1.392299e+02 1.721045e+02 1.971464e+02
      vertex   1.392795e+02 1.720424e+02 1.972500e+02
      vertex   1.390331e+02 1.719219e+02 1.971464e+02
    endloop
  endfacet
  facet normal 4.147926e-01 -4.470401e-01 -7.925291e-01
    outer loop
      vertex   1.392299e+02 1.721045e+02 1.971464e+02
      vertex   1.390331e+02 1.719219e+02 1.971464e+02
      vertex   1.389572e+02 1.719923e+02 1.970670e+02
    endloop
  endfacet
  facet normal 4.767875e-01 -3.802254e-01 -7.925291e-01
    outer loop
      vertex   1.389572e+02 1.719923e+02 1.970670e+02
      vertex   1.390331e+02 1.719219e+02 1.971464e+02
      vertex   1.387801e+02 1.717703e+02 1.970670e+02
    endloop
  endfacet
  facet normal 2.999096e-01 -2.391699e-01 -9.234999e-01
    outer loop
      vertex   1.389572e+02 1.719923e+02 1.970670e+02
      vertex   1.387801e+02 1.717703e+02 1.970670e+02
      vertex   1.386805e+02 1.718382e+02 1.970170e+02
    endloop
  endfacet
  facet normal 3.322063e-01 -1.917994e-01 -9.234999e-01
    outer loop
      vertex   1.386805e+02 1.718382e+02 1.970170e+02
      vertex   1.387801e+02 1.717703e+02 1.970670e+02
      vertex   1.385295e+02 1.715767e+02 1.970170e+02
    endloop
  endfacet
endsolid
