solid ASCII
  facet normal 1.119484e-01 -1.691982e-02 9.935700e-01
    outer loop
      vertex   5.861126e+01 -6.495645e+00 3.059875e+02
      vertex   5.850000e+01 -6.495645e+00 3.060000e+02
      vertex   5.858561e+01 -6.551876e+00 3.059894e+02
    endloop
  endfacet
  facet normal 4.947830e-02 -1.118273e-01 9.924951e-01
    outer loop
      vertex   5.858561e+01 -6.551876e+00 3.059894e+02
      vertex   5.850000e+01 -6.495645e+00 3.060000e+02
      vertex   5.850000e+01 -6.606905e+00 3.059875e+02
    endloop
  endfacet
  facet normal 1.123662e-01 -2.089253e-01 9.714546e-01
    outer loop
      vertex   5.858561e+01 -6.551876e+00 3.059894e+02
      vertex   5.850000e+01 -6.606905e+00 3.059875e+02
      vertex   5.854231e+01 -6.653400e+00 3.059726e+02
    endloop
  endfacet
  facet normal -3.069241e-02 -3.301235e-01 9.434386e-01
    outer loop
      vertex   5.854231e+01 -6.653400e+00 3.059726e+02
      vertex   5.850000e+01 -6.606905e+00 3.059875e+02
      vertex   5.850000e+01 -6.712587e+00 3.059505e+02
    endloop
  endfacet
  facet normal 1.460032e-01 -4.357867e-01 8.881289e-01
    outer loop
      vertex   5.854231e+01 -6.653400e+00 3.059726e+02
      vertex   5.850000e+01 -6.712587e+00 3.059505e+02
      vertex   5.864101e+01 -6.686515e+00 3.059401e+02
    endloop
  endfacet
  facet normal 1.482632e-01 -4.512516e-01 8.799943e-01
    outer loop
      vertex   5.864101e+01 -6.686515e+00 3.059401e+02
      vertex   5.850000e+01 -6.712587e+00 3.059505e+02
      vertex   5.859675e+01 -6.780560e+00 3.058993e+02
    endloop
  endfacet
  facet normal 3.356370e-01 -5.031745e-01 7.963437e-01
    outer loop
      vertex   5.864101e+01 -6.686515e+00 3.059401e+02
      vertex   5.859675e+01 -6.780560e+00 3.058993e+02
      vertex   5.873445e+01 -6.707054e+00 3.058877e+02
    endloop
  endfacet
  facet normal 3.356370e-01 -5.031745e-01 7.963437e-01
    outer loop
      vertex   5.873445e+01 -6.707054e+00 3.058877e+02
      vertex   5.859675e+01 -6.780560e+00 3.058993e+02
      vertex   5.869128e+01 -6.801339e+00 3.058464e+02
    endloop
  endfacet
  facet normal 5.159399e-01 -5.311800e-01 6.720519e-01
    outer loop
      vertex   5.873445e+01 -6.707054e+00 3.058877e+02
      vertex   5.869128e+01 -6.801339e+00 3.058464e+02
      vertex   5.881805e+01 -6.714014e+00 3.058181e+02
    endloop
  endfacet
  facet normal 5.159399e-01 -5.311800e-01 6.720519e-01
    outer loop
      vertex   5.881805e+01 -6.714014e+00 3.058181e+02
      vertex   5.869128e+01 -6.801339e+00 3.058464e+02
      vertex   5.877586e+01 -6.808380e+00 3.057759e+02
    endloop
  endfacet
  facet normal 6.720519e-01 -5.311800e-01 5.159399e-01
    outer loop
      vertex   5.881805e+01 -6.714014e+00 3.058181e+02
      vertex   5.877586e+01 -6.808380e+00 3.057759e+02
      vertex   5.888774e+01 -6.707054e+00 3.057344e+02
    endloop
  endfacet
  facet normal 6.720519e-01 -5.311800e-01 5.159399e-01
    outer loop
      vertex   5.888774e+01 -6.707054e+00 3.057344e+02
      vertex   5.877586e+01 -6.808380e+00 3.057759e+02
      vertex   5.884636e+01 -6.801339e+00 3.056913e+02
    endloop
  endfacet
  facet normal 7.963437e-01 -5.031745e-01 3.356370e-01
    outer loop
      vertex   5.888774e+01 -6.707054e+00 3.057344e+02
      vertex   5.884636e+01 -6.801339e+00 3.056913e+02
      vertex   5.894010e+01 -6.686515e+00 3.056410e+02
    endloop
  endfacet
  facet normal 7.963437e-01 -5.031745e-01 3.356370e-01
    outer loop
      vertex   5.894010e+01 -6.686515e+00 3.056410e+02
      vertex   5.884636e+01 -6.801339e+00 3.056913e+02
      vertex   5.889933e+01 -6.780560e+00 3.055968e+02
    endloop
  endfacet
  facet normal 8.799943e-01 -4.512516e-01 1.482632e-01
    outer loop
      vertex   5.894010e+01 -6.686515e+00 3.056410e+02
      vertex   5.889933e+01 -6.780560e+00 3.055968e+02
      vertex   5.895049e+01 -6.712587e+00 3.055000e+02
    endloop
  endfacet
  facet normal 8.444204e-01 -5.305845e-01 7.371693e-02
    outer loop
      vertex   5.895049e+01 -6.712587e+00 3.055000e+02
      vertex   5.889933e+01 -6.780560e+00 3.055968e+02
      vertex   5.889092e+01 -6.807390e+00 3.055000e+02
    endloop
  endfacet
  facet normal 7.563967e-01 -6.442957e-01 1.129028e-01
    outer loop
      vertex   5.889092e+01 -6.807390e+00 3.055000e+02
      vertex   5.889933e+01 -6.780560e+00 3.055968e+02
      vertex   5.883865e+01 -6.860399e+00 3.055477e+02
    endloop
  endfacet
  facet normal 7.070640e-01 -7.070640e-01 -1.099908e-02
    outer loop
      vertex   5.889092e+01 -6.807390e+00 3.055000e+02
      vertex   5.883865e+01 -6.860399e+00 3.055477e+02
      vertex   5.881175e+01 -6.886560e+00 3.055000e+02
    endloop
  endfacet
  facet normal 5.602215e-01 -8.176631e-01 1.325855e-01
    outer loop
      vertex   5.881175e+01 -6.886560e+00 3.055000e+02
      vertex   5.883865e+01 -6.860399e+00 3.055477e+02
      vertex   5.871471e+01 -6.940240e+00 3.055790e+02
    endloop
  endfacet
  facet normal 5.304134e-01 -8.441482e-01 7.794539e-02
    outer loop
      vertex   5.881175e+01 -6.886560e+00 3.055000e+02
      vertex   5.871471e+01 -6.940240e+00 3.055790e+02
      vertex   5.871694e+01 -6.946129e+00 3.055000e+02
    endloop
  endfacet
  facet normal 3.584707e-01 -9.301495e-01 7.950315e-02
    outer loop
      vertex   5.871694e+01 -6.946129e+00 3.055000e+02
      vertex   5.871471e+01 -6.940240e+00 3.055790e+02
      vertex   5.863101e+01 -6.977930e+00 3.055154e+02
    endloop
  endfacet
  facet normal 3.284336e-01 -9.386094e-01 -1.055642e-01
    outer loop
      vertex   5.871694e+01 -6.946129e+00 3.055000e+02
      vertex   5.863101e+01 -6.977930e+00 3.055154e+02
      vertex   5.861126e+01 -6.983109e+00 3.055000e+02
    endloop
  endfacet
  facet normal 1.938518e-01 -9.777486e-01 8.018181e-02
    outer loop
      vertex   5.861126e+01 -6.983109e+00 3.055000e+02
      vertex   5.863101e+01 -6.977930e+00 3.055154e+02
      vertex   5.857846e+01 -6.983179e+00 3.055785e+02
    endloop
  endfacet
  facet normal 1.118466e-01 -9.926659e-01 4.587760e-02
    outer loop
      vertex   5.861126e+01 -6.983109e+00 3.055000e+02
      vertex   5.857846e+01 -6.983179e+00 3.055785e+02
      vertex   5.850000e+01 -6.995645e+00 3.055000e+02
    endloop
  endfacet
  facet normal 4.587760e-02 -9.926659e-01 1.118466e-01
    outer loop
      vertex   5.850000e+01 -6.995645e+00 3.055000e+02
      vertex   5.857846e+01 -6.983179e+00 3.055785e+02
      vertex   5.850000e+01 -6.983109e+00 3.056113e+02
    endloop
  endfacet
  facet normal 8.018181e-02 -9.777486e-01 1.938518e-01
    outer loop
      vertex   5.850000e+01 -6.983109e+00 3.056113e+02
      vertex   5.857846e+01 -6.983179e+00 3.055785e+02
      vertex   5.851540e+01 -6.977930e+00 3.056310e+02
    endloop
  endfacet
  facet normal -1.055642e-01 -9.386094e-01 3.284336e-01
    outer loop
      vertex   5.850000e+01 -6.983109e+00 3.056113e+02
      vertex   5.851540e+01 -6.977930e+00 3.056310e+02
      vertex   5.850000e+01 -6.946129e+00 3.057169e+02
    endloop
  endfacet
  facet normal 7.950315e-02 -9.301495e-01 3.584707e-01
    outer loop
      vertex   5.850000e+01 -6.946129e+00 3.057169e+02
      vertex   5.851540e+01 -6.977930e+00 3.056310e+02
      vertex   5.857896e+01 -6.940240e+00 3.057147e+02
    endloop
  endfacet
  facet normal 7.794539e-02 -8.441482e-01 5.304134e-01
    outer loop
      vertex   5.850000e+01 -6.946129e+00 3.057169e+02
      vertex   5.857896e+01 -6.940240e+00 3.057147e+02
      vertex   5.850000e+01 -6.886560e+00 3.058117e+02
    endloop
  endfacet
  facet normal 1.337161e-01 -8.170722e-01 5.608146e-01
    outer loop
      vertex   5.850000e+01 -6.886560e+00 3.058117e+02
      vertex   5.857896e+01 -6.940240e+00 3.057147e+02
      vertex   5.863857e+01 -6.880382e+00 3.057877e+02
    endloop
  endfacet
  facet normal 1.334842e-01 -8.182295e-01 5.591801e-01
    outer loop
      vertex   5.850000e+01 -6.886560e+00 3.058117e+02
      vertex   5.863857e+01 -6.880382e+00 3.057877e+02
      vertex   5.854767e+01 -6.860399e+00 3.058386e+02
    endloop
  endfacet
  facet normal 2.409992e-01 -6.768254e-01 6.955766e-01
    outer loop
      vertex   5.854767e+01 -6.860399e+00 3.058386e+02
      vertex   5.863857e+01 -6.880382e+00 3.057877e+02
      vertex   5.869128e+01 -6.801339e+00 3.058464e+02
    endloop
  endfacet
  facet normal 2.409992e-01 -6.768254e-01 6.955766e-01
    outer loop
      vertex   5.854767e+01 -6.860399e+00 3.058386e+02
      vertex   5.869128e+01 -6.801339e+00 3.058464e+02
      vertex   5.859675e+01 -6.780560e+00 3.058993e+02
    endloop
  endfacet
  facet normal 7.371693e-02 -5.305845e-01 8.444204e-01
    outer loop
      vertex   5.850000e+01 -6.712587e+00 3.059505e+02
      vertex   5.850000e+01 -6.807390e+00 3.058909e+02
      vertex   5.859675e+01 -6.780560e+00 3.058993e+02
    endloop
  endfacet
  facet normal 1.129028e-01 -6.442957e-01 7.563967e-01
    outer loop
      vertex   5.859675e+01 -6.780560e+00 3.058993e+02
      vertex   5.850000e+01 -6.807390e+00 3.058909e+02
      vertex   5.854767e+01 -6.860399e+00 3.058386e+02
    endloop
  endfacet
  facet normal -1.099908e-02 -7.070640e-01 7.070640e-01
    outer loop
      vertex   5.850000e+01 -6.807390e+00 3.058909e+02
      vertex   5.850000e+01 -6.886560e+00 3.058117e+02
      vertex   5.854767e+01 -6.860399e+00 3.058386e+02
    endloop
  endfacet
  facet normal 8.881289e-01 -4.357867e-01 1.460032e-01
    outer loop
      vertex   5.894010e+01 -6.686515e+00 3.056410e+02
      vertex   5.895049e+01 -6.712587e+00 3.055000e+02
      vertex   5.897257e+01 -6.653400e+00 3.055423e+02
    endloop
  endfacet
  facet normal 9.434386e-01 -3.301235e-01 -3.069241e-02
    outer loop
      vertex   5.897257e+01 -6.653400e+00 3.055423e+02
      vertex   5.895049e+01 -6.712587e+00 3.055000e+02
      vertex   5.898746e+01 -6.606905e+00 3.055000e+02
    endloop
  endfacet
  facet normal 9.714546e-01 -2.089253e-01 1.123662e-01
    outer loop
      vertex   5.897257e+01 -6.653400e+00 3.055423e+02
      vertex   5.898746e+01 -6.606905e+00 3.055000e+02
      vertex   5.898940e+01 -6.551876e+00 3.055856e+02
    endloop
  endfacet
  facet normal 9.924951e-01 -1.118273e-01 4.947830e-02
    outer loop
      vertex   5.898940e+01 -6.551876e+00 3.055856e+02
      vertex   5.898746e+01 -6.606905e+00 3.055000e+02
      vertex   5.900000e+01 -6.495645e+00 3.055000e+02
    endloop
  endfacet
  facet normal 9.935700e-01 -1.691982e-02 1.119484e-01
    outer loop
      vertex   5.898940e+01 -6.551876e+00 3.055856e+02
      vertex   5.900000e+01 -6.495645e+00 3.055000e+02
      vertex   5.898746e+01 -6.495645e+00 3.056113e+02
    endloop
  endfacet
  facet normal 9.546349e-01 -9.580134e-02 2.819474e-01
    outer loop
      vertex   5.898940e+01 -6.551876e+00 3.055856e+02
      vertex   5.898746e+01 -6.495645e+00 3.056113e+02
      vertex   5.895892e+01 -6.582953e+00 3.056782e+02
    endloop
  endfacet
  facet normal 9.424482e-01 -5.512306e-02 3.297769e-01
    outer loop
      vertex   5.895892e+01 -6.582953e+00 3.056782e+02
      vertex   5.898746e+01 -6.495645e+00 3.056113e+02
      vertex   5.895049e+01 -6.495645e+00 3.057169e+02
    endloop
  endfacet
  facet normal 8.770616e-01 -1.212963e-01 4.648120e-01
    outer loop
      vertex   5.895892e+01 -6.582953e+00 3.056782e+02
      vertex   5.895049e+01 -6.495645e+00 3.057169e+02
      vertex   5.890978e+01 -6.602228e+00 3.057659e+02
    endloop
  endfacet
  facet normal 8.441065e-01 -7.857234e-02 5.303873e-01
    outer loop
      vertex   5.890978e+01 -6.602228e+00 3.057659e+02
      vertex   5.895049e+01 -6.495645e+00 3.057169e+02
      vertex   5.889092e+01 -6.495645e+00 3.058117e+02
    endloop
  endfacet
  facet normal 7.666750e-01 -1.341783e-01 6.278580e-01
    outer loop
      vertex   5.890978e+01 -6.602228e+00 3.057659e+02
      vertex   5.889092e+01 -6.495645e+00 3.058117e+02
      vertex   5.884439e+01 -6.608759e+00 3.058444e+02
    endloop
  endfacet
  facet normal 7.044576e-01 -8.648087e-02 7.044576e-01
    outer loop
      vertex   5.884439e+01 -6.608759e+00 3.058444e+02
      vertex   5.889092e+01 -6.495645e+00 3.058117e+02
      vertex   5.881175e+01 -6.495645e+00 3.058909e+02
    endloop
  endfacet
  facet normal 6.278580e-01 -1.341783e-01 7.666750e-01
    outer loop
      vertex   5.884439e+01 -6.608759e+00 3.058444e+02
      vertex   5.881175e+01 -6.495645e+00 3.058909e+02
      vertex   5.876593e+01 -6.602228e+00 3.059098e+02
    endloop
  endfacet
  facet normal 5.303873e-01 -7.857234e-02 8.441065e-01
    outer loop
      vertex   5.876593e+01 -6.602228e+00 3.059098e+02
      vertex   5.881175e+01 -6.495645e+00 3.058909e+02
      vertex   5.871694e+01 -6.495645e+00 3.059505e+02
    endloop
  endfacet
  facet normal 4.648120e-01 -1.212963e-01 8.770616e-01
    outer loop
      vertex   5.876593e+01 -6.602228e+00 3.059098e+02
      vertex   5.871694e+01 -6.495645e+00 3.059505e+02
      vertex   5.867824e+01 -6.582953e+00 3.059589e+02
    endloop
  endfacet
  facet normal 3.297769e-01 -5.512306e-02 9.424482e-01
    outer loop
      vertex   5.867824e+01 -6.582953e+00 3.059589e+02
      vertex   5.871694e+01 -6.495645e+00 3.059505e+02
      vertex   5.861126e+01 -6.495645e+00 3.059875e+02
    endloop
  endfacet
  facet normal 2.819474e-01 -9.580134e-02 9.546349e-01
    outer loop
      vertex   5.867824e+01 -6.582953e+00 3.059589e+02
      vertex   5.861126e+01 -6.495645e+00 3.059875e+02
      vertex   5.858561e+01 -6.551876e+00 3.059894e+02
    endloop
  endfacet
  facet normal 2.251165e-01 -2.520005e-01 9.411792e-01
    outer loop
      vertex   5.867824e+01 -6.582953e+00 3.059589e+02
      vertex   5.858561e+01 -6.551876e+00 3.059894e+02
      vertex   5.854231e+01 -6.653400e+00 3.059726e+02
    endloop
  endfacet
  facet normal 4.137587e-01 -3.046771e-01 8.578902e-01
    outer loop
      vertex   5.876593e+01 -6.602228e+00 3.059098e+02
      vertex   5.867824e+01 -6.582953e+00 3.059589e+02
      vertex   5.864101e+01 -6.686515e+00 3.059401e+02
    endloop
  endfacet
  facet normal 2.251165e-01 -2.520005e-01 9.411792e-01
    outer loop
      vertex   5.864101e+01 -6.686515e+00 3.059401e+02
      vertex   5.867824e+01 -6.582953e+00 3.059589e+02
      vertex   5.854231e+01 -6.653400e+00 3.059726e+02
    endloop
  endfacet
  facet normal 4.137587e-01 -3.046771e-01 8.578902e-01
    outer loop
      vertex   5.876593e+01 -6.602228e+00 3.059098e+02
      vertex   5.864101e+01 -6.686515e+00 3.059401e+02
      vertex   5.873445e+01 -6.707054e+00 3.058877e+02
    endloop
  endfacet
  facet normal 1.682005e-01 -9.403510e-01 2.957172e-01
    outer loop
      vertex   5.857896e+01 -6.940240e+00 3.057147e+02
      vertex   5.851540e+01 -6.977930e+00 3.056310e+02
      vertex   5.865300e+01 -6.946404e+00 3.056530e+02
    endloop
  endfacet
  facet normal 1.682005e-01 -9.403510e-01 2.957172e-01
    outer loop
      vertex   5.865300e+01 -6.946404e+00 3.056530e+02
      vertex   5.851540e+01 -6.977930e+00 3.056310e+02
      vertex   5.857846e+01 -6.983179e+00 3.055785e+02
    endloop
  endfacet
  facet normal 2.957172e-01 -9.403510e-01 1.682005e-01
    outer loop
      vertex   5.865300e+01 -6.946404e+00 3.056530e+02
      vertex   5.857846e+01 -6.983179e+00 3.055785e+02
      vertex   5.871471e+01 -6.940240e+00 3.055790e+02
    endloop
  endfacet
  facet normal 2.957172e-01 -9.403510e-01 1.682005e-01
    outer loop
      vertex   5.871471e+01 -6.940240e+00 3.055790e+02
      vertex   5.857846e+01 -6.983179e+00 3.055785e+02
      vertex   5.863101e+01 -6.977930e+00 3.055154e+02
    endloop
  endfacet
  facet normal 4.189033e-01 -7.044583e-01 5.729384e-01
    outer loop
      vertex   5.877586e+01 -6.808380e+00 3.057759e+02
      vertex   5.869128e+01 -6.801339e+00 3.058464e+02
      vertex   5.863857e+01 -6.880382e+00 3.057877e+02
    endloop
  endfacet
  facet normal 3.011149e-01 -8.431394e-01 4.454724e-01
    outer loop
      vertex   5.863857e+01 -6.880382e+00 3.057877e+02
      vertex   5.857896e+01 -6.940240e+00 3.057147e+02
      vertex   5.871991e+01 -6.887153e+00 3.057199e+02
    endloop
  endfacet
  facet normal 3.011149e-01 -8.431394e-01 4.454724e-01
    outer loop
      vertex   5.871991e+01 -6.887153e+00 3.057199e+02
      vertex   5.857896e+01 -6.940240e+00 3.057147e+02
      vertex   5.865300e+01 -6.946404e+00 3.056530e+02
    endloop
  endfacet
  facet normal 4.454724e-01 -8.431394e-01 3.011149e-01
    outer loop
      vertex   5.871991e+01 -6.887153e+00 3.057199e+02
      vertex   5.865300e+01 -6.946404e+00 3.056530e+02
      vertex   5.878771e+01 -6.880382e+00 3.056386e+02
    endloop
  endfacet
  facet normal 4.454724e-01 -8.431394e-01 3.011149e-01
    outer loop
      vertex   5.878771e+01 -6.880382e+00 3.056386e+02
      vertex   5.865300e+01 -6.946404e+00 3.056530e+02
      vertex   5.871471e+01 -6.940240e+00 3.055790e+02
    endloop
  endfacet
  facet normal 5.604057e-01 -8.172425e-01 1.343879e-01
    outer loop
      vertex   5.878771e+01 -6.880382e+00 3.056386e+02
      vertex   5.871471e+01 -6.940240e+00 3.055790e+02
      vertex   5.883865e+01 -6.860399e+00 3.055477e+02
    endloop
  endfacet
  facet normal 5.875747e-01 -3.316751e-01 7.380702e-01
    outer loop
      vertex   5.884439e+01 -6.608759e+00 3.058444e+02
      vertex   5.876593e+01 -6.602228e+00 3.059098e+02
      vertex   5.873445e+01 -6.707054e+00 3.058877e+02
    endloop
  endfacet
  facet normal 5.875747e-01 -3.316751e-01 7.380702e-01
    outer loop
      vertex   5.884439e+01 -6.608759e+00 3.058444e+02
      vertex   5.873445e+01 -6.707054e+00 3.058877e+02
      vertex   5.881805e+01 -6.714014e+00 3.058181e+02
    endloop
  endfacet
  facet normal 7.380702e-01 -3.316751e-01 5.875747e-01
    outer loop
      vertex   5.884439e+01 -6.608759e+00 3.058444e+02
      vertex   5.881805e+01 -6.714014e+00 3.058181e+02
      vertex   5.890978e+01 -6.602228e+00 3.057659e+02
    endloop
  endfacet
  facet normal 7.380702e-01 -3.316751e-01 5.875747e-01
    outer loop
      vertex   5.890978e+01 -6.602228e+00 3.057659e+02
      vertex   5.881805e+01 -6.714014e+00 3.058181e+02
      vertex   5.888774e+01 -6.707054e+00 3.057344e+02
    endloop
  endfacet
  facet normal 8.578902e-01 -3.046771e-01 4.137587e-01
    outer loop
      vertex   5.890978e+01 -6.602228e+00 3.057659e+02
      vertex   5.888774e+01 -6.707054e+00 3.057344e+02
      vertex   5.895892e+01 -6.582953e+00 3.056782e+02
    endloop
  endfacet
  facet normal 8.578902e-01 -3.046771e-01 4.137587e-01
    outer loop
      vertex   5.895892e+01 -6.582953e+00 3.056782e+02
      vertex   5.888774e+01 -6.707054e+00 3.057344e+02
      vertex   5.894010e+01 -6.686515e+00 3.056410e+02
    endloop
  endfacet
  facet normal 9.411792e-01 -2.520005e-01 2.251165e-01
    outer loop
      vertex   5.895892e+01 -6.582953e+00 3.056782e+02
      vertex   5.894010e+01 -6.686515e+00 3.056410e+02
      vertex   5.898940e+01 -6.551876e+00 3.055856e+02
    endloop
  endfacet
  facet normal 9.411792e-01 -2.520005e-01 2.251165e-01
    outer loop
      vertex   5.898940e+01 -6.551876e+00 3.055856e+02
      vertex   5.894010e+01 -6.686515e+00 3.056410e+02
      vertex   5.897257e+01 -6.653400e+00 3.055423e+02
    endloop
  endfacet
  facet normal 5.729384e-01 -7.044583e-01 4.189033e-01
    outer loop
      vertex   5.877586e+01 -6.808380e+00 3.057759e+02
      vertex   5.871991e+01 -6.887153e+00 3.057199e+02
      vertex   5.884636e+01 -6.801339e+00 3.056913e+02
    endloop
  endfacet
  facet normal 5.729384e-01 -7.044583e-01 4.189033e-01
    outer loop
      vertex   5.884636e+01 -6.801339e+00 3.056913e+02
      vertex   5.871991e+01 -6.887153e+00 3.057199e+02
      vertex   5.878771e+01 -6.880382e+00 3.056386e+02
    endloop
  endfacet
  facet normal 6.955766e-01 -6.768254e-01 2.409992e-01
    outer loop
      vertex   5.884636e+01 -6.801339e+00 3.056913e+02
      vertex   5.878771e+01 -6.880382e+00 3.056386e+02
      vertex   5.889933e+01 -6.780560e+00 3.055968e+02
    endloop
  endfacet
  facet normal 6.955766e-01 -6.768254e-01 2.409992e-01
    outer loop
      vertex   5.889933e+01 -6.780560e+00 3.055968e+02
      vertex   5.878771e+01 -6.880382e+00 3.056386e+02
      vertex   5.883865e+01 -6.860399e+00 3.055477e+02
    endloop
  endfacet
  facet normal 4.189033e-01 -7.044583e-01 5.729384e-01
    outer loop
      vertex   5.871991e+01 -6.887153e+00 3.057199e+02
      vertex   5.877586e+01 -6.808380e+00 3.057759e+02
      vertex   5.863857e+01 -6.880382e+00 3.057877e+02
    endloop
  endfacet
  facet normal 1.119645e-01 -9.937122e-01 0.000000e+00
    outer loop
      vertex   5.850000e+01 -6.995645e+00 3.055000e+02
      vertex   5.850000e+01 -6.995645e+00 3.035000e+02
      vertex   5.861126e+01 -6.983109e+00 3.055000e+02
    endloop
  endfacet
  facet normal 1.119645e-01 -9.937122e-01 8.825937e-16
    outer loop
      vertex   5.861126e+01 -6.983109e+00 3.055000e+02
      vertex   5.850000e+01 -6.995645e+00 3.035000e+02
      vertex   5.861126e+01 -6.983109e+00 3.035000e+02
    endloop
  endfacet
  facet normal 3.302791e-01 -9.438833e-01 8.383368e-16
    outer loop
      vertex   5.861126e+01 -6.983109e+00 3.055000e+02
      vertex   5.861126e+01 -6.983109e+00 3.035000e+02
      vertex   5.871694e+01 -6.946129e+00 3.055000e+02
    endloop
  endfacet
  facet normal 3.302791e-01 -9.438833e-01 1.257505e-15
    outer loop
      vertex   5.871694e+01 -6.946129e+00 3.055000e+02
      vertex   5.861126e+01 -6.983109e+00 3.035000e+02
      vertex   5.871694e+01 -6.946129e+00 3.035000e+02
    endloop
  endfacet
  facet normal 5.320321e-01 -8.467242e-01 1.128063e-15
    outer loop
      vertex   5.871694e+01 -6.946129e+00 3.055000e+02
      vertex   5.871694e+01 -6.946129e+00 3.035000e+02
      vertex   5.881175e+01 -6.886560e+00 3.055000e+02
    endloop
  endfacet
  facet normal 5.320321e-01 -8.467242e-01 7.520422e-16
    outer loop
      vertex   5.881175e+01 -6.886560e+00 3.055000e+02
      vertex   5.871694e+01 -6.946129e+00 3.035000e+02
      vertex   5.881175e+01 -6.886560e+00 3.035000e+02
    endloop
  endfacet
  facet normal 7.071068e-01 -7.071068e-01 6.280370e-16
    outer loop
      vertex   5.881175e+01 -6.886560e+00 3.055000e+02
      vertex   5.881175e+01 -6.886560e+00 3.035000e+02
      vertex   5.889092e+01 -6.807390e+00 3.055000e+02
    endloop
  endfacet
  facet normal 7.071068e-01 -7.071068e-01 3.140185e-16
    outer loop
      vertex   5.889092e+01 -6.807390e+00 3.055000e+02
      vertex   5.881175e+01 -6.886560e+00 3.035000e+02
      vertex   5.889092e+01 -6.807390e+00 3.035000e+02
    endloop
  endfacet
  facet normal 8.467242e-01 -5.320321e-01 2.362697e-16
    outer loop
      vertex   5.889092e+01 -6.807390e+00 3.055000e+02
      vertex   5.889092e+01 -6.807390e+00 3.035000e+02
      vertex   5.895049e+01 -6.712587e+00 3.055000e+02
    endloop
  endfacet
  facet normal 8.467242e-01 -5.320321e-01 0.000000e+00
    outer loop
      vertex   5.895049e+01 -6.712587e+00 3.055000e+02
      vertex   5.889092e+01 -6.807390e+00 3.035000e+02
      vertex   5.895049e+01 -6.712587e+00 3.035000e+02
    endloop
  endfacet
  facet normal 9.438833e-01 -3.302791e-01 0.000000e+00
    outer loop
      vertex   5.895049e+01 -6.712587e+00 3.055000e+02
      vertex   5.895049e+01 -6.712587e+00 3.035000e+02
      vertex   5.898746e+01 -6.606905e+00 3.055000e+02
    endloop
  endfacet
  facet normal 9.438833e-01 -3.302791e-01 3.353347e-15
    outer loop
      vertex   5.898746e+01 -6.606905e+00 3.055000e+02
      vertex   5.895049e+01 -6.712587e+00 3.035000e+02
      vertex   5.898746e+01 -6.606905e+00 3.035000e+02
    endloop
  endfacet
  facet normal 9.937122e-01 -1.119645e-01 3.530375e-15
    outer loop
      vertex   5.898746e+01 -6.606905e+00 3.055000e+02
      vertex   5.898746e+01 -6.606905e+00 3.035000e+02
      vertex   5.900000e+01 -6.495645e+00 3.055000e+02
    endloop
  endfacet
  facet normal 9.937122e-01 -1.119645e-01 0.000000e+00
    outer loop
      vertex   5.900000e+01 -6.495645e+00 3.055000e+02
      vertex   5.898746e+01 -6.606905e+00 3.035000e+02
      vertex   5.900000e+01 -6.495645e+00 3.035000e+02
    endloop
  endfacet
  facet normal 1.006306e-01 -9.936855e-01 4.962554e-02
    outer loop
      vertex   5.857612e+01 -6.995645e+00 3.031173e+02
      vertex   5.863398e+01 -6.995645e+00 3.030000e+02
      vertex   5.873033e+01 -6.983109e+00 3.030556e+02
    endloop
  endfacet
  facet normal 9.985702e-02 -9.936956e-01 5.096777e-02
    outer loop
      vertex   5.873033e+01 -6.983109e+00 3.030556e+02
      vertex   5.863398e+01 -6.995645e+00 3.030000e+02
      vertex   5.875923e+01 -6.983058e+00 3.030000e+02
    endloop
  endfacet
  facet normal 2.575443e-01 -9.570820e-01 1.329099e-01
    outer loop
      vertex   5.873033e+01 -6.983109e+00 3.030556e+02
      vertex   5.875923e+01 -6.983058e+00 3.030000e+02
      vertex   5.888571e+01 -6.949023e+00 3.030000e+02
    endloop
  endfacet
  facet normal 3.805786e-01 -8.969934e-01 2.248615e-01
    outer loop
      vertex   5.900331e+01 -6.899125e+00 3.030000e+02
      vertex   5.887876e+01 -6.946129e+00 3.030233e+02
      vertex   5.888571e+01 -6.949023e+00 3.030000e+02
    endloop
  endfacet
  facet normal 3.112022e-01 -9.273158e-01 2.079387e-01
    outer loop
      vertex   5.888571e+01 -6.949023e+00 3.030000e+02
      vertex   5.887876e+01 -6.946129e+00 3.030233e+02
      vertex   5.882185e+01 -6.946129e+00 3.031085e+02
    endloop
  endfacet
  facet normal 2.737008e-01 -9.436003e-01 1.862964e-01
    outer loop
      vertex   5.888571e+01 -6.949023e+00 3.030000e+02
      vertex   5.882185e+01 -6.946129e+00 3.031085e+02
      vertex   5.873033e+01 -6.983109e+00 3.030556e+02
    endloop
  endfacet
  facet normal 2.967843e-01 -9.436622e-01 1.463578e-01
    outer loop
      vertex   5.873033e+01 -6.983109e+00 3.030556e+02
      vertex   5.882185e+01 -6.946129e+00 3.031085e+02
      vertex   5.867891e+01 -6.983109e+00 3.031599e+02
    endloop
  endfacet
  facet normal 1.006306e-01 -9.936855e-01 4.962554e-02
    outer loop
      vertex   5.873033e+01 -6.983109e+00 3.030556e+02
      vertex   5.867891e+01 -6.983109e+00 3.031599e+02
      vertex   5.857612e+01 -6.995645e+00 3.031173e+02
    endloop
  endfacet
  facet normal 1.062472e-01 -9.936855e-01 3.606605e-02
    outer loop
      vertex   5.857612e+01 -6.995645e+00 3.031173e+02
      vertex   5.867891e+01 -6.983109e+00 3.031599e+02
      vertex   5.853408e+01 -6.995645e+00 3.032412e+02
    endloop
  endfacet
  facet normal 1.062472e-01 -9.936855e-01 3.606605e-02
    outer loop
      vertex   5.853408e+01 -6.995645e+00 3.032412e+02
      vertex   5.867891e+01 -6.983109e+00 3.031599e+02
      vertex   5.864154e+01 -6.983109e+00 3.032700e+02
    endloop
  endfacet
  facet normal 1.100458e-01 -9.936855e-01 2.188946e-02
    outer loop
      vertex   5.853408e+01 -6.995645e+00 3.032412e+02
      vertex   5.864154e+01 -6.983109e+00 3.032700e+02
      vertex   5.850856e+01 -6.995645e+00 3.033695e+02
    endloop
  endfacet
  facet normal 1.100458e-01 -9.936855e-01 2.188946e-02
    outer loop
      vertex   5.850856e+01 -6.995645e+00 3.033695e+02
      vertex   5.864154e+01 -6.983109e+00 3.032700e+02
      vertex   5.861886e+01 -6.983109e+00 3.033840e+02
    endloop
  endfacet
  facet normal 1.119615e-01 -9.936855e-01 7.338342e-03
    outer loop
      vertex   5.850856e+01 -6.995645e+00 3.033695e+02
      vertex   5.861886e+01 -6.983109e+00 3.033840e+02
      vertex   5.850000e+01 -6.995645e+00 3.035000e+02
    endloop
  endfacet
  facet normal 1.119615e-01 -9.936855e-01 7.338342e-03
    outer loop
      vertex   5.850000e+01 -6.995645e+00 3.035000e+02
      vertex   5.861886e+01 -6.983109e+00 3.033840e+02
      vertex   5.861126e+01 -6.983109e+00 3.035000e+02
    endloop
  endfacet
  facet normal 3.302017e-01 -9.436622e-01 2.164256e-02
    outer loop
      vertex   5.861126e+01 -6.983109e+00 3.035000e+02
      vertex   5.861886e+01 -6.983109e+00 3.033840e+02
      vertex   5.872364e+01 -6.946129e+00 3.033978e+02
    endloop
  endfacet
  facet normal 3.302017e-01 -9.436622e-01 2.164256e-02
    outer loop
      vertex   5.861126e+01 -6.983109e+00 3.035000e+02
      vertex   5.872364e+01 -6.946129e+00 3.033978e+02
      vertex   5.871694e+01 -6.946129e+00 3.035000e+02
    endloop
  endfacet
  facet normal 5.317089e-01 -8.462099e-01 3.485004e-02
    outer loop
      vertex   5.871694e+01 -6.946129e+00 3.035000e+02
      vertex   5.872364e+01 -6.946129e+00 3.033978e+02
      vertex   5.881763e+01 -6.886560e+00 3.034102e+02
    endloop
  endfacet
  facet normal 5.317089e-01 -8.462099e-01 3.485004e-02
    outer loop
      vertex   5.871694e+01 -6.946129e+00 3.035000e+02
      vertex   5.881763e+01 -6.886560e+00 3.034102e+02
      vertex   5.881175e+01 -6.886560e+00 3.035000e+02
    endloop
  endfacet
  facet normal 7.063486e-01 -7.063486e-01 4.629653e-02
    outer loop
      vertex   5.881175e+01 -6.886560e+00 3.035000e+02
      vertex   5.881763e+01 -6.886560e+00 3.034102e+02
      vertex   5.889613e+01 -6.807390e+00 3.034205e+02
    endloop
  endfacet
  facet normal 7.063486e-01 -7.063486e-01 4.629653e-02
    outer loop
      vertex   5.881175e+01 -6.886560e+00 3.035000e+02
      vertex   5.889613e+01 -6.807390e+00 3.034205e+02
      vertex   5.889092e+01 -6.807390e+00 3.035000e+02
    endloop
  endfacet
  facet normal 8.454233e-01 -5.312146e-01 5.541197e-02
    outer loop
      vertex   5.889092e+01 -6.807390e+00 3.035000e+02
      vertex   5.889613e+01 -6.807390e+00 3.034205e+02
      vertex   5.895519e+01 -6.712587e+00 3.034283e+02
    endloop
  endfacet
  facet normal 8.454233e-01 -5.312146e-01 5.541197e-02
    outer loop
      vertex   5.889092e+01 -6.807390e+00 3.035000e+02
      vertex   5.895519e+01 -6.712587e+00 3.034283e+02
      vertex   5.895049e+01 -6.712587e+00 3.035000e+02
    endloop
  endfacet
  facet normal 9.420822e-01 -3.296488e-01 6.174733e-02
    outer loop
      vertex   5.895049e+01 -6.712587e+00 3.035000e+02
      vertex   5.895519e+01 -6.712587e+00 3.034283e+02
      vertex   5.899185e+01 -6.606905e+00 3.034331e+02
    endloop
  endfacet
  facet normal 9.420822e-01 -3.296488e-01 6.174733e-02
    outer loop
      vertex   5.895049e+01 -6.712587e+00 3.035000e+02
      vertex   5.899185e+01 -6.606905e+00 3.034331e+02
      vertex   5.898746e+01 -6.606905e+00 3.035000e+02
    endloop
  endfacet
  facet normal 9.916112e-01 -1.117277e-01 6.499363e-02
    outer loop
      vertex   5.898746e+01 -6.606905e+00 3.035000e+02
      vertex   5.899185e+01 -6.606905e+00 3.034331e+02
      vertex   5.900000e+01 -6.495645e+00 3.035000e+02
    endloop
  endfacet
  facet normal 9.840978e-01 -1.387689e-01 1.108812e-01
    outer loop
      vertex   5.900000e+01 -6.495645e+00 3.035000e+02
      vertex   5.899185e+01 -6.606905e+00 3.034331e+02
      vertex   5.901254e+01 -6.495645e+00 3.033887e+02
    endloop
  endfacet
  facet normal 9.754657e-01 -1.040104e-01 1.940322e-01
    outer loop
      vertex   5.901254e+01 -6.495645e+00 3.033887e+02
      vertex   5.899185e+01 -6.606905e+00 3.034331e+02
      vertex   5.900493e+01 -6.606905e+00 3.033673e+02
    endloop
  endfacet
  facet normal 9.394366e-01 -1.255560e-01 3.188958e-01
    outer loop
      vertex   5.901254e+01 -6.495645e+00 3.033887e+02
      vertex   5.900493e+01 -6.606905e+00 3.033673e+02
      vertex   5.902648e+01 -6.606905e+00 3.033039e+02
    endloop
  endfacet
  facet normal 8.940002e-01 -3.296488e-01 3.034722e-01
    outer loop
      vertex   5.902648e+01 -6.606905e+00 3.033039e+02
      vertex   5.900493e+01 -6.606905e+00 3.033673e+02
      vertex   5.896921e+01 -6.712587e+00 3.033578e+02
    endloop
  endfacet
  facet normal 8.940002e-01 -3.296488e-01 3.034722e-01
    outer loop
      vertex   5.902648e+01 -6.606905e+00 3.033039e+02
      vertex   5.896921e+01 -6.712587e+00 3.033578e+02
      vertex   5.899231e+01 -6.712587e+00 3.032897e+02
    endloop
  endfacet
  facet normal 8.022745e-01 -5.312146e-01 2.723355e-01
    outer loop
      vertex   5.899231e+01 -6.712587e+00 3.032897e+02
      vertex   5.896921e+01 -6.712587e+00 3.033578e+02
      vertex   5.891167e+01 -6.807390e+00 3.033424e+02
    endloop
  endfacet
  facet normal 8.022745e-01 -5.312146e-01 2.723355e-01
    outer loop
      vertex   5.899231e+01 -6.712587e+00 3.032897e+02
      vertex   5.891167e+01 -6.807390e+00 3.033424e+02
      vertex   5.893728e+01 -6.807390e+00 3.032669e+02
    endloop
  endfacet
  facet normal 6.702979e-01 -7.063486e-01 2.275355e-01
    outer loop
      vertex   5.893728e+01 -6.807390e+00 3.032669e+02
      vertex   5.891167e+01 -6.807390e+00 3.033424e+02
      vertex   5.883520e+01 -6.886560e+00 3.033219e+02
    endloop
  endfacet
  facet normal 6.702979e-01 -7.063486e-01 2.275355e-01
    outer loop
      vertex   5.893728e+01 -6.807390e+00 3.032669e+02
      vertex   5.883520e+01 -6.886560e+00 3.033219e+02
      vertex   5.886414e+01 -6.886560e+00 3.032366e+02
    endloop
  endfacet
  facet normal 5.045715e-01 -8.462099e-01 1.712789e-01
    outer loop
      vertex   5.886414e+01 -6.886560e+00 3.032366e+02
      vertex   5.883520e+01 -6.886560e+00 3.033219e+02
      vertex   5.874362e+01 -6.946129e+00 3.032973e+02
    endloop
  endfacet
  facet normal 5.045715e-01 -8.462099e-01 1.712789e-01
    outer loop
      vertex   5.886414e+01 -6.886560e+00 3.032366e+02
      vertex   5.874362e+01 -6.946129e+00 3.032973e+02
      vertex   5.877655e+01 -6.946129e+00 3.032003e+02
    endloop
  endfacet
  facet normal 3.133488e-01 -9.436622e-01 1.063676e-01
    outer loop
      vertex   5.877655e+01 -6.946129e+00 3.032003e+02
      vertex   5.874362e+01 -6.946129e+00 3.032973e+02
      vertex   5.864154e+01 -6.983109e+00 3.032700e+02
    endloop
  endfacet
  facet normal 3.133488e-01 -9.436622e-01 1.063676e-01
    outer loop
      vertex   5.877655e+01 -6.946129e+00 3.032003e+02
      vertex   5.864154e+01 -6.983109e+00 3.032700e+02
      vertex   5.867891e+01 -6.983109e+00 3.031599e+02
    endloop
  endfacet
  facet normal 4.698955e-01 -7.907841e-01 3.922484e-01
    outer loop
      vertex   5.910987e+01 -6.835809e+00 3.030000e+02
      vertex   5.901333e+01 -6.886560e+00 3.030133e+02
      vertex   5.900331e+01 -6.899125e+00 3.030000e+02
    endloop
  endfacet
  facet normal 4.586388e-01 -7.923845e-01 4.022154e-01
    outer loop
      vertex   5.900331e+01 -6.899125e+00 3.030000e+02
      vertex   5.901333e+01 -6.886560e+00 3.030133e+02
      vertex   5.895397e+01 -6.886560e+00 3.030810e+02
    endloop
  endfacet
  facet normal 3.877644e-01 -8.454274e-01 3.672754e-01
    outer loop
      vertex   5.900331e+01 -6.899125e+00 3.030000e+02
      vertex   5.895397e+01 -6.886560e+00 3.030810e+02
      vertex   5.887876e+01 -6.946129e+00 3.030233e+02
    endloop
  endfacet
  facet normal 4.430484e-01 -8.462099e-01 2.960355e-01
    outer loop
      vertex   5.887876e+01 -6.946129e+00 3.030233e+02
      vertex   5.895397e+01 -6.886560e+00 3.030810e+02
      vertex   5.882185e+01 -6.946129e+00 3.031085e+02
    endloop
  endfacet
  facet normal 4.917875e-01 -6.659800e-01 5.609062e-01
    outer loop
      vertex   5.921410e+01 -6.758837e+00 3.030000e+02
      vertex   5.912921e+01 -6.807390e+00 3.030168e+02
      vertex   5.910987e+01 -6.835809e+00 3.030000e+02
    endloop
  endfacet
  facet normal 4.918485e-01 -6.659858e-01 5.608457e-01
    outer loop
      vertex   5.910987e+01 -6.835809e+00 3.030000e+02
      vertex   5.912921e+01 -6.807390e+00 3.030168e+02
      vertex   5.906931e+01 -6.807390e+00 3.030693e+02
    endloop
  endfacet
  facet normal 4.467602e-01 -7.052002e-01 5.505434e-01
    outer loop
      vertex   5.910987e+01 -6.835809e+00 3.030000e+02
      vertex   5.906931e+01 -6.807390e+00 3.030693e+02
      vertex   5.901333e+01 -6.886560e+00 3.030133e+02
    endloop
  endfacet
  facet normal 5.322005e-01 -7.063486e-01 4.667273e-01
    outer loop
      vertex   5.901333e+01 -6.886560e+00 3.030133e+02
      vertex   5.906931e+01 -6.807390e+00 3.030693e+02
      vertex   5.895397e+01 -6.886560e+00 3.030810e+02
    endloop
  endfacet
  facet normal 4.227722e-01 -4.968421e-01 7.578995e-01
    outer loop
      vertex   5.931482e+01 -6.673135e+00 3.030000e+02
      vertex   5.922524e+01 -6.712587e+00 3.030241e+02
      vertex   5.921410e+01 -6.758837e+00 3.030000e+02
    endloop
  endfacet
  facet normal 4.832535e-01 -4.933456e-01 7.232400e-01
    outer loop
      vertex   5.921410e+01 -6.758837e+00 3.030000e+02
      vertex   5.922524e+01 -6.712587e+00 3.030241e+02
      vertex   5.916548e+01 -6.712587e+00 3.030640e+02
    endloop
  endfacet
  facet normal 4.457727e-01 -5.300860e-01 7.213151e-01
    outer loop
      vertex   5.921410e+01 -6.758837e+00 3.030000e+02
      vertex   5.916548e+01 -6.712587e+00 3.030640e+02
      vertex   5.912921e+01 -6.807390e+00 3.030168e+02
    endloop
  endfacet
  facet normal 5.586223e-01 -5.312146e-01 6.369867e-01
    outer loop
      vertex   5.912921e+01 -6.807390e+00 3.030168e+02
      vertex   5.916548e+01 -6.712587e+00 3.030640e+02
      vertex   5.906931e+01 -6.807390e+00 3.030693e+02
    endloop
  endfacet
  facet normal 2.732042e-01 -2.850415e-01 9.187550e-01
    outer loop
      vertex   5.950000e+01 -6.495645e+00 3.030000e+02
      vertex   5.936735e+01 -6.606905e+00 3.030049e+02
      vertex   5.931482e+01 -6.673135e+00 3.030000e+02
    endloop
  endfacet
  facet normal 3.056645e-01 -3.094242e-01 9.004587e-01
    outer loop
      vertex   5.931482e+01 -6.673135e+00 3.030000e+02
      vertex   5.936735e+01 -6.606905e+00 3.030049e+02
      vertex   5.930386e+01 -6.606905e+00 3.030265e+02
    endloop
  endfacet
  facet normal 4.253081e-01 -2.744285e-01 8.624396e-01
    outer loop
      vertex   5.931482e+01 -6.673135e+00 3.030000e+02
      vertex   5.930386e+01 -6.606905e+00 3.030265e+02
      vertex   5.924373e+01 -6.606905e+00 3.030561e+02
    endloop
  endfacet
  facet normal 4.399608e-01 -1.024641e-01 8.921522e-01
    outer loop
      vertex   5.924373e+01 -6.606905e+00 3.030561e+02
      vertex   5.930386e+01 -6.606905e+00 3.030265e+02
      vertex   5.928306e+01 -6.495645e+00 3.030495e+02
    endloop
  endfacet
  facet normal 5.270581e-01 -1.364212e-01 8.388081e-01
    outer loop
      vertex   5.924373e+01 -6.606905e+00 3.030561e+02
      vertex   5.928306e+01 -6.495645e+00 3.030495e+02
      vertex   5.918826e+01 -6.495645e+00 3.031091e+02
    endloop
  endfacet
  facet normal 1.115189e-01 -8.912168e-02 9.897580e-01
    outer loop
      vertex   5.950000e+01 -6.495645e+00 3.030000e+02
      vertex   5.938874e+01 -6.495645e+00 3.030125e+02
      vertex   5.936735e+01 -6.606905e+00 3.030049e+02
    endloop
  endfacet
  facet normal 3.276042e-01 -1.270119e-01 9.362390e-01
    outer loop
      vertex   5.936735e+01 -6.606905e+00 3.030049e+02
      vertex   5.938874e+01 -6.495645e+00 3.030125e+02
      vertex   5.928306e+01 -6.495645e+00 3.030495e+02
    endloop
  endfacet
  facet normal 3.185088e-01 -1.347269e-01 9.382967e-01
    outer loop
      vertex   5.936735e+01 -6.606905e+00 3.030049e+02
      vertex   5.928306e+01 -6.495645e+00 3.030495e+02
      vertex   5.930386e+01 -6.606905e+00 3.030265e+02
    endloop
  endfacet
  facet normal 7.001877e-01 -1.395510e-01 7.001877e-01
    outer loop
      vertex   5.910909e+01 -6.495645e+00 3.031883e+02
      vertex   5.913758e+01 -6.606905e+00 3.031376e+02
      vertex   5.918826e+01 -6.495645e+00 3.031091e+02
    endloop
  endfacet
  facet normal 6.555534e-01 -1.071002e-01 7.475154e-01
    outer loop
      vertex   5.918826e+01 -6.495645e+00 3.031091e+02
      vertex   5.913758e+01 -6.606905e+00 3.031376e+02
      vertex   5.918799e+01 -6.606905e+00 3.030934e+02
    endloop
  endfacet
  facet normal 5.516965e-01 -1.178840e-01 8.256721e-01
    outer loop
      vertex   5.918826e+01 -6.495645e+00 3.031091e+02
      vertex   5.918799e+01 -6.606905e+00 3.030934e+02
      vertex   5.924373e+01 -6.606905e+00 3.030561e+02
    endloop
  endfacet
  facet normal 5.245159e-01 -3.296488e-01 7.849935e-01
    outer loop
      vertex   5.924373e+01 -6.606905e+00 3.030561e+02
      vertex   5.918799e+01 -6.606905e+00 3.030934e+02
      vertex   5.916548e+01 -6.712587e+00 3.030640e+02
    endloop
  endfacet
  facet normal 5.245159e-01 -3.296488e-01 7.849935e-01
    outer loop
      vertex   5.924373e+01 -6.606905e+00 3.030561e+02
      vertex   5.916548e+01 -6.712587e+00 3.030640e+02
      vertex   5.922524e+01 -6.712587e+00 3.030241e+02
    endloop
  endfacet
  facet normal 7.475154e-01 -1.071002e-01 6.555534e-01
    outer loop
      vertex   5.913758e+01 -6.606905e+00 3.031376e+02
      vertex   5.910909e+01 -6.495645e+00 3.031883e+02
      vertex   5.909338e+01 -6.606905e+00 3.031880e+02
    endloop
  endfacet
  facet normal 8.406122e-01 -1.199366e-01 5.281916e-01
    outer loop
      vertex   5.909338e+01 -6.606905e+00 3.031880e+02
      vertex   5.910909e+01 -6.495645e+00 3.031883e+02
      vertex   5.904952e+01 -6.495645e+00 3.032831e+02
    endloop
  endfacet
  facet normal 8.226367e-01 -1.453745e-01 5.496682e-01
    outer loop
      vertex   5.909338e+01 -6.606905e+00 3.031880e+02
      vertex   5.904952e+01 -6.495645e+00 3.032831e+02
      vertex   5.905613e+01 -6.606905e+00 3.032437e+02
    endloop
  endfacet
  facet normal 8.921522e-01 -1.024641e-01 4.399608e-01
    outer loop
      vertex   5.905613e+01 -6.606905e+00 3.032437e+02
      vertex   5.904952e+01 -6.495645e+00 3.032831e+02
      vertex   5.902648e+01 -6.606905e+00 3.033039e+02
    endloop
  endfacet
  facet normal 8.467408e-01 -3.296488e-01 4.175664e-01
    outer loop
      vertex   5.905613e+01 -6.606905e+00 3.032437e+02
      vertex   5.902648e+01 -6.606905e+00 3.033039e+02
      vertex   5.899231e+01 -6.712587e+00 3.032897e+02
    endloop
  endfacet
  facet normal 9.355606e-01 -1.325042e-01 3.273668e-01
    outer loop
      vertex   5.904952e+01 -6.495645e+00 3.032831e+02
      vertex   5.901254e+01 -6.495645e+00 3.033887e+02
      vertex   5.902648e+01 -6.606905e+00 3.033039e+02
    endloop
  endfacet
  facet normal 7.849935e-01 -3.296488e-01 5.245159e-01
    outer loop
      vertex   5.905613e+01 -6.606905e+00 3.032437e+02
      vertex   5.902411e+01 -6.712587e+00 3.032252e+02
      vertex   5.909338e+01 -6.606905e+00 3.031880e+02
    endloop
  endfacet
  facet normal 7.849935e-01 -3.296488e-01 5.245159e-01
    outer loop
      vertex   5.909338e+01 -6.606905e+00 3.031880e+02
      vertex   5.902411e+01 -6.712587e+00 3.032252e+02
      vertex   5.906404e+01 -6.712587e+00 3.031655e+02
    endloop
  endfacet
  facet normal 7.098147e-01 -3.296488e-01 6.224908e-01
    outer loop
      vertex   5.909338e+01 -6.606905e+00 3.031880e+02
      vertex   5.906404e+01 -6.712587e+00 3.031655e+02
      vertex   5.913758e+01 -6.606905e+00 3.031376e+02
    endloop
  endfacet
  facet normal 7.098147e-01 -3.296488e-01 6.224908e-01
    outer loop
      vertex   5.913758e+01 -6.606905e+00 3.031376e+02
      vertex   5.906404e+01 -6.712587e+00 3.031655e+02
      vertex   5.911143e+01 -6.712587e+00 3.031114e+02
    endloop
  endfacet
  facet normal 6.224908e-01 -3.296488e-01 7.098147e-01
    outer loop
      vertex   5.913758e+01 -6.606905e+00 3.031376e+02
      vertex   5.911143e+01 -6.712587e+00 3.031114e+02
      vertex   5.918799e+01 -6.606905e+00 3.030934e+02
    endloop
  endfacet
  facet normal 6.224908e-01 -3.296488e-01 7.098147e-01
    outer loop
      vertex   5.918799e+01 -6.606905e+00 3.030934e+02
      vertex   5.911143e+01 -6.712587e+00 3.031114e+02
      vertex   5.916548e+01 -6.712587e+00 3.030640e+02
    endloop
  endfacet
  facet normal 7.044520e-01 -5.312146e-01 4.706998e-01
    outer loop
      vertex   5.902411e+01 -6.712587e+00 3.032252e+02
      vertex   5.897252e+01 -6.807390e+00 3.031955e+02
      vertex   5.906404e+01 -6.712587e+00 3.031655e+02
    endloop
  endfacet
  facet normal 7.044520e-01 -5.312146e-01 4.706998e-01
    outer loop
      vertex   5.906404e+01 -6.712587e+00 3.031655e+02
      vertex   5.897252e+01 -6.807390e+00 3.031955e+02
      vertex   5.901678e+01 -6.807390e+00 3.031292e+02
    endloop
  endfacet
  facet normal 6.369867e-01 -5.312146e-01 5.586223e-01
    outer loop
      vertex   5.906404e+01 -6.712587e+00 3.031655e+02
      vertex   5.901678e+01 -6.807390e+00 3.031292e+02
      vertex   5.911143e+01 -6.712587e+00 3.031114e+02
    endloop
  endfacet
  facet normal 6.369867e-01 -5.312146e-01 5.586223e-01
    outer loop
      vertex   5.911143e+01 -6.712587e+00 3.031114e+02
      vertex   5.901678e+01 -6.807390e+00 3.031292e+02
      vertex   5.906931e+01 -6.807390e+00 3.030693e+02
    endloop
  endfacet
  facet normal 5.586223e-01 -5.312146e-01 6.369867e-01
    outer loop
      vertex   5.911143e+01 -6.712587e+00 3.031114e+02
      vertex   5.906931e+01 -6.807390e+00 3.030693e+02
      vertex   5.916548e+01 -6.712587e+00 3.030640e+02
    endloop
  endfacet
  facet normal 8.467408e-01 -3.296488e-01 4.175664e-01
    outer loop
      vertex   5.905613e+01 -6.606905e+00 3.032437e+02
      vertex   5.899231e+01 -6.712587e+00 3.032897e+02
      vertex   5.902411e+01 -6.712587e+00 3.032252e+02
    endloop
  endfacet
  facet normal 7.598640e-01 -5.312146e-01 3.747235e-01
    outer loop
      vertex   5.902411e+01 -6.712587e+00 3.032252e+02
      vertex   5.899231e+01 -6.712587e+00 3.032897e+02
      vertex   5.893728e+01 -6.807390e+00 3.032669e+02
    endloop
  endfacet
  facet normal 7.598640e-01 -5.312146e-01 3.747235e-01
    outer loop
      vertex   5.902411e+01 -6.712587e+00 3.032252e+02
      vertex   5.893728e+01 -6.807390e+00 3.032669e+02
      vertex   5.897252e+01 -6.807390e+00 3.031955e+02
    endloop
  endfacet
  facet normal 6.348641e-01 -7.063486e-01 3.130803e-01
    outer loop
      vertex   5.897252e+01 -6.807390e+00 3.031955e+02
      vertex   5.893728e+01 -6.807390e+00 3.032669e+02
      vertex   5.886414e+01 -6.886560e+00 3.032366e+02
    endloop
  endfacet
  facet normal 6.348641e-01 -7.063486e-01 3.130803e-01
    outer loop
      vertex   5.897252e+01 -6.807390e+00 3.031955e+02
      vertex   5.886414e+01 -6.886560e+00 3.032366e+02
      vertex   5.890395e+01 -6.886560e+00 3.031559e+02
    endloop
  endfacet
  facet normal 4.778984e-01 -8.462099e-01 2.356734e-01
    outer loop
      vertex   5.890395e+01 -6.886560e+00 3.031559e+02
      vertex   5.886414e+01 -6.886560e+00 3.032366e+02
      vertex   5.877655e+01 -6.946129e+00 3.032003e+02
    endloop
  endfacet
  facet normal 4.778984e-01 -8.462099e-01 2.356734e-01
    outer loop
      vertex   5.890395e+01 -6.886560e+00 3.031559e+02
      vertex   5.877655e+01 -6.946129e+00 3.032003e+02
      vertex   5.882185e+01 -6.946129e+00 3.031085e+02
    endloop
  endfacet
  facet normal 2.967843e-01 -9.436622e-01 1.463578e-01
    outer loop
      vertex   5.882185e+01 -6.946129e+00 3.031085e+02
      vertex   5.877655e+01 -6.946129e+00 3.032003e+02
      vertex   5.867891e+01 -6.983109e+00 3.031599e+02
    endloop
  endfacet
  facet normal 5.885675e-01 -7.063486e-01 3.932683e-01
    outer loop
      vertex   5.897252e+01 -6.807390e+00 3.031955e+02
      vertex   5.890395e+01 -6.886560e+00 3.031559e+02
      vertex   5.901678e+01 -6.807390e+00 3.031292e+02
    endloop
  endfacet
  facet normal 5.885675e-01 -7.063486e-01 3.932683e-01
    outer loop
      vertex   5.901678e+01 -6.807390e+00 3.031292e+02
      vertex   5.890395e+01 -6.886560e+00 3.031559e+02
      vertex   5.895397e+01 -6.886560e+00 3.030810e+02
    endloop
  endfacet
  facet normal 5.322005e-01 -7.063486e-01 4.667273e-01
    outer loop
      vertex   5.901678e+01 -6.807390e+00 3.031292e+02
      vertex   5.895397e+01 -6.886560e+00 3.030810e+02
      vertex   5.906931e+01 -6.807390e+00 3.030693e+02
    endloop
  endfacet
  facet normal 4.430484e-01 -8.462099e-01 2.960355e-01
    outer loop
      vertex   5.890395e+01 -6.886560e+00 3.031559e+02
      vertex   5.882185e+01 -6.946129e+00 3.031085e+02
      vertex   5.895397e+01 -6.886560e+00 3.030810e+02
    endloop
  endfacet
  facet normal 3.776232e-01 -3.284237e-01 8.657590e-01
    outer loop
      vertex   5.924373e+01 -6.606905e+00 3.030561e+02
      vertex   5.922524e+01 -6.712587e+00 3.030241e+02
      vertex   5.931482e+01 -6.673135e+00 3.030000e+02
    endloop
  endfacet
  facet normal 9.259629e-01 -3.296488e-01 1.841855e-01
    outer loop
      vertex   5.896921e+01 -6.712587e+00 3.033578e+02
      vertex   5.900493e+01 -6.606905e+00 3.033673e+02
      vertex   5.895519e+01 -6.712587e+00 3.034283e+02
    endloop
  endfacet
  facet normal 9.259629e-01 -3.296488e-01 1.841855e-01
    outer loop
      vertex   5.895519e+01 -6.712587e+00 3.034283e+02
      vertex   5.900493e+01 -6.606905e+00 3.033673e+02
      vertex   5.899185e+01 -6.606905e+00 3.034331e+02
    endloop
  endfacet
  facet normal 8.309578e-01 -5.312146e-01 1.652878e-01
    outer loop
      vertex   5.891167e+01 -6.807390e+00 3.033424e+02
      vertex   5.896921e+01 -6.712587e+00 3.033578e+02
      vertex   5.889613e+01 -6.807390e+00 3.034205e+02
    endloop
  endfacet
  facet normal 8.309578e-01 -5.312146e-01 1.652878e-01
    outer loop
      vertex   5.889613e+01 -6.807390e+00 3.034205e+02
      vertex   5.896921e+01 -6.712587e+00 3.033578e+02
      vertex   5.895519e+01 -6.712587e+00 3.034283e+02
    endloop
  endfacet
  facet normal 6.942628e-01 -7.063486e-01 1.380974e-01
    outer loop
      vertex   5.883520e+01 -6.886560e+00 3.033219e+02
      vertex   5.891167e+01 -6.807390e+00 3.033424e+02
      vertex   5.881763e+01 -6.886560e+00 3.034102e+02
    endloop
  endfacet
  facet normal 6.942628e-01 -7.063486e-01 1.380974e-01
    outer loop
      vertex   5.881763e+01 -6.886560e+00 3.034102e+02
      vertex   5.891167e+01 -6.807390e+00 3.033424e+02
      vertex   5.889613e+01 -6.807390e+00 3.034205e+02
    endloop
  endfacet
  facet normal 5.226112e-01 -8.462099e-01 1.039538e-01
    outer loop
      vertex   5.874362e+01 -6.946129e+00 3.032973e+02
      vertex   5.883520e+01 -6.886560e+00 3.033219e+02
      vertex   5.872364e+01 -6.946129e+00 3.033978e+02
    endloop
  endfacet
  facet normal 5.226112e-01 -8.462099e-01 1.039538e-01
    outer loop
      vertex   5.872364e+01 -6.946129e+00 3.033978e+02
      vertex   5.883520e+01 -6.886560e+00 3.033219e+02
      vertex   5.881763e+01 -6.886560e+00 3.034102e+02
    endloop
  endfacet
  facet normal 3.245519e-01 -9.436622e-01 6.455738e-02
    outer loop
      vertex   5.864154e+01 -6.983109e+00 3.032700e+02
      vertex   5.874362e+01 -6.946129e+00 3.032973e+02
      vertex   5.861886e+01 -6.983109e+00 3.033840e+02
    endloop
  endfacet
  facet normal 3.245519e-01 -9.436622e-01 6.455738e-02
    outer loop
      vertex   5.861886e+01 -6.983109e+00 3.033840e+02
      vertex   5.874362e+01 -6.946129e+00 3.032973e+02
      vertex   5.872364e+01 -6.946129e+00 3.033978e+02
    endloop
  endfacet
  facet normal 9.937122e-01 -0.000000e+00 1.119645e-01
    outer loop
      vertex   5.900000e+01 -6.495645e+00 3.055000e+02
      vertex   5.900000e+01 -5.495645e+00 3.055000e+02
      vertex   5.898746e+01 -6.495645e+00 3.056113e+02
    endloop
  endfacet
  facet normal 9.937122e-01 7.060750e-15 1.119645e-01
    outer loop
      vertex   5.898746e+01 -6.495645e+00 3.056113e+02
      vertex   5.900000e+01 -5.495645e+00 3.055000e+02
      vertex   5.898746e+01 -5.495645e+00 3.056113e+02
    endloop
  endfacet
  facet normal 9.438833e-01 6.706694e-15 3.302791e-01
    outer loop
      vertex   5.898746e+01 -6.495645e+00 3.056113e+02
      vertex   5.898746e+01 -5.495645e+00 3.056113e+02
      vertex   5.895049e+01 -6.495645e+00 3.057169e+02
    endloop
  endfacet
  facet normal 9.438833e-01 6.706694e-15 3.302791e-01
    outer loop
      vertex   5.895049e+01 -6.495645e+00 3.057169e+02
      vertex   5.898746e+01 -5.495645e+00 3.056113e+02
      vertex   5.895049e+01 -5.495645e+00 3.057169e+02
    endloop
  endfacet
  facet normal 8.467242e-01 6.016337e-15 5.320321e-01
    outer loop
      vertex   5.895049e+01 -6.495645e+00 3.057169e+02
      vertex   5.895049e+01 -5.495645e+00 3.057169e+02
      vertex   5.889092e+01 -6.495645e+00 3.058117e+02
    endloop
  endfacet
  facet normal 8.467242e-01 6.016337e-15 5.320321e-01
    outer loop
      vertex   5.889092e+01 -6.495645e+00 3.058117e+02
      vertex   5.895049e+01 -5.495645e+00 3.057169e+02
      vertex   5.889092e+01 -5.495645e+00 3.058117e+02
    endloop
  endfacet
  facet normal 7.071068e-01 5.024296e-15 7.071068e-01
    outer loop
      vertex   5.889092e+01 -6.495645e+00 3.058117e+02
      vertex   5.889092e+01 -5.495645e+00 3.058117e+02
      vertex   5.881175e+01 -6.495645e+00 3.058909e+02
    endloop
  endfacet
  facet normal 7.071068e-01 -0.000000e+00 7.071068e-01
    outer loop
      vertex   5.881175e+01 -6.495645e+00 3.058909e+02
      vertex   5.889092e+01 -5.495645e+00 3.058117e+02
      vertex   5.881175e+01 -5.495645e+00 3.058909e+02
    endloop
  endfacet
  facet normal 5.320321e-01 -0.000000e+00 8.467242e-01
    outer loop
      vertex   5.881175e+01 -6.495645e+00 3.058909e+02
      vertex   5.881175e+01 -5.495645e+00 3.058909e+02
      vertex   5.871694e+01 -6.495645e+00 3.059505e+02
    endloop
  endfacet
  facet normal 5.320321e-01 3.780315e-15 8.467242e-01
    outer loop
      vertex   5.871694e+01 -6.495645e+00 3.059505e+02
      vertex   5.881175e+01 -5.495645e+00 3.058909e+02
      vertex   5.871694e+01 -5.495645e+00 3.059505e+02
    endloop
  endfacet
  facet normal 3.302791e-01 2.346774e-15 9.438833e-01
    outer loop
      vertex   5.871694e+01 -6.495645e+00 3.059505e+02
      vertex   5.871694e+01 -5.495645e+00 3.059505e+02
      vertex   5.861126e+01 -6.495645e+00 3.059875e+02
    endloop
  endfacet
  facet normal 3.302791e-01 5.600033e-14 9.438833e-01
    outer loop
      vertex   5.861126e+01 -6.495645e+00 3.059875e+02
      vertex   5.871694e+01 -5.495645e+00 3.059505e+02
      vertex   5.861126e+01 -5.495645e+00 3.059875e+02
    endloop
  endfacet
  facet normal 1.119645e-01 5.728155e-14 9.937122e-01
    outer loop
      vertex   5.861126e+01 -6.495645e+00 3.059875e+02
      vertex   5.861126e+01 -5.495645e+00 3.059875e+02
      vertex   5.850000e+01 -6.495645e+00 3.060000e+02
    endloop
  endfacet
  facet normal 1.119645e-01 -0.000000e+00 9.937122e-01
    outer loop
      vertex   5.850000e+01 -6.495645e+00 3.060000e+02
      vertex   5.861126e+01 -5.495645e+00 3.059875e+02
      vertex   5.850000e+01 -5.495645e+00 3.060000e+02
    endloop
  endfacet
  facet normal -4.587760e-02 -1.118466e-01 9.926659e-01
    outer loop
      vertex   5.450000e+01 -6.606905e+00 3.059875e+02
      vertex   5.450000e+01 -6.495645e+00 3.060000e+02
      vertex   5.442155e+01 -6.574099e+00 3.059875e+02
    endloop
  endfacet
  facet normal -1.118466e-01 -4.587760e-02 9.926659e-01
    outer loop
      vertex   5.442155e+01 -6.574099e+00 3.059875e+02
      vertex   5.450000e+01 -6.495645e+00 3.060000e+02
      vertex   5.438874e+01 -6.495645e+00 3.059875e+02
    endloop
  endfacet
  facet normal -1.938518e-01 -8.018181e-02 9.777486e-01
    outer loop
      vertex   5.442155e+01 -6.574099e+00 3.059875e+02
      vertex   5.438874e+01 -6.495645e+00 3.059875e+02
      vertex   5.436899e+01 -6.511045e+00 3.059823e+02
    endloop
  endfacet
  facet normal -3.284336e-01 1.055642e-01 9.386094e-01
    outer loop
      vertex   5.436899e+01 -6.511045e+00 3.059823e+02
      vertex   5.438874e+01 -6.495645e+00 3.059875e+02
      vertex   5.428306e+01 -6.495645e+00 3.059505e+02
    endloop
  endfacet
  facet normal -3.584707e-01 -7.950315e-02 9.301495e-01
    outer loop
      vertex   5.436899e+01 -6.511045e+00 3.059823e+02
      vertex   5.428306e+01 -6.495645e+00 3.059505e+02
      vertex   5.428529e+01 -6.574599e+00 3.059446e+02
    endloop
  endfacet
  facet normal -5.304134e-01 -7.794539e-02 8.441482e-01
    outer loop
      vertex   5.428529e+01 -6.574599e+00 3.059446e+02
      vertex   5.428306e+01 -6.495645e+00 3.059505e+02
      vertex   5.418826e+01 -6.495645e+00 3.058909e+02
    endloop
  endfacet
  facet normal -5.608146e-01 -1.337161e-01 8.170722e-01
    outer loop
      vertex   5.428529e+01 -6.574599e+00 3.059446e+02
      vertex   5.418826e+01 -6.495645e+00 3.058909e+02
      vertex   5.421229e+01 -6.634216e+00 3.058847e+02
    endloop
  endfacet
  facet normal -5.591801e-01 -1.334842e-01 8.182295e-01
    outer loop
      vertex   5.421229e+01 -6.634216e+00 3.058847e+02
      vertex   5.418826e+01 -6.495645e+00 3.058909e+02
      vertex   5.416135e+01 -6.543310e+00 3.058648e+02
    endloop
  endfacet
  facet normal -6.955766e-01 -2.409992e-01 6.768254e-01
    outer loop
      vertex   5.421229e+01 -6.634216e+00 3.058847e+02
      vertex   5.416135e+01 -6.543310e+00 3.058648e+02
      vertex   5.410067e+01 -6.592395e+00 3.057849e+02
    endloop
  endfacet
  facet normal -7.563967e-01 -1.129028e-01 6.442957e-01
    outer loop
      vertex   5.410067e+01 -6.592395e+00 3.057849e+02
      vertex   5.416135e+01 -6.543310e+00 3.058648e+02
      vertex   5.410909e+01 -6.495645e+00 3.058117e+02
    endloop
  endfacet
  facet normal -8.444204e-01 -7.371693e-02 5.305845e-01
    outer loop
      vertex   5.410067e+01 -6.592395e+00 3.057849e+02
      vertex   5.410909e+01 -6.495645e+00 3.058117e+02
      vertex   5.404952e+01 -6.495645e+00 3.057169e+02
    endloop
  endfacet
  facet normal -7.070640e-01 1.099908e-02 7.070640e-01
    outer loop
      vertex   5.418826e+01 -6.495645e+00 3.058909e+02
      vertex   5.410909e+01 -6.495645e+00 3.058117e+02
      vertex   5.416135e+01 -6.543310e+00 3.058648e+02
    endloop
  endfacet
  facet normal -9.434386e-01 3.069241e-02 3.301235e-01
    outer loop
      vertex   5.401254e+01 -6.495645e+00 3.056113e+02
      vertex   5.402743e+01 -6.537952e+00 3.056578e+02
      vertex   5.404952e+01 -6.495645e+00 3.057169e+02
    endloop
  endfacet
  facet normal -8.881289e-01 -1.460032e-01 4.357867e-01
    outer loop
      vertex   5.404952e+01 -6.495645e+00 3.057169e+02
      vertex   5.402743e+01 -6.537952e+00 3.056578e+02
      vertex   5.405991e+01 -6.636656e+00 3.056909e+02
    endloop
  endfacet
  facet normal -8.799943e-01 -1.482632e-01 4.512516e-01
    outer loop
      vertex   5.404952e+01 -6.495645e+00 3.057169e+02
      vertex   5.405991e+01 -6.636656e+00 3.056909e+02
      vertex   5.410067e+01 -6.592395e+00 3.057849e+02
    endloop
  endfacet
  facet normal -7.963437e-01 -3.356370e-01 5.031745e-01
    outer loop
      vertex   5.410067e+01 -6.592395e+00 3.057849e+02
      vertex   5.405991e+01 -6.636656e+00 3.056909e+02
      vertex   5.415364e+01 -6.686924e+00 3.058057e+02
    endloop
  endfacet
  facet normal -6.955766e-01 -2.409992e-01 6.768254e-01
    outer loop
      vertex   5.410067e+01 -6.592395e+00 3.057849e+02
      vertex   5.415364e+01 -6.686924e+00 3.058057e+02
      vertex   5.421229e+01 -6.634216e+00 3.058847e+02
    endloop
  endfacet
  facet normal -5.729384e-01 -4.189033e-01 7.044583e-01
    outer loop
      vertex   5.421229e+01 -6.634216e+00 3.058847e+02
      vertex   5.415364e+01 -6.686924e+00 3.058057e+02
      vertex   5.428009e+01 -6.715555e+00 3.058915e+02
    endloop
  endfacet
  facet normal -4.454724e-01 -3.011149e-01 8.431394e-01
    outer loop
      vertex   5.421229e+01 -6.634216e+00 3.058847e+02
      vertex   5.428009e+01 -6.715555e+00 3.058915e+02
      vertex   5.434700e+01 -6.648642e+00 3.059508e+02
    endloop
  endfacet
  facet normal -3.011149e-01 -4.454724e-01 8.431394e-01
    outer loop
      vertex   5.434700e+01 -6.648642e+00 3.059508e+02
      vertex   5.428009e+01 -6.715555e+00 3.058915e+02
      vertex   5.442105e+01 -6.710356e+00 3.059446e+02
    endloop
  endfacet
  facet normal -1.682005e-01 -2.957172e-01 9.403510e-01
    outer loop
      vertex   5.434700e+01 -6.648642e+00 3.059508e+02
      vertex   5.442105e+01 -6.710356e+00 3.059446e+02
      vertex   5.448460e+01 -6.626655e+00 3.059823e+02
    endloop
  endfacet
  facet normal -7.950315e-02 -3.584707e-01 9.301495e-01
    outer loop
      vertex   5.448460e+01 -6.626655e+00 3.059823e+02
      vertex   5.442105e+01 -6.710356e+00 3.059446e+02
      vertex   5.450000e+01 -6.712587e+00 3.059505e+02
    endloop
  endfacet
  facet normal 1.055642e-01 -3.284336e-01 9.386094e-01
    outer loop
      vertex   5.448460e+01 -6.626655e+00 3.059823e+02
      vertex   5.450000e+01 -6.712587e+00 3.059505e+02
      vertex   5.450000e+01 -6.606905e+00 3.059875e+02
    endloop
  endfacet
  facet normal -9.714546e-01 -1.123662e-01 2.089253e-01
    outer loop
      vertex   5.402743e+01 -6.537952e+00 3.056578e+02
      vertex   5.401254e+01 -6.495645e+00 3.056113e+02
      vertex   5.401060e+01 -6.581256e+00 3.055562e+02
    endloop
  endfacet
  facet normal -9.924951e-01 -4.947830e-02 1.118273e-01
    outer loop
      vertex   5.401060e+01 -6.581256e+00 3.055562e+02
      vertex   5.401254e+01 -6.495645e+00 3.056113e+02
      vertex   5.400000e+01 -6.495645e+00 3.055000e+02
    endloop
  endfacet
  facet normal -9.935700e-01 -1.119484e-01 1.691982e-02
    outer loop
      vertex   5.401060e+01 -6.581256e+00 3.055562e+02
      vertex   5.400000e+01 -6.495645e+00 3.055000e+02
      vertex   5.401254e+01 -6.606905e+00 3.055000e+02
    endloop
  endfacet
  facet normal -9.546349e-01 -2.819474e-01 9.580134e-02
    outer loop
      vertex   5.401060e+01 -6.581256e+00 3.055562e+02
      vertex   5.401254e+01 -6.606905e+00 3.055000e+02
      vertex   5.404108e+01 -6.673886e+00 3.055873e+02
    endloop
  endfacet
  facet normal -9.424482e-01 -3.297769e-01 5.512306e-02
    outer loop
      vertex   5.404108e+01 -6.673886e+00 3.055873e+02
      vertex   5.401254e+01 -6.606905e+00 3.055000e+02
      vertex   5.404952e+01 -6.712587e+00 3.055000e+02
    endloop
  endfacet
  facet normal -8.770616e-01 -4.648120e-01 1.212963e-01
    outer loop
      vertex   5.404108e+01 -6.673886e+00 3.055873e+02
      vertex   5.404952e+01 -6.712587e+00 3.055000e+02
      vertex   5.409022e+01 -6.761573e+00 3.056066e+02
    endloop
  endfacet
  facet normal -8.441065e-01 -5.303873e-01 7.857234e-02
    outer loop
      vertex   5.409022e+01 -6.761573e+00 3.056066e+02
      vertex   5.404952e+01 -6.712587e+00 3.055000e+02
      vertex   5.410909e+01 -6.807390e+00 3.055000e+02
    endloop
  endfacet
  facet normal -7.666750e-01 -6.278580e-01 1.341783e-01
    outer loop
      vertex   5.409022e+01 -6.761573e+00 3.056066e+02
      vertex   5.410909e+01 -6.807390e+00 3.055000e+02
      vertex   5.415561e+01 -6.840032e+00 3.056131e+02
    endloop
  endfacet
  facet normal -7.044576e-01 -7.044576e-01 8.648087e-02
    outer loop
      vertex   5.415561e+01 -6.840032e+00 3.056131e+02
      vertex   5.410909e+01 -6.807390e+00 3.055000e+02
      vertex   5.418826e+01 -6.886560e+00 3.055000e+02
    endloop
  endfacet
  facet normal -6.278580e-01 -7.666750e-01 1.341783e-01
    outer loop
      vertex   5.415561e+01 -6.840032e+00 3.056131e+02
      vertex   5.418826e+01 -6.886560e+00 3.055000e+02
      vertex   5.423407e+01 -6.905428e+00 3.056066e+02
    endloop
  endfacet
  facet normal -5.303873e-01 -8.441065e-01 7.857234e-02
    outer loop
      vertex   5.423407e+01 -6.905428e+00 3.056066e+02
      vertex   5.418826e+01 -6.886560e+00 3.055000e+02
      vertex   5.428306e+01 -6.946129e+00 3.055000e+02
    endloop
  endfacet
  facet normal -4.648120e-01 -8.770616e-01 1.212963e-01
    outer loop
      vertex   5.423407e+01 -6.905428e+00 3.056066e+02
      vertex   5.428306e+01 -6.946129e+00 3.055000e+02
      vertex   5.432176e+01 -6.954564e+00 3.055873e+02
    endloop
  endfacet
  facet normal -3.297769e-01 -9.424482e-01 5.512306e-02
    outer loop
      vertex   5.432176e+01 -6.954564e+00 3.055873e+02
      vertex   5.428306e+01 -6.946129e+00 3.055000e+02
      vertex   5.438874e+01 -6.983109e+00 3.055000e+02
    endloop
  endfacet
  facet normal -2.819474e-01 -9.546349e-01 9.580134e-02
    outer loop
      vertex   5.432176e+01 -6.954564e+00 3.055873e+02
      vertex   5.438874e+01 -6.983109e+00 3.055000e+02
      vertex   5.441439e+01 -6.985041e+00 3.055562e+02
    endloop
  endfacet
  facet normal -1.119484e-01 -9.935700e-01 1.691982e-02
    outer loop
      vertex   5.441439e+01 -6.985041e+00 3.055562e+02
      vertex   5.438874e+01 -6.983109e+00 3.055000e+02
      vertex   5.450000e+01 -6.995645e+00 3.055000e+02
    endloop
  endfacet
  facet normal -4.947830e-02 -9.924951e-01 1.118273e-01
    outer loop
      vertex   5.441439e+01 -6.985041e+00 3.055562e+02
      vertex   5.450000e+01 -6.995645e+00 3.055000e+02
      vertex   5.450000e+01 -6.983109e+00 3.056113e+02
    endloop
  endfacet
  facet normal -1.123662e-01 -9.714546e-01 2.089253e-01
    outer loop
      vertex   5.441439e+01 -6.985041e+00 3.055562e+02
      vertex   5.450000e+01 -6.983109e+00 3.056113e+02
      vertex   5.445769e+01 -6.968216e+00 3.056578e+02
    endloop
  endfacet
  facet normal 3.069241e-02 -9.434386e-01 3.301235e-01
    outer loop
      vertex   5.445769e+01 -6.968216e+00 3.056578e+02
      vertex   5.450000e+01 -6.983109e+00 3.056113e+02
      vertex   5.450000e+01 -6.946129e+00 3.057169e+02
    endloop
  endfacet
  facet normal -1.460032e-01 -8.881289e-01 4.357867e-01
    outer loop
      vertex   5.445769e+01 -6.968216e+00 3.056578e+02
      vertex   5.450000e+01 -6.946129e+00 3.057169e+02
      vertex   5.435899e+01 -6.935740e+00 3.056909e+02
    endloop
  endfacet
  facet normal -1.482632e-01 -8.799943e-01 4.512516e-01
    outer loop
      vertex   5.435899e+01 -6.935740e+00 3.056909e+02
      vertex   5.450000e+01 -6.946129e+00 3.057169e+02
      vertex   5.440325e+01 -6.894972e+00 3.057849e+02
    endloop
  endfacet
  facet normal -3.356370e-01 -7.963437e-01 5.031745e-01
    outer loop
      vertex   5.435899e+01 -6.935740e+00 3.056909e+02
      vertex   5.440325e+01 -6.894972e+00 3.057849e+02
      vertex   5.426555e+01 -6.883381e+00 3.057114e+02
    endloop
  endfacet
  facet normal -3.356370e-01 -7.963437e-01 5.031745e-01
    outer loop
      vertex   5.426555e+01 -6.883381e+00 3.057114e+02
      vertex   5.440325e+01 -6.894972e+00 3.057849e+02
      vertex   5.430872e+01 -6.842002e+00 3.058057e+02
    endloop
  endfacet
  facet normal -5.159399e-01 -6.720519e-01 5.311800e-01
    outer loop
      vertex   5.426555e+01 -6.883381e+00 3.057114e+02
      vertex   5.430872e+01 -6.842002e+00 3.058057e+02
      vertex   5.418195e+01 -6.813697e+00 3.057184e+02
    endloop
  endfacet
  facet normal -5.159399e-01 -6.720519e-01 5.311800e-01
    outer loop
      vertex   5.418195e+01 -6.813697e+00 3.057184e+02
      vertex   5.430872e+01 -6.842002e+00 3.058057e+02
      vertex   5.422414e+01 -6.771504e+00 3.058127e+02
    endloop
  endfacet
  facet normal -6.720519e-01 -5.159399e-01 5.311800e-01
    outer loop
      vertex   5.418195e+01 -6.813697e+00 3.057184e+02
      vertex   5.422414e+01 -6.771504e+00 3.058127e+02
      vertex   5.411226e+01 -6.730094e+00 3.057114e+02
    endloop
  endfacet
  facet normal -6.720519e-01 -5.159399e-01 5.311800e-01
    outer loop
      vertex   5.411226e+01 -6.730094e+00 3.057114e+02
      vertex   5.422414e+01 -6.771504e+00 3.058127e+02
      vertex   5.415364e+01 -6.686924e+00 3.058057e+02
    endloop
  endfacet
  facet normal -7.963437e-01 -3.356370e-01 5.031745e-01
    outer loop
      vertex   5.411226e+01 -6.730094e+00 3.057114e+02
      vertex   5.415364e+01 -6.686924e+00 3.058057e+02
      vertex   5.405991e+01 -6.636656e+00 3.056909e+02
    endloop
  endfacet
  facet normal -7.371693e-02 -8.444204e-01 5.305845e-01
    outer loop
      vertex   5.450000e+01 -6.946129e+00 3.057169e+02
      vertex   5.450000e+01 -6.886560e+00 3.058117e+02
      vertex   5.440325e+01 -6.894972e+00 3.057849e+02
    endloop
  endfacet
  facet normal -1.129028e-01 -7.563967e-01 6.442957e-01
    outer loop
      vertex   5.440325e+01 -6.894972e+00 3.057849e+02
      vertex   5.450000e+01 -6.886560e+00 3.058117e+02
      vertex   5.445234e+01 -6.834293e+00 3.058648e+02
    endloop
  endfacet
  facet normal -2.409992e-01 -6.955766e-01 6.768254e-01
    outer loop
      vertex   5.440325e+01 -6.894972e+00 3.057849e+02
      vertex   5.445234e+01 -6.834293e+00 3.058648e+02
      vertex   5.430872e+01 -6.842002e+00 3.058057e+02
    endloop
  endfacet
  facet normal -2.409992e-01 -6.955766e-01 6.768254e-01
    outer loop
      vertex   5.430872e+01 -6.842002e+00 3.058057e+02
      vertex   5.445234e+01 -6.834293e+00 3.058648e+02
      vertex   5.436143e+01 -6.783352e+00 3.058847e+02
    endloop
  endfacet
  facet normal -4.189033e-01 -5.729384e-01 7.044583e-01
    outer loop
      vertex   5.430872e+01 -6.842002e+00 3.058057e+02
      vertex   5.436143e+01 -6.783352e+00 3.058847e+02
      vertex   5.422414e+01 -6.771504e+00 3.058127e+02
    endloop
  endfacet
  facet normal -4.189033e-01 -5.729384e-01 7.044583e-01
    outer loop
      vertex   5.422414e+01 -6.771504e+00 3.058127e+02
      vertex   5.436143e+01 -6.783352e+00 3.058847e+02
      vertex   5.428009e+01 -6.715555e+00 3.058915e+02
    endloop
  endfacet
  facet normal -5.729384e-01 -4.189033e-01 7.044583e-01
    outer loop
      vertex   5.422414e+01 -6.771504e+00 3.058127e+02
      vertex   5.428009e+01 -6.715555e+00 3.058915e+02
      vertex   5.415364e+01 -6.686924e+00 3.058057e+02
    endloop
  endfacet
  facet normal 1.099908e-02 -7.070640e-01 7.070640e-01
    outer loop
      vertex   5.450000e+01 -6.886560e+00 3.058117e+02
      vertex   5.450000e+01 -6.807390e+00 3.058909e+02
      vertex   5.445234e+01 -6.834293e+00 3.058648e+02
    endloop
  endfacet
  facet normal -1.334842e-01 -5.591801e-01 8.182295e-01
    outer loop
      vertex   5.445234e+01 -6.834293e+00 3.058648e+02
      vertex   5.450000e+01 -6.807390e+00 3.058909e+02
      vertex   5.436143e+01 -6.783352e+00 3.058847e+02
    endloop
  endfacet
  facet normal -1.337161e-01 -5.608146e-01 8.170722e-01
    outer loop
      vertex   5.436143e+01 -6.783352e+00 3.058847e+02
      vertex   5.450000e+01 -6.807390e+00 3.058909e+02
      vertex   5.442105e+01 -6.710356e+00 3.059446e+02
    endloop
  endfacet
  facet normal -7.794539e-02 -5.304134e-01 8.441482e-01
    outer loop
      vertex   5.442105e+01 -6.710356e+00 3.059446e+02
      vertex   5.450000e+01 -6.807390e+00 3.058909e+02
      vertex   5.450000e+01 -6.712587e+00 3.059505e+02
    endloop
  endfacet
  facet normal -8.018181e-02 -1.938518e-01 9.777486e-01
    outer loop
      vertex   5.448460e+01 -6.626655e+00 3.059823e+02
      vertex   5.450000e+01 -6.606905e+00 3.059875e+02
      vertex   5.442155e+01 -6.574099e+00 3.059875e+02
    endloop
  endfacet
  facet normal -7.380702e-01 -5.875747e-01 3.316751e-01
    outer loop
      vertex   5.415561e+01 -6.840032e+00 3.056131e+02
      vertex   5.418195e+01 -6.813697e+00 3.057184e+02
      vertex   5.409022e+01 -6.761573e+00 3.056066e+02
    endloop
  endfacet
  facet normal -7.380702e-01 -5.875747e-01 3.316751e-01
    outer loop
      vertex   5.409022e+01 -6.761573e+00 3.056066e+02
      vertex   5.418195e+01 -6.813697e+00 3.057184e+02
      vertex   5.411226e+01 -6.730094e+00 3.057114e+02
    endloop
  endfacet
  facet normal -8.578902e-01 -4.137587e-01 3.046771e-01
    outer loop
      vertex   5.409022e+01 -6.761573e+00 3.056066e+02
      vertex   5.411226e+01 -6.730094e+00 3.057114e+02
      vertex   5.404108e+01 -6.673886e+00 3.055873e+02
    endloop
  endfacet
  facet normal -8.578902e-01 -4.137587e-01 3.046771e-01
    outer loop
      vertex   5.404108e+01 -6.673886e+00 3.055873e+02
      vertex   5.411226e+01 -6.730094e+00 3.057114e+02
      vertex   5.405991e+01 -6.636656e+00 3.056909e+02
    endloop
  endfacet
  facet normal -9.411792e-01 -2.251165e-01 2.520005e-01
    outer loop
      vertex   5.404108e+01 -6.673886e+00 3.055873e+02
      vertex   5.405991e+01 -6.636656e+00 3.056909e+02
      vertex   5.401060e+01 -6.581256e+00 3.055562e+02
    endloop
  endfacet
  facet normal -9.411792e-01 -2.251165e-01 2.520005e-01
    outer loop
      vertex   5.401060e+01 -6.581256e+00 3.055562e+02
      vertex   5.405991e+01 -6.636656e+00 3.056909e+02
      vertex   5.402743e+01 -6.537952e+00 3.056578e+02
    endloop
  endfacet
  facet normal -5.875747e-01 -7.380702e-01 3.316751e-01
    outer loop
      vertex   5.418195e+01 -6.813697e+00 3.057184e+02
      vertex   5.415561e+01 -6.840032e+00 3.056131e+02
      vertex   5.426555e+01 -6.883381e+00 3.057114e+02
    endloop
  endfacet
  facet normal -5.875747e-01 -7.380702e-01 3.316751e-01
    outer loop
      vertex   5.426555e+01 -6.883381e+00 3.057114e+02
      vertex   5.415561e+01 -6.840032e+00 3.056131e+02
      vertex   5.423407e+01 -6.905428e+00 3.056066e+02
    endloop
  endfacet
  facet normal -4.137587e-01 -8.578902e-01 3.046771e-01
    outer loop
      vertex   5.426555e+01 -6.883381e+00 3.057114e+02
      vertex   5.423407e+01 -6.905428e+00 3.056066e+02
      vertex   5.435899e+01 -6.935740e+00 3.056909e+02
    endloop
  endfacet
  facet normal -4.137587e-01 -8.578902e-01 3.046771e-01
    outer loop
      vertex   5.435899e+01 -6.935740e+00 3.056909e+02
      vertex   5.423407e+01 -6.905428e+00 3.056066e+02
      vertex   5.432176e+01 -6.954564e+00 3.055873e+02
    endloop
  endfacet
  facet normal -2.251165e-01 -9.411792e-01 2.520005e-01
    outer loop
      vertex   5.435899e+01 -6.935740e+00 3.056909e+02
      vertex   5.432176e+01 -6.954564e+00 3.055873e+02
      vertex   5.445769e+01 -6.968216e+00 3.056578e+02
    endloop
  endfacet
  facet normal -2.251165e-01 -9.411792e-01 2.520005e-01
    outer loop
      vertex   5.445769e+01 -6.968216e+00 3.056578e+02
      vertex   5.432176e+01 -6.954564e+00 3.055873e+02
      vertex   5.441439e+01 -6.985041e+00 3.055562e+02
    endloop
  endfacet
  facet normal -4.454724e-01 -3.011149e-01 8.431394e-01
    outer loop
      vertex   5.428529e+01 -6.574599e+00 3.059446e+02
      vertex   5.421229e+01 -6.634216e+00 3.058847e+02
      vertex   5.434700e+01 -6.648642e+00 3.059508e+02
    endloop
  endfacet
  facet normal -3.011149e-01 -4.454724e-01 8.431394e-01
    outer loop
      vertex   5.442105e+01 -6.710356e+00 3.059446e+02
      vertex   5.428009e+01 -6.715555e+00 3.058915e+02
      vertex   5.436143e+01 -6.783352e+00 3.058847e+02
    endloop
  endfacet
  facet normal -2.957172e-01 -1.682005e-01 9.403510e-01
    outer loop
      vertex   5.436899e+01 -6.511045e+00 3.059823e+02
      vertex   5.428529e+01 -6.574599e+00 3.059446e+02
      vertex   5.442155e+01 -6.574099e+00 3.059875e+02
    endloop
  endfacet
  facet normal -2.957172e-01 -1.682005e-01 9.403510e-01
    outer loop
      vertex   5.442155e+01 -6.574099e+00 3.059875e+02
      vertex   5.428529e+01 -6.574599e+00 3.059446e+02
      vertex   5.434700e+01 -6.648642e+00 3.059508e+02
    endloop
  endfacet
  facet normal -1.682005e-01 -2.957172e-01 9.403510e-01
    outer loop
      vertex   5.442155e+01 -6.574099e+00 3.059875e+02
      vertex   5.434700e+01 -6.648642e+00 3.059508e+02
      vertex   5.448460e+01 -6.626655e+00 3.059823e+02
    endloop
  endfacet
  facet normal -1.119615e-01 -9.936855e-01 7.338342e-03
    outer loop
      vertex   5.450000e+01 -6.995645e+00 3.035000e+02
      vertex   5.438874e+01 -6.983109e+00 3.035000e+02
      vertex   5.449145e+01 -6.995645e+00 3.033695e+02
    endloop
  endfacet
  facet normal -1.119615e-01 -9.936855e-01 7.338342e-03
    outer loop
      vertex   5.449145e+01 -6.995645e+00 3.033695e+02
      vertex   5.438874e+01 -6.983109e+00 3.035000e+02
      vertex   5.438114e+01 -6.983109e+00 3.033840e+02
    endloop
  endfacet
  facet normal -1.100458e-01 -9.936855e-01 2.188946e-02
    outer loop
      vertex   5.449145e+01 -6.995645e+00 3.033695e+02
      vertex   5.438114e+01 -6.983109e+00 3.033840e+02
      vertex   5.446593e+01 -6.995645e+00 3.032412e+02
    endloop
  endfacet
  facet normal -1.100458e-01 -9.936855e-01 2.188946e-02
    outer loop
      vertex   5.446593e+01 -6.995645e+00 3.032412e+02
      vertex   5.438114e+01 -6.983109e+00 3.033840e+02
      vertex   5.435846e+01 -6.983109e+00 3.032700e+02
    endloop
  endfacet
  facet normal -1.062472e-01 -9.936855e-01 3.606605e-02
    outer loop
      vertex   5.446593e+01 -6.995645e+00 3.032412e+02
      vertex   5.435846e+01 -6.983109e+00 3.032700e+02
      vertex   5.442388e+01 -6.995645e+00 3.031173e+02
    endloop
  endfacet
  facet normal -1.062472e-01 -9.936855e-01 3.606605e-02
    outer loop
      vertex   5.442388e+01 -6.995645e+00 3.031173e+02
      vertex   5.435846e+01 -6.983109e+00 3.032700e+02
      vertex   5.432109e+01 -6.983109e+00 3.031599e+02
    endloop
  endfacet
  facet normal -1.006306e-01 -9.936855e-01 4.962554e-02
    outer loop
      vertex   5.442388e+01 -6.995645e+00 3.031173e+02
      vertex   5.432109e+01 -6.983109e+00 3.031599e+02
      vertex   5.436603e+01 -6.995645e+00 3.030000e+02
    endloop
  endfacet
  facet normal -1.006306e-01 -9.936855e-01 4.962554e-02
    outer loop
      vertex   5.436603e+01 -6.995645e+00 3.030000e+02
      vertex   5.432109e+01 -6.983109e+00 3.031599e+02
      vertex   5.426967e+01 -6.983109e+00 3.030556e+02
    endloop
  endfacet
  facet normal -9.985702e-02 -9.936956e-01 5.096777e-02
    outer loop
      vertex   5.436603e+01 -6.995645e+00 3.030000e+02
      vertex   5.426967e+01 -6.983109e+00 3.030556e+02
      vertex   5.424078e+01 -6.983058e+00 3.030000e+02
    endloop
  endfacet
  facet normal -2.937325e-01 -9.437703e-01 1.517195e-01
    outer loop
      vertex   5.424078e+01 -6.983058e+00 3.030000e+02
      vertex   5.426967e+01 -6.983109e+00 3.030556e+02
      vertex   5.417815e+01 -6.946129e+00 3.031085e+02
    endloop
  endfacet
  facet normal -2.596662e-01 -9.499842e-01 1.735034e-01
    outer loop
      vertex   5.424078e+01 -6.983058e+00 3.030000e+02
      vertex   5.417815e+01 -6.946129e+00 3.031085e+02
      vertex   5.412124e+01 -6.946129e+00 3.030233e+02
    endloop
  endfacet
  facet normal -4.430484e-01 -8.462099e-01 2.960355e-01
    outer loop
      vertex   5.412124e+01 -6.946129e+00 3.030233e+02
      vertex   5.417815e+01 -6.946129e+00 3.031085e+02
      vertex   5.409605e+01 -6.886560e+00 3.031559e+02
    endloop
  endfacet
  facet normal -4.430484e-01 -8.462099e-01 2.960355e-01
    outer loop
      vertex   5.412124e+01 -6.946129e+00 3.030233e+02
      vertex   5.409605e+01 -6.886560e+00 3.031559e+02
      vertex   5.404603e+01 -6.886560e+00 3.030810e+02
    endloop
  endfacet
  facet normal -5.885675e-01 -7.063486e-01 3.932683e-01
    outer loop
      vertex   5.404603e+01 -6.886560e+00 3.030810e+02
      vertex   5.409605e+01 -6.886560e+00 3.031559e+02
      vertex   5.402748e+01 -6.807390e+00 3.031955e+02
    endloop
  endfacet
  facet normal -5.885675e-01 -7.063486e-01 3.932683e-01
    outer loop
      vertex   5.404603e+01 -6.886560e+00 3.030810e+02
      vertex   5.402748e+01 -6.807390e+00 3.031955e+02
      vertex   5.398322e+01 -6.807390e+00 3.031292e+02
    endloop
  endfacet
  facet normal -7.044520e-01 -5.312146e-01 4.706998e-01
    outer loop
      vertex   5.398322e+01 -6.807390e+00 3.031292e+02
      vertex   5.402748e+01 -6.807390e+00 3.031955e+02
      vertex   5.397590e+01 -6.712587e+00 3.032252e+02
    endloop
  endfacet
  facet normal -7.044520e-01 -5.312146e-01 4.706998e-01
    outer loop
      vertex   5.398322e+01 -6.807390e+00 3.031292e+02
      vertex   5.397590e+01 -6.712587e+00 3.032252e+02
      vertex   5.393596e+01 -6.712587e+00 3.031655e+02
    endloop
  endfacet
  facet normal -7.849935e-01 -3.296488e-01 5.245159e-01
    outer loop
      vertex   5.393596e+01 -6.712587e+00 3.031655e+02
      vertex   5.397590e+01 -6.712587e+00 3.032252e+02
      vertex   5.394387e+01 -6.606905e+00 3.032437e+02
    endloop
  endfacet
  facet normal -7.849935e-01 -3.296488e-01 5.245159e-01
    outer loop
      vertex   5.393596e+01 -6.712587e+00 3.031655e+02
      vertex   5.394387e+01 -6.606905e+00 3.032437e+02
      vertex   5.390662e+01 -6.606905e+00 3.031880e+02
    endloop
  endfacet
  facet normal -8.256721e-01 -1.178840e-01 5.516965e-01
    outer loop
      vertex   5.390662e+01 -6.606905e+00 3.031880e+02
      vertex   5.394387e+01 -6.606905e+00 3.032437e+02
      vertex   5.389092e+01 -6.495645e+00 3.031883e+02
    endloop
  endfacet
  facet normal -7.475154e-01 -1.071002e-01 6.555534e-01
    outer loop
      vertex   5.390662e+01 -6.606905e+00 3.031880e+02
      vertex   5.389092e+01 -6.495645e+00 3.031883e+02
      vertex   5.386242e+01 -6.606905e+00 3.031376e+02
    endloop
  endfacet
  facet normal -7.001877e-01 -1.395510e-01 7.001877e-01
    outer loop
      vertex   5.386242e+01 -6.606905e+00 3.031376e+02
      vertex   5.389092e+01 -6.495645e+00 3.031883e+02
      vertex   5.381175e+01 -6.495645e+00 3.031091e+02
    endloop
  endfacet
  facet normal -6.555534e-01 -1.071002e-01 7.475154e-01
    outer loop
      vertex   5.386242e+01 -6.606905e+00 3.031376e+02
      vertex   5.381175e+01 -6.495645e+00 3.031091e+02
      vertex   5.381201e+01 -6.606905e+00 3.030934e+02
    endloop
  endfacet
  facet normal -5.281916e-01 -1.199366e-01 8.406122e-01
    outer loop
      vertex   5.381201e+01 -6.606905e+00 3.030934e+02
      vertex   5.381175e+01 -6.495645e+00 3.031091e+02
      vertex   5.371694e+01 -6.495645e+00 3.030495e+02
    endloop
  endfacet
  facet normal -5.496682e-01 -1.453745e-01 8.226367e-01
    outer loop
      vertex   5.381201e+01 -6.606905e+00 3.030934e+02
      vertex   5.371694e+01 -6.495645e+00 3.030495e+02
      vertex   5.375627e+01 -6.606905e+00 3.030561e+02
    endloop
  endfacet
  facet normal -4.399608e-01 -1.024641e-01 8.921522e-01
    outer loop
      vertex   5.375627e+01 -6.606905e+00 3.030561e+02
      vertex   5.371694e+01 -6.495645e+00 3.030495e+02
      vertex   5.369614e+01 -6.606905e+00 3.030265e+02
    endloop
  endfacet
  facet normal -4.253081e-01 -2.744285e-01 8.624396e-01
    outer loop
      vertex   5.375627e+01 -6.606905e+00 3.030561e+02
      vertex   5.369614e+01 -6.606905e+00 3.030265e+02
      vertex   5.368518e+01 -6.673135e+00 3.030000e+02
    endloop
  endfacet
  facet normal -3.056645e-01 -3.094242e-01 9.004587e-01
    outer loop
      vertex   5.368518e+01 -6.673135e+00 3.030000e+02
      vertex   5.369614e+01 -6.606905e+00 3.030265e+02
      vertex   5.363265e+01 -6.606905e+00 3.030049e+02
    endloop
  endfacet
  facet normal -2.732042e-01 -2.850415e-01 9.187550e-01
    outer loop
      vertex   5.368518e+01 -6.673135e+00 3.030000e+02
      vertex   5.363265e+01 -6.606905e+00 3.030049e+02
      vertex   5.350000e+01 -6.495645e+00 3.030000e+02
    endloop
  endfacet
  facet normal -1.115189e-01 -8.912168e-02 9.897580e-01
    outer loop
      vertex   5.350000e+01 -6.495645e+00 3.030000e+02
      vertex   5.363265e+01 -6.606905e+00 3.030049e+02
      vertex   5.361126e+01 -6.495645e+00 3.030125e+02
    endloop
  endfacet
  facet normal -3.188958e-01 -1.255560e-01 9.394366e-01
    outer loop
      vertex   5.361126e+01 -6.495645e+00 3.030125e+02
      vertex   5.363265e+01 -6.606905e+00 3.030049e+02
      vertex   5.369614e+01 -6.606905e+00 3.030265e+02
    endloop
  endfacet
  facet normal -3.273668e-01 -1.325042e-01 9.355606e-01
    outer loop
      vertex   5.361126e+01 -6.495645e+00 3.030125e+02
      vertex   5.369614e+01 -6.606905e+00 3.030265e+02
      vertex   5.371694e+01 -6.495645e+00 3.030495e+02
    endloop
  endfacet
  facet normal -3.302017e-01 -9.436622e-01 2.164256e-02
    outer loop
      vertex   5.438874e+01 -6.983109e+00 3.035000e+02
      vertex   5.428306e+01 -6.946129e+00 3.035000e+02
      vertex   5.438114e+01 -6.983109e+00 3.033840e+02
    endloop
  endfacet
  facet normal -3.302017e-01 -9.436622e-01 2.164256e-02
    outer loop
      vertex   5.438114e+01 -6.983109e+00 3.033840e+02
      vertex   5.428306e+01 -6.946129e+00 3.035000e+02
      vertex   5.427636e+01 -6.946129e+00 3.033978e+02
    endloop
  endfacet
  facet normal -3.245519e-01 -9.436622e-01 6.455738e-02
    outer loop
      vertex   5.438114e+01 -6.983109e+00 3.033840e+02
      vertex   5.427636e+01 -6.946129e+00 3.033978e+02
      vertex   5.435846e+01 -6.983109e+00 3.032700e+02
    endloop
  endfacet
  facet normal -3.245519e-01 -9.436622e-01 6.455738e-02
    outer loop
      vertex   5.435846e+01 -6.983109e+00 3.032700e+02
      vertex   5.427636e+01 -6.946129e+00 3.033978e+02
      vertex   5.425638e+01 -6.946129e+00 3.032973e+02
    endloop
  endfacet
  facet normal -3.133488e-01 -9.436622e-01 1.063676e-01
    outer loop
      vertex   5.435846e+01 -6.983109e+00 3.032700e+02
      vertex   5.425638e+01 -6.946129e+00 3.032973e+02
      vertex   5.432109e+01 -6.983109e+00 3.031599e+02
    endloop
  endfacet
  facet normal -3.133488e-01 -9.436622e-01 1.063676e-01
    outer loop
      vertex   5.432109e+01 -6.983109e+00 3.031599e+02
      vertex   5.425638e+01 -6.946129e+00 3.032973e+02
      vertex   5.422345e+01 -6.946129e+00 3.032003e+02
    endloop
  endfacet
  facet normal -2.967843e-01 -9.436622e-01 1.463578e-01
    outer loop
      vertex   5.432109e+01 -6.983109e+00 3.031599e+02
      vertex   5.422345e+01 -6.946129e+00 3.032003e+02
      vertex   5.426967e+01 -6.983109e+00 3.030556e+02
    endloop
  endfacet
  facet normal -2.967843e-01 -9.436622e-01 1.463578e-01
    outer loop
      vertex   5.426967e+01 -6.983109e+00 3.030556e+02
      vertex   5.422345e+01 -6.946129e+00 3.032003e+02
      vertex   5.417815e+01 -6.946129e+00 3.031085e+02
    endloop
  endfacet
  facet normal -5.317089e-01 -8.462099e-01 3.485004e-02
    outer loop
      vertex   5.428306e+01 -6.946129e+00 3.035000e+02
      vertex   5.418826e+01 -6.886560e+00 3.035000e+02
      vertex   5.427636e+01 -6.946129e+00 3.033978e+02
    endloop
  endfacet
  facet normal -5.317089e-01 -8.462099e-01 3.485004e-02
    outer loop
      vertex   5.427636e+01 -6.946129e+00 3.033978e+02
      vertex   5.418826e+01 -6.886560e+00 3.035000e+02
      vertex   5.418237e+01 -6.886560e+00 3.034102e+02
    endloop
  endfacet
  facet normal -5.226112e-01 -8.462099e-01 1.039538e-01
    outer loop
      vertex   5.427636e+01 -6.946129e+00 3.033978e+02
      vertex   5.418237e+01 -6.886560e+00 3.034102e+02
      vertex   5.425638e+01 -6.946129e+00 3.032973e+02
    endloop
  endfacet
  facet normal -5.226112e-01 -8.462099e-01 1.039538e-01
    outer loop
      vertex   5.425638e+01 -6.946129e+00 3.032973e+02
      vertex   5.418237e+01 -6.886560e+00 3.034102e+02
      vertex   5.416480e+01 -6.886560e+00 3.033219e+02
    endloop
  endfacet
  facet normal -5.045715e-01 -8.462099e-01 1.712789e-01
    outer loop
      vertex   5.425638e+01 -6.946129e+00 3.032973e+02
      vertex   5.416480e+01 -6.886560e+00 3.033219e+02
      vertex   5.422345e+01 -6.946129e+00 3.032003e+02
    endloop
  endfacet
  facet normal -5.045715e-01 -8.462099e-01 1.712789e-01
    outer loop
      vertex   5.422345e+01 -6.946129e+00 3.032003e+02
      vertex   5.416480e+01 -6.886560e+00 3.033219e+02
      vertex   5.413587e+01 -6.886560e+00 3.032366e+02
    endloop
  endfacet
  facet normal -4.778984e-01 -8.462099e-01 2.356734e-01
    outer loop
      vertex   5.422345e+01 -6.946129e+00 3.032003e+02
      vertex   5.413587e+01 -6.886560e+00 3.032366e+02
      vertex   5.417815e+01 -6.946129e+00 3.031085e+02
    endloop
  endfacet
  facet normal -4.778984e-01 -8.462099e-01 2.356734e-01
    outer loop
      vertex   5.417815e+01 -6.946129e+00 3.031085e+02
      vertex   5.413587e+01 -6.886560e+00 3.032366e+02
      vertex   5.409605e+01 -6.886560e+00 3.031559e+02
    endloop
  endfacet
  facet normal -7.063486e-01 -7.063486e-01 4.629653e-02
    outer loop
      vertex   5.418826e+01 -6.886560e+00 3.035000e+02
      vertex   5.410909e+01 -6.807390e+00 3.035000e+02
      vertex   5.418237e+01 -6.886560e+00 3.034102e+02
    endloop
  endfacet
  facet normal -7.063486e-01 -7.063486e-01 4.629653e-02
    outer loop
      vertex   5.418237e+01 -6.886560e+00 3.034102e+02
      vertex   5.410909e+01 -6.807390e+00 3.035000e+02
      vertex   5.410387e+01 -6.807390e+00 3.034205e+02
    endloop
  endfacet
  facet normal -6.942628e-01 -7.063486e-01 1.380974e-01
    outer loop
      vertex   5.418237e+01 -6.886560e+00 3.034102e+02
      vertex   5.410387e+01 -6.807390e+00 3.034205e+02
      vertex   5.416480e+01 -6.886560e+00 3.033219e+02
    endloop
  endfacet
  facet normal -6.942628e-01 -7.063486e-01 1.380974e-01
    outer loop
      vertex   5.416480e+01 -6.886560e+00 3.033219e+02
      vertex   5.410387e+01 -6.807390e+00 3.034205e+02
      vertex   5.408833e+01 -6.807390e+00 3.033424e+02
    endloop
  endfacet
  facet normal -6.702979e-01 -7.063486e-01 2.275355e-01
    outer loop
      vertex   5.416480e+01 -6.886560e+00 3.033219e+02
      vertex   5.408833e+01 -6.807390e+00 3.033424e+02
      vertex   5.413587e+01 -6.886560e+00 3.032366e+02
    endloop
  endfacet
  facet normal -6.702979e-01 -7.063486e-01 2.275355e-01
    outer loop
      vertex   5.413587e+01 -6.886560e+00 3.032366e+02
      vertex   5.408833e+01 -6.807390e+00 3.033424e+02
      vertex   5.406272e+01 -6.807390e+00 3.032669e+02
    endloop
  endfacet
  facet normal -6.348641e-01 -7.063486e-01 3.130803e-01
    outer loop
      vertex   5.413587e+01 -6.886560e+00 3.032366e+02
      vertex   5.406272e+01 -6.807390e+00 3.032669e+02
      vertex   5.409605e+01 -6.886560e+00 3.031559e+02
    endloop
  endfacet
  facet normal -6.348641e-01 -7.063486e-01 3.130803e-01
    outer loop
      vertex   5.409605e+01 -6.886560e+00 3.031559e+02
      vertex   5.406272e+01 -6.807390e+00 3.032669e+02
      vertex   5.402748e+01 -6.807390e+00 3.031955e+02
    endloop
  endfacet
  facet normal -8.454233e-01 -5.312146e-01 5.541197e-02
    outer loop
      vertex   5.410909e+01 -6.807390e+00 3.035000e+02
      vertex   5.404952e+01 -6.712587e+00 3.035000e+02
      vertex   5.410387e+01 -6.807390e+00 3.034205e+02
    endloop
  endfacet
  facet normal -8.454233e-01 -5.312146e-01 5.541197e-02
    outer loop
      vertex   5.410387e+01 -6.807390e+00 3.034205e+02
      vertex   5.404952e+01 -6.712587e+00 3.035000e+02
      vertex   5.404482e+01 -6.712587e+00 3.034283e+02
    endloop
  endfacet
  facet normal -8.309578e-01 -5.312146e-01 1.652878e-01
    outer loop
      vertex   5.410387e+01 -6.807390e+00 3.034205e+02
      vertex   5.404482e+01 -6.712587e+00 3.034283e+02
      vertex   5.408833e+01 -6.807390e+00 3.033424e+02
    endloop
  endfacet
  facet normal -8.309578e-01 -5.312146e-01 1.652878e-01
    outer loop
      vertex   5.408833e+01 -6.807390e+00 3.033424e+02
      vertex   5.404482e+01 -6.712587e+00 3.034283e+02
      vertex   5.403079e+01 -6.712587e+00 3.033578e+02
    endloop
  endfacet
  facet normal -8.022745e-01 -5.312146e-01 2.723355e-01
    outer loop
      vertex   5.408833e+01 -6.807390e+00 3.033424e+02
      vertex   5.403079e+01 -6.712587e+00 3.033578e+02
      vertex   5.406272e+01 -6.807390e+00 3.032669e+02
    endloop
  endfacet
  facet normal -8.022745e-01 -5.312146e-01 2.723355e-01
    outer loop
      vertex   5.406272e+01 -6.807390e+00 3.032669e+02
      vertex   5.403079e+01 -6.712587e+00 3.033578e+02
      vertex   5.400769e+01 -6.712587e+00 3.032897e+02
    endloop
  endfacet
  facet normal -7.598640e-01 -5.312146e-01 3.747235e-01
    outer loop
      vertex   5.406272e+01 -6.807390e+00 3.032669e+02
      vertex   5.400769e+01 -6.712587e+00 3.032897e+02
      vertex   5.402748e+01 -6.807390e+00 3.031955e+02
    endloop
  endfacet
  facet normal -7.598640e-01 -5.312146e-01 3.747235e-01
    outer loop
      vertex   5.402748e+01 -6.807390e+00 3.031955e+02
      vertex   5.400769e+01 -6.712587e+00 3.032897e+02
      vertex   5.397590e+01 -6.712587e+00 3.032252e+02
    endloop
  endfacet
  facet normal -9.420822e-01 -3.296488e-01 6.174733e-02
    outer loop
      vertex   5.404952e+01 -6.712587e+00 3.035000e+02
      vertex   5.401254e+01 -6.606905e+00 3.035000e+02
      vertex   5.404482e+01 -6.712587e+00 3.034283e+02
    endloop
  endfacet
  facet normal -9.420822e-01 -3.296488e-01 6.174733e-02
    outer loop
      vertex   5.404482e+01 -6.712587e+00 3.034283e+02
      vertex   5.401254e+01 -6.606905e+00 3.035000e+02
      vertex   5.400815e+01 -6.606905e+00 3.034331e+02
    endloop
  endfacet
  facet normal -9.259629e-01 -3.296488e-01 1.841855e-01
    outer loop
      vertex   5.404482e+01 -6.712587e+00 3.034283e+02
      vertex   5.400815e+01 -6.606905e+00 3.034331e+02
      vertex   5.403079e+01 -6.712587e+00 3.033578e+02
    endloop
  endfacet
  facet normal -9.259629e-01 -3.296488e-01 1.841855e-01
    outer loop
      vertex   5.403079e+01 -6.712587e+00 3.033578e+02
      vertex   5.400815e+01 -6.606905e+00 3.034331e+02
      vertex   5.399507e+01 -6.606905e+00 3.033673e+02
    endloop
  endfacet
  facet normal -8.940002e-01 -3.296488e-01 3.034722e-01
    outer loop
      vertex   5.403079e+01 -6.712587e+00 3.033578e+02
      vertex   5.399507e+01 -6.606905e+00 3.033673e+02
      vertex   5.400769e+01 -6.712587e+00 3.032897e+02
    endloop
  endfacet
  facet normal -8.940002e-01 -3.296488e-01 3.034722e-01
    outer loop
      vertex   5.400769e+01 -6.712587e+00 3.032897e+02
      vertex   5.399507e+01 -6.606905e+00 3.033673e+02
      vertex   5.397352e+01 -6.606905e+00 3.033039e+02
    endloop
  endfacet
  facet normal -8.467408e-01 -3.296488e-01 4.175664e-01
    outer loop
      vertex   5.400769e+01 -6.712587e+00 3.032897e+02
      vertex   5.397352e+01 -6.606905e+00 3.033039e+02
      vertex   5.397590e+01 -6.712587e+00 3.032252e+02
    endloop
  endfacet
  facet normal -8.467408e-01 -3.296488e-01 4.175664e-01
    outer loop
      vertex   5.397590e+01 -6.712587e+00 3.032252e+02
      vertex   5.397352e+01 -6.606905e+00 3.033039e+02
      vertex   5.394387e+01 -6.606905e+00 3.032437e+02
    endloop
  endfacet
  facet normal -9.916112e-01 -1.117277e-01 6.499363e-02
    outer loop
      vertex   5.401254e+01 -6.606905e+00 3.035000e+02
      vertex   5.400000e+01 -6.495645e+00 3.035000e+02
      vertex   5.400815e+01 -6.606905e+00 3.034331e+02
    endloop
  endfacet
  facet normal -9.840978e-01 -1.387689e-01 1.108812e-01
    outer loop
      vertex   5.400815e+01 -6.606905e+00 3.034331e+02
      vertex   5.400000e+01 -6.495645e+00 3.035000e+02
      vertex   5.398746e+01 -6.495645e+00 3.033887e+02
    endloop
  endfacet
  facet normal -9.754657e-01 -1.040104e-01 1.940322e-01
    outer loop
      vertex   5.400815e+01 -6.606905e+00 3.034331e+02
      vertex   5.398746e+01 -6.495645e+00 3.033887e+02
      vertex   5.399507e+01 -6.606905e+00 3.033673e+02
    endloop
  endfacet
  facet normal -9.362390e-01 -1.270119e-01 3.276042e-01
    outer loop
      vertex   5.399507e+01 -6.606905e+00 3.033673e+02
      vertex   5.398746e+01 -6.495645e+00 3.033887e+02
      vertex   5.395049e+01 -6.495645e+00 3.032831e+02
    endloop
  endfacet
  facet normal -9.382967e-01 -1.347269e-01 3.185088e-01
    outer loop
      vertex   5.399507e+01 -6.606905e+00 3.033673e+02
      vertex   5.395049e+01 -6.495645e+00 3.032831e+02
      vertex   5.397352e+01 -6.606905e+00 3.033039e+02
    endloop
  endfacet
  facet normal -8.921522e-01 -1.024641e-01 4.399608e-01
    outer loop
      vertex   5.397352e+01 -6.606905e+00 3.033039e+02
      vertex   5.395049e+01 -6.495645e+00 3.032831e+02
      vertex   5.394387e+01 -6.606905e+00 3.032437e+02
    endloop
  endfacet
  facet normal -8.388081e-01 -1.364212e-01 5.270581e-01
    outer loop
      vertex   5.395049e+01 -6.495645e+00 3.032831e+02
      vertex   5.389092e+01 -6.495645e+00 3.031883e+02
      vertex   5.394387e+01 -6.606905e+00 3.032437e+02
    endloop
  endfacet
  facet normal -3.776232e-01 -3.284237e-01 8.657590e-01
    outer loop
      vertex   5.375627e+01 -6.606905e+00 3.030561e+02
      vertex   5.368518e+01 -6.673135e+00 3.030000e+02
      vertex   5.377476e+01 -6.712587e+00 3.030241e+02
    endloop
  endfacet
  facet normal -4.227722e-01 -4.968421e-01 7.578995e-01
    outer loop
      vertex   5.377476e+01 -6.712587e+00 3.030241e+02
      vertex   5.368518e+01 -6.673135e+00 3.030000e+02
      vertex   5.378590e+01 -6.758837e+00 3.030000e+02
    endloop
  endfacet
  facet normal -4.832535e-01 -4.933456e-01 7.232400e-01
    outer loop
      vertex   5.377476e+01 -6.712587e+00 3.030241e+02
      vertex   5.378590e+01 -6.758837e+00 3.030000e+02
      vertex   5.383452e+01 -6.712587e+00 3.030640e+02
    endloop
  endfacet
  facet normal -4.457727e-01 -5.300860e-01 7.213151e-01
    outer loop
      vertex   5.383452e+01 -6.712587e+00 3.030640e+02
      vertex   5.378590e+01 -6.758837e+00 3.030000e+02
      vertex   5.387079e+01 -6.807390e+00 3.030168e+02
    endloop
  endfacet
  facet normal -5.586223e-01 -5.312146e-01 6.369867e-01
    outer loop
      vertex   5.383452e+01 -6.712587e+00 3.030640e+02
      vertex   5.387079e+01 -6.807390e+00 3.030168e+02
      vertex   5.388857e+01 -6.712587e+00 3.031114e+02
    endloop
  endfacet
  facet normal -5.586223e-01 -5.312146e-01 6.369867e-01
    outer loop
      vertex   5.388857e+01 -6.712587e+00 3.031114e+02
      vertex   5.387079e+01 -6.807390e+00 3.030168e+02
      vertex   5.393069e+01 -6.807390e+00 3.030693e+02
    endloop
  endfacet
  facet normal -6.369867e-01 -5.312146e-01 5.586223e-01
    outer loop
      vertex   5.388857e+01 -6.712587e+00 3.031114e+02
      vertex   5.393069e+01 -6.807390e+00 3.030693e+02
      vertex   5.393596e+01 -6.712587e+00 3.031655e+02
    endloop
  endfacet
  facet normal -6.369867e-01 -5.312146e-01 5.586223e-01
    outer loop
      vertex   5.393596e+01 -6.712587e+00 3.031655e+02
      vertex   5.393069e+01 -6.807390e+00 3.030693e+02
      vertex   5.398322e+01 -6.807390e+00 3.031292e+02
    endloop
  endfacet
  facet normal -4.917875e-01 -6.659800e-01 5.609062e-01
    outer loop
      vertex   5.378590e+01 -6.758837e+00 3.030000e+02
      vertex   5.389013e+01 -6.835809e+00 3.030000e+02
      vertex   5.387079e+01 -6.807390e+00 3.030168e+02
    endloop
  endfacet
  facet normal -4.918485e-01 -6.659858e-01 5.608457e-01
    outer loop
      vertex   5.387079e+01 -6.807390e+00 3.030168e+02
      vertex   5.389013e+01 -6.835809e+00 3.030000e+02
      vertex   5.393069e+01 -6.807390e+00 3.030693e+02
    endloop
  endfacet
  facet normal -4.467602e-01 -7.052002e-01 5.505434e-01
    outer loop
      vertex   5.393069e+01 -6.807390e+00 3.030693e+02
      vertex   5.389013e+01 -6.835809e+00 3.030000e+02
      vertex   5.398667e+01 -6.886560e+00 3.030133e+02
    endloop
  endfacet
  facet normal -4.698955e-01 -7.907841e-01 3.922484e-01
    outer loop
      vertex   5.398667e+01 -6.886560e+00 3.030133e+02
      vertex   5.389013e+01 -6.835809e+00 3.030000e+02
      vertex   5.399669e+01 -6.899125e+00 3.030000e+02
    endloop
  endfacet
  facet normal -4.586388e-01 -7.923845e-01 4.022154e-01
    outer loop
      vertex   5.398667e+01 -6.886560e+00 3.030133e+02
      vertex   5.399669e+01 -6.899125e+00 3.030000e+02
      vertex   5.404603e+01 -6.886560e+00 3.030810e+02
    endloop
  endfacet
  facet normal -3.650307e-01 -8.603483e-01 3.557434e-01
    outer loop
      vertex   5.404603e+01 -6.886560e+00 3.030810e+02
      vertex   5.399669e+01 -6.899125e+00 3.030000e+02
      vertex   5.411429e+01 -6.949023e+00 3.030000e+02
    endloop
  endfacet
  facet normal -4.779251e-01 -8.429071e-01 2.471743e-01
    outer loop
      vertex   5.404603e+01 -6.886560e+00 3.030810e+02
      vertex   5.411429e+01 -6.949023e+00 3.030000e+02
      vertex   5.412124e+01 -6.946129e+00 3.030233e+02
    endloop
  endfacet
  facet normal -2.549310e-01 -9.473702e-01 1.936488e-01
    outer loop
      vertex   5.412124e+01 -6.946129e+00 3.030233e+02
      vertex   5.411429e+01 -6.949023e+00 3.030000e+02
      vertex   5.424078e+01 -6.983058e+00 3.030000e+02
    endloop
  endfacet
  facet normal -7.098147e-01 -3.296488e-01 6.224908e-01
    outer loop
      vertex   5.393596e+01 -6.712587e+00 3.031655e+02
      vertex   5.390662e+01 -6.606905e+00 3.031880e+02
      vertex   5.388857e+01 -6.712587e+00 3.031114e+02
    endloop
  endfacet
  facet normal -7.098147e-01 -3.296488e-01 6.224908e-01
    outer loop
      vertex   5.388857e+01 -6.712587e+00 3.031114e+02
      vertex   5.390662e+01 -6.606905e+00 3.031880e+02
      vertex   5.386242e+01 -6.606905e+00 3.031376e+02
    endloop
  endfacet
  facet normal -6.224908e-01 -3.296488e-01 7.098147e-01
    outer loop
      vertex   5.388857e+01 -6.712587e+00 3.031114e+02
      vertex   5.386242e+01 -6.606905e+00 3.031376e+02
      vertex   5.383452e+01 -6.712587e+00 3.030640e+02
    endloop
  endfacet
  facet normal -6.224908e-01 -3.296488e-01 7.098147e-01
    outer loop
      vertex   5.383452e+01 -6.712587e+00 3.030640e+02
      vertex   5.386242e+01 -6.606905e+00 3.031376e+02
      vertex   5.381201e+01 -6.606905e+00 3.030934e+02
    endloop
  endfacet
  facet normal -5.245159e-01 -3.296488e-01 7.849935e-01
    outer loop
      vertex   5.383452e+01 -6.712587e+00 3.030640e+02
      vertex   5.381201e+01 -6.606905e+00 3.030934e+02
      vertex   5.377476e+01 -6.712587e+00 3.030241e+02
    endloop
  endfacet
  facet normal -5.245159e-01 -3.296488e-01 7.849935e-01
    outer loop
      vertex   5.377476e+01 -6.712587e+00 3.030241e+02
      vertex   5.381201e+01 -6.606905e+00 3.030934e+02
      vertex   5.375627e+01 -6.606905e+00 3.030561e+02
    endloop
  endfacet
  facet normal -5.322005e-01 -7.063486e-01 4.667273e-01
    outer loop
      vertex   5.404603e+01 -6.886560e+00 3.030810e+02
      vertex   5.398322e+01 -6.807390e+00 3.031292e+02
      vertex   5.398667e+01 -6.886560e+00 3.030133e+02
    endloop
  endfacet
  facet normal -5.322005e-01 -7.063486e-01 4.667273e-01
    outer loop
      vertex   5.398667e+01 -6.886560e+00 3.030133e+02
      vertex   5.398322e+01 -6.807390e+00 3.031292e+02
      vertex   5.393069e+01 -6.807390e+00 3.030693e+02
    endloop
  endfacet
  facet normal -1.119645e-01 -9.937122e-01 3.977777e-16
    outer loop
      vertex   5.450000e+01 -6.995645e+00 3.035000e+02
      vertex   5.450000e+01 -6.995645e+00 3.055000e+02
      vertex   5.438874e+01 -6.983109e+00 3.035000e+02
    endloop
  endfacet
  facet normal -1.119645e-01 -9.937122e-01 3.977777e-16
    outer loop
      vertex   5.438874e+01 -6.983109e+00 3.035000e+02
      vertex   5.450000e+01 -6.995645e+00 3.055000e+02
      vertex   5.438874e+01 -6.983109e+00 3.055000e+02
    endloop
  endfacet
  facet normal -3.302791e-01 -9.438833e-01 1.173387e-15
    outer loop
      vertex   5.438874e+01 -6.983109e+00 3.035000e+02
      vertex   5.438874e+01 -6.983109e+00 3.055000e+02
      vertex   5.428306e+01 -6.946129e+00 3.035000e+02
    endloop
  endfacet
  facet normal -3.302791e-01 -9.438833e-01 2.346774e-15
    outer loop
      vertex   5.428306e+01 -6.946129e+00 3.035000e+02
      vertex   5.438874e+01 -6.983109e+00 3.055000e+02
      vertex   5.428306e+01 -6.946129e+00 3.055000e+02
    endloop
  endfacet
  facet normal -5.320321e-01 -8.467242e-01 3.780315e-15
    outer loop
      vertex   5.428306e+01 -6.946129e+00 3.035000e+02
      vertex   5.428306e+01 -6.946129e+00 3.055000e+02
      vertex   5.418826e+01 -6.886560e+00 3.035000e+02
    endloop
  endfacet
  facet normal -5.320321e-01 -8.467242e-01 1.890158e-15
    outer loop
      vertex   5.418826e+01 -6.886560e+00 3.035000e+02
      vertex   5.428306e+01 -6.946129e+00 3.055000e+02
      vertex   5.418826e+01 -6.886560e+00 3.055000e+02
    endloop
  endfacet
  facet normal -7.071068e-01 -7.071068e-01 2.512148e-15
    outer loop
      vertex   5.418826e+01 -6.886560e+00 3.035000e+02
      vertex   5.418826e+01 -6.886560e+00 3.055000e+02
      vertex   5.410909e+01 -6.807390e+00 3.035000e+02
    endloop
  endfacet
  facet normal -7.071068e-01 -7.071068e-01 2.512148e-15
    outer loop
      vertex   5.410909e+01 -6.807390e+00 3.035000e+02
      vertex   5.418826e+01 -6.886560e+00 3.055000e+02
      vertex   5.410909e+01 -6.807390e+00 3.055000e+02
    endloop
  endfacet
  facet normal -8.467242e-01 -5.320321e-01 3.008169e-15
    outer loop
      vertex   5.410909e+01 -6.807390e+00 3.035000e+02
      vertex   5.410909e+01 -6.807390e+00 3.055000e+02
      vertex   5.404952e+01 -6.712587e+00 3.035000e+02
    endloop
  endfacet
  facet normal -8.467242e-01 -5.320321e-01 3.008169e-15
    outer loop
      vertex   5.404952e+01 -6.712587e+00 3.035000e+02
      vertex   5.410909e+01 -6.807390e+00 3.055000e+02
      vertex   5.404952e+01 -6.712587e+00 3.055000e+02
    endloop
  endfacet
  facet normal -9.438833e-01 -3.302791e-01 3.353347e-15
    outer loop
      vertex   5.404952e+01 -6.712587e+00 3.035000e+02
      vertex   5.404952e+01 -6.712587e+00 3.055000e+02
      vertex   5.401254e+01 -6.606905e+00 3.035000e+02
    endloop
  endfacet
  facet normal -9.438833e-01 -3.302791e-01 6.706694e-15
    outer loop
      vertex   5.401254e+01 -6.606905e+00 3.035000e+02
      vertex   5.404952e+01 -6.712587e+00 3.055000e+02
      vertex   5.401254e+01 -6.606905e+00 3.055000e+02
    endloop
  endfacet
  facet normal -9.937122e-01 -1.119645e-01 7.060750e-15
    outer loop
      vertex   5.401254e+01 -6.606905e+00 3.035000e+02
      vertex   5.401254e+01 -6.606905e+00 3.055000e+02
      vertex   5.400000e+01 -6.495645e+00 3.035000e+02
    endloop
  endfacet
  facet normal -9.937122e-01 -1.119645e-01 0.000000e+00
    outer loop
      vertex   5.400000e+01 -6.495645e+00 3.035000e+02
      vertex   5.401254e+01 -6.606905e+00 3.055000e+02
      vertex   5.400000e+01 -6.495645e+00 3.055000e+02
    endloop
  endfacet
  facet normal 0.000000e+00 -9.937122e-01 1.119645e-01
    outer loop
      vertex   5.450000e+01 -6.995645e+00 3.055000e+02
      vertex   5.850000e+01 -6.995645e+00 3.055000e+02
      vertex   5.650000e+01 -6.983109e+00 3.056113e+02
    endloop
  endfacet
  facet normal 8.825937e-16 -9.937122e-01 1.119645e-01
    outer loop
      vertex   5.650000e+01 -6.983109e+00 3.056113e+02
      vertex   5.850000e+01 -6.995645e+00 3.055000e+02
      vertex   5.850000e+01 -6.983109e+00 3.056113e+02
    endloop
  endfacet
  facet normal 8.383368e-16 -9.438833e-01 3.302791e-01
    outer loop
      vertex   5.650000e+01 -6.983109e+00 3.056113e+02
      vertex   5.850000e+01 -6.983109e+00 3.056113e+02
      vertex   5.650000e+01 -6.946129e+00 3.057169e+02
    endloop
  endfacet
  facet normal 2.095842e-15 -9.438833e-01 3.302791e-01
    outer loop
      vertex   5.650000e+01 -6.946129e+00 3.057169e+02
      vertex   5.850000e+01 -6.983109e+00 3.056113e+02
      vertex   5.850000e+01 -6.946129e+00 3.057169e+02
    endloop
  endfacet
  facet normal 1.880105e-15 -8.467242e-01 5.320321e-01
    outer loop
      vertex   5.650000e+01 -6.946129e+00 3.057169e+02
      vertex   5.850000e+01 -6.946129e+00 3.057169e+02
      vertex   5.650000e+01 -6.886560e+00 3.058117e+02
    endloop
  endfacet
  facet normal 0.000000e+00 -8.467242e-01 5.320321e-01
    outer loop
      vertex   5.650000e+01 -6.886560e+00 3.058117e+02
      vertex   5.850000e+01 -6.946129e+00 3.057169e+02
      vertex   5.850000e+01 -6.886560e+00 3.058117e+02
    endloop
  endfacet
  facet normal 0.000000e+00 -7.071068e-01 7.071068e-01
    outer loop
      vertex   5.650000e+01 -6.886560e+00 3.058117e+02
      vertex   5.850000e+01 -6.886560e+00 3.058117e+02
      vertex   5.650000e+01 -6.807390e+00 3.058909e+02
    endloop
  endfacet
  facet normal 2.512148e-15 -7.071068e-01 7.071068e-01
    outer loop
      vertex   5.650000e+01 -6.807390e+00 3.058909e+02
      vertex   5.850000e+01 -6.886560e+00 3.058117e+02
      vertex   5.850000e+01 -6.807390e+00 3.058909e+02
    endloop
  endfacet
  facet normal 1.890158e-15 -5.320321e-01 8.467242e-01
    outer loop
      vertex   5.650000e+01 -6.807390e+00 3.058909e+02
      vertex   5.850000e+01 -6.807390e+00 3.058909e+02
      vertex   5.650000e+01 -6.712587e+00 3.059505e+02
    endloop
  endfacet
  facet normal 2.362697e-16 -5.320321e-01 8.467242e-01
    outer loop
      vertex   5.650000e+01 -6.712587e+00 3.059505e+02
      vertex   5.850000e+01 -6.807390e+00 3.058909e+02
      vertex   5.850000e+01 -6.712587e+00 3.059505e+02
    endloop
  endfacet
  facet normal 1.466734e-16 -3.302791e-01 9.438833e-01
    outer loop
      vertex   5.650000e+01 -6.712587e+00 3.059505e+02
      vertex   5.850000e+01 -6.712587e+00 3.059505e+02
      vertex   5.650000e+01 -6.606905e+00 3.059875e+02
    endloop
  endfacet
  facet normal 0.000000e+00 -3.302791e-01 9.438833e-01
    outer loop
      vertex   5.650000e+01 -6.606905e+00 3.059875e+02
      vertex   5.850000e+01 -6.712587e+00 3.059505e+02
      vertex   5.850000e+01 -6.606905e+00 3.059875e+02
    endloop
  endfacet
  facet normal 0.000000e+00 -1.119645e-01 9.937122e-01
    outer loop
      vertex   5.650000e+01 -6.606905e+00 3.059875e+02
      vertex   5.850000e+01 -6.606905e+00 3.059875e+02
      vertex   5.850000e+01 -6.495645e+00 3.060000e+02
    endloop
  endfacet
  facet normal 0.000000e+00 -1.119645e-01 9.937122e-01
    outer loop
      vertex   5.850000e+01 -6.495645e+00 3.060000e+02
      vertex   5.450000e+01 -6.495645e+00 3.060000e+02
      vertex   5.650000e+01 -6.606905e+00 3.059875e+02
    endloop
  endfacet
  facet normal 2.834244e-14 -1.119645e-01 9.937122e-01
    outer loop
      vertex   5.650000e+01 -6.606905e+00 3.059875e+02
      vertex   5.450000e+01 -6.495645e+00 3.060000e+02
      vertex   5.450000e+01 -6.606905e+00 3.059875e+02
    endloop
  endfacet
  facet normal 2.712012e-14 -3.302791e-01 9.438833e-01
    outer loop
      vertex   5.650000e+01 -6.606905e+00 3.059875e+02
      vertex   5.450000e+01 -6.606905e+00 3.059875e+02
      vertex   5.650000e+01 -6.712587e+00 3.059505e+02
    endloop
  endfacet
  facet normal 2.933467e-16 -3.302791e-01 9.438833e-01
    outer loop
      vertex   5.650000e+01 -6.712587e+00 3.059505e+02
      vertex   5.450000e+01 -6.606905e+00 3.059875e+02
      vertex   5.450000e+01 -6.712587e+00 3.059505e+02
    endloop
  endfacet
  facet normal 4.725394e-16 -5.320321e-01 8.467242e-01
    outer loop
      vertex   5.650000e+01 -6.712587e+00 3.059505e+02
      vertex   5.450000e+01 -6.712587e+00 3.059505e+02
      vertex   5.650000e+01 -6.807390e+00 3.058909e+02
    endloop
  endfacet
  facet normal -4.725394e-16 -5.320321e-01 8.467242e-01
    outer loop
      vertex   5.650000e+01 -6.807390e+00 3.058909e+02
      vertex   5.450000e+01 -6.712587e+00 3.059505e+02
      vertex   5.450000e+01 -6.807390e+00 3.058909e+02
    endloop
  endfacet
  facet normal -6.280370e-16 -7.071068e-01 7.071068e-01
    outer loop
      vertex   5.650000e+01 -6.807390e+00 3.058909e+02
      vertex   5.450000e+01 -6.807390e+00 3.058909e+02
      vertex   5.650000e+01 -6.886560e+00 3.058117e+02
    endloop
  endfacet
  facet normal 1.884111e-15 -7.071068e-01 7.071068e-01
    outer loop
      vertex   5.650000e+01 -6.886560e+00 3.058117e+02
      vertex   5.450000e+01 -6.807390e+00 3.058909e+02
      vertex   5.450000e+01 -6.886560e+00 3.058117e+02
    endloop
  endfacet
  facet normal 2.256126e-15 -8.467242e-01 5.320321e-01
    outer loop
      vertex   5.650000e+01 -6.886560e+00 3.058117e+02
      vertex   5.450000e+01 -6.886560e+00 3.058117e+02
      vertex   5.650000e+01 -6.946129e+00 3.057169e+02
    endloop
  endfacet
  facet normal 3.760211e-16 -8.467242e-01 5.320321e-01
    outer loop
      vertex   5.650000e+01 -6.946129e+00 3.057169e+02
      vertex   5.450000e+01 -6.886560e+00 3.058117e+02
      vertex   5.450000e+01 -6.946129e+00 3.057169e+02
    endloop
  endfacet
  facet normal 4.191684e-16 -9.438833e-01 3.302791e-01
    outer loop
      vertex   5.650000e+01 -6.946129e+00 3.057169e+02
      vertex   5.450000e+01 -6.946129e+00 3.057169e+02
      vertex   5.650000e+01 -6.983109e+00 3.056113e+02
    endloop
  endfacet
  facet normal 2.515010e-15 -9.438833e-01 3.302791e-01
    outer loop
      vertex   5.650000e+01 -6.983109e+00 3.056113e+02
      vertex   5.450000e+01 -6.946129e+00 3.057169e+02
      vertex   5.450000e+01 -6.983109e+00 3.056113e+02
    endloop
  endfacet
  facet normal 2.647781e-15 -9.937122e-01 1.119645e-01
    outer loop
      vertex   5.650000e+01 -6.983109e+00 3.056113e+02
      vertex   5.450000e+01 -6.983109e+00 3.056113e+02
      vertex   5.450000e+01 -6.995645e+00 3.055000e+02
    endloop
  endfacet
  facet normal -1.119645e-01 0.000000e+00 9.937122e-01
    outer loop
      vertex   5.450000e+01 -6.495645e+00 3.060000e+02
      vertex   5.450000e+01 -5.495645e+00 3.060000e+02
      vertex   5.438874e+01 -6.495645e+00 3.059875e+02
    endloop
  endfacet
  facet normal -1.119645e-01 -5.807711e-14 9.937122e-01
    outer loop
      vertex   5.438874e+01 -6.495645e+00 3.059875e+02
      vertex   5.450000e+01 -5.495645e+00 3.060000e+02
      vertex   5.438874e+01 -5.495645e+00 3.059875e+02
    endloop
  endfacet
  facet normal -3.302791e-01 -5.834710e-14 9.438833e-01
    outer loop
      vertex   5.438874e+01 -6.495645e+00 3.059875e+02
      vertex   5.438874e+01 -5.495645e+00 3.059875e+02
      vertex   5.428306e+01 -6.495645e+00 3.059505e+02
    endloop
  endfacet
  facet normal -3.302791e-01 -2.346774e-15 9.438833e-01
    outer loop
      vertex   5.428306e+01 -6.495645e+00 3.059505e+02
      vertex   5.438874e+01 -5.495645e+00 3.059875e+02
      vertex   5.428306e+01 -5.495645e+00 3.059505e+02
    endloop
  endfacet
  facet normal -5.320321e-01 -3.780315e-15 8.467242e-01
    outer loop
      vertex   5.428306e+01 -6.495645e+00 3.059505e+02
      vertex   5.428306e+01 -5.495645e+00 3.059505e+02
      vertex   5.418826e+01 -6.495645e+00 3.058909e+02
    endloop
  endfacet
  facet normal -5.320321e-01 0.000000e+00 8.467242e-01
    outer loop
      vertex   5.418826e+01 -6.495645e+00 3.058909e+02
      vertex   5.428306e+01 -5.495645e+00 3.059505e+02
      vertex   5.418826e+01 -5.495645e+00 3.058909e+02
    endloop
  endfacet
  facet normal -7.071068e-01 0.000000e+00 7.071068e-01
    outer loop
      vertex   5.418826e+01 -6.495645e+00 3.058909e+02
      vertex   5.418826e+01 -5.495645e+00 3.058909e+02
      vertex   5.410909e+01 -6.495645e+00 3.058117e+02
    endloop
  endfacet
  facet normal -7.071068e-01 -1.004859e-14 7.071068e-01
    outer loop
      vertex   5.410909e+01 -6.495645e+00 3.058117e+02
      vertex   5.418826e+01 -5.495645e+00 3.058909e+02
      vertex   5.410909e+01 -5.495645e+00 3.058117e+02
    endloop
  endfacet
  facet normal -8.467242e-01 -1.203267e-14 5.320321e-01
    outer loop
      vertex   5.410909e+01 -6.495645e+00 3.058117e+02
      vertex   5.410909e+01 -5.495645e+00 3.058117e+02
      vertex   5.404952e+01 -6.495645e+00 3.057169e+02
    endloop
  endfacet
  facet normal -8.467242e-01 -6.016337e-15 5.320321e-01
    outer loop
      vertex   5.404952e+01 -6.495645e+00 3.057169e+02
      vertex   5.410909e+01 -5.495645e+00 3.058117e+02
      vertex   5.404952e+01 -5.495645e+00 3.057169e+02
    endloop
  endfacet
  facet normal -9.438833e-01 -6.706694e-15 3.302791e-01
    outer loop
      vertex   5.404952e+01 -6.495645e+00 3.057169e+02
      vertex   5.404952e+01 -5.495645e+00 3.057169e+02
      vertex   5.401254e+01 -6.495645e+00 3.056113e+02
    endloop
  endfacet
  facet normal -9.438833e-01 -1.341339e-14 3.302791e-01
    outer loop
      vertex   5.401254e+01 -6.495645e+00 3.056113e+02
      vertex   5.404952e+01 -5.495645e+00 3.057169e+02
      vertex   5.401254e+01 -5.495645e+00 3.056113e+02
    endloop
  endfacet
  facet normal -9.937122e-01 -1.412150e-14 1.119645e-01
    outer loop
      vertex   5.401254e+01 -6.495645e+00 3.056113e+02
      vertex   5.401254e+01 -5.495645e+00 3.056113e+02
      vertex   5.400000e+01 -6.495645e+00 3.055000e+02
    endloop
  endfacet
  facet normal -9.937122e-01 0.000000e+00 1.119645e-01
    outer loop
      vertex   5.400000e+01 -6.495645e+00 3.055000e+02
      vertex   5.401254e+01 -5.495645e+00 3.056113e+02
      vertex   5.400000e+01 -5.495645e+00 3.055000e+02
    endloop
  endfacet
  facet normal -2.486111e-17 1.119645e-01 9.937122e-01
    outer loop
      vertex   5.450000e+01 -5.495645e+00 3.060000e+02
      vertex   5.850000e+01 -5.495645e+00 3.060000e+02
      vertex   5.650000e+01 -5.384384e+00 3.059875e+02
    endloop
  endfacet
  facet normal -2.883967e-14 1.119645e-01 9.937122e-01
    outer loop
      vertex   5.650000e+01 -5.384384e+00 3.059875e+02
      vertex   5.850000e+01 -5.495645e+00 3.060000e+02
      vertex   5.850000e+01 -5.384384e+00 3.059875e+02
    endloop
  endfacet
  facet normal -2.858686e-14 3.302791e-01 9.438833e-01
    outer loop
      vertex   5.650000e+01 -5.384384e+00 3.059875e+02
      vertex   5.850000e+01 -5.384384e+00 3.059875e+02
      vertex   5.650000e+01 -5.278703e+00 3.059505e+02
    endloop
  endfacet
  facet normal -2.933467e-15 3.302791e-01 9.438833e-01
    outer loop
      vertex   5.650000e+01 -5.278703e+00 3.059505e+02
      vertex   5.850000e+01 -5.384384e+00 3.059875e+02
      vertex   5.850000e+01 -5.278703e+00 3.059505e+02
    endloop
  endfacet
  facet normal -4.725394e-15 5.320321e-01 8.467242e-01
    outer loop
      vertex   5.650000e+01 -5.278703e+00 3.059505e+02
      vertex   5.850000e+01 -5.278703e+00 3.059505e+02
      vertex   5.650000e+01 -5.183900e+00 3.058909e+02
    endloop
  endfacet
  facet normal -2.997209e-14 5.320321e-01 8.467242e-01
    outer loop
      vertex   5.650000e+01 -5.183900e+00 3.058909e+02
      vertex   5.850000e+01 -5.278703e+00 3.059505e+02
      vertex   5.850000e+01 -5.183900e+00 3.058909e+02
    endloop
  endfacet
  facet normal -2.794765e-14 7.071068e-01 7.071068e-01
    outer loop
      vertex   5.650000e+01 -5.183900e+00 3.058909e+02
      vertex   5.850000e+01 -5.183900e+00 3.058909e+02
      vertex   5.650000e+01 -5.104729e+00 3.058117e+02
    endloop
  endfacet
  facet normal -3.297194e-14 7.071068e-01 7.071068e-01
    outer loop
      vertex   5.650000e+01 -5.104729e+00 3.058117e+02
      vertex   5.850000e+01 -5.183900e+00 3.058909e+02
      vertex   5.850000e+01 -5.104729e+00 3.058117e+02
    endloop
  endfacet
  facet normal -3.053812e-14 8.467242e-01 5.320321e-01
    outer loop
      vertex   5.650000e+01 -5.104729e+00 3.058117e+02
      vertex   5.850000e+01 -5.104729e+00 3.058117e+02
      vertex   5.650000e+01 -5.045160e+00 3.057169e+02
    endloop
  endfacet
  facet normal -1.541686e-14 8.467242e-01 5.320321e-01
    outer loop
      vertex   5.650000e+01 -5.045160e+00 3.057169e+02
      vertex   5.850000e+01 -5.104729e+00 3.058117e+02
      vertex   5.850000e+01 -5.045160e+00 3.057169e+02
    endloop
  endfacet
  facet normal -1.718590e-14 9.438833e-01 3.302791e-01
    outer loop
      vertex   5.650000e+01 -5.045160e+00 3.057169e+02
      vertex   5.850000e+01 -5.045160e+00 3.057169e+02
      vertex   5.650000e+01 -5.008181e+00 3.056113e+02
    endloop
  endfacet
  facet normal -1.928175e-14 9.438833e-01 3.302791e-01
    outer loop
      vertex   5.650000e+01 -5.008181e+00 3.056113e+02
      vertex   5.850000e+01 -5.045160e+00 3.057169e+02
      vertex   5.850000e+01 -5.008181e+00 3.056113e+02
    endloop
  endfacet
  facet normal -2.029966e-14 9.937122e-01 1.119645e-01
    outer loop
      vertex   5.650000e+01 -5.008181e+00 3.056113e+02
      vertex   5.850000e+01 -5.008181e+00 3.056113e+02
      vertex   5.850000e+01 -4.995645e+00 3.055000e+02
    endloop
  endfacet
  facet normal 2.206484e-16 9.937122e-01 1.119645e-01
    outer loop
      vertex   5.850000e+01 -4.995645e+00 3.055000e+02
      vertex   5.450000e+01 -4.995645e+00 3.055000e+02
      vertex   5.650000e+01 -5.008181e+00 3.056113e+02
    endloop
  endfacet
  facet normal 0.000000e+00 9.937122e-01 1.119645e-01
    outer loop
      vertex   5.650000e+01 -5.008181e+00 3.056113e+02
      vertex   5.450000e+01 -4.995645e+00 3.055000e+02
      vertex   5.450000e+01 -5.008181e+00 3.056113e+02
    endloop
  endfacet
  facet normal 0.000000e+00 9.438833e-01 3.302791e-01
    outer loop
      vertex   5.650000e+01 -5.008181e+00 3.056113e+02
      vertex   5.450000e+01 -5.008181e+00 3.056113e+02
      vertex   5.650000e+01 -5.045160e+00 3.057169e+02
    endloop
  endfacet
  facet normal -4.191684e-16 9.438833e-01 3.302791e-01
    outer loop
      vertex   5.650000e+01 -5.045160e+00 3.057169e+02
      vertex   5.450000e+01 -5.008181e+00 3.056113e+02
      vertex   5.450000e+01 -5.045160e+00 3.057169e+02
    endloop
  endfacet
  facet normal -3.760211e-16 8.467242e-01 5.320321e-01
    outer loop
      vertex   5.650000e+01 -5.045160e+00 3.057169e+02
      vertex   5.450000e+01 -5.045160e+00 3.057169e+02
      vertex   5.650000e+01 -5.104729e+00 3.058117e+02
    endloop
  endfacet
  facet normal 1.128063e-15 8.467242e-01 5.320321e-01
    outer loop
      vertex   5.650000e+01 -5.104729e+00 3.058117e+02
      vertex   5.450000e+01 -5.045160e+00 3.057169e+02
      vertex   5.450000e+01 -5.104729e+00 3.058117e+02
    endloop
  endfacet
  facet normal 9.420555e-16 7.071068e-01 7.071068e-01
    outer loop
      vertex   5.650000e+01 -5.104729e+00 3.058117e+02
      vertex   5.450000e+01 -5.104729e+00 3.058117e+02
      vertex   5.650000e+01 -5.183900e+00 3.058909e+02
    endloop
  endfacet
  facet normal -1.570092e-15 7.071068e-01 7.071068e-01
    outer loop
      vertex   5.650000e+01 -5.183900e+00 3.058909e+02
      vertex   5.450000e+01 -5.104729e+00 3.058117e+02
      vertex   5.450000e+01 -5.183900e+00 3.058909e+02
    endloop
  endfacet
  facet normal -1.181349e-15 5.320321e-01 8.467242e-01
    outer loop
      vertex   5.650000e+01 -5.183900e+00 3.058909e+02
      vertex   5.450000e+01 -5.183900e+00 3.058909e+02
      vertex   5.650000e+01 -5.278703e+00 3.059505e+02
    endloop
  endfacet
  facet normal -4.725394e-16 5.320321e-01 8.467242e-01
    outer loop
      vertex   5.650000e+01 -5.278703e+00 3.059505e+02
      vertex   5.450000e+01 -5.183900e+00 3.058909e+02
      vertex   5.450000e+01 -5.278703e+00 3.059505e+02
    endloop
  endfacet
  facet normal -2.933467e-16 3.302791e-01 9.438833e-01
    outer loop
      vertex   5.650000e+01 -5.278703e+00 3.059505e+02
      vertex   5.450000e+01 -5.278703e+00 3.059505e+02
      vertex   5.650000e+01 -5.384384e+00 3.059875e+02
    endloop
  endfacet
  facet normal 0.000000e+00 3.302791e-01 9.438833e-01
    outer loop
      vertex   5.650000e+01 -5.384384e+00 3.059875e+02
      vertex   5.450000e+01 -5.278703e+00 3.059505e+02
      vertex   5.450000e+01 -5.384384e+00 3.059875e+02
    endloop
  endfacet
  facet normal 0.000000e+00 1.119645e-01 9.937122e-01
    outer loop
      vertex   5.650000e+01 -5.384384e+00 3.059875e+02
      vertex   5.450000e+01 -5.384384e+00 3.059875e+02
      vertex   5.450000e+01 -5.495645e+00 3.060000e+02
    endloop
  endfacet
  facet normal -1.118273e-01 4.947830e-02 9.924951e-01
    outer loop
      vertex   5.438874e+01 -5.495645e+00 3.059875e+02
      vertex   5.450000e+01 -5.495645e+00 3.060000e+02
      vertex   5.444377e+01 -5.410034e+00 3.059894e+02
    endloop
  endfacet
  facet normal -1.691982e-02 1.119484e-01 9.935700e-01
    outer loop
      vertex   5.444377e+01 -5.410034e+00 3.059894e+02
      vertex   5.450000e+01 -5.495645e+00 3.060000e+02
      vertex   5.450000e+01 -5.384384e+00 3.059875e+02
    endloop
  endfacet
  facet normal -9.580134e-02 2.819474e-01 9.546349e-01
    outer loop
      vertex   5.444377e+01 -5.410034e+00 3.059894e+02
      vertex   5.450000e+01 -5.384384e+00 3.059875e+02
      vertex   5.441269e+01 -5.317403e+00 3.059589e+02
    endloop
  endfacet
  facet normal -5.512306e-02 3.297769e-01 9.424482e-01
    outer loop
      vertex   5.441269e+01 -5.317403e+00 3.059589e+02
      vertex   5.450000e+01 -5.384384e+00 3.059875e+02
      vertex   5.450000e+01 -5.278703e+00 3.059505e+02
    endloop
  endfacet
  facet normal -1.212963e-01 4.648120e-01 8.770616e-01
    outer loop
      vertex   5.441269e+01 -5.317403e+00 3.059589e+02
      vertex   5.450000e+01 -5.278703e+00 3.059505e+02
      vertex   5.439342e+01 -5.229716e+00 3.059098e+02
    endloop
  endfacet
  facet normal -7.857234e-02 5.303873e-01 8.441065e-01
    outer loop
      vertex   5.439342e+01 -5.229716e+00 3.059098e+02
      vertex   5.450000e+01 -5.278703e+00 3.059505e+02
      vertex   5.450000e+01 -5.183900e+00 3.058909e+02
    endloop
  endfacet
  facet normal -1.341783e-01 6.278580e-01 7.666750e-01
    outer loop
      vertex   5.439342e+01 -5.229716e+00 3.059098e+02
      vertex   5.450000e+01 -5.183900e+00 3.058909e+02
      vertex   5.438689e+01 -5.151257e+00 3.058444e+02
    endloop
  endfacet
  facet normal -8.648087e-02 7.044576e-01 7.044576e-01
    outer loop
      vertex   5.438689e+01 -5.151257e+00 3.058444e+02
      vertex   5.450000e+01 -5.183900e+00 3.058909e+02
      vertex   5.450000e+01 -5.104729e+00 3.058117e+02
    endloop
  endfacet
  facet normal -1.341783e-01 7.666750e-01 6.278580e-01
    outer loop
      vertex   5.438689e+01 -5.151257e+00 3.058444e+02
      vertex   5.450000e+01 -5.104729e+00 3.058117e+02
      vertex   5.439342e+01 -5.085862e+00 3.057659e+02
    endloop
  endfacet
  facet normal -7.857234e-02 8.441065e-01 5.303873e-01
    outer loop
      vertex   5.439342e+01 -5.085862e+00 3.057659e+02
      vertex   5.450000e+01 -5.104729e+00 3.058117e+02
      vertex   5.450000e+01 -5.045160e+00 3.057169e+02
    endloop
  endfacet
  facet normal -1.212963e-01 8.770616e-01 4.648120e-01
    outer loop
      vertex   5.439342e+01 -5.085862e+00 3.057659e+02
      vertex   5.450000e+01 -5.045160e+00 3.057169e+02
      vertex   5.441269e+01 -5.036725e+00 3.056782e+02
    endloop
  endfacet
  facet normal -5.512306e-02 9.424482e-01 3.297769e-01
    outer loop
      vertex   5.441269e+01 -5.036725e+00 3.056782e+02
      vertex   5.450000e+01 -5.045160e+00 3.057169e+02
      vertex   5.450000e+01 -5.008181e+00 3.056113e+02
    endloop
  endfacet
  facet normal -9.580134e-02 9.546349e-01 2.819474e-01
    outer loop
      vertex   5.441269e+01 -5.036725e+00 3.056782e+02
      vertex   5.450000e+01 -5.008181e+00 3.056113e+02
      vertex   5.444377e+01 -5.006248e+00 3.055856e+02
    endloop
  endfacet
  facet normal -1.691982e-02 9.935700e-01 1.119484e-01
    outer loop
      vertex   5.444377e+01 -5.006248e+00 3.055856e+02
      vertex   5.450000e+01 -5.008181e+00 3.056113e+02
      vertex   5.450000e+01 -4.995645e+00 3.055000e+02
    endloop
  endfacet
  facet normal -1.118273e-01 9.924951e-01 4.947830e-02
    outer loop
      vertex   5.444377e+01 -5.006248e+00 3.055856e+02
      vertex   5.450000e+01 -4.995645e+00 3.055000e+02
      vertex   5.438874e+01 -5.008181e+00 3.055000e+02
    endloop
  endfacet
  facet normal -2.089253e-01 9.714546e-01 1.123662e-01
    outer loop
      vertex   5.444377e+01 -5.006248e+00 3.055856e+02
      vertex   5.438874e+01 -5.008181e+00 3.055000e+02
      vertex   5.434225e+01 -5.023074e+00 3.055423e+02
    endloop
  endfacet
  facet normal -3.301235e-01 9.434386e-01 -3.069241e-02
    outer loop
      vertex   5.434225e+01 -5.023074e+00 3.055423e+02
      vertex   5.438874e+01 -5.008181e+00 3.055000e+02
      vertex   5.428306e+01 -5.045160e+00 3.055000e+02
    endloop
  endfacet
  facet normal -4.357867e-01 8.881289e-01 1.460032e-01
    outer loop
      vertex   5.434225e+01 -5.023074e+00 3.055423e+02
      vertex   5.428306e+01 -5.045160e+00 3.055000e+02
      vertex   5.430913e+01 -5.055549e+00 3.056410e+02
    endloop
  endfacet
  facet normal -4.512516e-01 8.799943e-01 1.482632e-01
    outer loop
      vertex   5.430913e+01 -5.055549e+00 3.056410e+02
      vertex   5.428306e+01 -5.045160e+00 3.055000e+02
      vertex   5.421509e+01 -5.096317e+00 3.055968e+02
    endloop
  endfacet
  facet normal -5.031745e-01 7.963437e-01 3.356370e-01
    outer loop
      vertex   5.430913e+01 -5.055549e+00 3.056410e+02
      vertex   5.421509e+01 -5.096317e+00 3.055968e+02
      vertex   5.428859e+01 -5.107908e+00 3.057344e+02
    endloop
  endfacet
  facet normal -5.031745e-01 7.963437e-01 3.356370e-01
    outer loop
      vertex   5.428859e+01 -5.107908e+00 3.057344e+02
      vertex   5.421509e+01 -5.096317e+00 3.055968e+02
      vertex   5.419431e+01 -5.149288e+00 3.056913e+02
    endloop
  endfacet
  facet normal -5.311800e-01 6.720519e-01 5.159399e-01
    outer loop
      vertex   5.428859e+01 -5.107908e+00 3.057344e+02
      vertex   5.419431e+01 -5.149288e+00 3.056913e+02
      vertex   5.428163e+01 -5.177592e+00 3.058181e+02
    endloop
  endfacet
  facet normal -5.311800e-01 6.720519e-01 5.159399e-01
    outer loop
      vertex   5.428163e+01 -5.177592e+00 3.058181e+02
      vertex   5.419431e+01 -5.149288e+00 3.056913e+02
      vertex   5.418727e+01 -5.219786e+00 3.057759e+02
    endloop
  endfacet
  facet normal -5.311800e-01 5.159399e-01 6.720519e-01
    outer loop
      vertex   5.428163e+01 -5.177592e+00 3.058181e+02
      vertex   5.418727e+01 -5.219786e+00 3.057759e+02
      vertex   5.428859e+01 -5.261196e+00 3.058877e+02
    endloop
  endfacet
  facet normal -5.311800e-01 5.159399e-01 6.720519e-01
    outer loop
      vertex   5.428859e+01 -5.261196e+00 3.058877e+02
      vertex   5.418727e+01 -5.219786e+00 3.057759e+02
      vertex   5.419431e+01 -5.304366e+00 3.058464e+02
    endloop
  endfacet
  facet normal -5.031745e-01 3.356370e-01 7.963437e-01
    outer loop
      vertex   5.428859e+01 -5.261196e+00 3.058877e+02
      vertex   5.419431e+01 -5.304366e+00 3.058464e+02
      vertex   5.430913e+01 -5.354633e+00 3.059401e+02
    endloop
  endfacet
  facet normal -5.031745e-01 3.356370e-01 7.963437e-01
    outer loop
      vertex   5.430913e+01 -5.354633e+00 3.059401e+02
      vertex   5.419431e+01 -5.304366e+00 3.058464e+02
      vertex   5.421509e+01 -5.398894e+00 3.058993e+02
    endloop
  endfacet
  facet normal -4.512516e-01 1.482632e-01 8.799943e-01
    outer loop
      vertex   5.430913e+01 -5.354633e+00 3.059401e+02
      vertex   5.421509e+01 -5.398894e+00 3.058993e+02
      vertex   5.428306e+01 -5.495645e+00 3.059505e+02
    endloop
  endfacet
  facet normal -5.305845e-01 7.371693e-02 8.444204e-01
    outer loop
      vertex   5.428306e+01 -5.495645e+00 3.059505e+02
      vertex   5.421509e+01 -5.398894e+00 3.058993e+02
      vertex   5.418826e+01 -5.495645e+00 3.058909e+02
    endloop
  endfacet
  facet normal -6.442957e-01 1.129028e-01 7.563967e-01
    outer loop
      vertex   5.418826e+01 -5.495645e+00 3.058909e+02
      vertex   5.421509e+01 -5.398894e+00 3.058993e+02
      vertex   5.413525e+01 -5.447980e+00 3.058386e+02
    endloop
  endfacet
  facet normal -7.070640e-01 -1.099908e-02 7.070640e-01
    outer loop
      vertex   5.418826e+01 -5.495645e+00 3.058909e+02
      vertex   5.413525e+01 -5.447980e+00 3.058386e+02
      vertex   5.410909e+01 -5.495645e+00 3.058117e+02
    endloop
  endfacet
  facet normal -8.176631e-01 1.325855e-01 5.602215e-01
    outer loop
      vertex   5.410909e+01 -5.495645e+00 3.058117e+02
      vertex   5.413525e+01 -5.447980e+00 3.058386e+02
      vertex   5.405541e+01 -5.416690e+00 3.057147e+02
    endloop
  endfacet
  facet normal -8.441482e-01 7.794539e-02 5.304134e-01
    outer loop
      vertex   5.410909e+01 -5.495645e+00 3.058117e+02
      vertex   5.405541e+01 -5.416690e+00 3.057147e+02
      vertex   5.404952e+01 -5.495645e+00 3.057169e+02
    endloop
  endfacet
  facet normal -9.301495e-01 7.950315e-02 3.584707e-01
    outer loop
      vertex   5.404952e+01 -5.495645e+00 3.057169e+02
      vertex   5.405541e+01 -5.416690e+00 3.057147e+02
      vertex   5.401772e+01 -5.480244e+00 3.056310e+02
    endloop
  endfacet
  facet normal -9.386094e-01 -1.055642e-01 3.284336e-01
    outer loop
      vertex   5.404952e+01 -5.495645e+00 3.057169e+02
      vertex   5.401772e+01 -5.480244e+00 3.056310e+02
      vertex   5.401254e+01 -5.495645e+00 3.056113e+02
    endloop
  endfacet
  facet normal -9.777486e-01 8.018181e-02 1.938518e-01
    outer loop
      vertex   5.401254e+01 -5.495645e+00 3.056113e+02
      vertex   5.401772e+01 -5.480244e+00 3.056310e+02
      vertex   5.401247e+01 -5.417190e+00 3.055785e+02
    endloop
  endfacet
  facet normal -9.926659e-01 4.587760e-02 1.118466e-01
    outer loop
      vertex   5.401254e+01 -5.495645e+00 3.056113e+02
      vertex   5.401247e+01 -5.417190e+00 3.055785e+02
      vertex   5.400000e+01 -5.495645e+00 3.055000e+02
    endloop
  endfacet
  facet normal -9.926659e-01 1.118466e-01 4.587760e-02
    outer loop
      vertex   5.400000e+01 -5.495645e+00 3.055000e+02
      vertex   5.401247e+01 -5.417190e+00 3.055785e+02
      vertex   5.401254e+01 -5.384384e+00 3.055000e+02
    endloop
  endfacet
  facet normal -9.777486e-01 1.938518e-01 8.018181e-02
    outer loop
      vertex   5.401254e+01 -5.384384e+00 3.055000e+02
      vertex   5.401247e+01 -5.417190e+00 3.055785e+02
      vertex   5.401772e+01 -5.364635e+00 3.055154e+02
    endloop
  endfacet
  facet normal -9.386094e-01 3.284336e-01 -1.055642e-01
    outer loop
      vertex   5.401254e+01 -5.384384e+00 3.055000e+02
      vertex   5.401772e+01 -5.364635e+00 3.055154e+02
      vertex   5.404952e+01 -5.278703e+00 3.055000e+02
    endloop
  endfacet
  facet normal -9.301495e-01 3.584707e-01 7.950315e-02
    outer loop
      vertex   5.404952e+01 -5.278703e+00 3.055000e+02
      vertex   5.401772e+01 -5.364635e+00 3.055154e+02
      vertex   5.405541e+01 -5.280933e+00 3.055790e+02
    endloop
  endfacet
  facet normal -8.441482e-01 5.304134e-01 7.794539e-02
    outer loop
      vertex   5.404952e+01 -5.278703e+00 3.055000e+02
      vertex   5.405541e+01 -5.280933e+00 3.055790e+02
      vertex   5.410909e+01 -5.183900e+00 3.055000e+02
    endloop
  endfacet
  facet normal -8.170722e-01 5.608146e-01 1.337161e-01
    outer loop
      vertex   5.410909e+01 -5.183900e+00 3.055000e+02
      vertex   5.405541e+01 -5.280933e+00 3.055790e+02
      vertex   5.411526e+01 -5.207938e+00 3.056386e+02
    endloop
  endfacet
  facet normal -8.182295e-01 5.591801e-01 1.334842e-01
    outer loop
      vertex   5.410909e+01 -5.183900e+00 3.055000e+02
      vertex   5.411526e+01 -5.207938e+00 3.056386e+02
      vertex   5.413525e+01 -5.156997e+00 3.055477e+02
    endloop
  endfacet
  facet normal -6.768254e-01 6.955766e-01 2.409992e-01
    outer loop
      vertex   5.413525e+01 -5.156997e+00 3.055477e+02
      vertex   5.411526e+01 -5.207938e+00 3.056386e+02
      vertex   5.419431e+01 -5.149288e+00 3.056913e+02
    endloop
  endfacet
  facet normal -6.768254e-01 6.955766e-01 2.409992e-01
    outer loop
      vertex   5.413525e+01 -5.156997e+00 3.055477e+02
      vertex   5.419431e+01 -5.149288e+00 3.056913e+02
      vertex   5.421509e+01 -5.096317e+00 3.055968e+02
    endloop
  endfacet
  facet normal -5.305845e-01 8.444204e-01 7.371693e-02
    outer loop
      vertex   5.428306e+01 -5.045160e+00 3.055000e+02
      vertex   5.418826e+01 -5.104729e+00 3.055000e+02
      vertex   5.421509e+01 -5.096317e+00 3.055968e+02
    endloop
  endfacet
  facet normal -6.442957e-01 7.563967e-01 1.129028e-01
    outer loop
      vertex   5.421509e+01 -5.096317e+00 3.055968e+02
      vertex   5.418826e+01 -5.104729e+00 3.055000e+02
      vertex   5.413525e+01 -5.156997e+00 3.055477e+02
    endloop
  endfacet
  facet normal -7.070640e-01 7.070640e-01 -1.099908e-02
    outer loop
      vertex   5.418826e+01 -5.104729e+00 3.055000e+02
      vertex   5.410909e+01 -5.183900e+00 3.055000e+02
      vertex   5.413525e+01 -5.156997e+00 3.055477e+02
    endloop
  endfacet
  facet normal -4.357867e-01 1.460032e-01 8.881289e-01
    outer loop
      vertex   5.430913e+01 -5.354633e+00 3.059401e+02
      vertex   5.428306e+01 -5.495645e+00 3.059505e+02
      vertex   5.434225e+01 -5.453338e+00 3.059726e+02
    endloop
  endfacet
  facet normal -3.301235e-01 -3.069241e-02 9.434386e-01
    outer loop
      vertex   5.434225e+01 -5.453338e+00 3.059726e+02
      vertex   5.428306e+01 -5.495645e+00 3.059505e+02
      vertex   5.438874e+01 -5.495645e+00 3.059875e+02
    endloop
  endfacet
  facet normal -2.089253e-01 1.123662e-01 9.714546e-01
    outer loop
      vertex   5.434225e+01 -5.453338e+00 3.059726e+02
      vertex   5.438874e+01 -5.495645e+00 3.059875e+02
      vertex   5.444377e+01 -5.410034e+00 3.059894e+02
    endloop
  endfacet
  facet normal -2.520005e-01 2.251165e-01 9.411792e-01
    outer loop
      vertex   5.430913e+01 -5.354633e+00 3.059401e+02
      vertex   5.434225e+01 -5.453338e+00 3.059726e+02
      vertex   5.444377e+01 -5.410034e+00 3.059894e+02
    endloop
  endfacet
  facet normal -3.046771e-01 4.137587e-01 8.578902e-01
    outer loop
      vertex   5.428859e+01 -5.261196e+00 3.058877e+02
      vertex   5.430913e+01 -5.354633e+00 3.059401e+02
      vertex   5.441269e+01 -5.317403e+00 3.059589e+02
    endloop
  endfacet
  facet normal -2.520005e-01 2.251165e-01 9.411792e-01
    outer loop
      vertex   5.441269e+01 -5.317403e+00 3.059589e+02
      vertex   5.430913e+01 -5.354633e+00 3.059401e+02
      vertex   5.444377e+01 -5.410034e+00 3.059894e+02
    endloop
  endfacet
  facet normal -6.768254e-01 2.409992e-01 6.955766e-01
    outer loop
      vertex   5.413525e+01 -5.447980e+00 3.058386e+02
      vertex   5.421509e+01 -5.398894e+00 3.058993e+02
      vertex   5.411526e+01 -5.357073e+00 3.057877e+02
    endloop
  endfacet
  facet normal -6.768254e-01 2.409992e-01 6.955766e-01
    outer loop
      vertex   5.411526e+01 -5.357073e+00 3.057877e+02
      vertex   5.421509e+01 -5.398894e+00 3.058993e+02
      vertex   5.419431e+01 -5.304366e+00 3.058464e+02
    endloop
  endfacet
  facet normal -7.044583e-01 4.189033e-01 5.729384e-01
    outer loop
      vertex   5.411526e+01 -5.357073e+00 3.057877e+02
      vertex   5.419431e+01 -5.304366e+00 3.058464e+02
      vertex   5.410849e+01 -5.275734e+00 3.057199e+02
    endloop
  endfacet
  facet normal -7.044583e-01 4.189033e-01 5.729384e-01
    outer loop
      vertex   5.410849e+01 -5.275734e+00 3.057199e+02
      vertex   5.419431e+01 -5.304366e+00 3.058464e+02
      vertex   5.418727e+01 -5.219786e+00 3.057759e+02
    endloop
  endfacet
  facet normal -7.044583e-01 5.729384e-01 4.189033e-01
    outer loop
      vertex   5.410849e+01 -5.275734e+00 3.057199e+02
      vertex   5.418727e+01 -5.219786e+00 3.057759e+02
      vertex   5.411526e+01 -5.207938e+00 3.056386e+02
    endloop
  endfacet
  facet normal -7.044583e-01 5.729384e-01 4.189033e-01
    outer loop
      vertex   5.411526e+01 -5.207938e+00 3.056386e+02
      vertex   5.418727e+01 -5.219786e+00 3.057759e+02
      vertex   5.419431e+01 -5.149288e+00 3.056913e+02
    endloop
  endfacet
  facet normal -3.316751e-01 5.875747e-01 7.380702e-01
    outer loop
      vertex   5.428163e+01 -5.177592e+00 3.058181e+02
      vertex   5.428859e+01 -5.261196e+00 3.058877e+02
      vertex   5.439342e+01 -5.229716e+00 3.059098e+02
    endloop
  endfacet
  facet normal -3.046771e-01 4.137587e-01 8.578902e-01
    outer loop
      vertex   5.439342e+01 -5.229716e+00 3.059098e+02
      vertex   5.428859e+01 -5.261196e+00 3.058877e+02
      vertex   5.441269e+01 -5.317403e+00 3.059589e+02
    endloop
  endfacet
  facet normal -8.172425e-01 1.343879e-01 5.604057e-01
    outer loop
      vertex   5.413525e+01 -5.447980e+00 3.058386e+02
      vertex   5.411526e+01 -5.357073e+00 3.057877e+02
      vertex   5.405541e+01 -5.416690e+00 3.057147e+02
    endloop
  endfacet
  facet normal -8.431394e-01 3.011149e-01 4.454724e-01
    outer loop
      vertex   5.405541e+01 -5.416690e+00 3.057147e+02
      vertex   5.411526e+01 -5.357073e+00 3.057877e+02
      vertex   5.404924e+01 -5.342648e+00 3.056530e+02
    endloop
  endfacet
  facet normal -9.403510e-01 1.682005e-01 2.957172e-01
    outer loop
      vertex   5.405541e+01 -5.416690e+00 3.057147e+02
      vertex   5.404924e+01 -5.342648e+00 3.056530e+02
      vertex   5.401247e+01 -5.417190e+00 3.055785e+02
    endloop
  endfacet
  facet normal -9.403510e-01 2.957172e-01 1.682005e-01
    outer loop
      vertex   5.401247e+01 -5.417190e+00 3.055785e+02
      vertex   5.404924e+01 -5.342648e+00 3.056530e+02
      vertex   5.401772e+01 -5.364635e+00 3.055154e+02
    endloop
  endfacet
  facet normal -8.431394e-01 3.011149e-01 4.454724e-01
    outer loop
      vertex   5.404924e+01 -5.342648e+00 3.056530e+02
      vertex   5.411526e+01 -5.357073e+00 3.057877e+02
      vertex   5.410849e+01 -5.275734e+00 3.057199e+02
    endloop
  endfacet
  facet normal -9.403510e-01 1.682005e-01 2.957172e-01
    outer loop
      vertex   5.401247e+01 -5.417190e+00 3.055785e+02
      vertex   5.401772e+01 -5.480244e+00 3.056310e+02
      vertex   5.405541e+01 -5.416690e+00 3.057147e+02
    endloop
  endfacet
  facet normal -3.316751e-01 7.380702e-01 5.875747e-01
    outer loop
      vertex   5.428859e+01 -5.107908e+00 3.057344e+02
      vertex   5.428163e+01 -5.177592e+00 3.058181e+02
      vertex   5.438689e+01 -5.151257e+00 3.058444e+02
    endloop
  endfacet
  facet normal -3.316751e-01 5.875747e-01 7.380702e-01
    outer loop
      vertex   5.438689e+01 -5.151257e+00 3.058444e+02
      vertex   5.428163e+01 -5.177592e+00 3.058181e+02
      vertex   5.439342e+01 -5.229716e+00 3.059098e+02
    endloop
  endfacet
  facet normal -8.431394e-01 4.454724e-01 3.011149e-01
    outer loop
      vertex   5.411526e+01 -5.207938e+00 3.056386e+02
      vertex   5.405541e+01 -5.280933e+00 3.055790e+02
      vertex   5.410849e+01 -5.275734e+00 3.057199e+02
    endloop
  endfacet
  facet normal -8.431394e-01 4.454724e-01 3.011149e-01
    outer loop
      vertex   5.410849e+01 -5.275734e+00 3.057199e+02
      vertex   5.405541e+01 -5.280933e+00 3.055790e+02
      vertex   5.404924e+01 -5.342648e+00 3.056530e+02
    endloop
  endfacet
  facet normal -9.403510e-01 2.957172e-01 1.682005e-01
    outer loop
      vertex   5.405541e+01 -5.280933e+00 3.055790e+02
      vertex   5.401772e+01 -5.364635e+00 3.055154e+02
      vertex   5.404924e+01 -5.342648e+00 3.056530e+02
    endloop
  endfacet
  facet normal -3.046771e-01 8.578902e-01 4.137587e-01
    outer loop
      vertex   5.430913e+01 -5.055549e+00 3.056410e+02
      vertex   5.428859e+01 -5.107908e+00 3.057344e+02
      vertex   5.439342e+01 -5.085862e+00 3.057659e+02
    endloop
  endfacet
  facet normal -3.316751e-01 7.380702e-01 5.875747e-01
    outer loop
      vertex   5.439342e+01 -5.085862e+00 3.057659e+02
      vertex   5.428859e+01 -5.107908e+00 3.057344e+02
      vertex   5.438689e+01 -5.151257e+00 3.058444e+02
    endloop
  endfacet
  facet normal -2.520005e-01 9.411792e-01 2.251165e-01
    outer loop
      vertex   5.434225e+01 -5.023074e+00 3.055423e+02
      vertex   5.430913e+01 -5.055549e+00 3.056410e+02
      vertex   5.441269e+01 -5.036725e+00 3.056782e+02
    endloop
  endfacet
  facet normal -3.046771e-01 8.578902e-01 4.137587e-01
    outer loop
      vertex   5.441269e+01 -5.036725e+00 3.056782e+02
      vertex   5.430913e+01 -5.055549e+00 3.056410e+02
      vertex   5.439342e+01 -5.085862e+00 3.057659e+02
    endloop
  endfacet
  facet normal -2.520005e-01 9.411792e-01 2.251165e-01
    outer loop
      vertex   5.444377e+01 -5.006248e+00 3.055856e+02
      vertex   5.434225e+01 -5.023074e+00 3.055423e+02
      vertex   5.441269e+01 -5.036725e+00 3.056782e+02
    endloop
  endfacet
  facet normal 4.947830e-02 1.118273e-01 9.924951e-01
    outer loop
      vertex   5.850000e+01 -5.384384e+00 3.059875e+02
      vertex   5.850000e+01 -5.495645e+00 3.060000e+02
      vertex   5.858561e+01 -5.439414e+00 3.059894e+02
    endloop
  endfacet
  facet normal 1.119484e-01 1.691982e-02 9.935700e-01
    outer loop
      vertex   5.858561e+01 -5.439414e+00 3.059894e+02
      vertex   5.850000e+01 -5.495645e+00 3.060000e+02
      vertex   5.861126e+01 -5.495645e+00 3.059875e+02
    endloop
  endfacet
  facet normal 2.819474e-01 9.580134e-02 9.546349e-01
    outer loop
      vertex   5.858561e+01 -5.439414e+00 3.059894e+02
      vertex   5.861126e+01 -5.495645e+00 3.059875e+02
      vertex   5.867824e+01 -5.408337e+00 3.059589e+02
    endloop
  endfacet
  facet normal 3.297769e-01 5.512306e-02 9.424482e-01
    outer loop
      vertex   5.867824e+01 -5.408337e+00 3.059589e+02
      vertex   5.861126e+01 -5.495645e+00 3.059875e+02
      vertex   5.871694e+01 -5.495645e+00 3.059505e+02
    endloop
  endfacet
  facet normal 4.648120e-01 1.212963e-01 8.770616e-01
    outer loop
      vertex   5.867824e+01 -5.408337e+00 3.059589e+02
      vertex   5.871694e+01 -5.495645e+00 3.059505e+02
      vertex   5.876593e+01 -5.389062e+00 3.059098e+02
    endloop
  endfacet
  facet normal 5.303873e-01 7.857234e-02 8.441065e-01
    outer loop
      vertex   5.876593e+01 -5.389062e+00 3.059098e+02
      vertex   5.871694e+01 -5.495645e+00 3.059505e+02
      vertex   5.881175e+01 -5.495645e+00 3.058909e+02
    endloop
  endfacet
  facet normal 6.278580e-01 1.341783e-01 7.666750e-01
    outer loop
      vertex   5.876593e+01 -5.389062e+00 3.059098e+02
      vertex   5.881175e+01 -5.495645e+00 3.058909e+02
      vertex   5.884439e+01 -5.382530e+00 3.058444e+02
    endloop
  endfacet
  facet normal 7.044576e-01 8.648087e-02 7.044576e-01
    outer loop
      vertex   5.884439e+01 -5.382530e+00 3.058444e+02
      vertex   5.881175e+01 -5.495645e+00 3.058909e+02
      vertex   5.889092e+01 -5.495645e+00 3.058117e+02
    endloop
  endfacet
  facet normal 7.666750e-01 1.341783e-01 6.278580e-01
    outer loop
      vertex   5.884439e+01 -5.382530e+00 3.058444e+02
      vertex   5.889092e+01 -5.495645e+00 3.058117e+02
      vertex   5.890978e+01 -5.389062e+00 3.057659e+02
    endloop
  endfacet
  facet normal 8.441065e-01 7.857234e-02 5.303873e-01
    outer loop
      vertex   5.890978e+01 -5.389062e+00 3.057659e+02
      vertex   5.889092e+01 -5.495645e+00 3.058117e+02
      vertex   5.895049e+01 -5.495645e+00 3.057169e+02
    endloop
  endfacet
  facet normal 8.770616e-01 1.212963e-01 4.648120e-01
    outer loop
      vertex   5.890978e+01 -5.389062e+00 3.057659e+02
      vertex   5.895049e+01 -5.495645e+00 3.057169e+02
      vertex   5.895892e+01 -5.408337e+00 3.056782e+02
    endloop
  endfacet
  facet normal 9.424482e-01 5.512306e-02 3.297769e-01
    outer loop
      vertex   5.895892e+01 -5.408337e+00 3.056782e+02
      vertex   5.895049e+01 -5.495645e+00 3.057169e+02
      vertex   5.898746e+01 -5.495645e+00 3.056113e+02
    endloop
  endfacet
  facet normal 9.546349e-01 9.580134e-02 2.819474e-01
    outer loop
      vertex   5.895892e+01 -5.408337e+00 3.056782e+02
      vertex   5.898746e+01 -5.495645e+00 3.056113e+02
      vertex   5.898940e+01 -5.439414e+00 3.055856e+02
    endloop
  endfacet
  facet normal 9.935700e-01 1.691982e-02 1.119484e-01
    outer loop
      vertex   5.898940e+01 -5.439414e+00 3.055856e+02
      vertex   5.898746e+01 -5.495645e+00 3.056113e+02
      vertex   5.900000e+01 -5.495645e+00 3.055000e+02
    endloop
  endfacet
  facet normal 9.924951e-01 1.118273e-01 4.947830e-02
    outer loop
      vertex   5.898940e+01 -5.439414e+00 3.055856e+02
      vertex   5.900000e+01 -5.495645e+00 3.055000e+02
      vertex   5.898746e+01 -5.384384e+00 3.055000e+02
    endloop
  endfacet
  facet normal 9.714546e-01 2.089253e-01 1.123662e-01
    outer loop
      vertex   5.898940e+01 -5.439414e+00 3.055856e+02
      vertex   5.898746e+01 -5.384384e+00 3.055000e+02
      vertex   5.897257e+01 -5.337889e+00 3.055423e+02
    endloop
  endfacet
  facet normal 9.434386e-01 3.301235e-01 -3.069241e-02
    outer loop
      vertex   5.897257e+01 -5.337889e+00 3.055423e+02
      vertex   5.898746e+01 -5.384384e+00 3.055000e+02
      vertex   5.895049e+01 -5.278703e+00 3.055000e+02
    endloop
  endfacet
  facet normal 8.881289e-01 4.357867e-01 1.460032e-01
    outer loop
      vertex   5.897257e+01 -5.337889e+00 3.055423e+02
      vertex   5.895049e+01 -5.278703e+00 3.055000e+02
      vertex   5.894010e+01 -5.304774e+00 3.056410e+02
    endloop
  endfacet
  facet normal 8.799943e-01 4.512516e-01 1.482632e-01
    outer loop
      vertex   5.894010e+01 -5.304774e+00 3.056410e+02
      vertex   5.895049e+01 -5.278703e+00 3.055000e+02
      vertex   5.889933e+01 -5.210729e+00 3.055968e+02
    endloop
  endfacet
  facet normal 7.963437e-01 5.031745e-01 3.356370e-01
    outer loop
      vertex   5.894010e+01 -5.304774e+00 3.056410e+02
      vertex   5.889933e+01 -5.210729e+00 3.055968e+02
      vertex   5.888774e+01 -5.284235e+00 3.057344e+02
    endloop
  endfacet
  facet normal 7.963437e-01 5.031745e-01 3.356370e-01
    outer loop
      vertex   5.888774e+01 -5.284235e+00 3.057344e+02
      vertex   5.889933e+01 -5.210729e+00 3.055968e+02
      vertex   5.884636e+01 -5.189950e+00 3.056913e+02
    endloop
  endfacet
  facet normal 6.720519e-01 5.311800e-01 5.159399e-01
    outer loop
      vertex   5.888774e+01 -5.284235e+00 3.057344e+02
      vertex   5.884636e+01 -5.189950e+00 3.056913e+02
      vertex   5.881805e+01 -5.277276e+00 3.058181e+02
    endloop
  endfacet
  facet normal 6.720519e-01 5.311800e-01 5.159399e-01
    outer loop
      vertex   5.881805e+01 -5.277276e+00 3.058181e+02
      vertex   5.884636e+01 -5.189950e+00 3.056913e+02
      vertex   5.877586e+01 -5.182909e+00 3.057759e+02
    endloop
  endfacet
  facet normal 5.159399e-01 5.311800e-01 6.720519e-01
    outer loop
      vertex   5.881805e+01 -5.277276e+00 3.058181e+02
      vertex   5.877586e+01 -5.182909e+00 3.057759e+02
      vertex   5.873445e+01 -5.284235e+00 3.058877e+02
    endloop
  endfacet
  facet normal 5.159399e-01 5.311800e-01 6.720519e-01
    outer loop
      vertex   5.873445e+01 -5.284235e+00 3.058877e+02
      vertex   5.877586e+01 -5.182909e+00 3.057759e+02
      vertex   5.869128e+01 -5.189950e+00 3.058464e+02
    endloop
  endfacet
  facet normal 3.356370e-01 5.031745e-01 7.963437e-01
    outer loop
      vertex   5.873445e+01 -5.284235e+00 3.058877e+02
      vertex   5.869128e+01 -5.189950e+00 3.058464e+02
      vertex   5.864101e+01 -5.304774e+00 3.059401e+02
    endloop
  endfacet
  facet normal 3.356370e-01 5.031745e-01 7.963437e-01
    outer loop
      vertex   5.864101e+01 -5.304774e+00 3.059401e+02
      vertex   5.869128e+01 -5.189950e+00 3.058464e+02
      vertex   5.859675e+01 -5.210729e+00 3.058993e+02
    endloop
  endfacet
  facet normal 1.482632e-01 4.512516e-01 8.799943e-01
    outer loop
      vertex   5.864101e+01 -5.304774e+00 3.059401e+02
      vertex   5.859675e+01 -5.210729e+00 3.058993e+02
      vertex   5.850000e+01 -5.278703e+00 3.059505e+02
    endloop
  endfacet
  facet normal 7.371693e-02 5.305845e-01 8.444204e-01
    outer loop
      vertex   5.850000e+01 -5.278703e+00 3.059505e+02
      vertex   5.859675e+01 -5.210729e+00 3.058993e+02
      vertex   5.850000e+01 -5.183900e+00 3.058909e+02
    endloop
  endfacet
  facet normal 1.129028e-01 6.442957e-01 7.563967e-01
    outer loop
      vertex   5.850000e+01 -5.183900e+00 3.058909e+02
      vertex   5.859675e+01 -5.210729e+00 3.058993e+02
      vertex   5.854767e+01 -5.130891e+00 3.058386e+02
    endloop
  endfacet
  facet normal -1.099908e-02 7.070640e-01 7.070640e-01
    outer loop
      vertex   5.850000e+01 -5.183900e+00 3.058909e+02
      vertex   5.854767e+01 -5.130891e+00 3.058386e+02
      vertex   5.850000e+01 -5.104729e+00 3.058117e+02
    endloop
  endfacet
  facet normal 1.334842e-01 8.182295e-01 5.591801e-01
    outer loop
      vertex   5.850000e+01 -5.104729e+00 3.058117e+02
      vertex   5.854767e+01 -5.130891e+00 3.058386e+02
      vertex   5.863857e+01 -5.110908e+00 3.057877e+02
    endloop
  endfacet
  facet normal 1.337161e-01 8.170722e-01 5.608146e-01
    outer loop
      vertex   5.850000e+01 -5.104729e+00 3.058117e+02
      vertex   5.863857e+01 -5.110908e+00 3.057877e+02
      vertex   5.857896e+01 -5.051049e+00 3.057147e+02
    endloop
  endfacet
  facet normal 3.011149e-01 8.431394e-01 4.454724e-01
    outer loop
      vertex   5.857896e+01 -5.051049e+00 3.057147e+02
      vertex   5.863857e+01 -5.110908e+00 3.057877e+02
      vertex   5.865300e+01 -5.044885e+00 3.056530e+02
    endloop
  endfacet
  facet normal 1.682005e-01 9.403510e-01 2.957172e-01
    outer loop
      vertex   5.857896e+01 -5.051049e+00 3.057147e+02
      vertex   5.865300e+01 -5.044885e+00 3.056530e+02
      vertex   5.857846e+01 -5.008110e+00 3.055785e+02
    endloop
  endfacet
  facet normal 2.957172e-01 9.403510e-01 1.682005e-01
    outer loop
      vertex   5.857846e+01 -5.008110e+00 3.055785e+02
      vertex   5.865300e+01 -5.044885e+00 3.056530e+02
      vertex   5.863101e+01 -5.013359e+00 3.055154e+02
    endloop
  endfacet
  facet normal 1.938518e-01 9.777486e-01 8.018181e-02
    outer loop
      vertex   5.857846e+01 -5.008110e+00 3.055785e+02
      vertex   5.863101e+01 -5.013359e+00 3.055154e+02
      vertex   5.861126e+01 -5.008181e+00 3.055000e+02
    endloop
  endfacet
  facet normal 3.284336e-01 9.386094e-01 -1.055642e-01
    outer loop
      vertex   5.861126e+01 -5.008181e+00 3.055000e+02
      vertex   5.863101e+01 -5.013359e+00 3.055154e+02
      vertex   5.871694e+01 -5.045160e+00 3.055000e+02
    endloop
  endfacet
  facet normal 3.584707e-01 9.301495e-01 7.950315e-02
    outer loop
      vertex   5.871694e+01 -5.045160e+00 3.055000e+02
      vertex   5.863101e+01 -5.013359e+00 3.055154e+02
      vertex   5.871471e+01 -5.051049e+00 3.055790e+02
    endloop
  endfacet
  facet normal 5.304134e-01 8.441482e-01 7.794539e-02
    outer loop
      vertex   5.871694e+01 -5.045160e+00 3.055000e+02
      vertex   5.871471e+01 -5.051049e+00 3.055790e+02
      vertex   5.881175e+01 -5.104729e+00 3.055000e+02
    endloop
  endfacet
  facet normal 5.608146e-01 8.170722e-01 1.337161e-01
    outer loop
      vertex   5.881175e+01 -5.104729e+00 3.055000e+02
      vertex   5.871471e+01 -5.051049e+00 3.055790e+02
      vertex   5.878771e+01 -5.110908e+00 3.056386e+02
    endloop
  endfacet
  facet normal 5.591801e-01 8.182295e-01 1.334842e-01
    outer loop
      vertex   5.881175e+01 -5.104729e+00 3.055000e+02
      vertex   5.878771e+01 -5.110908e+00 3.056386e+02
      vertex   5.883865e+01 -5.130891e+00 3.055477e+02
    endloop
  endfacet
  facet normal 6.955766e-01 6.768254e-01 2.409992e-01
    outer loop
      vertex   5.883865e+01 -5.130891e+00 3.055477e+02
      vertex   5.878771e+01 -5.110908e+00 3.056386e+02
      vertex   5.884636e+01 -5.189950e+00 3.056913e+02
    endloop
  endfacet
  facet normal 6.955766e-01 6.768254e-01 2.409992e-01
    outer loop
      vertex   5.883865e+01 -5.130891e+00 3.055477e+02
      vertex   5.884636e+01 -5.189950e+00 3.056913e+02
      vertex   5.889933e+01 -5.210729e+00 3.055968e+02
    endloop
  endfacet
  facet normal 8.444204e-01 5.305845e-01 7.371693e-02
    outer loop
      vertex   5.895049e+01 -5.278703e+00 3.055000e+02
      vertex   5.889092e+01 -5.183900e+00 3.055000e+02
      vertex   5.889933e+01 -5.210729e+00 3.055968e+02
    endloop
  endfacet
  facet normal 7.563967e-01 6.442957e-01 1.129028e-01
    outer loop
      vertex   5.889933e+01 -5.210729e+00 3.055968e+02
      vertex   5.889092e+01 -5.183900e+00 3.055000e+02
      vertex   5.883865e+01 -5.130891e+00 3.055477e+02
    endloop
  endfacet
  facet normal 7.070640e-01 7.070640e-01 -1.099908e-02
    outer loop
      vertex   5.889092e+01 -5.183900e+00 3.055000e+02
      vertex   5.881175e+01 -5.104729e+00 3.055000e+02
      vertex   5.883865e+01 -5.130891e+00 3.055477e+02
    endloop
  endfacet
  facet normal 1.118466e-01 9.926659e-01 4.587760e-02
    outer loop
      vertex   5.861126e+01 -5.008181e+00 3.055000e+02
      vertex   5.850000e+01 -4.995645e+00 3.055000e+02
      vertex   5.857846e+01 -5.008110e+00 3.055785e+02
    endloop
  endfacet
  facet normal 4.587760e-02 9.926659e-01 1.118466e-01
    outer loop
      vertex   5.857846e+01 -5.008110e+00 3.055785e+02
      vertex   5.850000e+01 -4.995645e+00 3.055000e+02
      vertex   5.850000e+01 -5.008181e+00 3.056113e+02
    endloop
  endfacet
  facet normal 8.018181e-02 9.777486e-01 1.938518e-01
    outer loop
      vertex   5.857846e+01 -5.008110e+00 3.055785e+02
      vertex   5.850000e+01 -5.008181e+00 3.056113e+02
      vertex   5.851540e+01 -5.013359e+00 3.056310e+02
    endloop
  endfacet
  facet normal -1.055642e-01 9.386094e-01 3.284336e-01
    outer loop
      vertex   5.851540e+01 -5.013359e+00 3.056310e+02
      vertex   5.850000e+01 -5.008181e+00 3.056113e+02
      vertex   5.850000e+01 -5.045160e+00 3.057169e+02
    endloop
  endfacet
  facet normal 7.950315e-02 9.301495e-01 3.584707e-01
    outer loop
      vertex   5.851540e+01 -5.013359e+00 3.056310e+02
      vertex   5.850000e+01 -5.045160e+00 3.057169e+02
      vertex   5.857896e+01 -5.051049e+00 3.057147e+02
    endloop
  endfacet
  facet normal 7.794539e-02 8.441482e-01 5.304134e-01
    outer loop
      vertex   5.857896e+01 -5.051049e+00 3.057147e+02
      vertex   5.850000e+01 -5.045160e+00 3.057169e+02
      vertex   5.850000e+01 -5.104729e+00 3.058117e+02
    endloop
  endfacet
  facet normal 1.460032e-01 4.357867e-01 8.881289e-01
    outer loop
      vertex   5.864101e+01 -5.304774e+00 3.059401e+02
      vertex   5.850000e+01 -5.278703e+00 3.059505e+02
      vertex   5.854231e+01 -5.337889e+00 3.059726e+02
    endloop
  endfacet
  facet normal -3.069241e-02 3.301235e-01 9.434386e-01
    outer loop
      vertex   5.854231e+01 -5.337889e+00 3.059726e+02
      vertex   5.850000e+01 -5.278703e+00 3.059505e+02
      vertex   5.850000e+01 -5.384384e+00 3.059875e+02
    endloop
  endfacet
  facet normal 1.123662e-01 2.089253e-01 9.714546e-01
    outer loop
      vertex   5.854231e+01 -5.337889e+00 3.059726e+02
      vertex   5.850000e+01 -5.384384e+00 3.059875e+02
      vertex   5.858561e+01 -5.439414e+00 3.059894e+02
    endloop
  endfacet
  facet normal 2.251165e-01 2.520005e-01 9.411792e-01
    outer loop
      vertex   5.864101e+01 -5.304774e+00 3.059401e+02
      vertex   5.854231e+01 -5.337889e+00 3.059726e+02
      vertex   5.858561e+01 -5.439414e+00 3.059894e+02
    endloop
  endfacet
  facet normal 4.137587e-01 3.046771e-01 8.578902e-01
    outer loop
      vertex   5.873445e+01 -5.284235e+00 3.058877e+02
      vertex   5.864101e+01 -5.304774e+00 3.059401e+02
      vertex   5.867824e+01 -5.408337e+00 3.059589e+02
    endloop
  endfacet
  facet normal 2.251165e-01 2.520005e-01 9.411792e-01
    outer loop
      vertex   5.867824e+01 -5.408337e+00 3.059589e+02
      vertex   5.864101e+01 -5.304774e+00 3.059401e+02
      vertex   5.858561e+01 -5.439414e+00 3.059894e+02
    endloop
  endfacet
  facet normal 2.409992e-01 6.768254e-01 6.955766e-01
    outer loop
      vertex   5.863857e+01 -5.110908e+00 3.057877e+02
      vertex   5.854767e+01 -5.130891e+00 3.058386e+02
      vertex   5.859675e+01 -5.210729e+00 3.058993e+02
    endloop
  endfacet
  facet normal 2.409992e-01 6.768254e-01 6.955766e-01
    outer loop
      vertex   5.863857e+01 -5.110908e+00 3.057877e+02
      vertex   5.859675e+01 -5.210729e+00 3.058993e+02
      vertex   5.869128e+01 -5.189950e+00 3.058464e+02
    endloop
  endfacet
  facet normal 5.875747e-01 3.316751e-01 7.380702e-01
    outer loop
      vertex   5.881805e+01 -5.277276e+00 3.058181e+02
      vertex   5.873445e+01 -5.284235e+00 3.058877e+02
      vertex   5.876593e+01 -5.389062e+00 3.059098e+02
    endloop
  endfacet
  facet normal 4.137587e-01 3.046771e-01 8.578902e-01
    outer loop
      vertex   5.876593e+01 -5.389062e+00 3.059098e+02
      vertex   5.873445e+01 -5.284235e+00 3.058877e+02
      vertex   5.867824e+01 -5.408337e+00 3.059589e+02
    endloop
  endfacet
  facet normal 4.189033e-01 7.044583e-01 5.729384e-01
    outer loop
      vertex   5.863857e+01 -5.110908e+00 3.057877e+02
      vertex   5.869128e+01 -5.189950e+00 3.058464e+02
      vertex   5.871991e+01 -5.104137e+00 3.057199e+02
    endloop
  endfacet
  facet normal 4.189033e-01 7.044583e-01 5.729384e-01
    outer loop
      vertex   5.871991e+01 -5.104137e+00 3.057199e+02
      vertex   5.869128e+01 -5.189950e+00 3.058464e+02
      vertex   5.877586e+01 -5.182909e+00 3.057759e+02
    endloop
  endfacet
  facet normal 5.729384e-01 7.044583e-01 4.189033e-01
    outer loop
      vertex   5.871991e+01 -5.104137e+00 3.057199e+02
      vertex   5.877586e+01 -5.182909e+00 3.057759e+02
      vertex   5.878771e+01 -5.110908e+00 3.056386e+02
    endloop
  endfacet
  facet normal 5.729384e-01 7.044583e-01 4.189033e-01
    outer loop
      vertex   5.878771e+01 -5.110908e+00 3.056386e+02
      vertex   5.877586e+01 -5.182909e+00 3.057759e+02
      vertex   5.884636e+01 -5.189950e+00 3.056913e+02
    endloop
  endfacet
  facet normal 1.682005e-01 9.403510e-01 2.957172e-01
    outer loop
      vertex   5.857846e+01 -5.008110e+00 3.055785e+02
      vertex   5.851540e+01 -5.013359e+00 3.056310e+02
      vertex   5.857896e+01 -5.051049e+00 3.057147e+02
    endloop
  endfacet
  facet normal 7.380702e-01 3.316751e-01 5.875747e-01
    outer loop
      vertex   5.888774e+01 -5.284235e+00 3.057344e+02
      vertex   5.881805e+01 -5.277276e+00 3.058181e+02
      vertex   5.884439e+01 -5.382530e+00 3.058444e+02
    endloop
  endfacet
  facet normal 5.875747e-01 3.316751e-01 7.380702e-01
    outer loop
      vertex   5.884439e+01 -5.382530e+00 3.058444e+02
      vertex   5.881805e+01 -5.277276e+00 3.058181e+02
      vertex   5.876593e+01 -5.389062e+00 3.059098e+02
    endloop
  endfacet
  facet normal 3.011149e-01 8.431394e-01 4.454724e-01
    outer loop
      vertex   5.863857e+01 -5.110908e+00 3.057877e+02
      vertex   5.871991e+01 -5.104137e+00 3.057199e+02
      vertex   5.865300e+01 -5.044885e+00 3.056530e+02
    endloop
  endfacet
  facet normal 4.454724e-01 8.431394e-01 3.011149e-01
    outer loop
      vertex   5.865300e+01 -5.044885e+00 3.056530e+02
      vertex   5.871991e+01 -5.104137e+00 3.057199e+02
      vertex   5.871471e+01 -5.051049e+00 3.055790e+02
    endloop
  endfacet
  facet normal 2.957172e-01 9.403510e-01 1.682005e-01
    outer loop
      vertex   5.865300e+01 -5.044885e+00 3.056530e+02
      vertex   5.871471e+01 -5.051049e+00 3.055790e+02
      vertex   5.863101e+01 -5.013359e+00 3.055154e+02
    endloop
  endfacet
  facet normal 4.454724e-01 8.431394e-01 3.011149e-01
    outer loop
      vertex   5.871471e+01 -5.051049e+00 3.055790e+02
      vertex   5.871991e+01 -5.104137e+00 3.057199e+02
      vertex   5.878771e+01 -5.110908e+00 3.056386e+02
    endloop
  endfacet
  facet normal 8.578902e-01 3.046771e-01 4.137587e-01
    outer loop
      vertex   5.894010e+01 -5.304774e+00 3.056410e+02
      vertex   5.888774e+01 -5.284235e+00 3.057344e+02
      vertex   5.890978e+01 -5.389062e+00 3.057659e+02
    endloop
  endfacet
  facet normal 7.380702e-01 3.316751e-01 5.875747e-01
    outer loop
      vertex   5.890978e+01 -5.389062e+00 3.057659e+02
      vertex   5.888774e+01 -5.284235e+00 3.057344e+02
      vertex   5.884439e+01 -5.382530e+00 3.058444e+02
    endloop
  endfacet
  facet normal 9.411792e-01 2.520005e-01 2.251165e-01
    outer loop
      vertex   5.897257e+01 -5.337889e+00 3.055423e+02
      vertex   5.894010e+01 -5.304774e+00 3.056410e+02
      vertex   5.895892e+01 -5.408337e+00 3.056782e+02
    endloop
  endfacet
  facet normal 8.578902e-01 3.046771e-01 4.137587e-01
    outer loop
      vertex   5.895892e+01 -5.408337e+00 3.056782e+02
      vertex   5.894010e+01 -5.304774e+00 3.056410e+02
      vertex   5.890978e+01 -5.389062e+00 3.057659e+02
    endloop
  endfacet
  facet normal 9.411792e-01 2.520005e-01 2.251165e-01
    outer loop
      vertex   5.898940e+01 -5.439414e+00 3.055856e+02
      vertex   5.897257e+01 -5.337889e+00 3.055423e+02
      vertex   5.895892e+01 -5.408337e+00 3.056782e+02
    endloop
  endfacet
  facet normal -1.119645e-01 0.000000e+00 9.937122e-01
    outer loop
      vertex   5.350000e+01 -5.495645e+00 3.030000e+02
      vertex   5.350000e+01 -6.495645e+00 3.030000e+02
      vertex   5.361126e+01 -5.495645e+00 3.030125e+02
    endloop
  endfacet
  facet normal -1.119645e-01 -1.591111e-15 9.937122e-01
    outer loop
      vertex   5.361126e+01 -5.495645e+00 3.030125e+02
      vertex   5.350000e+01 -6.495645e+00 3.030000e+02
      vertex   5.361126e+01 -6.495645e+00 3.030125e+02
    endloop
  endfacet
  facet normal -3.302791e-01 -4.693548e-15 9.438833e-01
    outer loop
      vertex   5.361126e+01 -5.495645e+00 3.030125e+02
      vertex   5.361126e+01 -6.495645e+00 3.030125e+02
      vertex   5.371694e+01 -5.495645e+00 3.030495e+02
    endloop
  endfacet
  facet normal -3.302791e-01 0.000000e+00 9.438833e-01
    outer loop
      vertex   5.371694e+01 -5.495645e+00 3.030495e+02
      vertex   5.361126e+01 -6.495645e+00 3.030125e+02
      vertex   5.371694e+01 -6.495645e+00 3.030495e+02
    endloop
  endfacet
  facet normal -5.320321e-01 0.000000e+00 8.467242e-01
    outer loop
      vertex   5.371694e+01 -5.495645e+00 3.030495e+02
      vertex   5.371694e+01 -6.495645e+00 3.030495e+02
      vertex   5.381175e+01 -5.495645e+00 3.031091e+02
    endloop
  endfacet
  facet normal -5.320321e-01 3.780315e-15 8.467242e-01
    outer loop
      vertex   5.381175e+01 -5.495645e+00 3.031091e+02
      vertex   5.371694e+01 -6.495645e+00 3.030495e+02
      vertex   5.381175e+01 -6.495645e+00 3.031091e+02
    endloop
  endfacet
  facet normal -7.071068e-01 5.024296e-15 7.071068e-01
    outer loop
      vertex   5.381175e+01 -5.495645e+00 3.031091e+02
      vertex   5.381175e+01 -6.495645e+00 3.031091e+02
      vertex   5.389092e+01 -5.495645e+00 3.031883e+02
    endloop
  endfacet
  facet normal -7.071068e-01 -1.004859e-14 7.071068e-01
    outer loop
      vertex   5.389092e+01 -5.495645e+00 3.031883e+02
      vertex   5.381175e+01 -6.495645e+00 3.031091e+02
      vertex   5.389092e+01 -6.495645e+00 3.031883e+02
    endloop
  endfacet
  facet normal -8.467242e-01 -1.203267e-14 5.320321e-01
    outer loop
      vertex   5.389092e+01 -5.495645e+00 3.031883e+02
      vertex   5.389092e+01 -6.495645e+00 3.031883e+02
      vertex   5.395049e+01 -5.495645e+00 3.032831e+02
    endloop
  endfacet
  facet normal -8.467242e-01 -3.024252e-14 5.320321e-01
    outer loop
      vertex   5.395049e+01 -5.495645e+00 3.032831e+02
      vertex   5.389092e+01 -6.495645e+00 3.031883e+02
      vertex   5.395049e+01 -6.495645e+00 3.032831e+02
    endloop
  endfacet
  facet normal -9.438833e-01 -1.877419e-14 3.302791e-01
    outer loop
      vertex   5.395049e+01 -5.495645e+00 3.032831e+02
      vertex   5.395049e+01 -6.495645e+00 3.032831e+02
      vertex   5.398746e+01 -5.495645e+00 3.033887e+02
    endloop
  endfacet
  facet normal -9.438833e-01 -1.341339e-14 3.302791e-01
    outer loop
      vertex   5.398746e+01 -5.495645e+00 3.033887e+02
      vertex   5.395049e+01 -6.495645e+00 3.032831e+02
      vertex   5.398746e+01 -6.495645e+00 3.033887e+02
    endloop
  endfacet
  facet normal -9.937122e-01 -1.412150e-14 1.119645e-01
    outer loop
      vertex   5.398746e+01 -5.495645e+00 3.033887e+02
      vertex   5.398746e+01 -6.495645e+00 3.033887e+02
      vertex   5.400000e+01 -5.495645e+00 3.035000e+02
    endloop
  endfacet
  facet normal -9.937122e-01 0.000000e+00 1.119645e-01
    outer loop
      vertex   5.400000e+01 -5.495645e+00 3.035000e+02
      vertex   5.398746e+01 -6.495645e+00 3.033887e+02
      vertex   5.400000e+01 -6.495645e+00 3.035000e+02
    endloop
  endfacet
  facet normal -1.000000e+00 0.000000e+00 0.000000e+00
    outer loop
      vertex   5.400000e+01 -6.495645e+00 3.055000e+02
      vertex   5.400000e+01 -5.495645e+00 3.055000e+02
      vertex   5.400000e+01 -6.495645e+00 3.035000e+02
    endloop
  endfacet
  facet normal -1.000000e+00 0.000000e+00 0.000000e+00
    outer loop
      vertex   5.400000e+01 -6.495645e+00 3.035000e+02
      vertex   5.400000e+01 -5.495645e+00 3.055000e+02
      vertex   5.400000e+01 -5.495645e+00 3.035000e+02
    endloop
  endfacet
  facet normal -9.937122e-01 1.119645e-01 0.000000e+00
    outer loop
      vertex   5.400000e+01 -5.495645e+00 3.035000e+02
      vertex   5.400000e+01 -5.495645e+00 3.055000e+02
      vertex   5.401254e+01 -5.384384e+00 3.035000e+02
    endloop
  endfacet
  facet normal -9.937122e-01 1.119645e-01 -7.110472e-15
    outer loop
      vertex   5.401254e+01 -5.384384e+00 3.035000e+02
      vertex   5.400000e+01 -5.495645e+00 3.055000e+02
      vertex   5.401254e+01 -5.384384e+00 3.055000e+02
    endloop
  endfacet
  facet normal -9.438833e-01 3.302791e-01 -6.853368e-15
    outer loop
      vertex   5.401254e+01 -5.384384e+00 3.035000e+02
      vertex   5.401254e+01 -5.384384e+00 3.055000e+02
      vertex   5.404952e+01 -5.278703e+00 3.035000e+02
    endloop
  endfacet
  facet normal -9.438833e-01 3.302791e-01 -4.400201e-16
    outer loop
      vertex   5.404952e+01 -5.278703e+00 3.035000e+02
      vertex   5.401254e+01 -5.384384e+00 3.055000e+02
      vertex   5.404952e+01 -5.278703e+00 3.055000e+02
    endloop
  endfacet
  facet normal -8.467242e-01 5.320321e-01 -7.088091e-16
    outer loop
      vertex   5.404952e+01 -5.278703e+00 3.035000e+02
      vertex   5.404952e+01 -5.278703e+00 3.055000e+02
      vertex   5.410909e+01 -5.183900e+00 3.035000e+02
    endloop
  endfacet
  facet normal -8.467242e-01 5.320321e-01 -2.362697e-16
    outer loop
      vertex   5.410909e+01 -5.183900e+00 3.035000e+02
      vertex   5.404952e+01 -5.278703e+00 3.055000e+02
      vertex   5.410909e+01 -5.183900e+00 3.055000e+02
    endloop
  endfacet
  facet normal -7.071068e-01 7.071068e-01 -3.140185e-16
    outer loop
      vertex   5.410909e+01 -5.183900e+00 3.035000e+02
      vertex   5.410909e+01 -5.183900e+00 3.055000e+02
      vertex   5.418826e+01 -5.104729e+00 3.035000e+02
    endloop
  endfacet
  facet normal -7.071068e-01 7.071068e-01 1.256074e-15
    outer loop
      vertex   5.418826e+01 -5.104729e+00 3.035000e+02
      vertex   5.410909e+01 -5.183900e+00 3.055000e+02
      vertex   5.418826e+01 -5.104729e+00 3.055000e+02
    endloop
  endfacet
  facet normal -5.320321e-01 8.467242e-01 3.860733e-16
    outer loop
      vertex   5.418826e+01 -5.104729e+00 3.035000e+02
      vertex   5.418826e+01 -5.104729e+00 3.055000e+02
      vertex   5.428306e+01 -5.045160e+00 3.035000e+02
    endloop
  endfacet
  facet normal -5.320321e-01 8.467242e-01 -3.018221e-15
    outer loop
      vertex   5.428306e+01 -5.045160e+00 3.035000e+02
      vertex   5.418826e+01 -5.104729e+00 3.055000e+02
      vertex   5.428306e+01 -5.045160e+00 3.055000e+02
    endloop
  endfacet
  facet normal -3.302791e-01 9.438833e-01 -2.430892e-15
    outer loop
      vertex   5.428306e+01 -5.045160e+00 3.035000e+02
      vertex   5.428306e+01 -5.045160e+00 3.055000e+02
      vertex   5.438874e+01 -5.008181e+00 3.035000e+02
    endloop
  endfacet
  facet normal -3.302791e-01 9.438833e-01 -1.257505e-15
    outer loop
      vertex   5.438874e+01 -5.008181e+00 3.035000e+02
      vertex   5.428306e+01 -5.045160e+00 3.055000e+02
      vertex   5.438874e+01 -5.008181e+00 3.055000e+02
    endloop
  endfacet
  facet normal -1.119645e-01 9.937122e-01 -1.323891e-15
    outer loop
      vertex   5.438874e+01 -5.008181e+00 3.035000e+02
      vertex   5.438874e+01 -5.008181e+00 3.055000e+02
      vertex   5.450000e+01 -4.995645e+00 3.035000e+02
    endloop
  endfacet
  facet normal -1.119645e-01 9.937122e-01 0.000000e+00
    outer loop
      vertex   5.450000e+01 -4.995645e+00 3.035000e+02
      vertex   5.438874e+01 -5.008181e+00 3.055000e+02
      vertex   5.450000e+01 -4.995645e+00 3.055000e+02
    endloop
  endfacet
  facet normal 0.000000e+00 1.000000e+00 0.000000e+00
    outer loop
      vertex   5.490547e+01 -4.995645e+00 3.050000e+02
      vertex   5.850000e+01 -4.995645e+00 3.055000e+02
      vertex   5.809453e+01 -4.995645e+00 3.050000e+02
    endloop
  endfacet
  facet normal -0.000000e+00 1.000000e+00 0.000000e+00
    outer loop
      vertex   5.809453e+01 -4.995645e+00 3.050000e+02
      vertex   5.850000e+01 -4.995645e+00 3.055000e+02
      vertex   5.850000e+01 -4.995645e+00 3.035000e+02
    endloop
  endfacet
  facet normal 0.000000e+00 1.000000e+00 0.000000e+00
    outer loop
      vertex   5.809453e+01 -4.995645e+00 3.050000e+02
      vertex   5.850000e+01 -4.995645e+00 3.035000e+02
      vertex   5.809453e+01 -4.995645e+00 3.030000e+02
    endloop
  endfacet
  facet normal 0.000000e+00 1.000000e+00 0.000000e+00
    outer loop
      vertex   5.809453e+01 -4.995645e+00 3.030000e+02
      vertex   5.850000e+01 -4.995645e+00 3.035000e+02
      vertex   5.868518e+01 -4.995645e+00 3.033225e+02
    endloop
  endfacet
  facet normal 3.446900e-15 1.000000e+00 -6.312771e-15
    outer loop
      vertex   5.809453e+01 -4.995645e+00 3.030000e+02
      vertex   5.868518e+01 -4.995645e+00 3.033225e+02
      vertex   5.878590e+01 -4.995645e+00 3.032368e+02
    endloop
  endfacet
  facet normal 2.190470e-15 1.000000e+00 -0.000000e+00
    outer loop
      vertex   5.490547e+01 -4.995645e+00 3.030000e+02
      vertex   5.450000e+01 -4.995645e+00 3.035000e+02
      vertex   5.490547e+01 -4.995645e+00 3.050000e+02
    endloop
  endfacet
  facet normal 2.190470e-15 1.000000e+00 0.000000e+00
    outer loop
      vertex   5.490547e+01 -4.995645e+00 3.050000e+02
      vertex   5.450000e+01 -4.995645e+00 3.035000e+02
      vertex   5.450000e+01 -4.995645e+00 3.055000e+02
    endloop
  endfacet
  facet normal 2.220446e-16 1.000000e+00 -1.596290e-15
    outer loop
      vertex   5.490547e+01 -4.995645e+00 3.050000e+02
      vertex   5.450000e+01 -4.995645e+00 3.055000e+02
      vertex   5.850000e+01 -4.995645e+00 3.055000e+02
    endloop
  endfacet
  facet normal 0.000000e+00 1.000000e+00 5.921189e-16
    outer loop
      vertex   5.809453e+01 -4.995645e+00 3.030000e+02
      vertex   4.800000e+01 -4.995645e+00 3.000000e+02
      vertex   5.490547e+01 -4.995645e+00 3.030000e+02
    endloop
  endfacet
  facet normal 6.985284e-16 1.000000e+00 -1.015771e-15
    outer loop
      vertex   5.490547e+01 -4.995645e+00 3.030000e+02
      vertex   4.800000e+01 -4.995645e+00 3.000000e+02
      vertex   5.363398e+01 -4.995645e+00 3.030000e+02
    endloop
  endfacet
  facet normal 6.985284e-16 1.000000e+00 -6.951185e-15
    outer loop
      vertex   5.490547e+01 -4.995645e+00 3.030000e+02
      vertex   5.363398e+01 -4.995645e+00 3.030000e+02
      vertex   5.375923e+01 -4.995645e+00 3.030126e+02
    endloop
  endfacet
  facet normal 8.775972e-16 1.000000e+00 1.188445e-15
    outer loop
      vertex   5.878590e+01 -4.995645e+00 3.032368e+02
      vertex   5.889013e+01 -4.995645e+00 3.031598e+02
      vertex   5.809453e+01 -4.995645e+00 3.030000e+02
    endloop
  endfacet
  facet normal -1.271818e-15 1.000000e+00 1.188750e-14
    outer loop
      vertex   5.809453e+01 -4.995645e+00 3.030000e+02
      vertex   5.889013e+01 -4.995645e+00 3.031598e+02
      vertex   5.899669e+01 -4.995645e+00 3.030965e+02
    endloop
  endfacet
  facet normal -1.520860e-15 1.000000e+00 1.421526e-14
    outer loop
      vertex   5.809453e+01 -4.995645e+00 3.030000e+02
      vertex   5.899669e+01 -4.995645e+00 3.030965e+02
      vertex   5.911429e+01 -4.995645e+00 3.030466e+02
    endloop
  endfacet
  facet normal 2.753126e-16 1.000000e+00 -2.507256e-14
    outer loop
      vertex   5.911429e+01 -4.995645e+00 3.030466e+02
      vertex   5.924078e+01 -4.995645e+00 3.030126e+02
      vertex   5.809453e+01 -4.995645e+00 3.030000e+02
    endloop
  endfacet
  facet normal 0.000000e+00 1.000000e+00 0.000000e+00
    outer loop
      vertex   5.809453e+01 -4.995645e+00 3.030000e+02
      vertex   5.924078e+01 -4.995645e+00 3.030126e+02
      vertex   5.936603e+01 -4.995645e+00 3.030000e+02
    endloop
  endfacet
  facet normal 0.000000e+00 1.000000e+00 -2.960595e-16
    outer loop
      vertex   5.809453e+01 -4.995645e+00 3.030000e+02
      vertex   5.936603e+01 -4.995645e+00 3.030000e+02
      vertex   6.500000e+01 -4.995645e+00 3.000000e+02
    endloop
  endfacet
  facet normal 1.576469e-16 1.000000e+00 -0.000000e+00
    outer loop
      vertex   6.500000e+01 -4.995645e+00 3.000000e+02
      vertex   5.936603e+01 -4.995645e+00 3.030000e+02
      vertex   6.500000e+01 -4.995645e+00 3.025000e+02
    endloop
  endfacet
  facet normal 1.730002e-16 1.000000e+00 1.730002e-16
    outer loop
      vertex   6.500000e+01 -4.995645e+00 3.025000e+02
      vertex   5.936603e+01 -4.995645e+00 3.030000e+02
      vertex   6.450000e+01 -4.995645e+00 3.030000e+02
    endloop
  endfacet
  facet normal 0.000000e+00 1.000000e+00 0.000000e+00
    outer loop
      vertex   6.500000e+01 -4.995645e+00 3.025000e+02
      vertex   6.450000e+01 -4.995645e+00 3.030000e+02
      vertex   6.498746e+01 -4.995645e+00 3.026113e+02
    endloop
  endfacet
  facet normal 0.000000e+00 1.000000e+00 0.000000e+00
    outer loop
      vertex   6.498746e+01 -4.995645e+00 3.026113e+02
      vertex   6.450000e+01 -4.995645e+00 3.030000e+02
      vertex   6.495049e+01 -4.995645e+00 3.027169e+02
    endloop
  endfacet
  facet normal 0.000000e+00 1.000000e+00 0.000000e+00
    outer loop
      vertex   6.495049e+01 -4.995645e+00 3.027169e+02
      vertex   6.450000e+01 -4.995645e+00 3.030000e+02
      vertex   6.489092e+01 -4.995645e+00 3.028117e+02
    endloop
  endfacet
  facet normal 0.000000e+00 1.000000e+00 0.000000e+00
    outer loop
      vertex   6.489092e+01 -4.995645e+00 3.028117e+02
      vertex   6.450000e+01 -4.995645e+00 3.030000e+02
      vertex   6.481175e+01 -4.995645e+00 3.028909e+02
    endloop
  endfacet
  facet normal 0.000000e+00 1.000000e+00 0.000000e+00
    outer loop
      vertex   6.481175e+01 -4.995645e+00 3.028909e+02
      vertex   6.450000e+01 -4.995645e+00 3.030000e+02
      vertex   6.471694e+01 -4.995645e+00 3.029505e+02
    endloop
  endfacet
  facet normal 0.000000e+00 1.000000e+00 0.000000e+00
    outer loop
      vertex   6.471694e+01 -4.995645e+00 3.029505e+02
      vertex   6.450000e+01 -4.995645e+00 3.030000e+02
      vertex   6.461126e+01 -4.995645e+00 3.029875e+02
    endloop
  endfacet
  facet normal 1.567374e-16 1.000000e+00 6.472246e-17
    outer loop
      vertex   6.500000e+01 -4.995645e+00 3.000000e+02
      vertex   4.800000e+01 -4.995645e+00 3.000000e+02
      vertex   5.809453e+01 -4.995645e+00 3.030000e+02
    endloop
  endfacet
  facet normal 1.576469e-16 1.000000e+00 -0.000000e+00
    outer loop
      vertex   4.800000e+01 -4.995645e+00 3.000000e+02
      vertex   4.800000e+01 -4.995645e+00 3.025000e+02
      vertex   5.363398e+01 -4.995645e+00 3.030000e+02
    endloop
  endfacet
  facet normal 1.730002e-16 1.000000e+00 -1.730002e-16
    outer loop
      vertex   5.363398e+01 -4.995645e+00 3.030000e+02
      vertex   4.800000e+01 -4.995645e+00 3.025000e+02
      vertex   4.850000e+01 -4.995645e+00 3.030000e+02
    endloop
  endfacet
  facet normal -2.698963e-14 1.000000e+00 2.698963e-14
    outer loop
      vertex   4.850000e+01 -4.995645e+00 3.030000e+02
      vertex   4.800000e+01 -4.995645e+00 3.025000e+02
      vertex   4.801254e+01 -4.995645e+00 3.026113e+02
    endloop
  endfacet
  facet normal -7.581805e-15 1.000000e+00 2.652988e-15
    outer loop
      vertex   4.850000e+01 -4.995645e+00 3.030000e+02
      vertex   4.801254e+01 -4.995645e+00 3.026113e+02
      vertex   4.804952e+01 -4.995645e+00 3.027169e+02
    endloop
  endfacet
  facet normal -9.773548e-15 1.000000e+00 6.141127e-15
    outer loop
      vertex   4.804952e+01 -4.995645e+00 3.027169e+02
      vertex   4.810909e+01 -4.995645e+00 3.028117e+02
      vertex   4.850000e+01 -4.995645e+00 3.030000e+02
    endloop
  endfacet
  facet normal -1.314777e-14 1.000000e+00 1.314777e-14
    outer loop
      vertex   4.850000e+01 -4.995645e+00 3.030000e+02
      vertex   4.810909e+01 -4.995645e+00 3.028117e+02
      vertex   4.818826e+01 -4.995645e+00 3.028909e+02
    endloop
  endfacet
  facet normal -1.928890e-14 1.000000e+00 3.069810e-14
    outer loop
      vertex   4.850000e+01 -4.995645e+00 3.030000e+02
      vertex   4.818826e+01 -4.995645e+00 3.028909e+02
      vertex   4.828306e+01 -4.995645e+00 3.029505e+02
    endloop
  endfacet
  facet normal -3.532250e-14 1.000000e+00 1.009459e-13
    outer loop
      vertex   4.828306e+01 -4.995645e+00 3.029505e+02
      vertex   4.838874e+01 -4.995645e+00 3.029875e+02
      vertex   4.850000e+01 -4.995645e+00 3.030000e+02
    endloop
  endfacet
  facet normal 7.444776e-16 1.000000e+00 -2.766616e-15
    outer loop
      vertex   5.375923e+01 -4.995645e+00 3.030126e+02
      vertex   5.388571e+01 -4.995645e+00 3.030466e+02
      vertex   5.490547e+01 -4.995645e+00 3.030000e+02
    endloop
  endfacet
  facet normal 7.862416e-16 1.000000e+00 -1.853109e-15
    outer loop
      vertex   5.490547e+01 -4.995645e+00 3.030000e+02
      vertex   5.388571e+01 -4.995645e+00 3.030466e+02
      vertex   5.400331e+01 -4.995645e+00 3.030965e+02
    endloop
  endfacet
  facet normal 8.342888e-16 1.000000e+00 -1.404019e-15
    outer loop
      vertex   5.490547e+01 -4.995645e+00 3.030000e+02
      vertex   5.400331e+01 -4.995645e+00 3.030965e+02
      vertex   5.410987e+01 -4.995645e+00 3.031598e+02
    endloop
  endfacet
  facet normal 8.775972e-16 1.000000e+00 -1.188445e-15
    outer loop
      vertex   5.410987e+01 -4.995645e+00 3.031598e+02
      vertex   5.421410e+01 -4.995645e+00 3.032368e+02
      vertex   5.490547e+01 -4.995645e+00 3.030000e+02
    endloop
  endfacet
  facet normal -1.614977e-15 1.000000e+00 -8.465648e-15
    outer loop
      vertex   5.490547e+01 -4.995645e+00 3.030000e+02
      vertex   5.421410e+01 -4.995645e+00 3.032368e+02
      vertex   5.431482e+01 -4.995645e+00 3.033225e+02
    endloop
  endfacet
  facet normal 3.656654e-15 1.000000e+00 1.188999e-15
    outer loop
      vertex   5.490547e+01 -4.995645e+00 3.030000e+02
      vertex   5.431482e+01 -4.995645e+00 3.033225e+02
      vertex   5.450000e+01 -4.995645e+00 3.035000e+02
    endloop
  endfacet
  facet normal 0.000000e+00 0.000000e+00 1.000000e+00
    outer loop
      vertex   5.850000e+01 -5.495645e+00 3.060000e+02
      vertex   5.450000e+01 -5.495645e+00 3.060000e+02
      vertex   5.850000e+01 -6.495645e+00 3.060000e+02
    endloop
  endfacet
  facet normal 0.000000e+00 0.000000e+00 1.000000e+00
    outer loop
      vertex   5.850000e+01 -6.495645e+00 3.060000e+02
      vertex   5.450000e+01 -5.495645e+00 3.060000e+02
      vertex   5.450000e+01 -6.495645e+00 3.060000e+02
    endloop
  endfacet
  facet normal 0.000000e+00 -1.119645e-01 9.937122e-01
    outer loop
      vertex   5.850000e+01 -1.449564e+01 3.060000e+02
      vertex   5.450000e+01 -1.449564e+01 3.060000e+02
      vertex   5.650000e+01 -1.460691e+01 3.059875e+02
    endloop
  endfacet
  facet normal 2.874022e-14 -1.119645e-01 9.937122e-01
    outer loop
      vertex   5.650000e+01 -1.460691e+01 3.059875e+02
      vertex   5.450000e+01 -1.449564e+01 3.060000e+02
      vertex   5.450000e+01 -1.460691e+01 3.059875e+02
    endloop
  endfacet
  facet normal 2.829351e-14 -3.302791e-01 9.438833e-01
    outer loop
      vertex   5.650000e+01 -1.460691e+01 3.059875e+02
      vertex   5.450000e+01 -1.460691e+01 3.059875e+02
      vertex   5.650000e+01 -1.471259e+01 3.059505e+02
    endloop
  endfacet
  facet normal 2.933467e-15 -3.302791e-01 9.438833e-01
    outer loop
      vertex   5.650000e+01 -1.471259e+01 3.059505e+02
      vertex   5.450000e+01 -1.460691e+01 3.059875e+02
      vertex   5.450000e+01 -1.471259e+01 3.059505e+02
    endloop
  endfacet
  facet normal 4.725394e-15 -5.320321e-01 8.467242e-01
    outer loop
      vertex   5.650000e+01 -1.471259e+01 3.059505e+02
      vertex   5.450000e+01 -1.471259e+01 3.059505e+02
      vertex   5.650000e+01 -1.480739e+01 3.058909e+02
    endloop
  endfacet
  facet normal 2.973582e-14 -5.320321e-01 8.467242e-01
    outer loop
      vertex   5.650000e+01 -1.480739e+01 3.058909e+02
      vertex   5.450000e+01 -1.471259e+01 3.059505e+02
      vertex   5.450000e+01 -1.480739e+01 3.058909e+02
    endloop
  endfacet
  facet normal 2.763363e-14 -7.071068e-01 7.071068e-01
    outer loop
      vertex   5.650000e+01 -1.480739e+01 3.058909e+02
      vertex   5.450000e+01 -1.480739e+01 3.058909e+02
      vertex   5.650000e+01 -1.488656e+01 3.058117e+02
    endloop
  endfacet
  facet normal 3.265792e-14 -7.071068e-01 7.071068e-01
    outer loop
      vertex   5.650000e+01 -1.488656e+01 3.058117e+02
      vertex   5.450000e+01 -1.480739e+01 3.058909e+02
      vertex   5.450000e+01 -1.488656e+01 3.058117e+02
    endloop
  endfacet
  facet normal 3.016210e-14 -8.467242e-01 5.320321e-01
    outer loop
      vertex   5.650000e+01 -1.488656e+01 3.058117e+02
      vertex   5.450000e+01 -1.488656e+01 3.058117e+02
      vertex   5.650000e+01 -1.494613e+01 3.057169e+02
    endloop
  endfacet
  facet normal 1.654493e-14 -8.467242e-01 5.320321e-01
    outer loop
      vertex   5.650000e+01 -1.494613e+01 3.057169e+02
      vertex   5.450000e+01 -1.488656e+01 3.058117e+02
      vertex   5.450000e+01 -1.494613e+01 3.057169e+02
    endloop
  endfacet
  facet normal 1.844341e-14 -9.438833e-01 3.302791e-01
    outer loop
      vertex   5.650000e+01 -1.494613e+01 3.057169e+02
      vertex   5.450000e+01 -1.494613e+01 3.057169e+02
      vertex   5.650000e+01 -1.498311e+01 3.056113e+02
    endloop
  endfacet
  facet normal 2.012008e-14 -9.438833e-01 3.302791e-01
    outer loop
      vertex   5.650000e+01 -1.498311e+01 3.056113e+02
      vertex   5.450000e+01 -1.494613e+01 3.057169e+02
      vertex   5.450000e+01 -1.498311e+01 3.056113e+02
    endloop
  endfacet
  facet normal 2.118225e-14 -9.937122e-01 1.119645e-01
    outer loop
      vertex   5.650000e+01 -1.498311e+01 3.056113e+02
      vertex   5.450000e+01 -1.498311e+01 3.056113e+02
      vertex   5.450000e+01 -1.499564e+01 3.055000e+02
    endloop
  endfacet
  facet normal 0.000000e+00 -9.937122e-01 1.119645e-01
    outer loop
      vertex   5.450000e+01 -1.499564e+01 3.055000e+02
      vertex   5.850000e+01 -1.499564e+01 3.055000e+02
      vertex   5.650000e+01 -1.498311e+01 3.056113e+02
    endloop
  endfacet
  facet normal 0.000000e+00 -9.937122e-01 1.119645e-01
    outer loop
      vertex   5.650000e+01 -1.498311e+01 3.056113e+02
      vertex   5.850000e+01 -1.499564e+01 3.055000e+02
      vertex   5.850000e+01 -1.498311e+01 3.056113e+02
    endloop
  endfacet
  facet normal 0.000000e+00 -9.438833e-01 3.302791e-01
    outer loop
      vertex   5.650000e+01 -1.498311e+01 3.056113e+02
      vertex   5.850000e+01 -1.498311e+01 3.056113e+02
      vertex   5.650000e+01 -1.494613e+01 3.057169e+02
    endloop
  endfacet
  facet normal 0.000000e+00 -9.438833e-01 3.302791e-01
    outer loop
      vertex   5.650000e+01 -1.494613e+01 3.057169e+02
      vertex   5.850000e+01 -1.498311e+01 3.056113e+02
      vertex   5.850000e+01 -1.494613e+01 3.057169e+02
    endloop
  endfacet
  facet normal 0.000000e+00 -8.467242e-01 5.320321e-01
    outer loop
      vertex   5.650000e+01 -1.494613e+01 3.057169e+02
      vertex   5.850000e+01 -1.494613e+01 3.057169e+02
      vertex   5.650000e+01 -1.488656e+01 3.058117e+02
    endloop
  endfacet
  facet normal -7.520422e-16 -8.467242e-01 5.320321e-01
    outer loop
      vertex   5.650000e+01 -1.488656e+01 3.058117e+02
      vertex   5.850000e+01 -1.494613e+01 3.057169e+02
      vertex   5.850000e+01 -1.488656e+01 3.058117e+02
    endloop
  endfacet
  facet normal -6.280370e-16 -7.071068e-01 7.071068e-01
    outer loop
      vertex   5.650000e+01 -1.488656e+01 3.058117e+02
      vertex   5.850000e+01 -1.488656e+01 3.058117e+02
      vertex   5.650000e+01 -1.480739e+01 3.058909e+02
    endloop
  endfacet
  facet normal 1.884111e-15 -7.071068e-01 7.071068e-01
    outer loop
      vertex   5.650000e+01 -1.480739e+01 3.058909e+02
      vertex   5.850000e+01 -1.488656e+01 3.058117e+02
      vertex   5.850000e+01 -1.480739e+01 3.058909e+02
    endloop
  endfacet
  facet normal 1.417618e-15 -5.320321e-01 8.467242e-01
    outer loop
      vertex   5.650000e+01 -1.480739e+01 3.058909e+02
      vertex   5.850000e+01 -1.480739e+01 3.058909e+02
      vertex   5.650000e+01 -1.471259e+01 3.059505e+02
    endloop
  endfacet
  facet normal 0.000000e+00 -5.320321e-01 8.467242e-01
    outer loop
      vertex   5.650000e+01 -1.471259e+01 3.059505e+02
      vertex   5.850000e+01 -1.480739e+01 3.058909e+02
      vertex   5.850000e+01 -1.471259e+01 3.059505e+02
    endloop
  endfacet
  facet normal 0.000000e+00 -3.302791e-01 9.438833e-01
    outer loop
      vertex   5.650000e+01 -1.471259e+01 3.059505e+02
      vertex   5.850000e+01 -1.471259e+01 3.059505e+02
      vertex   5.650000e+01 -1.460691e+01 3.059875e+02
    endloop
  endfacet
  facet normal 0.000000e+00 -3.302791e-01 9.438833e-01
    outer loop
      vertex   5.650000e+01 -1.460691e+01 3.059875e+02
      vertex   5.850000e+01 -1.471259e+01 3.059505e+02
      vertex   5.850000e+01 -1.460691e+01 3.059875e+02
    endloop
  endfacet
  facet normal 0.000000e+00 -1.119645e-01 9.937122e-01
    outer loop
      vertex   5.650000e+01 -1.460691e+01 3.059875e+02
      vertex   5.850000e+01 -1.460691e+01 3.059875e+02
      vertex   5.850000e+01 -1.449564e+01 3.060000e+02
    endloop
  endfacet
  facet normal -1.118273e-01 4.947830e-02 9.924951e-01
    outer loop
      vertex   5.438874e+01 -1.349564e+01 3.059875e+02
      vertex   5.450000e+01 -1.349564e+01 3.060000e+02
      vertex   5.444377e+01 -1.341003e+01 3.059894e+02
    endloop
  endfacet
  facet normal -1.691982e-02 1.119484e-01 9.935700e-01
    outer loop
      vertex   5.444377e+01 -1.341003e+01 3.059894e+02
      vertex   5.450000e+01 -1.349564e+01 3.060000e+02
      vertex   5.450000e+01 -1.338438e+01 3.059875e+02
    endloop
  endfacet
  facet normal -9.580134e-02 2.819474e-01 9.546349e-01
    outer loop
      vertex   5.444377e+01 -1.341003e+01 3.059894e+02
      vertex   5.450000e+01 -1.338438e+01 3.059875e+02
      vertex   5.441269e+01 -1.331740e+01 3.059589e+02
    endloop
  endfacet
  facet normal -5.512306e-02 3.297769e-01 9.424482e-01
    outer loop
      vertex   5.441269e+01 -1.331740e+01 3.059589e+02
      vertex   5.450000e+01 -1.338438e+01 3.059875e+02
      vertex   5.450000e+01 -1.327870e+01 3.059505e+02
    endloop
  endfacet
  facet normal -1.212963e-01 4.648120e-01 8.770616e-01
    outer loop
      vertex   5.441269e+01 -1.331740e+01 3.059589e+02
      vertex   5.450000e+01 -1.327870e+01 3.059505e+02
      vertex   5.439342e+01 -1.322972e+01 3.059098e+02
    endloop
  endfacet
  facet normal -7.857234e-02 5.303873e-01 8.441065e-01
    outer loop
      vertex   5.439342e+01 -1.322972e+01 3.059098e+02
      vertex   5.450000e+01 -1.327870e+01 3.059505e+02
      vertex   5.450000e+01 -1.318390e+01 3.058909e+02
    endloop
  endfacet
  facet normal -1.341783e-01 6.278580e-01 7.666750e-01
    outer loop
      vertex   5.439342e+01 -1.322972e+01 3.059098e+02
      vertex   5.450000e+01 -1.318390e+01 3.058909e+02
      vertex   5.438689e+01 -1.315126e+01 3.058444e+02
    endloop
  endfacet
  facet normal -8.648087e-02 7.044576e-01 7.044576e-01
    outer loop
      vertex   5.438689e+01 -1.315126e+01 3.058444e+02
      vertex   5.450000e+01 -1.318390e+01 3.058909e+02
      vertex   5.450000e+01 -1.310473e+01 3.058117e+02
    endloop
  endfacet
  facet normal -1.341783e-01 7.666750e-01 6.278580e-01
    outer loop
      vertex   5.438689e+01 -1.315126e+01 3.058444e+02
      vertex   5.450000e+01 -1.310473e+01 3.058117e+02
      vertex   5.439342e+01 -1.308586e+01 3.057659e+02
    endloop
  endfacet
  facet normal -7.857234e-02 8.441065e-01 5.303873e-01
    outer loop
      vertex   5.439342e+01 -1.308586e+01 3.057659e+02
      vertex   5.450000e+01 -1.310473e+01 3.058117e+02
      vertex   5.450000e+01 -1.304516e+01 3.057169e+02
    endloop
  endfacet
  facet normal -1.212963e-01 8.770616e-01 4.648120e-01
    outer loop
      vertex   5.439342e+01 -1.308586e+01 3.057659e+02
      vertex   5.450000e+01 -1.304516e+01 3.057169e+02
      vertex   5.441269e+01 -1.303673e+01 3.056782e+02
    endloop
  endfacet
  facet normal -5.512306e-02 9.424482e-01 3.297769e-01
    outer loop
      vertex   5.441269e+01 -1.303673e+01 3.056782e+02
      vertex   5.450000e+01 -1.304516e+01 3.057169e+02
      vertex   5.450000e+01 -1.300818e+01 3.056113e+02
    endloop
  endfacet
  facet normal -9.580134e-02 9.546349e-01 2.819474e-01
    outer loop
      vertex   5.441269e+01 -1.303673e+01 3.056782e+02
      vertex   5.450000e+01 -1.300818e+01 3.056113e+02
      vertex   5.444377e+01 -1.300625e+01 3.055856e+02
    endloop
  endfacet
  facet normal -1.691982e-02 9.935700e-01 1.119484e-01
    outer loop
      vertex   5.444377e+01 -1.300625e+01 3.055856e+02
      vertex   5.450000e+01 -1.300818e+01 3.056113e+02
      vertex   5.450000e+01 -1.299564e+01 3.055000e+02
    endloop
  endfacet
  facet normal -1.118273e-01 9.924951e-01 4.947830e-02
    outer loop
      vertex   5.444377e+01 -1.300625e+01 3.055856e+02
      vertex   5.450000e+01 -1.299564e+01 3.055000e+02
      vertex   5.438874e+01 -1.300818e+01 3.055000e+02
    endloop
  endfacet
  facet normal -2.089253e-01 9.714546e-01 1.123662e-01
    outer loop
      vertex   5.444377e+01 -1.300625e+01 3.055856e+02
      vertex   5.438874e+01 -1.300818e+01 3.055000e+02
      vertex   5.434225e+01 -1.302307e+01 3.055423e+02
    endloop
  endfacet
  facet normal -3.301235e-01 9.434386e-01 -3.069241e-02
    outer loop
      vertex   5.434225e+01 -1.302307e+01 3.055423e+02
      vertex   5.438874e+01 -1.300818e+01 3.055000e+02
      vertex   5.428306e+01 -1.304516e+01 3.055000e+02
    endloop
  endfacet
  facet normal -4.357867e-01 8.881289e-01 1.460032e-01
    outer loop
      vertex   5.434225e+01 -1.302307e+01 3.055423e+02
      vertex   5.428306e+01 -1.304516e+01 3.055000e+02
      vertex   5.430913e+01 -1.305555e+01 3.056410e+02
    endloop
  endfacet
  facet normal -4.512516e-01 8.799943e-01 1.482632e-01
    outer loop
      vertex   5.430913e+01 -1.305555e+01 3.056410e+02
      vertex   5.428306e+01 -1.304516e+01 3.055000e+02
      vertex   5.421509e+01 -1.309632e+01 3.055968e+02
    endloop
  endfacet
  facet normal -5.031745e-01 7.963437e-01 3.356370e-01
    outer loop
      vertex   5.430913e+01 -1.305555e+01 3.056410e+02
      vertex   5.421509e+01 -1.309632e+01 3.055968e+02
      vertex   5.428859e+01 -1.310791e+01 3.057344e+02
    endloop
  endfacet
  facet normal -5.031745e-01 7.963437e-01 3.356370e-01
    outer loop
      vertex   5.428859e+01 -1.310791e+01 3.057344e+02
      vertex   5.421509e+01 -1.309632e+01 3.055968e+02
      vertex   5.419431e+01 -1.314929e+01 3.056913e+02
    endloop
  endfacet
  facet normal -5.311800e-01 6.720519e-01 5.159399e-01
    outer loop
      vertex   5.428859e+01 -1.310791e+01 3.057344e+02
      vertex   5.419431e+01 -1.314929e+01 3.056913e+02
      vertex   5.428163e+01 -1.317759e+01 3.058181e+02
    endloop
  endfacet
  facet normal -5.311800e-01 6.720519e-01 5.159399e-01
    outer loop
      vertex   5.428163e+01 -1.317759e+01 3.058181e+02
      vertex   5.419431e+01 -1.314929e+01 3.056913e+02
      vertex   5.418727e+01 -1.321979e+01 3.057759e+02
    endloop
  endfacet
  facet normal -5.311800e-01 5.159399e-01 6.720519e-01
    outer loop
      vertex   5.428163e+01 -1.317759e+01 3.058181e+02
      vertex   5.418727e+01 -1.321979e+01 3.057759e+02
      vertex   5.428859e+01 -1.326120e+01 3.058877e+02
    endloop
  endfacet
  facet normal -5.311800e-01 5.159399e-01 6.720519e-01
    outer loop
      vertex   5.428859e+01 -1.326120e+01 3.058877e+02
      vertex   5.418727e+01 -1.321979e+01 3.057759e+02
      vertex   5.419431e+01 -1.330437e+01 3.058464e+02
    endloop
  endfacet
  facet normal -5.031745e-01 3.356370e-01 7.963437e-01
    outer loop
      vertex   5.428859e+01 -1.326120e+01 3.058877e+02
      vertex   5.419431e+01 -1.330437e+01 3.058464e+02
      vertex   5.430913e+01 -1.335463e+01 3.059401e+02
    endloop
  endfacet
  facet normal -5.031745e-01 3.356370e-01 7.963437e-01
    outer loop
      vertex   5.430913e+01 -1.335463e+01 3.059401e+02
      vertex   5.419431e+01 -1.330437e+01 3.058464e+02
      vertex   5.421509e+01 -1.339889e+01 3.058993e+02
    endloop
  endfacet
  facet normal -4.512516e-01 1.482632e-01 8.799943e-01
    outer loop
      vertex   5.430913e+01 -1.335463e+01 3.059401e+02
      vertex   5.421509e+01 -1.339889e+01 3.058993e+02
      vertex   5.428306e+01 -1.349564e+01 3.059505e+02
    endloop
  endfacet
  facet normal -5.305845e-01 7.371693e-02 8.444204e-01
    outer loop
      vertex   5.428306e+01 -1.349564e+01 3.059505e+02
      vertex   5.421509e+01 -1.339889e+01 3.058993e+02
      vertex   5.418826e+01 -1.349564e+01 3.058909e+02
    endloop
  endfacet
  facet normal -6.442957e-01 1.129028e-01 7.563967e-01
    outer loop
      vertex   5.418826e+01 -1.349564e+01 3.058909e+02
      vertex   5.421509e+01 -1.339889e+01 3.058993e+02
      vertex   5.413525e+01 -1.344798e+01 3.058386e+02
    endloop
  endfacet
  facet normal -7.070640e-01 -1.099908e-02 7.070640e-01
    outer loop
      vertex   5.418826e+01 -1.349564e+01 3.058909e+02
      vertex   5.413525e+01 -1.344798e+01 3.058386e+02
      vertex   5.410909e+01 -1.349564e+01 3.058117e+02
    endloop
  endfacet
  facet normal -8.176631e-01 1.325855e-01 5.602215e-01
    outer loop
      vertex   5.410909e+01 -1.349564e+01 3.058117e+02
      vertex   5.413525e+01 -1.344798e+01 3.058386e+02
      vertex   5.405541e+01 -1.341669e+01 3.057147e+02
    endloop
  endfacet
  facet normal -8.441482e-01 7.794539e-02 5.304134e-01
    outer loop
      vertex   5.410909e+01 -1.349564e+01 3.058117e+02
      vertex   5.405541e+01 -1.341669e+01 3.057147e+02
      vertex   5.404952e+01 -1.349564e+01 3.057169e+02
    endloop
  endfacet
  facet normal -9.301495e-01 7.950315e-02 3.584707e-01
    outer loop
      vertex   5.404952e+01 -1.349564e+01 3.057169e+02
      vertex   5.405541e+01 -1.341669e+01 3.057147e+02
      vertex   5.401772e+01 -1.348024e+01 3.056310e+02
    endloop
  endfacet
  facet normal -9.386094e-01 -1.055642e-01 3.284336e-01
    outer loop
      vertex   5.404952e+01 -1.349564e+01 3.057169e+02
      vertex   5.401772e+01 -1.348024e+01 3.056310e+02
      vertex   5.401254e+01 -1.349564e+01 3.056113e+02
    endloop
  endfacet
  facet normal -9.777486e-01 8.018181e-02 1.938518e-01
    outer loop
      vertex   5.401254e+01 -1.349564e+01 3.056113e+02
      vertex   5.401772e+01 -1.348024e+01 3.056310e+02
      vertex   5.401247e+01 -1.341719e+01 3.055785e+02
    endloop
  endfacet
  facet normal -9.926659e-01 4.587760e-02 1.118466e-01
    outer loop
      vertex   5.401254e+01 -1.349564e+01 3.056113e+02
      vertex   5.401247e+01 -1.341719e+01 3.055785e+02
      vertex   5.400000e+01 -1.349564e+01 3.055000e+02
    endloop
  endfacet
  facet normal -9.926659e-01 1.118466e-01 4.587760e-02
    outer loop
      vertex   5.400000e+01 -1.349564e+01 3.055000e+02
      vertex   5.401247e+01 -1.341719e+01 3.055785e+02
      vertex   5.401254e+01 -1.338438e+01 3.055000e+02
    endloop
  endfacet
  facet normal -9.777486e-01 1.938518e-01 8.018181e-02
    outer loop
      vertex   5.401254e+01 -1.338438e+01 3.055000e+02
      vertex   5.401247e+01 -1.341719e+01 3.055785e+02
      vertex   5.401772e+01 -1.336463e+01 3.055154e+02
    endloop
  endfacet
  facet normal -9.386094e-01 3.284336e-01 -1.055642e-01
    outer loop
      vertex   5.401254e+01 -1.338438e+01 3.055000e+02
      vertex   5.401772e+01 -1.336463e+01 3.055154e+02
      vertex   5.404952e+01 -1.327870e+01 3.055000e+02
    endloop
  endfacet
  facet normal -9.301495e-01 3.584707e-01 7.950315e-02
    outer loop
      vertex   5.404952e+01 -1.327870e+01 3.055000e+02
      vertex   5.401772e+01 -1.336463e+01 3.055154e+02
      vertex   5.405541e+01 -1.328093e+01 3.055790e+02
    endloop
  endfacet
  facet normal -8.441482e-01 5.304134e-01 7.794539e-02
    outer loop
      vertex   5.404952e+01 -1.327870e+01 3.055000e+02
      vertex   5.405541e+01 -1.328093e+01 3.055790e+02
      vertex   5.410909e+01 -1.318390e+01 3.055000e+02
    endloop
  endfacet
  facet normal -8.170722e-01 5.608146e-01 1.337161e-01
    outer loop
      vertex   5.410909e+01 -1.318390e+01 3.055000e+02
      vertex   5.405541e+01 -1.328093e+01 3.055790e+02
      vertex   5.411526e+01 -1.320794e+01 3.056386e+02
    endloop
  endfacet
  facet normal -8.182295e-01 5.591801e-01 1.334842e-01
    outer loop
      vertex   5.410909e+01 -1.318390e+01 3.055000e+02
      vertex   5.411526e+01 -1.320794e+01 3.056386e+02
      vertex   5.413525e+01 -1.315700e+01 3.055477e+02
    endloop
  endfacet
  facet normal -6.768254e-01 6.955766e-01 2.409992e-01
    outer loop
      vertex   5.413525e+01 -1.315700e+01 3.055477e+02
      vertex   5.411526e+01 -1.320794e+01 3.056386e+02
      vertex   5.419431e+01 -1.314929e+01 3.056913e+02
    endloop
  endfacet
  facet normal -6.768254e-01 6.955766e-01 2.409992e-01
    outer loop
      vertex   5.413525e+01 -1.315700e+01 3.055477e+02
      vertex   5.419431e+01 -1.314929e+01 3.056913e+02
      vertex   5.421509e+01 -1.309632e+01 3.055968e+02
    endloop
  endfacet
  facet normal -5.305845e-01 8.444204e-01 7.371693e-02
    outer loop
      vertex   5.428306e+01 -1.304516e+01 3.055000e+02
      vertex   5.418826e+01 -1.310473e+01 3.055000e+02
      vertex   5.421509e+01 -1.309632e+01 3.055968e+02
    endloop
  endfacet
  facet normal -6.442957e-01 7.563967e-01 1.129028e-01
    outer loop
      vertex   5.421509e+01 -1.309632e+01 3.055968e+02
      vertex   5.418826e+01 -1.310473e+01 3.055000e+02
      vertex   5.413525e+01 -1.315700e+01 3.055477e+02
    endloop
  endfacet
  facet normal -7.070640e-01 7.070640e-01 -1.099908e-02
    outer loop
      vertex   5.418826e+01 -1.310473e+01 3.055000e+02
      vertex   5.410909e+01 -1.318390e+01 3.055000e+02
      vertex   5.413525e+01 -1.315700e+01 3.055477e+02
    endloop
  endfacet
  facet normal -4.357867e-01 1.460032e-01 8.881289e-01
    outer loop
      vertex   5.430913e+01 -1.335463e+01 3.059401e+02
      vertex   5.428306e+01 -1.349564e+01 3.059505e+02
      vertex   5.434225e+01 -1.345334e+01 3.059726e+02
    endloop
  endfacet
  facet normal -3.301235e-01 -3.069241e-02 9.434386e-01
    outer loop
      vertex   5.434225e+01 -1.345334e+01 3.059726e+02
      vertex   5.428306e+01 -1.349564e+01 3.059505e+02
      vertex   5.438874e+01 -1.349564e+01 3.059875e+02
    endloop
  endfacet
  facet normal -2.089253e-01 1.123662e-01 9.714546e-01
    outer loop
      vertex   5.434225e+01 -1.345334e+01 3.059726e+02
      vertex   5.438874e+01 -1.349564e+01 3.059875e+02
      vertex   5.444377e+01 -1.341003e+01 3.059894e+02
    endloop
  endfacet
  facet normal -2.520005e-01 2.251165e-01 9.411792e-01
    outer loop
      vertex   5.430913e+01 -1.335463e+01 3.059401e+02
      vertex   5.434225e+01 -1.345334e+01 3.059726e+02
      vertex   5.444377e+01 -1.341003e+01 3.059894e+02
    endloop
  endfacet
  facet normal -3.046771e-01 4.137587e-01 8.578902e-01
    outer loop
      vertex   5.428859e+01 -1.326120e+01 3.058877e+02
      vertex   5.430913e+01 -1.335463e+01 3.059401e+02
      vertex   5.441269e+01 -1.331740e+01 3.059589e+02
    endloop
  endfacet
  facet normal -2.520005e-01 2.251165e-01 9.411792e-01
    outer loop
      vertex   5.441269e+01 -1.331740e+01 3.059589e+02
      vertex   5.430913e+01 -1.335463e+01 3.059401e+02
      vertex   5.444377e+01 -1.341003e+01 3.059894e+02
    endloop
  endfacet
  facet normal -6.768254e-01 2.409992e-01 6.955766e-01
    outer loop
      vertex   5.413525e+01 -1.344798e+01 3.058386e+02
      vertex   5.421509e+01 -1.339889e+01 3.058993e+02
      vertex   5.411526e+01 -1.335707e+01 3.057877e+02
    endloop
  endfacet
  facet normal -6.768254e-01 2.409992e-01 6.955766e-01
    outer loop
      vertex   5.411526e+01 -1.335707e+01 3.057877e+02
      vertex   5.421509e+01 -1.339889e+01 3.058993e+02
      vertex   5.419431e+01 -1.330437e+01 3.058464e+02
    endloop
  endfacet
  facet normal -7.044583e-01 4.189033e-01 5.729384e-01
    outer loop
      vertex   5.411526e+01 -1.335707e+01 3.057877e+02
      vertex   5.419431e+01 -1.330437e+01 3.058464e+02
      vertex   5.410849e+01 -1.327573e+01 3.057199e+02
    endloop
  endfacet
  facet normal -7.044583e-01 4.189033e-01 5.729384e-01
    outer loop
      vertex   5.410849e+01 -1.327573e+01 3.057199e+02
      vertex   5.419431e+01 -1.330437e+01 3.058464e+02
      vertex   5.418727e+01 -1.321979e+01 3.057759e+02
    endloop
  endfacet
  facet normal -7.044583e-01 5.729384e-01 4.189033e-01
    outer loop
      vertex   5.410849e+01 -1.327573e+01 3.057199e+02
      vertex   5.418727e+01 -1.321979e+01 3.057759e+02
      vertex   5.411526e+01 -1.320794e+01 3.056386e+02
    endloop
  endfacet
  facet normal -7.044583e-01 5.729384e-01 4.189033e-01
    outer loop
      vertex   5.411526e+01 -1.320794e+01 3.056386e+02
      vertex   5.418727e+01 -1.321979e+01 3.057759e+02
      vertex   5.419431e+01 -1.314929e+01 3.056913e+02
    endloop
  endfacet
  facet normal -3.316751e-01 5.875747e-01 7.380702e-01
    outer loop
      vertex   5.428163e+01 -1.317759e+01 3.058181e+02
      vertex   5.428859e+01 -1.326120e+01 3.058877e+02
      vertex   5.439342e+01 -1.322972e+01 3.059098e+02
    endloop
  endfacet
  facet normal -3.046771e-01 4.137587e-01 8.578902e-01
    outer loop
      vertex   5.439342e+01 -1.322972e+01 3.059098e+02
      vertex   5.428859e+01 -1.326120e+01 3.058877e+02
      vertex   5.441269e+01 -1.331740e+01 3.059589e+02
    endloop
  endfacet
  facet normal -8.172425e-01 1.343879e-01 5.604057e-01
    outer loop
      vertex   5.413525e+01 -1.344798e+01 3.058386e+02
      vertex   5.411526e+01 -1.335707e+01 3.057877e+02
      vertex   5.405541e+01 -1.341669e+01 3.057147e+02
    endloop
  endfacet
  facet normal -8.431394e-01 3.011149e-01 4.454724e-01
    outer loop
      vertex   5.405541e+01 -1.341669e+01 3.057147e+02
      vertex   5.411526e+01 -1.335707e+01 3.057877e+02
      vertex   5.404924e+01 -1.334265e+01 3.056530e+02
    endloop
  endfacet
  facet normal -9.403510e-01 1.682005e-01 2.957172e-01
    outer loop
      vertex   5.405541e+01 -1.341669e+01 3.057147e+02
      vertex   5.404924e+01 -1.334265e+01 3.056530e+02
      vertex   5.401247e+01 -1.341719e+01 3.055785e+02
    endloop
  endfacet
  facet normal -9.403510e-01 2.957172e-01 1.682005e-01
    outer loop
      vertex   5.401247e+01 -1.341719e+01 3.055785e+02
      vertex   5.404924e+01 -1.334265e+01 3.056530e+02
      vertex   5.401772e+01 -1.336463e+01 3.055154e+02
    endloop
  endfacet
  facet normal -8.431394e-01 3.011149e-01 4.454724e-01
    outer loop
      vertex   5.404924e+01 -1.334265e+01 3.056530e+02
      vertex   5.411526e+01 -1.335707e+01 3.057877e+02
      vertex   5.410849e+01 -1.327573e+01 3.057199e+02
    endloop
  endfacet
  facet normal -9.403510e-01 1.682005e-01 2.957172e-01
    outer loop
      vertex   5.401247e+01 -1.341719e+01 3.055785e+02
      vertex   5.401772e+01 -1.348024e+01 3.056310e+02
      vertex   5.405541e+01 -1.341669e+01 3.057147e+02
    endloop
  endfacet
  facet normal -3.316751e-01 7.380702e-01 5.875747e-01
    outer loop
      vertex   5.428859e+01 -1.310791e+01 3.057344e+02
      vertex   5.428163e+01 -1.317759e+01 3.058181e+02
      vertex   5.438689e+01 -1.315126e+01 3.058444e+02
    endloop
  endfacet
  facet normal -3.316751e-01 5.875747e-01 7.380702e-01
    outer loop
      vertex   5.438689e+01 -1.315126e+01 3.058444e+02
      vertex   5.428163e+01 -1.317759e+01 3.058181e+02
      vertex   5.439342e+01 -1.322972e+01 3.059098e+02
    endloop
  endfacet
  facet normal -8.431394e-01 4.454724e-01 3.011149e-01
    outer loop
      vertex   5.411526e+01 -1.320794e+01 3.056386e+02
      vertex   5.405541e+01 -1.328093e+01 3.055790e+02
      vertex   5.410849e+01 -1.327573e+01 3.057199e+02
    endloop
  endfacet
  facet normal -8.431394e-01 4.454724e-01 3.011149e-01
    outer loop
      vertex   5.410849e+01 -1.327573e+01 3.057199e+02
      vertex   5.405541e+01 -1.328093e+01 3.055790e+02
      vertex   5.404924e+01 -1.334265e+01 3.056530e+02
    endloop
  endfacet
  facet normal -9.403510e-01 2.957172e-01 1.682005e-01
    outer loop
      vertex   5.405541e+01 -1.328093e+01 3.055790e+02
      vertex   5.401772e+01 -1.336463e+01 3.055154e+02
      vertex   5.404924e+01 -1.334265e+01 3.056530e+02
    endloop
  endfacet
  facet normal -3.046771e-01 8.578902e-01 4.137587e-01
    outer loop
      vertex   5.430913e+01 -1.305555e+01 3.056410e+02
      vertex   5.428859e+01 -1.310791e+01 3.057344e+02
      vertex   5.439342e+01 -1.308586e+01 3.057659e+02
    endloop
  endfacet
  facet normal -3.316751e-01 7.380702e-01 5.875747e-01
    outer loop
      vertex   5.439342e+01 -1.308586e+01 3.057659e+02
      vertex   5.428859e+01 -1.310791e+01 3.057344e+02
      vertex   5.438689e+01 -1.315126e+01 3.058444e+02
    endloop
  endfacet
  facet normal -2.520005e-01 9.411792e-01 2.251165e-01
    outer loop
      vertex   5.434225e+01 -1.302307e+01 3.055423e+02
      vertex   5.430913e+01 -1.305555e+01 3.056410e+02
      vertex   5.441269e+01 -1.303673e+01 3.056782e+02
    endloop
  endfacet
  facet normal -3.046771e-01 8.578902e-01 4.137587e-01
    outer loop
      vertex   5.441269e+01 -1.303673e+01 3.056782e+02
      vertex   5.430913e+01 -1.305555e+01 3.056410e+02
      vertex   5.439342e+01 -1.308586e+01 3.057659e+02
    endloop
  endfacet
  facet normal -2.520005e-01 9.411792e-01 2.251165e-01
    outer loop
      vertex   5.444377e+01 -1.300625e+01 3.055856e+02
      vertex   5.434225e+01 -1.302307e+01 3.055423e+02
      vertex   5.441269e+01 -1.303673e+01 3.056782e+02
    endloop
  endfacet
  facet normal -1.119645e-01 9.937122e-01 0.000000e+00
    outer loop
      vertex   5.450000e+01 -1.299564e+01 3.055000e+02
      vertex   5.450000e+01 -1.299564e+01 3.035000e+02
      vertex   5.438874e+01 -1.300818e+01 3.055000e+02
    endloop
  endfacet
  facet normal -1.119645e-01 9.937122e-01 1.765187e-15
    outer loop
      vertex   5.438874e+01 -1.300818e+01 3.055000e+02
      vertex   5.450000e+01 -1.299564e+01 3.035000e+02
      vertex   5.438874e+01 -1.300818e+01 3.035000e+02
    endloop
  endfacet
  facet normal -3.302791e-01 9.438833e-01 1.676674e-15
    outer loop
      vertex   5.438874e+01 -1.300818e+01 3.055000e+02
      vertex   5.438874e+01 -1.300818e+01 3.035000e+02
      vertex   5.428306e+01 -1.304516e+01 3.055000e+02
    endloop
  endfacet
  facet normal -3.302791e-01 9.438833e-01 8.383368e-16
    outer loop
      vertex   5.428306e+01 -1.304516e+01 3.055000e+02
      vertex   5.438874e+01 -1.300818e+01 3.035000e+02
      vertex   5.428306e+01 -1.304516e+01 3.035000e+02
    endloop
  endfacet
  facet normal -5.320321e-01 8.467242e-01 7.520422e-16
    outer loop
      vertex   5.428306e+01 -1.304516e+01 3.055000e+02
      vertex   5.428306e+01 -1.304516e+01 3.035000e+02
      vertex   5.418826e+01 -1.310473e+01 3.055000e+02
    endloop
  endfacet
  facet normal -5.320321e-01 8.467242e-01 7.520422e-16
    outer loop
      vertex   5.418826e+01 -1.310473e+01 3.055000e+02
      vertex   5.428306e+01 -1.304516e+01 3.035000e+02
      vertex   5.418826e+01 -1.310473e+01 3.035000e+02
    endloop
  endfacet
  facet normal -7.071068e-01 7.071068e-01 6.280370e-16
    outer loop
      vertex   5.418826e+01 -1.310473e+01 3.055000e+02
      vertex   5.418826e+01 -1.310473e+01 3.035000e+02
      vertex   5.410909e+01 -1.318390e+01 3.055000e+02
    endloop
  endfacet
  facet normal -7.071068e-01 7.071068e-01 6.280370e-16
    outer loop
      vertex   5.410909e+01 -1.318390e+01 3.055000e+02
      vertex   5.418826e+01 -1.310473e+01 3.035000e+02
      vertex   5.410909e+01 -1.318390e+01 3.035000e+02
    endloop
  endfacet
  facet normal -8.467242e-01 5.320321e-01 4.725394e-16
    outer loop
      vertex   5.410909e+01 -1.318390e+01 3.055000e+02
      vertex   5.410909e+01 -1.318390e+01 3.035000e+02
      vertex   5.404952e+01 -1.327870e+01 3.055000e+02
    endloop
  endfacet
  facet normal -8.467242e-01 5.320321e-01 9.450788e-16
    outer loop
      vertex   5.404952e+01 -1.327870e+01 3.055000e+02
      vertex   5.410909e+01 -1.318390e+01 3.035000e+02
      vertex   5.404952e+01 -1.327870e+01 3.035000e+02
    endloop
  endfacet
  facet normal -9.438833e-01 3.302791e-01 5.866935e-16
    outer loop
      vertex   5.404952e+01 -1.327870e+01 3.055000e+02
      vertex   5.404952e+01 -1.327870e+01 3.035000e+02
      vertex   5.401254e+01 -1.338438e+01 3.055000e+02
    endloop
  endfacet
  facet normal -9.438833e-01 3.302791e-01 7.293388e-15
    outer loop
      vertex   5.401254e+01 -1.338438e+01 3.055000e+02
      vertex   5.404952e+01 -1.327870e+01 3.035000e+02
      vertex   5.401254e+01 -1.338438e+01 3.035000e+02
    endloop
  endfacet
  facet normal -9.937122e-01 1.119645e-01 7.259639e-15
    outer loop
      vertex   5.401254e+01 -1.338438e+01 3.055000e+02
      vertex   5.401254e+01 -1.338438e+01 3.035000e+02
      vertex   5.400000e+01 -1.349564e+01 3.055000e+02
    endloop
  endfacet
  facet normal -9.937122e-01 1.119645e-01 0.000000e+00
    outer loop
      vertex   5.400000e+01 -1.349564e+01 3.055000e+02
      vertex   5.401254e+01 -1.338438e+01 3.035000e+02
      vertex   5.400000e+01 -1.349564e+01 3.035000e+02
    endloop
  endfacet
  facet normal -1.006306e-01 9.936855e-01 4.962554e-02
    outer loop
      vertex   5.442388e+01 -1.299564e+01 3.031173e+02
      vertex   5.436603e+01 -1.299564e+01 3.030000e+02
      vertex   5.426967e+01 -1.300818e+01 3.030556e+02
    endloop
  endfacet
  facet normal -9.985702e-02 9.936956e-01 5.096777e-02
    outer loop
      vertex   5.426967e+01 -1.300818e+01 3.030556e+02
      vertex   5.436603e+01 -1.299564e+01 3.030000e+02
      vertex   5.424078e+01 -1.300823e+01 3.030000e+02
    endloop
  endfacet
  facet normal -2.575443e-01 9.570820e-01 1.329099e-01
    outer loop
      vertex   5.426967e+01 -1.300818e+01 3.030556e+02
      vertex   5.424078e+01 -1.300823e+01 3.030000e+02
      vertex   5.411429e+01 -1.304227e+01 3.030000e+02
    endloop
  endfacet
  facet normal -3.805786e-01 8.969934e-01 2.248615e-01
    outer loop
      vertex   5.399669e+01 -1.309216e+01 3.030000e+02
      vertex   5.412124e+01 -1.304516e+01 3.030233e+02
      vertex   5.411429e+01 -1.304227e+01 3.030000e+02
    endloop
  endfacet
  facet normal -3.112022e-01 9.273158e-01 2.079387e-01
    outer loop
      vertex   5.411429e+01 -1.304227e+01 3.030000e+02
      vertex   5.412124e+01 -1.304516e+01 3.030233e+02
      vertex   5.417815e+01 -1.304516e+01 3.031085e+02
    endloop
  endfacet
  facet normal -2.737008e-01 9.436003e-01 1.862964e-01
    outer loop
      vertex   5.411429e+01 -1.304227e+01 3.030000e+02
      vertex   5.417815e+01 -1.304516e+01 3.031085e+02
      vertex   5.426967e+01 -1.300818e+01 3.030556e+02
    endloop
  endfacet
  facet normal -2.967843e-01 9.436622e-01 1.463578e-01
    outer loop
      vertex   5.426967e+01 -1.300818e+01 3.030556e+02
      vertex   5.417815e+01 -1.304516e+01 3.031085e+02
      vertex   5.432109e+01 -1.300818e+01 3.031599e+02
    endloop
  endfacet
  facet normal -1.006306e-01 9.936855e-01 4.962554e-02
    outer loop
      vertex   5.426967e+01 -1.300818e+01 3.030556e+02
      vertex   5.432109e+01 -1.300818e+01 3.031599e+02
      vertex   5.442388e+01 -1.299564e+01 3.031173e+02
    endloop
  endfacet
  facet normal -1.062472e-01 9.936855e-01 3.606605e-02
    outer loop
      vertex   5.442388e+01 -1.299564e+01 3.031173e+02
      vertex   5.432109e+01 -1.300818e+01 3.031599e+02
      vertex   5.446593e+01 -1.299564e+01 3.032412e+02
    endloop
  endfacet
  facet normal -1.062472e-01 9.936855e-01 3.606605e-02
    outer loop
      vertex   5.446593e+01 -1.299564e+01 3.032412e+02
      vertex   5.432109e+01 -1.300818e+01 3.031599e+02
      vertex   5.435846e+01 -1.300818e+01 3.032700e+02
    endloop
  endfacet
  facet normal -1.100458e-01 9.936855e-01 2.188946e-02
    outer loop
      vertex   5.446593e+01 -1.299564e+01 3.032412e+02
      vertex   5.435846e+01 -1.300818e+01 3.032700e+02
      vertex   5.449145e+01 -1.299564e+01 3.033695e+02
    endloop
  endfacet
  facet normal -1.100458e-01 9.936855e-01 2.188946e-02
    outer loop
      vertex   5.449145e+01 -1.299564e+01 3.033695e+02
      vertex   5.435846e+01 -1.300818e+01 3.032700e+02
      vertex   5.438114e+01 -1.300818e+01 3.033840e+02
    endloop
  endfacet
  facet normal -1.119615e-01 9.936855e-01 7.338342e-03
    outer loop
      vertex   5.449145e+01 -1.299564e+01 3.033695e+02
      vertex   5.438114e+01 -1.300818e+01 3.033840e+02
      vertex   5.450000e+01 -1.299564e+01 3.035000e+02
    endloop
  endfacet
  facet normal -1.119615e-01 9.936855e-01 7.338342e-03
    outer loop
      vertex   5.450000e+01 -1.299564e+01 3.035000e+02
      vertex   5.438114e+01 -1.300818e+01 3.033840e+02
      vertex   5.438874e+01 -1.300818e+01 3.035000e+02
    endloop
  endfacet
  facet normal -3.302017e-01 9.436622e-01 2.164256e-02
    outer loop
      vertex   5.438874e+01 -1.300818e+01 3.035000e+02
      vertex   5.438114e+01 -1.300818e+01 3.033840e+02
      vertex   5.427636e+01 -1.304516e+01 3.033978e+02
    endloop
  endfacet
  facet normal -3.302017e-01 9.436622e-01 2.164256e-02
    outer loop
      vertex   5.438874e+01 -1.300818e+01 3.035000e+02
      vertex   5.427636e+01 -1.304516e+01 3.033978e+02
      vertex   5.428306e+01 -1.304516e+01 3.035000e+02
    endloop
  endfacet
  facet normal -5.317089e-01 8.462099e-01 3.485004e-02
    outer loop
      vertex   5.428306e+01 -1.304516e+01 3.035000e+02
      vertex   5.427636e+01 -1.304516e+01 3.033978e+02
      vertex   5.418237e+01 -1.310473e+01 3.034102e+02
    endloop
  endfacet
  facet normal -5.317089e-01 8.462099e-01 3.485004e-02
    outer loop
      vertex   5.428306e+01 -1.304516e+01 3.035000e+02
      vertex   5.418237e+01 -1.310473e+01 3.034102e+02
      vertex   5.418826e+01 -1.310473e+01 3.035000e+02
    endloop
  endfacet
  facet normal -7.063486e-01 7.063486e-01 4.629653e-02
    outer loop
      vertex   5.418826e+01 -1.310473e+01 3.035000e+02
      vertex   5.418237e+01 -1.310473e+01 3.034102e+02
      vertex   5.410387e+01 -1.318390e+01 3.034205e+02
    endloop
  endfacet
  facet normal -7.063486e-01 7.063486e-01 4.629653e-02
    outer loop
      vertex   5.418826e+01 -1.310473e+01 3.035000e+02
      vertex   5.410387e+01 -1.318390e+01 3.034205e+02
      vertex   5.410909e+01 -1.318390e+01 3.035000e+02
    endloop
  endfacet
  facet normal -8.454233e-01 5.312146e-01 5.541197e-02
    outer loop
      vertex   5.410909e+01 -1.318390e+01 3.035000e+02
      vertex   5.410387e+01 -1.318390e+01 3.034205e+02
      vertex   5.404482e+01 -1.327870e+01 3.034283e+02
    endloop
  endfacet
  facet normal -8.454233e-01 5.312146e-01 5.541197e-02
    outer loop
      vertex   5.410909e+01 -1.318390e+01 3.035000e+02
      vertex   5.404482e+01 -1.327870e+01 3.034283e+02
      vertex   5.404952e+01 -1.327870e+01 3.035000e+02
    endloop
  endfacet
  facet normal -9.420822e-01 3.296488e-01 6.174733e-02
    outer loop
      vertex   5.404952e+01 -1.327870e+01 3.035000e+02
      vertex   5.404482e+01 -1.327870e+01 3.034283e+02
      vertex   5.400815e+01 -1.338438e+01 3.034331e+02
    endloop
  endfacet
  facet normal -9.420822e-01 3.296488e-01 6.174733e-02
    outer loop
      vertex   5.404952e+01 -1.327870e+01 3.035000e+02
      vertex   5.400815e+01 -1.338438e+01 3.034331e+02
      vertex   5.401254e+01 -1.338438e+01 3.035000e+02
    endloop
  endfacet
  facet normal -9.916112e-01 1.117277e-01 6.499363e-02
    outer loop
      vertex   5.401254e+01 -1.338438e+01 3.035000e+02
      vertex   5.400815e+01 -1.338438e+01 3.034331e+02
      vertex   5.400000e+01 -1.349564e+01 3.035000e+02
    endloop
  endfacet
  facet normal -9.840978e-01 1.387689e-01 1.108812e-01
    outer loop
      vertex   5.400000e+01 -1.349564e+01 3.035000e+02
      vertex   5.400815e+01 -1.338438e+01 3.034331e+02
      vertex   5.398746e+01 -1.349564e+01 3.033887e+02
    endloop
  endfacet
  facet normal -9.754657e-01 1.040104e-01 1.940322e-01
    outer loop
      vertex   5.398746e+01 -1.349564e+01 3.033887e+02
      vertex   5.400815e+01 -1.338438e+01 3.034331e+02
      vertex   5.399507e+01 -1.338438e+01 3.033673e+02
    endloop
  endfacet
  facet normal -9.394366e-01 1.255560e-01 3.188958e-01
    outer loop
      vertex   5.398746e+01 -1.349564e+01 3.033887e+02
      vertex   5.399507e+01 -1.338438e+01 3.033673e+02
      vertex   5.397352e+01 -1.338438e+01 3.033039e+02
    endloop
  endfacet
  facet normal -8.940002e-01 3.296488e-01 3.034722e-01
    outer loop
      vertex   5.397352e+01 -1.338438e+01 3.033039e+02
      vertex   5.399507e+01 -1.338438e+01 3.033673e+02
      vertex   5.403079e+01 -1.327870e+01 3.033578e+02
    endloop
  endfacet
  facet normal -8.940002e-01 3.296488e-01 3.034722e-01
    outer loop
      vertex   5.397352e+01 -1.338438e+01 3.033039e+02
      vertex   5.403079e+01 -1.327870e+01 3.033578e+02
      vertex   5.400769e+01 -1.327870e+01 3.032897e+02
    endloop
  endfacet
  facet normal -8.022745e-01 5.312146e-01 2.723355e-01
    outer loop
      vertex   5.400769e+01 -1.327870e+01 3.032897e+02
      vertex   5.403079e+01 -1.327870e+01 3.033578e+02
      vertex   5.408833e+01 -1.318390e+01 3.033424e+02
    endloop
  endfacet
  facet normal -8.022745e-01 5.312146e-01 2.723355e-01
    outer loop
      vertex   5.400769e+01 -1.327870e+01 3.032897e+02
      vertex   5.408833e+01 -1.318390e+01 3.033424e+02
      vertex   5.406272e+01 -1.318390e+01 3.032669e+02
    endloop
  endfacet
  facet normal -6.702979e-01 7.063486e-01 2.275355e-01
    outer loop
      vertex   5.406272e+01 -1.318390e+01 3.032669e+02
      vertex   5.408833e+01 -1.318390e+01 3.033424e+02
      vertex   5.416480e+01 -1.310473e+01 3.033219e+02
    endloop
  endfacet
  facet normal -6.702979e-01 7.063486e-01 2.275355e-01
    outer loop
      vertex   5.406272e+01 -1.318390e+01 3.032669e+02
      vertex   5.416480e+01 -1.310473e+01 3.033219e+02
      vertex   5.413587e+01 -1.310473e+01 3.032366e+02
    endloop
  endfacet
  facet normal -5.045715e-01 8.462099e-01 1.712789e-01
    outer loop
      vertex   5.413587e+01 -1.310473e+01 3.032366e+02
      vertex   5.416480e+01 -1.310473e+01 3.033219e+02
      vertex   5.425638e+01 -1.304516e+01 3.032973e+02
    endloop
  endfacet
  facet normal -5.045715e-01 8.462099e-01 1.712789e-01
    outer loop
      vertex   5.413587e+01 -1.310473e+01 3.032366e+02
      vertex   5.425638e+01 -1.304516e+01 3.032973e+02
      vertex   5.422345e+01 -1.304516e+01 3.032003e+02
    endloop
  endfacet
  facet normal -3.133488e-01 9.436622e-01 1.063676e-01
    outer loop
      vertex   5.422345e+01 -1.304516e+01 3.032003e+02
      vertex   5.425638e+01 -1.304516e+01 3.032973e+02
      vertex   5.435846e+01 -1.300818e+01 3.032700e+02
    endloop
  endfacet
  facet normal -3.133488e-01 9.436622e-01 1.063676e-01
    outer loop
      vertex   5.422345e+01 -1.304516e+01 3.032003e+02
      vertex   5.435846e+01 -1.300818e+01 3.032700e+02
      vertex   5.432109e+01 -1.300818e+01 3.031599e+02
    endloop
  endfacet
  facet normal -4.698955e-01 7.907841e-01 3.922484e-01
    outer loop
      vertex   5.389013e+01 -1.315548e+01 3.030000e+02
      vertex   5.398667e+01 -1.310473e+01 3.030133e+02
      vertex   5.399669e+01 -1.309216e+01 3.030000e+02
    endloop
  endfacet
  facet normal -4.586388e-01 7.923845e-01 4.022154e-01
    outer loop
      vertex   5.399669e+01 -1.309216e+01 3.030000e+02
      vertex   5.398667e+01 -1.310473e+01 3.030133e+02
      vertex   5.404603e+01 -1.310473e+01 3.030810e+02
    endloop
  endfacet
  facet normal -3.877644e-01 8.454274e-01 3.672754e-01
    outer loop
      vertex   5.399669e+01 -1.309216e+01 3.030000e+02
      vertex   5.404603e+01 -1.310473e+01 3.030810e+02
      vertex   5.412124e+01 -1.304516e+01 3.030233e+02
    endloop
  endfacet
  facet normal -4.430484e-01 8.462099e-01 2.960355e-01
    outer loop
      vertex   5.412124e+01 -1.304516e+01 3.030233e+02
      vertex   5.404603e+01 -1.310473e+01 3.030810e+02
      vertex   5.417815e+01 -1.304516e+01 3.031085e+02
    endloop
  endfacet
  facet normal -4.917875e-01 6.659800e-01 5.609062e-01
    outer loop
      vertex   5.378590e+01 -1.323245e+01 3.030000e+02
      vertex   5.387079e+01 -1.318390e+01 3.030168e+02
      vertex   5.389013e+01 -1.315548e+01 3.030000e+02
    endloop
  endfacet
  facet normal -4.918485e-01 6.659858e-01 5.608457e-01
    outer loop
      vertex   5.389013e+01 -1.315548e+01 3.030000e+02
      vertex   5.387079e+01 -1.318390e+01 3.030168e+02
      vertex   5.393069e+01 -1.318390e+01 3.030693e+02
    endloop
  endfacet
  facet normal -4.467602e-01 7.052002e-01 5.505434e-01
    outer loop
      vertex   5.389013e+01 -1.315548e+01 3.030000e+02
      vertex   5.393069e+01 -1.318390e+01 3.030693e+02
      vertex   5.398667e+01 -1.310473e+01 3.030133e+02
    endloop
  endfacet
  facet normal -5.322005e-01 7.063486e-01 4.667273e-01
    outer loop
      vertex   5.398667e+01 -1.310473e+01 3.030133e+02
      vertex   5.393069e+01 -1.318390e+01 3.030693e+02
      vertex   5.404603e+01 -1.310473e+01 3.030810e+02
    endloop
  endfacet
  facet normal -4.227722e-01 4.968421e-01 7.578995e-01
    outer loop
      vertex   5.368518e+01 -1.331815e+01 3.030000e+02
      vertex   5.377476e+01 -1.327870e+01 3.030241e+02
      vertex   5.378590e+01 -1.323245e+01 3.030000e+02
    endloop
  endfacet
  facet normal -4.832535e-01 4.933456e-01 7.232400e-01
    outer loop
      vertex   5.378590e+01 -1.323245e+01 3.030000e+02
      vertex   5.377476e+01 -1.327870e+01 3.030241e+02
      vertex   5.383452e+01 -1.327870e+01 3.030640e+02
    endloop
  endfacet
  facet normal -4.457727e-01 5.300860e-01 7.213151e-01
    outer loop
      vertex   5.378590e+01 -1.323245e+01 3.030000e+02
      vertex   5.383452e+01 -1.327870e+01 3.030640e+02
      vertex   5.387079e+01 -1.318390e+01 3.030168e+02
    endloop
  endfacet
  facet normal -5.586223e-01 5.312146e-01 6.369867e-01
    outer loop
      vertex   5.387079e+01 -1.318390e+01 3.030168e+02
      vertex   5.383452e+01 -1.327870e+01 3.030640e+02
      vertex   5.393069e+01 -1.318390e+01 3.030693e+02
    endloop
  endfacet
  facet normal -2.732042e-01 2.850415e-01 9.187550e-01
    outer loop
      vertex   5.350000e+01 -1.349564e+01 3.030000e+02
      vertex   5.363265e+01 -1.338438e+01 3.030049e+02
      vertex   5.368518e+01 -1.331815e+01 3.030000e+02
    endloop
  endfacet
  facet normal -3.056645e-01 3.094242e-01 9.004587e-01
    outer loop
      vertex   5.368518e+01 -1.331815e+01 3.030000e+02
      vertex   5.363265e+01 -1.338438e+01 3.030049e+02
      vertex   5.369614e+01 -1.338438e+01 3.030265e+02
    endloop
  endfacet
  facet normal -4.253081e-01 2.744285e-01 8.624396e-01
    outer loop
      vertex   5.368518e+01 -1.331815e+01 3.030000e+02
      vertex   5.369614e+01 -1.338438e+01 3.030265e+02
      vertex   5.375627e+01 -1.338438e+01 3.030561e+02
    endloop
  endfacet
  facet normal -4.399608e-01 1.024641e-01 8.921522e-01
    outer loop
      vertex   5.375627e+01 -1.338438e+01 3.030561e+02
      vertex   5.369614e+01 -1.338438e+01 3.030265e+02
      vertex   5.371694e+01 -1.349564e+01 3.030495e+02
    endloop
  endfacet
  facet normal -5.270581e-01 1.364212e-01 8.388081e-01
    outer loop
      vertex   5.375627e+01 -1.338438e+01 3.030561e+02
      vertex   5.371694e+01 -1.349564e+01 3.030495e+02
      vertex   5.381175e+01 -1.349564e+01 3.031091e+02
    endloop
  endfacet
  facet normal -1.115189e-01 8.912168e-02 9.897580e-01
    outer loop
      vertex   5.350000e+01 -1.349564e+01 3.030000e+02
      vertex   5.361126e+01 -1.349564e+01 3.030125e+02
      vertex   5.363265e+01 -1.338438e+01 3.030049e+02
    endloop
  endfacet
  facet normal -3.276042e-01 1.270119e-01 9.362390e-01
    outer loop
      vertex   5.363265e+01 -1.338438e+01 3.030049e+02
      vertex   5.361126e+01 -1.349564e+01 3.030125e+02
      vertex   5.371694e+01 -1.349564e+01 3.030495e+02
    endloop
  endfacet
  facet normal -3.185088e-01 1.347269e-01 9.382967e-01
    outer loop
      vertex   5.363265e+01 -1.338438e+01 3.030049e+02
      vertex   5.371694e+01 -1.349564e+01 3.030495e+02
      vertex   5.369614e+01 -1.338438e+01 3.030265e+02
    endloop
  endfacet
  facet normal -7.001877e-01 1.395510e-01 7.001877e-01
    outer loop
      vertex   5.389092e+01 -1.349564e+01 3.031883e+02
      vertex   5.386242e+01 -1.338438e+01 3.031376e+02
      vertex   5.381175e+01 -1.349564e+01 3.031091e+02
    endloop
  endfacet
  facet normal -6.555534e-01 1.071002e-01 7.475154e-01
    outer loop
      vertex   5.381175e+01 -1.349564e+01 3.031091e+02
      vertex   5.386242e+01 -1.338438e+01 3.031376e+02
      vertex   5.381201e+01 -1.338438e+01 3.030934e+02
    endloop
  endfacet
  facet normal -5.516965e-01 1.178840e-01 8.256721e-01
    outer loop
      vertex   5.381175e+01 -1.349564e+01 3.031091e+02
      vertex   5.381201e+01 -1.338438e+01 3.030934e+02
      vertex   5.375627e+01 -1.338438e+01 3.030561e+02
    endloop
  endfacet
  facet normal -5.245159e-01 3.296488e-01 7.849935e-01
    outer loop
      vertex   5.375627e+01 -1.338438e+01 3.030561e+02
      vertex   5.381201e+01 -1.338438e+01 3.030934e+02
      vertex   5.383452e+01 -1.327870e+01 3.030640e+02
    endloop
  endfacet
  facet normal -5.245159e-01 3.296488e-01 7.849935e-01
    outer loop
      vertex   5.375627e+01 -1.338438e+01 3.030561e+02
      vertex   5.383452e+01 -1.327870e+01 3.030640e+02
      vertex   5.377476e+01 -1.327870e+01 3.030241e+02
    endloop
  endfacet
  facet normal -7.475154e-01 1.071002e-01 6.555534e-01
    outer loop
      vertex   5.386242e+01 -1.338438e+01 3.031376e+02
      vertex   5.389092e+01 -1.349564e+01 3.031883e+02
      vertex   5.390662e+01 -1.338438e+01 3.031880e+02
    endloop
  endfacet
  facet normal -8.406122e-01 1.199366e-01 5.281916e-01
    outer loop
      vertex   5.390662e+01 -1.338438e+01 3.031880e+02
      vertex   5.389092e+01 -1.349564e+01 3.031883e+02
      vertex   5.395049e+01 -1.349564e+01 3.032831e+02
    endloop
  endfacet
  facet normal -8.226367e-01 1.453745e-01 5.496682e-01
    outer loop
      vertex   5.390662e+01 -1.338438e+01 3.031880e+02
      vertex   5.395049e+01 -1.349564e+01 3.032831e+02
      vertex   5.394387e+01 -1.338438e+01 3.032437e+02
    endloop
  endfacet
  facet normal -8.921522e-01 1.024641e-01 4.399608e-01
    outer loop
      vertex   5.394387e+01 -1.338438e+01 3.032437e+02
      vertex   5.395049e+01 -1.349564e+01 3.032831e+02
      vertex   5.397352e+01 -1.338438e+01 3.033039e+02
    endloop
  endfacet
  facet normal -8.467408e-01 3.296488e-01 4.175664e-01
    outer loop
      vertex   5.394387e+01 -1.338438e+01 3.032437e+02
      vertex   5.397352e+01 -1.338438e+01 3.033039e+02
      vertex   5.400769e+01 -1.327870e+01 3.032897e+02
    endloop
  endfacet
  facet normal -9.355606e-01 1.325042e-01 3.273668e-01
    outer loop
      vertex   5.395049e+01 -1.349564e+01 3.032831e+02
      vertex   5.398746e+01 -1.349564e+01 3.033887e+02
      vertex   5.397352e+01 -1.338438e+01 3.033039e+02
    endloop
  endfacet
  facet normal -7.849935e-01 3.296488e-01 5.245159e-01
    outer loop
      vertex   5.394387e+01 -1.338438e+01 3.032437e+02
      vertex   5.397590e+01 -1.327870e+01 3.032252e+02
      vertex   5.390662e+01 -1.338438e+01 3.031880e+02
    endloop
  endfacet
  facet normal -7.849935e-01 3.296488e-01 5.245159e-01
    outer loop
      vertex   5.390662e+01 -1.338438e+01 3.031880e+02
      vertex   5.397590e+01 -1.327870e+01 3.032252e+02
      vertex   5.393596e+01 -1.327870e+01 3.031655e+02
    endloop
  endfacet
  facet normal -7.098147e-01 3.296488e-01 6.224908e-01
    outer loop
      vertex   5.390662e+01 -1.338438e+01 3.031880e+02
      vertex   5.393596e+01 -1.327870e+01 3.031655e+02
      vertex   5.386242e+01 -1.338438e+01 3.031376e+02
    endloop
  endfacet
  facet normal -7.098147e-01 3.296488e-01 6.224908e-01
    outer loop
      vertex   5.386242e+01 -1.338438e+01 3.031376e+02
      vertex   5.393596e+01 -1.327870e+01 3.031655e+02
      vertex   5.388857e+01 -1.327870e+01 3.031114e+02
    endloop
  endfacet
  facet normal -6.224908e-01 3.296488e-01 7.098147e-01
    outer loop
      vertex   5.386242e+01 -1.338438e+01 3.031376e+02
      vertex   5.388857e+01 -1.327870e+01 3.031114e+02
      vertex   5.381201e+01 -1.338438e+01 3.030934e+02
    endloop
  endfacet
  facet normal -6.224908e-01 3.296488e-01 7.098147e-01
    outer loop
      vertex   5.381201e+01 -1.338438e+01 3.030934e+02
      vertex   5.388857e+01 -1.327870e+01 3.031114e+02
      vertex   5.383452e+01 -1.327870e+01 3.030640e+02
    endloop
  endfacet
  facet normal -7.044520e-01 5.312146e-01 4.706998e-01
    outer loop
      vertex   5.397590e+01 -1.327870e+01 3.032252e+02
      vertex   5.402748e+01 -1.318390e+01 3.031955e+02
      vertex   5.393596e+01 -1.327870e+01 3.031655e+02
    endloop
  endfacet
  facet normal -7.044520e-01 5.312146e-01 4.706998e-01
    outer loop
      vertex   5.393596e+01 -1.327870e+01 3.031655e+02
      vertex   5.402748e+01 -1.318390e+01 3.031955e+02
      vertex   5.398322e+01 -1.318390e+01 3.031292e+02
    endloop
  endfacet
  facet normal -6.369867e-01 5.312146e-01 5.586223e-01
    outer loop
      vertex   5.393596e+01 -1.327870e+01 3.031655e+02
      vertex   5.398322e+01 -1.318390e+01 3.031292e+02
      vertex   5.388857e+01 -1.327870e+01 3.031114e+02
    endloop
  endfacet
  facet normal -6.369867e-01 5.312146e-01 5.586223e-01
    outer loop
      vertex   5.388857e+01 -1.327870e+01 3.031114e+02
      vertex   5.398322e+01 -1.318390e+01 3.031292e+02
      vertex   5.393069e+01 -1.318390e+01 3.030693e+02
    endloop
  endfacet
  facet normal -5.586223e-01 5.312146e-01 6.369867e-01
    outer loop
      vertex   5.388857e+01 -1.327870e+01 3.031114e+02
      vertex   5.393069e+01 -1.318390e+01 3.030693e+02
      vertex   5.383452e+01 -1.327870e+01 3.030640e+02
    endloop
  endfacet
  facet normal -8.467408e-01 3.296488e-01 4.175664e-01
    outer loop
      vertex   5.394387e+01 -1.338438e+01 3.032437e+02
      vertex   5.400769e+01 -1.327870e+01 3.032897e+02
      vertex   5.397590e+01 -1.327870e+01 3.032252e+02
    endloop
  endfacet
  facet normal -7.598640e-01 5.312146e-01 3.747235e-01
    outer loop
      vertex   5.397590e+01 -1.327870e+01 3.032252e+02
      vertex   5.400769e+01 -1.327870e+01 3.032897e+02
      vertex   5.406272e+01 -1.318390e+01 3.032669e+02
    endloop
  endfacet
  facet normal -7.598640e-01 5.312146e-01 3.747235e-01
    outer loop
      vertex   5.397590e+01 -1.327870e+01 3.032252e+02
      vertex   5.406272e+01 -1.318390e+01 3.032669e+02
      vertex   5.402748e+01 -1.318390e+01 3.031955e+02
    endloop
  endfacet
  facet normal -6.348641e-01 7.063486e-01 3.130803e-01
    outer loop
      vertex   5.402748e+01 -1.318390e+01 3.031955e+02
      vertex   5.406272e+01 -1.318390e+01 3.032669e+02
      vertex   5.413587e+01 -1.310473e+01 3.032366e+02
    endloop
  endfacet
  facet normal -6.348641e-01 7.063486e-01 3.130803e-01
    outer loop
      vertex   5.402748e+01 -1.318390e+01 3.031955e+02
      vertex   5.413587e+01 -1.310473e+01 3.032366e+02
      vertex   5.409605e+01 -1.310473e+01 3.031559e+02
    endloop
  endfacet
  facet normal -4.778984e-01 8.462099e-01 2.356734e-01
    outer loop
      vertex   5.409605e+01 -1.310473e+01 3.031559e+02
      vertex   5.413587e+01 -1.310473e+01 3.032366e+02
      vertex   5.422345e+01 -1.304516e+01 3.032003e+02
    endloop
  endfacet
  facet normal -4.778984e-01 8.462099e-01 2.356734e-01
    outer loop
      vertex   5.409605e+01 -1.310473e+01 3.031559e+02
      vertex   5.422345e+01 -1.304516e+01 3.032003e+02
      vertex   5.417815e+01 -1.304516e+01 3.031085e+02
    endloop
  endfacet
  facet normal -2.967843e-01 9.436622e-01 1.463578e-01
    outer loop
      vertex   5.417815e+01 -1.304516e+01 3.031085e+02
      vertex   5.422345e+01 -1.304516e+01 3.032003e+02
      vertex   5.432109e+01 -1.300818e+01 3.031599e+02
    endloop
  endfacet
  facet normal -5.885675e-01 7.063486e-01 3.932683e-01
    outer loop
      vertex   5.402748e+01 -1.318390e+01 3.031955e+02
      vertex   5.409605e+01 -1.310473e+01 3.031559e+02
      vertex   5.398322e+01 -1.318390e+01 3.031292e+02
    endloop
  endfacet
  facet normal -5.885675e-01 7.063486e-01 3.932683e-01
    outer loop
      vertex   5.398322e+01 -1.318390e+01 3.031292e+02
      vertex   5.409605e+01 -1.310473e+01 3.031559e+02
      vertex   5.404603e+01 -1.310473e+01 3.030810e+02
    endloop
  endfacet
  facet normal -5.322005e-01 7.063486e-01 4.667273e-01
    outer loop
      vertex   5.398322e+01 -1.318390e+01 3.031292e+02
      vertex   5.404603e+01 -1.310473e+01 3.030810e+02
      vertex   5.393069e+01 -1.318390e+01 3.030693e+02
    endloop
  endfacet
  facet normal -4.430484e-01 8.462099e-01 2.960355e-01
    outer loop
      vertex   5.409605e+01 -1.310473e+01 3.031559e+02
      vertex   5.417815e+01 -1.304516e+01 3.031085e+02
      vertex   5.404603e+01 -1.310473e+01 3.030810e+02
    endloop
  endfacet
  facet normal -3.776232e-01 3.284237e-01 8.657590e-01
    outer loop
      vertex   5.375627e+01 -1.338438e+01 3.030561e+02
      vertex   5.377476e+01 -1.327870e+01 3.030241e+02
      vertex   5.368518e+01 -1.331815e+01 3.030000e+02
    endloop
  endfacet
  facet normal -9.259629e-01 3.296488e-01 1.841855e-01
    outer loop
      vertex   5.403079e+01 -1.327870e+01 3.033578e+02
      vertex   5.399507e+01 -1.338438e+01 3.033673e+02
      vertex   5.404482e+01 -1.327870e+01 3.034283e+02
    endloop
  endfacet
  facet normal -9.259629e-01 3.296488e-01 1.841855e-01
    outer loop
      vertex   5.404482e+01 -1.327870e+01 3.034283e+02
      vertex   5.399507e+01 -1.338438e+01 3.033673e+02
      vertex   5.400815e+01 -1.338438e+01 3.034331e+02
    endloop
  endfacet
  facet normal -8.309578e-01 5.312146e-01 1.652878e-01
    outer loop
      vertex   5.408833e+01 -1.318390e+01 3.033424e+02
      vertex   5.403079e+01 -1.327870e+01 3.033578e+02
      vertex   5.410387e+01 -1.318390e+01 3.034205e+02
    endloop
  endfacet
  facet normal -8.309578e-01 5.312146e-01 1.652878e-01
    outer loop
      vertex   5.410387e+01 -1.318390e+01 3.034205e+02
      vertex   5.403079e+01 -1.327870e+01 3.033578e+02
      vertex   5.404482e+01 -1.327870e+01 3.034283e+02
    endloop
  endfacet
  facet normal -6.942628e-01 7.063486e-01 1.380974e-01
    outer loop
      vertex   5.416480e+01 -1.310473e+01 3.033219e+02
      vertex   5.408833e+01 -1.318390e+01 3.033424e+02
      vertex   5.418237e+01 -1.310473e+01 3.034102e+02
    endloop
  endfacet
  facet normal -6.942628e-01 7.063486e-01 1.380974e-01
    outer loop
      vertex   5.418237e+01 -1.310473e+01 3.034102e+02
      vertex   5.408833e+01 -1.318390e+01 3.033424e+02
      vertex   5.410387e+01 -1.318390e+01 3.034205e+02
    endloop
  endfacet
  facet normal -5.226112e-01 8.462099e-01 1.039538e-01
    outer loop
      vertex   5.425638e+01 -1.304516e+01 3.032973e+02
      vertex   5.416480e+01 -1.310473e+01 3.033219e+02
      vertex   5.427636e+01 -1.304516e+01 3.033978e+02
    endloop
  endfacet
  facet normal -5.226112e-01 8.462099e-01 1.039538e-01
    outer loop
      vertex   5.427636e+01 -1.304516e+01 3.033978e+02
      vertex   5.416480e+01 -1.310473e+01 3.033219e+02
      vertex   5.418237e+01 -1.310473e+01 3.034102e+02
    endloop
  endfacet
  facet normal -3.245519e-01 9.436622e-01 6.455738e-02
    outer loop
      vertex   5.435846e+01 -1.300818e+01 3.032700e+02
      vertex   5.425638e+01 -1.304516e+01 3.032973e+02
      vertex   5.438114e+01 -1.300818e+01 3.033840e+02
    endloop
  endfacet
  facet normal -3.245519e-01 9.436622e-01 6.455738e-02
    outer loop
      vertex   5.438114e+01 -1.300818e+01 3.033840e+02
      vertex   5.425638e+01 -1.304516e+01 3.032973e+02
      vertex   5.427636e+01 -1.304516e+01 3.033978e+02
    endloop
  endfacet
  facet normal -9.937122e-01 0.000000e+00 1.119645e-01
    outer loop
      vertex   5.400000e+01 -1.349564e+01 3.055000e+02
      vertex   5.400000e+01 -1.449564e+01 3.055000e+02
      vertex   5.401254e+01 -1.349564e+01 3.056113e+02
    endloop
  endfacet
  facet normal -9.937122e-01 -1.412150e-14 1.119645e-01
    outer loop
      vertex   5.401254e+01 -1.349564e+01 3.056113e+02
      vertex   5.400000e+01 -1.449564e+01 3.055000e+02
      vertex   5.401254e+01 -1.449564e+01 3.056113e+02
    endloop
  endfacet
  facet normal -9.438833e-01 -1.341339e-14 3.302791e-01
    outer loop
      vertex   5.401254e+01 -1.349564e+01 3.056113e+02
      vertex   5.401254e+01 -1.449564e+01 3.056113e+02
      vertex   5.404952e+01 -1.349564e+01 3.057169e+02
    endloop
  endfacet
  facet normal -9.438833e-01 -6.706694e-15 3.302791e-01
    outer loop
      vertex   5.404952e+01 -1.349564e+01 3.057169e+02
      vertex   5.401254e+01 -1.449564e+01 3.056113e+02
      vertex   5.404952e+01 -1.449564e+01 3.057169e+02
    endloop
  endfacet
  facet normal -8.467242e-01 -6.016337e-15 5.320321e-01
    outer loop
      vertex   5.404952e+01 -1.349564e+01 3.057169e+02
      vertex   5.404952e+01 -1.449564e+01 3.057169e+02
      vertex   5.410909e+01 -1.349564e+01 3.058117e+02
    endloop
  endfacet
  facet normal -8.467242e-01 -1.203267e-14 5.320321e-01
    outer loop
      vertex   5.410909e+01 -1.349564e+01 3.058117e+02
      vertex   5.404952e+01 -1.449564e+01 3.057169e+02
      vertex   5.410909e+01 -1.449564e+01 3.058117e+02
    endloop
  endfacet
  facet normal -7.071068e-01 -1.004859e-14 7.071068e-01
    outer loop
      vertex   5.410909e+01 -1.349564e+01 3.058117e+02
      vertex   5.410909e+01 -1.449564e+01 3.058117e+02
      vertex   5.418826e+01 -1.349564e+01 3.058909e+02
    endloop
  endfacet
  facet normal -7.071068e-01 0.000000e+00 7.071068e-01
    outer loop
      vertex   5.418826e+01 -1.349564e+01 3.058909e+02
      vertex   5.410909e+01 -1.449564e+01 3.058117e+02
      vertex   5.418826e+01 -1.449564e+01 3.058909e+02
    endloop
  endfacet
  facet normal -5.320321e-01 0.000000e+00 8.467242e-01
    outer loop
      vertex   5.418826e+01 -1.349564e+01 3.058909e+02
      vertex   5.418826e+01 -1.449564e+01 3.058909e+02
      vertex   5.428306e+01 -1.349564e+01 3.059505e+02
    endloop
  endfacet
  facet normal -5.320321e-01 -3.780315e-15 8.467242e-01
    outer loop
      vertex   5.428306e+01 -1.349564e+01 3.059505e+02
      vertex   5.418826e+01 -1.449564e+01 3.058909e+02
      vertex   5.428306e+01 -1.449564e+01 3.059505e+02
    endloop
  endfacet
  facet normal -3.302791e-01 -2.346774e-15 9.438833e-01
    outer loop
      vertex   5.428306e+01 -1.349564e+01 3.059505e+02
      vertex   5.428306e+01 -1.449564e+01 3.059505e+02
      vertex   5.438874e+01 -1.349564e+01 3.059875e+02
    endloop
  endfacet
  facet normal -3.302791e-01 -5.834710e-14 9.438833e-01
    outer loop
      vertex   5.438874e+01 -1.349564e+01 3.059875e+02
      vertex   5.428306e+01 -1.449564e+01 3.059505e+02
      vertex   5.438874e+01 -1.449564e+01 3.059875e+02
    endloop
  endfacet
  facet normal -1.119645e-01 -5.807711e-14 9.937122e-01
    outer loop
      vertex   5.438874e+01 -1.349564e+01 3.059875e+02
      vertex   5.438874e+01 -1.449564e+01 3.059875e+02
      vertex   5.450000e+01 -1.349564e+01 3.060000e+02
    endloop
  endfacet
  facet normal -1.119645e-01 0.000000e+00 9.937122e-01
    outer loop
      vertex   5.450000e+01 -1.349564e+01 3.060000e+02
      vertex   5.438874e+01 -1.449564e+01 3.059875e+02
      vertex   5.450000e+01 -1.449564e+01 3.060000e+02
    endloop
  endfacet
  facet normal 4.947830e-02 1.118273e-01 9.924951e-01
    outer loop
      vertex   5.850000e+01 -1.338438e+01 3.059875e+02
      vertex   5.850000e+01 -1.349564e+01 3.060000e+02
      vertex   5.858561e+01 -1.343941e+01 3.059894e+02
    endloop
  endfacet
  facet normal 1.119484e-01 1.691982e-02 9.935700e-01
    outer loop
      vertex   5.858561e+01 -1.343941e+01 3.059894e+02
      vertex   5.850000e+01 -1.349564e+01 3.060000e+02
      vertex   5.861126e+01 -1.349564e+01 3.059875e+02
    endloop
  endfacet
  facet normal 2.819474e-01 9.580134e-02 9.546349e-01
    outer loop
      vertex   5.858561e+01 -1.343941e+01 3.059894e+02
      vertex   5.861126e+01 -1.349564e+01 3.059875e+02
      vertex   5.867824e+01 -1.340834e+01 3.059589e+02
    endloop
  endfacet
  facet normal 3.297769e-01 5.512306e-02 9.424482e-01
    outer loop
      vertex   5.867824e+01 -1.340834e+01 3.059589e+02
      vertex   5.861126e+01 -1.349564e+01 3.059875e+02
      vertex   5.871694e+01 -1.349564e+01 3.059505e+02
    endloop
  endfacet
  facet normal 4.648120e-01 1.212963e-01 8.770616e-01
    outer loop
      vertex   5.867824e+01 -1.340834e+01 3.059589e+02
      vertex   5.871694e+01 -1.349564e+01 3.059505e+02
      vertex   5.876593e+01 -1.338906e+01 3.059098e+02
    endloop
  endfacet
  facet normal 5.303873e-01 7.857234e-02 8.441065e-01
    outer loop
      vertex   5.876593e+01 -1.338906e+01 3.059098e+02
      vertex   5.871694e+01 -1.349564e+01 3.059505e+02
      vertex   5.881175e+01 -1.349564e+01 3.058909e+02
    endloop
  endfacet
  facet normal 6.278580e-01 1.341783e-01 7.666750e-01
    outer loop
      vertex   5.876593e+01 -1.338906e+01 3.059098e+02
      vertex   5.881175e+01 -1.349564e+01 3.058909e+02
      vertex   5.884439e+01 -1.338253e+01 3.058444e+02
    endloop
  endfacet
  facet normal 7.044576e-01 8.648087e-02 7.044576e-01
    outer loop
      vertex   5.884439e+01 -1.338253e+01 3.058444e+02
      vertex   5.881175e+01 -1.349564e+01 3.058909e+02
      vertex   5.889092e+01 -1.349564e+01 3.058117e+02
    endloop
  endfacet
  facet normal 7.666750e-01 1.341783e-01 6.278580e-01
    outer loop
      vertex   5.884439e+01 -1.338253e+01 3.058444e+02
      vertex   5.889092e+01 -1.349564e+01 3.058117e+02
      vertex   5.890978e+01 -1.338906e+01 3.057659e+02
    endloop
  endfacet
  facet normal 8.441065e-01 7.857234e-02 5.303873e-01
    outer loop
      vertex   5.890978e+01 -1.338906e+01 3.057659e+02
      vertex   5.889092e+01 -1.349564e+01 3.058117e+02
      vertex   5.895049e+01 -1.349564e+01 3.057169e+02
    endloop
  endfacet
  facet normal 8.770616e-01 1.212963e-01 4.648120e-01
    outer loop
      vertex   5.890978e+01 -1.338906e+01 3.057659e+02
      vertex   5.895049e+01 -1.349564e+01 3.057169e+02
      vertex   5.895892e+01 -1.340834e+01 3.056782e+02
    endloop
  endfacet
  facet normal 9.424482e-01 5.512306e-02 3.297769e-01
    outer loop
      vertex   5.895892e+01 -1.340834e+01 3.056782e+02
      vertex   5.895049e+01 -1.349564e+01 3.057169e+02
      vertex   5.898746e+01 -1.349564e+01 3.056113e+02
    endloop
  endfacet
  facet normal 9.546349e-01 9.580134e-02 2.819474e-01
    outer loop
      vertex   5.895892e+01 -1.340834e+01 3.056782e+02
      vertex   5.898746e+01 -1.349564e+01 3.056113e+02
      vertex   5.898940e+01 -1.343941e+01 3.055856e+02
    endloop
  endfacet
  facet normal 9.935700e-01 1.691982e-02 1.119484e-01
    outer loop
      vertex   5.898940e+01 -1.343941e+01 3.055856e+02
      vertex   5.898746e+01 -1.349564e+01 3.056113e+02
      vertex   5.900000e+01 -1.349564e+01 3.055000e+02
    endloop
  endfacet
  facet normal 9.924951e-01 1.118273e-01 4.947830e-02
    outer loop
      vertex   5.898940e+01 -1.343941e+01 3.055856e+02
      vertex   5.900000e+01 -1.349564e+01 3.055000e+02
      vertex   5.898746e+01 -1.338438e+01 3.055000e+02
    endloop
  endfacet
  facet normal 9.714546e-01 2.089253e-01 1.123662e-01
    outer loop
      vertex   5.898940e+01 -1.343941e+01 3.055856e+02
      vertex   5.898746e+01 -1.338438e+01 3.055000e+02
      vertex   5.897257e+01 -1.333789e+01 3.055423e+02
    endloop
  endfacet
  facet normal 9.434386e-01 3.301235e-01 -3.069241e-02
    outer loop
      vertex   5.897257e+01 -1.333789e+01 3.055423e+02
      vertex   5.898746e+01 -1.338438e+01 3.055000e+02
      vertex   5.895049e+01 -1.327870e+01 3.055000e+02
    endloop
  endfacet
  facet normal 8.881289e-01 4.357867e-01 1.460032e-01
    outer loop
      vertex   5.897257e+01 -1.333789e+01 3.055423e+02
      vertex   5.895049e+01 -1.327870e+01 3.055000e+02
      vertex   5.894010e+01 -1.330477e+01 3.056410e+02
    endloop
  endfacet
  facet normal 8.799943e-01 4.512516e-01 1.482632e-01
    outer loop
      vertex   5.894010e+01 -1.330477e+01 3.056410e+02
      vertex   5.895049e+01 -1.327870e+01 3.055000e+02
      vertex   5.889933e+01 -1.321073e+01 3.055968e+02
    endloop
  endfacet
  facet normal 7.963437e-01 5.031745e-01 3.356370e-01
    outer loop
      vertex   5.894010e+01 -1.330477e+01 3.056410e+02
      vertex   5.889933e+01 -1.321073e+01 3.055968e+02
      vertex   5.888774e+01 -1.328424e+01 3.057344e+02
    endloop
  endfacet
  facet normal 7.963437e-01 5.031745e-01 3.356370e-01
    outer loop
      vertex   5.888774e+01 -1.328424e+01 3.057344e+02
      vertex   5.889933e+01 -1.321073e+01 3.055968e+02
      vertex   5.884636e+01 -1.318995e+01 3.056913e+02
    endloop
  endfacet
  facet normal 6.720519e-01 5.311800e-01 5.159399e-01
    outer loop
      vertex   5.888774e+01 -1.328424e+01 3.057344e+02
      vertex   5.884636e+01 -1.318995e+01 3.056913e+02
      vertex   5.881805e+01 -1.327728e+01 3.058181e+02
    endloop
  endfacet
  facet normal 6.720519e-01 5.311800e-01 5.159399e-01
    outer loop
      vertex   5.881805e+01 -1.327728e+01 3.058181e+02
      vertex   5.884636e+01 -1.318995e+01 3.056913e+02
      vertex   5.877586e+01 -1.318291e+01 3.057759e+02
    endloop
  endfacet
  facet normal 5.159399e-01 5.311800e-01 6.720519e-01
    outer loop
      vertex   5.881805e+01 -1.327728e+01 3.058181e+02
      vertex   5.877586e+01 -1.318291e+01 3.057759e+02
      vertex   5.873445e+01 -1.328424e+01 3.058877e+02
    endloop
  endfacet
  facet normal 5.159399e-01 5.311800e-01 6.720519e-01
    outer loop
      vertex   5.873445e+01 -1.328424e+01 3.058877e+02
      vertex   5.877586e+01 -1.318291e+01 3.057759e+02
      vertex   5.869128e+01 -1.318995e+01 3.058464e+02
    endloop
  endfacet
  facet normal 3.356370e-01 5.031745e-01 7.963437e-01
    outer loop
      vertex   5.873445e+01 -1.328424e+01 3.058877e+02
      vertex   5.869128e+01 -1.318995e+01 3.058464e+02
      vertex   5.864101e+01 -1.330477e+01 3.059401e+02
    endloop
  endfacet
  facet normal 3.356370e-01 5.031745e-01 7.963437e-01
    outer loop
      vertex   5.864101e+01 -1.330477e+01 3.059401e+02
      vertex   5.869128e+01 -1.318995e+01 3.058464e+02
      vertex   5.859675e+01 -1.321073e+01 3.058993e+02
    endloop
  endfacet
  facet normal 1.482632e-01 4.512516e-01 8.799943e-01
    outer loop
      vertex   5.864101e+01 -1.330477e+01 3.059401e+02
      vertex   5.859675e+01 -1.321073e+01 3.058993e+02
      vertex   5.850000e+01 -1.327870e+01 3.059505e+02
    endloop
  endfacet
  facet normal 7.371693e-02 5.305845e-01 8.444204e-01
    outer loop
      vertex   5.850000e+01 -1.327870e+01 3.059505e+02
      vertex   5.859675e+01 -1.321073e+01 3.058993e+02
      vertex   5.850000e+01 -1.318390e+01 3.058909e+02
    endloop
  endfacet
  facet normal 1.129028e-01 6.442957e-01 7.563967e-01
    outer loop
      vertex   5.850000e+01 -1.318390e+01 3.058909e+02
      vertex   5.859675e+01 -1.321073e+01 3.058993e+02
      vertex   5.854767e+01 -1.313089e+01 3.058386e+02
    endloop
  endfacet
  facet normal -1.099908e-02 7.070640e-01 7.070640e-01
    outer loop
      vertex   5.850000e+01 -1.318390e+01 3.058909e+02
      vertex   5.854767e+01 -1.313089e+01 3.058386e+02
      vertex   5.850000e+01 -1.310473e+01 3.058117e+02
    endloop
  endfacet
  facet normal 1.334842e-01 8.182295e-01 5.591801e-01
    outer loop
      vertex   5.850000e+01 -1.310473e+01 3.058117e+02
      vertex   5.854767e+01 -1.313089e+01 3.058386e+02
      vertex   5.863857e+01 -1.311091e+01 3.057877e+02
    endloop
  endfacet
  facet normal 1.337161e-01 8.170722e-01 5.608146e-01
    outer loop
      vertex   5.850000e+01 -1.310473e+01 3.058117e+02
      vertex   5.863857e+01 -1.311091e+01 3.057877e+02
      vertex   5.857896e+01 -1.305105e+01 3.057147e+02
    endloop
  endfacet
  facet normal 3.011149e-01 8.431394e-01 4.454724e-01
    outer loop
      vertex   5.857896e+01 -1.305105e+01 3.057147e+02
      vertex   5.863857e+01 -1.311091e+01 3.057877e+02
      vertex   5.865300e+01 -1.304489e+01 3.056530e+02
    endloop
  endfacet
  facet normal 1.682005e-01 9.403510e-01 2.957172e-01
    outer loop
      vertex   5.857896e+01 -1.305105e+01 3.057147e+02
      vertex   5.865300e+01 -1.304489e+01 3.056530e+02
      vertex   5.857846e+01 -1.300811e+01 3.055785e+02
    endloop
  endfacet
  facet normal 2.957172e-01 9.403510e-01 1.682005e-01
    outer loop
      vertex   5.857846e+01 -1.300811e+01 3.055785e+02
      vertex   5.865300e+01 -1.304489e+01 3.056530e+02
      vertex   5.863101e+01 -1.301336e+01 3.055154e+02
    endloop
  endfacet
  facet normal 1.938518e-01 9.777486e-01 8.018181e-02
    outer loop
      vertex   5.857846e+01 -1.300811e+01 3.055785e+02
      vertex   5.863101e+01 -1.301336e+01 3.055154e+02
      vertex   5.861126e+01 -1.300818e+01 3.055000e+02
    endloop
  endfacet
  facet normal 3.284336e-01 9.386094e-01 -1.055642e-01
    outer loop
      vertex   5.861126e+01 -1.300818e+01 3.055000e+02
      vertex   5.863101e+01 -1.301336e+01 3.055154e+02
      vertex   5.871694e+01 -1.304516e+01 3.055000e+02
    endloop
  endfacet
  facet normal 3.584707e-01 9.301495e-01 7.950315e-02
    outer loop
      vertex   5.871694e+01 -1.304516e+01 3.055000e+02
      vertex   5.863101e+01 -1.301336e+01 3.055154e+02
      vertex   5.871471e+01 -1.305105e+01 3.055790e+02
    endloop
  endfacet
  facet normal 5.304134e-01 8.441482e-01 7.794539e-02
    outer loop
      vertex   5.871694e+01 -1.304516e+01 3.055000e+02
      vertex   5.871471e+01 -1.305105e+01 3.055790e+02
      vertex   5.881175e+01 -1.310473e+01 3.055000e+02
    endloop
  endfacet
  facet normal 5.608146e-01 8.170722e-01 1.337161e-01
    outer loop
      vertex   5.881175e+01 -1.310473e+01 3.055000e+02
      vertex   5.871471e+01 -1.305105e+01 3.055790e+02
      vertex   5.878771e+01 -1.311091e+01 3.056386e+02
    endloop
  endfacet
  facet normal 5.591801e-01 8.182295e-01 1.334842e-01
    outer loop
      vertex   5.881175e+01 -1.310473e+01 3.055000e+02
      vertex   5.878771e+01 -1.311091e+01 3.056386e+02
      vertex   5.883865e+01 -1.313089e+01 3.055477e+02
    endloop
  endfacet
  facet normal 6.955766e-01 6.768254e-01 2.409992e-01
    outer loop
      vertex   5.883865e+01 -1.313089e+01 3.055477e+02
      vertex   5.878771e+01 -1.311091e+01 3.056386e+02
      vertex   5.884636e+01 -1.318995e+01 3.056913e+02
    endloop
  endfacet
  facet normal 6.955766e-01 6.768254e-01 2.409992e-01
    outer loop
      vertex   5.883865e+01 -1.313089e+01 3.055477e+02
      vertex   5.884636e+01 -1.318995e+01 3.056913e+02
      vertex   5.889933e+01 -1.321073e+01 3.055968e+02
    endloop
  endfacet
  facet normal 8.444204e-01 5.305845e-01 7.371693e-02
    outer loop
      vertex   5.895049e+01 -1.327870e+01 3.055000e+02
      vertex   5.889092e+01 -1.318390e+01 3.055000e+02
      vertex   5.889933e+01 -1.321073e+01 3.055968e+02
    endloop
  endfacet
  facet normal 7.563967e-01 6.442957e-01 1.129028e-01
    outer loop
      vertex   5.889933e+01 -1.321073e+01 3.055968e+02
      vertex   5.889092e+01 -1.318390e+01 3.055000e+02
      vertex   5.883865e+01 -1.313089e+01 3.055477e+02
    endloop
  endfacet
  facet normal 7.070640e-01 7.070640e-01 -1.099908e-02
    outer loop
      vertex   5.889092e+01 -1.318390e+01 3.055000e+02
      vertex   5.881175e+01 -1.310473e+01 3.055000e+02
      vertex   5.883865e+01 -1.313089e+01 3.055477e+02
    endloop
  endfacet
  facet normal 1.118466e-01 9.926659e-01 4.587760e-02
    outer loop
      vertex   5.861126e+01 -1.300818e+01 3.055000e+02
      vertex   5.850000e+01 -1.299564e+01 3.055000e+02
      vertex   5.857846e+01 -1.300811e+01 3.055785e+02
    endloop
  endfacet
  facet normal 4.587760e-02 9.926659e-01 1.118466e-01
    outer loop
      vertex   5.857846e+01 -1.300811e+01 3.055785e+02
      vertex   5.850000e+01 -1.299564e+01 3.055000e+02
      vertex   5.850000e+01 -1.300818e+01 3.056113e+02
    endloop
  endfacet
  facet normal 8.018181e-02 9.777486e-01 1.938518e-01
    outer loop
      vertex   5.857846e+01 -1.300811e+01 3.055785e+02
      vertex   5.850000e+01 -1.300818e+01 3.056113e+02
      vertex   5.851540e+01 -1.301336e+01 3.056310e+02
    endloop
  endfacet
  facet normal -1.055642e-01 9.386094e-01 3.284336e-01
    outer loop
      vertex   5.851540e+01 -1.301336e+01 3.056310e+02
      vertex   5.850000e+01 -1.300818e+01 3.056113e+02
      vertex   5.850000e+01 -1.304516e+01 3.057169e+02
    endloop
  endfacet
  facet normal 7.950315e-02 9.301495e-01 3.584707e-01
    outer loop
      vertex   5.851540e+01 -1.301336e+01 3.056310e+02
      vertex   5.850000e+01 -1.304516e+01 3.057169e+02
      vertex   5.857896e+01 -1.305105e+01 3.057147e+02
    endloop
  endfacet
  facet normal 7.794539e-02 8.441482e-01 5.304134e-01
    outer loop
      vertex   5.857896e+01 -1.305105e+01 3.057147e+02
      vertex   5.850000e+01 -1.304516e+01 3.057169e+02
      vertex   5.850000e+01 -1.310473e+01 3.058117e+02
    endloop
  endfacet
  facet normal 1.460032e-01 4.357867e-01 8.881289e-01
    outer loop
      vertex   5.864101e+01 -1.330477e+01 3.059401e+02
      vertex   5.850000e+01 -1.327870e+01 3.059505e+02
      vertex   5.854231e+01 -1.333789e+01 3.059726e+02
    endloop
  endfacet
  facet normal -3.069241e-02 3.301235e-01 9.434386e-01
    outer loop
      vertex   5.854231e+01 -1.333789e+01 3.059726e+02
      vertex   5.850000e+01 -1.327870e+01 3.059505e+02
      vertex   5.850000e+01 -1.338438e+01 3.059875e+02
    endloop
  endfacet
  facet normal 1.123662e-01 2.089253e-01 9.714546e-01
    outer loop
      vertex   5.854231e+01 -1.333789e+01 3.059726e+02
      vertex   5.850000e+01 -1.338438e+01 3.059875e+02
      vertex   5.858561e+01 -1.343941e+01 3.059894e+02
    endloop
  endfacet
  facet normal 2.251165e-01 2.520005e-01 9.411792e-01
    outer loop
      vertex   5.864101e+01 -1.330477e+01 3.059401e+02
      vertex   5.854231e+01 -1.333789e+01 3.059726e+02
      vertex   5.858561e+01 -1.343941e+01 3.059894e+02
    endloop
  endfacet
  facet normal 4.137587e-01 3.046771e-01 8.578902e-01
    outer loop
      vertex   5.873445e+01 -1.328424e+01 3.058877e+02
      vertex   5.864101e+01 -1.330477e+01 3.059401e+02
      vertex   5.867824e+01 -1.340834e+01 3.059589e+02
    endloop
  endfacet
  facet normal 2.251165e-01 2.520005e-01 9.411792e-01
    outer loop
      vertex   5.867824e+01 -1.340834e+01 3.059589e+02
      vertex   5.864101e+01 -1.330477e+01 3.059401e+02
      vertex   5.858561e+01 -1.343941e+01 3.059894e+02
    endloop
  endfacet
  facet normal 2.409992e-01 6.768254e-01 6.955766e-01
    outer loop
      vertex   5.863857e+01 -1.311091e+01 3.057877e+02
      vertex   5.854767e+01 -1.313089e+01 3.058386e+02
      vertex   5.859675e+01 -1.321073e+01 3.058993e+02
    endloop
  endfacet
  facet normal 2.409992e-01 6.768254e-01 6.955766e-01
    outer loop
      vertex   5.863857e+01 -1.311091e+01 3.057877e+02
      vertex   5.859675e+01 -1.321073e+01 3.058993e+02
      vertex   5.869128e+01 -1.318995e+01 3.058464e+02
    endloop
  endfacet
  facet normal 5.875747e-01 3.316751e-01 7.380702e-01
    outer loop
      vertex   5.881805e+01 -1.327728e+01 3.058181e+02
      vertex   5.873445e+01 -1.328424e+01 3.058877e+02
      vertex   5.876593e+01 -1.338906e+01 3.059098e+02
    endloop
  endfacet
  facet normal 4.137587e-01 3.046771e-01 8.578902e-01
    outer loop
      vertex   5.876593e+01 -1.338906e+01 3.059098e+02
      vertex   5.873445e+01 -1.328424e+01 3.058877e+02
      vertex   5.867824e+01 -1.340834e+01 3.059589e+02
    endloop
  endfacet
  facet normal 4.189033e-01 7.044583e-01 5.729384e-01
    outer loop
      vertex   5.863857e+01 -1.311091e+01 3.057877e+02
      vertex   5.869128e+01 -1.318995e+01 3.058464e+02
      vertex   5.871991e+01 -1.310414e+01 3.057199e+02
    endloop
  endfacet
  facet normal 4.189033e-01 7.044583e-01 5.729384e-01
    outer loop
      vertex   5.871991e+01 -1.310414e+01 3.057199e+02
      vertex   5.869128e+01 -1.318995e+01 3.058464e+02
      vertex   5.877586e+01 -1.318291e+01 3.057759e+02
    endloop
  endfacet
  facet normal 5.729384e-01 7.044583e-01 4.189033e-01
    outer loop
      vertex   5.871991e+01 -1.310414e+01 3.057199e+02
      vertex   5.877586e+01 -1.318291e+01 3.057759e+02
      vertex   5.878771e+01 -1.311091e+01 3.056386e+02
    endloop
  endfacet
  facet normal 5.729384e-01 7.044583e-01 4.189033e-01
    outer loop
      vertex   5.878771e+01 -1.311091e+01 3.056386e+02
      vertex   5.877586e+01 -1.318291e+01 3.057759e+02
      vertex   5.884636e+01 -1.318995e+01 3.056913e+02
    endloop
  endfacet
  facet normal 1.682005e-01 9.403510e-01 2.957172e-01
    outer loop
      vertex   5.857846e+01 -1.300811e+01 3.055785e+02
      vertex   5.851540e+01 -1.301336e+01 3.056310e+02
      vertex   5.857896e+01 -1.305105e+01 3.057147e+02
    endloop
  endfacet
  facet normal 7.380702e-01 3.316751e-01 5.875747e-01
    outer loop
      vertex   5.888774e+01 -1.328424e+01 3.057344e+02
      vertex   5.881805e+01 -1.327728e+01 3.058181e+02
      vertex   5.884439e+01 -1.338253e+01 3.058444e+02
    endloop
  endfacet
  facet normal 5.875747e-01 3.316751e-01 7.380702e-01
    outer loop
      vertex   5.884439e+01 -1.338253e+01 3.058444e+02
      vertex   5.881805e+01 -1.327728e+01 3.058181e+02
      vertex   5.876593e+01 -1.338906e+01 3.059098e+02
    endloop
  endfacet
  facet normal 3.011149e-01 8.431394e-01 4.454724e-01
    outer loop
      vertex   5.863857e+01 -1.311091e+01 3.057877e+02
      vertex   5.871991e+01 -1.310414e+01 3.057199e+02
      vertex   5.865300e+01 -1.304489e+01 3.056530e+02
    endloop
  endfacet
  facet normal 4.454724e-01 8.431394e-01 3.011149e-01
    outer loop
      vertex   5.865300e+01 -1.304489e+01 3.056530e+02
      vertex   5.871991e+01 -1.310414e+01 3.057199e+02
      vertex   5.871471e+01 -1.305105e+01 3.055790e+02
    endloop
  endfacet
  facet normal 2.957172e-01 9.403510e-01 1.682005e-01
    outer loop
      vertex   5.865300e+01 -1.304489e+01 3.056530e+02
      vertex   5.871471e+01 -1.305105e+01 3.055790e+02
      vertex   5.863101e+01 -1.301336e+01 3.055154e+02
    endloop
  endfacet
  facet normal 4.454724e-01 8.431394e-01 3.011149e-01
    outer loop
      vertex   5.871471e+01 -1.305105e+01 3.055790e+02
      vertex   5.871991e+01 -1.310414e+01 3.057199e+02
      vertex   5.878771e+01 -1.311091e+01 3.056386e+02
    endloop
  endfacet
  facet normal 8.578902e-01 3.046771e-01 4.137587e-01
    outer loop
      vertex   5.894010e+01 -1.330477e+01 3.056410e+02
      vertex   5.888774e+01 -1.328424e+01 3.057344e+02
      vertex   5.890978e+01 -1.338906e+01 3.057659e+02
    endloop
  endfacet
  facet normal 7.380702e-01 3.316751e-01 5.875747e-01
    outer loop
      vertex   5.890978e+01 -1.338906e+01 3.057659e+02
      vertex   5.888774e+01 -1.328424e+01 3.057344e+02
      vertex   5.884439e+01 -1.338253e+01 3.058444e+02
    endloop
  endfacet
  facet normal 9.411792e-01 2.520005e-01 2.251165e-01
    outer loop
      vertex   5.897257e+01 -1.333789e+01 3.055423e+02
      vertex   5.894010e+01 -1.330477e+01 3.056410e+02
      vertex   5.895892e+01 -1.340834e+01 3.056782e+02
    endloop
  endfacet
  facet normal 8.578902e-01 3.046771e-01 4.137587e-01
    outer loop
      vertex   5.895892e+01 -1.340834e+01 3.056782e+02
      vertex   5.894010e+01 -1.330477e+01 3.056410e+02
      vertex   5.890978e+01 -1.338906e+01 3.057659e+02
    endloop
  endfacet
  facet normal 9.411792e-01 2.520005e-01 2.251165e-01
    outer loop
      vertex   5.898940e+01 -1.343941e+01 3.055856e+02
      vertex   5.897257e+01 -1.333789e+01 3.055423e+02
      vertex   5.895892e+01 -1.340834e+01 3.056782e+02
    endloop
  endfacet
  facet normal 1.119615e-01 9.936855e-01 7.338342e-03
    outer loop
      vertex   5.850000e+01 -1.299564e+01 3.035000e+02
      vertex   5.861126e+01 -1.300818e+01 3.035000e+02
      vertex   5.850856e+01 -1.299564e+01 3.033695e+02
    endloop
  endfacet
  facet normal 1.119615e-01 9.936855e-01 7.338342e-03
    outer loop
      vertex   5.850856e+01 -1.299564e+01 3.033695e+02
      vertex   5.861126e+01 -1.300818e+01 3.035000e+02
      vertex   5.861886e+01 -1.300818e+01 3.033840e+02
    endloop
  endfacet
  facet normal 1.100458e-01 9.936855e-01 2.188946e-02
    outer loop
      vertex   5.850856e+01 -1.299564e+01 3.033695e+02
      vertex   5.861886e+01 -1.300818e+01 3.033840e+02
      vertex   5.853408e+01 -1.299564e+01 3.032412e+02
    endloop
  endfacet
  facet normal 1.100458e-01 9.936855e-01 2.188946e-02
    outer loop
      vertex   5.853408e+01 -1.299564e+01 3.032412e+02
      vertex   5.861886e+01 -1.300818e+01 3.033840e+02
      vertex   5.864154e+01 -1.300818e+01 3.032700e+02
    endloop
  endfacet
  facet normal 1.062472e-01 9.936855e-01 3.606605e-02
    outer loop
      vertex   5.853408e+01 -1.299564e+01 3.032412e+02
      vertex   5.864154e+01 -1.300818e+01 3.032700e+02
      vertex   5.857612e+01 -1.299564e+01 3.031173e+02
    endloop
  endfacet
  facet normal 1.062472e-01 9.936855e-01 3.606605e-02
    outer loop
      vertex   5.857612e+01 -1.299564e+01 3.031173e+02
      vertex   5.864154e+01 -1.300818e+01 3.032700e+02
      vertex   5.867891e+01 -1.300818e+01 3.031599e+02
    endloop
  endfacet
  facet normal 1.006306e-01 9.936855e-01 4.962554e-02
    outer loop
      vertex   5.857612e+01 -1.299564e+01 3.031173e+02
      vertex   5.867891e+01 -1.300818e+01 3.031599e+02
      vertex   5.863398e+01 -1.299564e+01 3.030000e+02
    endloop
  endfacet
  facet normal 1.006306e-01 9.936855e-01 4.962554e-02
    outer loop
      vertex   5.863398e+01 -1.299564e+01 3.030000e+02
      vertex   5.867891e+01 -1.300818e+01 3.031599e+02
      vertex   5.873033e+01 -1.300818e+01 3.030556e+02
    endloop
  endfacet
  facet normal 9.985702e-02 9.936956e-01 5.096777e-02
    outer loop
      vertex   5.863398e+01 -1.299564e+01 3.030000e+02
      vertex   5.873033e+01 -1.300818e+01 3.030556e+02
      vertex   5.875923e+01 -1.300823e+01 3.030000e+02
    endloop
  endfacet
  facet normal 2.937325e-01 9.437703e-01 1.517195e-01
    outer loop
      vertex   5.875923e+01 -1.300823e+01 3.030000e+02
      vertex   5.873033e+01 -1.300818e+01 3.030556e+02
      vertex   5.882185e+01 -1.304516e+01 3.031085e+02
    endloop
  endfacet
  facet normal 2.596662e-01 9.499842e-01 1.735034e-01
    outer loop
      vertex   5.875923e+01 -1.300823e+01 3.030000e+02
      vertex   5.882185e+01 -1.304516e+01 3.031085e+02
      vertex   5.887876e+01 -1.304516e+01 3.030233e+02
    endloop
  endfacet
  facet normal 4.430484e-01 8.462099e-01 2.960355e-01
    outer loop
      vertex   5.887876e+01 -1.304516e+01 3.030233e+02
      vertex   5.882185e+01 -1.304516e+01 3.031085e+02
      vertex   5.890395e+01 -1.310473e+01 3.031559e+02
    endloop
  endfacet
  facet normal 4.430484e-01 8.462099e-01 2.960355e-01
    outer loop
      vertex   5.887876e+01 -1.304516e+01 3.030233e+02
      vertex   5.890395e+01 -1.310473e+01 3.031559e+02
      vertex   5.895397e+01 -1.310473e+01 3.030810e+02
    endloop
  endfacet
  facet normal 5.885675e-01 7.063486e-01 3.932683e-01
    outer loop
      vertex   5.895397e+01 -1.310473e+01 3.030810e+02
      vertex   5.890395e+01 -1.310473e+01 3.031559e+02
      vertex   5.897252e+01 -1.318390e+01 3.031955e+02
    endloop
  endfacet
  facet normal 5.885675e-01 7.063486e-01 3.932683e-01
    outer loop
      vertex   5.895397e+01 -1.310473e+01 3.030810e+02
      vertex   5.897252e+01 -1.318390e+01 3.031955e+02
      vertex   5.901678e+01 -1.318390e+01 3.031292e+02
    endloop
  endfacet
  facet normal 7.044520e-01 5.312146e-01 4.706998e-01
    outer loop
      vertex   5.901678e+01 -1.318390e+01 3.031292e+02
      vertex   5.897252e+01 -1.318390e+01 3.031955e+02
      vertex   5.902411e+01 -1.327870e+01 3.032252e+02
    endloop
  endfacet
  facet normal 7.044520e-01 5.312146e-01 4.706998e-01
    outer loop
      vertex   5.901678e+01 -1.318390e+01 3.031292e+02
      vertex   5.902411e+01 -1.327870e+01 3.032252e+02
      vertex   5.906404e+01 -1.327870e+01 3.031655e+02
    endloop
  endfacet
  facet normal 7.849935e-01 3.296488e-01 5.245159e-01
    outer loop
      vertex   5.906404e+01 -1.327870e+01 3.031655e+02
      vertex   5.902411e+01 -1.327870e+01 3.032252e+02
      vertex   5.905613e+01 -1.338438e+01 3.032437e+02
    endloop
  endfacet
  facet normal 7.849935e-01 3.296488e-01 5.245159e-01
    outer loop
      vertex   5.906404e+01 -1.327870e+01 3.031655e+02
      vertex   5.905613e+01 -1.338438e+01 3.032437e+02
      vertex   5.909338e+01 -1.338438e+01 3.031880e+02
    endloop
  endfacet
  facet normal 8.256721e-01 1.178840e-01 5.516965e-01
    outer loop
      vertex   5.909338e+01 -1.338438e+01 3.031880e+02
      vertex   5.905613e+01 -1.338438e+01 3.032437e+02
      vertex   5.910909e+01 -1.349564e+01 3.031883e+02
    endloop
  endfacet
  facet normal 7.475154e-01 1.071002e-01 6.555534e-01
    outer loop
      vertex   5.909338e+01 -1.338438e+01 3.031880e+02
      vertex   5.910909e+01 -1.349564e+01 3.031883e+02
      vertex   5.913758e+01 -1.338438e+01 3.031376e+02
    endloop
  endfacet
  facet normal 7.001877e-01 1.395510e-01 7.001877e-01
    outer loop
      vertex   5.913758e+01 -1.338438e+01 3.031376e+02
      vertex   5.910909e+01 -1.349564e+01 3.031883e+02
      vertex   5.918826e+01 -1.349564e+01 3.031091e+02
    endloop
  endfacet
  facet normal 6.555534e-01 1.071002e-01 7.475154e-01
    outer loop
      vertex   5.913758e+01 -1.338438e+01 3.031376e+02
      vertex   5.918826e+01 -1.349564e+01 3.031091e+02
      vertex   5.918799e+01 -1.338438e+01 3.030934e+02
    endloop
  endfacet
  facet normal 5.281916e-01 1.199366e-01 8.406122e-01
    outer loop
      vertex   5.918799e+01 -1.338438e+01 3.030934e+02
      vertex   5.918826e+01 -1.349564e+01 3.031091e+02
      vertex   5.928306e+01 -1.349564e+01 3.030495e+02
    endloop
  endfacet
  facet normal 5.496682e-01 1.453745e-01 8.226367e-01
    outer loop
      vertex   5.918799e+01 -1.338438e+01 3.030934e+02
      vertex   5.928306e+01 -1.349564e+01 3.030495e+02
      vertex   5.924373e+01 -1.338438e+01 3.030561e+02
    endloop
  endfacet
  facet normal 4.399608e-01 1.024641e-01 8.921522e-01
    outer loop
      vertex   5.924373e+01 -1.338438e+01 3.030561e+02
      vertex   5.928306e+01 -1.349564e+01 3.030495e+02
      vertex   5.930386e+01 -1.338438e+01 3.030265e+02
    endloop
  endfacet
  facet normal 4.253081e-01 2.744285e-01 8.624396e-01
    outer loop
      vertex   5.924373e+01 -1.338438e+01 3.030561e+02
      vertex   5.930386e+01 -1.338438e+01 3.030265e+02
      vertex   5.931482e+01 -1.331815e+01 3.030000e+02
    endloop
  endfacet
  facet normal 3.056645e-01 3.094242e-01 9.004587e-01
    outer loop
      vertex   5.931482e+01 -1.331815e+01 3.030000e+02
      vertex   5.930386e+01 -1.338438e+01 3.030265e+02
      vertex   5.936735e+01 -1.338438e+01 3.030049e+02
    endloop
  endfacet
  facet normal 2.732042e-01 2.850415e-01 9.187550e-01
    outer loop
      vertex   5.931482e+01 -1.331815e+01 3.030000e+02
      vertex   5.936735e+01 -1.338438e+01 3.030049e+02
      vertex   5.950000e+01 -1.349564e+01 3.030000e+02
    endloop
  endfacet
  facet normal 1.115189e-01 8.912168e-02 9.897580e-01
    outer loop
      vertex   5.950000e+01 -1.349564e+01 3.030000e+02
      vertex   5.936735e+01 -1.338438e+01 3.030049e+02
      vertex   5.938874e+01 -1.349564e+01 3.030125e+02
    endloop
  endfacet
  facet normal 3.188958e-01 1.255560e-01 9.394366e-01
    outer loop
      vertex   5.938874e+01 -1.349564e+01 3.030125e+02
      vertex   5.936735e+01 -1.338438e+01 3.030049e+02
      vertex   5.930386e+01 -1.338438e+01 3.030265e+02
    endloop
  endfacet
  facet normal 3.273668e-01 1.325042e-01 9.355606e-01
    outer loop
      vertex   5.938874e+01 -1.349564e+01 3.030125e+02
      vertex   5.930386e+01 -1.338438e+01 3.030265e+02
      vertex   5.928306e+01 -1.349564e+01 3.030495e+02
    endloop
  endfacet
  facet normal 3.302017e-01 9.436622e-01 2.164256e-02
    outer loop
      vertex   5.861126e+01 -1.300818e+01 3.035000e+02
      vertex   5.871694e+01 -1.304516e+01 3.035000e+02
      vertex   5.861886e+01 -1.300818e+01 3.033840e+02
    endloop
  endfacet
  facet normal 3.302017e-01 9.436622e-01 2.164256e-02
    outer loop
      vertex   5.861886e+01 -1.300818e+01 3.033840e+02
      vertex   5.871694e+01 -1.304516e+01 3.035000e+02
      vertex   5.872364e+01 -1.304516e+01 3.033978e+02
    endloop
  endfacet
  facet normal 3.245519e-01 9.436622e-01 6.455738e-02
    outer loop
      vertex   5.861886e+01 -1.300818e+01 3.033840e+02
      vertex   5.872364e+01 -1.304516e+01 3.033978e+02
      vertex   5.864154e+01 -1.300818e+01 3.032700e+02
    endloop
  endfacet
  facet normal 3.245519e-01 9.436622e-01 6.455738e-02
    outer loop
      vertex   5.864154e+01 -1.300818e+01 3.032700e+02
      vertex   5.872364e+01 -1.304516e+01 3.033978e+02
      vertex   5.874362e+01 -1.304516e+01 3.032973e+02
    endloop
  endfacet
  facet normal 3.133488e-01 9.436622e-01 1.063676e-01
    outer loop
      vertex   5.864154e+01 -1.300818e+01 3.032700e+02
      vertex   5.874362e+01 -1.304516e+01 3.032973e+02
      vertex   5.867891e+01 -1.300818e+01 3.031599e+02
    endloop
  endfacet
  facet normal 3.133488e-01 9.436622e-01 1.063676e-01
    outer loop
      vertex   5.867891e+01 -1.300818e+01 3.031599e+02
      vertex   5.874362e+01 -1.304516e+01 3.032973e+02
      vertex   5.877655e+01 -1.304516e+01 3.032003e+02
    endloop
  endfacet
  facet normal 2.967843e-01 9.436622e-01 1.463578e-01
    outer loop
      vertex   5.867891e+01 -1.300818e+01 3.031599e+02
      vertex   5.877655e+01 -1.304516e+01 3.032003e+02
      vertex   5.873033e+01 -1.300818e+01 3.030556e+02
    endloop
  endfacet
  facet normal 2.967843e-01 9.436622e-01 1.463578e-01
    outer loop
      vertex   5.873033e+01 -1.300818e+01 3.030556e+02
      vertex   5.877655e+01 -1.304516e+01 3.032003e+02
      vertex   5.882185e+01 -1.304516e+01 3.031085e+02
    endloop
  endfacet
  facet normal 5.317089e-01 8.462099e-01 3.485004e-02
    outer loop
      vertex   5.871694e+01 -1.304516e+01 3.035000e+02
      vertex   5.881175e+01 -1.310473e+01 3.035000e+02
      vertex   5.872364e+01 -1.304516e+01 3.033978e+02
    endloop
  endfacet
  facet normal 5.317089e-01 8.462099e-01 3.485004e-02
    outer loop
      vertex   5.872364e+01 -1.304516e+01 3.033978e+02
      vertex   5.881175e+01 -1.310473e+01 3.035000e+02
      vertex   5.881763e+01 -1.310473e+01 3.034102e+02
    endloop
  endfacet
  facet normal 5.226112e-01 8.462099e-01 1.039538e-01
    outer loop
      vertex   5.872364e+01 -1.304516e+01 3.033978e+02
      vertex   5.881763e+01 -1.310473e+01 3.034102e+02
      vertex   5.874362e+01 -1.304516e+01 3.032973e+02
    endloop
  endfacet
  facet normal 5.226112e-01 8.462099e-01 1.039538e-01
    outer loop
      vertex   5.874362e+01 -1.304516e+01 3.032973e+02
      vertex   5.881763e+01 -1.310473e+01 3.034102e+02
      vertex   5.883520e+01 -1.310473e+01 3.033219e+02
    endloop
  endfacet
  facet normal 5.045715e-01 8.462099e-01 1.712789e-01
    outer loop
      vertex   5.874362e+01 -1.304516e+01 3.032973e+02
      vertex   5.883520e+01 -1.310473e+01 3.033219e+02
      vertex   5.877655e+01 -1.304516e+01 3.032003e+02
    endloop
  endfacet
  facet normal 5.045715e-01 8.462099e-01 1.712789e-01
    outer loop
      vertex   5.877655e+01 -1.304516e+01 3.032003e+02
      vertex   5.883520e+01 -1.310473e+01 3.033219e+02
      vertex   5.886414e+01 -1.310473e+01 3.032366e+02
    endloop
  endfacet
  facet normal 4.778984e-01 8.462099e-01 2.356734e-01
    outer loop
      vertex   5.877655e+01 -1.304516e+01 3.032003e+02
      vertex   5.886414e+01 -1.310473e+01 3.032366e+02
      vertex   5.882185e+01 -1.304516e+01 3.031085e+02
    endloop
  endfacet
  facet normal 4.778984e-01 8.462099e-01 2.356734e-01
    outer loop
      vertex   5.882185e+01 -1.304516e+01 3.031085e+02
      vertex   5.886414e+01 -1.310473e+01 3.032366e+02
      vertex   5.890395e+01 -1.310473e+01 3.031559e+02
    endloop
  endfacet
  facet normal 7.063486e-01 7.063486e-01 4.629653e-02
    outer loop
      vertex   5.881175e+01 -1.310473e+01 3.035000e+02
      vertex   5.889092e+01 -1.318390e+01 3.035000e+02
      vertex   5.881763e+01 -1.310473e+01 3.034102e+02
    endloop
  endfacet
  facet normal 7.063486e-01 7.063486e-01 4.629653e-02
    outer loop
      vertex   5.881763e+01 -1.310473e+01 3.034102e+02
      vertex   5.889092e+01 -1.318390e+01 3.035000e+02
      vertex   5.889613e+01 -1.318390e+01 3.034205e+02
    endloop
  endfacet
  facet normal 6.942628e-01 7.063486e-01 1.380974e-01
    outer loop
      vertex   5.881763e+01 -1.310473e+01 3.034102e+02
      vertex   5.889613e+01 -1.318390e+01 3.034205e+02
      vertex   5.883520e+01 -1.310473e+01 3.033219e+02
    endloop
  endfacet
  facet normal 6.942628e-01 7.063486e-01 1.380974e-01
    outer loop
      vertex   5.883520e+01 -1.310473e+01 3.033219e+02
      vertex   5.889613e+01 -1.318390e+01 3.034205e+02
      vertex   5.891167e+01 -1.318390e+01 3.033424e+02
    endloop
  endfacet
  facet normal 6.702979e-01 7.063486e-01 2.275355e-01
    outer loop
      vertex   5.883520e+01 -1.310473e+01 3.033219e+02
      vertex   5.891167e+01 -1.318390e+01 3.033424e+02
      vertex   5.886414e+01 -1.310473e+01 3.032366e+02
    endloop
  endfacet
  facet normal 6.702979e-01 7.063486e-01 2.275355e-01
    outer loop
      vertex   5.886414e+01 -1.310473e+01 3.032366e+02
      vertex   5.891167e+01 -1.318390e+01 3.033424e+02
      vertex   5.893728e+01 -1.318390e+01 3.032669e+02
    endloop
  endfacet
  facet normal 6.348641e-01 7.063486e-01 3.130803e-01
    outer loop
      vertex   5.886414e+01 -1.310473e+01 3.032366e+02
      vertex   5.893728e+01 -1.318390e+01 3.032669e+02
      vertex   5.890395e+01 -1.310473e+01 3.031559e+02
    endloop
  endfacet
  facet normal 6.348641e-01 7.063486e-01 3.130803e-01
    outer loop
      vertex   5.890395e+01 -1.310473e+01 3.031559e+02
      vertex   5.893728e+01 -1.318390e+01 3.032669e+02
      vertex   5.897252e+01 -1.318390e+01 3.031955e+02
    endloop
  endfacet
  facet normal 8.454233e-01 5.312146e-01 5.541197e-02
    outer loop
      vertex   5.889092e+01 -1.318390e+01 3.035000e+02
      vertex   5.895049e+01 -1.327870e+01 3.035000e+02
      vertex   5.889613e+01 -1.318390e+01 3.034205e+02
    endloop
  endfacet
  facet normal 8.454233e-01 5.312146e-01 5.541197e-02
    outer loop
      vertex   5.889613e+01 -1.318390e+01 3.034205e+02
      vertex   5.895049e+01 -1.327870e+01 3.035000e+02
      vertex   5.895519e+01 -1.327870e+01 3.034283e+02
    endloop
  endfacet
  facet normal 8.309578e-01 5.312146e-01 1.652878e-01
    outer loop
      vertex   5.889613e+01 -1.318390e+01 3.034205e+02
      vertex   5.895519e+01 -1.327870e+01 3.034283e+02
      vertex   5.891167e+01 -1.318390e+01 3.033424e+02
    endloop
  endfacet
  facet normal 8.309578e-01 5.312146e-01 1.652878e-01
    outer loop
      vertex   5.891167e+01 -1.318390e+01 3.033424e+02
      vertex   5.895519e+01 -1.327870e+01 3.034283e+02
      vertex   5.896921e+01 -1.327870e+01 3.033578e+02
    endloop
  endfacet
  facet normal 8.022745e-01 5.312146e-01 2.723355e-01
    outer loop
      vertex   5.891167e+01 -1.318390e+01 3.033424e+02
      vertex   5.896921e+01 -1.327870e+01 3.033578e+02
      vertex   5.893728e+01 -1.318390e+01 3.032669e+02
    endloop
  endfacet
  facet normal 8.022745e-01 5.312146e-01 2.723355e-01
    outer loop
      vertex   5.893728e+01 -1.318390e+01 3.032669e+02
      vertex   5.896921e+01 -1.327870e+01 3.033578e+02
      vertex   5.899231e+01 -1.327870e+01 3.032897e+02
    endloop
  endfacet
  facet normal 7.598640e-01 5.312146e-01 3.747235e-01
    outer loop
      vertex   5.893728e+01 -1.318390e+01 3.032669e+02
      vertex   5.899231e+01 -1.327870e+01 3.032897e+02
      vertex   5.897252e+01 -1.318390e+01 3.031955e+02
    endloop
  endfacet
  facet normal 7.598640e-01 5.312146e-01 3.747235e-01
    outer loop
      vertex   5.897252e+01 -1.318390e+01 3.031955e+02
      vertex   5.899231e+01 -1.327870e+01 3.032897e+02
      vertex   5.902411e+01 -1.327870e+01 3.032252e+02
    endloop
  endfacet
  facet normal 9.420822e-01 3.296488e-01 6.174733e-02
    outer loop
      vertex   5.895049e+01 -1.327870e+01 3.035000e+02
      vertex   5.898746e+01 -1.338438e+01 3.035000e+02
      vertex   5.895519e+01 -1.327870e+01 3.034283e+02
    endloop
  endfacet
  facet normal 9.420822e-01 3.296488e-01 6.174733e-02
    outer loop
      vertex   5.895519e+01 -1.327870e+01 3.034283e+02
      vertex   5.898746e+01 -1.338438e+01 3.035000e+02
      vertex   5.899185e+01 -1.338438e+01 3.034331e+02
    endloop
  endfacet
  facet normal 9.259629e-01 3.296488e-01 1.841855e-01
    outer loop
      vertex   5.895519e+01 -1.327870e+01 3.034283e+02
      vertex   5.899185e+01 -1.338438e+01 3.034331e+02
      vertex   5.896921e+01 -1.327870e+01 3.033578e+02
    endloop
  endfacet
  facet normal 9.259629e-01 3.296488e-01 1.841855e-01
    outer loop
      vertex   5.896921e+01 -1.327870e+01 3.033578e+02
      vertex   5.899185e+01 -1.338438e+01 3.034331e+02
      vertex   5.900493e+01 -1.338438e+01 3.033673e+02
    endloop
  endfacet
  facet normal 8.940002e-01 3.296488e-01 3.034722e-01
    outer loop
      vertex   5.896921e+01 -1.327870e+01 3.033578e+02
      vertex   5.900493e+01 -1.338438e+01 3.033673e+02
      vertex   5.899231e+01 -1.327870e+01 3.032897e+02
    endloop
  endfacet
  facet normal 8.940002e-01 3.296488e-01 3.034722e-01
    outer loop
      vertex   5.899231e+01 -1.327870e+01 3.032897e+02
      vertex   5.900493e+01 -1.338438e+01 3.033673e+02
      vertex   5.902648e+01 -1.338438e+01 3.033039e+02
    endloop
  endfacet
  facet normal 8.467408e-01 3.296488e-01 4.175664e-01
    outer loop
      vertex   5.899231e+01 -1.327870e+01 3.032897e+02
      vertex   5.902648e+01 -1.338438e+01 3.033039e+02
      vertex   5.902411e+01 -1.327870e+01 3.032252e+02
    endloop
  endfacet
  facet normal 8.467408e-01 3.296488e-01 4.175664e-01
    outer loop
      vertex   5.902411e+01 -1.327870e+01 3.032252e+02
      vertex   5.902648e+01 -1.338438e+01 3.033039e+02
      vertex   5.905613e+01 -1.338438e+01 3.032437e+02
    endloop
  endfacet
  facet normal 9.916112e-01 1.117277e-01 6.499363e-02
    outer loop
      vertex   5.898746e+01 -1.338438e+01 3.035000e+02
      vertex   5.900000e+01 -1.349564e+01 3.035000e+02
      vertex   5.899185e+01 -1.338438e+01 3.034331e+02
    endloop
  endfacet
  facet normal 9.840978e-01 1.387689e-01 1.108812e-01
    outer loop
      vertex   5.899185e+01 -1.338438e+01 3.034331e+02
      vertex   5.900000e+01 -1.349564e+01 3.035000e+02
      vertex   5.901254e+01 -1.349564e+01 3.033887e+02
    endloop
  endfacet
  facet normal 9.754657e-01 1.040104e-01 1.940322e-01
    outer loop
      vertex   5.899185e+01 -1.338438e+01 3.034331e+02
      vertex   5.901254e+01 -1.349564e+01 3.033887e+02
      vertex   5.900493e+01 -1.338438e+01 3.033673e+02
    endloop
  endfacet
  facet normal 9.362390e-01 1.270119e-01 3.276042e-01
    outer loop
      vertex   5.900493e+01 -1.338438e+01 3.033673e+02
      vertex   5.901254e+01 -1.349564e+01 3.033887e+02
      vertex   5.904952e+01 -1.349564e+01 3.032831e+02
    endloop
  endfacet
  facet normal 9.382967e-01 1.347269e-01 3.185088e-01
    outer loop
      vertex   5.900493e+01 -1.338438e+01 3.033673e+02
      vertex   5.904952e+01 -1.349564e+01 3.032831e+02
      vertex   5.902648e+01 -1.338438e+01 3.033039e+02
    endloop
  endfacet
  facet normal 8.921522e-01 1.024641e-01 4.399608e-01
    outer loop
      vertex   5.902648e+01 -1.338438e+01 3.033039e+02
      vertex   5.904952e+01 -1.349564e+01 3.032831e+02
      vertex   5.905613e+01 -1.338438e+01 3.032437e+02
    endloop
  endfacet
  facet normal 8.388081e-01 1.364212e-01 5.270581e-01
    outer loop
      vertex   5.904952e+01 -1.349564e+01 3.032831e+02
      vertex   5.910909e+01 -1.349564e+01 3.031883e+02
      vertex   5.905613e+01 -1.338438e+01 3.032437e+02
    endloop
  endfacet
  facet normal 3.776232e-01 3.284237e-01 8.657590e-01
    outer loop
      vertex   5.924373e+01 -1.338438e+01 3.030561e+02
      vertex   5.931482e+01 -1.331815e+01 3.030000e+02
      vertex   5.922524e+01 -1.327870e+01 3.030241e+02
    endloop
  endfacet
  facet normal 4.227722e-01 4.968421e-01 7.578995e-01
    outer loop
      vertex   5.922524e+01 -1.327870e+01 3.030241e+02
      vertex   5.931482e+01 -1.331815e+01 3.030000e+02
      vertex   5.921410e+01 -1.323245e+01 3.030000e+02
    endloop
  endfacet
  facet normal 4.832535e-01 4.933456e-01 7.232400e-01
    outer loop
      vertex   5.922524e+01 -1.327870e+01 3.030241e+02
      vertex   5.921410e+01 -1.323245e+01 3.030000e+02
      vertex   5.916548e+01 -1.327870e+01 3.030640e+02
    endloop
  endfacet
  facet normal 4.457727e-01 5.300860e-01 7.213151e-01
    outer loop
      vertex   5.916548e+01 -1.327870e+01 3.030640e+02
      vertex   5.921410e+01 -1.323245e+01 3.030000e+02
      vertex   5.912921e+01 -1.318390e+01 3.030168e+02
    endloop
  endfacet
  facet normal 5.586223e-01 5.312146e-01 6.369867e-01
    outer loop
      vertex   5.916548e+01 -1.327870e+01 3.030640e+02
      vertex   5.912921e+01 -1.318390e+01 3.030168e+02
      vertex   5.911143e+01 -1.327870e+01 3.031114e+02
    endloop
  endfacet
  facet normal 5.586223e-01 5.312146e-01 6.369867e-01
    outer loop
      vertex   5.911143e+01 -1.327870e+01 3.031114e+02
      vertex   5.912921e+01 -1.318390e+01 3.030168e+02
      vertex   5.906931e+01 -1.318390e+01 3.030693e+02
    endloop
  endfacet
  facet normal 6.369867e-01 5.312146e-01 5.586223e-01
    outer loop
      vertex   5.911143e+01 -1.327870e+01 3.031114e+02
      vertex   5.906931e+01 -1.318390e+01 3.030693e+02
      vertex   5.906404e+01 -1.327870e+01 3.031655e+02
    endloop
  endfacet
  facet normal 6.369867e-01 5.312146e-01 5.586223e-01
    outer loop
      vertex   5.906404e+01 -1.327870e+01 3.031655e+02
      vertex   5.906931e+01 -1.318390e+01 3.030693e+02
      vertex   5.901678e+01 -1.318390e+01 3.031292e+02
    endloop
  endfacet
  facet normal 4.917875e-01 6.659800e-01 5.609062e-01
    outer loop
      vertex   5.921410e+01 -1.323245e+01 3.030000e+02
      vertex   5.910987e+01 -1.315548e+01 3.030000e+02
      vertex   5.912921e+01 -1.318390e+01 3.030168e+02
    endloop
  endfacet
  facet normal 4.918485e-01 6.659858e-01 5.608457e-01
    outer loop
      vertex   5.912921e+01 -1.318390e+01 3.030168e+02
      vertex   5.910987e+01 -1.315548e+01 3.030000e+02
      vertex   5.906931e+01 -1.318390e+01 3.030693e+02
    endloop
  endfacet
  facet normal 4.467602e-01 7.052002e-01 5.505434e-01
    outer loop
      vertex   5.906931e+01 -1.318390e+01 3.030693e+02
      vertex   5.910987e+01 -1.315548e+01 3.030000e+02
      vertex   5.901333e+01 -1.310473e+01 3.030133e+02
    endloop
  endfacet
  facet normal 4.698955e-01 7.907841e-01 3.922484e-01
    outer loop
      vertex   5.901333e+01 -1.310473e+01 3.030133e+02
      vertex   5.910987e+01 -1.315548e+01 3.030000e+02
      vertex   5.900331e+01 -1.309216e+01 3.030000e+02
    endloop
  endfacet
  facet normal 4.586388e-01 7.923845e-01 4.022154e-01
    outer loop
      vertex   5.901333e+01 -1.310473e+01 3.030133e+02
      vertex   5.900331e+01 -1.309216e+01 3.030000e+02
      vertex   5.895397e+01 -1.310473e+01 3.030810e+02
    endloop
  endfacet
  facet normal 3.650307e-01 8.603483e-01 3.557434e-01
    outer loop
      vertex   5.895397e+01 -1.310473e+01 3.030810e+02
      vertex   5.900331e+01 -1.309216e+01 3.030000e+02
      vertex   5.888571e+01 -1.304227e+01 3.030000e+02
    endloop
  endfacet
  facet normal 4.779251e-01 8.429071e-01 2.471743e-01
    outer loop
      vertex   5.895397e+01 -1.310473e+01 3.030810e+02
      vertex   5.888571e+01 -1.304227e+01 3.030000e+02
      vertex   5.887876e+01 -1.304516e+01 3.030233e+02
    endloop
  endfacet
  facet normal 2.549310e-01 9.473702e-01 1.936488e-01
    outer loop
      vertex   5.887876e+01 -1.304516e+01 3.030233e+02
      vertex   5.888571e+01 -1.304227e+01 3.030000e+02
      vertex   5.875923e+01 -1.300823e+01 3.030000e+02
    endloop
  endfacet
  facet normal 7.098147e-01 3.296488e-01 6.224908e-01
    outer loop
      vertex   5.906404e+01 -1.327870e+01 3.031655e+02
      vertex   5.909338e+01 -1.338438e+01 3.031880e+02
      vertex   5.911143e+01 -1.327870e+01 3.031114e+02
    endloop
  endfacet
  facet normal 7.098147e-01 3.296488e-01 6.224908e-01
    outer loop
      vertex   5.911143e+01 -1.327870e+01 3.031114e+02
      vertex   5.909338e+01 -1.338438e+01 3.031880e+02
      vertex   5.913758e+01 -1.338438e+01 3.031376e+02
    endloop
  endfacet
  facet normal 6.224908e-01 3.296488e-01 7.098147e-01
    outer loop
      vertex   5.911143e+01 -1.327870e+01 3.031114e+02
      vertex   5.913758e+01 -1.338438e+01 3.031376e+02
      vertex   5.916548e+01 -1.327870e+01 3.030640e+02
    endloop
  endfacet
  facet normal 6.224908e-01 3.296488e-01 7.098147e-01
    outer loop
      vertex   5.916548e+01 -1.327870e+01 3.030640e+02
      vertex   5.913758e+01 -1.338438e+01 3.031376e+02
      vertex   5.918799e+01 -1.338438e+01 3.030934e+02
    endloop
  endfacet
  facet normal 5.245159e-01 3.296488e-01 7.849935e-01
    outer loop
      vertex   5.916548e+01 -1.327870e+01 3.030640e+02
      vertex   5.918799e+01 -1.338438e+01 3.030934e+02
      vertex   5.922524e+01 -1.327870e+01 3.030241e+02
    endloop
  endfacet
  facet normal 5.245159e-01 3.296488e-01 7.849935e-01
    outer loop
      vertex   5.922524e+01 -1.327870e+01 3.030241e+02
      vertex   5.918799e+01 -1.338438e+01 3.030934e+02
      vertex   5.924373e+01 -1.338438e+01 3.030561e+02
    endloop
  endfacet
  facet normal 5.322005e-01 7.063486e-01 4.667273e-01
    outer loop
      vertex   5.895397e+01 -1.310473e+01 3.030810e+02
      vertex   5.901678e+01 -1.318390e+01 3.031292e+02
      vertex   5.901333e+01 -1.310473e+01 3.030133e+02
    endloop
  endfacet
  facet normal 5.322005e-01 7.063486e-01 4.667273e-01
    outer loop
      vertex   5.901333e+01 -1.310473e+01 3.030133e+02
      vertex   5.901678e+01 -1.318390e+01 3.031292e+02
      vertex   5.906931e+01 -1.318390e+01 3.030693e+02
    endloop
  endfacet
  facet normal 1.119645e-01 9.937122e-01 -0.000000e+00
    outer loop
      vertex   5.850000e+01 -1.299564e+01 3.035000e+02
      vertex   5.850000e+01 -1.299564e+01 3.055000e+02
      vertex   5.861126e+01 -1.300818e+01 3.035000e+02
    endloop
  endfacet
  facet normal 1.119645e-01 9.937122e-01 -0.000000e+00
    outer loop
      vertex   5.861126e+01 -1.300818e+01 3.035000e+02
      vertex   5.850000e+01 -1.299564e+01 3.055000e+02
      vertex   5.861126e+01 -1.300818e+01 3.055000e+02
    endloop
  endfacet
  facet normal 3.302791e-01 9.438833e-01 -0.000000e+00
    outer loop
      vertex   5.861126e+01 -1.300818e+01 3.035000e+02
      vertex   5.861126e+01 -1.300818e+01 3.055000e+02
      vertex   5.871694e+01 -1.304516e+01 3.035000e+02
    endloop
  endfacet
  facet normal 3.302791e-01 9.438833e-01 -0.000000e+00
    outer loop
      vertex   5.871694e+01 -1.304516e+01 3.035000e+02
      vertex   5.861126e+01 -1.300818e+01 3.055000e+02
      vertex   5.871694e+01 -1.304516e+01 3.055000e+02
    endloop
  endfacet
  facet normal 5.320321e-01 8.467242e-01 -0.000000e+00
    outer loop
      vertex   5.871694e+01 -1.304516e+01 3.035000e+02
      vertex   5.871694e+01 -1.304516e+01 3.055000e+02
      vertex   5.881175e+01 -1.310473e+01 3.035000e+02
    endloop
  endfacet
  facet normal 5.320321e-01 8.467242e-01 -0.000000e+00
    outer loop
      vertex   5.881175e+01 -1.310473e+01 3.035000e+02
      vertex   5.871694e+01 -1.304516e+01 3.055000e+02
      vertex   5.881175e+01 -1.310473e+01 3.055000e+02
    endloop
  endfacet
  facet normal 7.071068e-01 7.071068e-01 -0.000000e+00
    outer loop
      vertex   5.881175e+01 -1.310473e+01 3.035000e+02
      vertex   5.881175e+01 -1.310473e+01 3.055000e+02
      vertex   5.889092e+01 -1.318390e+01 3.035000e+02
    endloop
  endfacet
  facet normal 7.071068e-01 7.071068e-01 -0.000000e+00
    outer loop
      vertex   5.889092e+01 -1.318390e+01 3.035000e+02
      vertex   5.881175e+01 -1.310473e+01 3.055000e+02
      vertex   5.889092e+01 -1.318390e+01 3.055000e+02
    endloop
  endfacet
  facet normal 8.467242e-01 5.320321e-01 -0.000000e+00
    outer loop
      vertex   5.889092e+01 -1.318390e+01 3.035000e+02
      vertex   5.889092e+01 -1.318390e+01 3.055000e+02
      vertex   5.895049e+01 -1.327870e+01 3.035000e+02
    endloop
  endfacet
  facet normal 8.467242e-01 5.320321e-01 -0.000000e+00
    outer loop
      vertex   5.895049e+01 -1.327870e+01 3.035000e+02
      vertex   5.889092e+01 -1.318390e+01 3.055000e+02
      vertex   5.895049e+01 -1.327870e+01 3.055000e+02
    endloop
  endfacet
  facet normal 9.438833e-01 3.302791e-01 -0.000000e+00
    outer loop
      vertex   5.895049e+01 -1.327870e+01 3.035000e+02
      vertex   5.895049e+01 -1.327870e+01 3.055000e+02
      vertex   5.898746e+01 -1.338438e+01 3.035000e+02
    endloop
  endfacet
  facet normal 9.438833e-01 3.302791e-01 -0.000000e+00
    outer loop
      vertex   5.898746e+01 -1.338438e+01 3.035000e+02
      vertex   5.895049e+01 -1.327870e+01 3.055000e+02
      vertex   5.898746e+01 -1.338438e+01 3.055000e+02
    endloop
  endfacet
  facet normal 9.937122e-01 1.119645e-01 -0.000000e+00
    outer loop
      vertex   5.898746e+01 -1.338438e+01 3.035000e+02
      vertex   5.898746e+01 -1.338438e+01 3.055000e+02
      vertex   5.900000e+01 -1.349564e+01 3.035000e+02
    endloop
  endfacet
  facet normal 9.937122e-01 1.119645e-01 -0.000000e+00
    outer loop
      vertex   5.900000e+01 -1.349564e+01 3.035000e+02
      vertex   5.898746e+01 -1.338438e+01 3.055000e+02
      vertex   5.900000e+01 -1.349564e+01 3.055000e+02
    endloop
  endfacet
  facet normal 0.000000e+00 9.937122e-01 1.119645e-01
    outer loop
      vertex   5.850000e+01 -1.299564e+01 3.055000e+02
      vertex   5.450000e+01 -1.299564e+01 3.055000e+02
      vertex   5.650000e+01 -1.300818e+01 3.056113e+02
    endloop
  endfacet
  facet normal 0.000000e+00 9.937122e-01 1.119645e-01
    outer loop
      vertex   5.650000e+01 -1.300818e+01 3.056113e+02
      vertex   5.450000e+01 -1.299564e+01 3.055000e+02
      vertex   5.450000e+01 -1.300818e+01 3.056113e+02
    endloop
  endfacet
  facet normal 0.000000e+00 9.438833e-01 3.302791e-01
    outer loop
      vertex   5.650000e+01 -1.300818e+01 3.056113e+02
      vertex   5.450000e+01 -1.300818e+01 3.056113e+02
      vertex   5.650000e+01 -1.304516e+01 3.057169e+02
    endloop
  endfacet
  facet normal 0.000000e+00 9.438833e-01 3.302791e-01
    outer loop
      vertex   5.650000e+01 -1.304516e+01 3.057169e+02
      vertex   5.450000e+01 -1.300818e+01 3.056113e+02
      vertex   5.450000e+01 -1.304516e+01 3.057169e+02
    endloop
  endfacet
  facet normal 0.000000e+00 8.467242e-01 5.320321e-01
    outer loop
      vertex   5.650000e+01 -1.304516e+01 3.057169e+02
      vertex   5.450000e+01 -1.304516e+01 3.057169e+02
      vertex   5.650000e+01 -1.310473e+01 3.058117e+02
    endloop
  endfacet
  facet normal 7.520422e-16 8.467242e-01 5.320321e-01
    outer loop
      vertex   5.650000e+01 -1.310473e+01 3.058117e+02
      vertex   5.450000e+01 -1.304516e+01 3.057169e+02
      vertex   5.450000e+01 -1.310473e+01 3.058117e+02
    endloop
  endfacet
  facet normal 6.280370e-16 7.071068e-01 7.071068e-01
    outer loop
      vertex   5.650000e+01 -1.310473e+01 3.058117e+02
      vertex   5.450000e+01 -1.310473e+01 3.058117e+02
      vertex   5.650000e+01 -1.318390e+01 3.058909e+02
    endloop
  endfacet
  facet normal -1.256074e-15 7.071068e-01 7.071068e-01
    outer loop
      vertex   5.650000e+01 -1.318390e+01 3.058909e+02
      vertex   5.450000e+01 -1.310473e+01 3.058117e+02
      vertex   5.450000e+01 -1.318390e+01 3.058909e+02
    endloop
  endfacet
  facet normal -9.450788e-16 5.320321e-01 8.467242e-01
    outer loop
      vertex   5.650000e+01 -1.318390e+01 3.058909e+02
      vertex   5.450000e+01 -1.318390e+01 3.058909e+02
      vertex   5.650000e+01 -1.327870e+01 3.059505e+02
    endloop
  endfacet
  facet normal 0.000000e+00 5.320321e-01 8.467242e-01
    outer loop
      vertex   5.650000e+01 -1.327870e+01 3.059505e+02
      vertex   5.450000e+01 -1.318390e+01 3.058909e+02
      vertex   5.450000e+01 -1.327870e+01 3.059505e+02
    endloop
  endfacet
  facet normal 0.000000e+00 3.302791e-01 9.438833e-01
    outer loop
      vertex   5.650000e+01 -1.327870e+01 3.059505e+02
      vertex   5.450000e+01 -1.327870e+01 3.059505e+02
      vertex   5.650000e+01 -1.338438e+01 3.059875e+02
    endloop
  endfacet
  facet normal 0.000000e+00 3.302791e-01 9.438833e-01
    outer loop
      vertex   5.650000e+01 -1.338438e+01 3.059875e+02
      vertex   5.450000e+01 -1.327870e+01 3.059505e+02
      vertex   5.450000e+01 -1.338438e+01 3.059875e+02
    endloop
  endfacet
  facet normal 0.000000e+00 1.119645e-01 9.937122e-01
    outer loop
      vertex   5.650000e+01 -1.338438e+01 3.059875e+02
      vertex   5.450000e+01 -1.338438e+01 3.059875e+02
      vertex   5.450000e+01 -1.349564e+01 3.060000e+02
    endloop
  endfacet
  facet normal -0.000000e+00 1.119645e-01 9.937122e-01
    outer loop
      vertex   5.450000e+01 -1.349564e+01 3.060000e+02
      vertex   5.850000e+01 -1.349564e+01 3.060000e+02
      vertex   5.650000e+01 -1.338438e+01 3.059875e+02
    endloop
  endfacet
  facet normal -2.864078e-14 1.119645e-01 9.937122e-01
    outer loop
      vertex   5.650000e+01 -1.338438e+01 3.059875e+02
      vertex   5.850000e+01 -1.349564e+01 3.060000e+02
      vertex   5.850000e+01 -1.338438e+01 3.059875e+02
    endloop
  endfacet
  facet normal -2.800016e-14 3.302791e-01 9.438833e-01
    outer loop
      vertex   5.650000e+01 -1.338438e+01 3.059875e+02
      vertex   5.850000e+01 -1.338438e+01 3.059875e+02
      vertex   5.650000e+01 -1.327870e+01 3.059505e+02
    endloop
  endfacet
  facet normal -2.933467e-15 3.302791e-01 9.438833e-01
    outer loop
      vertex   5.650000e+01 -1.327870e+01 3.059505e+02
      vertex   5.850000e+01 -1.338438e+01 3.059875e+02
      vertex   5.850000e+01 -1.327870e+01 3.059505e+02
    endloop
  endfacet
  facet normal -4.725394e-15 5.320321e-01 8.467242e-01
    outer loop
      vertex   5.650000e+01 -1.327870e+01 3.059505e+02
      vertex   5.850000e+01 -1.327870e+01 3.059505e+02
      vertex   5.650000e+01 -1.318390e+01 3.058909e+02
    endloop
  endfacet
  facet normal -3.020836e-14 5.320321e-01 8.467242e-01
    outer loop
      vertex   5.650000e+01 -1.318390e+01 3.058909e+02
      vertex   5.850000e+01 -1.327870e+01 3.059505e+02
      vertex   5.850000e+01 -1.318390e+01 3.058909e+02
    endloop
  endfacet
  facet normal -2.826166e-14 7.071068e-01 7.071068e-01
    outer loop
      vertex   5.650000e+01 -1.318390e+01 3.058909e+02
      vertex   5.850000e+01 -1.318390e+01 3.058909e+02
      vertex   5.650000e+01 -1.310473e+01 3.058117e+02
    endloop
  endfacet
  facet normal -3.265792e-14 7.071068e-01 7.071068e-01
    outer loop
      vertex   5.650000e+01 -1.310473e+01 3.058117e+02
      vertex   5.850000e+01 -1.318390e+01 3.058909e+02
      vertex   5.850000e+01 -1.310473e+01 3.058117e+02
    endloop
  endfacet
  facet normal -3.016210e-14 8.467242e-01 5.320321e-01
    outer loop
      vertex   5.650000e+01 -1.310473e+01 3.058117e+02
      vertex   5.850000e+01 -1.310473e+01 3.058117e+02
      vertex   5.650000e+01 -1.304516e+01 3.057169e+02
    endloop
  endfacet
  facet normal -1.579289e-14 8.467242e-01 5.320321e-01
    outer loop
      vertex   5.650000e+01 -1.304516e+01 3.057169e+02
      vertex   5.850000e+01 -1.310473e+01 3.058117e+02
      vertex   5.850000e+01 -1.304516e+01 3.057169e+02
    endloop
  endfacet
  facet normal -1.760507e-14 9.438833e-01 3.302791e-01
    outer loop
      vertex   5.650000e+01 -1.304516e+01 3.057169e+02
      vertex   5.850000e+01 -1.304516e+01 3.057169e+02
      vertex   5.650000e+01 -1.300818e+01 3.056113e+02
    endloop
  endfacet
  facet normal -1.928175e-14 9.438833e-01 3.302791e-01
    outer loop
      vertex   5.650000e+01 -1.300818e+01 3.056113e+02
      vertex   5.850000e+01 -1.304516e+01 3.057169e+02
      vertex   5.850000e+01 -1.300818e+01 3.056113e+02
    endloop
  endfacet
  facet normal -2.029966e-14 9.937122e-01 1.119645e-01
    outer loop
      vertex   5.650000e+01 -1.300818e+01 3.056113e+02
      vertex   5.850000e+01 -1.300818e+01 3.056113e+02
      vertex   5.850000e+01 -1.299564e+01 3.055000e+02
    endloop
  endfacet
  facet normal 1.119645e-01 0.000000e+00 9.937122e-01
    outer loop
      vertex   5.850000e+01 -1.349564e+01 3.060000e+02
      vertex   5.850000e+01 -1.449564e+01 3.060000e+02
      vertex   5.861126e+01 -1.349564e+01 3.059875e+02
    endloop
  endfacet
  facet normal 1.119645e-01 5.728155e-14 9.937122e-01
    outer loop
      vertex   5.861126e+01 -1.349564e+01 3.059875e+02
      vertex   5.850000e+01 -1.449564e+01 3.060000e+02
      vertex   5.861126e+01 -1.449564e+01 3.059875e+02
    endloop
  endfacet
  facet normal 3.302791e-01 5.600033e-14 9.438833e-01
    outer loop
      vertex   5.861126e+01 -1.349564e+01 3.059875e+02
      vertex   5.861126e+01 -1.449564e+01 3.059875e+02
      vertex   5.871694e+01 -1.349564e+01 3.059505e+02
    endloop
  endfacet
  facet normal 3.302791e-01 2.346774e-15 9.438833e-01
    outer loop
      vertex   5.871694e+01 -1.349564e+01 3.059505e+02
      vertex   5.861126e+01 -1.449564e+01 3.059875e+02
      vertex   5.871694e+01 -1.449564e+01 3.059505e+02
    endloop
  endfacet
  facet normal 5.320321e-01 3.780315e-15 8.467242e-01
    outer loop
      vertex   5.871694e+01 -1.349564e+01 3.059505e+02
      vertex   5.871694e+01 -1.449564e+01 3.059505e+02
      vertex   5.881175e+01 -1.349564e+01 3.058909e+02
    endloop
  endfacet
  facet normal 5.320321e-01 0.000000e+00 8.467242e-01
    outer loop
      vertex   5.881175e+01 -1.349564e+01 3.058909e+02
      vertex   5.871694e+01 -1.449564e+01 3.059505e+02
      vertex   5.881175e+01 -1.449564e+01 3.058909e+02
    endloop
  endfacet
  facet normal 7.071068e-01 0.000000e+00 7.071068e-01
    outer loop
      vertex   5.881175e+01 -1.349564e+01 3.058909e+02
      vertex   5.881175e+01 -1.449564e+01 3.058909e+02
      vertex   5.889092e+01 -1.349564e+01 3.058117e+02
    endloop
  endfacet
  facet normal 7.071068e-01 5.024296e-15 7.071068e-01
    outer loop
      vertex   5.889092e+01 -1.349564e+01 3.058117e+02
      vertex   5.881175e+01 -1.449564e+01 3.058909e+02
      vertex   5.889092e+01 -1.449564e+01 3.058117e+02
    endloop
  endfacet
  facet normal 8.467242e-01 6.016337e-15 5.320321e-01
    outer loop
      vertex   5.889092e+01 -1.349564e+01 3.058117e+02
      vertex   5.889092e+01 -1.449564e+01 3.058117e+02
      vertex   5.895049e+01 -1.349564e+01 3.057169e+02
    endloop
  endfacet
  facet normal 8.467242e-01 6.016337e-15 5.320321e-01
    outer loop
      vertex   5.895049e+01 -1.349564e+01 3.057169e+02
      vertex   5.889092e+01 -1.449564e+01 3.058117e+02
      vertex   5.895049e+01 -1.449564e+01 3.057169e+02
    endloop
  endfacet
  facet normal 9.438833e-01 6.706694e-15 3.302791e-01
    outer loop
      vertex   5.895049e+01 -1.349564e+01 3.057169e+02
      vertex   5.895049e+01 -1.449564e+01 3.057169e+02
      vertex   5.898746e+01 -1.349564e+01 3.056113e+02
    endloop
  endfacet
  facet normal 9.438833e-01 6.706694e-15 3.302791e-01
    outer loop
      vertex   5.898746e+01 -1.349564e+01 3.056113e+02
      vertex   5.895049e+01 -1.449564e+01 3.057169e+02
      vertex   5.898746e+01 -1.449564e+01 3.056113e+02
    endloop
  endfacet
  facet normal 9.937122e-01 7.060750e-15 1.119645e-01
    outer loop
      vertex   5.898746e+01 -1.349564e+01 3.056113e+02
      vertex   5.898746e+01 -1.449564e+01 3.056113e+02
      vertex   5.900000e+01 -1.349564e+01 3.055000e+02
    endloop
  endfacet
  facet normal 9.937122e-01 0.000000e+00 1.119645e-01
    outer loop
      vertex   5.900000e+01 -1.349564e+01 3.055000e+02
      vertex   5.898746e+01 -1.449564e+01 3.056113e+02
      vertex   5.900000e+01 -1.449564e+01 3.055000e+02
    endloop
  endfacet
  facet normal -4.947830e-02 -1.118273e-01 9.924951e-01
    outer loop
      vertex   5.450000e+01 -1.460691e+01 3.059875e+02
      vertex   5.450000e+01 -1.449564e+01 3.060000e+02
      vertex   5.441439e+01 -1.455188e+01 3.059894e+02
    endloop
  endfacet
  facet normal -1.119484e-01 -1.691982e-02 9.935700e-01
    outer loop
      vertex   5.441439e+01 -1.455188e+01 3.059894e+02
      vertex   5.450000e+01 -1.449564e+01 3.060000e+02
      vertex   5.438874e+01 -1.449564e+01 3.059875e+02
    endloop
  endfacet
  facet normal -2.819474e-01 -9.580134e-02 9.546349e-01
    outer loop
      vertex   5.441439e+01 -1.455188e+01 3.059894e+02
      vertex   5.438874e+01 -1.449564e+01 3.059875e+02
      vertex   5.432176e+01 -1.458295e+01 3.059589e+02
    endloop
  endfacet
  facet normal -3.297769e-01 -5.512306e-02 9.424482e-01
    outer loop
      vertex   5.432176e+01 -1.458295e+01 3.059589e+02
      vertex   5.438874e+01 -1.449564e+01 3.059875e+02
      vertex   5.428306e+01 -1.449564e+01 3.059505e+02
    endloop
  endfacet
  facet normal -4.648120e-01 -1.212963e-01 8.770616e-01
    outer loop
      vertex   5.432176e+01 -1.458295e+01 3.059589e+02
      vertex   5.428306e+01 -1.449564e+01 3.059505e+02
      vertex   5.423407e+01 -1.460223e+01 3.059098e+02
    endloop
  endfacet
  facet normal -5.303873e-01 -7.857234e-02 8.441065e-01
    outer loop
      vertex   5.423407e+01 -1.460223e+01 3.059098e+02
      vertex   5.428306e+01 -1.449564e+01 3.059505e+02
      vertex   5.418826e+01 -1.449564e+01 3.058909e+02
    endloop
  endfacet
  facet normal -6.278580e-01 -1.341783e-01 7.666750e-01
    outer loop
      vertex   5.423407e+01 -1.460223e+01 3.059098e+02
      vertex   5.418826e+01 -1.449564e+01 3.058909e+02
      vertex   5.415561e+01 -1.460876e+01 3.058444e+02
    endloop
  endfacet
  facet normal -7.044576e-01 -8.648087e-02 7.044576e-01
    outer loop
      vertex   5.415561e+01 -1.460876e+01 3.058444e+02
      vertex   5.418826e+01 -1.449564e+01 3.058909e+02
      vertex   5.410909e+01 -1.449564e+01 3.058117e+02
    endloop
  endfacet
  facet normal -7.666750e-01 -1.341783e-01 6.278580e-01
    outer loop
      vertex   5.415561e+01 -1.460876e+01 3.058444e+02
      vertex   5.410909e+01 -1.449564e+01 3.058117e+02
      vertex   5.409022e+01 -1.460223e+01 3.057659e+02
    endloop
  endfacet
  facet normal -8.441065e-01 -7.857234e-02 5.303873e-01
    outer loop
      vertex   5.409022e+01 -1.460223e+01 3.057659e+02
      vertex   5.410909e+01 -1.449564e+01 3.058117e+02
      vertex   5.404952e+01 -1.449564e+01 3.057169e+02
    endloop
  endfacet
  facet normal -8.770616e-01 -1.212963e-01 4.648120e-01
    outer loop
      vertex   5.409022e+01 -1.460223e+01 3.057659e+02
      vertex   5.404952e+01 -1.449564e+01 3.057169e+02
      vertex   5.404108e+01 -1.458295e+01 3.056782e+02
    endloop
  endfacet
  facet normal -9.424482e-01 -5.512306e-02 3.297769e-01
    outer loop
      vertex   5.404108e+01 -1.458295e+01 3.056782e+02
      vertex   5.404952e+01 -1.449564e+01 3.057169e+02
      vertex   5.401254e+01 -1.449564e+01 3.056113e+02
    endloop
  endfacet
  facet normal -9.546349e-01 -9.580134e-02 2.819474e-01
    outer loop
      vertex   5.404108e+01 -1.458295e+01 3.056782e+02
      vertex   5.401254e+01 -1.449564e+01 3.056113e+02
      vertex   5.401060e+01 -1.455188e+01 3.055856e+02
    endloop
  endfacet
  facet normal -9.935700e-01 -1.691982e-02 1.119484e-01
    outer loop
      vertex   5.401060e+01 -1.455188e+01 3.055856e+02
      vertex   5.401254e+01 -1.449564e+01 3.056113e+02
      vertex   5.400000e+01 -1.449564e+01 3.055000e+02
    endloop
  endfacet
  facet normal -9.924951e-01 -1.118273e-01 4.947830e-02
    outer loop
      vertex   5.401060e+01 -1.455188e+01 3.055856e+02
      vertex   5.400000e+01 -1.449564e+01 3.055000e+02
      vertex   5.401254e+01 -1.460691e+01 3.055000e+02
    endloop
  endfacet
  facet normal -9.714546e-01 -2.089253e-01 1.123662e-01
    outer loop
      vertex   5.401060e+01 -1.455188e+01 3.055856e+02
      vertex   5.401254e+01 -1.460691e+01 3.055000e+02
      vertex   5.402743e+01 -1.465340e+01 3.055423e+02
    endloop
  endfacet
  facet normal -9.434386e-01 -3.301235e-01 -3.069241e-02
    outer loop
      vertex   5.402743e+01 -1.465340e+01 3.055423e+02
      vertex   5.401254e+01 -1.460691e+01 3.055000e+02
      vertex   5.404952e+01 -1.471259e+01 3.055000e+02
    endloop
  endfacet
  facet normal -8.881289e-01 -4.357867e-01 1.460032e-01
    outer loop
      vertex   5.402743e+01 -1.465340e+01 3.055423e+02
      vertex   5.404952e+01 -1.471259e+01 3.055000e+02
      vertex   5.405991e+01 -1.468651e+01 3.056410e+02
    endloop
  endfacet
  facet normal -8.799943e-01 -4.512516e-01 1.482632e-01
    outer loop
      vertex   5.405991e+01 -1.468651e+01 3.056410e+02
      vertex   5.404952e+01 -1.471259e+01 3.055000e+02
      vertex   5.410067e+01 -1.478056e+01 3.055968e+02
    endloop
  endfacet
  facet normal -7.963437e-01 -5.031745e-01 3.356370e-01
    outer loop
      vertex   5.405991e+01 -1.468651e+01 3.056410e+02
      vertex   5.410067e+01 -1.478056e+01 3.055968e+02
      vertex   5.411226e+01 -1.470705e+01 3.057344e+02
    endloop
  endfacet
  facet normal -7.963437e-01 -5.031745e-01 3.356370e-01
    outer loop
      vertex   5.411226e+01 -1.470705e+01 3.057344e+02
      vertex   5.410067e+01 -1.478056e+01 3.055968e+02
      vertex   5.415364e+01 -1.480134e+01 3.056913e+02
    endloop
  endfacet
  facet normal -6.720519e-01 -5.311800e-01 5.159399e-01
    outer loop
      vertex   5.411226e+01 -1.470705e+01 3.057344e+02
      vertex   5.415364e+01 -1.480134e+01 3.056913e+02
      vertex   5.418195e+01 -1.471401e+01 3.058181e+02
    endloop
  endfacet
  facet normal -6.720519e-01 -5.311800e-01 5.159399e-01
    outer loop
      vertex   5.418195e+01 -1.471401e+01 3.058181e+02
      vertex   5.415364e+01 -1.480134e+01 3.056913e+02
      vertex   5.422414e+01 -1.480838e+01 3.057759e+02
    endloop
  endfacet
  facet normal -5.159399e-01 -5.311800e-01 6.720519e-01
    outer loop
      vertex   5.418195e+01 -1.471401e+01 3.058181e+02
      vertex   5.422414e+01 -1.480838e+01 3.057759e+02
      vertex   5.426555e+01 -1.470705e+01 3.058877e+02
    endloop
  endfacet
  facet normal -5.159399e-01 -5.311800e-01 6.720519e-01
    outer loop
      vertex   5.426555e+01 -1.470705e+01 3.058877e+02
      vertex   5.422414e+01 -1.480838e+01 3.057759e+02
      vertex   5.430872e+01 -1.480134e+01 3.058464e+02
    endloop
  endfacet
  facet normal -3.356370e-01 -5.031745e-01 7.963437e-01
    outer loop
      vertex   5.426555e+01 -1.470705e+01 3.058877e+02
      vertex   5.430872e+01 -1.480134e+01 3.058464e+02
      vertex   5.435899e+01 -1.468651e+01 3.059401e+02
    endloop
  endfacet
  facet normal -3.356370e-01 -5.031745e-01 7.963437e-01
    outer loop
      vertex   5.435899e+01 -1.468651e+01 3.059401e+02
      vertex   5.430872e+01 -1.480134e+01 3.058464e+02
      vertex   5.440325e+01 -1.478056e+01 3.058993e+02
    endloop
  endfacet
  facet normal -1.482632e-01 -4.512516e-01 8.799943e-01
    outer loop
      vertex   5.435899e+01 -1.468651e+01 3.059401e+02
      vertex   5.440325e+01 -1.478056e+01 3.058993e+02
      vertex   5.450000e+01 -1.471259e+01 3.059505e+02
    endloop
  endfacet
  facet normal -7.371693e-02 -5.305845e-01 8.444204e-01
    outer loop
      vertex   5.450000e+01 -1.471259e+01 3.059505e+02
      vertex   5.440325e+01 -1.478056e+01 3.058993e+02
      vertex   5.450000e+01 -1.480739e+01 3.058909e+02
    endloop
  endfacet
  facet normal -1.129028e-01 -6.442957e-01 7.563967e-01
    outer loop
      vertex   5.450000e+01 -1.480739e+01 3.058909e+02
      vertex   5.440325e+01 -1.478056e+01 3.058993e+02
      vertex   5.445234e+01 -1.486040e+01 3.058386e+02
    endloop
  endfacet
  facet normal 1.099908e-02 -7.070640e-01 7.070640e-01
    outer loop
      vertex   5.450000e+01 -1.480739e+01 3.058909e+02
      vertex   5.445234e+01 -1.486040e+01 3.058386e+02
      vertex   5.450000e+01 -1.488656e+01 3.058117e+02
    endloop
  endfacet
  facet normal -1.325855e-01 -8.176631e-01 5.602215e-01
    outer loop
      vertex   5.450000e+01 -1.488656e+01 3.058117e+02
      vertex   5.445234e+01 -1.486040e+01 3.058386e+02
      vertex   5.442105e+01 -1.494024e+01 3.057147e+02
    endloop
  endfacet
  facet normal -7.794539e-02 -8.441482e-01 5.304134e-01
    outer loop
      vertex   5.450000e+01 -1.488656e+01 3.058117e+02
      vertex   5.442105e+01 -1.494024e+01 3.057147e+02
      vertex   5.450000e+01 -1.494613e+01 3.057169e+02
    endloop
  endfacet
  facet normal -7.950315e-02 -9.301495e-01 3.584707e-01
    outer loop
      vertex   5.450000e+01 -1.494613e+01 3.057169e+02
      vertex   5.442105e+01 -1.494024e+01 3.057147e+02
      vertex   5.448460e+01 -1.497793e+01 3.056310e+02
    endloop
  endfacet
  facet normal 1.055642e-01 -9.386094e-01 3.284336e-01
    outer loop
      vertex   5.450000e+01 -1.494613e+01 3.057169e+02
      vertex   5.448460e+01 -1.497793e+01 3.056310e+02
      vertex   5.450000e+01 -1.498311e+01 3.056113e+02
    endloop
  endfacet
  facet normal -8.018181e-02 -9.777486e-01 1.938518e-01
    outer loop
      vertex   5.450000e+01 -1.498311e+01 3.056113e+02
      vertex   5.448460e+01 -1.497793e+01 3.056310e+02
      vertex   5.442155e+01 -1.498318e+01 3.055785e+02
    endloop
  endfacet
  facet normal -4.587760e-02 -9.926659e-01 1.118466e-01
    outer loop
      vertex   5.450000e+01 -1.498311e+01 3.056113e+02
      vertex   5.442155e+01 -1.498318e+01 3.055785e+02
      vertex   5.450000e+01 -1.499564e+01 3.055000e+02
    endloop
  endfacet
  facet normal -1.118466e-01 -9.926659e-01 4.587760e-02
    outer loop
      vertex   5.450000e+01 -1.499564e+01 3.055000e+02
      vertex   5.442155e+01 -1.498318e+01 3.055785e+02
      vertex   5.438874e+01 -1.498311e+01 3.055000e+02
    endloop
  endfacet
  facet normal -1.938518e-01 -9.777486e-01 8.018181e-02
    outer loop
      vertex   5.438874e+01 -1.498311e+01 3.055000e+02
      vertex   5.442155e+01 -1.498318e+01 3.055785e+02
      vertex   5.436899e+01 -1.497793e+01 3.055154e+02
    endloop
  endfacet
  facet normal -3.284336e-01 -9.386094e-01 -1.055642e-01
    outer loop
      vertex   5.438874e+01 -1.498311e+01 3.055000e+02
      vertex   5.436899e+01 -1.497793e+01 3.055154e+02
      vertex   5.428306e+01 -1.494613e+01 3.055000e+02
    endloop
  endfacet
  facet normal -3.584707e-01 -9.301495e-01 7.950315e-02
    outer loop
      vertex   5.428306e+01 -1.494613e+01 3.055000e+02
      vertex   5.436899e+01 -1.497793e+01 3.055154e+02
      vertex   5.428529e+01 -1.494024e+01 3.055790e+02
    endloop
  endfacet
  facet normal -5.304134e-01 -8.441482e-01 7.794539e-02
    outer loop
      vertex   5.428306e+01 -1.494613e+01 3.055000e+02
      vertex   5.428529e+01 -1.494024e+01 3.055790e+02
      vertex   5.418826e+01 -1.488656e+01 3.055000e+02
    endloop
  endfacet
  facet normal -5.608146e-01 -8.170722e-01 1.337161e-01
    outer loop
      vertex   5.418826e+01 -1.488656e+01 3.055000e+02
      vertex   5.428529e+01 -1.494024e+01 3.055790e+02
      vertex   5.421229e+01 -1.488038e+01 3.056386e+02
    endloop
  endfacet
  facet normal -5.591801e-01 -8.182295e-01 1.334842e-01
    outer loop
      vertex   5.418826e+01 -1.488656e+01 3.055000e+02
      vertex   5.421229e+01 -1.488038e+01 3.056386e+02
      vertex   5.416135e+01 -1.486040e+01 3.055477e+02
    endloop
  endfacet
  facet normal -6.955766e-01 -6.768254e-01 2.409992e-01
    outer loop
      vertex   5.416135e+01 -1.486040e+01 3.055477e+02
      vertex   5.421229e+01 -1.488038e+01 3.056386e+02
      vertex   5.415364e+01 -1.480134e+01 3.056913e+02
    endloop
  endfacet
  facet normal -6.955766e-01 -6.768254e-01 2.409992e-01
    outer loop
      vertex   5.416135e+01 -1.486040e+01 3.055477e+02
      vertex   5.415364e+01 -1.480134e+01 3.056913e+02
      vertex   5.410067e+01 -1.478056e+01 3.055968e+02
    endloop
  endfacet
  facet normal -8.444204e-01 -5.305845e-01 7.371693e-02
    outer loop
      vertex   5.404952e+01 -1.471259e+01 3.055000e+02
      vertex   5.410909e+01 -1.480739e+01 3.055000e+02
      vertex   5.410067e+01 -1.478056e+01 3.055968e+02
    endloop
  endfacet
  facet normal -7.563967e-01 -6.442957e-01 1.129028e-01
    outer loop
      vertex   5.410067e+01 -1.478056e+01 3.055968e+02
      vertex   5.410909e+01 -1.480739e+01 3.055000e+02
      vertex   5.416135e+01 -1.486040e+01 3.055477e+02
    endloop
  endfacet
  facet normal -7.070640e-01 -7.070640e-01 -1.099908e-02
    outer loop
      vertex   5.410909e+01 -1.480739e+01 3.055000e+02
      vertex   5.418826e+01 -1.488656e+01 3.055000e+02
      vertex   5.416135e+01 -1.486040e+01 3.055477e+02
    endloop
  endfacet
  facet normal -1.460032e-01 -4.357867e-01 8.881289e-01
    outer loop
      vertex   5.435899e+01 -1.468651e+01 3.059401e+02
      vertex   5.450000e+01 -1.471259e+01 3.059505e+02
      vertex   5.445769e+01 -1.465340e+01 3.059726e+02
    endloop
  endfacet
  facet normal 3.069241e-02 -3.301235e-01 9.434386e-01
    outer loop
      vertex   5.445769e+01 -1.465340e+01 3.059726e+02
      vertex   5.450000e+01 -1.471259e+01 3.059505e+02
      vertex   5.450000e+01 -1.460691e+01 3.059875e+02
    endloop
  endfacet
  facet normal -1.123662e-01 -2.089253e-01 9.714546e-01
    outer loop
      vertex   5.445769e+01 -1.465340e+01 3.059726e+02
      vertex   5.450000e+01 -1.460691e+01 3.059875e+02
      vertex   5.441439e+01 -1.455188e+01 3.059894e+02
    endloop
  endfacet
  facet normal -2.251165e-01 -2.520005e-01 9.411792e-01
    outer loop
      vertex   5.435899e+01 -1.468651e+01 3.059401e+02
      vertex   5.445769e+01 -1.465340e+01 3.059726e+02
      vertex   5.441439e+01 -1.455188e+01 3.059894e+02
    endloop
  endfacet
  facet normal -4.137587e-01 -3.046771e-01 8.578902e-01
    outer loop
      vertex   5.426555e+01 -1.470705e+01 3.058877e+02
      vertex   5.435899e+01 -1.468651e+01 3.059401e+02
      vertex   5.432176e+01 -1.458295e+01 3.059589e+02
    endloop
  endfacet
  facet normal -2.251165e-01 -2.520005e-01 9.411792e-01
    outer loop
      vertex   5.432176e+01 -1.458295e+01 3.059589e+02
      vertex   5.435899e+01 -1.468651e+01 3.059401e+02
      vertex   5.441439e+01 -1.455188e+01 3.059894e+02
    endloop
  endfacet
  facet normal -2.409992e-01 -6.768254e-01 6.955766e-01
    outer loop
      vertex   5.445234e+01 -1.486040e+01 3.058386e+02
      vertex   5.440325e+01 -1.478056e+01 3.058993e+02
      vertex   5.436143e+01 -1.488038e+01 3.057877e+02
    endloop
  endfacet
  facet normal -2.409992e-01 -6.768254e-01 6.955766e-01
    outer loop
      vertex   5.436143e+01 -1.488038e+01 3.057877e+02
      vertex   5.440325e+01 -1.478056e+01 3.058993e+02
      vertex   5.430872e+01 -1.480134e+01 3.058464e+02
    endloop
  endfacet
  facet normal -4.189033e-01 -7.044583e-01 5.729384e-01
    outer loop
      vertex   5.436143e+01 -1.488038e+01 3.057877e+02
      vertex   5.430872e+01 -1.480134e+01 3.058464e+02
      vertex   5.428009e+01 -1.488715e+01 3.057199e+02
    endloop
  endfacet
  facet normal -4.189033e-01 -7.044583e-01 5.729384e-01
    outer loop
      vertex   5.428009e+01 -1.488715e+01 3.057199e+02
      vertex   5.430872e+01 -1.480134e+01 3.058464e+02
      vertex   5.422414e+01 -1.480838e+01 3.057759e+02
    endloop
  endfacet
  facet normal -5.729384e-01 -7.044583e-01 4.189033e-01
    outer loop
      vertex   5.428009e+01 -1.488715e+01 3.057199e+02
      vertex   5.422414e+01 -1.480838e+01 3.057759e+02
      vertex   5.421229e+01 -1.488038e+01 3.056386e+02
    endloop
  endfacet
  facet normal -5.729384e-01 -7.044583e-01 4.189033e-01
    outer loop
      vertex   5.421229e+01 -1.488038e+01 3.056386e+02
      vertex   5.422414e+01 -1.480838e+01 3.057759e+02
      vertex   5.415364e+01 -1.480134e+01 3.056913e+02
    endloop
  endfacet
  facet normal -5.875747e-01 -3.316751e-01 7.380702e-01
    outer loop
      vertex   5.418195e+01 -1.471401e+01 3.058181e+02
      vertex   5.426555e+01 -1.470705e+01 3.058877e+02
      vertex   5.423407e+01 -1.460223e+01 3.059098e+02
    endloop
  endfacet
  facet normal -4.137587e-01 -3.046771e-01 8.578902e-01
    outer loop
      vertex   5.423407e+01 -1.460223e+01 3.059098e+02
      vertex   5.426555e+01 -1.470705e+01 3.058877e+02
      vertex   5.432176e+01 -1.458295e+01 3.059589e+02
    endloop
  endfacet
  facet normal -1.343879e-01 -8.172425e-01 5.604057e-01
    outer loop
      vertex   5.445234e+01 -1.486040e+01 3.058386e+02
      vertex   5.436143e+01 -1.488038e+01 3.057877e+02
      vertex   5.442105e+01 -1.494024e+01 3.057147e+02
    endloop
  endfacet
  facet normal -3.011149e-01 -8.431394e-01 4.454724e-01
    outer loop
      vertex   5.442105e+01 -1.494024e+01 3.057147e+02
      vertex   5.436143e+01 -1.488038e+01 3.057877e+02
      vertex   5.434700e+01 -1.494640e+01 3.056530e+02
    endloop
  endfacet
  facet normal -1.682005e-01 -9.403510e-01 2.957172e-01
    outer loop
      vertex   5.442105e+01 -1.494024e+01 3.057147e+02
      vertex   5.434700e+01 -1.494640e+01 3.056530e+02
      vertex   5.442155e+01 -1.498318e+01 3.055785e+02
    endloop
  endfacet
  facet normal -2.957172e-01 -9.403510e-01 1.682005e-01
    outer loop
      vertex   5.442155e+01 -1.498318e+01 3.055785e+02
      vertex   5.434700e+01 -1.494640e+01 3.056530e+02
      vertex   5.436899e+01 -1.497793e+01 3.055154e+02
    endloop
  endfacet
  facet normal -3.011149e-01 -8.431394e-01 4.454724e-01
    outer loop
      vertex   5.434700e+01 -1.494640e+01 3.056530e+02
      vertex   5.436143e+01 -1.488038e+01 3.057877e+02
      vertex   5.428009e+01 -1.488715e+01 3.057199e+02
    endloop
  endfacet
  facet normal -1.682005e-01 -9.403510e-01 2.957172e-01
    outer loop
      vertex   5.442155e+01 -1.498318e+01 3.055785e+02
      vertex   5.448460e+01 -1.497793e+01 3.056310e+02
      vertex   5.442105e+01 -1.494024e+01 3.057147e+02
    endloop
  endfacet
  facet normal -7.380702e-01 -3.316751e-01 5.875747e-01
    outer loop
      vertex   5.411226e+01 -1.470705e+01 3.057344e+02
      vertex   5.418195e+01 -1.471401e+01 3.058181e+02
      vertex   5.415561e+01 -1.460876e+01 3.058444e+02
    endloop
  endfacet
  facet normal -5.875747e-01 -3.316751e-01 7.380702e-01
    outer loop
      vertex   5.415561e+01 -1.460876e+01 3.058444e+02
      vertex   5.418195e+01 -1.471401e+01 3.058181e+02
      vertex   5.423407e+01 -1.460223e+01 3.059098e+02
    endloop
  endfacet
  facet normal -4.454724e-01 -8.431394e-01 3.011149e-01
    outer loop
      vertex   5.421229e+01 -1.488038e+01 3.056386e+02
      vertex   5.428529e+01 -1.494024e+01 3.055790e+02
      vertex   5.428009e+01 -1.488715e+01 3.057199e+02
    endloop
  endfacet
  facet normal -4.454724e-01 -8.431394e-01 3.011149e-01
    outer loop
      vertex   5.428009e+01 -1.488715e+01 3.057199e+02
      vertex   5.428529e+01 -1.494024e+01 3.055790e+02
      vertex   5.434700e+01 -1.494640e+01 3.056530e+02
    endloop
  endfacet
  facet normal -2.957172e-01 -9.403510e-01 1.682005e-01
    outer loop
      vertex   5.428529e+01 -1.494024e+01 3.055790e+02
      vertex   5.436899e+01 -1.497793e+01 3.055154e+02
      vertex   5.434700e+01 -1.494640e+01 3.056530e+02
    endloop
  endfacet
  facet normal -8.578902e-01 -3.046771e-01 4.137587e-01
    outer loop
      vertex   5.405991e+01 -1.468651e+01 3.056410e+02
      vertex   5.411226e+01 -1.470705e+01 3.057344e+02
      vertex   5.409022e+01 -1.460223e+01 3.057659e+02
    endloop
  endfacet
  facet normal -7.380702e-01 -3.316751e-01 5.875747e-01
    outer loop
      vertex   5.409022e+01 -1.460223e+01 3.057659e+02
      vertex   5.411226e+01 -1.470705e+01 3.057344e+02
      vertex   5.415561e+01 -1.460876e+01 3.058444e+02
    endloop
  endfacet
  facet normal -9.411792e-01 -2.520005e-01 2.251165e-01
    outer loop
      vertex   5.402743e+01 -1.465340e+01 3.055423e+02
      vertex   5.405991e+01 -1.468651e+01 3.056410e+02
      vertex   5.404108e+01 -1.458295e+01 3.056782e+02
    endloop
  endfacet
  facet normal -8.578902e-01 -3.046771e-01 4.137587e-01
    outer loop
      vertex   5.404108e+01 -1.458295e+01 3.056782e+02
      vertex   5.405991e+01 -1.468651e+01 3.056410e+02
      vertex   5.409022e+01 -1.460223e+01 3.057659e+02
    endloop
  endfacet
  facet normal -9.411792e-01 -2.520005e-01 2.251165e-01
    outer loop
      vertex   5.401060e+01 -1.455188e+01 3.055856e+02
      vertex   5.402743e+01 -1.465340e+01 3.055423e+02
      vertex   5.404108e+01 -1.458295e+01 3.056782e+02
    endloop
  endfacet
  facet normal 1.118273e-01 -4.947830e-02 9.924951e-01
    outer loop
      vertex   5.861126e+01 -1.449564e+01 3.059875e+02
      vertex   5.850000e+01 -1.449564e+01 3.060000e+02
      vertex   5.855623e+01 -1.458126e+01 3.059894e+02
    endloop
  endfacet
  facet normal 1.691982e-02 -1.119484e-01 9.935700e-01
    outer loop
      vertex   5.855623e+01 -1.458126e+01 3.059894e+02
      vertex   5.850000e+01 -1.449564e+01 3.060000e+02
      vertex   5.850000e+01 -1.460691e+01 3.059875e+02
    endloop
  endfacet
  facet normal 9.580134e-02 -2.819474e-01 9.546349e-01
    outer loop
      vertex   5.855623e+01 -1.458126e+01 3.059894e+02
      vertex   5.850000e+01 -1.460691e+01 3.059875e+02
      vertex   5.858731e+01 -1.467389e+01 3.059589e+02
    endloop
  endfacet
  facet normal 5.512306e-02 -3.297769e-01 9.424482e-01
    outer loop
      vertex   5.858731e+01 -1.467389e+01 3.059589e+02
      vertex   5.850000e+01 -1.460691e+01 3.059875e+02
      vertex   5.850000e+01 -1.471259e+01 3.059505e+02
    endloop
  endfacet
  facet normal 1.212963e-01 -4.648120e-01 8.770616e-01
    outer loop
      vertex   5.858731e+01 -1.467389e+01 3.059589e+02
      vertex   5.850000e+01 -1.471259e+01 3.059505e+02
      vertex   5.860658e+01 -1.476157e+01 3.059098e+02
    endloop
  endfacet
  facet normal 7.857234e-02 -5.303873e-01 8.441065e-01
    outer loop
      vertex   5.860658e+01 -1.476157e+01 3.059098e+02
      vertex   5.850000e+01 -1.471259e+01 3.059505e+02
      vertex   5.850000e+01 -1.480739e+01 3.058909e+02
    endloop
  endfacet
  facet normal 1.341783e-01 -6.278580e-01 7.666750e-01
    outer loop
      vertex   5.860658e+01 -1.476157e+01 3.059098e+02
      vertex   5.850000e+01 -1.480739e+01 3.058909e+02
      vertex   5.861312e+01 -1.484003e+01 3.058444e+02
    endloop
  endfacet
  facet normal 8.648087e-02 -7.044576e-01 7.044576e-01
    outer loop
      vertex   5.861312e+01 -1.484003e+01 3.058444e+02
      vertex   5.850000e+01 -1.480739e+01 3.058909e+02
      vertex   5.850000e+01 -1.488656e+01 3.058117e+02
    endloop
  endfacet
  facet normal 1.341783e-01 -7.666750e-01 6.278580e-01
    outer loop
      vertex   5.861312e+01 -1.484003e+01 3.058444e+02
      vertex   5.850000e+01 -1.488656e+01 3.058117e+02
      vertex   5.860658e+01 -1.490543e+01 3.057659e+02
    endloop
  endfacet
  facet normal 7.857234e-02 -8.441065e-01 5.303873e-01
    outer loop
      vertex   5.860658e+01 -1.490543e+01 3.057659e+02
      vertex   5.850000e+01 -1.488656e+01 3.058117e+02
      vertex   5.850000e+01 -1.494613e+01 3.057169e+02
    endloop
  endfacet
  facet normal 1.212963e-01 -8.770616e-01 4.648120e-01
    outer loop
      vertex   5.860658e+01 -1.490543e+01 3.057659e+02
      vertex   5.850000e+01 -1.494613e+01 3.057169e+02
      vertex   5.858731e+01 -1.495456e+01 3.056782e+02
    endloop
  endfacet
  facet normal 5.512306e-02 -9.424482e-01 3.297769e-01
    outer loop
      vertex   5.858731e+01 -1.495456e+01 3.056782e+02
      vertex   5.850000e+01 -1.494613e+01 3.057169e+02
      vertex   5.850000e+01 -1.498311e+01 3.056113e+02
    endloop
  endfacet
  facet normal 9.580134e-02 -9.546349e-01 2.819474e-01
    outer loop
      vertex   5.858731e+01 -1.495456e+01 3.056782e+02
      vertex   5.850000e+01 -1.498311e+01 3.056113e+02
      vertex   5.855623e+01 -1.498504e+01 3.055856e+02
    endloop
  endfacet
  facet normal 1.691982e-02 -9.935700e-01 1.119484e-01
    outer loop
      vertex   5.855623e+01 -1.498504e+01 3.055856e+02
      vertex   5.850000e+01 -1.498311e+01 3.056113e+02
      vertex   5.850000e+01 -1.499564e+01 3.055000e+02
    endloop
  endfacet
  facet normal 1.118273e-01 -9.924951e-01 4.947830e-02
    outer loop
      vertex   5.855623e+01 -1.498504e+01 3.055856e+02
      vertex   5.850000e+01 -1.499564e+01 3.055000e+02
      vertex   5.861126e+01 -1.498311e+01 3.055000e+02
    endloop
  endfacet
  facet normal 2.089253e-01 -9.714546e-01 1.123662e-01
    outer loop
      vertex   5.855623e+01 -1.498504e+01 3.055856e+02
      vertex   5.861126e+01 -1.498311e+01 3.055000e+02
      vertex   5.865776e+01 -1.496822e+01 3.055423e+02
    endloop
  endfacet
  facet normal 3.301235e-01 -9.434386e-01 -3.069241e-02
    outer loop
      vertex   5.865776e+01 -1.496822e+01 3.055423e+02
      vertex   5.861126e+01 -1.498311e+01 3.055000e+02
      vertex   5.871694e+01 -1.494613e+01 3.055000e+02
    endloop
  endfacet
  facet normal 4.357867e-01 -8.881289e-01 1.460032e-01
    outer loop
      vertex   5.865776e+01 -1.496822e+01 3.055423e+02
      vertex   5.871694e+01 -1.494613e+01 3.055000e+02
      vertex   5.869087e+01 -1.493574e+01 3.056410e+02
    endloop
  endfacet
  facet normal 4.512516e-01 -8.799943e-01 1.482632e-01
    outer loop
      vertex   5.869087e+01 -1.493574e+01 3.056410e+02
      vertex   5.871694e+01 -1.494613e+01 3.055000e+02
      vertex   5.878492e+01 -1.489497e+01 3.055968e+02
    endloop
  endfacet
  facet normal 5.031745e-01 -7.963437e-01 3.356370e-01
    outer loop
      vertex   5.869087e+01 -1.493574e+01 3.056410e+02
      vertex   5.878492e+01 -1.489497e+01 3.055968e+02
      vertex   5.871141e+01 -1.488338e+01 3.057344e+02
    endloop
  endfacet
  facet normal 5.031745e-01 -7.963437e-01 3.356370e-01
    outer loop
      vertex   5.871141e+01 -1.488338e+01 3.057344e+02
      vertex   5.878492e+01 -1.489497e+01 3.055968e+02
      vertex   5.880570e+01 -1.484200e+01 3.056913e+02
    endloop
  endfacet
  facet normal 5.311800e-01 -6.720519e-01 5.159399e-01
    outer loop
      vertex   5.871141e+01 -1.488338e+01 3.057344e+02
      vertex   5.880570e+01 -1.484200e+01 3.056913e+02
      vertex   5.871837e+01 -1.481370e+01 3.058181e+02
    endloop
  endfacet
  facet normal 5.311800e-01 -6.720519e-01 5.159399e-01
    outer loop
      vertex   5.871837e+01 -1.481370e+01 3.058181e+02
      vertex   5.880570e+01 -1.484200e+01 3.056913e+02
      vertex   5.881274e+01 -1.477150e+01 3.057759e+02
    endloop
  endfacet
  facet normal 5.311800e-01 -5.159399e-01 6.720519e-01
    outer loop
      vertex   5.871837e+01 -1.481370e+01 3.058181e+02
      vertex   5.881274e+01 -1.477150e+01 3.057759e+02
      vertex   5.871141e+01 -1.473009e+01 3.058877e+02
    endloop
  endfacet
  facet normal 5.311800e-01 -5.159399e-01 6.720519e-01
    outer loop
      vertex   5.871141e+01 -1.473009e+01 3.058877e+02
      vertex   5.881274e+01 -1.477150e+01 3.057759e+02
      vertex   5.880570e+01 -1.468692e+01 3.058464e+02
    endloop
  endfacet
  facet normal 5.031745e-01 -3.356370e-01 7.963437e-01
    outer loop
      vertex   5.871141e+01 -1.473009e+01 3.058877e+02
      vertex   5.880570e+01 -1.468692e+01 3.058464e+02
      vertex   5.869087e+01 -1.463666e+01 3.059401e+02
    endloop
  endfacet
  facet normal 5.031745e-01 -3.356370e-01 7.963437e-01
    outer loop
      vertex   5.869087e+01 -1.463666e+01 3.059401e+02
      vertex   5.880570e+01 -1.468692e+01 3.058464e+02
      vertex   5.878492e+01 -1.459240e+01 3.058993e+02
    endloop
  endfacet
  facet normal 4.512516e-01 -1.482632e-01 8.799943e-01
    outer loop
      vertex   5.869087e+01 -1.463666e+01 3.059401e+02
      vertex   5.878492e+01 -1.459240e+01 3.058993e+02
      vertex   5.871694e+01 -1.449564e+01 3.059505e+02
    endloop
  endfacet
  facet normal 5.305845e-01 -7.371693e-02 8.444204e-01
    outer loop
      vertex   5.871694e+01 -1.449564e+01 3.059505e+02
      vertex   5.878492e+01 -1.459240e+01 3.058993e+02
      vertex   5.881175e+01 -1.449564e+01 3.058909e+02
    endloop
  endfacet
  facet normal 6.442957e-01 -1.129028e-01 7.563967e-01
    outer loop
      vertex   5.881175e+01 -1.449564e+01 3.058909e+02
      vertex   5.878492e+01 -1.459240e+01 3.058993e+02
      vertex   5.886475e+01 -1.454331e+01 3.058386e+02
    endloop
  endfacet
  facet normal 7.070640e-01 1.099908e-02 7.070640e-01
    outer loop
      vertex   5.881175e+01 -1.449564e+01 3.058909e+02
      vertex   5.886475e+01 -1.454331e+01 3.058386e+02
      vertex   5.889092e+01 -1.449564e+01 3.058117e+02
    endloop
  endfacet
  facet normal 8.182295e-01 -1.334842e-01 5.591801e-01
    outer loop
      vertex   5.889092e+01 -1.449564e+01 3.058117e+02
      vertex   5.886475e+01 -1.454331e+01 3.058386e+02
      vertex   5.888474e+01 -1.463422e+01 3.057877e+02
    endloop
  endfacet
  facet normal 8.170722e-01 -1.337161e-01 5.608146e-01
    outer loop
      vertex   5.889092e+01 -1.449564e+01 3.058117e+02
      vertex   5.888474e+01 -1.463422e+01 3.057877e+02
      vertex   5.894460e+01 -1.457460e+01 3.057147e+02
    endloop
  endfacet
  facet normal 8.431394e-01 -3.011149e-01 4.454724e-01
    outer loop
      vertex   5.894460e+01 -1.457460e+01 3.057147e+02
      vertex   5.888474e+01 -1.463422e+01 3.057877e+02
      vertex   5.895076e+01 -1.464864e+01 3.056530e+02
    endloop
  endfacet
  facet normal 9.403510e-01 -1.682005e-01 2.957172e-01
    outer loop
      vertex   5.894460e+01 -1.457460e+01 3.057147e+02
      vertex   5.895076e+01 -1.464864e+01 3.056530e+02
      vertex   5.898754e+01 -1.457410e+01 3.055785e+02
    endloop
  endfacet
  facet normal 9.403510e-01 -2.957172e-01 1.682005e-01
    outer loop
      vertex   5.898754e+01 -1.457410e+01 3.055785e+02
      vertex   5.895076e+01 -1.464864e+01 3.056530e+02
      vertex   5.898229e+01 -1.462665e+01 3.055154e+02
    endloop
  endfacet
  facet normal 9.777486e-01 -1.938518e-01 8.018181e-02
    outer loop
      vertex   5.898754e+01 -1.457410e+01 3.055785e+02
      vertex   5.898229e+01 -1.462665e+01 3.055154e+02
      vertex   5.898746e+01 -1.460691e+01 3.055000e+02
    endloop
  endfacet
  facet normal 9.386094e-01 -3.284336e-01 -1.055642e-01
    outer loop
      vertex   5.898746e+01 -1.460691e+01 3.055000e+02
      vertex   5.898229e+01 -1.462665e+01 3.055154e+02
      vertex   5.895049e+01 -1.471259e+01 3.055000e+02
    endloop
  endfacet
  facet normal 9.301495e-01 -3.584707e-01 7.950315e-02
    outer loop
      vertex   5.895049e+01 -1.471259e+01 3.055000e+02
      vertex   5.898229e+01 -1.462665e+01 3.055154e+02
      vertex   5.894460e+01 -1.471036e+01 3.055790e+02
    endloop
  endfacet
  facet normal 8.441482e-01 -5.304134e-01 7.794539e-02
    outer loop
      vertex   5.895049e+01 -1.471259e+01 3.055000e+02
      vertex   5.894460e+01 -1.471036e+01 3.055790e+02
      vertex   5.889092e+01 -1.480739e+01 3.055000e+02
    endloop
  endfacet
  facet normal 8.170722e-01 -5.608146e-01 1.337161e-01
    outer loop
      vertex   5.889092e+01 -1.480739e+01 3.055000e+02
      vertex   5.894460e+01 -1.471036e+01 3.055790e+02
      vertex   5.888474e+01 -1.478335e+01 3.056386e+02
    endloop
  endfacet
  facet normal 8.182295e-01 -5.591801e-01 1.334842e-01
    outer loop
      vertex   5.889092e+01 -1.480739e+01 3.055000e+02
      vertex   5.888474e+01 -1.478335e+01 3.056386e+02
      vertex   5.886475e+01 -1.483429e+01 3.055477e+02
    endloop
  endfacet
  facet normal 6.768254e-01 -6.955766e-01 2.409992e-01
    outer loop
      vertex   5.886475e+01 -1.483429e+01 3.055477e+02
      vertex   5.888474e+01 -1.478335e+01 3.056386e+02
      vertex   5.880570e+01 -1.484200e+01 3.056913e+02
    endloop
  endfacet
  facet normal 6.768254e-01 -6.955766e-01 2.409992e-01
    outer loop
      vertex   5.886475e+01 -1.483429e+01 3.055477e+02
      vertex   5.880570e+01 -1.484200e+01 3.056913e+02
      vertex   5.878492e+01 -1.489497e+01 3.055968e+02
    endloop
  endfacet
  facet normal 5.305845e-01 -8.444204e-01 7.371693e-02
    outer loop
      vertex   5.871694e+01 -1.494613e+01 3.055000e+02
      vertex   5.881175e+01 -1.488656e+01 3.055000e+02
      vertex   5.878492e+01 -1.489497e+01 3.055968e+02
    endloop
  endfacet
  facet normal 6.442957e-01 -7.563967e-01 1.129028e-01
    outer loop
      vertex   5.878492e+01 -1.489497e+01 3.055968e+02
      vertex   5.881175e+01 -1.488656e+01 3.055000e+02
      vertex   5.886475e+01 -1.483429e+01 3.055477e+02
    endloop
  endfacet
  facet normal 7.070640e-01 -7.070640e-01 -1.099908e-02
    outer loop
      vertex   5.881175e+01 -1.488656e+01 3.055000e+02
      vertex   5.889092e+01 -1.480739e+01 3.055000e+02
      vertex   5.886475e+01 -1.483429e+01 3.055477e+02
    endloop
  endfacet
  facet normal 9.926659e-01 -1.118466e-01 4.587760e-02
    outer loop
      vertex   5.898746e+01 -1.460691e+01 3.055000e+02
      vertex   5.900000e+01 -1.449564e+01 3.055000e+02
      vertex   5.898754e+01 -1.457410e+01 3.055785e+02
    endloop
  endfacet
  facet normal 9.926659e-01 -4.587760e-02 1.118466e-01
    outer loop
      vertex   5.898754e+01 -1.457410e+01 3.055785e+02
      vertex   5.900000e+01 -1.449564e+01 3.055000e+02
      vertex   5.898746e+01 -1.449564e+01 3.056113e+02
    endloop
  endfacet
  facet normal 9.777486e-01 -8.018181e-02 1.938518e-01
    outer loop
      vertex   5.898754e+01 -1.457410e+01 3.055785e+02
      vertex   5.898746e+01 -1.449564e+01 3.056113e+02
      vertex   5.898229e+01 -1.451105e+01 3.056310e+02
    endloop
  endfacet
  facet normal 9.386094e-01 1.055642e-01 3.284336e-01
    outer loop
      vertex   5.898229e+01 -1.451105e+01 3.056310e+02
      vertex   5.898746e+01 -1.449564e+01 3.056113e+02
      vertex   5.895049e+01 -1.449564e+01 3.057169e+02
    endloop
  endfacet
  facet normal 9.301495e-01 -7.950315e-02 3.584707e-01
    outer loop
      vertex   5.898229e+01 -1.451105e+01 3.056310e+02
      vertex   5.895049e+01 -1.449564e+01 3.057169e+02
      vertex   5.894460e+01 -1.457460e+01 3.057147e+02
    endloop
  endfacet
  facet normal 8.441482e-01 -7.794539e-02 5.304134e-01
    outer loop
      vertex   5.894460e+01 -1.457460e+01 3.057147e+02
      vertex   5.895049e+01 -1.449564e+01 3.057169e+02
      vertex   5.889092e+01 -1.449564e+01 3.058117e+02
    endloop
  endfacet
  facet normal 4.357867e-01 -1.460032e-01 8.881289e-01
    outer loop
      vertex   5.869087e+01 -1.463666e+01 3.059401e+02
      vertex   5.871694e+01 -1.449564e+01 3.059505e+02
      vertex   5.865776e+01 -1.453795e+01 3.059726e+02
    endloop
  endfacet
  facet normal 3.301235e-01 3.069241e-02 9.434386e-01
    outer loop
      vertex   5.865776e+01 -1.453795e+01 3.059726e+02
      vertex   5.871694e+01 -1.449564e+01 3.059505e+02
      vertex   5.861126e+01 -1.449564e+01 3.059875e+02
    endloop
  endfacet
  facet normal 2.089253e-01 -1.123662e-01 9.714546e-01
    outer loop
      vertex   5.865776e+01 -1.453795e+01 3.059726e+02
      vertex   5.861126e+01 -1.449564e+01 3.059875e+02
      vertex   5.855623e+01 -1.458126e+01 3.059894e+02
    endloop
  endfacet
  facet normal 2.520005e-01 -2.251165e-01 9.411792e-01
    outer loop
      vertex   5.869087e+01 -1.463666e+01 3.059401e+02
      vertex   5.865776e+01 -1.453795e+01 3.059726e+02
      vertex   5.855623e+01 -1.458126e+01 3.059894e+02
    endloop
  endfacet
  facet normal 3.046771e-01 -4.137587e-01 8.578902e-01
    outer loop
      vertex   5.871141e+01 -1.473009e+01 3.058877e+02
      vertex   5.869087e+01 -1.463666e+01 3.059401e+02
      vertex   5.858731e+01 -1.467389e+01 3.059589e+02
    endloop
  endfacet
  facet normal 2.520005e-01 -2.251165e-01 9.411792e-01
    outer loop
      vertex   5.858731e+01 -1.467389e+01 3.059589e+02
      vertex   5.869087e+01 -1.463666e+01 3.059401e+02
      vertex   5.855623e+01 -1.458126e+01 3.059894e+02
    endloop
  endfacet
  facet normal 6.768254e-01 -2.409992e-01 6.955766e-01
    outer loop
      vertex   5.888474e+01 -1.463422e+01 3.057877e+02
      vertex   5.886475e+01 -1.454331e+01 3.058386e+02
      vertex   5.878492e+01 -1.459240e+01 3.058993e+02
    endloop
  endfacet
  facet normal 6.768254e-01 -2.409992e-01 6.955766e-01
    outer loop
      vertex   5.888474e+01 -1.463422e+01 3.057877e+02
      vertex   5.878492e+01 -1.459240e+01 3.058993e+02
      vertex   5.880570e+01 -1.468692e+01 3.058464e+02
    endloop
  endfacet
  facet normal 3.316751e-01 -5.875747e-01 7.380702e-01
    outer loop
      vertex   5.871837e+01 -1.481370e+01 3.058181e+02
      vertex   5.871141e+01 -1.473009e+01 3.058877e+02
      vertex   5.860658e+01 -1.476157e+01 3.059098e+02
    endloop
  endfacet
  facet normal 3.046771e-01 -4.137587e-01 8.578902e-01
    outer loop
      vertex   5.860658e+01 -1.476157e+01 3.059098e+02
      vertex   5.871141e+01 -1.473009e+01 3.058877e+02
      vertex   5.858731e+01 -1.467389e+01 3.059589e+02
    endloop
  endfacet
  facet normal 7.044583e-01 -4.189033e-01 5.729384e-01
    outer loop
      vertex   5.888474e+01 -1.463422e+01 3.057877e+02
      vertex   5.880570e+01 -1.468692e+01 3.058464e+02
      vertex   5.889151e+01 -1.471556e+01 3.057199e+02
    endloop
  endfacet
  facet normal 7.044583e-01 -4.189033e-01 5.729384e-01
    outer loop
      vertex   5.889151e+01 -1.471556e+01 3.057199e+02
      vertex   5.880570e+01 -1.468692e+01 3.058464e+02
      vertex   5.881274e+01 -1.477150e+01 3.057759e+02
    endloop
  endfacet
  facet normal 7.044583e-01 -5.729384e-01 4.189033e-01
    outer loop
      vertex   5.889151e+01 -1.471556e+01 3.057199e+02
      vertex   5.881274e+01 -1.477150e+01 3.057759e+02
      vertex   5.888474e+01 -1.478335e+01 3.056386e+02
    endloop
  endfacet
  facet normal 7.044583e-01 -5.729384e-01 4.189033e-01
    outer loop
      vertex   5.888474e+01 -1.478335e+01 3.056386e+02
      vertex   5.881274e+01 -1.477150e+01 3.057759e+02
      vertex   5.880570e+01 -1.484200e+01 3.056913e+02
    endloop
  endfacet
  facet normal 9.403510e-01 -1.682005e-01 2.957172e-01
    outer loop
      vertex   5.898754e+01 -1.457410e+01 3.055785e+02
      vertex   5.898229e+01 -1.451105e+01 3.056310e+02
      vertex   5.894460e+01 -1.457460e+01 3.057147e+02
    endloop
  endfacet
  facet normal 3.316751e-01 -7.380702e-01 5.875747e-01
    outer loop
      vertex   5.871141e+01 -1.488338e+01 3.057344e+02
      vertex   5.871837e+01 -1.481370e+01 3.058181e+02
      vertex   5.861312e+01 -1.484003e+01 3.058444e+02
    endloop
  endfacet
  facet normal 3.316751e-01 -5.875747e-01 7.380702e-01
    outer loop
      vertex   5.861312e+01 -1.484003e+01 3.058444e+02
      vertex   5.871837e+01 -1.481370e+01 3.058181e+02
      vertex   5.860658e+01 -1.476157e+01 3.059098e+02
    endloop
  endfacet
  facet normal 8.431394e-01 -3.011149e-01 4.454724e-01
    outer loop
      vertex   5.888474e+01 -1.463422e+01 3.057877e+02
      vertex   5.889151e+01 -1.471556e+01 3.057199e+02
      vertex   5.895076e+01 -1.464864e+01 3.056530e+02
    endloop
  endfacet
  facet normal 8.431394e-01 -4.454724e-01 3.011149e-01
    outer loop
      vertex   5.895076e+01 -1.464864e+01 3.056530e+02
      vertex   5.889151e+01 -1.471556e+01 3.057199e+02
      vertex   5.894460e+01 -1.471036e+01 3.055790e+02
    endloop
  endfacet
  facet normal 9.403510e-01 -2.957172e-01 1.682005e-01
    outer loop
      vertex   5.895076e+01 -1.464864e+01 3.056530e+02
      vertex   5.894460e+01 -1.471036e+01 3.055790e+02
      vertex   5.898229e+01 -1.462665e+01 3.055154e+02
    endloop
  endfacet
  facet normal 8.431394e-01 -4.454724e-01 3.011149e-01
    outer loop
      vertex   5.894460e+01 -1.471036e+01 3.055790e+02
      vertex   5.889151e+01 -1.471556e+01 3.057199e+02
      vertex   5.888474e+01 -1.478335e+01 3.056386e+02
    endloop
  endfacet
  facet normal 3.046771e-01 -8.578902e-01 4.137587e-01
    outer loop
      vertex   5.869087e+01 -1.493574e+01 3.056410e+02
      vertex   5.871141e+01 -1.488338e+01 3.057344e+02
      vertex   5.860658e+01 -1.490543e+01 3.057659e+02
    endloop
  endfacet
  facet normal 3.316751e-01 -7.380702e-01 5.875747e-01
    outer loop
      vertex   5.860658e+01 -1.490543e+01 3.057659e+02
      vertex   5.871141e+01 -1.488338e+01 3.057344e+02
      vertex   5.861312e+01 -1.484003e+01 3.058444e+02
    endloop
  endfacet
  facet normal 2.520005e-01 -9.411792e-01 2.251165e-01
    outer loop
      vertex   5.865776e+01 -1.496822e+01 3.055423e+02
      vertex   5.869087e+01 -1.493574e+01 3.056410e+02
      vertex   5.858731e+01 -1.495456e+01 3.056782e+02
    endloop
  endfacet
  facet normal 3.046771e-01 -8.578902e-01 4.137587e-01
    outer loop
      vertex   5.858731e+01 -1.495456e+01 3.056782e+02
      vertex   5.869087e+01 -1.493574e+01 3.056410e+02
      vertex   5.860658e+01 -1.490543e+01 3.057659e+02
    endloop
  endfacet
  facet normal 2.520005e-01 -9.411792e-01 2.251165e-01
    outer loop
      vertex   5.855623e+01 -1.498504e+01 3.055856e+02
      vertex   5.865776e+01 -1.496822e+01 3.055423e+02
      vertex   5.858731e+01 -1.495456e+01 3.056782e+02
    endloop
  endfacet
  facet normal -9.937122e-01 0.000000e+00 1.119645e-01
    outer loop
      vertex   5.400000e+01 -1.449564e+01 3.035000e+02
      vertex   5.400000e+01 -1.349564e+01 3.035000e+02
      vertex   5.398746e+01 -1.449564e+01 3.033887e+02
    endloop
  endfacet
  facet normal -9.937122e-01 0.000000e+00 1.119645e-01
    outer loop
      vertex   5.398746e+01 -1.449564e+01 3.033887e+02
      vertex   5.400000e+01 -1.349564e+01 3.035000e+02
      vertex   5.398746e+01 -1.349564e+01 3.033887e+02
    endloop
  endfacet
  facet normal -9.438833e-01 0.000000e+00 3.302791e-01
    outer loop
      vertex   5.398746e+01 -1.449564e+01 3.033887e+02
      vertex   5.398746e+01 -1.349564e+01 3.033887e+02
      vertex   5.395049e+01 -1.449564e+01 3.032831e+02
    endloop
  endfacet
  facet normal -9.438833e-01 1.206750e-14 3.302791e-01
    outer loop
      vertex   5.395049e+01 -1.449564e+01 3.032831e+02
      vertex   5.398746e+01 -1.349564e+01 3.033887e+02
      vertex   5.395049e+01 -1.349564e+01 3.032831e+02
    endloop
  endfacet
  facet normal -8.467242e-01 2.422618e-14 5.320321e-01
    outer loop
      vertex   5.395049e+01 -1.449564e+01 3.032831e+02
      vertex   5.395049e+01 -1.349564e+01 3.032831e+02
      vertex   5.389092e+01 -1.449564e+01 3.031883e+02
    endloop
  endfacet
  facet normal -8.467242e-01 0.000000e+00 5.320321e-01
    outer loop
      vertex   5.389092e+01 -1.449564e+01 3.031883e+02
      vertex   5.395049e+01 -1.349564e+01 3.032831e+02
      vertex   5.389092e+01 -1.349564e+01 3.031883e+02
    endloop
  endfacet
  facet normal -7.071068e-01 0.000000e+00 7.071068e-01
    outer loop
      vertex   5.389092e+01 -1.449564e+01 3.031883e+02
      vertex   5.389092e+01 -1.349564e+01 3.031883e+02
      vertex   5.381175e+01 -1.449564e+01 3.031091e+02
    endloop
  endfacet
  facet normal -7.071068e-01 -5.024296e-15 7.071068e-01
    outer loop
      vertex   5.381175e+01 -1.449564e+01 3.031091e+02
      vertex   5.389092e+01 -1.349564e+01 3.031883e+02
      vertex   5.381175e+01 -1.349564e+01 3.031091e+02
    endloop
  endfacet
  facet normal -5.320321e-01 -3.780315e-15 8.467242e-01
    outer loop
      vertex   5.381175e+01 -1.449564e+01 3.031091e+02
      vertex   5.381175e+01 -1.349564e+01 3.031091e+02
      vertex   5.371694e+01 -1.449564e+01 3.030495e+02
    endloop
  endfacet
  facet normal -5.320321e-01 -3.780315e-15 8.467242e-01
    outer loop
      vertex   5.371694e+01 -1.449564e+01 3.030495e+02
      vertex   5.381175e+01 -1.349564e+01 3.031091e+02
      vertex   5.371694e+01 -1.349564e+01 3.030495e+02
    endloop
  endfacet
  facet normal -3.302791e-01 -2.346774e-15 9.438833e-01
    outer loop
      vertex   5.371694e+01 -1.449564e+01 3.030495e+02
      vertex   5.371694e+01 -1.349564e+01 3.030495e+02
      vertex   5.361126e+01 -1.449564e+01 3.030125e+02
    endloop
  endfacet
  facet normal -3.302791e-01 0.000000e+00 9.438833e-01
    outer loop
      vertex   5.361126e+01 -1.449564e+01 3.030125e+02
      vertex   5.371694e+01 -1.349564e+01 3.030495e+02
      vertex   5.361126e+01 -1.349564e+01 3.030125e+02
    endloop
  endfacet
  facet normal -1.119645e-01 0.000000e+00 9.937122e-01
    outer loop
      vertex   5.361126e+01 -1.449564e+01 3.030125e+02
      vertex   5.361126e+01 -1.349564e+01 3.030125e+02
      vertex   5.350000e+01 -1.449564e+01 3.030000e+02
    endloop
  endfacet
  facet normal -1.119645e-01 0.000000e+00 9.937122e-01
    outer loop
      vertex   5.350000e+01 -1.449564e+01 3.030000e+02
      vertex   5.361126e+01 -1.349564e+01 3.030125e+02
      vertex   5.350000e+01 -1.349564e+01 3.030000e+02
    endloop
  endfacet
  facet normal 0.000000e+00 1.000000e+00 0.000000e+00
    outer loop
      vertex   5.436603e+01 -1.299564e+01 3.030000e+02
      vertex   5.442388e+01 -1.299564e+01 3.031173e+02
      vertex   5.490547e+01 -1.299564e+01 3.030000e+02
    endloop
  endfacet
  facet normal 0.000000e+00 1.000000e+00 0.000000e+00
    outer loop
      vertex   5.490547e+01 -1.299564e+01 3.030000e+02
      vertex   5.442388e+01 -1.299564e+01 3.031173e+02
      vertex   5.446593e+01 -1.299564e+01 3.032412e+02
    endloop
  endfacet
  facet normal 0.000000e+00 1.000000e+00 0.000000e+00
    outer loop
      vertex   5.490547e+01 -1.299564e+01 3.030000e+02
      vertex   5.446593e+01 -1.299564e+01 3.032412e+02
      vertex   5.449145e+01 -1.299564e+01 3.033695e+02
    endloop
  endfacet
  facet normal -0.000000e+00 1.000000e+00 0.000000e+00
    outer loop
      vertex   5.449145e+01 -1.299564e+01 3.033695e+02
      vertex   5.450000e+01 -1.299564e+01 3.035000e+02
      vertex   5.490547e+01 -1.299564e+01 3.030000e+02
    endloop
  endfacet
  facet normal 0.000000e+00 1.000000e+00 -0.000000e+00
    outer loop
      vertex   5.490547e+01 -1.299564e+01 3.030000e+02
      vertex   5.450000e+01 -1.299564e+01 3.035000e+02
      vertex   5.490547e+01 -1.299564e+01 3.050000e+02
    endloop
  endfacet
  facet normal 0.000000e+00 1.000000e+00 0.000000e+00
    outer loop
      vertex   5.490547e+01 -1.299564e+01 3.050000e+02
      vertex   5.450000e+01 -1.299564e+01 3.035000e+02
      vertex   5.450000e+01 -1.299564e+01 3.055000e+02
    endloop
  endfacet
  facet normal 0.000000e+00 1.000000e+00 -0.000000e+00
    outer loop
      vertex   5.490547e+01 -1.299564e+01 3.050000e+02
      vertex   5.450000e+01 -1.299564e+01 3.055000e+02
      vertex   5.850000e+01 -1.299564e+01 3.055000e+02
    endloop
  endfacet
  facet normal 0.000000e+00 1.000000e+00 0.000000e+00
    outer loop
      vertex   5.490547e+01 -1.299564e+01 3.050000e+02
      vertex   5.850000e+01 -1.299564e+01 3.055000e+02
      vertex   5.809453e+01 -1.299564e+01 3.050000e+02
    endloop
  endfacet
  facet normal -0.000000e+00 1.000000e+00 0.000000e+00
    outer loop
      vertex   5.809453e+01 -1.299564e+01 3.050000e+02
      vertex   5.850000e+01 -1.299564e+01 3.055000e+02
      vertex   5.850000e+01 -1.299564e+01 3.035000e+02
    endloop
  endfacet
  facet normal 0.000000e+00 1.000000e+00 0.000000e+00
    outer loop
      vertex   5.809453e+01 -1.299564e+01 3.050000e+02
      vertex   5.850000e+01 -1.299564e+01 3.035000e+02
      vertex   5.809453e+01 -1.299564e+01 3.030000e+02
    endloop
  endfacet
  facet normal 0.000000e+00 1.000000e+00 0.000000e+00
    outer loop
      vertex   5.809453e+01 -1.299564e+01 3.030000e+02
      vertex   5.850000e+01 -1.299564e+01 3.035000e+02
      vertex   5.850856e+01 -1.299564e+01 3.033695e+02
    endloop
  endfacet
  facet normal 0.000000e+00 1.000000e+00 0.000000e+00
    outer loop
      vertex   5.809453e+01 -1.299564e+01 3.030000e+02
      vertex   5.850856e+01 -1.299564e+01 3.033695e+02
      vertex   5.853408e+01 -1.299564e+01 3.032412e+02
    endloop
  endfacet
  facet normal 0.000000e+00 1.000000e+00 0.000000e+00
    outer loop
      vertex   5.853408e+01 -1.299564e+01 3.032412e+02
      vertex   5.857612e+01 -1.299564e+01 3.031173e+02
      vertex   5.809453e+01 -1.299564e+01 3.030000e+02
    endloop
  endfacet
  facet normal 0.000000e+00 1.000000e+00 0.000000e+00
    outer loop
      vertex   5.809453e+01 -1.299564e+01 3.030000e+02
      vertex   5.857612e+01 -1.299564e+01 3.031173e+02
      vertex   5.863398e+01 -1.299564e+01 3.030000e+02
    endloop
  endfacet
  facet normal 0.000000e+00 0.000000e+00 1.000000e+00
    outer loop
      vertex   5.450000e+01 -1.449564e+01 3.060000e+02
      vertex   5.850000e+01 -1.449564e+01 3.060000e+02
      vertex   5.450000e+01 -1.349564e+01 3.060000e+02
    endloop
  endfacet
  facet normal -0.000000e+00 0.000000e+00 1.000000e+00
    outer loop
      vertex   5.450000e+01 -1.349564e+01 3.060000e+02
      vertex   5.850000e+01 -1.449564e+01 3.060000e+02
      vertex   5.850000e+01 -1.349564e+01 3.060000e+02
    endloop
  endfacet
  facet normal 9.937122e-01 0.000000e+00 1.119645e-01
    outer loop
      vertex   5.900000e+01 -5.495645e+00 3.035000e+02
      vertex   5.900000e+01 -6.495645e+00 3.035000e+02
      vertex   5.901254e+01 -5.495645e+00 3.033887e+02
    endloop
  endfacet
  facet normal 9.937122e-01 0.000000e+00 1.119645e-01
    outer loop
      vertex   5.901254e+01 -5.495645e+00 3.033887e+02
      vertex   5.900000e+01 -6.495645e+00 3.035000e+02
      vertex   5.901254e+01 -6.495645e+00 3.033887e+02
    endloop
  endfacet
  facet normal 9.438833e-01 0.000000e+00 3.302791e-01
    outer loop
      vertex   5.901254e+01 -5.495645e+00 3.033887e+02
      vertex   5.901254e+01 -6.495645e+00 3.033887e+02
      vertex   5.904952e+01 -5.495645e+00 3.032831e+02
    endloop
  endfacet
  facet normal 9.438833e-01 -1.206750e-14 3.302791e-01
    outer loop
      vertex   5.904952e+01 -5.495645e+00 3.032831e+02
      vertex   5.901254e+01 -6.495645e+00 3.033887e+02
      vertex   5.904952e+01 -6.495645e+00 3.032831e+02
    endloop
  endfacet
  facet normal 8.467242e-01 -2.422618e-14 5.320321e-01
    outer loop
      vertex   5.904952e+01 -5.495645e+00 3.032831e+02
      vertex   5.904952e+01 -6.495645e+00 3.032831e+02
      vertex   5.910909e+01 -5.495645e+00 3.031883e+02
    endloop
  endfacet
  facet normal 8.467242e-01 0.000000e+00 5.320321e-01
    outer loop
      vertex   5.910909e+01 -5.495645e+00 3.031883e+02
      vertex   5.904952e+01 -6.495645e+00 3.032831e+02
      vertex   5.910909e+01 -6.495645e+00 3.031883e+02
    endloop
  endfacet
  facet normal 7.071068e-01 0.000000e+00 7.071068e-01
    outer loop
      vertex   5.910909e+01 -5.495645e+00 3.031883e+02
      vertex   5.910909e+01 -6.495645e+00 3.031883e+02
      vertex   5.918826e+01 -5.495645e+00 3.031091e+02
    endloop
  endfacet
  facet normal 7.071068e-01 5.024296e-15 7.071068e-01
    outer loop
      vertex   5.918826e+01 -5.495645e+00 3.031091e+02
      vertex   5.910909e+01 -6.495645e+00 3.031883e+02
      vertex   5.918826e+01 -6.495645e+00 3.031091e+02
    endloop
  endfacet
  facet normal 5.320321e-01 3.780315e-15 8.467242e-01
    outer loop
      vertex   5.918826e+01 -5.495645e+00 3.031091e+02
      vertex   5.918826e+01 -6.495645e+00 3.031091e+02
      vertex   5.928306e+01 -5.495645e+00 3.030495e+02
    endloop
  endfacet
  facet normal 5.320321e-01 3.780315e-15 8.467242e-01
    outer loop
      vertex   5.928306e+01 -5.495645e+00 3.030495e+02
      vertex   5.918826e+01 -6.495645e+00 3.031091e+02
      vertex   5.928306e+01 -6.495645e+00 3.030495e+02
    endloop
  endfacet
  facet normal 3.302791e-01 2.346774e-15 9.438833e-01
    outer loop
      vertex   5.928306e+01 -5.495645e+00 3.030495e+02
      vertex   5.928306e+01 -6.495645e+00 3.030495e+02
      vertex   5.938874e+01 -5.495645e+00 3.030125e+02
    endloop
  endfacet
  facet normal 3.302791e-01 0.000000e+00 9.438833e-01
    outer loop
      vertex   5.938874e+01 -5.495645e+00 3.030125e+02
      vertex   5.928306e+01 -6.495645e+00 3.030495e+02
      vertex   5.938874e+01 -6.495645e+00 3.030125e+02
    endloop
  endfacet
  facet normal 1.119645e-01 0.000000e+00 9.937122e-01
    outer loop
      vertex   5.938874e+01 -5.495645e+00 3.030125e+02
      vertex   5.938874e+01 -6.495645e+00 3.030125e+02
      vertex   5.950000e+01 -5.495645e+00 3.030000e+02
    endloop
  endfacet
  facet normal 1.119645e-01 0.000000e+00 9.937122e-01
    outer loop
      vertex   5.950000e+01 -5.495645e+00 3.030000e+02
      vertex   5.938874e+01 -6.495645e+00 3.030125e+02
      vertex   5.950000e+01 -6.495645e+00 3.030000e+02
    endloop
  endfacet
  facet normal 1.006306e-01 4.962554e-02 9.936855e-01
    outer loop
      vertex   5.942388e+01 -5.112961e+00 3.030000e+02
      vertex   5.936603e+01 -4.995645e+00 3.030000e+02
      vertex   5.926967e+01 -5.051275e+00 3.030125e+02
    endloop
  endfacet
  facet normal 9.985702e-02 5.096777e-02 9.936956e-01
    outer loop
      vertex   5.926967e+01 -5.051275e+00 3.030125e+02
      vertex   5.936603e+01 -4.995645e+00 3.030000e+02
      vertex   5.924078e+01 -4.995645e+00 3.030126e+02
    endloop
  endfacet
  facet normal 2.575443e-01 1.329099e-01 9.570820e-01
    outer loop
      vertex   5.926967e+01 -5.051275e+00 3.030125e+02
      vertex   5.924078e+01 -4.995645e+00 3.030126e+02
      vertex   5.911429e+01 -4.995645e+00 3.030466e+02
    endloop
  endfacet
  facet normal 3.805786e-01 2.248615e-01 8.969934e-01
    outer loop
      vertex   5.899669e+01 -4.995645e+00 3.030965e+02
      vertex   5.912124e+01 -5.018949e+00 3.030495e+02
      vertex   5.911429e+01 -4.995645e+00 3.030466e+02
    endloop
  endfacet
  facet normal 3.112022e-01 2.079387e-01 9.273158e-01
    outer loop
      vertex   5.911429e+01 -4.995645e+00 3.030466e+02
      vertex   5.912124e+01 -5.018949e+00 3.030495e+02
      vertex   5.917815e+01 -5.104116e+00 3.030495e+02
    endloop
  endfacet
  facet normal 2.737008e-01 1.862964e-01 9.436003e-01
    outer loop
      vertex   5.911429e+01 -4.995645e+00 3.030466e+02
      vertex   5.917815e+01 -5.104116e+00 3.030495e+02
      vertex   5.926967e+01 -5.051275e+00 3.030125e+02
    endloop
  endfacet
  facet normal 2.967843e-01 1.463578e-01 9.436622e-01
    outer loop
      vertex   5.926967e+01 -5.051275e+00 3.030125e+02
      vertex   5.917815e+01 -5.104116e+00 3.030495e+02
      vertex   5.932109e+01 -5.155539e+00 3.030125e+02
    endloop
  endfacet
  facet normal 1.006306e-01 4.962554e-02 9.936855e-01
    outer loop
      vertex   5.926967e+01 -5.051275e+00 3.030125e+02
      vertex   5.932109e+01 -5.155539e+00 3.030125e+02
      vertex   5.942388e+01 -5.112961e+00 3.030000e+02
    endloop
  endfacet
  facet normal 1.062472e-01 3.606605e-02 9.936855e-01
    outer loop
      vertex   5.942388e+01 -5.112961e+00 3.030000e+02
      vertex   5.932109e+01 -5.155539e+00 3.030125e+02
      vertex   5.946593e+01 -5.236826e+00 3.030000e+02
    endloop
  endfacet
  facet normal 1.062472e-01 3.606605e-02 9.936855e-01
    outer loop
      vertex   5.946593e+01 -5.236826e+00 3.030000e+02
      vertex   5.932109e+01 -5.155539e+00 3.030125e+02
      vertex   5.935846e+01 -5.265622e+00 3.030125e+02
    endloop
  endfacet
  facet normal 1.100458e-01 2.188946e-02 9.936855e-01
    outer loop
      vertex   5.946593e+01 -5.236826e+00 3.030000e+02
      vertex   5.935846e+01 -5.265622e+00 3.030125e+02
      vertex   5.949145e+01 -5.365119e+00 3.030000e+02
    endloop
  endfacet
  facet normal 1.100458e-01 2.188946e-02 9.936855e-01
    outer loop
      vertex   5.949145e+01 -5.365119e+00 3.030000e+02
      vertex   5.935846e+01 -5.265622e+00 3.030125e+02
      vertex   5.938114e+01 -5.379641e+00 3.030125e+02
    endloop
  endfacet
  facet normal 1.119615e-01 7.338342e-03 9.936855e-01
    outer loop
      vertex   5.949145e+01 -5.365119e+00 3.030000e+02
      vertex   5.938114e+01 -5.379641e+00 3.030125e+02
      vertex   5.950000e+01 -5.495645e+00 3.030000e+02
    endloop
  endfacet
  facet normal 1.119615e-01 7.338342e-03 9.936855e-01
    outer loop
      vertex   5.950000e+01 -5.495645e+00 3.030000e+02
      vertex   5.938114e+01 -5.379641e+00 3.030125e+02
      vertex   5.938874e+01 -5.495645e+00 3.030125e+02
    endloop
  endfacet
  facet normal 3.302017e-01 2.164256e-02 9.436622e-01
    outer loop
      vertex   5.938874e+01 -5.495645e+00 3.030125e+02
      vertex   5.938114e+01 -5.379641e+00 3.030125e+02
      vertex   5.927636e+01 -5.393435e+00 3.030495e+02
    endloop
  endfacet
  facet normal 3.302017e-01 2.164256e-02 9.436622e-01
    outer loop
      vertex   5.938874e+01 -5.495645e+00 3.030125e+02
      vertex   5.927636e+01 -5.393435e+00 3.030495e+02
      vertex   5.928306e+01 -5.495645e+00 3.030495e+02
    endloop
  endfacet
  facet normal 5.317089e-01 3.485004e-02 8.462099e-01
    outer loop
      vertex   5.928306e+01 -5.495645e+00 3.030495e+02
      vertex   5.927636e+01 -5.393435e+00 3.030495e+02
      vertex   5.918237e+01 -5.405809e+00 3.031091e+02
    endloop
  endfacet
  facet normal 5.317089e-01 3.485004e-02 8.462099e-01
    outer loop
      vertex   5.928306e+01 -5.495645e+00 3.030495e+02
      vertex   5.918237e+01 -5.405809e+00 3.031091e+02
      vertex   5.918826e+01 -5.495645e+00 3.031091e+02
    endloop
  endfacet
  facet normal 7.063486e-01 4.629653e-02 7.063486e-01
    outer loop
      vertex   5.918826e+01 -5.495645e+00 3.031091e+02
      vertex   5.918237e+01 -5.405809e+00 3.031091e+02
      vertex   5.910387e+01 -5.416143e+00 3.031883e+02
    endloop
  endfacet
  facet normal 7.063486e-01 4.629653e-02 7.063486e-01
    outer loop
      vertex   5.918826e+01 -5.495645e+00 3.031091e+02
      vertex   5.910387e+01 -5.416143e+00 3.031883e+02
      vertex   5.910909e+01 -5.495645e+00 3.031883e+02
    endloop
  endfacet
  facet normal 8.454233e-01 5.541197e-02 5.312146e-01
    outer loop
      vertex   5.910909e+01 -5.495645e+00 3.031883e+02
      vertex   5.910387e+01 -5.416143e+00 3.031883e+02
      vertex   5.904482e+01 -5.423919e+00 3.032831e+02
    endloop
  endfacet
  facet normal 8.454233e-01 5.541197e-02 5.312146e-01
    outer loop
      vertex   5.910909e+01 -5.495645e+00 3.031883e+02
      vertex   5.904482e+01 -5.423919e+00 3.032831e+02
      vertex   5.904952e+01 -5.495645e+00 3.032831e+02
    endloop
  endfacet
  facet normal 9.420822e-01 6.174733e-02 3.296488e-01
    outer loop
      vertex   5.904952e+01 -5.495645e+00 3.032831e+02
      vertex   5.904482e+01 -5.423919e+00 3.032831e+02
      vertex   5.900815e+01 -5.428745e+00 3.033887e+02
    endloop
  endfacet
  facet normal 9.420822e-01 6.174733e-02 3.296488e-01
    outer loop
      vertex   5.904952e+01 -5.495645e+00 3.032831e+02
      vertex   5.900815e+01 -5.428745e+00 3.033887e+02
      vertex   5.901254e+01 -5.495645e+00 3.033887e+02
    endloop
  endfacet
  facet normal 9.916112e-01 6.499363e-02 1.117277e-01
    outer loop
      vertex   5.901254e+01 -5.495645e+00 3.033887e+02
      vertex   5.900815e+01 -5.428745e+00 3.033887e+02
      vertex   5.900000e+01 -5.495645e+00 3.035000e+02
    endloop
  endfacet
  facet normal 9.840978e-01 1.108812e-01 1.387689e-01
    outer loop
      vertex   5.900000e+01 -5.495645e+00 3.035000e+02
      vertex   5.900815e+01 -5.428745e+00 3.033887e+02
      vertex   5.898746e+01 -5.384384e+00 3.035000e+02
    endloop
  endfacet
  facet normal 9.754657e-01 1.940322e-01 1.040104e-01
    outer loop
      vertex   5.898746e+01 -5.384384e+00 3.035000e+02
      vertex   5.900815e+01 -5.428745e+00 3.033887e+02
      vertex   5.899507e+01 -5.362991e+00 3.033887e+02
    endloop
  endfacet
  facet normal 9.394366e-01 3.188958e-01 1.255560e-01
    outer loop
      vertex   5.898746e+01 -5.384384e+00 3.035000e+02
      vertex   5.899507e+01 -5.362991e+00 3.033887e+02
      vertex   5.897352e+01 -5.299506e+00 3.033887e+02
    endloop
  endfacet
  facet normal 8.940002e-01 3.034722e-01 3.296488e-01
    outer loop
      vertex   5.897352e+01 -5.299506e+00 3.033887e+02
      vertex   5.899507e+01 -5.362991e+00 3.033887e+02
      vertex   5.903079e+01 -5.353420e+00 3.032831e+02
    endloop
  endfacet
  facet normal 8.940002e-01 3.034722e-01 3.296488e-01
    outer loop
      vertex   5.897352e+01 -5.299506e+00 3.033887e+02
      vertex   5.903079e+01 -5.353420e+00 3.032831e+02
      vertex   5.900769e+01 -5.285354e+00 3.032831e+02
    endloop
  endfacet
  facet normal 8.022745e-01 2.723355e-01 5.312146e-01
    outer loop
      vertex   5.900769e+01 -5.285354e+00 3.032831e+02
      vertex   5.903079e+01 -5.353420e+00 3.032831e+02
      vertex   5.908833e+01 -5.338002e+00 3.031883e+02
    endloop
  endfacet
  facet normal 8.022745e-01 2.723355e-01 5.312146e-01
    outer loop
      vertex   5.900769e+01 -5.285354e+00 3.032831e+02
      vertex   5.908833e+01 -5.338002e+00 3.031883e+02
      vertex   5.906272e+01 -5.262558e+00 3.031883e+02
    endloop
  endfacet
  facet normal 6.702979e-01 2.275355e-01 7.063486e-01
    outer loop
      vertex   5.906272e+01 -5.262558e+00 3.031883e+02
      vertex   5.908833e+01 -5.338002e+00 3.031883e+02
      vertex   5.916480e+01 -5.317511e+00 3.031091e+02
    endloop
  endfacet
  facet normal 6.702979e-01 2.275355e-01 7.063486e-01
    outer loop
      vertex   5.906272e+01 -5.262558e+00 3.031883e+02
      vertex   5.916480e+01 -5.317511e+00 3.031091e+02
      vertex   5.913587e+01 -5.232261e+00 3.031091e+02
    endloop
  endfacet
  facet normal 5.045715e-01 1.712789e-01 8.462099e-01
    outer loop
      vertex   5.913587e+01 -5.232261e+00 3.031091e+02
      vertex   5.916480e+01 -5.317511e+00 3.031091e+02
      vertex   5.925638e+01 -5.292974e+00 3.030495e+02
    endloop
  endfacet
  facet normal 5.045715e-01 1.712789e-01 8.462099e-01
    outer loop
      vertex   5.913587e+01 -5.232261e+00 3.031091e+02
      vertex   5.925638e+01 -5.292974e+00 3.030495e+02
      vertex   5.922345e+01 -5.195981e+00 3.030495e+02
    endloop
  endfacet
  facet normal 3.133488e-01 1.063676e-01 9.436622e-01
    outer loop
      vertex   5.922345e+01 -5.195981e+00 3.030495e+02
      vertex   5.925638e+01 -5.292974e+00 3.030495e+02
      vertex   5.935846e+01 -5.265622e+00 3.030125e+02
    endloop
  endfacet
  facet normal 3.133488e-01 1.063676e-01 9.436622e-01
    outer loop
      vertex   5.922345e+01 -5.195981e+00 3.030495e+02
      vertex   5.935846e+01 -5.265622e+00 3.030125e+02
      vertex   5.932109e+01 -5.155539e+00 3.030125e+02
    endloop
  endfacet
  facet normal 4.698955e-01 3.922484e-01 7.907841e-01
    outer loop
      vertex   5.889013e+01 -4.995645e+00 3.031598e+02
      vertex   5.898667e+01 -5.008975e+00 3.031091e+02
      vertex   5.899669e+01 -4.995645e+00 3.030965e+02
    endloop
  endfacet
  facet normal 4.586388e-01 4.022154e-01 7.923845e-01
    outer loop
      vertex   5.899669e+01 -4.995645e+00 3.030965e+02
      vertex   5.898667e+01 -5.008975e+00 3.031091e+02
      vertex   5.904603e+01 -5.076662e+00 3.031091e+02
    endloop
  endfacet
  facet normal 3.877644e-01 3.672754e-01 8.454274e-01
    outer loop
      vertex   5.899669e+01 -4.995645e+00 3.030965e+02
      vertex   5.904603e+01 -5.076662e+00 3.031091e+02
      vertex   5.912124e+01 -5.018949e+00 3.030495e+02
    endloop
  endfacet
  facet normal 4.430484e-01 2.960355e-01 8.462099e-01
    outer loop
      vertex   5.912124e+01 -5.018949e+00 3.030495e+02
      vertex   5.904603e+01 -5.076662e+00 3.031091e+02
      vertex   5.917815e+01 -5.104116e+00 3.030495e+02
    endloop
  endfacet
  facet normal 4.917875e-01 5.609062e-01 6.659800e-01
    outer loop
      vertex   5.878590e+01 -4.995645e+00 3.032368e+02
      vertex   5.887079e+01 -5.012426e+00 3.031883e+02
      vertex   5.889013e+01 -4.995645e+00 3.031598e+02
    endloop
  endfacet
  facet normal 4.918485e-01 5.608457e-01 6.659858e-01
    outer loop
      vertex   5.889013e+01 -4.995645e+00 3.031598e+02
      vertex   5.887079e+01 -5.012426e+00 3.031883e+02
      vertex   5.893069e+01 -5.064957e+00 3.031883e+02
    endloop
  endfacet
  facet normal 4.467602e-01 5.505434e-01 7.052002e-01
    outer loop
      vertex   5.889013e+01 -4.995645e+00 3.031598e+02
      vertex   5.893069e+01 -5.064957e+00 3.031883e+02
      vertex   5.898667e+01 -5.008975e+00 3.031091e+02
    endloop
  endfacet
  facet normal 5.322005e-01 4.667273e-01 7.063486e-01
    outer loop
      vertex   5.898667e+01 -5.008975e+00 3.031091e+02
      vertex   5.893069e+01 -5.064957e+00 3.031883e+02
      vertex   5.904603e+01 -5.076662e+00 3.031091e+02
    endloop
  endfacet
  facet normal 4.227722e-01 7.578995e-01 4.968421e-01
    outer loop
      vertex   5.868518e+01 -4.995645e+00 3.033225e+02
      vertex   5.877476e+01 -5.019750e+00 3.032831e+02
      vertex   5.878590e+01 -4.995645e+00 3.032368e+02
    endloop
  endfacet
  facet normal 4.832535e-01 7.232400e-01 4.933456e-01
    outer loop
      vertex   5.878590e+01 -4.995645e+00 3.032368e+02
      vertex   5.877476e+01 -5.019750e+00 3.032831e+02
      vertex   5.883452e+01 -5.059685e+00 3.032831e+02
    endloop
  endfacet
  facet normal 4.457727e-01 7.213151e-01 5.300860e-01
    outer loop
      vertex   5.878590e+01 -4.995645e+00 3.032368e+02
      vertex   5.883452e+01 -5.059685e+00 3.032831e+02
      vertex   5.887079e+01 -5.012426e+00 3.031883e+02
    endloop
  endfacet
  facet normal 5.586223e-01 6.369867e-01 5.312146e-01
    outer loop
      vertex   5.887079e+01 -5.012426e+00 3.031883e+02
      vertex   5.883452e+01 -5.059685e+00 3.032831e+02
      vertex   5.893069e+01 -5.064957e+00 3.031883e+02
    endloop
  endfacet
  facet normal 2.732042e-01 9.187550e-01 2.850415e-01
    outer loop
      vertex   5.850000e+01 -4.995645e+00 3.035000e+02
      vertex   5.863265e+01 -5.000573e+00 3.033887e+02
      vertex   5.868518e+01 -4.995645e+00 3.033225e+02
    endloop
  endfacet
  facet normal 3.056645e-01 9.004587e-01 3.094242e-01
    outer loop
      vertex   5.868518e+01 -4.995645e+00 3.033225e+02
      vertex   5.863265e+01 -5.000573e+00 3.033887e+02
      vertex   5.869614e+01 -5.022123e+00 3.033887e+02
    endloop
  endfacet
  facet normal 4.253081e-01 8.624396e-01 2.744285e-01
    outer loop
      vertex   5.868518e+01 -4.995645e+00 3.033225e+02
      vertex   5.869614e+01 -5.022123e+00 3.033887e+02
      vertex   5.875627e+01 -5.051775e+00 3.033887e+02
    endloop
  endfacet
  facet normal 4.399608e-01 8.921522e-01 1.024641e-01
    outer loop
      vertex   5.875627e+01 -5.051775e+00 3.033887e+02
      vertex   5.869614e+01 -5.022123e+00 3.033887e+02
      vertex   5.871694e+01 -5.045160e+00 3.035000e+02
    endloop
  endfacet
  facet normal 5.270581e-01 8.388081e-01 1.364212e-01
    outer loop
      vertex   5.875627e+01 -5.051775e+00 3.033887e+02
      vertex   5.871694e+01 -5.045160e+00 3.035000e+02
      vertex   5.881175e+01 -5.104729e+00 3.035000e+02
    endloop
  endfacet
  facet normal 1.115189e-01 9.897580e-01 8.912168e-02
    outer loop
      vertex   5.850000e+01 -4.995645e+00 3.035000e+02
      vertex   5.861126e+01 -5.008181e+00 3.035000e+02
      vertex   5.863265e+01 -5.000573e+00 3.033887e+02
    endloop
  endfacet
  facet normal 3.276042e-01 9.362390e-01 1.270119e-01
    outer loop
      vertex   5.863265e+01 -5.000573e+00 3.033887e+02
      vertex   5.861126e+01 -5.008181e+00 3.035000e+02
      vertex   5.871694e+01 -5.045160e+00 3.035000e+02
    endloop
  endfacet
  facet normal 3.185088e-01 9.382967e-01 1.347269e-01
    outer loop
      vertex   5.863265e+01 -5.000573e+00 3.033887e+02
      vertex   5.871694e+01 -5.045160e+00 3.035000e+02
      vertex   5.869614e+01 -5.022123e+00 3.033887e+02
    endloop
  endfacet
  facet normal 7.001877e-01 7.001877e-01 1.395510e-01
    outer loop
      vertex   5.889092e+01 -5.183900e+00 3.035000e+02
      vertex   5.886242e+01 -5.133227e+00 3.033887e+02
      vertex   5.881175e+01 -5.104729e+00 3.035000e+02
    endloop
  endfacet
  facet normal 6.555534e-01 7.475154e-01 1.071002e-01
    outer loop
      vertex   5.881175e+01 -5.104729e+00 3.035000e+02
      vertex   5.886242e+01 -5.133227e+00 3.033887e+02
      vertex   5.881201e+01 -5.089023e+00 3.033887e+02
    endloop
  endfacet
  facet normal 5.516965e-01 8.256721e-01 1.178840e-01
    outer loop
      vertex   5.881175e+01 -5.104729e+00 3.035000e+02
      vertex   5.881201e+01 -5.089023e+00 3.033887e+02
      vertex   5.875627e+01 -5.051775e+00 3.033887e+02
    endloop
  endfacet
  facet normal 5.245159e-01 7.849935e-01 3.296488e-01
    outer loop
      vertex   5.875627e+01 -5.051775e+00 3.033887e+02
      vertex   5.881201e+01 -5.089023e+00 3.033887e+02
      vertex   5.883452e+01 -5.059685e+00 3.032831e+02
    endloop
  endfacet
  facet normal 5.245159e-01 7.849935e-01 3.296488e-01
    outer loop
      vertex   5.875627e+01 -5.051775e+00 3.033887e+02
      vertex   5.883452e+01 -5.059685e+00 3.032831e+02
      vertex   5.877476e+01 -5.019750e+00 3.032831e+02
    endloop
  endfacet
  facet normal 7.475154e-01 6.555534e-01 1.071002e-01
    outer loop
      vertex   5.886242e+01 -5.133227e+00 3.033887e+02
      vertex   5.889092e+01 -5.183900e+00 3.035000e+02
      vertex   5.890662e+01 -5.183633e+00 3.033887e+02
    endloop
  endfacet
  facet normal 8.406122e-01 5.281916e-01 1.199366e-01
    outer loop
      vertex   5.890662e+01 -5.183633e+00 3.033887e+02
      vertex   5.889092e+01 -5.183900e+00 3.035000e+02
      vertex   5.895049e+01 -5.278703e+00 3.035000e+02
    endloop
  endfacet
  facet normal 8.226367e-01 5.496682e-01 1.453745e-01
    outer loop
      vertex   5.890662e+01 -5.183633e+00 3.033887e+02
      vertex   5.895049e+01 -5.278703e+00 3.035000e+02
      vertex   5.894387e+01 -5.239377e+00 3.033887e+02
    endloop
  endfacet
  facet normal 8.921522e-01 4.399608e-01 1.024641e-01
    outer loop
      vertex   5.894387e+01 -5.239377e+00 3.033887e+02
      vertex   5.895049e+01 -5.278703e+00 3.035000e+02
      vertex   5.897352e+01 -5.299506e+00 3.033887e+02
    endloop
  endfacet
  facet normal 8.467408e-01 4.175664e-01 3.296488e-01
    outer loop
      vertex   5.894387e+01 -5.239377e+00 3.033887e+02
      vertex   5.897352e+01 -5.299506e+00 3.033887e+02
      vertex   5.900769e+01 -5.285354e+00 3.032831e+02
    endloop
  endfacet
  facet normal 9.355606e-01 3.273668e-01 1.325042e-01
    outer loop
      vertex   5.895049e+01 -5.278703e+00 3.035000e+02
      vertex   5.898746e+01 -5.384384e+00 3.035000e+02
      vertex   5.897352e+01 -5.299506e+00 3.033887e+02
    endloop
  endfacet
  facet normal 7.849935e-01 5.245159e-01 3.296488e-01
    outer loop
      vertex   5.894387e+01 -5.239377e+00 3.033887e+02
      vertex   5.897590e+01 -5.220887e+00 3.032831e+02
      vertex   5.890662e+01 -5.183633e+00 3.033887e+02
    endloop
  endfacet
  facet normal 7.849935e-01 5.245159e-01 3.296488e-01
    outer loop
      vertex   5.890662e+01 -5.183633e+00 3.033887e+02
      vertex   5.897590e+01 -5.220887e+00 3.032831e+02
      vertex   5.893596e+01 -5.161121e+00 3.032831e+02
    endloop
  endfacet
  facet normal 7.098147e-01 6.224908e-01 3.296488e-01
    outer loop
      vertex   5.890662e+01 -5.183633e+00 3.033887e+02
      vertex   5.893596e+01 -5.161121e+00 3.032831e+02
      vertex   5.886242e+01 -5.133227e+00 3.033887e+02
    endloop
  endfacet
  facet normal 7.098147e-01 6.224908e-01 3.296488e-01
    outer loop
      vertex   5.886242e+01 -5.133227e+00 3.033887e+02
      vertex   5.893596e+01 -5.161121e+00 3.032831e+02
      vertex   5.888857e+01 -5.107079e+00 3.032831e+02
    endloop
  endfacet
  facet normal 6.224908e-01 7.098147e-01 3.296488e-01
    outer loop
      vertex   5.886242e+01 -5.133227e+00 3.033887e+02
      vertex   5.888857e+01 -5.107079e+00 3.032831e+02
      vertex   5.881201e+01 -5.089023e+00 3.033887e+02
    endloop
  endfacet
  facet normal 6.224908e-01 7.098147e-01 3.296488e-01
    outer loop
      vertex   5.881201e+01 -5.089023e+00 3.033887e+02
      vertex   5.888857e+01 -5.107079e+00 3.032831e+02
      vertex   5.883452e+01 -5.059685e+00 3.032831e+02
    endloop
  endfacet
  facet normal 7.044520e-01 4.706998e-01 5.312146e-01
    outer loop
      vertex   5.897590e+01 -5.220887e+00 3.032831e+02
      vertex   5.902748e+01 -5.191103e+00 3.031883e+02
      vertex   5.893596e+01 -5.161121e+00 3.032831e+02
    endloop
  endfacet
  facet normal 7.044520e-01 4.706998e-01 5.312146e-01
    outer loop
      vertex   5.893596e+01 -5.161121e+00 3.032831e+02
      vertex   5.902748e+01 -5.191103e+00 3.031883e+02
      vertex   5.898322e+01 -5.124858e+00 3.031883e+02
    endloop
  endfacet
  facet normal 6.369867e-01 5.586223e-01 5.312146e-01
    outer loop
      vertex   5.893596e+01 -5.161121e+00 3.032831e+02
      vertex   5.898322e+01 -5.124858e+00 3.031883e+02
      vertex   5.888857e+01 -5.107079e+00 3.032831e+02
    endloop
  endfacet
  facet normal 6.369867e-01 5.586223e-01 5.312146e-01
    outer loop
      vertex   5.888857e+01 -5.107079e+00 3.032831e+02
      vertex   5.898322e+01 -5.124858e+00 3.031883e+02
      vertex   5.893069e+01 -5.064957e+00 3.031883e+02
    endloop
  endfacet
  facet normal 5.586223e-01 6.369867e-01 5.312146e-01
    outer loop
      vertex   5.888857e+01 -5.107079e+00 3.032831e+02
      vertex   5.893069e+01 -5.064957e+00 3.031883e+02
      vertex   5.883452e+01 -5.059685e+00 3.032831e+02
    endloop
  endfacet
  facet normal 8.467408e-01 4.175664e-01 3.296488e-01
    outer loop
      vertex   5.894387e+01 -5.239377e+00 3.033887e+02
      vertex   5.900769e+01 -5.285354e+00 3.032831e+02
      vertex   5.897590e+01 -5.220887e+00 3.032831e+02
    endloop
  endfacet
  facet normal 7.598640e-01 3.747235e-01 5.312146e-01
    outer loop
      vertex   5.897590e+01 -5.220887e+00 3.032831e+02
      vertex   5.900769e+01 -5.285354e+00 3.032831e+02
      vertex   5.906272e+01 -5.262558e+00 3.031883e+02
    endloop
  endfacet
  facet normal 7.598640e-01 3.747235e-01 5.312146e-01
    outer loop
      vertex   5.897590e+01 -5.220887e+00 3.032831e+02
      vertex   5.906272e+01 -5.262558e+00 3.031883e+02
      vertex   5.902748e+01 -5.191103e+00 3.031883e+02
    endloop
  endfacet
  facet normal 6.348641e-01 3.130803e-01 7.063486e-01
    outer loop
      vertex   5.902748e+01 -5.191103e+00 3.031883e+02
      vertex   5.906272e+01 -5.262558e+00 3.031883e+02
      vertex   5.913587e+01 -5.232261e+00 3.031091e+02
    endloop
  endfacet
  facet normal 6.348641e-01 3.130803e-01 7.063486e-01
    outer loop
      vertex   5.902748e+01 -5.191103e+00 3.031883e+02
      vertex   5.913587e+01 -5.232261e+00 3.031091e+02
      vertex   5.909605e+01 -5.151517e+00 3.031091e+02
    endloop
  endfacet
  facet normal 4.778984e-01 2.356734e-01 8.462099e-01
    outer loop
      vertex   5.909605e+01 -5.151517e+00 3.031091e+02
      vertex   5.913587e+01 -5.232261e+00 3.031091e+02
      vertex   5.922345e+01 -5.195981e+00 3.030495e+02
    endloop
  endfacet
  facet normal 4.778984e-01 2.356734e-01 8.462099e-01
    outer loop
      vertex   5.909605e+01 -5.151517e+00 3.031091e+02
      vertex   5.922345e+01 -5.195981e+00 3.030495e+02
      vertex   5.917815e+01 -5.104116e+00 3.030495e+02
    endloop
  endfacet
  facet normal 2.967843e-01 1.463578e-01 9.436622e-01
    outer loop
      vertex   5.917815e+01 -5.104116e+00 3.030495e+02
      vertex   5.922345e+01 -5.195981e+00 3.030495e+02
      vertex   5.932109e+01 -5.155539e+00 3.030125e+02
    endloop
  endfacet
  facet normal 5.885675e-01 3.932683e-01 7.063486e-01
    outer loop
      vertex   5.902748e+01 -5.191103e+00 3.031883e+02
      vertex   5.909605e+01 -5.151517e+00 3.031091e+02
      vertex   5.898322e+01 -5.124858e+00 3.031883e+02
    endloop
  endfacet
  facet normal 5.885675e-01 3.932683e-01 7.063486e-01
    outer loop
      vertex   5.898322e+01 -5.124858e+00 3.031883e+02
      vertex   5.909605e+01 -5.151517e+00 3.031091e+02
      vertex   5.904603e+01 -5.076662e+00 3.031091e+02
    endloop
  endfacet
  facet normal 5.322005e-01 4.667273e-01 7.063486e-01
    outer loop
      vertex   5.898322e+01 -5.124858e+00 3.031883e+02
      vertex   5.904603e+01 -5.076662e+00 3.031091e+02
      vertex   5.893069e+01 -5.064957e+00 3.031883e+02
    endloop
  endfacet
  facet normal 4.430484e-01 2.960355e-01 8.462099e-01
    outer loop
      vertex   5.909605e+01 -5.151517e+00 3.031091e+02
      vertex   5.917815e+01 -5.104116e+00 3.030495e+02
      vertex   5.904603e+01 -5.076662e+00 3.031091e+02
    endloop
  endfacet
  facet normal 3.776232e-01 8.657590e-01 3.284237e-01
    outer loop
      vertex   5.875627e+01 -5.051775e+00 3.033887e+02
      vertex   5.877476e+01 -5.019750e+00 3.032831e+02
      vertex   5.868518e+01 -4.995645e+00 3.033225e+02
    endloop
  endfacet
  facet normal 9.259629e-01 1.841855e-01 3.296488e-01
    outer loop
      vertex   5.903079e+01 -5.353420e+00 3.032831e+02
      vertex   5.899507e+01 -5.362991e+00 3.033887e+02
      vertex   5.904482e+01 -5.423919e+00 3.032831e+02
    endloop
  endfacet
  facet normal 9.259629e-01 1.841855e-01 3.296488e-01
    outer loop
      vertex   5.904482e+01 -5.423919e+00 3.032831e+02
      vertex   5.899507e+01 -5.362991e+00 3.033887e+02
      vertex   5.900815e+01 -5.428745e+00 3.033887e+02
    endloop
  endfacet
  facet normal 8.309578e-01 1.652878e-01 5.312146e-01
    outer loop
      vertex   5.908833e+01 -5.338002e+00 3.031883e+02
      vertex   5.903079e+01 -5.353420e+00 3.032831e+02
      vertex   5.910387e+01 -5.416143e+00 3.031883e+02
    endloop
  endfacet
  facet normal 8.309578e-01 1.652878e-01 5.312146e-01
    outer loop
      vertex   5.910387e+01 -5.416143e+00 3.031883e+02
      vertex   5.903079e+01 -5.353420e+00 3.032831e+02
      vertex   5.904482e+01 -5.423919e+00 3.032831e+02
    endloop
  endfacet
  facet normal 6.942628e-01 1.380974e-01 7.063486e-01
    outer loop
      vertex   5.916480e+01 -5.317511e+00 3.031091e+02
      vertex   5.908833e+01 -5.338002e+00 3.031883e+02
      vertex   5.918237e+01 -5.405809e+00 3.031091e+02
    endloop
  endfacet
  facet normal 6.942628e-01 1.380974e-01 7.063486e-01
    outer loop
      vertex   5.918237e+01 -5.405809e+00 3.031091e+02
      vertex   5.908833e+01 -5.338002e+00 3.031883e+02
      vertex   5.910387e+01 -5.416143e+00 3.031883e+02
    endloop
  endfacet
  facet normal 5.226112e-01 1.039538e-01 8.462099e-01
    outer loop
      vertex   5.925638e+01 -5.292974e+00 3.030495e+02
      vertex   5.916480e+01 -5.317511e+00 3.031091e+02
      vertex   5.927636e+01 -5.393435e+00 3.030495e+02
    endloop
  endfacet
  facet normal 5.226112e-01 1.039538e-01 8.462099e-01
    outer loop
      vertex   5.927636e+01 -5.393435e+00 3.030495e+02
      vertex   5.916480e+01 -5.317511e+00 3.031091e+02
      vertex   5.918237e+01 -5.405809e+00 3.031091e+02
    endloop
  endfacet
  facet normal 3.245519e-01 6.455738e-02 9.436622e-01
    outer loop
      vertex   5.935846e+01 -5.265622e+00 3.030125e+02
      vertex   5.925638e+01 -5.292974e+00 3.030495e+02
      vertex   5.938114e+01 -5.379641e+00 3.030125e+02
    endloop
  endfacet
  facet normal 3.245519e-01 6.455738e-02 9.436622e-01
    outer loop
      vertex   5.938114e+01 -5.379641e+00 3.030125e+02
      vertex   5.925638e+01 -5.292974e+00 3.030495e+02
      vertex   5.927636e+01 -5.393435e+00 3.030495e+02
    endloop
  endfacet
  facet normal 0.000000e+00 0.000000e+00 1.000000e+00
    outer loop
      vertex   5.936603e+01 -4.995645e+00 3.030000e+02
      vertex   5.942388e+01 -5.112961e+00 3.030000e+02
      vertex   6.450000e+01 -4.995645e+00 3.030000e+02
    endloop
  endfacet
  facet normal 0.000000e+00 0.000000e+00 1.000000e+00
    outer loop
      vertex   6.450000e+01 -4.995645e+00 3.030000e+02
      vertex   5.942388e+01 -5.112961e+00 3.030000e+02
      vertex   5.946593e+01 -5.236826e+00 3.030000e+02
    endloop
  endfacet
  facet normal 0.000000e+00 0.000000e+00 1.000000e+00
    outer loop
      vertex   6.450000e+01 -4.995645e+00 3.030000e+02
      vertex   5.946593e+01 -5.236826e+00 3.030000e+02
      vertex   5.949145e+01 -5.365119e+00 3.030000e+02
    endloop
  endfacet
  facet normal -0.000000e+00 0.000000e+00 1.000000e+00
    outer loop
      vertex   5.949145e+01 -5.365119e+00 3.030000e+02
      vertex   5.950000e+01 -5.495645e+00 3.030000e+02
      vertex   6.450000e+01 -4.995645e+00 3.030000e+02
    endloop
  endfacet
  facet normal 0.000000e+00 0.000000e+00 1.000000e+00
    outer loop
      vertex   6.450000e+01 -4.995645e+00 3.030000e+02
      vertex   5.950000e+01 -5.495645e+00 3.030000e+02
      vertex   5.950000e+01 -6.495645e+00 3.030000e+02
    endloop
  endfacet
  facet normal 0.000000e+00 0.000000e+00 1.000000e+00
    outer loop
      vertex   6.450000e+01 -4.995645e+00 3.030000e+02
      vertex   5.950000e+01 -6.495645e+00 3.030000e+02
      vertex   6.234969e+01 -7.900205e+00 3.030000e+02
    endloop
  endfacet
  facet normal 0.000000e+00 0.000000e+00 1.000000e+00
    outer loop
      vertex   6.234969e+01 -7.900205e+00 3.030000e+02
      vertex   5.950000e+01 -6.495645e+00 3.030000e+02
      vertex   6.211849e+01 -7.929764e+00 3.030000e+02
    endloop
  endfacet
  facet normal 0.000000e+00 0.000000e+00 1.000000e+00
    outer loop
      vertex   6.211849e+01 -7.929764e+00 3.030000e+02
      vertex   5.950000e+01 -6.495645e+00 3.030000e+02
      vertex   6.189199e+01 -7.984762e+00 3.030000e+02
    endloop
  endfacet
  facet normal 0.000000e+00 0.000000e+00 1.000000e+00
    outer loop
      vertex   6.189199e+01 -7.984762e+00 3.030000e+02
      vertex   5.950000e+01 -6.495645e+00 3.030000e+02
      vertex   6.167298e+01 -8.064524e+00 3.030000e+02
    endloop
  endfacet
  facet normal 0.000000e+00 0.000000e+00 1.000000e+00
    outer loop
      vertex   6.167298e+01 -8.064524e+00 3.030000e+02
      vertex   5.950000e+01 -6.495645e+00 3.030000e+02
      vertex   5.931482e+01 -6.673135e+00 3.030000e+02
    endloop
  endfacet
  facet normal 0.000000e+00 0.000000e+00 1.000000e+00
    outer loop
      vertex   6.167298e+01 -8.064524e+00 3.030000e+02
      vertex   5.931482e+01 -6.673135e+00 3.030000e+02
      vertex   5.921410e+01 -6.758837e+00 3.030000e+02
    endloop
  endfacet
  facet normal 0.000000e+00 0.000000e+00 1.000000e+00
    outer loop
      vertex   6.167298e+01 -8.064524e+00 3.030000e+02
      vertex   5.921410e+01 -6.758837e+00 3.030000e+02
      vertex   6.146416e+01 -8.168064e+00 3.030000e+02
    endloop
  endfacet
  facet normal 0.000000e+00 0.000000e+00 1.000000e+00
    outer loop
      vertex   6.146416e+01 -8.168064e+00 3.030000e+02
      vertex   5.921410e+01 -6.758837e+00 3.030000e+02
      vertex   5.910987e+01 -6.835809e+00 3.030000e+02
    endloop
  endfacet
  facet normal 0.000000e+00 0.000000e+00 1.000000e+00
    outer loop
      vertex   6.146416e+01 -8.168064e+00 3.030000e+02
      vertex   5.910987e+01 -6.835809e+00 3.030000e+02
      vertex   6.126810e+01 -8.294109e+00 3.030000e+02
    endloop
  endfacet
  facet normal 2.838516e-13 4.200895e-13 1.000000e+00
    outer loop
      vertex   6.126810e+01 -8.294109e+00 3.030000e+02
      vertex   5.910987e+01 -6.835809e+00 3.030000e+02
      vertex   5.900331e+01 -6.899125e+00 3.030000e+02
    endloop
  endfacet
  facet normal 1.427733e-14 -1.756893e-14 1.000000e+00
    outer loop
      vertex   6.126810e+01 -8.294109e+00 3.030000e+02
      vertex   5.900331e+01 -6.899125e+00 3.030000e+02
      vertex   6.108721e+01 -8.441106e+00 3.030000e+02
    endloop
  endfacet
  facet normal 9.940748e-15 -2.342955e-14 1.000000e+00
    outer loop
      vertex   6.108721e+01 -8.441106e+00 3.030000e+02
      vertex   5.900331e+01 -6.899125e+00 3.030000e+02
      vertex   5.888571e+01 -6.949023e+00 3.030000e+02
    endloop
  endfacet
  facet normal 1.548978e-14 -1.524221e-14 1.000000e+00
    outer loop
      vertex   6.108721e+01 -8.441106e+00 3.030000e+02
      vertex   5.888571e+01 -6.949023e+00 3.030000e+02
      vertex   6.092373e+01 -8.607243e+00 3.030000e+02
    endloop
  endfacet
  facet normal -3.307925e-13 -4.408374e-13 1.000000e+00
    outer loop
      vertex   6.092373e+01 -8.607243e+00 3.030000e+02
      vertex   5.888571e+01 -6.949023e+00 3.030000e+02
      vertex   5.875923e+01 -6.983058e+00 3.030000e+02
    endloop
  endfacet
  facet normal 0.000000e+00 0.000000e+00 1.000000e+00
    outer loop
      vertex   6.092373e+01 -8.607243e+00 3.030000e+02
      vertex   5.875923e+01 -6.983058e+00 3.030000e+02
      vertex   6.077967e+01 -8.790473e+00 3.030000e+02
    endloop
  endfacet
  facet normal 0.000000e+00 0.000000e+00 1.000000e+00
    outer loop
      vertex   6.077967e+01 -8.790473e+00 3.030000e+02
      vertex   5.875923e+01 -6.983058e+00 3.030000e+02
      vertex   5.863398e+01 -6.995645e+00 3.030000e+02
    endloop
  endfacet
  facet normal 0.000000e+00 0.000000e+00 1.000000e+00
    outer loop
      vertex   6.077967e+01 -8.790473e+00 3.030000e+02
      vertex   5.863398e+01 -6.995645e+00 3.030000e+02
      vertex   6.065680e+01 -8.988541e+00 3.030000e+02
    endloop
  endfacet
  facet normal 0.000000e+00 0.000000e+00 1.000000e+00
    outer loop
      vertex   6.065680e+01 -8.988541e+00 3.030000e+02
      vertex   5.863398e+01 -6.995645e+00 3.030000e+02
      vertex   5.809453e+01 -6.995645e+00 3.030000e+02
    endloop
  endfacet
  facet normal 0.000000e+00 0.000000e+00 1.000000e+00
    outer loop
      vertex   6.065680e+01 -8.988541e+00 3.030000e+02
      vertex   5.809453e+01 -6.995645e+00 3.030000e+02
      vertex   6.055663e+01 -9.199004e+00 3.030000e+02
    endloop
  endfacet
  facet normal 0.000000e+00 0.000000e+00 1.000000e+00
    outer loop
      vertex   6.055663e+01 -9.199004e+00 3.030000e+02
      vertex   5.809453e+01 -6.995645e+00 3.030000e+02
      vertex   6.048041e+01 -9.419272e+00 3.030000e+02
    endloop
  endfacet
  facet normal 0.000000e+00 0.000000e+00 1.000000e+00
    outer loop
      vertex   6.048041e+01 -9.419272e+00 3.030000e+02
      vertex   5.809453e+01 -6.995645e+00 3.030000e+02
      vertex   6.042907e+01 -9.646630e+00 3.030000e+02
    endloop
  endfacet
  facet normal 0.000000e+00 0.000000e+00 1.000000e+00
    outer loop
      vertex   6.042907e+01 -9.646630e+00 3.030000e+02
      vertex   5.809453e+01 -6.995645e+00 3.030000e+02
      vertex   5.490547e+01 -6.995645e+00 3.030000e+02
    endloop
  endfacet
  facet normal 0.000000e+00 0.000000e+00 1.000000e+00
    outer loop
      vertex   6.042907e+01 -9.646630e+00 3.030000e+02
      vertex   5.490547e+01 -6.995645e+00 3.030000e+02
      vertex   5.257093e+01 -9.646630e+00 3.030000e+02
    endloop
  endfacet
  facet normal 0.000000e+00 -0.000000e+00 1.000000e+00
    outer loop
      vertex   5.257093e+01 -9.646630e+00 3.030000e+02
      vertex   5.490547e+01 -6.995645e+00 3.030000e+02
      vertex   5.251959e+01 -9.419272e+00 3.030000e+02
    endloop
  endfacet
  facet normal 0.000000e+00 -0.000000e+00 1.000000e+00
    outer loop
      vertex   5.251959e+01 -9.419272e+00 3.030000e+02
      vertex   5.490547e+01 -6.995645e+00 3.030000e+02
      vertex   5.244337e+01 -9.199004e+00 3.030000e+02
    endloop
  endfacet
  facet normal 0.000000e+00 -0.000000e+00 1.000000e+00
    outer loop
      vertex   5.244337e+01 -9.199004e+00 3.030000e+02
      vertex   5.490547e+01 -6.995645e+00 3.030000e+02
      vertex   5.234321e+01 -8.988541e+00 3.030000e+02
    endloop
  endfacet
  facet normal 0.000000e+00 0.000000e+00 1.000000e+00
    outer loop
      vertex   5.234321e+01 -8.988541e+00 3.030000e+02
      vertex   5.490547e+01 -6.995645e+00 3.030000e+02
      vertex   5.436603e+01 -6.995645e+00 3.030000e+02
    endloop
  endfacet
  facet normal 0.000000e+00 -0.000000e+00 1.000000e+00
    outer loop
      vertex   5.234321e+01 -8.988541e+00 3.030000e+02
      vertex   5.436603e+01 -6.995645e+00 3.030000e+02
      vertex   5.222034e+01 -8.790473e+00 3.030000e+02
    endloop
  endfacet
  facet normal 0.000000e+00 0.000000e+00 1.000000e+00
    outer loop
      vertex   5.222034e+01 -8.790473e+00 3.030000e+02
      vertex   5.436603e+01 -6.995645e+00 3.030000e+02
      vertex   5.424078e+01 -6.983058e+00 3.030000e+02
    endloop
  endfacet
  facet normal 0.000000e+00 -0.000000e+00 1.000000e+00
    outer loop
      vertex   5.222034e+01 -8.790473e+00 3.030000e+02
      vertex   5.424078e+01 -6.983058e+00 3.030000e+02
      vertex   5.207627e+01 -8.607243e+00 3.030000e+02
    endloop
  endfacet
  facet normal 3.307925e-13 -4.408374e-13 1.000000e+00
    outer loop
      vertex   5.207627e+01 -8.607243e+00 3.030000e+02
      vertex   5.424078e+01 -6.983058e+00 3.030000e+02
      vertex   5.411429e+01 -6.949023e+00 3.030000e+02
    endloop
  endfacet
  facet normal -1.548978e-14 -1.524221e-14 1.000000e+00
    outer loop
      vertex   5.207627e+01 -8.607243e+00 3.030000e+02
      vertex   5.411429e+01 -6.949023e+00 3.030000e+02
      vertex   5.191279e+01 -8.441106e+00 3.030000e+02
    endloop
  endfacet
  facet normal -3.071944e-13 4.151549e-13 1.000000e+00
    outer loop
      vertex   5.191279e+01 -8.441106e+00 3.030000e+02
      vertex   5.411429e+01 -6.949023e+00 3.030000e+02
      vertex   5.399669e+01 -6.899125e+00 3.030000e+02
    endloop
  endfacet
  facet normal 0.000000e+00 -0.000000e+00 1.000000e+00
    outer loop
      vertex   5.191279e+01 -8.441106e+00 3.030000e+02
      vertex   5.399669e+01 -6.899125e+00 3.030000e+02
      vertex   5.173191e+01 -8.294109e+00 3.030000e+02
    endloop
  endfacet
  facet normal 0.000000e+00 0.000000e+00 1.000000e+00
    outer loop
      vertex   5.173191e+01 -8.294109e+00 3.030000e+02
      vertex   5.399669e+01 -6.899125e+00 3.030000e+02
      vertex   5.389013e+01 -6.835809e+00 3.030000e+02
    endloop
  endfacet
  facet normal 0.000000e+00 -0.000000e+00 1.000000e+00
    outer loop
      vertex   5.173191e+01 -8.294109e+00 3.030000e+02
      vertex   5.389013e+01 -6.835809e+00 3.030000e+02
      vertex   5.153584e+01 -8.168064e+00 3.030000e+02
    endloop
  endfacet
  facet normal 2.365954e-13 -4.180988e-13 1.000000e+00
    outer loop
      vertex   5.153584e+01 -8.168064e+00 3.030000e+02
      vertex   5.389013e+01 -6.835809e+00 3.030000e+02
      vertex   5.378590e+01 -6.758837e+00 3.030000e+02
    endloop
  endfacet
  facet normal -1.116282e-14 -2.251336e-14 1.000000e+00
    outer loop
      vertex   5.153584e+01 -8.168064e+00 3.030000e+02
      vertex   5.378590e+01 -6.758837e+00 3.030000e+02
      vertex   5.132702e+01 -8.064524e+00 3.030000e+02
    endloop
  endfacet
  facet normal -2.311019e-13 3.916775e-13 1.000000e+00
    outer loop
      vertex   5.132702e+01 -8.064524e+00 3.030000e+02
      vertex   5.378590e+01 -6.758837e+00 3.030000e+02
      vertex   5.368518e+01 -6.673135e+00 3.030000e+02
    endloop
  endfacet
  facet normal 0.000000e+00 0.000000e+00 1.000000e+00
    outer loop
      vertex   5.132702e+01 -8.064524e+00 3.030000e+02
      vertex   5.368518e+01 -6.673135e+00 3.030000e+02
      vertex   5.350000e+01 -6.495645e+00 3.030000e+02
    endloop
  endfacet
  facet normal 0.000000e+00 0.000000e+00 1.000000e+00
    outer loop
      vertex   5.809453e+01 -4.995645e+00 3.030000e+02
      vertex   5.490547e+01 -4.995645e+00 3.030000e+02
      vertex   5.809453e+01 -6.995645e+00 3.030000e+02
    endloop
  endfacet
  facet normal 0.000000e+00 0.000000e+00 1.000000e+00
    outer loop
      vertex   5.809453e+01 -6.995645e+00 3.030000e+02
      vertex   5.490547e+01 -4.995645e+00 3.030000e+02
      vertex   5.490547e+01 -6.995645e+00 3.030000e+02
    endloop
  endfacet
  facet normal 0.000000e+00 0.000000e+00 1.000000e+00
    outer loop
      vertex   5.350000e+01 -5.495645e+00 3.030000e+02
      vertex   4.850000e+01 -4.995645e+00 3.030000e+02
      vertex   5.350000e+01 -6.495645e+00 3.030000e+02
    endloop
  endfacet
  facet normal 0.000000e+00 0.000000e+00 1.000000e+00
    outer loop
      vertex   5.350000e+01 -6.495645e+00 3.030000e+02
      vertex   4.850000e+01 -4.995645e+00 3.030000e+02
      vertex   5.065031e+01 -7.900205e+00 3.030000e+02
    endloop
  endfacet
  facet normal 0.000000e+00 0.000000e+00 1.000000e+00
    outer loop
      vertex   5.350000e+01 -6.495645e+00 3.030000e+02
      vertex   5.065031e+01 -7.900205e+00 3.030000e+02
      vertex   5.088151e+01 -7.929764e+00 3.030000e+02
    endloop
  endfacet
  facet normal 0.000000e+00 -0.000000e+00 1.000000e+00
    outer loop
      vertex   5.350000e+01 -5.495645e+00 3.030000e+02
      vertex   5.350856e+01 -5.365119e+00 3.030000e+02
      vertex   4.850000e+01 -4.995645e+00 3.030000e+02
    endloop
  endfacet
  facet normal 0.000000e+00 0.000000e+00 1.000000e+00
    outer loop
      vertex   4.850000e+01 -4.995645e+00 3.030000e+02
      vertex   5.350856e+01 -5.365119e+00 3.030000e+02
      vertex   5.353407e+01 -5.236826e+00 3.030000e+02
    endloop
  endfacet
  facet normal 0.000000e+00 0.000000e+00 1.000000e+00
    outer loop
      vertex   4.850000e+01 -4.995645e+00 3.030000e+02
      vertex   5.353407e+01 -5.236826e+00 3.030000e+02
      vertex   5.357612e+01 -5.112961e+00 3.030000e+02
    endloop
  endfacet
  facet normal 0.000000e+00 -0.000000e+00 1.000000e+00
    outer loop
      vertex   5.357612e+01 -5.112961e+00 3.030000e+02
      vertex   5.363398e+01 -4.995645e+00 3.030000e+02
      vertex   4.850000e+01 -4.995645e+00 3.030000e+02
    endloop
  endfacet
  facet normal 0.000000e+00 0.000000e+00 1.000000e+00
    outer loop
      vertex   4.850000e+01 -9.354506e+00 3.030000e+02
      vertex   4.858328e+01 -9.136809e+00 3.030000e+02
      vertex   4.850000e+01 -4.995645e+00 3.030000e+02
    endloop
  endfacet
  facet normal 0.000000e+00 0.000000e+00 1.000000e+00
    outer loop
      vertex   4.850000e+01 -4.995645e+00 3.030000e+02
      vertex   4.858328e+01 -9.136809e+00 3.030000e+02
      vertex   4.869017e+01 -8.929681e+00 3.030000e+02
    endloop
  endfacet
  facet normal 0.000000e+00 0.000000e+00 1.000000e+00
    outer loop
      vertex   4.850000e+01 -4.995645e+00 3.030000e+02
      vertex   4.869017e+01 -8.929681e+00 3.030000e+02
      vertex   4.881936e+01 -8.735675e+00 3.030000e+02
    endloop
  endfacet
  facet normal 0.000000e+00 -0.000000e+00 1.000000e+00
    outer loop
      vertex   4.881936e+01 -8.735675e+00 3.030000e+02
      vertex   4.896925e+01 -8.557181e+00 3.030000e+02
      vertex   4.850000e+01 -4.995645e+00 3.030000e+02
    endloop
  endfacet
  facet normal 0.000000e+00 0.000000e+00 1.000000e+00
    outer loop
      vertex   4.850000e+01 -4.995645e+00 3.030000e+02
      vertex   4.896925e+01 -8.557181e+00 3.030000e+02
      vertex   4.913800e+01 -8.396397e+00 3.030000e+02
    endloop
  endfacet
  facet normal 0.000000e+00 0.000000e+00 1.000000e+00
    outer loop
      vertex   4.850000e+01 -4.995645e+00 3.030000e+02
      vertex   4.913800e+01 -8.396397e+00 3.030000e+02
      vertex   4.932353e+01 -8.255304e+00 3.030000e+02
    endloop
  endfacet
  facet normal 0.000000e+00 -0.000000e+00 1.000000e+00
    outer loop
      vertex   4.932353e+01 -8.255304e+00 3.030000e+02
      vertex   4.952355e+01 -8.135641e+00 3.030000e+02
      vertex   4.850000e+01 -4.995645e+00 3.030000e+02
    endloop
  endfacet
  facet normal 0.000000e+00 0.000000e+00 1.000000e+00
    outer loop
      vertex   4.850000e+01 -4.995645e+00 3.030000e+02
      vertex   4.952355e+01 -8.135641e+00 3.030000e+02
      vertex   4.973560e+01 -8.038882e+00 3.030000e+02
    endloop
  endfacet
  facet normal 0.000000e+00 0.000000e+00 1.000000e+00
    outer loop
      vertex   4.850000e+01 -4.995645e+00 3.030000e+02
      vertex   4.973560e+01 -8.038882e+00 3.030000e+02
      vertex   4.995707e+01 -7.966218e+00 3.030000e+02
    endloop
  endfacet
  facet normal 0.000000e+00 -0.000000e+00 1.000000e+00
    outer loop
      vertex   4.995707e+01 -7.966218e+00 3.030000e+02
      vertex   5.018522e+01 -7.918545e+00 3.030000e+02
      vertex   4.850000e+01 -4.995645e+00 3.030000e+02
    endloop
  endfacet
  facet normal 0.000000e+00 0.000000e+00 1.000000e+00
    outer loop
      vertex   4.850000e+01 -4.995645e+00 3.030000e+02
      vertex   5.018522e+01 -7.918545e+00 3.030000e+02
      vertex   5.041725e+01 -7.896450e+00 3.030000e+02
    endloop
  endfacet
  facet normal 0.000000e+00 0.000000e+00 1.000000e+00
    outer loop
      vertex   4.850000e+01 -4.995645e+00 3.030000e+02
      vertex   5.041725e+01 -7.896450e+00 3.030000e+02
      vertex   5.065031e+01 -7.900205e+00 3.030000e+02
    endloop
  endfacet
  facet normal -0.000000e+00 0.000000e+00 1.000000e+00
    outer loop
      vertex   5.088151e+01 -7.929764e+00 3.030000e+02
      vertex   5.110801e+01 -7.984762e+00 3.030000e+02
      vertex   5.350000e+01 -6.495645e+00 3.030000e+02
    endloop
  endfacet
  facet normal 0.000000e+00 0.000000e+00 1.000000e+00
    outer loop
      vertex   5.350000e+01 -6.495645e+00 3.030000e+02
      vertex   5.110801e+01 -7.984762e+00 3.030000e+02
      vertex   5.132702e+01 -8.064524e+00 3.030000e+02
    endloop
  endfacet
  facet normal 0.000000e+00 0.000000e+00 1.000000e+00
    outer loop
      vertex   6.042907e+01 -9.646630e+00 3.030000e+02
      vertex   5.257093e+01 -9.646630e+00 3.030000e+02
      vertex   6.040324e+01 -9.878277e+00 3.030000e+02
    endloop
  endfacet
  facet normal 0.000000e+00 0.000000e+00 1.000000e+00
    outer loop
      vertex   6.040324e+01 -9.878277e+00 3.030000e+02
      vertex   5.257093e+01 -9.646630e+00 3.030000e+02
      vertex   5.259676e+01 -9.878277e+00 3.030000e+02
    endloop
  endfacet
  facet normal 0.000000e+00 0.000000e+00 1.000000e+00
    outer loop
      vertex   6.040324e+01 -9.878277e+00 3.030000e+02
      vertex   5.259676e+01 -9.878277e+00 3.030000e+02
      vertex   6.040324e+01 -1.011136e+01 3.030000e+02
    endloop
  endfacet
  facet normal 0.000000e+00 0.000000e+00 1.000000e+00
    outer loop
      vertex   6.040324e+01 -1.011136e+01 3.030000e+02
      vertex   5.259676e+01 -9.878277e+00 3.030000e+02
      vertex   5.259676e+01 -1.011136e+01 3.030000e+02
    endloop
  endfacet
  facet normal 0.000000e+00 0.000000e+00 1.000000e+00
    outer loop
      vertex   6.040324e+01 -1.011136e+01 3.030000e+02
      vertex   5.259676e+01 -1.011136e+01 3.030000e+02
      vertex   6.042907e+01 -1.034301e+01 3.030000e+02
    endloop
  endfacet
  facet normal 0.000000e+00 0.000000e+00 1.000000e+00
    outer loop
      vertex   6.042907e+01 -1.034301e+01 3.030000e+02
      vertex   5.259676e+01 -1.011136e+01 3.030000e+02
      vertex   5.257093e+01 -1.034301e+01 3.030000e+02
    endloop
  endfacet
  facet normal 0.000000e+00 0.000000e+00 1.000000e+00
    outer loop
      vertex   6.042907e+01 -1.034301e+01 3.030000e+02
      vertex   5.257093e+01 -1.034301e+01 3.030000e+02
      vertex   5.809453e+01 -1.299564e+01 3.030000e+02
    endloop
  endfacet
  facet normal 0.000000e+00 0.000000e+00 1.000000e+00
    outer loop
      vertex   5.809453e+01 -1.299564e+01 3.030000e+02
      vertex   5.257093e+01 -1.034301e+01 3.030000e+02
      vertex   5.490547e+01 -1.299564e+01 3.030000e+02
    endloop
  endfacet
  facet normal 0.000000e+00 0.000000e+00 1.000000e+00
    outer loop
      vertex   5.809453e+01 -1.299564e+01 3.030000e+02
      vertex   5.490547e+01 -1.299564e+01 3.030000e+02
      vertex   5.809453e+01 -1.499564e+01 3.030000e+02
    endloop
  endfacet
  facet normal 0.000000e+00 0.000000e+00 1.000000e+00
    outer loop
      vertex   5.809453e+01 -1.499564e+01 3.030000e+02
      vertex   5.490547e+01 -1.299564e+01 3.030000e+02
      vertex   5.490547e+01 -1.499564e+01 3.030000e+02
    endloop
  endfacet
  facet normal 0.000000e+00 0.000000e+00 1.000000e+00
    outer loop
      vertex   5.257093e+01 -1.034301e+01 3.030000e+02
      vertex   5.251959e+01 -1.057037e+01 3.030000e+02
      vertex   5.490547e+01 -1.299564e+01 3.030000e+02
    endloop
  endfacet
  facet normal 0.000000e+00 0.000000e+00 1.000000e+00
    outer loop
      vertex   5.490547e+01 -1.299564e+01 3.030000e+02
      vertex   5.251959e+01 -1.057037e+01 3.030000e+02
      vertex   5.244337e+01 -1.079063e+01 3.030000e+02
    endloop
  endfacet
  facet normal 0.000000e+00 0.000000e+00 1.000000e+00
    outer loop
      vertex   5.490547e+01 -1.299564e+01 3.030000e+02
      vertex   5.244337e+01 -1.079063e+01 3.030000e+02
      vertex   5.234321e+01 -1.100110e+01 3.030000e+02
    endloop
  endfacet
  facet normal 0.000000e+00 0.000000e+00 1.000000e+00
    outer loop
      vertex   5.490547e+01 -1.299564e+01 3.030000e+02
      vertex   5.234321e+01 -1.100110e+01 3.030000e+02
      vertex   5.436603e+01 -1.299564e+01 3.030000e+02
    endloop
  endfacet
  facet normal 0.000000e+00 0.000000e+00 1.000000e+00
    outer loop
      vertex   5.436603e+01 -1.299564e+01 3.030000e+02
      vertex   5.234321e+01 -1.100110e+01 3.030000e+02
      vertex   5.222034e+01 -1.119916e+01 3.030000e+02
    endloop
  endfacet
  facet normal 0.000000e+00 0.000000e+00 1.000000e+00
    outer loop
      vertex   5.436603e+01 -1.299564e+01 3.030000e+02
      vertex   5.222034e+01 -1.119916e+01 3.030000e+02
      vertex   5.424078e+01 -1.300823e+01 3.030000e+02
    endloop
  endfacet
  facet normal 0.000000e+00 0.000000e+00 1.000000e+00
    outer loop
      vertex   5.424078e+01 -1.300823e+01 3.030000e+02
      vertex   5.222034e+01 -1.119916e+01 3.030000e+02
      vertex   5.207627e+01 -1.138239e+01 3.030000e+02
    endloop
  endfacet
  facet normal 3.308813e-13 4.405076e-13 1.000000e+00
    outer loop
      vertex   5.424078e+01 -1.300823e+01 3.030000e+02
      vertex   5.207627e+01 -1.138239e+01 3.030000e+02
      vertex   5.411429e+01 -1.304227e+01 3.030000e+02
    endloop
  endfacet
  facet normal -1.548292e-14 1.523546e-14 1.000000e+00
    outer loop
      vertex   5.411429e+01 -1.304227e+01 3.030000e+02
      vertex   5.207627e+01 -1.138239e+01 3.030000e+02
      vertex   5.191279e+01 -1.154853e+01 3.030000e+02
    endloop
  endfacet
  facet normal -9.933983e-15 2.341361e-14 1.000000e+00
    outer loop
      vertex   5.411429e+01 -1.304227e+01 3.030000e+02
      vertex   5.191279e+01 -1.154853e+01 3.030000e+02
      vertex   5.399669e+01 -1.309216e+01 3.030000e+02
    endloop
  endfacet
  facet normal -1.427004e-14 1.755996e-14 1.000000e+00
    outer loop
      vertex   5.399669e+01 -1.309216e+01 3.030000e+02
      vertex   5.191279e+01 -1.154853e+01 3.030000e+02
      vertex   5.173191e+01 -1.169553e+01 3.030000e+02
    endloop
  endfacet
  facet normal -2.840020e-13 -4.198364e-13 1.000000e+00
    outer loop
      vertex   5.399669e+01 -1.309216e+01 3.030000e+02
      vertex   5.173191e+01 -1.169553e+01 3.030000e+02
      vertex   5.389013e+01 -1.315548e+01 3.030000e+02
    endloop
  endfacet
  facet normal 0.000000e+00 0.000000e+00 1.000000e+00
    outer loop
      vertex   5.389013e+01 -1.315548e+01 3.030000e+02
      vertex   5.173191e+01 -1.169553e+01 3.030000e+02
      vertex   5.153584e+01 -1.182157e+01 3.030000e+02
    endloop
  endfacet
  facet normal 0.000000e+00 0.000000e+00 1.000000e+00
    outer loop
      vertex   5.389013e+01 -1.315548e+01 3.030000e+02
      vertex   5.153584e+01 -1.182157e+01 3.030000e+02
      vertex   5.378590e+01 -1.323245e+01 3.030000e+02
    endloop
  endfacet
  facet normal 0.000000e+00 0.000000e+00 1.000000e+00
    outer loop
      vertex   5.378590e+01 -1.323245e+01 3.030000e+02
      vertex   5.153584e+01 -1.182157e+01 3.030000e+02
      vertex   5.132702e+01 -1.192511e+01 3.030000e+02
    endloop
  endfacet
  facet normal 0.000000e+00 0.000000e+00 1.000000e+00
    outer loop
      vertex   5.378590e+01 -1.323245e+01 3.030000e+02
      vertex   5.132702e+01 -1.192511e+01 3.030000e+02
      vertex   5.368518e+01 -1.331815e+01 3.030000e+02
    endloop
  endfacet
  facet normal 0.000000e+00 0.000000e+00 1.000000e+00
    outer loop
      vertex   5.368518e+01 -1.331815e+01 3.030000e+02
      vertex   5.132702e+01 -1.192511e+01 3.030000e+02
      vertex   5.350000e+01 -1.349564e+01 3.030000e+02
    endloop
  endfacet
  facet normal 0.000000e+00 0.000000e+00 1.000000e+00
    outer loop
      vertex   5.350000e+01 -1.349564e+01 3.030000e+02
      vertex   5.132702e+01 -1.192511e+01 3.030000e+02
      vertex   5.110801e+01 -1.200487e+01 3.030000e+02
    endloop
  endfacet
  facet normal 0.000000e+00 0.000000e+00 1.000000e+00
    outer loop
      vertex   5.350000e+01 -1.349564e+01 3.030000e+02
      vertex   5.110801e+01 -1.200487e+01 3.030000e+02
      vertex   5.088151e+01 -1.205987e+01 3.030000e+02
    endloop
  endfacet
  facet normal 0.000000e+00 0.000000e+00 1.000000e+00
    outer loop
      vertex   5.088151e+01 -1.205987e+01 3.030000e+02
      vertex   5.065031e+01 -1.208943e+01 3.030000e+02
      vertex   5.350000e+01 -1.349564e+01 3.030000e+02
    endloop
  endfacet
  facet normal 0.000000e+00 0.000000e+00 1.000000e+00
    outer loop
      vertex   5.350000e+01 -1.349564e+01 3.030000e+02
      vertex   5.065031e+01 -1.208943e+01 3.030000e+02
      vertex   4.850000e+01 -1.499564e+01 3.030000e+02
    endloop
  endfacet
  facet normal 0.000000e+00 0.000000e+00 1.000000e+00
    outer loop
      vertex   5.350000e+01 -1.349564e+01 3.030000e+02
      vertex   4.850000e+01 -1.499564e+01 3.030000e+02
      vertex   5.350000e+01 -1.449564e+01 3.030000e+02
    endloop
  endfacet
  facet normal 0.000000e+00 0.000000e+00 1.000000e+00
    outer loop
      vertex   5.350000e+01 -1.449564e+01 3.030000e+02
      vertex   4.850000e+01 -1.499564e+01 3.030000e+02
      vertex   5.350856e+01 -1.462617e+01 3.030000e+02
    endloop
  endfacet
  facet normal 0.000000e+00 0.000000e+00 1.000000e+00
    outer loop
      vertex   5.350856e+01 -1.462617e+01 3.030000e+02
      vertex   4.850000e+01 -1.499564e+01 3.030000e+02
      vertex   5.353408e+01 -1.475446e+01 3.030000e+02
    endloop
  endfacet
  facet normal 0.000000e+00 0.000000e+00 1.000000e+00
    outer loop
      vertex   5.353408e+01 -1.475446e+01 3.030000e+02
      vertex   4.850000e+01 -1.499564e+01 3.030000e+02
      vertex   5.357612e+01 -1.487833e+01 3.030000e+02
    endloop
  endfacet
  facet normal 0.000000e+00 0.000000e+00 1.000000e+00
    outer loop
      vertex   5.357612e+01 -1.487833e+01 3.030000e+02
      vertex   4.850000e+01 -1.499564e+01 3.030000e+02
      vertex   5.363398e+01 -1.499564e+01 3.030000e+02
    endloop
  endfacet
  facet normal 0.000000e+00 0.000000e+00 1.000000e+00
    outer loop
      vertex   5.065031e+01 -1.208943e+01 3.030000e+02
      vertex   5.041725e+01 -1.209319e+01 3.030000e+02
      vertex   4.850000e+01 -1.499564e+01 3.030000e+02
    endloop
  endfacet
  facet normal 0.000000e+00 0.000000e+00 1.000000e+00
    outer loop
      vertex   4.850000e+01 -1.499564e+01 3.030000e+02
      vertex   5.041725e+01 -1.209319e+01 3.030000e+02
      vertex   5.018522e+01 -1.207109e+01 3.030000e+02
    endloop
  endfacet
  facet normal 0.000000e+00 0.000000e+00 1.000000e+00
    outer loop
      vertex   4.850000e+01 -1.499564e+01 3.030000e+02
      vertex   5.018522e+01 -1.207109e+01 3.030000e+02
      vertex   4.995707e+01 -1.202342e+01 3.030000e+02
    endloop
  endfacet
  facet normal 0.000000e+00 0.000000e+00 1.000000e+00
    outer loop
      vertex   4.995707e+01 -1.202342e+01 3.030000e+02
      vertex   4.973560e+01 -1.195076e+01 3.030000e+02
      vertex   4.850000e+01 -1.499564e+01 3.030000e+02
    endloop
  endfacet
  facet normal 0.000000e+00 0.000000e+00 1.000000e+00
    outer loop
      vertex   4.850000e+01 -1.499564e+01 3.030000e+02
      vertex   4.973560e+01 -1.195076e+01 3.030000e+02
      vertex   4.952355e+01 -1.185400e+01 3.030000e+02
    endloop
  endfacet
  facet normal 0.000000e+00 0.000000e+00 1.000000e+00
    outer loop
      vertex   4.850000e+01 -1.499564e+01 3.030000e+02
      vertex   4.952355e+01 -1.185400e+01 3.030000e+02
      vertex   4.932353e+01 -1.173433e+01 3.030000e+02
    endloop
  endfacet
  facet normal 0.000000e+00 0.000000e+00 1.000000e+00
    outer loop
      vertex   4.932353e+01 -1.173433e+01 3.030000e+02
      vertex   4.913800e+01 -1.159324e+01 3.030000e+02
      vertex   4.850000e+01 -1.499564e+01 3.030000e+02
    endloop
  endfacet
  facet normal 0.000000e+00 0.000000e+00 1.000000e+00
    outer loop
      vertex   4.850000e+01 -1.499564e+01 3.030000e+02
      vertex   4.913800e+01 -1.159324e+01 3.030000e+02
      vertex   4.896925e+01 -1.143246e+01 3.030000e+02
    endloop
  endfacet
  facet normal 0.000000e+00 0.000000e+00 1.000000e+00
    outer loop
      vertex   4.850000e+01 -1.499564e+01 3.030000e+02
      vertex   4.896925e+01 -1.143246e+01 3.030000e+02
      vertex   4.881936e+01 -1.125396e+01 3.030000e+02
    endloop
  endfacet
  facet normal 0.000000e+00 0.000000e+00 1.000000e+00
    outer loop
      vertex   4.881936e+01 -1.125396e+01 3.030000e+02
      vertex   4.869017e+01 -1.105996e+01 3.030000e+02
      vertex   4.850000e+01 -1.499564e+01 3.030000e+02
    endloop
  endfacet
  facet normal 0.000000e+00 0.000000e+00 1.000000e+00
    outer loop
      vertex   4.850000e+01 -1.499564e+01 3.030000e+02
      vertex   4.869017e+01 -1.105996e+01 3.030000e+02
      vertex   4.858328e+01 -1.085283e+01 3.030000e+02
    endloop
  endfacet
  facet normal 0.000000e+00 0.000000e+00 1.000000e+00
    outer loop
      vertex   4.850000e+01 -1.499564e+01 3.030000e+02
      vertex   4.858328e+01 -1.085283e+01 3.030000e+02
      vertex   4.850000e+01 -1.063513e+01 3.030000e+02
    endloop
  endfacet
  facet normal 0.000000e+00 -0.000000e+00 1.000000e+00
    outer loop
      vertex   5.863398e+01 -1.299564e+01 3.030000e+02
      vertex   6.065680e+01 -1.100110e+01 3.030000e+02
      vertex   5.809453e+01 -1.299564e+01 3.030000e+02
    endloop
  endfacet
  facet normal 0.000000e+00 0.000000e+00 1.000000e+00
    outer loop
      vertex   5.809453e+01 -1.299564e+01 3.030000e+02
      vertex   6.065680e+01 -1.100110e+01 3.030000e+02
      vertex   6.055663e+01 -1.079063e+01 3.030000e+02
    endloop
  endfacet
  facet normal 0.000000e+00 0.000000e+00 1.000000e+00
    outer loop
      vertex   5.809453e+01 -1.299564e+01 3.030000e+02
      vertex   6.055663e+01 -1.079063e+01 3.030000e+02
      vertex   6.048041e+01 -1.057037e+01 3.030000e+02
    endloop
  endfacet
  facet normal 0.000000e+00 0.000000e+00 1.000000e+00
    outer loop
      vertex   6.065680e+01 -1.100110e+01 3.030000e+02
      vertex   5.863398e+01 -1.299564e+01 3.030000e+02
      vertex   6.077967e+01 -1.119916e+01 3.030000e+02
    endloop
  endfacet
  facet normal 0.000000e+00 0.000000e+00 1.000000e+00
    outer loop
      vertex   6.077967e+01 -1.119916e+01 3.030000e+02
      vertex   5.863398e+01 -1.299564e+01 3.030000e+02
      vertex   5.875923e+01 -1.300823e+01 3.030000e+02
    endloop
  endfacet
  facet normal 0.000000e+00 0.000000e+00 1.000000e+00
    outer loop
      vertex   6.077967e+01 -1.119916e+01 3.030000e+02
      vertex   5.875923e+01 -1.300823e+01 3.030000e+02
      vertex   6.092373e+01 -1.138239e+01 3.030000e+02
    endloop
  endfacet
  facet normal -3.308813e-13 4.405076e-13 1.000000e+00
    outer loop
      vertex   6.092373e+01 -1.138239e+01 3.030000e+02
      vertex   5.875923e+01 -1.300823e+01 3.030000e+02
      vertex   5.888571e+01 -1.304227e+01 3.030000e+02
    endloop
  endfacet
  facet normal 1.548292e-14 1.523546e-14 1.000000e+00
    outer loop
      vertex   6.092373e+01 -1.138239e+01 3.030000e+02
      vertex   5.888571e+01 -1.304227e+01 3.030000e+02
      vertex   6.108721e+01 -1.154853e+01 3.030000e+02
    endloop
  endfacet
  facet normal 3.073142e-13 -4.148724e-13 1.000000e+00
    outer loop
      vertex   6.108721e+01 -1.154853e+01 3.030000e+02
      vertex   5.888571e+01 -1.304227e+01 3.030000e+02
      vertex   5.900331e+01 -1.309216e+01 3.030000e+02
    endloop
  endfacet
  facet normal 0.000000e+00 0.000000e+00 1.000000e+00
    outer loop
      vertex   6.108721e+01 -1.154853e+01 3.030000e+02
      vertex   5.900331e+01 -1.309216e+01 3.030000e+02
      vertex   6.126810e+01 -1.169553e+01 3.030000e+02
    endloop
  endfacet
  facet normal 0.000000e+00 0.000000e+00 1.000000e+00
    outer loop
      vertex   6.126810e+01 -1.169553e+01 3.030000e+02
      vertex   5.900331e+01 -1.309216e+01 3.030000e+02
      vertex   5.910987e+01 -1.315548e+01 3.030000e+02
    endloop
  endfacet
  facet normal 0.000000e+00 0.000000e+00 1.000000e+00
    outer loop
      vertex   6.126810e+01 -1.169553e+01 3.030000e+02
      vertex   5.910987e+01 -1.315548e+01 3.030000e+02
      vertex   6.146416e+01 -1.182157e+01 3.030000e+02
    endloop
  endfacet
  facet normal -2.367614e-13 4.178739e-13 1.000000e+00
    outer loop
      vertex   6.146416e+01 -1.182157e+01 3.030000e+02
      vertex   5.910987e+01 -1.315548e+01 3.030000e+02
      vertex   5.921410e+01 -1.323245e+01 3.030000e+02
    endloop
  endfacet
  facet normal 1.115553e-14 2.249864e-14 1.000000e+00
    outer loop
      vertex   6.146416e+01 -1.182157e+01 3.030000e+02
      vertex   5.921410e+01 -1.323245e+01 3.030000e+02
      vertex   6.167298e+01 -1.192511e+01 3.030000e+02
    endloop
  endfacet
  facet normal 2.312638e-13 -3.914871e-13 1.000000e+00
    outer loop
      vertex   6.167298e+01 -1.192511e+01 3.030000e+02
      vertex   5.921410e+01 -1.323245e+01 3.030000e+02
      vertex   5.931482e+01 -1.331815e+01 3.030000e+02
    endloop
  endfacet
  facet normal 0.000000e+00 0.000000e+00 1.000000e+00
    outer loop
      vertex   6.167298e+01 -1.192511e+01 3.030000e+02
      vertex   5.931482e+01 -1.331815e+01 3.030000e+02
      vertex   5.950000e+01 -1.349564e+01 3.030000e+02
    endloop
  endfacet
  facet normal -0.000000e+00 0.000000e+00 1.000000e+00
    outer loop
      vertex   5.950000e+01 -1.449564e+01 3.030000e+02
      vertex   6.450000e+01 -1.499564e+01 3.030000e+02
      vertex   5.950000e+01 -1.349564e+01 3.030000e+02
    endloop
  endfacet
  facet normal -0.000000e+00 0.000000e+00 1.000000e+00
    outer loop
      vertex   5.950000e+01 -1.349564e+01 3.030000e+02
      vertex   6.450000e+01 -1.499564e+01 3.030000e+02
      vertex   6.234969e+01 -1.208943e+01 3.030000e+02
    endloop
  endfacet
  facet normal 0.000000e+00 0.000000e+00 1.000000e+00
    outer loop
      vertex   5.950000e+01 -1.349564e+01 3.030000e+02
      vertex   6.234969e+01 -1.208943e+01 3.030000e+02
      vertex   6.211849e+01 -1.205987e+01 3.030000e+02
    endloop
  endfacet
  facet normal 0.000000e+00 0.000000e+00 1.000000e+00
    outer loop
      vertex   5.950000e+01 -1.449564e+01 3.030000e+02
      vertex   5.949145e+01 -1.462617e+01 3.030000e+02
      vertex   6.450000e+01 -1.499564e+01 3.030000e+02
    endloop
  endfacet
  facet normal 0.000000e+00 0.000000e+00 1.000000e+00
    outer loop
      vertex   6.450000e+01 -1.499564e+01 3.030000e+02
      vertex   5.949145e+01 -1.462617e+01 3.030000e+02
      vertex   5.946593e+01 -1.475446e+01 3.030000e+02
    endloop
  endfacet
  facet normal 0.000000e+00 0.000000e+00 1.000000e+00
    outer loop
      vertex   6.450000e+01 -1.499564e+01 3.030000e+02
      vertex   5.946593e+01 -1.475446e+01 3.030000e+02
      vertex   5.942388e+01 -1.487833e+01 3.030000e+02
    endloop
  endfacet
  facet normal 0.000000e+00 0.000000e+00 1.000000e+00
    outer loop
      vertex   5.942388e+01 -1.487833e+01 3.030000e+02
      vertex   5.936603e+01 -1.499564e+01 3.030000e+02
      vertex   6.450000e+01 -1.499564e+01 3.030000e+02
    endloop
  endfacet
  facet normal 0.000000e+00 0.000000e+00 1.000000e+00
    outer loop
      vertex   6.450000e+01 -1.063513e+01 3.030000e+02
      vertex   6.441672e+01 -1.085283e+01 3.030000e+02
      vertex   6.450000e+01 -1.499564e+01 3.030000e+02
    endloop
  endfacet
  facet normal 0.000000e+00 0.000000e+00 1.000000e+00
    outer loop
      vertex   6.450000e+01 -1.499564e+01 3.030000e+02
      vertex   6.441672e+01 -1.085283e+01 3.030000e+02
      vertex   6.430983e+01 -1.105996e+01 3.030000e+02
    endloop
  endfacet
  facet normal 0.000000e+00 0.000000e+00 1.000000e+00
    outer loop
      vertex   6.450000e+01 -1.499564e+01 3.030000e+02
      vertex   6.430983e+01 -1.105996e+01 3.030000e+02
      vertex   6.418064e+01 -1.125396e+01 3.030000e+02
    endloop
  endfacet
  facet normal 0.000000e+00 0.000000e+00 1.000000e+00
    outer loop
      vertex   6.418064e+01 -1.125396e+01 3.030000e+02
      vertex   6.403075e+01 -1.143246e+01 3.030000e+02
      vertex   6.450000e+01 -1.499564e+01 3.030000e+02
    endloop
  endfacet
  facet normal 0.000000e+00 0.000000e+00 1.000000e+00
    outer loop
      vertex   6.450000e+01 -1.499564e+01 3.030000e+02
      vertex   6.403075e+01 -1.143246e+01 3.030000e+02
      vertex   6.386200e+01 -1.159324e+01 3.030000e+02
    endloop
  endfacet
  facet normal 0.000000e+00 0.000000e+00 1.000000e+00
    outer loop
      vertex   6.450000e+01 -1.499564e+01 3.030000e+02
      vertex   6.386200e+01 -1.159324e+01 3.030000e+02
      vertex   6.367647e+01 -1.173433e+01 3.030000e+02
    endloop
  endfacet
  facet normal 0.000000e+00 0.000000e+00 1.000000e+00
    outer loop
      vertex   6.367647e+01 -1.173433e+01 3.030000e+02
      vertex   6.347645e+01 -1.185400e+01 3.030000e+02
      vertex   6.450000e+01 -1.499564e+01 3.030000e+02
    endloop
  endfacet
  facet normal 0.000000e+00 0.000000e+00 1.000000e+00
    outer loop
      vertex   6.450000e+01 -1.499564e+01 3.030000e+02
      vertex   6.347645e+01 -1.185400e+01 3.030000e+02
      vertex   6.326440e+01 -1.195076e+01 3.030000e+02
    endloop
  endfacet
  facet normal 0.000000e+00 0.000000e+00 1.000000e+00
    outer loop
      vertex   6.450000e+01 -1.499564e+01 3.030000e+02
      vertex   6.326440e+01 -1.195076e+01 3.030000e+02
      vertex   6.304294e+01 -1.202342e+01 3.030000e+02
    endloop
  endfacet
  facet normal 0.000000e+00 0.000000e+00 1.000000e+00
    outer loop
      vertex   6.304294e+01 -1.202342e+01 3.030000e+02
      vertex   6.281478e+01 -1.207109e+01 3.030000e+02
      vertex   6.450000e+01 -1.499564e+01 3.030000e+02
    endloop
  endfacet
  facet normal 0.000000e+00 0.000000e+00 1.000000e+00
    outer loop
      vertex   6.450000e+01 -1.499564e+01 3.030000e+02
      vertex   6.281478e+01 -1.207109e+01 3.030000e+02
      vertex   6.258275e+01 -1.209319e+01 3.030000e+02
    endloop
  endfacet
  facet normal 0.000000e+00 0.000000e+00 1.000000e+00
    outer loop
      vertex   6.450000e+01 -1.499564e+01 3.030000e+02
      vertex   6.258275e+01 -1.209319e+01 3.030000e+02
      vertex   6.234969e+01 -1.208943e+01 3.030000e+02
    endloop
  endfacet
  facet normal 0.000000e+00 0.000000e+00 1.000000e+00
    outer loop
      vertex   6.211849e+01 -1.205987e+01 3.030000e+02
      vertex   6.189199e+01 -1.200487e+01 3.030000e+02
      vertex   5.950000e+01 -1.349564e+01 3.030000e+02
    endloop
  endfacet
  facet normal 0.000000e+00 0.000000e+00 1.000000e+00
    outer loop
      vertex   5.950000e+01 -1.349564e+01 3.030000e+02
      vertex   6.189199e+01 -1.200487e+01 3.030000e+02
      vertex   6.167298e+01 -1.192511e+01 3.030000e+02
    endloop
  endfacet
  facet normal 0.000000e+00 0.000000e+00 1.000000e+00
    outer loop
      vertex   6.048041e+01 -1.057037e+01 3.030000e+02
      vertex   6.042907e+01 -1.034301e+01 3.030000e+02
      vertex   5.809453e+01 -1.299564e+01 3.030000e+02
    endloop
  endfacet
  facet normal 0.000000e+00 0.000000e+00 1.000000e+00
    outer loop
      vertex   6.234969e+01 -7.900205e+00 3.030000e+02
      vertex   6.258275e+01 -7.896450e+00 3.030000e+02
      vertex   6.450000e+01 -4.995645e+00 3.030000e+02
    endloop
  endfacet
  facet normal 0.000000e+00 0.000000e+00 1.000000e+00
    outer loop
      vertex   6.450000e+01 -4.995645e+00 3.030000e+02
      vertex   6.258275e+01 -7.896450e+00 3.030000e+02
      vertex   6.281478e+01 -7.918545e+00 3.030000e+02
    endloop
  endfacet
  facet normal 0.000000e+00 0.000000e+00 1.000000e+00
    outer loop
      vertex   6.450000e+01 -4.995645e+00 3.030000e+02
      vertex   6.281478e+01 -7.918545e+00 3.030000e+02
      vertex   6.304294e+01 -7.966218e+00 3.030000e+02
    endloop
  endfacet
  facet normal -0.000000e+00 0.000000e+00 1.000000e+00
    outer loop
      vertex   6.304294e+01 -7.966218e+00 3.030000e+02
      vertex   6.326440e+01 -8.038882e+00 3.030000e+02
      vertex   6.450000e+01 -4.995645e+00 3.030000e+02
    endloop
  endfacet
  facet normal 0.000000e+00 0.000000e+00 1.000000e+00
    outer loop
      vertex   6.450000e+01 -4.995645e+00 3.030000e+02
      vertex   6.326440e+01 -8.038882e+00 3.030000e+02
      vertex   6.347645e+01 -8.135641e+00 3.030000e+02
    endloop
  endfacet
  facet normal 0.000000e+00 0.000000e+00 1.000000e+00
    outer loop
      vertex   6.450000e+01 -4.995645e+00 3.030000e+02
      vertex   6.347645e+01 -8.135641e+00 3.030000e+02
      vertex   6.367647e+01 -8.255304e+00 3.030000e+02
    endloop
  endfacet
  facet normal -0.000000e+00 0.000000e+00 1.000000e+00
    outer loop
      vertex   6.367647e+01 -8.255304e+00 3.030000e+02
      vertex   6.386200e+01 -8.396397e+00 3.030000e+02
      vertex   6.450000e+01 -4.995645e+00 3.030000e+02
    endloop
  endfacet
  facet normal 0.000000e+00 0.000000e+00 1.000000e+00
    outer loop
      vertex   6.450000e+01 -4.995645e+00 3.030000e+02
      vertex   6.386200e+01 -8.396397e+00 3.030000e+02
      vertex   6.403075e+01 -8.557181e+00 3.030000e+02
    endloop
  endfacet
  facet normal 0.000000e+00 0.000000e+00 1.000000e+00
    outer loop
      vertex   6.450000e+01 -4.995645e+00 3.030000e+02
      vertex   6.403075e+01 -8.557181e+00 3.030000e+02
      vertex   6.418064e+01 -8.735675e+00 3.030000e+02
    endloop
  endfacet
  facet normal -0.000000e+00 0.000000e+00 1.000000e+00
    outer loop
      vertex   6.418064e+01 -8.735675e+00 3.030000e+02
      vertex   6.430983e+01 -8.929681e+00 3.030000e+02
      vertex   6.450000e+01 -4.995645e+00 3.030000e+02
    endloop
  endfacet
  facet normal 0.000000e+00 0.000000e+00 1.000000e+00
    outer loop
      vertex   6.450000e+01 -4.995645e+00 3.030000e+02
      vertex   6.430983e+01 -8.929681e+00 3.030000e+02
      vertex   6.441672e+01 -9.136809e+00 3.030000e+02
    endloop
  endfacet
  facet normal 0.000000e+00 0.000000e+00 1.000000e+00
    outer loop
      vertex   6.450000e+01 -4.995645e+00 3.030000e+02
      vertex   6.441672e+01 -9.136809e+00 3.030000e+02
      vertex   6.450000e+01 -9.354506e+00 3.030000e+02
    endloop
  endfacet
  facet normal -1.115189e-01 9.897580e-01 8.912168e-02
    outer loop
      vertex   5.438874e+01 -5.008181e+00 3.035000e+02
      vertex   5.450000e+01 -4.995645e+00 3.035000e+02
      vertex   5.436735e+01 -5.000573e+00 3.033887e+02
    endloop
  endfacet
  facet normal -2.732042e-01 9.187550e-01 2.850415e-01
    outer loop
      vertex   5.436735e+01 -5.000573e+00 3.033887e+02
      vertex   5.450000e+01 -4.995645e+00 3.035000e+02
      vertex   5.431482e+01 -4.995645e+00 3.033225e+02
    endloop
  endfacet
  facet normal -3.056645e-01 9.004587e-01 3.094242e-01
    outer loop
      vertex   5.436735e+01 -5.000573e+00 3.033887e+02
      vertex   5.431482e+01 -4.995645e+00 3.033225e+02
      vertex   5.430386e+01 -5.022123e+00 3.033887e+02
    endloop
  endfacet
  facet normal -4.253081e-01 8.624396e-01 2.744285e-01
    outer loop
      vertex   5.430386e+01 -5.022123e+00 3.033887e+02
      vertex   5.431482e+01 -4.995645e+00 3.033225e+02
      vertex   5.424373e+01 -5.051775e+00 3.033887e+02
    endloop
  endfacet
  facet normal -4.399608e-01 8.921522e-01 1.024641e-01
    outer loop
      vertex   5.430386e+01 -5.022123e+00 3.033887e+02
      vertex   5.424373e+01 -5.051775e+00 3.033887e+02
      vertex   5.428306e+01 -5.045160e+00 3.035000e+02
    endloop
  endfacet
  facet normal -5.496682e-01 8.226367e-01 1.453745e-01
    outer loop
      vertex   5.428306e+01 -5.045160e+00 3.035000e+02
      vertex   5.424373e+01 -5.051775e+00 3.033887e+02
      vertex   5.418799e+01 -5.089023e+00 3.033887e+02
    endloop
  endfacet
  facet normal -5.281916e-01 8.406122e-01 1.199366e-01
    outer loop
      vertex   5.428306e+01 -5.045160e+00 3.035000e+02
      vertex   5.418799e+01 -5.089023e+00 3.033887e+02
      vertex   5.418826e+01 -5.104729e+00 3.035000e+02
    endloop
  endfacet
  facet normal -6.555534e-01 7.475154e-01 1.071002e-01
    outer loop
      vertex   5.418826e+01 -5.104729e+00 3.035000e+02
      vertex   5.418799e+01 -5.089023e+00 3.033887e+02
      vertex   5.413758e+01 -5.133227e+00 3.033887e+02
    endloop
  endfacet
  facet normal -7.001877e-01 7.001877e-01 1.395510e-01
    outer loop
      vertex   5.418826e+01 -5.104729e+00 3.035000e+02
      vertex   5.413758e+01 -5.133227e+00 3.033887e+02
      vertex   5.410909e+01 -5.183900e+00 3.035000e+02
    endloop
  endfacet
  facet normal -7.475154e-01 6.555534e-01 1.071002e-01
    outer loop
      vertex   5.410909e+01 -5.183900e+00 3.035000e+02
      vertex   5.413758e+01 -5.133227e+00 3.033887e+02
      vertex   5.409338e+01 -5.183633e+00 3.033887e+02
    endloop
  endfacet
  facet normal -8.256721e-01 5.516965e-01 1.178840e-01
    outer loop
      vertex   5.410909e+01 -5.183900e+00 3.035000e+02
      vertex   5.409338e+01 -5.183633e+00 3.033887e+02
      vertex   5.405613e+01 -5.239377e+00 3.033887e+02
    endloop
  endfacet
  facet normal -7.849935e-01 5.245159e-01 3.296488e-01
    outer loop
      vertex   5.405613e+01 -5.239377e+00 3.033887e+02
      vertex   5.409338e+01 -5.183633e+00 3.033887e+02
      vertex   5.406404e+01 -5.161121e+00 3.032831e+02
    endloop
  endfacet
  facet normal -7.849935e-01 5.245159e-01 3.296488e-01
    outer loop
      vertex   5.405613e+01 -5.239377e+00 3.033887e+02
      vertex   5.406404e+01 -5.161121e+00 3.032831e+02
      vertex   5.402411e+01 -5.220887e+00 3.032831e+02
    endloop
  endfacet
  facet normal -7.044520e-01 4.706998e-01 5.312146e-01
    outer loop
      vertex   5.402411e+01 -5.220887e+00 3.032831e+02
      vertex   5.406404e+01 -5.161121e+00 3.032831e+02
      vertex   5.401678e+01 -5.124858e+00 3.031883e+02
    endloop
  endfacet
  facet normal -7.044520e-01 4.706998e-01 5.312146e-01
    outer loop
      vertex   5.402411e+01 -5.220887e+00 3.032831e+02
      vertex   5.401678e+01 -5.124858e+00 3.031883e+02
      vertex   5.397252e+01 -5.191103e+00 3.031883e+02
    endloop
  endfacet
  facet normal -5.885675e-01 3.932683e-01 7.063486e-01
    outer loop
      vertex   5.397252e+01 -5.191103e+00 3.031883e+02
      vertex   5.401678e+01 -5.124858e+00 3.031883e+02
      vertex   5.395397e+01 -5.076662e+00 3.031091e+02
    endloop
  endfacet
  facet normal -5.885675e-01 3.932683e-01 7.063486e-01
    outer loop
      vertex   5.397252e+01 -5.191103e+00 3.031883e+02
      vertex   5.395397e+01 -5.076662e+00 3.031091e+02
      vertex   5.390395e+01 -5.151517e+00 3.031091e+02
    endloop
  endfacet
  facet normal -4.430484e-01 2.960355e-01 8.462099e-01
    outer loop
      vertex   5.390395e+01 -5.151517e+00 3.031091e+02
      vertex   5.395397e+01 -5.076662e+00 3.031091e+02
      vertex   5.387876e+01 -5.018949e+00 3.030495e+02
    endloop
  endfacet
  facet normal -4.430484e-01 2.960355e-01 8.462099e-01
    outer loop
      vertex   5.390395e+01 -5.151517e+00 3.031091e+02
      vertex   5.387876e+01 -5.018949e+00 3.030495e+02
      vertex   5.382185e+01 -5.104116e+00 3.030495e+02
    endloop
  endfacet
  facet normal -2.596662e-01 1.735034e-01 9.499842e-01
    outer loop
      vertex   5.382185e+01 -5.104116e+00 3.030495e+02
      vertex   5.387876e+01 -5.018949e+00 3.030495e+02
      vertex   5.375923e+01 -4.995645e+00 3.030126e+02
    endloop
  endfacet
  facet normal -2.937325e-01 1.517195e-01 9.437703e-01
    outer loop
      vertex   5.382185e+01 -5.104116e+00 3.030495e+02
      vertex   5.375923e+01 -4.995645e+00 3.030126e+02
      vertex   5.373033e+01 -5.051275e+00 3.030125e+02
    endloop
  endfacet
  facet normal -9.985702e-02 5.096777e-02 9.936956e-01
    outer loop
      vertex   5.373033e+01 -5.051275e+00 3.030125e+02
      vertex   5.375923e+01 -4.995645e+00 3.030126e+02
      vertex   5.363398e+01 -4.995645e+00 3.030000e+02
    endloop
  endfacet
  facet normal -1.006306e-01 4.962554e-02 9.936855e-01
    outer loop
      vertex   5.373033e+01 -5.051275e+00 3.030125e+02
      vertex   5.363398e+01 -4.995645e+00 3.030000e+02
      vertex   5.367891e+01 -5.155539e+00 3.030125e+02
    endloop
  endfacet
  facet normal -1.006306e-01 4.962554e-02 9.936855e-01
    outer loop
      vertex   5.367891e+01 -5.155539e+00 3.030125e+02
      vertex   5.363398e+01 -4.995645e+00 3.030000e+02
      vertex   5.357612e+01 -5.112961e+00 3.030000e+02
    endloop
  endfacet
  facet normal -1.062472e-01 3.606605e-02 9.936855e-01
    outer loop
      vertex   5.367891e+01 -5.155539e+00 3.030125e+02
      vertex   5.357612e+01 -5.112961e+00 3.030000e+02
      vertex   5.364154e+01 -5.265622e+00 3.030125e+02
    endloop
  endfacet
  facet normal -1.062472e-01 3.606605e-02 9.936855e-01
    outer loop
      vertex   5.364154e+01 -5.265622e+00 3.030125e+02
      vertex   5.357612e+01 -5.112961e+00 3.030000e+02
      vertex   5.353407e+01 -5.236826e+00 3.030000e+02
    endloop
  endfacet
  facet normal -1.100458e-01 2.188946e-02 9.936855e-01
    outer loop
      vertex   5.364154e+01 -5.265622e+00 3.030125e+02
      vertex   5.353407e+01 -5.236826e+00 3.030000e+02
      vertex   5.361886e+01 -5.379641e+00 3.030125e+02
    endloop
  endfacet
  facet normal -1.100458e-01 2.188946e-02 9.936855e-01
    outer loop
      vertex   5.361886e+01 -5.379641e+00 3.030125e+02
      vertex   5.353407e+01 -5.236826e+00 3.030000e+02
      vertex   5.350856e+01 -5.365119e+00 3.030000e+02
    endloop
  endfacet
  facet normal -1.119615e-01 7.338342e-03 9.936855e-01
    outer loop
      vertex   5.361886e+01 -5.379641e+00 3.030125e+02
      vertex   5.350856e+01 -5.365119e+00 3.030000e+02
      vertex   5.361126e+01 -5.495645e+00 3.030125e+02
    endloop
  endfacet
  facet normal -1.119615e-01 7.338342e-03 9.936855e-01
    outer loop
      vertex   5.361126e+01 -5.495645e+00 3.030125e+02
      vertex   5.350856e+01 -5.365119e+00 3.030000e+02
      vertex   5.350000e+01 -5.495645e+00 3.030000e+02
    endloop
  endfacet
  facet normal -3.776232e-01 8.657590e-01 3.284237e-01
    outer loop
      vertex   5.424373e+01 -5.051775e+00 3.033887e+02
      vertex   5.431482e+01 -4.995645e+00 3.033225e+02
      vertex   5.422524e+01 -5.019750e+00 3.032831e+02
    endloop
  endfacet
  facet normal -4.227722e-01 7.578995e-01 4.968421e-01
    outer loop
      vertex   5.422524e+01 -5.019750e+00 3.032831e+02
      vertex   5.431482e+01 -4.995645e+00 3.033225e+02
      vertex   5.421410e+01 -4.995645e+00 3.032368e+02
    endloop
  endfacet
  facet normal -4.832535e-01 7.232400e-01 4.933456e-01
    outer loop
      vertex   5.422524e+01 -5.019750e+00 3.032831e+02
      vertex   5.421410e+01 -4.995645e+00 3.032368e+02
      vertex   5.416548e+01 -5.059685e+00 3.032831e+02
    endloop
  endfacet
  facet normal -4.457727e-01 7.213151e-01 5.300860e-01
    outer loop
      vertex   5.416548e+01 -5.059685e+00 3.032831e+02
      vertex   5.421410e+01 -4.995645e+00 3.032368e+02
      vertex   5.412921e+01 -5.012426e+00 3.031883e+02
    endloop
  endfacet
  facet normal -5.586223e-01 6.369867e-01 5.312146e-01
    outer loop
      vertex   5.416548e+01 -5.059685e+00 3.032831e+02
      vertex   5.412921e+01 -5.012426e+00 3.031883e+02
      vertex   5.411143e+01 -5.107079e+00 3.032831e+02
    endloop
  endfacet
  facet normal -5.586223e-01 6.369867e-01 5.312146e-01
    outer loop
      vertex   5.411143e+01 -5.107079e+00 3.032831e+02
      vertex   5.412921e+01 -5.012426e+00 3.031883e+02
      vertex   5.406931e+01 -5.064957e+00 3.031883e+02
    endloop
  endfacet
  facet normal -6.369867e-01 5.586223e-01 5.312146e-01
    outer loop
      vertex   5.411143e+01 -5.107079e+00 3.032831e+02
      vertex   5.406931e+01 -5.064957e+00 3.031883e+02
      vertex   5.406404e+01 -5.161121e+00 3.032831e+02
    endloop
  endfacet
  facet normal -6.369867e-01 5.586223e-01 5.312146e-01
    outer loop
      vertex   5.406404e+01 -5.161121e+00 3.032831e+02
      vertex   5.406931e+01 -5.064957e+00 3.031883e+02
      vertex   5.401678e+01 -5.124858e+00 3.031883e+02
    endloop
  endfacet
  facet normal -4.917875e-01 5.609062e-01 6.659800e-01
    outer loop
      vertex   5.421410e+01 -4.995645e+00 3.032368e+02
      vertex   5.410987e+01 -4.995645e+00 3.031598e+02
      vertex   5.412921e+01 -5.012426e+00 3.031883e+02
    endloop
  endfacet
  facet normal -4.918485e-01 5.608457e-01 6.659858e-01
    outer loop
      vertex   5.412921e+01 -5.012426e+00 3.031883e+02
      vertex   5.410987e+01 -4.995645e+00 3.031598e+02
      vertex   5.406931e+01 -5.064957e+00 3.031883e+02
    endloop
  endfacet
  facet normal -4.467602e-01 5.505434e-01 7.052002e-01
    outer loop
      vertex   5.406931e+01 -5.064957e+00 3.031883e+02
      vertex   5.410987e+01 -4.995645e+00 3.031598e+02
      vertex   5.401333e+01 -5.008975e+00 3.031091e+02
    endloop
  endfacet
  facet normal -4.698955e-01 3.922484e-01 7.907841e-01
    outer loop
      vertex   5.401333e+01 -5.008975e+00 3.031091e+02
      vertex   5.410987e+01 -4.995645e+00 3.031598e+02
      vertex   5.400331e+01 -4.995645e+00 3.030965e+02
    endloop
  endfacet
  facet normal -4.586388e-01 4.022154e-01 7.923845e-01
    outer loop
      vertex   5.401333e+01 -5.008975e+00 3.031091e+02
      vertex   5.400331e+01 -4.995645e+00 3.030965e+02
      vertex   5.395397e+01 -5.076662e+00 3.031091e+02
    endloop
  endfacet
  facet normal -3.650307e-01 3.557434e-01 8.603483e-01
    outer loop
      vertex   5.395397e+01 -5.076662e+00 3.031091e+02
      vertex   5.400331e+01 -4.995645e+00 3.030965e+02
      vertex   5.388571e+01 -4.995645e+00 3.030466e+02
    endloop
  endfacet
  facet normal -4.779251e-01 2.471743e-01 8.429071e-01
    outer loop
      vertex   5.395397e+01 -5.076662e+00 3.031091e+02
      vertex   5.388571e+01 -4.995645e+00 3.030466e+02
      vertex   5.387876e+01 -5.018949e+00 3.030495e+02
    endloop
  endfacet
  facet normal -2.549310e-01 1.936488e-01 9.473702e-01
    outer loop
      vertex   5.387876e+01 -5.018949e+00 3.030495e+02
      vertex   5.388571e+01 -4.995645e+00 3.030466e+02
      vertex   5.375923e+01 -4.995645e+00 3.030126e+02
    endloop
  endfacet
  facet normal -3.302017e-01 2.164256e-02 9.436622e-01
    outer loop
      vertex   5.361126e+01 -5.495645e+00 3.030125e+02
      vertex   5.371694e+01 -5.495645e+00 3.030495e+02
      vertex   5.361886e+01 -5.379641e+00 3.030125e+02
    endloop
  endfacet
  facet normal -3.302017e-01 2.164256e-02 9.436622e-01
    outer loop
      vertex   5.361886e+01 -5.379641e+00 3.030125e+02
      vertex   5.371694e+01 -5.495645e+00 3.030495e+02
      vertex   5.372364e+01 -5.393435e+00 3.030495e+02
    endloop
  endfacet
  facet normal -3.245519e-01 6.455738e-02 9.436622e-01
    outer loop
      vertex   5.361886e+01 -5.379641e+00 3.030125e+02
      vertex   5.372364e+01 -5.393435e+00 3.030495e+02
      vertex   5.364154e+01 -5.265622e+00 3.030125e+02
    endloop
  endfacet
  facet normal -3.245519e-01 6.455738e-02 9.436622e-01
    outer loop
      vertex   5.364154e+01 -5.265622e+00 3.030125e+02
      vertex   5.372364e+01 -5.393435e+00 3.030495e+02
      vertex   5.374362e+01 -5.292974e+00 3.030495e+02
    endloop
  endfacet
  facet normal -3.133488e-01 1.063676e-01 9.436622e-01
    outer loop
      vertex   5.364154e+01 -5.265622e+00 3.030125e+02
      vertex   5.374362e+01 -5.292974e+00 3.030495e+02
      vertex   5.367891e+01 -5.155539e+00 3.030125e+02
    endloop
  endfacet
  facet normal -3.133488e-01 1.063676e-01 9.436622e-01
    outer loop
      vertex   5.367891e+01 -5.155539e+00 3.030125e+02
      vertex   5.374362e+01 -5.292974e+00 3.030495e+02
      vertex   5.377655e+01 -5.195981e+00 3.030495e+02
    endloop
  endfacet
  facet normal -2.967843e-01 1.463578e-01 9.436622e-01
    outer loop
      vertex   5.367891e+01 -5.155539e+00 3.030125e+02
      vertex   5.377655e+01 -5.195981e+00 3.030495e+02
      vertex   5.373033e+01 -5.051275e+00 3.030125e+02
    endloop
  endfacet
  facet normal -2.967843e-01 1.463578e-01 9.436622e-01
    outer loop
      vertex   5.373033e+01 -5.051275e+00 3.030125e+02
      vertex   5.377655e+01 -5.195981e+00 3.030495e+02
      vertex   5.382185e+01 -5.104116e+00 3.030495e+02
    endloop
  endfacet
  facet normal -5.317089e-01 3.485004e-02 8.462099e-01
    outer loop
      vertex   5.371694e+01 -5.495645e+00 3.030495e+02
      vertex   5.381175e+01 -5.495645e+00 3.031091e+02
      vertex   5.372364e+01 -5.393435e+00 3.030495e+02
    endloop
  endfacet
  facet normal -5.317089e-01 3.485004e-02 8.462099e-01
    outer loop
      vertex   5.372364e+01 -5.393435e+00 3.030495e+02
      vertex   5.381175e+01 -5.495645e+00 3.031091e+02
      vertex   5.381763e+01 -5.405809e+00 3.031091e+02
    endloop
  endfacet
  facet normal -5.226112e-01 1.039538e-01 8.462099e-01
    outer loop
      vertex   5.372364e+01 -5.393435e+00 3.030495e+02
      vertex   5.381763e+01 -5.405809e+00 3.031091e+02
      vertex   5.374362e+01 -5.292974e+00 3.030495e+02
    endloop
  endfacet
  facet normal -5.226112e-01 1.039538e-01 8.462099e-01
    outer loop
      vertex   5.374362e+01 -5.292974e+00 3.030495e+02
      vertex   5.381763e+01 -5.405809e+00 3.031091e+02
      vertex   5.383520e+01 -5.317511e+00 3.031091e+02
    endloop
  endfacet
  facet normal -5.045715e-01 1.712789e-01 8.462099e-01
    outer loop
      vertex   5.374362e+01 -5.292974e+00 3.030495e+02
      vertex   5.383520e+01 -5.317511e+00 3.031091e+02
      vertex   5.377655e+01 -5.195981e+00 3.030495e+02
    endloop
  endfacet
  facet normal -5.045715e-01 1.712789e-01 8.462099e-01
    outer loop
      vertex   5.377655e+01 -5.195981e+00 3.030495e+02
      vertex   5.383520e+01 -5.317511e+00 3.031091e+02
      vertex   5.386414e+01 -5.232261e+00 3.031091e+02
    endloop
  endfacet
  facet normal -4.778984e-01 2.356734e-01 8.462099e-01
    outer loop
      vertex   5.377655e+01 -5.195981e+00 3.030495e+02
      vertex   5.386414e+01 -5.232261e+00 3.031091e+02
      vertex   5.382185e+01 -5.104116e+00 3.030495e+02
    endloop
  endfacet
  facet normal -4.778984e-01 2.356734e-01 8.462099e-01
    outer loop
      vertex   5.382185e+01 -5.104116e+00 3.030495e+02
      vertex   5.386414e+01 -5.232261e+00 3.031091e+02
      vertex   5.390395e+01 -5.151517e+00 3.031091e+02
    endloop
  endfacet
  facet normal -7.063486e-01 4.629653e-02 7.063486e-01
    outer loop
      vertex   5.381175e+01 -5.495645e+00 3.031091e+02
      vertex   5.389092e+01 -5.495645e+00 3.031883e+02
      vertex   5.381763e+01 -5.405809e+00 3.031091e+02
    endloop
  endfacet
  facet normal -7.063486e-01 4.629653e-02 7.063486e-01
    outer loop
      vertex   5.381763e+01 -5.405809e+00 3.031091e+02
      vertex   5.389092e+01 -5.495645e+00 3.031883e+02
      vertex   5.389613e+01 -5.416143e+00 3.031883e+02
    endloop
  endfacet
  facet normal -6.942628e-01 1.380974e-01 7.063486e-01
    outer loop
      vertex   5.381763e+01 -5.405809e+00 3.031091e+02
      vertex   5.389613e+01 -5.416143e+00 3.031883e+02
      vertex   5.383520e+01 -5.317511e+00 3.031091e+02
    endloop
  endfacet
  facet normal -6.942628e-01 1.380974e-01 7.063486e-01
    outer loop
      vertex   5.383520e+01 -5.317511e+00 3.031091e+02
      vertex   5.389613e+01 -5.416143e+00 3.031883e+02
      vertex   5.391167e+01 -5.338002e+00 3.031883e+02
    endloop
  endfacet
  facet normal -6.702979e-01 2.275355e-01 7.063486e-01
    outer loop
      vertex   5.383520e+01 -5.317511e+00 3.031091e+02
      vertex   5.391167e+01 -5.338002e+00 3.031883e+02
      vertex   5.386414e+01 -5.232261e+00 3.031091e+02
    endloop
  endfacet
  facet normal -6.702979e-01 2.275355e-01 7.063486e-01
    outer loop
      vertex   5.386414e+01 -5.232261e+00 3.031091e+02
      vertex   5.391167e+01 -5.338002e+00 3.031883e+02
      vertex   5.393728e+01 -5.262558e+00 3.031883e+02
    endloop
  endfacet
  facet normal -6.348641e-01 3.130803e-01 7.063486e-01
    outer loop
      vertex   5.386414e+01 -5.232261e+00 3.031091e+02
      vertex   5.393728e+01 -5.262558e+00 3.031883e+02
      vertex   5.390395e+01 -5.151517e+00 3.031091e+02
    endloop
  endfacet
  facet normal -6.348641e-01 3.130803e-01 7.063486e-01
    outer loop
      vertex   5.390395e+01 -5.151517e+00 3.031091e+02
      vertex   5.393728e+01 -5.262558e+00 3.031883e+02
      vertex   5.397252e+01 -5.191103e+00 3.031883e+02
    endloop
  endfacet
  facet normal -8.454233e-01 5.541197e-02 5.312146e-01
    outer loop
      vertex   5.389092e+01 -5.495645e+00 3.031883e+02
      vertex   5.395049e+01 -5.495645e+00 3.032831e+02
      vertex   5.389613e+01 -5.416143e+00 3.031883e+02
    endloop
  endfacet
  facet normal -8.454233e-01 5.541197e-02 5.312146e-01
    outer loop
      vertex   5.389613e+01 -5.416143e+00 3.031883e+02
      vertex   5.395049e+01 -5.495645e+00 3.032831e+02
      vertex   5.395519e+01 -5.423919e+00 3.032831e+02
    endloop
  endfacet
  facet normal -8.309578e-01 1.652878e-01 5.312146e-01
    outer loop
      vertex   5.389613e+01 -5.416143e+00 3.031883e+02
      vertex   5.395519e+01 -5.423919e+00 3.032831e+02
      vertex   5.391167e+01 -5.338002e+00 3.031883e+02
    endloop
  endfacet
  facet normal -8.309578e-01 1.652878e-01 5.312146e-01
    outer loop
      vertex   5.391167e+01 -5.338002e+00 3.031883e+02
      vertex   5.395519e+01 -5.423919e+00 3.032831e+02
      vertex   5.396921e+01 -5.353420e+00 3.032831e+02
    endloop
  endfacet
  facet normal -8.022745e-01 2.723355e-01 5.312146e-01
    outer loop
      vertex   5.391167e+01 -5.338002e+00 3.031883e+02
      vertex   5.396921e+01 -5.353420e+00 3.032831e+02
      vertex   5.393728e+01 -5.262558e+00 3.031883e+02
    endloop
  endfacet
  facet normal -8.022745e-01 2.723355e-01 5.312146e-01
    outer loop
      vertex   5.393728e+01 -5.262558e+00 3.031883e+02
      vertex   5.396921e+01 -5.353420e+00 3.032831e+02
      vertex   5.399231e+01 -5.285354e+00 3.032831e+02
    endloop
  endfacet
  facet normal -7.598640e-01 3.747235e-01 5.312146e-01
    outer loop
      vertex   5.393728e+01 -5.262558e+00 3.031883e+02
      vertex   5.399231e+01 -5.285354e+00 3.032831e+02
      vertex   5.397252e+01 -5.191103e+00 3.031883e+02
    endloop
  endfacet
  facet normal -7.598640e-01 3.747235e-01 5.312146e-01
    outer loop
      vertex   5.397252e+01 -5.191103e+00 3.031883e+02
      vertex   5.399231e+01 -5.285354e+00 3.032831e+02
      vertex   5.402411e+01 -5.220887e+00 3.032831e+02
    endloop
  endfacet
  facet normal -9.420822e-01 6.174733e-02 3.296488e-01
    outer loop
      vertex   5.395049e+01 -5.495645e+00 3.032831e+02
      vertex   5.398746e+01 -5.495645e+00 3.033887e+02
      vertex   5.395519e+01 -5.423919e+00 3.032831e+02
    endloop
  endfacet
  facet normal -9.420822e-01 6.174733e-02 3.296488e-01
    outer loop
      vertex   5.395519e+01 -5.423919e+00 3.032831e+02
      vertex   5.398746e+01 -5.495645e+00 3.033887e+02
      vertex   5.399185e+01 -5.428745e+00 3.033887e+02
    endloop
  endfacet
  facet normal -9.259629e-01 1.841855e-01 3.296488e-01
    outer loop
      vertex   5.395519e+01 -5.423919e+00 3.032831e+02
      vertex   5.399185e+01 -5.428745e+00 3.033887e+02
      vertex   5.396921e+01 -5.353420e+00 3.032831e+02
    endloop
  endfacet
  facet normal -9.259629e-01 1.841855e-01 3.296488e-01
    outer loop
      vertex   5.396921e+01 -5.353420e+00 3.032831e+02
      vertex   5.399185e+01 -5.428745e+00 3.033887e+02
      vertex   5.400493e+01 -5.362991e+00 3.033887e+02
    endloop
  endfacet
  facet normal -8.940002e-01 3.034722e-01 3.296488e-01
    outer loop
      vertex   5.396921e+01 -5.353420e+00 3.032831e+02
      vertex   5.400493e+01 -5.362991e+00 3.033887e+02
      vertex   5.399231e+01 -5.285354e+00 3.032831e+02
    endloop
  endfacet
  facet normal -8.940002e-01 3.034722e-01 3.296488e-01
    outer loop
      vertex   5.399231e+01 -5.285354e+00 3.032831e+02
      vertex   5.400493e+01 -5.362991e+00 3.033887e+02
      vertex   5.402648e+01 -5.299506e+00 3.033887e+02
    endloop
  endfacet
  facet normal -8.467408e-01 4.175664e-01 3.296488e-01
    outer loop
      vertex   5.399231e+01 -5.285354e+00 3.032831e+02
      vertex   5.402648e+01 -5.299506e+00 3.033887e+02
      vertex   5.402411e+01 -5.220887e+00 3.032831e+02
    endloop
  endfacet
  facet normal -8.467408e-01 4.175664e-01 3.296488e-01
    outer loop
      vertex   5.402411e+01 -5.220887e+00 3.032831e+02
      vertex   5.402648e+01 -5.299506e+00 3.033887e+02
      vertex   5.405613e+01 -5.239377e+00 3.033887e+02
    endloop
  endfacet
  facet normal -9.916112e-01 6.499363e-02 1.117277e-01
    outer loop
      vertex   5.398746e+01 -5.495645e+00 3.033887e+02
      vertex   5.400000e+01 -5.495645e+00 3.035000e+02
      vertex   5.399185e+01 -5.428745e+00 3.033887e+02
    endloop
  endfacet
  facet normal -9.840978e-01 1.108812e-01 1.387689e-01
    outer loop
      vertex   5.399185e+01 -5.428745e+00 3.033887e+02
      vertex   5.400000e+01 -5.495645e+00 3.035000e+02
      vertex   5.401254e+01 -5.384384e+00 3.035000e+02
    endloop
  endfacet
  facet normal -9.754657e-01 1.940322e-01 1.040104e-01
    outer loop
      vertex   5.399185e+01 -5.428745e+00 3.033887e+02
      vertex   5.401254e+01 -5.384384e+00 3.035000e+02
      vertex   5.400493e+01 -5.362991e+00 3.033887e+02
    endloop
  endfacet
  facet normal -9.362390e-01 3.276042e-01 1.270119e-01
    outer loop
      vertex   5.400493e+01 -5.362991e+00 3.033887e+02
      vertex   5.401254e+01 -5.384384e+00 3.035000e+02
      vertex   5.404952e+01 -5.278703e+00 3.035000e+02
    endloop
  endfacet
  facet normal -9.382967e-01 3.185088e-01 1.347269e-01
    outer loop
      vertex   5.400493e+01 -5.362991e+00 3.033887e+02
      vertex   5.404952e+01 -5.278703e+00 3.035000e+02
      vertex   5.402648e+01 -5.299506e+00 3.033887e+02
    endloop
  endfacet
  facet normal -8.921522e-01 4.399608e-01 1.024641e-01
    outer loop
      vertex   5.402648e+01 -5.299506e+00 3.033887e+02
      vertex   5.404952e+01 -5.278703e+00 3.035000e+02
      vertex   5.405613e+01 -5.239377e+00 3.033887e+02
    endloop
  endfacet
  facet normal -8.388081e-01 5.270581e-01 1.364212e-01
    outer loop
      vertex   5.404952e+01 -5.278703e+00 3.035000e+02
      vertex   5.410909e+01 -5.183900e+00 3.035000e+02
      vertex   5.405613e+01 -5.239377e+00 3.033887e+02
    endloop
  endfacet
  facet normal -3.273668e-01 9.355606e-01 1.325042e-01
    outer loop
      vertex   5.428306e+01 -5.045160e+00 3.035000e+02
      vertex   5.438874e+01 -5.008181e+00 3.035000e+02
      vertex   5.430386e+01 -5.022123e+00 3.033887e+02
    endloop
  endfacet
  facet normal -3.188958e-01 9.394366e-01 1.255560e-01
    outer loop
      vertex   5.430386e+01 -5.022123e+00 3.033887e+02
      vertex   5.438874e+01 -5.008181e+00 3.035000e+02
      vertex   5.436735e+01 -5.000573e+00 3.033887e+02
    endloop
  endfacet
  facet normal -5.245159e-01 7.849935e-01 3.296488e-01
    outer loop
      vertex   5.418799e+01 -5.089023e+00 3.033887e+02
      vertex   5.424373e+01 -5.051775e+00 3.033887e+02
      vertex   5.422524e+01 -5.019750e+00 3.032831e+02
    endloop
  endfacet
  facet normal -5.322005e-01 4.667273e-01 7.063486e-01
    outer loop
      vertex   5.401678e+01 -5.124858e+00 3.031883e+02
      vertex   5.406931e+01 -5.064957e+00 3.031883e+02
      vertex   5.401333e+01 -5.008975e+00 3.031091e+02
    endloop
  endfacet
  facet normal -5.322005e-01 4.667273e-01 7.063486e-01
    outer loop
      vertex   5.395397e+01 -5.076662e+00 3.031091e+02
      vertex   5.401678e+01 -5.124858e+00 3.031883e+02
      vertex   5.401333e+01 -5.008975e+00 3.031091e+02
    endloop
  endfacet
  facet normal -6.224908e-01 7.098147e-01 3.296488e-01
    outer loop
      vertex   5.411143e+01 -5.107079e+00 3.032831e+02
      vertex   5.413758e+01 -5.133227e+00 3.033887e+02
      vertex   5.416548e+01 -5.059685e+00 3.032831e+02
    endloop
  endfacet
  facet normal -6.224908e-01 7.098147e-01 3.296488e-01
    outer loop
      vertex   5.416548e+01 -5.059685e+00 3.032831e+02
      vertex   5.413758e+01 -5.133227e+00 3.033887e+02
      vertex   5.418799e+01 -5.089023e+00 3.033887e+02
    endloop
  endfacet
  facet normal -5.245159e-01 7.849935e-01 3.296488e-01
    outer loop
      vertex   5.416548e+01 -5.059685e+00 3.032831e+02
      vertex   5.418799e+01 -5.089023e+00 3.033887e+02
      vertex   5.422524e+01 -5.019750e+00 3.032831e+02
    endloop
  endfacet
  facet normal -7.098147e-01 6.224908e-01 3.296488e-01
    outer loop
      vertex   5.406404e+01 -5.161121e+00 3.032831e+02
      vertex   5.409338e+01 -5.183633e+00 3.033887e+02
      vertex   5.411143e+01 -5.107079e+00 3.032831e+02
    endloop
  endfacet
  facet normal -7.098147e-01 6.224908e-01 3.296488e-01
    outer loop
      vertex   5.411143e+01 -5.107079e+00 3.032831e+02
      vertex   5.409338e+01 -5.183633e+00 3.033887e+02
      vertex   5.413758e+01 -5.133227e+00 3.033887e+02
    endloop
  endfacet
  facet normal 1.119645e-01 -0.000000e+00 9.937122e-01
    outer loop
      vertex   5.950000e+01 -1.449564e+01 3.030000e+02
      vertex   5.950000e+01 -1.349564e+01 3.030000e+02
      vertex   5.938874e+01 -1.449564e+01 3.030125e+02
    endloop
  endfacet
  facet normal 1.119645e-01 1.591111e-15 9.937122e-01
    outer loop
      vertex   5.938874e+01 -1.449564e+01 3.030125e+02
      vertex   5.950000e+01 -1.349564e+01 3.030000e+02
      vertex   5.938874e+01 -1.349564e+01 3.030125e+02
    endloop
  endfacet
  facet normal 3.302791e-01 4.693548e-15 9.438833e-01
    outer loop
      vertex   5.938874e+01 -1.449564e+01 3.030125e+02
      vertex   5.938874e+01 -1.349564e+01 3.030125e+02
      vertex   5.928306e+01 -1.449564e+01 3.030495e+02
    endloop
  endfacet
  facet normal 3.302791e-01 -0.000000e+00 9.438833e-01
    outer loop
      vertex   5.928306e+01 -1.449564e+01 3.030495e+02
      vertex   5.938874e+01 -1.349564e+01 3.030125e+02
      vertex   5.928306e+01 -1.349564e+01 3.030495e+02
    endloop
  endfacet
  facet normal 5.320321e-01 -0.000000e+00 8.467242e-01
    outer loop
      vertex   5.928306e+01 -1.449564e+01 3.030495e+02
      vertex   5.928306e+01 -1.349564e+01 3.030495e+02
      vertex   5.918826e+01 -1.449564e+01 3.031091e+02
    endloop
  endfacet
  facet normal 5.320321e-01 -3.780315e-15 8.467242e-01
    outer loop
      vertex   5.918826e+01 -1.449564e+01 3.031091e+02
      vertex   5.928306e+01 -1.349564e+01 3.030495e+02
      vertex   5.918826e+01 -1.349564e+01 3.031091e+02
    endloop
  endfacet
  facet normal 7.071068e-01 -5.024296e-15 7.071068e-01
    outer loop
      vertex   5.918826e+01 -1.449564e+01 3.031091e+02
      vertex   5.918826e+01 -1.349564e+01 3.031091e+02
      vertex   5.910909e+01 -1.449564e+01 3.031883e+02
    endloop
  endfacet
  facet normal 7.071068e-01 1.004859e-14 7.071068e-01
    outer loop
      vertex   5.910909e+01 -1.449564e+01 3.031883e+02
      vertex   5.918826e+01 -1.349564e+01 3.031091e+02
      vertex   5.910909e+01 -1.349564e+01 3.031883e+02
    endloop
  endfacet
  facet normal 8.467242e-01 1.203267e-14 5.320321e-01
    outer loop
      vertex   5.910909e+01 -1.449564e+01 3.031883e+02
      vertex   5.910909e+01 -1.349564e+01 3.031883e+02
      vertex   5.904952e+01 -1.449564e+01 3.032831e+02
    endloop
  endfacet
  facet normal 8.467242e-01 3.024252e-14 5.320321e-01
    outer loop
      vertex   5.904952e+01 -1.449564e+01 3.032831e+02
      vertex   5.910909e+01 -1.349564e+01 3.031883e+02
      vertex   5.904952e+01 -1.349564e+01 3.032831e+02
    endloop
  endfacet
  facet normal 9.438833e-01 1.877419e-14 3.302791e-01
    outer loop
      vertex   5.904952e+01 -1.449564e+01 3.032831e+02
      vertex   5.904952e+01 -1.349564e+01 3.032831e+02
      vertex   5.901254e+01 -1.449564e+01 3.033887e+02
    endloop
  endfacet
  facet normal 9.438833e-01 1.341339e-14 3.302791e-01
    outer loop
      vertex   5.901254e+01 -1.449564e+01 3.033887e+02
      vertex   5.904952e+01 -1.349564e+01 3.032831e+02
      vertex   5.901254e+01 -1.349564e+01 3.033887e+02
    endloop
  endfacet
  facet normal 9.937122e-01 1.412150e-14 1.119645e-01
    outer loop
      vertex   5.901254e+01 -1.449564e+01 3.033887e+02
      vertex   5.901254e+01 -1.349564e+01 3.033887e+02
      vertex   5.900000e+01 -1.449564e+01 3.035000e+02
    endloop
  endfacet
  facet normal 9.937122e-01 -0.000000e+00 1.119645e-01
    outer loop
      vertex   5.900000e+01 -1.449564e+01 3.035000e+02
      vertex   5.901254e+01 -1.349564e+01 3.033887e+02
      vertex   5.900000e+01 -1.349564e+01 3.035000e+02
    endloop
  endfacet
  facet normal 1.115189e-01 -9.897580e-01 8.912168e-02
    outer loop
      vertex   5.861126e+01 -1.498311e+01 3.035000e+02
      vertex   5.850000e+01 -1.499564e+01 3.035000e+02
      vertex   5.863265e+01 -1.499072e+01 3.033887e+02
    endloop
  endfacet
  facet normal 2.732042e-01 -9.187550e-01 2.850415e-01
    outer loop
      vertex   5.863265e+01 -1.499072e+01 3.033887e+02
      vertex   5.850000e+01 -1.499564e+01 3.035000e+02
      vertex   5.868518e+01 -1.499564e+01 3.033225e+02
    endloop
  endfacet
  facet normal 3.056645e-01 -9.004587e-01 3.094242e-01
    outer loop
      vertex   5.863265e+01 -1.499072e+01 3.033887e+02
      vertex   5.868518e+01 -1.499564e+01 3.033225e+02
      vertex   5.869614e+01 -1.496917e+01 3.033887e+02
    endloop
  endfacet
  facet normal 4.253081e-01 -8.624396e-01 2.744285e-01
    outer loop
      vertex   5.869614e+01 -1.496917e+01 3.033887e+02
      vertex   5.868518e+01 -1.499564e+01 3.033225e+02
      vertex   5.875627e+01 -1.493951e+01 3.033887e+02
    endloop
  endfacet
  facet normal 4.399608e-01 -8.921522e-01 1.024641e-01
    outer loop
      vertex   5.869614e+01 -1.496917e+01 3.033887e+02
      vertex   5.875627e+01 -1.493951e+01 3.033887e+02
      vertex   5.871694e+01 -1.494613e+01 3.035000e+02
    endloop
  endfacet
  facet normal 5.496682e-01 -8.226367e-01 1.453745e-01
    outer loop
      vertex   5.871694e+01 -1.494613e+01 3.035000e+02
      vertex   5.875627e+01 -1.493951e+01 3.033887e+02
      vertex   5.881201e+01 -1.490227e+01 3.033887e+02
    endloop
  endfacet
  facet normal 5.281916e-01 -8.406122e-01 1.199366e-01
    outer loop
      vertex   5.871694e+01 -1.494613e+01 3.035000e+02
      vertex   5.881201e+01 -1.490227e+01 3.033887e+02
      vertex   5.881175e+01 -1.488656e+01 3.035000e+02
    endloop
  endfacet
  facet normal 6.555534e-01 -7.475154e-01 1.071002e-01
    outer loop
      vertex   5.881175e+01 -1.488656e+01 3.035000e+02
      vertex   5.881201e+01 -1.490227e+01 3.033887e+02
      vertex   5.886242e+01 -1.485806e+01 3.033887e+02
    endloop
  endfacet
  facet normal 7.001877e-01 -7.001877e-01 1.395510e-01
    outer loop
      vertex   5.881175e+01 -1.488656e+01 3.035000e+02
      vertex   5.886242e+01 -1.485806e+01 3.033887e+02
      vertex   5.889092e+01 -1.480739e+01 3.035000e+02
    endloop
  endfacet
  facet normal 7.475154e-01 -6.555534e-01 1.071002e-01
    outer loop
      vertex   5.889092e+01 -1.480739e+01 3.035000e+02
      vertex   5.886242e+01 -1.485806e+01 3.033887e+02
      vertex   5.890662e+01 -1.480766e+01 3.033887e+02
    endloop
  endfacet
  facet normal 8.256721e-01 -5.516965e-01 1.178840e-01
    outer loop
      vertex   5.889092e+01 -1.480739e+01 3.035000e+02
      vertex   5.890662e+01 -1.480766e+01 3.033887e+02
      vertex   5.894387e+01 -1.475191e+01 3.033887e+02
    endloop
  endfacet
  facet normal 7.849935e-01 -5.245159e-01 3.296488e-01
    outer loop
      vertex   5.894387e+01 -1.475191e+01 3.033887e+02
      vertex   5.890662e+01 -1.480766e+01 3.033887e+02
      vertex   5.893596e+01 -1.483017e+01 3.032831e+02
    endloop
  endfacet
  facet normal 7.849935e-01 -5.245159e-01 3.296488e-01
    outer loop
      vertex   5.894387e+01 -1.475191e+01 3.033887e+02
      vertex   5.893596e+01 -1.483017e+01 3.032831e+02
      vertex   5.897590e+01 -1.477040e+01 3.032831e+02
    endloop
  endfacet
  facet normal 7.044520e-01 -4.706998e-01 5.312146e-01
    outer loop
      vertex   5.897590e+01 -1.477040e+01 3.032831e+02
      vertex   5.893596e+01 -1.483017e+01 3.032831e+02
      vertex   5.898322e+01 -1.486643e+01 3.031883e+02
    endloop
  endfacet
  facet normal 7.044520e-01 -4.706998e-01 5.312146e-01
    outer loop
      vertex   5.897590e+01 -1.477040e+01 3.032831e+02
      vertex   5.898322e+01 -1.486643e+01 3.031883e+02
      vertex   5.902748e+01 -1.480019e+01 3.031883e+02
    endloop
  endfacet
  facet normal 5.885675e-01 -3.932683e-01 7.063486e-01
    outer loop
      vertex   5.902748e+01 -1.480019e+01 3.031883e+02
      vertex   5.898322e+01 -1.486643e+01 3.031883e+02
      vertex   5.904603e+01 -1.491463e+01 3.031091e+02
    endloop
  endfacet
  facet normal 5.885675e-01 -3.932683e-01 7.063486e-01
    outer loop
      vertex   5.902748e+01 -1.480019e+01 3.031883e+02
      vertex   5.904603e+01 -1.491463e+01 3.031091e+02
      vertex   5.909605e+01 -1.483977e+01 3.031091e+02
    endloop
  endfacet
  facet normal 4.430484e-01 -2.960355e-01 8.462099e-01
    outer loop
      vertex   5.909605e+01 -1.483977e+01 3.031091e+02
      vertex   5.904603e+01 -1.491463e+01 3.031091e+02
      vertex   5.912124e+01 -1.497234e+01 3.030495e+02
    endloop
  endfacet
  facet normal 4.430484e-01 -2.960355e-01 8.462099e-01
    outer loop
      vertex   5.909605e+01 -1.483977e+01 3.031091e+02
      vertex   5.912124e+01 -1.497234e+01 3.030495e+02
      vertex   5.917815e+01 -1.488717e+01 3.030495e+02
    endloop
  endfacet
  facet normal 2.596662e-01 -1.735034e-01 9.499842e-01
    outer loop
      vertex   5.917815e+01 -1.488717e+01 3.030495e+02
      vertex   5.912124e+01 -1.497234e+01 3.030495e+02
      vertex   5.924078e+01 -1.499564e+01 3.030126e+02
    endloop
  endfacet
  facet normal 2.937325e-01 -1.517195e-01 9.437703e-01
    outer loop
      vertex   5.917815e+01 -1.488717e+01 3.030495e+02
      vertex   5.924078e+01 -1.499564e+01 3.030126e+02
      vertex   5.926967e+01 -1.494001e+01 3.030125e+02
    endloop
  endfacet
  facet normal 9.985702e-02 -5.096777e-02 9.936956e-01
    outer loop
      vertex   5.926967e+01 -1.494001e+01 3.030125e+02
      vertex   5.924078e+01 -1.499564e+01 3.030126e+02
      vertex   5.936603e+01 -1.499564e+01 3.030000e+02
    endloop
  endfacet
  facet normal 1.006306e-01 -4.962554e-02 9.936855e-01
    outer loop
      vertex   5.926967e+01 -1.494001e+01 3.030125e+02
      vertex   5.936603e+01 -1.499564e+01 3.030000e+02
      vertex   5.932109e+01 -1.483575e+01 3.030125e+02
    endloop
  endfacet
  facet normal 1.006306e-01 -4.962554e-02 9.936855e-01
    outer loop
      vertex   5.932109e+01 -1.483575e+01 3.030125e+02
      vertex   5.936603e+01 -1.499564e+01 3.030000e+02
      vertex   5.942388e+01 -1.487833e+01 3.030000e+02
    endloop
  endfacet
  facet normal 1.062472e-01 -3.606605e-02 9.936855e-01
    outer loop
      vertex   5.932109e+01 -1.483575e+01 3.030125e+02
      vertex   5.942388e+01 -1.487833e+01 3.030000e+02
      vertex   5.935846e+01 -1.472567e+01 3.030125e+02
    endloop
  endfacet
  facet normal 1.062472e-01 -3.606605e-02 9.936855e-01
    outer loop
      vertex   5.935846e+01 -1.472567e+01 3.030125e+02
      vertex   5.942388e+01 -1.487833e+01 3.030000e+02
      vertex   5.946593e+01 -1.475446e+01 3.030000e+02
    endloop
  endfacet
  facet normal 1.100458e-01 -2.188946e-02 9.936855e-01
    outer loop
      vertex   5.935846e+01 -1.472567e+01 3.030125e+02
      vertex   5.946593e+01 -1.475446e+01 3.030000e+02
      vertex   5.938114e+01 -1.461165e+01 3.030125e+02
    endloop
  endfacet
  facet normal 1.100458e-01 -2.188946e-02 9.936855e-01
    outer loop
      vertex   5.938114e+01 -1.461165e+01 3.030125e+02
      vertex   5.946593e+01 -1.475446e+01 3.030000e+02
      vertex   5.949145e+01 -1.462617e+01 3.030000e+02
    endloop
  endfacet
  facet normal 1.119615e-01 -7.338342e-03 9.936855e-01
    outer loop
      vertex   5.938114e+01 -1.461165e+01 3.030125e+02
      vertex   5.949145e+01 -1.462617e+01 3.030000e+02
      vertex   5.938874e+01 -1.449564e+01 3.030125e+02
    endloop
  endfacet
  facet normal 1.119615e-01 -7.338342e-03 9.936855e-01
    outer loop
      vertex   5.938874e+01 -1.449564e+01 3.030125e+02
      vertex   5.949145e+01 -1.462617e+01 3.030000e+02
      vertex   5.950000e+01 -1.449564e+01 3.030000e+02
    endloop
  endfacet
  facet normal 3.776232e-01 -8.657590e-01 3.284237e-01
    outer loop
      vertex   5.875627e+01 -1.493951e+01 3.033887e+02
      vertex   5.868518e+01 -1.499564e+01 3.033225e+02
      vertex   5.877476e+01 -1.497154e+01 3.032831e+02
    endloop
  endfacet
  facet normal 4.227722e-01 -7.578995e-01 4.968421e-01
    outer loop
      vertex   5.877476e+01 -1.497154e+01 3.032831e+02
      vertex   5.868518e+01 -1.499564e+01 3.033225e+02
      vertex   5.878590e+01 -1.499564e+01 3.032368e+02
    endloop
  endfacet
  facet normal 4.832535e-01 -7.232400e-01 4.933456e-01
    outer loop
      vertex   5.877476e+01 -1.497154e+01 3.032831e+02
      vertex   5.878590e+01 -1.499564e+01 3.032368e+02
      vertex   5.883452e+01 -1.493160e+01 3.032831e+02
    endloop
  endfacet
  facet normal 4.457727e-01 -7.213151e-01 5.300860e-01
    outer loop
      vertex   5.883452e+01 -1.493160e+01 3.032831e+02
      vertex   5.878590e+01 -1.499564e+01 3.032368e+02
      vertex   5.887079e+01 -1.497886e+01 3.031883e+02
    endloop
  endfacet
  facet normal 5.586223e-01 -6.369867e-01 5.312146e-01
    outer loop
      vertex   5.883452e+01 -1.493160e+01 3.032831e+02
      vertex   5.887079e+01 -1.497886e+01 3.031883e+02
      vertex   5.888857e+01 -1.488421e+01 3.032831e+02
    endloop
  endfacet
  facet normal 5.586223e-01 -6.369867e-01 5.312146e-01
    outer loop
      vertex   5.888857e+01 -1.488421e+01 3.032831e+02
      vertex   5.887079e+01 -1.497886e+01 3.031883e+02
      vertex   5.893069e+01 -1.492633e+01 3.031883e+02
    endloop
  endfacet
  facet normal 6.369867e-01 -5.586223e-01 5.312146e-01
    outer loop
      vertex   5.888857e+01 -1.488421e+01 3.032831e+02
      vertex   5.893069e+01 -1.492633e+01 3.031883e+02
      vertex   5.893596e+01 -1.483017e+01 3.032831e+02
    endloop
  endfacet
  facet normal 6.369867e-01 -5.586223e-01 5.312146e-01
    outer loop
      vertex   5.893596e+01 -1.483017e+01 3.032831e+02
      vertex   5.893069e+01 -1.492633e+01 3.031883e+02
      vertex   5.898322e+01 -1.486643e+01 3.031883e+02
    endloop
  endfacet
  facet normal 4.917875e-01 -5.609062e-01 6.659800e-01
    outer loop
      vertex   5.878590e+01 -1.499564e+01 3.032368e+02
      vertex   5.889013e+01 -1.499564e+01 3.031598e+02
      vertex   5.887079e+01 -1.497886e+01 3.031883e+02
    endloop
  endfacet
  facet normal 4.918485e-01 -5.608457e-01 6.659858e-01
    outer loop
      vertex   5.887079e+01 -1.497886e+01 3.031883e+02
      vertex   5.889013e+01 -1.499564e+01 3.031598e+02
      vertex   5.893069e+01 -1.492633e+01 3.031883e+02
    endloop
  endfacet
  facet normal 4.467602e-01 -5.505434e-01 7.052002e-01
    outer loop
      vertex   5.893069e+01 -1.492633e+01 3.031883e+02
      vertex   5.889013e+01 -1.499564e+01 3.031598e+02
      vertex   5.898667e+01 -1.498231e+01 3.031091e+02
    endloop
  endfacet
  facet normal 4.698955e-01 -3.922484e-01 7.907841e-01
    outer loop
      vertex   5.898667e+01 -1.498231e+01 3.031091e+02
      vertex   5.889013e+01 -1.499564e+01 3.031598e+02
      vertex   5.899669e+01 -1.499564e+01 3.030965e+02
    endloop
  endfacet
  facet normal 4.586388e-01 -4.022154e-01 7.923845e-01
    outer loop
      vertex   5.898667e+01 -1.498231e+01 3.031091e+02
      vertex   5.899669e+01 -1.499564e+01 3.030965e+02
      vertex   5.904603e+01 -1.491463e+01 3.031091e+02
    endloop
  endfacet
  facet normal 3.650307e-01 -3.557434e-01 8.603483e-01
    outer loop
      vertex   5.904603e+01 -1.491463e+01 3.031091e+02
      vertex   5.899669e+01 -1.499564e+01 3.030965e+02
      vertex   5.911429e+01 -1.499564e+01 3.030466e+02
    endloop
  endfacet
  facet normal 4.779251e-01 -2.471743e-01 8.429071e-01
    outer loop
      vertex   5.904603e+01 -1.491463e+01 3.031091e+02
      vertex   5.911429e+01 -1.499564e+01 3.030466e+02
      vertex   5.912124e+01 -1.497234e+01 3.030495e+02
    endloop
  endfacet
  facet normal 2.549310e-01 -1.936488e-01 9.473702e-01
    outer loop
      vertex   5.912124e+01 -1.497234e+01 3.030495e+02
      vertex   5.911429e+01 -1.499564e+01 3.030466e+02
      vertex   5.924078e+01 -1.499564e+01 3.030126e+02
    endloop
  endfacet
  facet normal 3.302017e-01 -2.164256e-02 9.436622e-01
    outer loop
      vertex   5.938874e+01 -1.449564e+01 3.030125e+02
      vertex   5.928306e+01 -1.449564e+01 3.030495e+02
      vertex   5.938114e+01 -1.461165e+01 3.030125e+02
    endloop
  endfacet
  facet normal 3.302017e-01 -2.164256e-02 9.436622e-01
    outer loop
      vertex   5.938114e+01 -1.461165e+01 3.030125e+02
      vertex   5.928306e+01 -1.449564e+01 3.030495e+02
      vertex   5.927636e+01 -1.459785e+01 3.030495e+02
    endloop
  endfacet
  facet normal 3.245519e-01 -6.455738e-02 9.436622e-01
    outer loop
      vertex   5.938114e+01 -1.461165e+01 3.030125e+02
      vertex   5.927636e+01 -1.459785e+01 3.030495e+02
      vertex   5.935846e+01 -1.472567e+01 3.030125e+02
    endloop
  endfacet
  facet normal 3.245519e-01 -6.455738e-02 9.436622e-01
    outer loop
      vertex   5.935846e+01 -1.472567e+01 3.030125e+02
      vertex   5.927636e+01 -1.459785e+01 3.030495e+02
      vertex   5.925638e+01 -1.469832e+01 3.030495e+02
    endloop
  endfacet
  facet normal 3.133488e-01 -1.063676e-01 9.436622e-01
    outer loop
      vertex   5.935846e+01 -1.472567e+01 3.030125e+02
      vertex   5.925638e+01 -1.469832e+01 3.030495e+02
      vertex   5.932109e+01 -1.483575e+01 3.030125e+02
    endloop
  endfacet
  facet normal 3.133488e-01 -1.063676e-01 9.436622e-01
    outer loop
      vertex   5.932109e+01 -1.483575e+01 3.030125e+02
      vertex   5.925638e+01 -1.469832e+01 3.030495e+02
      vertex   5.922345e+01 -1.479531e+01 3.030495e+02
    endloop
  endfacet
  facet normal 2.967843e-01 -1.463578e-01 9.436622e-01
    outer loop
      vertex   5.932109e+01 -1.483575e+01 3.030125e+02
      vertex   5.922345e+01 -1.479531e+01 3.030495e+02
      vertex   5.926967e+01 -1.494001e+01 3.030125e+02
    endloop
  endfacet
  facet normal 2.967843e-01 -1.463578e-01 9.436622e-01
    outer loop
      vertex   5.926967e+01 -1.494001e+01 3.030125e+02
      vertex   5.922345e+01 -1.479531e+01 3.030495e+02
      vertex   5.917815e+01 -1.488717e+01 3.030495e+02
    endloop
  endfacet
  facet normal 5.317089e-01 -3.485004e-02 8.462099e-01
    outer loop
      vertex   5.928306e+01 -1.449564e+01 3.030495e+02
      vertex   5.918826e+01 -1.449564e+01 3.031091e+02
      vertex   5.927636e+01 -1.459785e+01 3.030495e+02
    endloop
  endfacet
  facet normal 5.317089e-01 -3.485004e-02 8.462099e-01
    outer loop
      vertex   5.927636e+01 -1.459785e+01 3.030495e+02
      vertex   5.918826e+01 -1.449564e+01 3.031091e+02
      vertex   5.918237e+01 -1.458548e+01 3.031091e+02
    endloop
  endfacet
  facet normal 5.226112e-01 -1.039538e-01 8.462099e-01
    outer loop
      vertex   5.927636e+01 -1.459785e+01 3.030495e+02
      vertex   5.918237e+01 -1.458548e+01 3.031091e+02
      vertex   5.925638e+01 -1.469832e+01 3.030495e+02
    endloop
  endfacet
  facet normal 5.226112e-01 -1.039538e-01 8.462099e-01
    outer loop
      vertex   5.925638e+01 -1.469832e+01 3.030495e+02
      vertex   5.918237e+01 -1.458548e+01 3.031091e+02
      vertex   5.916480e+01 -1.467378e+01 3.031091e+02
    endloop
  endfacet
  facet normal 5.045715e-01 -1.712789e-01 8.462099e-01
    outer loop
      vertex   5.925638e+01 -1.469832e+01 3.030495e+02
      vertex   5.916480e+01 -1.467378e+01 3.031091e+02
      vertex   5.922345e+01 -1.479531e+01 3.030495e+02
    endloop
  endfacet
  facet normal 5.045715e-01 -1.712789e-01 8.462099e-01
    outer loop
      vertex   5.922345e+01 -1.479531e+01 3.030495e+02
      vertex   5.916480e+01 -1.467378e+01 3.031091e+02
      vertex   5.913587e+01 -1.475903e+01 3.031091e+02
    endloop
  endfacet
  facet normal 4.778984e-01 -2.356734e-01 8.462099e-01
    outer loop
      vertex   5.922345e+01 -1.479531e+01 3.030495e+02
      vertex   5.913587e+01 -1.475903e+01 3.031091e+02
      vertex   5.917815e+01 -1.488717e+01 3.030495e+02
    endloop
  endfacet
  facet normal 4.778984e-01 -2.356734e-01 8.462099e-01
    outer loop
      vertex   5.917815e+01 -1.488717e+01 3.030495e+02
      vertex   5.913587e+01 -1.475903e+01 3.031091e+02
      vertex   5.909605e+01 -1.483977e+01 3.031091e+02
    endloop
  endfacet
  facet normal 7.063486e-01 -4.629653e-02 7.063486e-01
    outer loop
      vertex   5.918826e+01 -1.449564e+01 3.031091e+02
      vertex   5.910909e+01 -1.449564e+01 3.031883e+02
      vertex   5.918237e+01 -1.458548e+01 3.031091e+02
    endloop
  endfacet
  facet normal 7.063486e-01 -4.629653e-02 7.063486e-01
    outer loop
      vertex   5.918237e+01 -1.458548e+01 3.031091e+02
      vertex   5.910909e+01 -1.449564e+01 3.031883e+02
      vertex   5.910387e+01 -1.457515e+01 3.031883e+02
    endloop
  endfacet
  facet normal 6.942628e-01 -1.380974e-01 7.063486e-01
    outer loop
      vertex   5.918237e+01 -1.458548e+01 3.031091e+02
      vertex   5.910387e+01 -1.457515e+01 3.031883e+02
      vertex   5.916480e+01 -1.467378e+01 3.031091e+02
    endloop
  endfacet
  facet normal 6.942628e-01 -1.380974e-01 7.063486e-01
    outer loop
      vertex   5.916480e+01 -1.467378e+01 3.031091e+02
      vertex   5.910387e+01 -1.457515e+01 3.031883e+02
      vertex   5.908833e+01 -1.465329e+01 3.031883e+02
    endloop
  endfacet
  facet normal 6.702979e-01 -2.275355e-01 7.063486e-01
    outer loop
      vertex   5.916480e+01 -1.467378e+01 3.031091e+02
      vertex   5.908833e+01 -1.465329e+01 3.031883e+02
      vertex   5.913587e+01 -1.475903e+01 3.031091e+02
    endloop
  endfacet
  facet normal 6.702979e-01 -2.275355e-01 7.063486e-01
    outer loop
      vertex   5.913587e+01 -1.475903e+01 3.031091e+02
      vertex   5.908833e+01 -1.465329e+01 3.031883e+02
      vertex   5.906272e+01 -1.472873e+01 3.031883e+02
    endloop
  endfacet
  facet normal 6.348641e-01 -3.130803e-01 7.063486e-01
    outer loop
      vertex   5.913587e+01 -1.475903e+01 3.031091e+02
      vertex   5.906272e+01 -1.472873e+01 3.031883e+02
      vertex   5.909605e+01 -1.483977e+01 3.031091e+02
    endloop
  endfacet
  facet normal 6.348641e-01 -3.130803e-01 7.063486e-01
    outer loop
      vertex   5.909605e+01 -1.483977e+01 3.031091e+02
      vertex   5.906272e+01 -1.472873e+01 3.031883e+02
      vertex   5.902748e+01 -1.480019e+01 3.031883e+02
    endloop
  endfacet
  facet normal 8.454233e-01 -5.541197e-02 5.312146e-01
    outer loop
      vertex   5.910909e+01 -1.449564e+01 3.031883e+02
      vertex   5.904952e+01 -1.449564e+01 3.032831e+02
      vertex   5.910387e+01 -1.457515e+01 3.031883e+02
    endloop
  endfacet
  facet normal 8.454233e-01 -5.541197e-02 5.312146e-01
    outer loop
      vertex   5.910387e+01 -1.457515e+01 3.031883e+02
      vertex   5.904952e+01 -1.449564e+01 3.032831e+02
      vertex   5.904482e+01 -1.456737e+01 3.032831e+02
    endloop
  endfacet
  facet normal 8.309578e-01 -1.652878e-01 5.312146e-01
    outer loop
      vertex   5.910387e+01 -1.457515e+01 3.031883e+02
      vertex   5.904482e+01 -1.456737e+01 3.032831e+02
      vertex   5.908833e+01 -1.465329e+01 3.031883e+02
    endloop
  endfacet
  facet normal 8.309578e-01 -1.652878e-01 5.312146e-01
    outer loop
      vertex   5.908833e+01 -1.465329e+01 3.031883e+02
      vertex   5.904482e+01 -1.456737e+01 3.032831e+02
      vertex   5.903079e+01 -1.463787e+01 3.032831e+02
    endloop
  endfacet
  facet normal 8.022745e-01 -2.723355e-01 5.312146e-01
    outer loop
      vertex   5.908833e+01 -1.465329e+01 3.031883e+02
      vertex   5.903079e+01 -1.463787e+01 3.032831e+02
      vertex   5.906272e+01 -1.472873e+01 3.031883e+02
    endloop
  endfacet
  facet normal 8.022745e-01 -2.723355e-01 5.312146e-01
    outer loop
      vertex   5.906272e+01 -1.472873e+01 3.031883e+02
      vertex   5.903079e+01 -1.463787e+01 3.032831e+02
      vertex   5.900769e+01 -1.470594e+01 3.032831e+02
    endloop
  endfacet
  facet normal 7.598640e-01 -3.747235e-01 5.312146e-01
    outer loop
      vertex   5.906272e+01 -1.472873e+01 3.031883e+02
      vertex   5.900769e+01 -1.470594e+01 3.032831e+02
      vertex   5.902748e+01 -1.480019e+01 3.031883e+02
    endloop
  endfacet
  facet normal 7.598640e-01 -3.747235e-01 5.312146e-01
    outer loop
      vertex   5.902748e+01 -1.480019e+01 3.031883e+02
      vertex   5.900769e+01 -1.470594e+01 3.032831e+02
      vertex   5.897590e+01 -1.477040e+01 3.032831e+02
    endloop
  endfacet
  facet normal 9.420822e-01 -6.174733e-02 3.296488e-01
    outer loop
      vertex   5.904952e+01 -1.449564e+01 3.032831e+02
      vertex   5.901254e+01 -1.449564e+01 3.033887e+02
      vertex   5.904482e+01 -1.456737e+01 3.032831e+02
    endloop
  endfacet
  facet normal 9.420822e-01 -6.174733e-02 3.296488e-01
    outer loop
      vertex   5.904482e+01 -1.456737e+01 3.032831e+02
      vertex   5.901254e+01 -1.449564e+01 3.033887e+02
      vertex   5.900815e+01 -1.456254e+01 3.033887e+02
    endloop
  endfacet
  facet normal 9.259629e-01 -1.841855e-01 3.296488e-01
    outer loop
      vertex   5.904482e+01 -1.456737e+01 3.032831e+02
      vertex   5.900815e+01 -1.456254e+01 3.033887e+02
      vertex   5.903079e+01 -1.463787e+01 3.032831e+02
    endloop
  endfacet
  facet normal 9.259629e-01 -1.841855e-01 3.296488e-01
    outer loop
      vertex   5.903079e+01 -1.463787e+01 3.032831e+02
      vertex   5.900815e+01 -1.456254e+01 3.033887e+02
      vertex   5.899507e+01 -1.462830e+01 3.033887e+02
    endloop
  endfacet
  facet normal 8.940002e-01 -3.034722e-01 3.296488e-01
    outer loop
      vertex   5.903079e+01 -1.463787e+01 3.032831e+02
      vertex   5.899507e+01 -1.462830e+01 3.033887e+02
      vertex   5.900769e+01 -1.470594e+01 3.032831e+02
    endloop
  endfacet
  facet normal 8.940002e-01 -3.034722e-01 3.296488e-01
    outer loop
      vertex   5.900769e+01 -1.470594e+01 3.032831e+02
      vertex   5.899507e+01 -1.462830e+01 3.033887e+02
      vertex   5.897352e+01 -1.469178e+01 3.033887e+02
    endloop
  endfacet
  facet normal 8.467408e-01 -4.175664e-01 3.296488e-01
    outer loop
      vertex   5.900769e+01 -1.470594e+01 3.032831e+02
      vertex   5.897352e+01 -1.469178e+01 3.033887e+02
      vertex   5.897590e+01 -1.477040e+01 3.032831e+02
    endloop
  endfacet
  facet normal 8.467408e-01 -4.175664e-01 3.296488e-01
    outer loop
      vertex   5.897590e+01 -1.477040e+01 3.032831e+02
      vertex   5.897352e+01 -1.469178e+01 3.033887e+02
      vertex   5.894387e+01 -1.475191e+01 3.033887e+02
    endloop
  endfacet
  facet normal 9.916112e-01 -6.499363e-02 1.117277e-01
    outer loop
      vertex   5.901254e+01 -1.449564e+01 3.033887e+02
      vertex   5.900000e+01 -1.449564e+01 3.035000e+02
      vertex   5.900815e+01 -1.456254e+01 3.033887e+02
    endloop
  endfacet
  facet normal 9.840978e-01 -1.108812e-01 1.387689e-01
    outer loop
      vertex   5.900815e+01 -1.456254e+01 3.033887e+02
      vertex   5.900000e+01 -1.449564e+01 3.035000e+02
      vertex   5.898746e+01 -1.460691e+01 3.035000e+02
    endloop
  endfacet
  facet normal 9.754657e-01 -1.940322e-01 1.040104e-01
    outer loop
      vertex   5.900815e+01 -1.456254e+01 3.033887e+02
      vertex   5.898746e+01 -1.460691e+01 3.035000e+02
      vertex   5.899507e+01 -1.462830e+01 3.033887e+02
    endloop
  endfacet
  facet normal 9.362390e-01 -3.276042e-01 1.270119e-01
    outer loop
      vertex   5.899507e+01 -1.462830e+01 3.033887e+02
      vertex   5.898746e+01 -1.460691e+01 3.035000e+02
      vertex   5.895049e+01 -1.471259e+01 3.035000e+02
    endloop
  endfacet
  facet normal 9.382967e-01 -3.185088e-01 1.347269e-01
    outer loop
      vertex   5.899507e+01 -1.462830e+01 3.033887e+02
      vertex   5.895049e+01 -1.471259e+01 3.035000e+02
      vertex   5.897352e+01 -1.469178e+01 3.033887e+02
    endloop
  endfacet
  facet normal 8.921522e-01 -4.399608e-01 1.024641e-01
    outer loop
      vertex   5.897352e+01 -1.469178e+01 3.033887e+02
      vertex   5.895049e+01 -1.471259e+01 3.035000e+02
      vertex   5.894387e+01 -1.475191e+01 3.033887e+02
    endloop
  endfacet
  facet normal 8.388081e-01 -5.270581e-01 1.364212e-01
    outer loop
      vertex   5.895049e+01 -1.471259e+01 3.035000e+02
      vertex   5.889092e+01 -1.480739e+01 3.035000e+02
      vertex   5.894387e+01 -1.475191e+01 3.033887e+02
    endloop
  endfacet
  facet normal 3.273668e-01 -9.355606e-01 1.325042e-01
    outer loop
      vertex   5.871694e+01 -1.494613e+01 3.035000e+02
      vertex   5.861126e+01 -1.498311e+01 3.035000e+02
      vertex   5.869614e+01 -1.496917e+01 3.033887e+02
    endloop
  endfacet
  facet normal 3.188958e-01 -9.394366e-01 1.255560e-01
    outer loop
      vertex   5.869614e+01 -1.496917e+01 3.033887e+02
      vertex   5.861126e+01 -1.498311e+01 3.035000e+02
      vertex   5.863265e+01 -1.499072e+01 3.033887e+02
    endloop
  endfacet
  facet normal 5.245159e-01 -7.849935e-01 3.296488e-01
    outer loop
      vertex   5.881201e+01 -1.490227e+01 3.033887e+02
      vertex   5.875627e+01 -1.493951e+01 3.033887e+02
      vertex   5.877476e+01 -1.497154e+01 3.032831e+02
    endloop
  endfacet
  facet normal 5.322005e-01 -4.667273e-01 7.063486e-01
    outer loop
      vertex   5.898322e+01 -1.486643e+01 3.031883e+02
      vertex   5.893069e+01 -1.492633e+01 3.031883e+02
      vertex   5.898667e+01 -1.498231e+01 3.031091e+02
    endloop
  endfacet
  facet normal 5.322005e-01 -4.667273e-01 7.063486e-01
    outer loop
      vertex   5.904603e+01 -1.491463e+01 3.031091e+02
      vertex   5.898322e+01 -1.486643e+01 3.031883e+02
      vertex   5.898667e+01 -1.498231e+01 3.031091e+02
    endloop
  endfacet
  facet normal 6.224908e-01 -7.098147e-01 3.296488e-01
    outer loop
      vertex   5.888857e+01 -1.488421e+01 3.032831e+02
      vertex   5.886242e+01 -1.485806e+01 3.033887e+02
      vertex   5.883452e+01 -1.493160e+01 3.032831e+02
    endloop
  endfacet
  facet normal 6.224908e-01 -7.098147e-01 3.296488e-01
    outer loop
      vertex   5.883452e+01 -1.493160e+01 3.032831e+02
      vertex   5.886242e+01 -1.485806e+01 3.033887e+02
      vertex   5.881201e+01 -1.490227e+01 3.033887e+02
    endloop
  endfacet
  facet normal 5.245159e-01 -7.849935e-01 3.296488e-01
    outer loop
      vertex   5.883452e+01 -1.493160e+01 3.032831e+02
      vertex   5.881201e+01 -1.490227e+01 3.033887e+02
      vertex   5.877476e+01 -1.497154e+01 3.032831e+02
    endloop
  endfacet
  facet normal 7.098147e-01 -6.224908e-01 3.296488e-01
    outer loop
      vertex   5.893596e+01 -1.483017e+01 3.032831e+02
      vertex   5.890662e+01 -1.480766e+01 3.033887e+02
      vertex   5.888857e+01 -1.488421e+01 3.032831e+02
    endloop
  endfacet
  facet normal 7.098147e-01 -6.224908e-01 3.296488e-01
    outer loop
      vertex   5.888857e+01 -1.488421e+01 3.032831e+02
      vertex   5.890662e+01 -1.480766e+01 3.033887e+02
      vertex   5.886242e+01 -1.485806e+01 3.033887e+02
    endloop
  endfacet
  facet normal 9.937122e-01 -1.119645e-01 0.000000e+00
    outer loop
      vertex   5.900000e+01 -1.449564e+01 3.035000e+02
      vertex   5.900000e+01 -1.449564e+01 3.055000e+02
      vertex   5.898746e+01 -1.460691e+01 3.035000e+02
    endloop
  endfacet
  facet normal 9.937122e-01 -1.119645e-01 9.944443e-17
    outer loop
      vertex   5.898746e+01 -1.460691e+01 3.035000e+02
      vertex   5.900000e+01 -1.449564e+01 3.055000e+02
      vertex   5.898746e+01 -1.460691e+01 3.055000e+02
    endloop
  endfacet
  facet normal 9.438833e-01 -3.302791e-01 2.933467e-16
    outer loop
      vertex   5.898746e+01 -1.460691e+01 3.035000e+02
      vertex   5.898746e+01 -1.460691e+01 3.055000e+02
      vertex   5.895049e+01 -1.471259e+01 3.035000e+02
    endloop
  endfacet
  facet normal 9.438833e-01 -3.302791e-01 0.000000e+00
    outer loop
      vertex   5.895049e+01 -1.471259e+01 3.035000e+02
      vertex   5.898746e+01 -1.460691e+01 3.055000e+02
      vertex   5.895049e+01 -1.471259e+01 3.055000e+02
    endloop
  endfacet
  facet normal 8.467242e-01 -5.320321e-01 0.000000e+00
    outer loop
      vertex   5.895049e+01 -1.471259e+01 3.035000e+02
      vertex   5.895049e+01 -1.471259e+01 3.055000e+02
      vertex   5.889092e+01 -1.480739e+01 3.035000e+02
    endloop
  endfacet
  facet normal 8.467242e-01 -5.320321e-01 4.725394e-16
    outer loop
      vertex   5.889092e+01 -1.480739e+01 3.035000e+02
      vertex   5.895049e+01 -1.471259e+01 3.055000e+02
      vertex   5.889092e+01 -1.480739e+01 3.055000e+02
    endloop
  endfacet
  facet normal 7.071068e-01 -7.071068e-01 6.280370e-16
    outer loop
      vertex   5.889092e+01 -1.480739e+01 3.035000e+02
      vertex   5.889092e+01 -1.480739e+01 3.055000e+02
      vertex   5.881175e+01 -1.488656e+01 3.035000e+02
    endloop
  endfacet
  facet normal 7.071068e-01 -7.071068e-01 0.000000e+00
    outer loop
      vertex   5.881175e+01 -1.488656e+01 3.035000e+02
      vertex   5.889092e+01 -1.480739e+01 3.055000e+02
      vertex   5.881175e+01 -1.488656e+01 3.055000e+02
    endloop
  endfacet
  facet normal 5.320321e-01 -8.467242e-01 0.000000e+00
    outer loop
      vertex   5.881175e+01 -1.488656e+01 3.035000e+02
      vertex   5.881175e+01 -1.488656e+01 3.055000e+02
      vertex   5.871694e+01 -1.494613e+01 3.035000e+02
    endloop
  endfacet
  facet normal 5.320321e-01 -8.467242e-01 1.504084e-15
    outer loop
      vertex   5.871694e+01 -1.494613e+01 3.035000e+02
      vertex   5.881175e+01 -1.488656e+01 3.055000e+02
      vertex   5.871694e+01 -1.494613e+01 3.055000e+02
    endloop
  endfacet
  facet normal 3.302791e-01 -9.438833e-01 1.676674e-15
    outer loop
      vertex   5.871694e+01 -1.494613e+01 3.035000e+02
      vertex   5.871694e+01 -1.494613e+01 3.055000e+02
      vertex   5.861126e+01 -1.498311e+01 3.035000e+02
    endloop
  endfacet
  facet normal 3.302791e-01 -9.438833e-01 1.676674e-15
    outer loop
      vertex   5.861126e+01 -1.498311e+01 3.035000e+02
      vertex   5.871694e+01 -1.494613e+01 3.055000e+02
      vertex   5.861126e+01 -1.498311e+01 3.055000e+02
    endloop
  endfacet
  facet normal 1.119645e-01 -9.937122e-01 1.765187e-15
    outer loop
      vertex   5.861126e+01 -1.498311e+01 3.035000e+02
      vertex   5.861126e+01 -1.498311e+01 3.055000e+02
      vertex   5.850000e+01 -1.499564e+01 3.035000e+02
    endloop
  endfacet
  facet normal 1.119645e-01 -9.937122e-01 0.000000e+00
    outer loop
      vertex   5.850000e+01 -1.499564e+01 3.035000e+02
      vertex   5.861126e+01 -1.498311e+01 3.055000e+02
      vertex   5.850000e+01 -1.499564e+01 3.055000e+02
    endloop
  endfacet
  facet normal 1.000000e+00 0.000000e+00 0.000000e+00
    outer loop
      vertex   5.900000e+01 -1.349564e+01 3.055000e+02
      vertex   5.900000e+01 -1.449564e+01 3.055000e+02
      vertex   5.900000e+01 -1.349564e+01 3.035000e+02
    endloop
  endfacet
  facet normal 1.000000e+00 0.000000e+00 0.000000e+00
    outer loop
      vertex   5.900000e+01 -1.349564e+01 3.035000e+02
      vertex   5.900000e+01 -1.449564e+01 3.055000e+02
      vertex   5.900000e+01 -1.449564e+01 3.035000e+02
    endloop
  endfacet
  facet normal -1.006306e-01 -4.962554e-02 9.936855e-01
    outer loop
      vertex   5.357612e+01 -1.487833e+01 3.030000e+02
      vertex   5.363398e+01 -1.499564e+01 3.030000e+02
      vertex   5.373033e+01 -1.494001e+01 3.030125e+02
    endloop
  endfacet
  facet normal -9.985702e-02 -5.096777e-02 9.936956e-01
    outer loop
      vertex   5.373033e+01 -1.494001e+01 3.030125e+02
      vertex   5.363398e+01 -1.499564e+01 3.030000e+02
      vertex   5.375923e+01 -1.499564e+01 3.030126e+02
    endloop
  endfacet
  facet normal -2.575443e-01 -1.329099e-01 9.570820e-01
    outer loop
      vertex   5.373033e+01 -1.494001e+01 3.030125e+02
      vertex   5.375923e+01 -1.499564e+01 3.030126e+02
      vertex   5.388571e+01 -1.499564e+01 3.030466e+02
    endloop
  endfacet
  facet normal -3.805786e-01 -2.248615e-01 8.969934e-01
    outer loop
      vertex   5.400331e+01 -1.499564e+01 3.030965e+02
      vertex   5.387876e+01 -1.497234e+01 3.030495e+02
      vertex   5.388571e+01 -1.499564e+01 3.030466e+02
    endloop
  endfacet
  facet normal -3.112022e-01 -2.079387e-01 9.273158e-01
    outer loop
      vertex   5.388571e+01 -1.499564e+01 3.030466e+02
      vertex   5.387876e+01 -1.497234e+01 3.030495e+02
      vertex   5.382185e+01 -1.488717e+01 3.030495e+02
    endloop
  endfacet
  facet normal -2.737008e-01 -1.862964e-01 9.436003e-01
    outer loop
      vertex   5.388571e+01 -1.499564e+01 3.030466e+02
      vertex   5.382185e+01 -1.488717e+01 3.030495e+02
      vertex   5.373033e+01 -1.494001e+01 3.030125e+02
    endloop
  endfacet
  facet normal -2.967843e-01 -1.463578e-01 9.436622e-01
    outer loop
      vertex   5.373033e+01 -1.494001e+01 3.030125e+02
      vertex   5.382185e+01 -1.488717e+01 3.030495e+02
      vertex   5.367891e+01 -1.483575e+01 3.030125e+02
    endloop
  endfacet
  facet normal -1.006306e-01 -4.962554e-02 9.936855e-01
    outer loop
      vertex   5.373033e+01 -1.494001e+01 3.030125e+02
      vertex   5.367891e+01 -1.483575e+01 3.030125e+02
      vertex   5.357612e+01 -1.487833e+01 3.030000e+02
    endloop
  endfacet
  facet normal -1.062472e-01 -3.606605e-02 9.936855e-01
    outer loop
      vertex   5.357612e+01 -1.487833e+01 3.030000e+02
      vertex   5.367891e+01 -1.483575e+01 3.030125e+02
      vertex   5.353408e+01 -1.475446e+01 3.030000e+02
    endloop
  endfacet
  facet normal -1.062472e-01 -3.606605e-02 9.936855e-01
    outer loop
      vertex   5.353408e+01 -1.475446e+01 3.030000e+02
      vertex   5.367891e+01 -1.483575e+01 3.030125e+02
      vertex   5.364154e+01 -1.472567e+01 3.030125e+02
    endloop
  endfacet
  facet normal -1.100458e-01 -2.188946e-02 9.936855e-01
    outer loop
      vertex   5.353408e+01 -1.475446e+01 3.030000e+02
      vertex   5.364154e+01 -1.472567e+01 3.030125e+02
      vertex   5.350856e+01 -1.462617e+01 3.030000e+02
    endloop
  endfacet
  facet normal -1.100458e-01 -2.188946e-02 9.936855e-01
    outer loop
      vertex   5.350856e+01 -1.462617e+01 3.030000e+02
      vertex   5.364154e+01 -1.472567e+01 3.030125e+02
      vertex   5.361886e+01 -1.461165e+01 3.030125e+02
    endloop
  endfacet
  facet normal -1.119615e-01 -7.338342e-03 9.936855e-01
    outer loop
      vertex   5.350856e+01 -1.462617e+01 3.030000e+02
      vertex   5.361886e+01 -1.461165e+01 3.030125e+02
      vertex   5.350000e+01 -1.449564e+01 3.030000e+02
    endloop
  endfacet
  facet normal -1.119615e-01 -7.338342e-03 9.936855e-01
    outer loop
      vertex   5.350000e+01 -1.449564e+01 3.030000e+02
      vertex   5.361886e+01 -1.461165e+01 3.030125e+02
      vertex   5.361126e+01 -1.449564e+01 3.030125e+02
    endloop
  endfacet
  facet normal -3.302017e-01 -2.164256e-02 9.436622e-01
    outer loop
      vertex   5.361126e+01 -1.449564e+01 3.030125e+02
      vertex   5.361886e+01 -1.461165e+01 3.030125e+02
      vertex   5.372364e+01 -1.459785e+01 3.030495e+02
    endloop
  endfacet
  facet normal -3.302017e-01 -2.164256e-02 9.436622e-01
    outer loop
      vertex   5.361126e+01 -1.449564e+01 3.030125e+02
      vertex   5.372364e+01 -1.459785e+01 3.030495e+02
      vertex   5.371694e+01 -1.449564e+01 3.030495e+02
    endloop
  endfacet
  facet normal -5.317089e-01 -3.485004e-02 8.462099e-01
    outer loop
      vertex   5.371694e+01 -1.449564e+01 3.030495e+02
      vertex   5.372364e+01 -1.459785e+01 3.030495e+02
      vertex   5.381763e+01 -1.458548e+01 3.031091e+02
    endloop
  endfacet
  facet normal -5.317089e-01 -3.485004e-02 8.462099e-01
    outer loop
      vertex   5.371694e+01 -1.449564e+01 3.030495e+02
      vertex   5.381763e+01 -1.458548e+01 3.031091e+02
      vertex   5.381175e+01 -1.449564e+01 3.031091e+02
    endloop
  endfacet
  facet normal -7.063486e-01 -4.629653e-02 7.063486e-01
    outer loop
      vertex   5.381175e+01 -1.449564e+01 3.031091e+02
      vertex   5.381763e+01 -1.458548e+01 3.031091e+02
      vertex   5.389613e+01 -1.457515e+01 3.031883e+02
    endloop
  endfacet
  facet normal -7.063486e-01 -4.629653e-02 7.063486e-01
    outer loop
      vertex   5.381175e+01 -1.449564e+01 3.031091e+02
      vertex   5.389613e+01 -1.457515e+01 3.031883e+02
      vertex   5.389092e+01 -1.449564e+01 3.031883e+02
    endloop
  endfacet
  facet normal -8.454233e-01 -5.541197e-02 5.312146e-01
    outer loop
      vertex   5.389092e+01 -1.449564e+01 3.031883e+02
      vertex   5.389613e+01 -1.457515e+01 3.031883e+02
      vertex   5.395519e+01 -1.456737e+01 3.032831e+02
    endloop
  endfacet
  facet normal -8.454233e-01 -5.541197e-02 5.312146e-01
    outer loop
      vertex   5.389092e+01 -1.449564e+01 3.031883e+02
      vertex   5.395519e+01 -1.456737e+01 3.032831e+02
      vertex   5.395049e+01 -1.449564e+01 3.032831e+02
    endloop
  endfacet
  facet normal -9.420822e-01 -6.174733e-02 3.296488e-01
    outer loop
      vertex   5.395049e+01 -1.449564e+01 3.032831e+02
      vertex   5.395519e+01 -1.456737e+01 3.032831e+02
      vertex   5.399185e+01 -1.456254e+01 3.033887e+02
    endloop
  endfacet
  facet normal -9.420822e-01 -6.174733e-02 3.296488e-01
    outer loop
      vertex   5.395049e+01 -1.449564e+01 3.032831e+02
      vertex   5.399185e+01 -1.456254e+01 3.033887e+02
      vertex   5.398746e+01 -1.449564e+01 3.033887e+02
    endloop
  endfacet
  facet normal -9.916112e-01 -6.499363e-02 1.117277e-01
    outer loop
      vertex   5.398746e+01 -1.449564e+01 3.033887e+02
      vertex   5.399185e+01 -1.456254e+01 3.033887e+02
      vertex   5.400000e+01 -1.449564e+01 3.035000e+02
    endloop
  endfacet
  facet normal -9.840978e-01 -1.108812e-01 1.387689e-01
    outer loop
      vertex   5.400000e+01 -1.449564e+01 3.035000e+02
      vertex   5.399185e+01 -1.456254e+01 3.033887e+02
      vertex   5.401254e+01 -1.460691e+01 3.035000e+02
    endloop
  endfacet
  facet normal -9.754657e-01 -1.940322e-01 1.040104e-01
    outer loop
      vertex   5.401254e+01 -1.460691e+01 3.035000e+02
      vertex   5.399185e+01 -1.456254e+01 3.033887e+02
      vertex   5.400493e+01 -1.462830e+01 3.033887e+02
    endloop
  endfacet
  facet normal -9.394366e-01 -3.188958e-01 1.255560e-01
    outer loop
      vertex   5.401254e+01 -1.460691e+01 3.035000e+02
      vertex   5.400493e+01 -1.462830e+01 3.033887e+02
      vertex   5.402648e+01 -1.469178e+01 3.033887e+02
    endloop
  endfacet
  facet normal -8.940002e-01 -3.034722e-01 3.296488e-01
    outer loop
      vertex   5.402648e+01 -1.469178e+01 3.033887e+02
      vertex   5.400493e+01 -1.462830e+01 3.033887e+02
      vertex   5.396921e+01 -1.463787e+01 3.032831e+02
    endloop
  endfacet
  facet normal -8.940002e-01 -3.034722e-01 3.296488e-01
    outer loop
      vertex   5.402648e+01 -1.469178e+01 3.033887e+02
      vertex   5.396921e+01 -1.463787e+01 3.032831e+02
      vertex   5.399231e+01 -1.470594e+01 3.032831e+02
    endloop
  endfacet
  facet normal -8.022745e-01 -2.723355e-01 5.312146e-01
    outer loop
      vertex   5.399231e+01 -1.470594e+01 3.032831e+02
      vertex   5.396921e+01 -1.463787e+01 3.032831e+02
      vertex   5.391167e+01 -1.465329e+01 3.031883e+02
    endloop
  endfacet
  facet normal -8.022745e-01 -2.723355e-01 5.312146e-01
    outer loop
      vertex   5.399231e+01 -1.470594e+01 3.032831e+02
      vertex   5.391167e+01 -1.465329e+01 3.031883e+02
      vertex   5.393728e+01 -1.472873e+01 3.031883e+02
    endloop
  endfacet
  facet normal -6.702979e-01 -2.275355e-01 7.063486e-01
    outer loop
      vertex   5.393728e+01 -1.472873e+01 3.031883e+02
      vertex   5.391167e+01 -1.465329e+01 3.031883e+02
      vertex   5.383520e+01 -1.467378e+01 3.031091e+02
    endloop
  endfacet
  facet normal -6.702979e-01 -2.275355e-01 7.063486e-01
    outer loop
      vertex   5.393728e+01 -1.472873e+01 3.031883e+02
      vertex   5.383520e+01 -1.467378e+01 3.031091e+02
      vertex   5.386414e+01 -1.475903e+01 3.031091e+02
    endloop
  endfacet
  facet normal -5.045715e-01 -1.712789e-01 8.462099e-01
    outer loop
      vertex   5.386414e+01 -1.475903e+01 3.031091e+02
      vertex   5.383520e+01 -1.467378e+01 3.031091e+02
      vertex   5.374362e+01 -1.469832e+01 3.030495e+02
    endloop
  endfacet
  facet normal -5.045715e-01 -1.712789e-01 8.462099e-01
    outer loop
      vertex   5.386414e+01 -1.475903e+01 3.031091e+02
      vertex   5.374362e+01 -1.469832e+01 3.030495e+02
      vertex   5.377655e+01 -1.479531e+01 3.030495e+02
    endloop
  endfacet
  facet normal -3.133488e-01 -1.063676e-01 9.436622e-01
    outer loop
      vertex   5.377655e+01 -1.479531e+01 3.030495e+02
      vertex   5.374362e+01 -1.469832e+01 3.030495e+02
      vertex   5.364154e+01 -1.472567e+01 3.030125e+02
    endloop
  endfacet
  facet normal -3.133488e-01 -1.063676e-01 9.436622e-01
    outer loop
      vertex   5.377655e+01 -1.479531e+01 3.030495e+02
      vertex   5.364154e+01 -1.472567e+01 3.030125e+02
      vertex   5.367891e+01 -1.483575e+01 3.030125e+02
    endloop
  endfacet
  facet normal -4.698955e-01 -3.922484e-01 7.907841e-01
    outer loop
      vertex   5.410987e+01 -1.499564e+01 3.031598e+02
      vertex   5.401333e+01 -1.498231e+01 3.031091e+02
      vertex   5.400331e+01 -1.499564e+01 3.030965e+02
    endloop
  endfacet
  facet normal -4.586388e-01 -4.022154e-01 7.923845e-01
    outer loop
      vertex   5.400331e+01 -1.499564e+01 3.030965e+02
      vertex   5.401333e+01 -1.498231e+01 3.031091e+02
      vertex   5.395397e+01 -1.491463e+01 3.031091e+02
    endloop
  endfacet
  facet normal -3.877644e-01 -3.672754e-01 8.454274e-01
    outer loop
      vertex   5.400331e+01 -1.499564e+01 3.030965e+02
      vertex   5.395397e+01 -1.491463e+01 3.031091e+02
      vertex   5.387876e+01 -1.497234e+01 3.030495e+02
    endloop
  endfacet
  facet normal -4.430484e-01 -2.960355e-01 8.462099e-01
    outer loop
      vertex   5.387876e+01 -1.497234e+01 3.030495e+02
      vertex   5.395397e+01 -1.491463e+01 3.031091e+02
      vertex   5.382185e+01 -1.488717e+01 3.030495e+02
    endloop
  endfacet
  facet normal -4.917875e-01 -5.609062e-01 6.659800e-01
    outer loop
      vertex   5.421410e+01 -1.499564e+01 3.032368e+02
      vertex   5.412921e+01 -1.497886e+01 3.031883e+02
      vertex   5.410987e+01 -1.499564e+01 3.031598e+02
    endloop
  endfacet
  facet normal -4.918485e-01 -5.608457e-01 6.659858e-01
    outer loop
      vertex   5.410987e+01 -1.499564e+01 3.031598e+02
      vertex   5.412921e+01 -1.497886e+01 3.031883e+02
      vertex   5.406931e+01 -1.492633e+01 3.031883e+02
    endloop
  endfacet
  facet normal -4.467602e-01 -5.505434e-01 7.052002e-01
    outer loop
      vertex   5.410987e+01 -1.499564e+01 3.031598e+02
      vertex   5.406931e+01 -1.492633e+01 3.031883e+02
      vertex   5.401333e+01 -1.498231e+01 3.031091e+02
    endloop
  endfacet
  facet normal -5.322005e-01 -4.667273e-01 7.063486e-01
    outer loop
      vertex   5.401333e+01 -1.498231e+01 3.031091e+02
      vertex   5.406931e+01 -1.492633e+01 3.031883e+02
      vertex   5.395397e+01 -1.491463e+01 3.031091e+02
    endloop
  endfacet
  facet normal -4.227722e-01 -7.578995e-01 4.968421e-01
    outer loop
      vertex   5.431482e+01 -1.499564e+01 3.033225e+02
      vertex   5.422524e+01 -1.497154e+01 3.032831e+02
      vertex   5.421410e+01 -1.499564e+01 3.032368e+02
    endloop
  endfacet
  facet normal -4.832535e-01 -7.232400e-01 4.933456e-01
    outer loop
      vertex   5.421410e+01 -1.499564e+01 3.032368e+02
      vertex   5.422524e+01 -1.497154e+01 3.032831e+02
      vertex   5.416548e+01 -1.493160e+01 3.032831e+02
    endloop
  endfacet
  facet normal -4.457727e-01 -7.213151e-01 5.300860e-01
    outer loop
      vertex   5.421410e+01 -1.499564e+01 3.032368e+02
      vertex   5.416548e+01 -1.493160e+01 3.032831e+02
      vertex   5.412921e+01 -1.497886e+01 3.031883e+02
    endloop
  endfacet
  facet normal -5.586223e-01 -6.369867e-01 5.312146e-01
    outer loop
      vertex   5.412921e+01 -1.497886e+01 3.031883e+02
      vertex   5.416548e+01 -1.493160e+01 3.032831e+02
      vertex   5.406931e+01 -1.492633e+01 3.031883e+02
    endloop
  endfacet
  facet normal -2.732042e-01 -9.187550e-01 2.850415e-01
    outer loop
      vertex   5.450000e+01 -1.499564e+01 3.035000e+02
      vertex   5.436735e+01 -1.499072e+01 3.033887e+02
      vertex   5.431482e+01 -1.499564e+01 3.033225e+02
    endloop
  endfacet
  facet normal -3.056645e-01 -9.004587e-01 3.094242e-01
    outer loop
      vertex   5.431482e+01 -1.499564e+01 3.033225e+02
      vertex   5.436735e+01 -1.499072e+01 3.033887e+02
      vertex   5.430386e+01 -1.496917e+01 3.033887e+02
    endloop
  endfacet
  facet normal -4.253081e-01 -8.624396e-01 2.744285e-01
    outer loop
      vertex   5.431482e+01 -1.499564e+01 3.033225e+02
      vertex   5.430386e+01 -1.496917e+01 3.033887e+02
      vertex   5.424373e+01 -1.493951e+01 3.033887e+02
    endloop
  endfacet
  facet normal -4.399608e-01 -8.921522e-01 1.024641e-01
    outer loop
      vertex   5.424373e+01 -1.493951e+01 3.033887e+02
      vertex   5.430386e+01 -1.496917e+01 3.033887e+02
      vertex   5.428306e+01 -1.494613e+01 3.035000e+02
    endloop
  endfacet
  facet normal -5.270581e-01 -8.388081e-01 1.364212e-01
    outer loop
      vertex   5.424373e+01 -1.493951e+01 3.033887e+02
      vertex   5.428306e+01 -1.494613e+01 3.035000e+02
      vertex   5.418826e+01 -1.488656e+01 3.035000e+02
    endloop
  endfacet
  facet normal -1.115189e-01 -9.897580e-01 8.912168e-02
    outer loop
      vertex   5.450000e+01 -1.499564e+01 3.035000e+02
      vertex   5.438874e+01 -1.498311e+01 3.035000e+02
      vertex   5.436735e+01 -1.499072e+01 3.033887e+02
    endloop
  endfacet
  facet normal -3.276042e-01 -9.362390e-01 1.270119e-01
    outer loop
      vertex   5.436735e+01 -1.499072e+01 3.033887e+02
      vertex   5.438874e+01 -1.498311e+01 3.035000e+02
      vertex   5.428306e+01 -1.494613e+01 3.035000e+02
    endloop
  endfacet
  facet normal -3.185088e-01 -9.382967e-01 1.347269e-01
    outer loop
      vertex   5.436735e+01 -1.499072e+01 3.033887e+02
      vertex   5.428306e+01 -1.494613e+01 3.035000e+02
      vertex   5.430386e+01 -1.496917e+01 3.033887e+02
    endloop
  endfacet
  facet normal -7.001877e-01 -7.001877e-01 1.395510e-01
    outer loop
      vertex   5.410909e+01 -1.480739e+01 3.035000e+02
      vertex   5.413758e+01 -1.485806e+01 3.033887e+02
      vertex   5.418826e+01 -1.488656e+01 3.035000e+02
    endloop
  endfacet
  facet normal -6.555534e-01 -7.475154e-01 1.071002e-01
    outer loop
      vertex   5.418826e+01 -1.488656e+01 3.035000e+02
      vertex   5.413758e+01 -1.485806e+01 3.033887e+02
      vertex   5.418799e+01 -1.490227e+01 3.033887e+02
    endloop
  endfacet
  facet normal -5.516965e-01 -8.256721e-01 1.178840e-01
    outer loop
      vertex   5.418826e+01 -1.488656e+01 3.035000e+02
      vertex   5.418799e+01 -1.490227e+01 3.033887e+02
      vertex   5.424373e+01 -1.493951e+01 3.033887e+02
    endloop
  endfacet
  facet normal -5.245159e-01 -7.849935e-01 3.296488e-01
    outer loop
      vertex   5.424373e+01 -1.493951e+01 3.033887e+02
      vertex   5.418799e+01 -1.490227e+01 3.033887e+02
      vertex   5.416548e+01 -1.493160e+01 3.032831e+02
    endloop
  endfacet
  facet normal -5.245159e-01 -7.849935e-01 3.296488e-01
    outer loop
      vertex   5.424373e+01 -1.493951e+01 3.033887e+02
      vertex   5.416548e+01 -1.493160e+01 3.032831e+02
      vertex   5.422524e+01 -1.497154e+01 3.032831e+02
    endloop
  endfacet
  facet normal -7.475154e-01 -6.555534e-01 1.071002e-01
    outer loop
      vertex   5.413758e+01 -1.485806e+01 3.033887e+02
      vertex   5.410909e+01 -1.480739e+01 3.035000e+02
      vertex   5.409338e+01 -1.480766e+01 3.033887e+02
    endloop
  endfacet
  facet normal -8.406122e-01 -5.281916e-01 1.199366e-01
    outer loop
      vertex   5.409338e+01 -1.480766e+01 3.033887e+02
      vertex   5.410909e+01 -1.480739e+01 3.035000e+02
      vertex   5.404952e+01 -1.471259e+01 3.035000e+02
    endloop
  endfacet
  facet normal -8.226367e-01 -5.496682e-01 1.453745e-01
    outer loop
      vertex   5.409338e+01 -1.480766e+01 3.033887e+02
      vertex   5.404952e+01 -1.471259e+01 3.035000e+02
      vertex   5.405613e+01 -1.475191e+01 3.033887e+02
    endloop
  endfacet
  facet normal -8.921522e-01 -4.399608e-01 1.024641e-01
    outer loop
      vertex   5.405613e+01 -1.475191e+01 3.033887e+02
      vertex   5.404952e+01 -1.471259e+01 3.035000e+02
      vertex   5.402648e+01 -1.469178e+01 3.033887e+02
    endloop
  endfacet
  facet normal -8.467408e-01 -4.175664e-01 3.296488e-01
    outer loop
      vertex   5.405613e+01 -1.475191e+01 3.033887e+02
      vertex   5.402648e+01 -1.469178e+01 3.033887e+02
      vertex   5.399231e+01 -1.470594e+01 3.032831e+02
    endloop
  endfacet
  facet normal -9.355606e-01 -3.273668e-01 1.325042e-01
    outer loop
      vertex   5.404952e+01 -1.471259e+01 3.035000e+02
      vertex   5.401254e+01 -1.460691e+01 3.035000e+02
      vertex   5.402648e+01 -1.469178e+01 3.033887e+02
    endloop
  endfacet
  facet normal -7.849935e-01 -5.245159e-01 3.296488e-01
    outer loop
      vertex   5.405613e+01 -1.475191e+01 3.033887e+02
      vertex   5.402411e+01 -1.477040e+01 3.032831e+02
      vertex   5.409338e+01 -1.480766e+01 3.033887e+02
    endloop
  endfacet
  facet normal -7.849935e-01 -5.245159e-01 3.296488e-01
    outer loop
      vertex   5.409338e+01 -1.480766e+01 3.033887e+02
      vertex   5.402411e+01 -1.477040e+01 3.032831e+02
      vertex   5.406404e+01 -1.483017e+01 3.032831e+02
    endloop
  endfacet
  facet normal -7.098147e-01 -6.224908e-01 3.296488e-01
    outer loop
      vertex   5.409338e+01 -1.480766e+01 3.033887e+02
      vertex   5.406404e+01 -1.483017e+01 3.032831e+02
      vertex   5.413758e+01 -1.485806e+01 3.033887e+02
    endloop
  endfacet
  facet normal -7.098147e-01 -6.224908e-01 3.296488e-01
    outer loop
      vertex   5.413758e+01 -1.485806e+01 3.033887e+02
      vertex   5.406404e+01 -1.483017e+01 3.032831e+02
      vertex   5.411143e+01 -1.488421e+01 3.032831e+02
    endloop
  endfacet
  facet normal -6.224908e-01 -7.098147e-01 3.296488e-01
    outer loop
      vertex   5.413758e+01 -1.485806e+01 3.033887e+02
      vertex   5.411143e+01 -1.488421e+01 3.032831e+02
      vertex   5.418799e+01 -1.490227e+01 3.033887e+02
    endloop
  endfacet
  facet normal -6.224908e-01 -7.098147e-01 3.296488e-01
    outer loop
      vertex   5.418799e+01 -1.490227e+01 3.033887e+02
      vertex   5.411143e+01 -1.488421e+01 3.032831e+02
      vertex   5.416548e+01 -1.493160e+01 3.032831e+02
    endloop
  endfacet
  facet normal -7.044520e-01 -4.706998e-01 5.312146e-01
    outer loop
      vertex   5.402411e+01 -1.477040e+01 3.032831e+02
      vertex   5.397252e+01 -1.480019e+01 3.031883e+02
      vertex   5.406404e+01 -1.483017e+01 3.032831e+02
    endloop
  endfacet
  facet normal -7.044520e-01 -4.706998e-01 5.312146e-01
    outer loop
      vertex   5.406404e+01 -1.483017e+01 3.032831e+02
      vertex   5.397252e+01 -1.480019e+01 3.031883e+02
      vertex   5.401678e+01 -1.486643e+01 3.031883e+02
    endloop
  endfacet
  facet normal -6.369867e-01 -5.586223e-01 5.312146e-01
    outer loop
      vertex   5.406404e+01 -1.483017e+01 3.032831e+02
      vertex   5.401678e+01 -1.486643e+01 3.031883e+02
      vertex   5.411143e+01 -1.488421e+01 3.032831e+02
    endloop
  endfacet
  facet normal -6.369867e-01 -5.586223e-01 5.312146e-01
    outer loop
      vertex   5.411143e+01 -1.488421e+01 3.032831e+02
      vertex   5.401678e+01 -1.486643e+01 3.031883e+02
      vertex   5.406931e+01 -1.492633e+01 3.031883e+02
    endloop
  endfacet
  facet normal -5.586223e-01 -6.369867e-01 5.312146e-01
    outer loop
      vertex   5.411143e+01 -1.488421e+01 3.032831e+02
      vertex   5.406931e+01 -1.492633e+01 3.031883e+02
      vertex   5.416548e+01 -1.493160e+01 3.032831e+02
    endloop
  endfacet
  facet normal -8.467408e-01 -4.175664e-01 3.296488e-01
    outer loop
      vertex   5.405613e+01 -1.475191e+01 3.033887e+02
      vertex   5.399231e+01 -1.470594e+01 3.032831e+02
      vertex   5.402411e+01 -1.477040e+01 3.032831e+02
    endloop
  endfacet
  facet normal -7.598640e-01 -3.747235e-01 5.312146e-01
    outer loop
      vertex   5.402411e+01 -1.477040e+01 3.032831e+02
      vertex   5.399231e+01 -1.470594e+01 3.032831e+02
      vertex   5.393728e+01 -1.472873e+01 3.031883e+02
    endloop
  endfacet
  facet normal -7.598640e-01 -3.747235e-01 5.312146e-01
    outer loop
      vertex   5.402411e+01 -1.477040e+01 3.032831e+02
      vertex   5.393728e+01 -1.472873e+01 3.031883e+02
      vertex   5.397252e+01 -1.480019e+01 3.031883e+02
    endloop
  endfacet
  facet normal -6.348641e-01 -3.130803e-01 7.063486e-01
    outer loop
      vertex   5.397252e+01 -1.480019e+01 3.031883e+02
      vertex   5.393728e+01 -1.472873e+01 3.031883e+02
      vertex   5.386414e+01 -1.475903e+01 3.031091e+02
    endloop
  endfacet
  facet normal -6.348641e-01 -3.130803e-01 7.063486e-01
    outer loop
      vertex   5.397252e+01 -1.480019e+01 3.031883e+02
      vertex   5.386414e+01 -1.475903e+01 3.031091e+02
      vertex   5.390395e+01 -1.483977e+01 3.031091e+02
    endloop
  endfacet
  facet normal -4.778984e-01 -2.356734e-01 8.462099e-01
    outer loop
      vertex   5.390395e+01 -1.483977e+01 3.031091e+02
      vertex   5.386414e+01 -1.475903e+01 3.031091e+02
      vertex   5.377655e+01 -1.479531e+01 3.030495e+02
    endloop
  endfacet
  facet normal -4.778984e-01 -2.356734e-01 8.462099e-01
    outer loop
      vertex   5.390395e+01 -1.483977e+01 3.031091e+02
      vertex   5.377655e+01 -1.479531e+01 3.030495e+02
      vertex   5.382185e+01 -1.488717e+01 3.030495e+02
    endloop
  endfacet
  facet normal -2.967843e-01 -1.463578e-01 9.436622e-01
    outer loop
      vertex   5.382185e+01 -1.488717e+01 3.030495e+02
      vertex   5.377655e+01 -1.479531e+01 3.030495e+02
      vertex   5.367891e+01 -1.483575e+01 3.030125e+02
    endloop
  endfacet
  facet normal -5.885675e-01 -3.932683e-01 7.063486e-01
    outer loop
      vertex   5.397252e+01 -1.480019e+01 3.031883e+02
      vertex   5.390395e+01 -1.483977e+01 3.031091e+02
      vertex   5.401678e+01 -1.486643e+01 3.031883e+02
    endloop
  endfacet
  facet normal -5.885675e-01 -3.932683e-01 7.063486e-01
    outer loop
      vertex   5.401678e+01 -1.486643e+01 3.031883e+02
      vertex   5.390395e+01 -1.483977e+01 3.031091e+02
      vertex   5.395397e+01 -1.491463e+01 3.031091e+02
    endloop
  endfacet
  facet normal -5.322005e-01 -4.667273e-01 7.063486e-01
    outer loop
      vertex   5.401678e+01 -1.486643e+01 3.031883e+02
      vertex   5.395397e+01 -1.491463e+01 3.031091e+02
      vertex   5.406931e+01 -1.492633e+01 3.031883e+02
    endloop
  endfacet
  facet normal -4.430484e-01 -2.960355e-01 8.462099e-01
    outer loop
      vertex   5.390395e+01 -1.483977e+01 3.031091e+02
      vertex   5.382185e+01 -1.488717e+01 3.030495e+02
      vertex   5.395397e+01 -1.491463e+01 3.031091e+02
    endloop
  endfacet
  facet normal -3.776232e-01 -8.657590e-01 3.284237e-01
    outer loop
      vertex   5.424373e+01 -1.493951e+01 3.033887e+02
      vertex   5.422524e+01 -1.497154e+01 3.032831e+02
      vertex   5.431482e+01 -1.499564e+01 3.033225e+02
    endloop
  endfacet
  facet normal -9.259629e-01 -1.841855e-01 3.296488e-01
    outer loop
      vertex   5.396921e+01 -1.463787e+01 3.032831e+02
      vertex   5.400493e+01 -1.462830e+01 3.033887e+02
      vertex   5.395519e+01 -1.456737e+01 3.032831e+02
    endloop
  endfacet
  facet normal -9.259629e-01 -1.841855e-01 3.296488e-01
    outer loop
      vertex   5.395519e+01 -1.456737e+01 3.032831e+02
      vertex   5.400493e+01 -1.462830e+01 3.033887e+02
      vertex   5.399185e+01 -1.456254e+01 3.033887e+02
    endloop
  endfacet
  facet normal -8.309578e-01 -1.652878e-01 5.312146e-01
    outer loop
      vertex   5.391167e+01 -1.465329e+01 3.031883e+02
      vertex   5.396921e+01 -1.463787e+01 3.032831e+02
      vertex   5.389613e+01 -1.457515e+01 3.031883e+02
    endloop
  endfacet
  facet normal -8.309578e-01 -1.652878e-01 5.312146e-01
    outer loop
      vertex   5.389613e+01 -1.457515e+01 3.031883e+02
      vertex   5.396921e+01 -1.463787e+01 3.032831e+02
      vertex   5.395519e+01 -1.456737e+01 3.032831e+02
    endloop
  endfacet
  facet normal -6.942628e-01 -1.380974e-01 7.063486e-01
    outer loop
      vertex   5.383520e+01 -1.467378e+01 3.031091e+02
      vertex   5.391167e+01 -1.465329e+01 3.031883e+02
      vertex   5.381763e+01 -1.458548e+01 3.031091e+02
    endloop
  endfacet
  facet normal -6.942628e-01 -1.380974e-01 7.063486e-01
    outer loop
      vertex   5.381763e+01 -1.458548e+01 3.031091e+02
      vertex   5.391167e+01 -1.465329e+01 3.031883e+02
      vertex   5.389613e+01 -1.457515e+01 3.031883e+02
    endloop
  endfacet
  facet normal -5.226112e-01 -1.039538e-01 8.462099e-01
    outer loop
      vertex   5.374362e+01 -1.469832e+01 3.030495e+02
      vertex   5.383520e+01 -1.467378e+01 3.031091e+02
      vertex   5.372364e+01 -1.459785e+01 3.030495e+02
    endloop
  endfacet
  facet normal -5.226112e-01 -1.039538e-01 8.462099e-01
    outer loop
      vertex   5.372364e+01 -1.459785e+01 3.030495e+02
      vertex   5.383520e+01 -1.467378e+01 3.031091e+02
      vertex   5.381763e+01 -1.458548e+01 3.031091e+02
    endloop
  endfacet
  facet normal -3.245519e-01 -6.455738e-02 9.436622e-01
    outer loop
      vertex   5.364154e+01 -1.472567e+01 3.030125e+02
      vertex   5.374362e+01 -1.469832e+01 3.030495e+02
      vertex   5.361886e+01 -1.461165e+01 3.030125e+02
    endloop
  endfacet
  facet normal -3.245519e-01 -6.455738e-02 9.436622e-01
    outer loop
      vertex   5.361886e+01 -1.461165e+01 3.030125e+02
      vertex   5.374362e+01 -1.469832e+01 3.030495e+02
      vertex   5.372364e+01 -1.459785e+01 3.030495e+02
    endloop
  endfacet
  facet normal 1.119645e-01 9.937122e-01 -0.000000e+00
    outer loop
      vertex   5.850000e+01 -4.995645e+00 3.035000e+02
      vertex   5.850000e+01 -4.995645e+00 3.055000e+02
      vertex   5.861126e+01 -5.008181e+00 3.035000e+02
    endloop
  endfacet
  facet normal 1.119645e-01 9.937122e-01 4.412969e-16
    outer loop
      vertex   5.861126e+01 -5.008181e+00 3.035000e+02
      vertex   5.850000e+01 -4.995645e+00 3.055000e+02
      vertex   5.861126e+01 -5.008181e+00 3.055000e+02
    endloop
  endfacet
  facet normal 3.302791e-01 9.438833e-01 4.191684e-16
    outer loop
      vertex   5.861126e+01 -5.008181e+00 3.035000e+02
      vertex   5.861126e+01 -5.008181e+00 3.055000e+02
      vertex   5.871694e+01 -5.045160e+00 3.035000e+02
    endloop
  endfacet
  facet normal 3.302791e-01 9.438833e-01 8.383368e-16
    outer loop
      vertex   5.871694e+01 -5.045160e+00 3.035000e+02
      vertex   5.861126e+01 -5.008181e+00 3.055000e+02
      vertex   5.871694e+01 -5.045160e+00 3.055000e+02
    endloop
  endfacet
  facet normal 5.320321e-01 8.467242e-01 7.520422e-16
    outer loop
      vertex   5.871694e+01 -5.045160e+00 3.035000e+02
      vertex   5.871694e+01 -5.045160e+00 3.055000e+02
      vertex   5.881175e+01 -5.104729e+00 3.035000e+02
    endloop
  endfacet
  facet normal 5.320321e-01 8.467242e-01 7.520422e-16
    outer loop
      vertex   5.881175e+01 -5.104729e+00 3.035000e+02
      vertex   5.871694e+01 -5.045160e+00 3.055000e+02
      vertex   5.881175e+01 -5.104729e+00 3.055000e+02
    endloop
  endfacet
  facet normal 7.071068e-01 7.071068e-01 6.280370e-16
    outer loop
      vertex   5.881175e+01 -5.104729e+00 3.035000e+02
      vertex   5.881175e+01 -5.104729e+00 3.055000e+02
      vertex   5.889092e+01 -5.183900e+00 3.035000e+02
    endloop
  endfacet
  facet normal 7.071068e-01 7.071068e-01 9.420555e-16
    outer loop
      vertex   5.889092e+01 -5.183900e+00 3.035000e+02
      vertex   5.881175e+01 -5.104729e+00 3.055000e+02
      vertex   5.889092e+01 -5.183900e+00 3.055000e+02
    endloop
  endfacet
  facet normal 8.467242e-01 5.320321e-01 7.088091e-16
    outer loop
      vertex   5.889092e+01 -5.183900e+00 3.035000e+02
      vertex   5.889092e+01 -5.183900e+00 3.055000e+02
      vertex   5.895049e+01 -5.278703e+00 3.035000e+02
    endloop
  endfacet
  facet normal 8.467242e-01 5.320321e-01 2.362697e-16
    outer loop
      vertex   5.895049e+01 -5.278703e+00 3.035000e+02
      vertex   5.889092e+01 -5.183900e+00 3.055000e+02
      vertex   5.895049e+01 -5.278703e+00 3.055000e+02
    endloop
  endfacet
  facet normal 9.438833e-01 3.302791e-01 1.466734e-16
    outer loop
      vertex   5.895049e+01 -5.278703e+00 3.035000e+02
      vertex   5.895049e+01 -5.278703e+00 3.055000e+02
      vertex   5.898746e+01 -5.384384e+00 3.035000e+02
    endloop
  endfacet
  facet normal 9.438833e-01 3.302791e-01 -0.000000e+00
    outer loop
      vertex   5.898746e+01 -5.384384e+00 3.035000e+02
      vertex   5.895049e+01 -5.278703e+00 3.055000e+02
      vertex   5.898746e+01 -5.384384e+00 3.055000e+02
    endloop
  endfacet
  facet normal 9.937122e-01 1.119645e-01 -0.000000e+00
    outer loop
      vertex   5.898746e+01 -5.384384e+00 3.035000e+02
      vertex   5.898746e+01 -5.384384e+00 3.055000e+02
      vertex   5.900000e+01 -5.495645e+00 3.035000e+02
    endloop
  endfacet
  facet normal 9.937122e-01 1.119645e-01 -0.000000e+00
    outer loop
      vertex   5.900000e+01 -5.495645e+00 3.035000e+02
      vertex   5.898746e+01 -5.384384e+00 3.055000e+02
      vertex   5.900000e+01 -5.495645e+00 3.055000e+02
    endloop
  endfacet
  facet normal -1.270473e-13 -1.000000e+00 0.000000e+00
    outer loop
      vertex   5.850000e+01 -1.499564e+01 3.035000e+02
      vertex   5.850000e+01 -1.499564e+01 3.055000e+02
      vertex   5.809453e+01 -1.499564e+01 3.050000e+02
    endloop
  endfacet
  facet normal 0.000000e+00 -1.000000e+00 -1.030287e-13
    outer loop
      vertex   5.809453e+01 -1.499564e+01 3.050000e+02
      vertex   5.850000e+01 -1.499564e+01 3.055000e+02
      vertex   5.450000e+01 -1.499564e+01 3.055000e+02
    endloop
  endfacet
  facet normal -5.570172e-16 -1.000000e+00 -1.070331e-13
    outer loop
      vertex   5.809453e+01 -1.499564e+01 3.050000e+02
      vertex   5.450000e+01 -1.499564e+01 3.055000e+02
      vertex   5.490547e+01 -1.499564e+01 3.050000e+02
    endloop
  endfacet
  facet normal 1.314282e-13 -1.000000e+00 0.000000e+00
    outer loop
      vertex   5.490547e+01 -1.499564e+01 3.050000e+02
      vertex   5.450000e+01 -1.499564e+01 3.055000e+02
      vertex   5.450000e+01 -1.499564e+01 3.035000e+02
    endloop
  endfacet
  facet normal 1.314282e-13 -1.000000e+00 0.000000e+00
    outer loop
      vertex   5.490547e+01 -1.499564e+01 3.050000e+02
      vertex   5.450000e+01 -1.499564e+01 3.035000e+02
      vertex   5.490547e+01 -1.499564e+01 3.030000e+02
    endloop
  endfacet
  facet normal 6.287609e-14 -1.000000e+00 -5.559219e-14
    outer loop
      vertex   5.490547e+01 -1.499564e+01 3.030000e+02
      vertex   5.450000e+01 -1.499564e+01 3.035000e+02
      vertex   5.431482e+01 -1.499564e+01 3.033225e+02
    endloop
  endfacet
  facet normal 5.678961e-14 -1.000000e+00 -6.673918e-14
    outer loop
      vertex   5.490547e+01 -1.499564e+01 3.030000e+02
      vertex   5.431482e+01 -1.499564e+01 3.033225e+02
      vertex   5.421410e+01 -1.499564e+01 3.032368e+02
    endloop
  endfacet
  facet normal 4.361115e-14 -1.000000e+00 -1.052144e-13
    outer loop
      vertex   5.421410e+01 -1.499564e+01 3.032368e+02
      vertex   5.410987e+01 -1.499564e+01 3.031598e+02
      vertex   5.490547e+01 -1.499564e+01 3.030000e+02
    endloop
  endfacet
  facet normal 3.996432e-14 -1.000000e+00 -1.233670e-13
    outer loop
      vertex   5.490547e+01 -1.499564e+01 3.030000e+02
      vertex   5.410987e+01 -1.499564e+01 3.031598e+02
      vertex   5.400331e+01 -1.499564e+01 3.030965e+02
    endloop
  endfacet
  facet normal 5.158221e-14 -1.000000e+00 -1.477634e-14
    outer loop
      vertex   5.490547e+01 -1.499564e+01 3.030000e+02
      vertex   5.400331e+01 -1.499564e+01 3.030965e+02
      vertex   5.388571e+01 -1.499564e+01 3.030466e+02
    endloop
  endfacet
  facet normal 4.262908e-14 -1.000000e+00 -2.106088e-13
    outer loop
      vertex   5.388571e+01 -1.499564e+01 3.030466e+02
      vertex   5.375923e+01 -1.499564e+01 3.030126e+02
      vertex   5.490547e+01 -1.499564e+01 3.030000e+02
    endloop
  endfacet
  facet normal 4.191171e-14 -1.000000e+00 -2.759395e-13
    outer loop
      vertex   5.490547e+01 -1.499564e+01 3.030000e+02
      vertex   5.375923e+01 -1.499564e+01 3.030126e+02
      vertex   5.363398e+01 -1.499564e+01 3.030000e+02
    endloop
  endfacet
  facet normal 4.191171e-14 -1.000000e+00 -7.870983e-14
    outer loop
      vertex   5.490547e+01 -1.499564e+01 3.030000e+02
      vertex   5.363398e+01 -1.499564e+01 3.030000e+02
      vertex   4.800000e+01 -1.499564e+01 3.000000e+02
    endloop
  endfacet
  facet normal 0.000000e+00 -1.000000e+00 0.000000e+00
    outer loop
      vertex   4.800000e+01 -1.499564e+01 3.000000e+02
      vertex   5.363398e+01 -1.499564e+01 3.030000e+02
      vertex   4.800000e+01 -1.499564e+01 3.025000e+02
    endloop
  endfacet
  facet normal 0.000000e+00 -1.000000e+00 0.000000e+00
    outer loop
      vertex   4.800000e+01 -1.499564e+01 3.025000e+02
      vertex   5.363398e+01 -1.499564e+01 3.030000e+02
      vertex   4.850000e+01 -1.499564e+01 3.030000e+02
    endloop
  endfacet
  facet normal 0.000000e+00 -1.000000e+00 0.000000e+00
    outer loop
      vertex   4.800000e+01 -1.499564e+01 3.025000e+02
      vertex   4.850000e+01 -1.499564e+01 3.030000e+02
      vertex   4.801254e+01 -1.499564e+01 3.026113e+02
    endloop
  endfacet
  facet normal 0.000000e+00 -1.000000e+00 0.000000e+00
    outer loop
      vertex   4.801254e+01 -1.499564e+01 3.026113e+02
      vertex   4.850000e+01 -1.499564e+01 3.030000e+02
      vertex   4.804952e+01 -1.499564e+01 3.027169e+02
    endloop
  endfacet
  facet normal 0.000000e+00 -1.000000e+00 0.000000e+00
    outer loop
      vertex   4.804952e+01 -1.499564e+01 3.027169e+02
      vertex   4.850000e+01 -1.499564e+01 3.030000e+02
      vertex   4.810909e+01 -1.499564e+01 3.028117e+02
    endloop
  endfacet
  facet normal 0.000000e+00 -1.000000e+00 0.000000e+00
    outer loop
      vertex   4.810909e+01 -1.499564e+01 3.028117e+02
      vertex   4.850000e+01 -1.499564e+01 3.030000e+02
      vertex   4.818826e+01 -1.499564e+01 3.028909e+02
    endloop
  endfacet
  facet normal 0.000000e+00 -1.000000e+00 0.000000e+00
    outer loop
      vertex   4.818826e+01 -1.499564e+01 3.028909e+02
      vertex   4.850000e+01 -1.499564e+01 3.030000e+02
      vertex   4.828306e+01 -1.499564e+01 3.029505e+02
    endloop
  endfacet
  facet normal 0.000000e+00 -1.000000e+00 0.000000e+00
    outer loop
      vertex   4.828306e+01 -1.499564e+01 3.029505e+02
      vertex   4.850000e+01 -1.499564e+01 3.030000e+02
      vertex   4.838874e+01 -1.499564e+01 3.029875e+02
    endloop
  endfacet
  facet normal 0.000000e+00 -1.000000e+00 1.776357e-14
    outer loop
      vertex   4.800000e+01 -1.499564e+01 3.000000e+02
      vertex   6.500000e+01 -1.499564e+01 3.000000e+02
      vertex   5.490547e+01 -1.499564e+01 3.030000e+02
    endloop
  endfacet
  facet normal -5.570172e-16 -1.000000e+00 1.588929e-14
    outer loop
      vertex   5.490547e+01 -1.499564e+01 3.030000e+02
      vertex   6.500000e+01 -1.499564e+01 3.000000e+02
      vertex   5.809453e+01 -1.499564e+01 3.030000e+02
    endloop
  endfacet
  facet normal -4.051465e-14 -1.000000e+00 -7.608617e-14
    outer loop
      vertex   5.809453e+01 -1.499564e+01 3.030000e+02
      vertex   6.500000e+01 -1.499564e+01 3.000000e+02
      vertex   5.936603e+01 -1.499564e+01 3.030000e+02
    endloop
  endfacet
  facet normal -4.051465e-14 -1.000000e+00 -2.620372e-13
    outer loop
      vertex   5.809453e+01 -1.499564e+01 3.030000e+02
      vertex   5.936603e+01 -1.499564e+01 3.030000e+02
      vertex   5.924078e+01 -1.499564e+01 3.030126e+02
    endloop
  endfacet
  facet normal 0.000000e+00 -1.000000e+00 0.000000e+00
    outer loop
      vertex   6.500000e+01 -1.499564e+01 3.000000e+02
      vertex   6.500000e+01 -1.499564e+01 3.025000e+02
      vertex   5.936603e+01 -1.499564e+01 3.030000e+02
    endloop
  endfacet
  facet normal 0.000000e+00 -1.000000e+00 0.000000e+00
    outer loop
      vertex   5.936603e+01 -1.499564e+01 3.030000e+02
      vertex   6.500000e+01 -1.499564e+01 3.025000e+02
      vertex   6.450000e+01 -1.499564e+01 3.030000e+02
    endloop
  endfacet
  facet normal 0.000000e+00 -1.000000e+00 0.000000e+00
    outer loop
      vertex   6.450000e+01 -1.499564e+01 3.030000e+02
      vertex   6.500000e+01 -1.499564e+01 3.025000e+02
      vertex   6.498746e+01 -1.499564e+01 3.026113e+02
    endloop
  endfacet
  facet normal 0.000000e+00 -1.000000e+00 0.000000e+00
    outer loop
      vertex   6.450000e+01 -1.499564e+01 3.030000e+02
      vertex   6.498746e+01 -1.499564e+01 3.026113e+02
      vertex   6.495049e+01 -1.499564e+01 3.027169e+02
    endloop
  endfacet
  facet normal 0.000000e+00 -1.000000e+00 0.000000e+00
    outer loop
      vertex   6.495049e+01 -1.499564e+01 3.027169e+02
      vertex   6.489092e+01 -1.499564e+01 3.028117e+02
      vertex   6.450000e+01 -1.499564e+01 3.030000e+02
    endloop
  endfacet
  facet normal 0.000000e+00 -1.000000e+00 0.000000e+00
    outer loop
      vertex   6.450000e+01 -1.499564e+01 3.030000e+02
      vertex   6.489092e+01 -1.499564e+01 3.028117e+02
      vertex   6.481175e+01 -1.499564e+01 3.028909e+02
    endloop
  endfacet
  facet normal 0.000000e+00 -1.000000e+00 0.000000e+00
    outer loop
      vertex   6.450000e+01 -1.499564e+01 3.030000e+02
      vertex   6.481175e+01 -1.499564e+01 3.028909e+02
      vertex   6.471694e+01 -1.499564e+01 3.029505e+02
    endloop
  endfacet
  facet normal 0.000000e+00 -1.000000e+00 0.000000e+00
    outer loop
      vertex   6.471694e+01 -1.499564e+01 3.029505e+02
      vertex   6.461126e+01 -1.499564e+01 3.029875e+02
      vertex   6.450000e+01 -1.499564e+01 3.030000e+02
    endloop
  endfacet
  facet normal -4.058950e-14 -1.000000e+00 -2.552207e-13
    outer loop
      vertex   5.924078e+01 -1.499564e+01 3.030126e+02
      vertex   5.911429e+01 -1.499564e+01 3.030466e+02
      vertex   5.809453e+01 -1.499564e+01 3.030000e+02
    endloop
  endfacet
  facet normal -4.570526e-14 -1.000000e+00 -1.433233e-13
    outer loop
      vertex   5.809453e+01 -1.499564e+01 3.030000e+02
      vertex   5.911429e+01 -1.499564e+01 3.030466e+02
      vertex   5.899669e+01 -1.499564e+01 3.030965e+02
    endloop
  endfacet
  facet normal -5.681318e-14 -1.000000e+00 -3.949919e-14
    outer loop
      vertex   5.809453e+01 -1.499564e+01 3.030000e+02
      vertex   5.899669e+01 -1.499564e+01 3.030965e+02
      vertex   5.889013e+01 -1.499564e+01 3.031598e+02
    endloop
  endfacet
  facet normal -5.090064e-14 -1.000000e+00 -6.892979e-14
    outer loop
      vertex   5.889013e+01 -1.499564e+01 3.031598e+02
      vertex   5.878590e+01 -1.499564e+01 3.032368e+02
      vertex   5.809453e+01 -1.499564e+01 3.030000e+02
    endloop
  endfacet
  facet normal -5.312576e-14 -1.000000e+00 -6.243343e-14
    outer loop
      vertex   5.809453e+01 -1.499564e+01 3.030000e+02
      vertex   5.878590e+01 -1.499564e+01 3.032368e+02
      vertex   5.868518e+01 -1.499564e+01 3.033225e+02
    endloop
  endfacet
  facet normal -5.556278e-14 -1.000000e+00 -5.797018e-14
    outer loop
      vertex   5.809453e+01 -1.499564e+01 3.030000e+02
      vertex   5.868518e+01 -1.499564e+01 3.033225e+02
      vertex   5.850000e+01 -1.499564e+01 3.035000e+02
    endloop
  endfacet
  facet normal -1.270473e-13 -1.000000e+00 0.000000e+00
    outer loop
      vertex   5.809453e+01 -1.499564e+01 3.030000e+02
      vertex   5.850000e+01 -1.499564e+01 3.035000e+02
      vertex   5.809453e+01 -1.499564e+01 3.050000e+02
    endloop
  endfacet
  facet normal -1.119645e-01 -9.937122e-01 0.000000e+00
    outer loop
      vertex   5.450000e+01 -1.499564e+01 3.035000e+02
      vertex   5.450000e+01 -1.499564e+01 3.055000e+02
      vertex   5.438874e+01 -1.498311e+01 3.035000e+02
    endloop
  endfacet
  facet normal -1.119645e-01 -9.937122e-01 1.765187e-15
    outer loop
      vertex   5.438874e+01 -1.498311e+01 3.035000e+02
      vertex   5.450000e+01 -1.499564e+01 3.055000e+02
      vertex   5.438874e+01 -1.498311e+01 3.055000e+02
    endloop
  endfacet
  facet normal -3.302791e-01 -9.438833e-01 1.676674e-15
    outer loop
      vertex   5.438874e+01 -1.498311e+01 3.035000e+02
      vertex   5.438874e+01 -1.498311e+01 3.055000e+02
      vertex   5.428306e+01 -1.494613e+01 3.035000e+02
    endloop
  endfacet
  facet normal -3.302791e-01 -9.438833e-01 1.676674e-15
    outer loop
      vertex   5.428306e+01 -1.494613e+01 3.035000e+02
      vertex   5.438874e+01 -1.498311e+01 3.055000e+02
      vertex   5.428306e+01 -1.494613e+01 3.055000e+02
    endloop
  endfacet
  facet normal -5.320321e-01 -8.467242e-01 1.504084e-15
    outer loop
      vertex   5.428306e+01 -1.494613e+01 3.035000e+02
      vertex   5.428306e+01 -1.494613e+01 3.055000e+02
      vertex   5.418826e+01 -1.488656e+01 3.035000e+02
    endloop
  endfacet
  facet normal -5.320321e-01 -8.467242e-01 0.000000e+00
    outer loop
      vertex   5.418826e+01 -1.488656e+01 3.035000e+02
      vertex   5.428306e+01 -1.494613e+01 3.055000e+02
      vertex   5.418826e+01 -1.488656e+01 3.055000e+02
    endloop
  endfacet
  facet normal -7.071068e-01 -7.071068e-01 0.000000e+00
    outer loop
      vertex   5.418826e+01 -1.488656e+01 3.035000e+02
      vertex   5.418826e+01 -1.488656e+01 3.055000e+02
      vertex   5.410909e+01 -1.480739e+01 3.035000e+02
    endloop
  endfacet
  facet normal -7.071068e-01 -7.071068e-01 6.280370e-16
    outer loop
      vertex   5.410909e+01 -1.480739e+01 3.035000e+02
      vertex   5.418826e+01 -1.488656e+01 3.055000e+02
      vertex   5.410909e+01 -1.480739e+01 3.055000e+02
    endloop
  endfacet
  facet normal -8.467242e-01 -5.320321e-01 4.725394e-16
    outer loop
      vertex   5.410909e+01 -1.480739e+01 3.035000e+02
      vertex   5.410909e+01 -1.480739e+01 3.055000e+02
      vertex   5.404952e+01 -1.471259e+01 3.035000e+02
    endloop
  endfacet
  facet normal -8.467242e-01 -5.320321e-01 0.000000e+00
    outer loop
      vertex   5.404952e+01 -1.471259e+01 3.035000e+02
      vertex   5.410909e+01 -1.480739e+01 3.055000e+02
      vertex   5.404952e+01 -1.471259e+01 3.055000e+02
    endloop
  endfacet
  facet normal -9.438833e-01 -3.302791e-01 0.000000e+00
    outer loop
      vertex   5.404952e+01 -1.471259e+01 3.035000e+02
      vertex   5.404952e+01 -1.471259e+01 3.055000e+02
      vertex   5.401254e+01 -1.460691e+01 3.035000e+02
    endloop
  endfacet
  facet normal -9.438833e-01 -3.302791e-01 2.933467e-16
    outer loop
      vertex   5.401254e+01 -1.460691e+01 3.035000e+02
      vertex   5.404952e+01 -1.471259e+01 3.055000e+02
      vertex   5.401254e+01 -1.460691e+01 3.055000e+02
    endloop
  endfacet
  facet normal -9.937122e-01 -1.119645e-01 9.944443e-17
    outer loop
      vertex   5.401254e+01 -1.460691e+01 3.035000e+02
      vertex   5.401254e+01 -1.460691e+01 3.055000e+02
      vertex   5.400000e+01 -1.449564e+01 3.035000e+02
    endloop
  endfacet
  facet normal -9.937122e-01 -1.119645e-01 0.000000e+00
    outer loop
      vertex   5.400000e+01 -1.449564e+01 3.035000e+02
      vertex   5.401254e+01 -1.460691e+01 3.055000e+02
      vertex   5.400000e+01 -1.449564e+01 3.055000e+02
    endloop
  endfacet
  facet normal 3.605786e-02 -0.000000e+00 9.993497e-01
    outer loop
      vertex   6.450000e+01 -9.354506e+00 3.030000e+02
      vertex   6.454375e+01 -9.512933e+00 3.029984e+02
      vertex   6.450000e+01 -4.995645e+00 3.030000e+02
    endloop
  endfacet
  facet normal 1.119644e-01 7.370740e-04 9.937119e-01
    outer loop
      vertex   6.450000e+01 -4.995645e+00 3.030000e+02
      vertex   6.454375e+01 -9.512933e+00 3.029984e+02
      vertex   6.461126e+01 -4.995645e+00 3.029875e+02
    endloop
  endfacet
  facet normal 1.140368e-01 7.055291e-04 9.934763e-01
    outer loop
      vertex   6.461126e+01 -4.995645e+00 3.029875e+02
      vertex   6.454375e+01 -9.512933e+00 3.029984e+02
      vertex   6.457500e+01 -9.674181e+00 3.029949e+02
    endloop
  endfacet
  facet normal 2.021467e-01 0.000000e+00 9.793553e-01
    outer loop
      vertex   6.461126e+01 -4.995645e+00 3.029875e+02
      vertex   6.457500e+01 -9.674181e+00 3.029949e+02
      vertex   6.461126e+01 -6.995645e+00 3.029875e+02
    endloop
  endfacet
  facet normal 2.021467e-01 0.000000e+00 9.793553e-01
    outer loop
      vertex   6.461126e+01 -6.995645e+00 3.029875e+02
      vertex   6.457500e+01 -9.674181e+00 3.029949e+02
      vertex   6.461126e+01 -8.995645e+00 3.029875e+02
    endloop
  endfacet
  facet normal 3.302791e-01 0.000000e+00 9.438833e-01
    outer loop
      vertex   6.461126e+01 -6.995645e+00 3.029875e+02
      vertex   6.461126e+01 -8.995645e+00 3.029875e+02
      vertex   6.471694e+01 -6.995645e+00 3.029505e+02
    endloop
  endfacet
  facet normal 3.302791e-01 0.000000e+00 9.438833e-01
    outer loop
      vertex   6.471694e+01 -6.995645e+00 3.029505e+02
      vertex   6.461126e+01 -8.995645e+00 3.029875e+02
      vertex   6.471694e+01 -8.995645e+00 3.029505e+02
    endloop
  endfacet
  facet normal 5.320321e-01 0.000000e+00 8.467242e-01
    outer loop
      vertex   6.471694e+01 -6.995645e+00 3.029505e+02
      vertex   6.471694e+01 -8.995645e+00 3.029505e+02
      vertex   6.481175e+01 -6.995645e+00 3.028909e+02
    endloop
  endfacet
  facet normal 5.320321e-01 0.000000e+00 8.467242e-01
    outer loop
      vertex   6.481175e+01 -6.995645e+00 3.028909e+02
      vertex   6.471694e+01 -8.995645e+00 3.029505e+02
      vertex   6.481175e+01 -8.995645e+00 3.028909e+02
    endloop
  endfacet
  facet normal 7.071068e-01 0.000000e+00 7.071068e-01
    outer loop
      vertex   6.481175e+01 -6.995645e+00 3.028909e+02
      vertex   6.481175e+01 -8.995645e+00 3.028909e+02
      vertex   6.489092e+01 -6.995645e+00 3.028117e+02
    endloop
  endfacet
  facet normal 7.071068e-01 0.000000e+00 7.071068e-01
    outer loop
      vertex   6.489092e+01 -6.995645e+00 3.028117e+02
      vertex   6.481175e+01 -8.995645e+00 3.028909e+02
      vertex   6.489092e+01 -8.995645e+00 3.028117e+02
    endloop
  endfacet
  facet normal 8.467242e-01 0.000000e+00 5.320321e-01
    outer loop
      vertex   6.489092e+01 -6.995645e+00 3.028117e+02
      vertex   6.489092e+01 -8.995645e+00 3.028117e+02
      vertex   6.495049e+01 -6.995645e+00 3.027169e+02
    endloop
  endfacet
  facet normal 8.467242e-01 0.000000e+00 5.320321e-01
    outer loop
      vertex   6.495049e+01 -6.995645e+00 3.027169e+02
      vertex   6.489092e+01 -8.995645e+00 3.028117e+02
      vertex   6.495049e+01 -8.995645e+00 3.027169e+02
    endloop
  endfacet
  facet normal 9.438833e-01 0.000000e+00 3.302791e-01
    outer loop
      vertex   6.495049e+01 -6.995645e+00 3.027169e+02
      vertex   6.495049e+01 -8.995645e+00 3.027169e+02
      vertex   6.498746e+01 -6.995645e+00 3.026113e+02
    endloop
  endfacet
  facet normal 9.438833e-01 0.000000e+00 3.302791e-01
    outer loop
      vertex   6.498746e+01 -6.995645e+00 3.026113e+02
      vertex   6.495049e+01 -8.995645e+00 3.027169e+02
      vertex   6.498746e+01 -8.995645e+00 3.026113e+02
    endloop
  endfacet
  facet normal 9.937122e-01 0.000000e+00 1.119645e-01
    outer loop
      vertex   6.498746e+01 -6.995645e+00 3.026113e+02
      vertex   6.498746e+01 -8.995645e+00 3.026113e+02
      vertex   6.500000e+01 -4.995645e+00 3.025000e+02
    endloop
  endfacet
  facet normal 9.937122e-01 0.000000e+00 1.119645e-01
    outer loop
      vertex   6.500000e+01 -4.995645e+00 3.025000e+02
      vertex   6.498746e+01 -8.995645e+00 3.026113e+02
      vertex   6.498746e+01 -1.099564e+01 3.026113e+02
    endloop
  endfacet
  facet normal 9.937122e-01 0.000000e+00 1.119645e-01
    outer loop
      vertex   6.500000e+01 -4.995645e+00 3.025000e+02
      vertex   6.498746e+01 -1.099564e+01 3.026113e+02
      vertex   6.500000e+01 -1.499564e+01 3.025000e+02
    endloop
  endfacet
  facet normal 9.937122e-01 0.000000e+00 1.119645e-01
    outer loop
      vertex   6.500000e+01 -1.499564e+01 3.025000e+02
      vertex   6.498746e+01 -1.099564e+01 3.026113e+02
      vertex   6.498746e+01 -1.299564e+01 3.026113e+02
    endloop
  endfacet
  facet normal 9.937122e-01 -7.061170e-15 1.119645e-01
    outer loop
      vertex   6.500000e+01 -1.499564e+01 3.025000e+02
      vertex   6.498746e+01 -1.299564e+01 3.026113e+02
      vertex   6.498746e+01 -1.499564e+01 3.026113e+02
    endloop
  endfacet
  facet normal 9.438833e-01 -6.706694e-15 3.302791e-01
    outer loop
      vertex   6.498746e+01 -1.499564e+01 3.026113e+02
      vertex   6.498746e+01 -1.299564e+01 3.026113e+02
      vertex   6.495049e+01 -1.499564e+01 3.027169e+02
    endloop
  endfacet
  facet normal 9.438833e-01 -6.706694e-15 3.302791e-01
    outer loop
      vertex   6.495049e+01 -1.499564e+01 3.027169e+02
      vertex   6.498746e+01 -1.299564e+01 3.026113e+02
      vertex   6.495049e+01 -1.299564e+01 3.027169e+02
    endloop
  endfacet
  facet normal 8.467242e-01 -6.016337e-15 5.320321e-01
    outer loop
      vertex   6.495049e+01 -1.499564e+01 3.027169e+02
      vertex   6.495049e+01 -1.299564e+01 3.027169e+02
      vertex   6.489092e+01 -1.499564e+01 3.028117e+02
    endloop
  endfacet
  facet normal 8.467242e-01 -0.000000e+00 5.320321e-01
    outer loop
      vertex   6.489092e+01 -1.499564e+01 3.028117e+02
      vertex   6.495049e+01 -1.299564e+01 3.027169e+02
      vertex   6.489092e+01 -1.299564e+01 3.028117e+02
    endloop
  endfacet
  facet normal 7.071068e-01 -0.000000e+00 7.071068e-01
    outer loop
      vertex   6.489092e+01 -1.499564e+01 3.028117e+02
      vertex   6.489092e+01 -1.299564e+01 3.028117e+02
      vertex   6.481175e+01 -1.499564e+01 3.028909e+02
    endloop
  endfacet
  facet normal 7.071068e-01 -5.024296e-15 7.071068e-01
    outer loop
      vertex   6.481175e+01 -1.499564e+01 3.028909e+02
      vertex   6.489092e+01 -1.299564e+01 3.028117e+02
      vertex   6.481175e+01 -1.299564e+01 3.028909e+02
    endloop
  endfacet
  facet normal 5.320321e-01 -3.780315e-15 8.467242e-01
    outer loop
      vertex   6.481175e+01 -1.499564e+01 3.028909e+02
      vertex   6.481175e+01 -1.299564e+01 3.028909e+02
      vertex   6.471694e+01 -1.499564e+01 3.029505e+02
    endloop
  endfacet
  facet normal 5.320321e-01 -0.000000e+00 8.467242e-01
    outer loop
      vertex   6.471694e+01 -1.499564e+01 3.029505e+02
      vertex   6.481175e+01 -1.299564e+01 3.028909e+02
      vertex   6.471694e+01 -1.299564e+01 3.029505e+02
    endloop
  endfacet
  facet normal 3.302791e-01 -0.000000e+00 9.438833e-01
    outer loop
      vertex   6.471694e+01 -1.499564e+01 3.029505e+02
      vertex   6.471694e+01 -1.299564e+01 3.029505e+02
      vertex   6.461126e+01 -1.499564e+01 3.029875e+02
    endloop
  endfacet
  facet normal 3.302791e-01 -0.000000e+00 9.438833e-01
    outer loop
      vertex   6.461126e+01 -1.499564e+01 3.029875e+02
      vertex   6.471694e+01 -1.299564e+01 3.029505e+02
      vertex   6.461126e+01 -1.299564e+01 3.029875e+02
    endloop
  endfacet
  facet normal 1.119645e-01 -0.000000e+00 9.937122e-01
    outer loop
      vertex   6.461126e+01 -1.499564e+01 3.029875e+02
      vertex   6.461126e+01 -1.299564e+01 3.029875e+02
      vertex   6.450000e+01 -1.499564e+01 3.030000e+02
    endloop
  endfacet
  facet normal 1.277540e-01 -8.903256e-04 9.918055e-01
    outer loop
      vertex   6.450000e+01 -1.499564e+01 3.030000e+02
      vertex   6.461126e+01 -1.299564e+01 3.029875e+02
      vertex   6.454375e+01 -1.047670e+01 3.029984e+02
    endloop
  endfacet
  facet normal 3.605786e-02 -0.000000e+00 9.993497e-01
    outer loop
      vertex   6.450000e+01 -1.499564e+01 3.030000e+02
      vertex   6.454375e+01 -1.047670e+01 3.029984e+02
      vertex   6.450000e+01 -1.063513e+01 3.030000e+02
    endloop
  endfacet
  facet normal 1.884382e-01 7.627377e-04 9.820848e-01
    outer loop
      vertex   6.457500e+01 -9.674181e+00 3.029949e+02
      vertex   6.459375e+01 -9.835669e+00 3.029915e+02
      vertex   6.461126e+01 -8.995645e+00 3.029875e+02
    endloop
  endfacet
  facet normal 2.374158e-01 -3.092682e-04 9.714081e-01
    outer loop
      vertex   6.461126e+01 -8.995645e+00 3.029875e+02
      vertex   6.459375e+01 -9.835669e+00 3.029915e+02
      vertex   6.460000e+01 -9.994819e+00 3.029899e+02
    endloop
  endfacet
  facet normal 2.112745e-01 0.000000e+00 9.774268e-01
    outer loop
      vertex   6.461126e+01 -8.995645e+00 3.029875e+02
      vertex   6.460000e+01 -9.994819e+00 3.029899e+02
      vertex   6.461126e+01 -1.099564e+01 3.029875e+02
    endloop
  endfacet
  facet normal 2.374253e-01 3.088706e-04 9.714057e-01
    outer loop
      vertex   6.461126e+01 -1.099564e+01 3.029875e+02
      vertex   6.460000e+01 -9.994819e+00 3.029899e+02
      vertex   6.459375e+01 -1.015397e+01 3.029915e+02
    endloop
  endfacet
  facet normal 1.884276e-01 -7.614695e-04 9.820868e-01
    outer loop
      vertex   6.461126e+01 -1.099564e+01 3.029875e+02
      vertex   6.459375e+01 -1.015397e+01 3.029915e+02
      vertex   6.457500e+01 -1.031546e+01 3.029949e+02
    endloop
  endfacet
  facet normal 2.021467e-01 0.000000e+00 9.793553e-01
    outer loop
      vertex   6.461126e+01 -1.099564e+01 3.029875e+02
      vertex   6.457500e+01 -1.031546e+01 3.029949e+02
      vertex   6.461126e+01 -1.299564e+01 3.029875e+02
    endloop
  endfacet
  facet normal 1.165399e-01 -1.196892e-03 9.931853e-01
    outer loop
      vertex   6.461126e+01 -1.299564e+01 3.029875e+02
      vertex   6.457500e+01 -1.031546e+01 3.029949e+02
      vertex   6.454375e+01 -1.047670e+01 3.029984e+02
    endloop
  endfacet
  facet normal 9.937122e-01 7.061170e-15 1.119645e-01
    outer loop
      vertex   6.500000e+01 -4.995645e+00 3.025000e+02
      vertex   6.498746e+01 -4.995645e+00 3.026113e+02
      vertex   6.498746e+01 -6.995645e+00 3.026113e+02
    endloop
  endfacet
  facet normal 9.438833e-01 6.706694e-15 3.302791e-01
    outer loop
      vertex   6.498746e+01 -6.995645e+00 3.026113e+02
      vertex   6.498746e+01 -4.995645e+00 3.026113e+02
      vertex   6.495049e+01 -6.995645e+00 3.027169e+02
    endloop
  endfacet
  facet normal 9.438833e-01 6.708693e-15 3.302791e-01
    outer loop
      vertex   6.498746e+01 -4.995645e+00 3.026113e+02
      vertex   6.495049e+01 -4.995645e+00 3.027169e+02
      vertex   6.495049e+01 -6.995645e+00 3.027169e+02
    endloop
  endfacet
  facet normal 8.467242e-01 6.016337e-15 5.320321e-01
    outer loop
      vertex   6.495049e+01 -6.995645e+00 3.027169e+02
      vertex   6.495049e+01 -4.995645e+00 3.027169e+02
      vertex   6.489092e+01 -6.995645e+00 3.028117e+02
    endloop
  endfacet
  facet normal 8.467242e-01 0.000000e+00 5.320321e-01
    outer loop
      vertex   6.495049e+01 -4.995645e+00 3.027169e+02
      vertex   6.489092e+01 -4.995645e+00 3.028117e+02
      vertex   6.489092e+01 -6.995645e+00 3.028117e+02
    endloop
  endfacet
  facet normal 7.071068e-01 -0.000000e+00 7.071068e-01
    outer loop
      vertex   6.489092e+01 -6.995645e+00 3.028117e+02
      vertex   6.489092e+01 -4.995645e+00 3.028117e+02
      vertex   6.481175e+01 -6.995645e+00 3.028909e+02
    endloop
  endfacet
  facet normal 7.071068e-01 5.027646e-15 7.071068e-01
    outer loop
      vertex   6.489092e+01 -4.995645e+00 3.028117e+02
      vertex   6.481175e+01 -4.995645e+00 3.028909e+02
      vertex   6.481175e+01 -6.995645e+00 3.028909e+02
    endloop
  endfacet
  facet normal 5.320321e-01 3.780315e-15 8.467242e-01
    outer loop
      vertex   6.481175e+01 -6.995645e+00 3.028909e+02
      vertex   6.481175e+01 -4.995645e+00 3.028909e+02
      vertex   6.471694e+01 -6.995645e+00 3.029505e+02
    endloop
  endfacet
  facet normal 5.320321e-01 0.000000e+00 8.467242e-01
    outer loop
      vertex   6.481175e+01 -4.995645e+00 3.028909e+02
      vertex   6.471694e+01 -4.995645e+00 3.029505e+02
      vertex   6.471694e+01 -6.995645e+00 3.029505e+02
    endloop
  endfacet
  facet normal 3.302791e-01 -0.000000e+00 9.438833e-01
    outer loop
      vertex   6.471694e+01 -6.995645e+00 3.029505e+02
      vertex   6.471694e+01 -4.995645e+00 3.029505e+02
      vertex   6.461126e+01 -6.995645e+00 3.029875e+02
    endloop
  endfacet
  facet normal 3.302791e-01 0.000000e+00 9.438833e-01
    outer loop
      vertex   6.471694e+01 -4.995645e+00 3.029505e+02
      vertex   6.461126e+01 -4.995645e+00 3.029875e+02
      vertex   6.461126e+01 -6.995645e+00 3.029875e+02
    endloop
  endfacet
  facet normal 3.302791e-01 0.000000e+00 9.438833e-01
    outer loop
      vertex   6.471694e+01 -8.995645e+00 3.029505e+02
      vertex   6.461126e+01 -8.995645e+00 3.029875e+02
      vertex   6.461126e+01 -1.099564e+01 3.029875e+02
    endloop
  endfacet
  facet normal 3.302791e-01 0.000000e+00 9.438833e-01
    outer loop
      vertex   6.461126e+01 -1.099564e+01 3.029875e+02
      vertex   6.461126e+01 -1.299564e+01 3.029875e+02
      vertex   6.471694e+01 -1.099564e+01 3.029505e+02
    endloop
  endfacet
  facet normal 3.302791e-01 0.000000e+00 9.438833e-01
    outer loop
      vertex   6.471694e+01 -1.099564e+01 3.029505e+02
      vertex   6.461126e+01 -1.299564e+01 3.029875e+02
      vertex   6.471694e+01 -1.299564e+01 3.029505e+02
    endloop
  endfacet
  facet normal 5.320321e-01 0.000000e+00 8.467242e-01
    outer loop
      vertex   6.471694e+01 -1.099564e+01 3.029505e+02
      vertex   6.471694e+01 -1.299564e+01 3.029505e+02
      vertex   6.481175e+01 -1.099564e+01 3.028909e+02
    endloop
  endfacet
  facet normal 5.320321e-01 0.000000e+00 8.467242e-01
    outer loop
      vertex   6.481175e+01 -1.099564e+01 3.028909e+02
      vertex   6.471694e+01 -1.299564e+01 3.029505e+02
      vertex   6.481175e+01 -1.299564e+01 3.028909e+02
    endloop
  endfacet
  facet normal 7.071068e-01 0.000000e+00 7.071068e-01
    outer loop
      vertex   6.481175e+01 -1.099564e+01 3.028909e+02
      vertex   6.481175e+01 -1.299564e+01 3.028909e+02
      vertex   6.489092e+01 -1.099564e+01 3.028117e+02
    endloop
  endfacet
  facet normal 7.071068e-01 0.000000e+00 7.071068e-01
    outer loop
      vertex   6.489092e+01 -1.099564e+01 3.028117e+02
      vertex   6.481175e+01 -1.299564e+01 3.028909e+02
      vertex   6.489092e+01 -1.299564e+01 3.028117e+02
    endloop
  endfacet
  facet normal 8.467242e-01 0.000000e+00 5.320321e-01
    outer loop
      vertex   6.489092e+01 -1.099564e+01 3.028117e+02
      vertex   6.489092e+01 -1.299564e+01 3.028117e+02
      vertex   6.495049e+01 -1.099564e+01 3.027169e+02
    endloop
  endfacet
  facet normal 8.467242e-01 0.000000e+00 5.320321e-01
    outer loop
      vertex   6.495049e+01 -1.099564e+01 3.027169e+02
      vertex   6.489092e+01 -1.299564e+01 3.028117e+02
      vertex   6.495049e+01 -1.299564e+01 3.027169e+02
    endloop
  endfacet
  facet normal 9.438833e-01 0.000000e+00 3.302791e-01
    outer loop
      vertex   6.495049e+01 -1.099564e+01 3.027169e+02
      vertex   6.495049e+01 -1.299564e+01 3.027169e+02
      vertex   6.498746e+01 -1.099564e+01 3.026113e+02
    endloop
  endfacet
  facet normal 9.438833e-01 0.000000e+00 3.302791e-01
    outer loop
      vertex   6.498746e+01 -1.099564e+01 3.026113e+02
      vertex   6.495049e+01 -1.299564e+01 3.027169e+02
      vertex   6.498746e+01 -1.299564e+01 3.026113e+02
    endloop
  endfacet
  facet normal 5.320321e-01 0.000000e+00 8.467242e-01
    outer loop
      vertex   6.481175e+01 -8.995645e+00 3.028909e+02
      vertex   6.471694e+01 -8.995645e+00 3.029505e+02
      vertex   6.471694e+01 -1.099564e+01 3.029505e+02
    endloop
  endfacet
  facet normal 3.302791e-01 -0.000000e+00 9.438833e-01
    outer loop
      vertex   6.471694e+01 -1.099564e+01 3.029505e+02
      vertex   6.471694e+01 -8.995645e+00 3.029505e+02
      vertex   6.461126e+01 -1.099564e+01 3.029875e+02
    endloop
  endfacet
  facet normal 5.320321e-01 0.000000e+00 8.467242e-01
    outer loop
      vertex   6.481175e+01 -8.995645e+00 3.028909e+02
      vertex   6.471694e+01 -1.099564e+01 3.029505e+02
      vertex   6.481175e+01 -1.099564e+01 3.028909e+02
    endloop
  endfacet
  facet normal 7.071068e-01 0.000000e+00 7.071068e-01
    outer loop
      vertex   6.489092e+01 -8.995645e+00 3.028117e+02
      vertex   6.481175e+01 -8.995645e+00 3.028909e+02
      vertex   6.481175e+01 -1.099564e+01 3.028909e+02
    endloop
  endfacet
  facet normal 7.071068e-01 0.000000e+00 7.071068e-01
    outer loop
      vertex   6.489092e+01 -8.995645e+00 3.028117e+02
      vertex   6.481175e+01 -1.099564e+01 3.028909e+02
      vertex   6.489092e+01 -1.099564e+01 3.028117e+02
    endloop
  endfacet
  facet normal 8.467242e-01 0.000000e+00 5.320321e-01
    outer loop
      vertex   6.495049e+01 -8.995645e+00 3.027169e+02
      vertex   6.489092e+01 -8.995645e+00 3.028117e+02
      vertex   6.489092e+01 -1.099564e+01 3.028117e+02
    endloop
  endfacet
  facet normal 8.467242e-01 0.000000e+00 5.320321e-01
    outer loop
      vertex   6.495049e+01 -8.995645e+00 3.027169e+02
      vertex   6.489092e+01 -1.099564e+01 3.028117e+02
      vertex   6.495049e+01 -1.099564e+01 3.027169e+02
    endloop
  endfacet
  facet normal 9.438833e-01 0.000000e+00 3.302791e-01
    outer loop
      vertex   6.498746e+01 -8.995645e+00 3.026113e+02
      vertex   6.495049e+01 -8.995645e+00 3.027169e+02
      vertex   6.495049e+01 -1.099564e+01 3.027169e+02
    endloop
  endfacet
  facet normal 9.438833e-01 0.000000e+00 3.302791e-01
    outer loop
      vertex   6.498746e+01 -8.995645e+00 3.026113e+02
      vertex   6.495049e+01 -1.099564e+01 3.027169e+02
      vertex   6.498746e+01 -1.099564e+01 3.026113e+02
    endloop
  endfacet
  facet normal 1.000000e+00 0.000000e+00 0.000000e+00
    outer loop
      vertex   6.500000e+01 -4.995645e+00 3.025000e+02
      vertex   6.500000e+01 -1.499564e+01 3.025000e+02
      vertex   6.500000e+01 -4.995645e+00 3.000000e+02
    endloop
  endfacet
  facet normal 1.000000e+00 0.000000e+00 0.000000e+00
    outer loop
      vertex   6.500000e+01 -4.995645e+00 3.000000e+02
      vertex   6.500000e+01 -1.499564e+01 3.025000e+02
      vertex   6.500000e+01 -1.499564e+01 3.000000e+02
    endloop
  endfacet
  facet normal -3.605786e-02 0.000000e+00 9.993497e-01
    outer loop
      vertex   4.850000e+01 -1.063513e+01 3.030000e+02
      vertex   4.845625e+01 -1.047670e+01 3.029984e+02
      vertex   4.850000e+01 -1.499564e+01 3.030000e+02
    endloop
  endfacet
  facet normal -1.119644e-01 -7.368046e-04 9.937119e-01
    outer loop
      vertex   4.850000e+01 -1.499564e+01 3.030000e+02
      vertex   4.845625e+01 -1.047670e+01 3.029984e+02
      vertex   4.838874e+01 -1.499564e+01 3.029875e+02
    endloop
  endfacet
  facet normal -1.140356e-01 -7.052897e-04 9.934764e-01
    outer loop
      vertex   4.838874e+01 -1.499564e+01 3.029875e+02
      vertex   4.845625e+01 -1.047670e+01 3.029984e+02
      vertex   4.842500e+01 -1.031546e+01 3.029949e+02
    endloop
  endfacet
  facet normal -2.021467e-01 0.000000e+00 9.793553e-01
    outer loop
      vertex   4.838874e+01 -1.499564e+01 3.029875e+02
      vertex   4.842500e+01 -1.031546e+01 3.029949e+02
      vertex   4.838874e+01 -1.299564e+01 3.029875e+02
    endloop
  endfacet
  facet normal -2.021467e-01 0.000000e+00 9.793553e-01
    outer loop
      vertex   4.838874e+01 -1.299564e+01 3.029875e+02
      vertex   4.842500e+01 -1.031546e+01 3.029949e+02
      vertex   4.838874e+01 -1.099564e+01 3.029875e+02
    endloop
  endfacet
  facet normal -3.302791e-01 0.000000e+00 9.438833e-01
    outer loop
      vertex   4.838874e+01 -1.299564e+01 3.029875e+02
      vertex   4.838874e+01 -1.099564e+01 3.029875e+02
      vertex   4.828306e+01 -1.299564e+01 3.029505e+02
    endloop
  endfacet
  facet normal -3.302791e-01 0.000000e+00 9.438833e-01
    outer loop
      vertex   4.828306e+01 -1.299564e+01 3.029505e+02
      vertex   4.838874e+01 -1.099564e+01 3.029875e+02
      vertex   4.828306e+01 -1.099564e+01 3.029505e+02
    endloop
  endfacet
  facet normal -5.320321e-01 0.000000e+00 8.467242e-01
    outer loop
      vertex   4.828306e+01 -1.299564e+01 3.029505e+02
      vertex   4.828306e+01 -1.099564e+01 3.029505e+02
      vertex   4.818826e+01 -1.299564e+01 3.028909e+02
    endloop
  endfacet
  facet normal -5.320321e-01 0.000000e+00 8.467242e-01
    outer loop
      vertex   4.818826e+01 -1.299564e+01 3.028909e+02
      vertex   4.828306e+01 -1.099564e+01 3.029505e+02
      vertex   4.818826e+01 -1.099564e+01 3.028909e+02
    endloop
  endfacet
  facet normal -7.071068e-01 0.000000e+00 7.071068e-01
    outer loop
      vertex   4.818826e+01 -1.299564e+01 3.028909e+02
      vertex   4.818826e+01 -1.099564e+01 3.028909e+02
      vertex   4.810909e+01 -1.299564e+01 3.028117e+02
    endloop
  endfacet
  facet normal -7.071068e-01 0.000000e+00 7.071068e-01
    outer loop
      vertex   4.810909e+01 -1.299564e+01 3.028117e+02
      vertex   4.818826e+01 -1.099564e+01 3.028909e+02
      vertex   4.810909e+01 -1.099564e+01 3.028117e+02
    endloop
  endfacet
  facet normal -8.467242e-01 0.000000e+00 5.320321e-01
    outer loop
      vertex   4.810909e+01 -1.299564e+01 3.028117e+02
      vertex   4.810909e+01 -1.099564e+01 3.028117e+02
      vertex   4.804952e+01 -1.299564e+01 3.027169e+02
    endloop
  endfacet
  facet normal -8.467242e-01 0.000000e+00 5.320321e-01
    outer loop
      vertex   4.804952e+01 -1.299564e+01 3.027169e+02
      vertex   4.810909e+01 -1.099564e+01 3.028117e+02
      vertex   4.804952e+01 -1.099564e+01 3.027169e+02
    endloop
  endfacet
  facet normal -9.438833e-01 0.000000e+00 3.302791e-01
    outer loop
      vertex   4.804952e+01 -1.299564e+01 3.027169e+02
      vertex   4.804952e+01 -1.099564e+01 3.027169e+02
      vertex   4.801254e+01 -1.299564e+01 3.026113e+02
    endloop
  endfacet
  facet normal -9.438833e-01 0.000000e+00 3.302791e-01
    outer loop
      vertex   4.801254e+01 -1.299564e+01 3.026113e+02
      vertex   4.804952e+01 -1.099564e+01 3.027169e+02
      vertex   4.801254e+01 -1.099564e+01 3.026113e+02
    endloop
  endfacet
  facet normal -9.937122e-01 0.000000e+00 1.119645e-01
    outer loop
      vertex   4.801254e+01 -1.299564e+01 3.026113e+02
      vertex   4.801254e+01 -1.099564e+01 3.026113e+02
      vertex   4.800000e+01 -1.499564e+01 3.025000e+02
    endloop
  endfacet
  facet normal -9.937122e-01 0.000000e+00 1.119645e-01
    outer loop
      vertex   4.800000e+01 -1.499564e+01 3.025000e+02
      vertex   4.801254e+01 -1.099564e+01 3.026113e+02
      vertex   4.801254e+01 -8.995645e+00 3.026113e+02
    endloop
  endfacet
  facet normal -9.937122e-01 0.000000e+00 1.119645e-01
    outer loop
      vertex   4.800000e+01 -1.499564e+01 3.025000e+02
      vertex   4.801254e+01 -8.995645e+00 3.026113e+02
      vertex   4.800000e+01 -4.995645e+00 3.025000e+02
    endloop
  endfacet
  facet normal -9.937122e-01 0.000000e+00 1.119645e-01
    outer loop
      vertex   4.800000e+01 -4.995645e+00 3.025000e+02
      vertex   4.801254e+01 -8.995645e+00 3.026113e+02
      vertex   4.801254e+01 -6.995645e+00 3.026113e+02
    endloop
  endfacet
  facet normal -9.937122e-01 7.061170e-15 1.119645e-01
    outer loop
      vertex   4.800000e+01 -4.995645e+00 3.025000e+02
      vertex   4.801254e+01 -6.995645e+00 3.026113e+02
      vertex   4.801254e+01 -4.995645e+00 3.026113e+02
    endloop
  endfacet
  facet normal -9.438833e-01 6.706694e-15 3.302791e-01
    outer loop
      vertex   4.801254e+01 -4.995645e+00 3.026113e+02
      vertex   4.801254e+01 -6.995645e+00 3.026113e+02
      vertex   4.804952e+01 -4.995645e+00 3.027169e+02
    endloop
  endfacet
  facet normal -9.438833e-01 -3.353347e-15 3.302791e-01
    outer loop
      vertex   4.804952e+01 -4.995645e+00 3.027169e+02
      vertex   4.801254e+01 -6.995645e+00 3.026113e+02
      vertex   4.804952e+01 -6.995645e+00 3.027169e+02
    endloop
  endfacet
  facet normal -8.467242e-01 -3.008169e-15 5.320321e-01
    outer loop
      vertex   4.804952e+01 -4.995645e+00 3.027169e+02
      vertex   4.804952e+01 -6.995645e+00 3.027169e+02
      vertex   4.810909e+01 -4.995645e+00 3.028117e+02
    endloop
  endfacet
  facet normal -8.467242e-01 9.024506e-15 5.320321e-01
    outer loop
      vertex   4.810909e+01 -4.995645e+00 3.028117e+02
      vertex   4.804952e+01 -6.995645e+00 3.027169e+02
      vertex   4.810909e+01 -6.995645e+00 3.028117e+02
    endloop
  endfacet
  facet normal -7.071068e-01 7.536444e-15 7.071068e-01
    outer loop
      vertex   4.810909e+01 -4.995645e+00 3.028117e+02
      vertex   4.810909e+01 -6.995645e+00 3.028117e+02
      vertex   4.818826e+01 -4.995645e+00 3.028909e+02
    endloop
  endfacet
  facet normal -7.071068e-01 5.024296e-15 7.071068e-01
    outer loop
      vertex   4.818826e+01 -4.995645e+00 3.028909e+02
      vertex   4.810909e+01 -6.995645e+00 3.028117e+02
      vertex   4.818826e+01 -6.995645e+00 3.028909e+02
    endloop
  endfacet
  facet normal -5.320321e-01 3.780315e-15 8.467242e-01
    outer loop
      vertex   4.818826e+01 -4.995645e+00 3.028909e+02
      vertex   4.818826e+01 -6.995645e+00 3.028909e+02
      vertex   4.828306e+01 -4.995645e+00 3.029505e+02
    endloop
  endfacet
  facet normal -5.320321e-01 0.000000e+00 8.467242e-01
    outer loop
      vertex   4.828306e+01 -4.995645e+00 3.029505e+02
      vertex   4.818826e+01 -6.995645e+00 3.028909e+02
      vertex   4.828306e+01 -6.995645e+00 3.029505e+02
    endloop
  endfacet
  facet normal -3.302791e-01 0.000000e+00 9.438833e-01
    outer loop
      vertex   4.828306e+01 -4.995645e+00 3.029505e+02
      vertex   4.828306e+01 -6.995645e+00 3.029505e+02
      vertex   4.838874e+01 -4.995645e+00 3.029875e+02
    endloop
  endfacet
  facet normal -3.302791e-01 0.000000e+00 9.438833e-01
    outer loop
      vertex   4.838874e+01 -4.995645e+00 3.029875e+02
      vertex   4.828306e+01 -6.995645e+00 3.029505e+02
      vertex   4.838874e+01 -6.995645e+00 3.029875e+02
    endloop
  endfacet
  facet normal -1.119645e-01 0.000000e+00 9.937122e-01
    outer loop
      vertex   4.838874e+01 -4.995645e+00 3.029875e+02
      vertex   4.838874e+01 -6.995645e+00 3.029875e+02
      vertex   4.850000e+01 -4.995645e+00 3.030000e+02
    endloop
  endfacet
  facet normal -1.277610e-01 8.907191e-04 9.918046e-01
    outer loop
      vertex   4.850000e+01 -4.995645e+00 3.030000e+02
      vertex   4.838874e+01 -6.995645e+00 3.029875e+02
      vertex   4.845625e+01 -9.512933e+00 3.029984e+02
    endloop
  endfacet
  facet normal -3.605786e-02 0.000000e+00 9.993497e-01
    outer loop
      vertex   4.850000e+01 -4.995645e+00 3.030000e+02
      vertex   4.845625e+01 -9.512933e+00 3.029984e+02
      vertex   4.850000e+01 -9.354506e+00 3.030000e+02
    endloop
  endfacet
  facet normal -1.884276e-01 -7.614695e-04 9.820868e-01
    outer loop
      vertex   4.842500e+01 -1.031546e+01 3.029949e+02
      vertex   4.840625e+01 -1.015397e+01 3.029915e+02
      vertex   4.838874e+01 -1.099564e+01 3.029875e+02
    endloop
  endfacet
  facet normal -2.374253e-01 3.088706e-04 9.714057e-01
    outer loop
      vertex   4.838874e+01 -1.099564e+01 3.029875e+02
      vertex   4.840625e+01 -1.015397e+01 3.029915e+02
      vertex   4.840000e+01 -9.994819e+00 3.029899e+02
    endloop
  endfacet
  facet normal -2.112745e-01 0.000000e+00 9.774268e-01
    outer loop
      vertex   4.838874e+01 -1.099564e+01 3.029875e+02
      vertex   4.840000e+01 -9.994819e+00 3.029899e+02
      vertex   4.838874e+01 -8.995645e+00 3.029875e+02
    endloop
  endfacet
  facet normal -2.374158e-01 -3.092682e-04 9.714081e-01
    outer loop
      vertex   4.838874e+01 -8.995645e+00 3.029875e+02
      vertex   4.840000e+01 -9.994819e+00 3.029899e+02
      vertex   4.840625e+01 -9.835669e+00 3.029915e+02
    endloop
  endfacet
  facet normal -1.884382e-01 7.627377e-04 9.820848e-01
    outer loop
      vertex   4.838874e+01 -8.995645e+00 3.029875e+02
      vertex   4.840625e+01 -9.835669e+00 3.029915e+02
      vertex   4.842500e+01 -9.674181e+00 3.029949e+02
    endloop
  endfacet
  facet normal -2.021467e-01 0.000000e+00 9.793553e-01
    outer loop
      vertex   4.838874e+01 -8.995645e+00 3.029875e+02
      vertex   4.842500e+01 -9.674181e+00 3.029949e+02
      vertex   4.838874e+01 -6.995645e+00 3.029875e+02
    endloop
  endfacet
  facet normal -1.165434e-01 1.197582e-03 9.931849e-01
    outer loop
      vertex   4.838874e+01 -6.995645e+00 3.029875e+02
      vertex   4.842500e+01 -9.674181e+00 3.029949e+02
      vertex   4.845625e+01 -9.512933e+00 3.029984e+02
    endloop
  endfacet
  facet normal -9.937122e-01 -7.061170e-15 1.119645e-01
    outer loop
      vertex   4.800000e+01 -1.499564e+01 3.025000e+02
      vertex   4.801254e+01 -1.499564e+01 3.026113e+02
      vertex   4.801254e+01 -1.299564e+01 3.026113e+02
    endloop
  endfacet
  facet normal -9.438833e-01 -6.706694e-15 3.302791e-01
    outer loop
      vertex   4.801254e+01 -1.299564e+01 3.026113e+02
      vertex   4.801254e+01 -1.499564e+01 3.026113e+02
      vertex   4.804952e+01 -1.299564e+01 3.027169e+02
    endloop
  endfacet
  facet normal -9.438833e-01 3.350473e-15 3.302791e-01
    outer loop
      vertex   4.801254e+01 -1.499564e+01 3.026113e+02
      vertex   4.804952e+01 -1.499564e+01 3.027169e+02
      vertex   4.804952e+01 -1.299564e+01 3.027169e+02
    endloop
  endfacet
  facet normal -8.467242e-01 3.008169e-15 5.320321e-01
    outer loop
      vertex   4.804952e+01 -1.299564e+01 3.027169e+02
      vertex   4.804952e+01 -1.499564e+01 3.027169e+02
      vertex   4.810909e+01 -1.299564e+01 3.028117e+02
    endloop
  endfacet
  facet normal -8.467242e-01 -9.024973e-15 5.320321e-01
    outer loop
      vertex   4.804952e+01 -1.499564e+01 3.027169e+02
      vertex   4.810909e+01 -1.499564e+01 3.028117e+02
      vertex   4.810909e+01 -1.299564e+01 3.028117e+02
    endloop
  endfacet
  facet normal -7.071068e-01 -7.536444e-15 7.071068e-01
    outer loop
      vertex   4.810909e+01 -1.299564e+01 3.028117e+02
      vertex   4.810909e+01 -1.499564e+01 3.028117e+02
      vertex   4.818826e+01 -1.299564e+01 3.028909e+02
    endloop
  endfacet
  facet normal -7.071068e-01 -5.023773e-15 7.071068e-01
    outer loop
      vertex   4.810909e+01 -1.499564e+01 3.028117e+02
      vertex   4.818826e+01 -1.499564e+01 3.028909e+02
      vertex   4.818826e+01 -1.299564e+01 3.028909e+02
    endloop
  endfacet
  facet normal -5.320321e-01 -3.780315e-15 8.467242e-01
    outer loop
      vertex   4.818826e+01 -1.299564e+01 3.028909e+02
      vertex   4.818826e+01 -1.499564e+01 3.028909e+02
      vertex   4.828306e+01 -1.299564e+01 3.029505e+02
    endloop
  endfacet
  facet normal -5.320321e-01 0.000000e+00 8.467242e-01
    outer loop
      vertex   4.818826e+01 -1.499564e+01 3.028909e+02
      vertex   4.828306e+01 -1.499564e+01 3.029505e+02
      vertex   4.828306e+01 -1.299564e+01 3.029505e+02
    endloop
  endfacet
  facet normal -3.302791e-01 0.000000e+00 9.438833e-01
    outer loop
      vertex   4.828306e+01 -1.299564e+01 3.029505e+02
      vertex   4.828306e+01 -1.499564e+01 3.029505e+02
      vertex   4.838874e+01 -1.299564e+01 3.029875e+02
    endloop
  endfacet
  facet normal -3.302791e-01 0.000000e+00 9.438833e-01
    outer loop
      vertex   4.828306e+01 -1.499564e+01 3.029505e+02
      vertex   4.838874e+01 -1.499564e+01 3.029875e+02
      vertex   4.838874e+01 -1.299564e+01 3.029875e+02
    endloop
  endfacet
  facet normal -3.302791e-01 0.000000e+00 9.438833e-01
    outer loop
      vertex   4.828306e+01 -1.099564e+01 3.029505e+02
      vertex   4.838874e+01 -1.099564e+01 3.029875e+02
      vertex   4.838874e+01 -8.995645e+00 3.029875e+02
    endloop
  endfacet
  facet normal -3.302791e-01 0.000000e+00 9.438833e-01
    outer loop
      vertex   4.838874e+01 -8.995645e+00 3.029875e+02
      vertex   4.838874e+01 -6.995645e+00 3.029875e+02
      vertex   4.828306e+01 -8.995645e+00 3.029505e+02
    endloop
  endfacet
  facet normal -3.302791e-01 0.000000e+00 9.438833e-01
    outer loop
      vertex   4.828306e+01 -8.995645e+00 3.029505e+02
      vertex   4.838874e+01 -6.995645e+00 3.029875e+02
      vertex   4.828306e+01 -6.995645e+00 3.029505e+02
    endloop
  endfacet
  facet normal -5.320321e-01 0.000000e+00 8.467242e-01
    outer loop
      vertex   4.828306e+01 -8.995645e+00 3.029505e+02
      vertex   4.828306e+01 -6.995645e+00 3.029505e+02
      vertex   4.818826e+01 -8.995645e+00 3.028909e+02
    endloop
  endfacet
  facet normal -5.320321e-01 0.000000e+00 8.467242e-01
    outer loop
      vertex   4.818826e+01 -8.995645e+00 3.028909e+02
      vertex   4.828306e+01 -6.995645e+00 3.029505e+02
      vertex   4.818826e+01 -6.995645e+00 3.028909e+02
    endloop
  endfacet
  facet normal -7.071068e-01 0.000000e+00 7.071068e-01
    outer loop
      vertex   4.818826e+01 -8.995645e+00 3.028909e+02
      vertex   4.818826e+01 -6.995645e+00 3.028909e+02
      vertex   4.810909e+01 -8.995645e+00 3.028117e+02
    endloop
  endfacet
  facet normal -7.071068e-01 0.000000e+00 7.071068e-01
    outer loop
      vertex   4.810909e+01 -8.995645e+00 3.028117e+02
      vertex   4.818826e+01 -6.995645e+00 3.028909e+02
      vertex   4.810909e+01 -6.995645e+00 3.028117e+02
    endloop
  endfacet
  facet normal -8.467242e-01 0.000000e+00 5.320321e-01
    outer loop
      vertex   4.810909e+01 -8.995645e+00 3.028117e+02
      vertex   4.810909e+01 -6.995645e+00 3.028117e+02
      vertex   4.804952e+01 -8.995645e+00 3.027169e+02
    endloop
  endfacet
  facet normal -8.467242e-01 0.000000e+00 5.320321e-01
    outer loop
      vertex   4.804952e+01 -8.995645e+00 3.027169e+02
      vertex   4.810909e+01 -6.995645e+00 3.028117e+02
      vertex   4.804952e+01 -6.995645e+00 3.027169e+02
    endloop
  endfacet
  facet normal -9.438833e-01 0.000000e+00 3.302791e-01
    outer loop
      vertex   4.804952e+01 -8.995645e+00 3.027169e+02
      vertex   4.804952e+01 -6.995645e+00 3.027169e+02
      vertex   4.801254e+01 -8.995645e+00 3.026113e+02
    endloop
  endfacet
  facet normal -9.438833e-01 0.000000e+00 3.302791e-01
    outer loop
      vertex   4.801254e+01 -8.995645e+00 3.026113e+02
      vertex   4.804952e+01 -6.995645e+00 3.027169e+02
      vertex   4.801254e+01 -6.995645e+00 3.026113e+02
    endloop
  endfacet
  facet normal -5.320321e-01 0.000000e+00 8.467242e-01
    outer loop
      vertex   4.818826e+01 -1.099564e+01 3.028909e+02
      vertex   4.828306e+01 -1.099564e+01 3.029505e+02
      vertex   4.828306e+01 -8.995645e+00 3.029505e+02
    endloop
  endfacet
  facet normal -3.302791e-01 0.000000e+00 9.438833e-01
    outer loop
      vertex   4.828306e+01 -8.995645e+00 3.029505e+02
      vertex   4.828306e+01 -1.099564e+01 3.029505e+02
      vertex   4.838874e+01 -8.995645e+00 3.029875e+02
    endloop
  endfacet
  facet normal -5.320321e-01 0.000000e+00 8.467242e-01
    outer loop
      vertex   4.818826e+01 -1.099564e+01 3.028909e+02
      vertex   4.828306e+01 -8.995645e+00 3.029505e+02
      vertex   4.818826e+01 -8.995645e+00 3.028909e+02
    endloop
  endfacet
  facet normal -7.071068e-01 0.000000e+00 7.071068e-01
    outer loop
      vertex   4.810909e+01 -1.099564e+01 3.028117e+02
      vertex   4.818826e+01 -1.099564e+01 3.028909e+02
      vertex   4.818826e+01 -8.995645e+00 3.028909e+02
    endloop
  endfacet
  facet normal -7.071068e-01 0.000000e+00 7.071068e-01
    outer loop
      vertex   4.810909e+01 -1.099564e+01 3.028117e+02
      vertex   4.818826e+01 -8.995645e+00 3.028909e+02
      vertex   4.810909e+01 -8.995645e+00 3.028117e+02
    endloop
  endfacet
  facet normal -8.467242e-01 0.000000e+00 5.320321e-01
    outer loop
      vertex   4.804952e+01 -1.099564e+01 3.027169e+02
      vertex   4.810909e+01 -1.099564e+01 3.028117e+02
      vertex   4.810909e+01 -8.995645e+00 3.028117e+02
    endloop
  endfacet
  facet normal -8.467242e-01 0.000000e+00 5.320321e-01
    outer loop
      vertex   4.804952e+01 -1.099564e+01 3.027169e+02
      vertex   4.810909e+01 -8.995645e+00 3.028117e+02
      vertex   4.804952e+01 -8.995645e+00 3.027169e+02
    endloop
  endfacet
  facet normal -9.438833e-01 0.000000e+00 3.302791e-01
    outer loop
      vertex   4.801254e+01 -1.099564e+01 3.026113e+02
      vertex   4.804952e+01 -1.099564e+01 3.027169e+02
      vertex   4.804952e+01 -8.995645e+00 3.027169e+02
    endloop
  endfacet
  facet normal -9.438833e-01 0.000000e+00 3.302791e-01
    outer loop
      vertex   4.801254e+01 -1.099564e+01 3.026113e+02
      vertex   4.804952e+01 -8.995645e+00 3.027169e+02
      vertex   4.801254e+01 -8.995645e+00 3.026113e+02
    endloop
  endfacet
  facet normal -1.000000e+00 0.000000e+00 0.000000e+00
    outer loop
      vertex   4.800000e+01 -1.499564e+01 3.025000e+02
      vertex   4.800000e+01 -4.995645e+00 3.025000e+02
      vertex   4.800000e+01 -1.499564e+01 3.000000e+02
    endloop
  endfacet
  facet normal -1.000000e+00 0.000000e+00 0.000000e+00
    outer loop
      vertex   4.800000e+01 -1.499564e+01 3.000000e+02
      vertex   4.800000e+01 -4.995645e+00 3.025000e+02
      vertex   4.800000e+01 -4.995645e+00 3.000000e+02
    endloop
  endfacet
  facet normal 0.000000e+00 0.000000e+00 -1.000000e+00
    outer loop
      vertex   5.490547e+01 -4.995645e+00 3.050000e+02
      vertex   5.809453e+01 -4.995645e+00 3.050000e+02
      vertex   5.490547e+01 -6.995645e+00 3.050000e+02
    endloop
  endfacet
  facet normal 0.000000e+00 0.000000e+00 -1.000000e+00
    outer loop
      vertex   5.490547e+01 -6.995645e+00 3.050000e+02
      vertex   5.809453e+01 -4.995645e+00 3.050000e+02
      vertex   5.809453e+01 -6.995645e+00 3.050000e+02
    endloop
  endfacet
  facet normal 1.000000e+00 0.000000e+00 0.000000e+00
    outer loop
      vertex   5.490547e+01 -4.995645e+00 3.050000e+02
      vertex   5.490547e+01 -6.995645e+00 3.050000e+02
      vertex   5.490547e+01 -4.995645e+00 3.030000e+02
    endloop
  endfacet
  facet normal 1.000000e+00 0.000000e+00 0.000000e+00
    outer loop
      vertex   5.490547e+01 -4.995645e+00 3.030000e+02
      vertex   5.490547e+01 -6.995645e+00 3.050000e+02
      vertex   5.490547e+01 -6.995645e+00 3.030000e+02
    endloop
  endfacet
  facet normal -1.000000e+00 3.552714e-15 0.000000e+00
    outer loop
      vertex   5.809453e+01 -6.995645e+00 3.050000e+02
      vertex   5.809453e+01 -4.995645e+00 3.050000e+02
      vertex   5.809453e+01 -6.995645e+00 3.030000e+02
    endloop
  endfacet
  facet normal -1.000000e+00 3.552714e-15 0.000000e+00
    outer loop
      vertex   5.809453e+01 -6.995645e+00 3.030000e+02
      vertex   5.809453e+01 -4.995645e+00 3.050000e+02
      vertex   5.809453e+01 -4.995645e+00 3.030000e+02
    endloop
  endfacet
  facet normal 1.000000e+00 0.000000e+00 0.000000e+00
    outer loop
      vertex   5.900000e+01 -6.495645e+00 3.035000e+02
      vertex   5.900000e+01 -5.495645e+00 3.035000e+02
      vertex   5.900000e+01 -6.495645e+00 3.055000e+02
    endloop
  endfacet
  facet normal 1.000000e+00 -0.000000e+00 0.000000e+00
    outer loop
      vertex   5.900000e+01 -6.495645e+00 3.055000e+02
      vertex   5.900000e+01 -5.495645e+00 3.035000e+02
      vertex   5.900000e+01 -5.495645e+00 3.055000e+02
    endloop
  endfacet
  facet normal 0.000000e+00 -1.000000e+00 0.000000e+00
    outer loop
      vertex   5.449145e+01 -6.995645e+00 3.033695e+02
      vertex   5.490547e+01 -6.995645e+00 3.030000e+02
      vertex   5.450000e+01 -6.995645e+00 3.035000e+02
    endloop
  endfacet
  facet normal 0.000000e+00 -1.000000e+00 0.000000e+00
    outer loop
      vertex   5.450000e+01 -6.995645e+00 3.035000e+02
      vertex   5.490547e+01 -6.995645e+00 3.030000e+02
      vertex   5.490547e+01 -6.995645e+00 3.050000e+02
    endloop
  endfacet
  facet normal 0.000000e+00 -1.000000e+00 0.000000e+00
    outer loop
      vertex   5.450000e+01 -6.995645e+00 3.035000e+02
      vertex   5.490547e+01 -6.995645e+00 3.050000e+02
      vertex   5.450000e+01 -6.995645e+00 3.055000e+02
    endloop
  endfacet
  facet normal 0.000000e+00 -1.000000e+00 0.000000e+00
    outer loop
      vertex   5.450000e+01 -6.995645e+00 3.055000e+02
      vertex   5.490547e+01 -6.995645e+00 3.050000e+02
      vertex   5.850000e+01 -6.995645e+00 3.055000e+02
    endloop
  endfacet
  facet normal 0.000000e+00 -1.000000e+00 0.000000e+00
    outer loop
      vertex   5.850000e+01 -6.995645e+00 3.055000e+02
      vertex   5.490547e+01 -6.995645e+00 3.050000e+02
      vertex   5.809453e+01 -6.995645e+00 3.050000e+02
    endloop
  endfacet
  facet normal 0.000000e+00 -1.000000e+00 -0.000000e+00
    outer loop
      vertex   5.850000e+01 -6.995645e+00 3.055000e+02
      vertex   5.809453e+01 -6.995645e+00 3.050000e+02
      vertex   5.850000e+01 -6.995645e+00 3.035000e+02
    endloop
  endfacet
  facet normal -0.000000e+00 -1.000000e+00 0.000000e+00
    outer loop
      vertex   5.850000e+01 -6.995645e+00 3.035000e+02
      vertex   5.809453e+01 -6.995645e+00 3.050000e+02
      vertex   5.809453e+01 -6.995645e+00 3.030000e+02
    endloop
  endfacet
  facet normal 0.000000e+00 -1.000000e+00 -0.000000e+00
    outer loop
      vertex   5.850000e+01 -6.995645e+00 3.035000e+02
      vertex   5.809453e+01 -6.995645e+00 3.030000e+02
      vertex   5.850856e+01 -6.995645e+00 3.033695e+02
    endloop
  endfacet
  facet normal 0.000000e+00 -1.000000e+00 -0.000000e+00
    outer loop
      vertex   5.850856e+01 -6.995645e+00 3.033695e+02
      vertex   5.809453e+01 -6.995645e+00 3.030000e+02
      vertex   5.853408e+01 -6.995645e+00 3.032412e+02
    endloop
  endfacet
  facet normal 0.000000e+00 -1.000000e+00 -0.000000e+00
    outer loop
      vertex   5.853408e+01 -6.995645e+00 3.032412e+02
      vertex   5.809453e+01 -6.995645e+00 3.030000e+02
      vertex   5.857612e+01 -6.995645e+00 3.031173e+02
    endloop
  endfacet
  facet normal 0.000000e+00 -1.000000e+00 -0.000000e+00
    outer loop
      vertex   5.857612e+01 -6.995645e+00 3.031173e+02
      vertex   5.809453e+01 -6.995645e+00 3.030000e+02
      vertex   5.863398e+01 -6.995645e+00 3.030000e+02
    endloop
  endfacet
  facet normal 0.000000e+00 -1.000000e+00 -0.000000e+00
    outer loop
      vertex   5.449145e+01 -6.995645e+00 3.033695e+02
      vertex   5.446593e+01 -6.995645e+00 3.032412e+02
      vertex   5.490547e+01 -6.995645e+00 3.030000e+02
    endloop
  endfacet
  facet normal 0.000000e+00 -1.000000e+00 0.000000e+00
    outer loop
      vertex   5.490547e+01 -6.995645e+00 3.030000e+02
      vertex   5.446593e+01 -6.995645e+00 3.032412e+02
      vertex   5.442388e+01 -6.995645e+00 3.031173e+02
    endloop
  endfacet
  facet normal 0.000000e+00 -1.000000e+00 0.000000e+00
    outer loop
      vertex   5.490547e+01 -6.995645e+00 3.030000e+02
      vertex   5.442388e+01 -6.995645e+00 3.031173e+02
      vertex   5.436603e+01 -6.995645e+00 3.030000e+02
    endloop
  endfacet
  facet normal -1.000000e+00 7.105427e-15 0.000000e+00
    outer loop
      vertex   5.809453e+01 -1.499564e+01 3.050000e+02
      vertex   5.809453e+01 -1.299564e+01 3.050000e+02
      vertex   5.809453e+01 -1.499564e+01 3.030000e+02
    endloop
  endfacet
  facet normal -1.000000e+00 7.105427e-15 0.000000e+00
    outer loop
      vertex   5.809453e+01 -1.499564e+01 3.030000e+02
      vertex   5.809453e+01 -1.299564e+01 3.050000e+02
      vertex   5.809453e+01 -1.299564e+01 3.030000e+02
    endloop
  endfacet
  facet normal 1.000000e+00 0.000000e+00 0.000000e+00
    outer loop
      vertex   5.490547e+01 -1.299564e+01 3.050000e+02
      vertex   5.490547e+01 -1.499564e+01 3.050000e+02
      vertex   5.490547e+01 -1.299564e+01 3.030000e+02
    endloop
  endfacet
  facet normal 1.000000e+00 0.000000e+00 0.000000e+00
    outer loop
      vertex   5.490547e+01 -1.299564e+01 3.030000e+02
      vertex   5.490547e+01 -1.499564e+01 3.050000e+02
      vertex   5.490547e+01 -1.499564e+01 3.030000e+02
    endloop
  endfacet
  facet normal -1.000000e+00 0.000000e+00 0.000000e+00
    outer loop
      vertex   5.400000e+01 -1.349564e+01 3.035000e+02
      vertex   5.400000e+01 -1.449564e+01 3.035000e+02
      vertex   5.400000e+01 -1.349564e+01 3.055000e+02
    endloop
  endfacet
  facet normal -1.000000e+00 -0.000000e+00 0.000000e+00
    outer loop
      vertex   5.400000e+01 -1.349564e+01 3.055000e+02
      vertex   5.400000e+01 -1.449564e+01 3.035000e+02
      vertex   5.400000e+01 -1.449564e+01 3.055000e+02
    endloop
  endfacet
  facet normal -9.639269e-01 2.661665e-01 -5.587483e-04
    outer loop
      vertex   6.454375e+01 -1.047670e+01 3.029984e+02
      vertex   6.452076e+01 -1.056624e+01 3.000000e+02
      vertex   6.450000e+01 -1.063513e+01 3.030000e+02
    endloop
  endfacet
  facet normal -9.458168e-01 3.246993e-01 9.108006e-04
    outer loop
      vertex   6.450000e+01 -1.063513e+01 3.030000e+02
      vertex   6.452076e+01 -1.056624e+01 3.000000e+02
      vertex   6.444564e+01 -1.078507e+01 3.000000e+02
    endloop
  endfacet
  facet normal -9.339915e-01 3.572939e-01 -9.325308e-04
    outer loop
      vertex   6.450000e+01 -1.063513e+01 3.030000e+02
      vertex   6.444564e+01 -1.078507e+01 3.000000e+02
      vertex   6.441672e+01 -1.085283e+01 3.030000e+02
    endloop
  endfacet
  facet normal -9.043568e-01 4.267763e-01 9.224986e-04
    outer loop
      vertex   6.441672e+01 -1.085283e+01 3.030000e+02
      vertex   6.444564e+01 -1.078507e+01 3.000000e+02
      vertex   6.434690e+01 -1.099431e+01 3.000000e+02
    endloop
  endfacet
  facet normal -8.886429e-01 4.585988e-01 -9.439948e-04
    outer loop
      vertex   6.441672e+01 -1.085283e+01 3.030000e+02
      vertex   6.434690e+01 -1.099431e+01 3.000000e+02
      vertex   6.430983e+01 -1.105996e+01 3.030000e+02
    endloop
  endfacet
  facet normal -8.519190e-01 5.236727e-01 9.337287e-04
    outer loop
      vertex   6.430983e+01 -1.105996e+01 3.030000e+02
      vertex   6.434690e+01 -1.099431e+01 3.000000e+02
      vertex   6.422573e+01 -1.119142e+01 3.000000e+02
    endloop
  endfacet
  facet normal -8.323469e-01 5.542542e-01 -9.549910e-04
    outer loop
      vertex   6.430983e+01 -1.105996e+01 3.030000e+02
      vertex   6.422573e+01 -1.119142e+01 3.000000e+02
      vertex   6.418064e+01 -1.125396e+01 3.030000e+02
    endloop
  endfacet
  facet normal -7.891402e-01 6.142124e-01 9.444910e-04
    outer loop
      vertex   6.418064e+01 -1.125396e+01 3.030000e+02
      vertex   6.422573e+01 -1.119142e+01 3.000000e+02
      vertex   6.408362e+01 -1.137400e+01 3.000000e+02
    endloop
  endfacet
  facet normal -7.657970e-01 6.430816e-01 -9.655193e-04
    outer loop
      vertex   6.418064e+01 -1.125396e+01 3.030000e+02
      vertex   6.408362e+01 -1.137400e+01 3.000000e+02
      vertex   6.403075e+01 -1.143246e+01 3.030000e+02
    endloop
  endfacet
  facet normal -7.167822e-01 6.972965e-01 9.547854e-04
    outer loop
      vertex   6.403075e+01 -1.143246e+01 3.030000e+02
      vertex   6.408362e+01 -1.137400e+01 3.000000e+02
      vertex   6.392229e+01 -1.153984e+01 3.000000e+02
    endloop
  endfacet
  facet normal -6.898132e-01 7.239867e-01 -9.755798e-04
    outer loop
      vertex   6.403075e+01 -1.143246e+01 3.030000e+02
      vertex   6.392229e+01 -1.153984e+01 3.000000e+02
      vertex   6.386200e+01 -1.159324e+01 3.030000e+02
    endloop
  endfacet
  facet normal -6.357235e-01 7.719163e-01 9.646119e-04
    outer loop
      vertex   6.386200e+01 -1.159324e+01 3.030000e+02
      vertex   6.392229e+01 -1.153984e+01 3.000000e+02
      vertex   6.374369e+01 -1.168693e+01 3.000000e+02
    endloop
  endfacet
  facet normal -6.053314e-01 7.959729e-01 -9.851723e-04
    outer loop
      vertex   6.386200e+01 -1.159324e+01 3.030000e+02
      vertex   6.374369e+01 -1.168693e+01 3.000000e+02
      vertex   6.367647e+01 -1.173433e+01 3.030000e+02
    endloop
  endfacet
  facet normal -5.469479e-01 8.371661e-01 9.739705e-04
    outer loop
      vertex   6.367647e+01 -1.173433e+01 3.030000e+02
      vertex   6.374369e+01 -1.168693e+01 3.000000e+02
      vertex   6.355000e+01 -1.181347e+01 3.000000e+02
    endloop
  endfacet
  facet normal -5.133924e-01 8.581534e-01 -9.942970e-04
    outer loop
      vertex   6.367647e+01 -1.173433e+01 3.030000e+02
      vertex   6.355000e+01 -1.181347e+01 3.000000e+02
      vertex   6.347645e+01 -1.185400e+01 3.030000e+02
    endloop
  endfacet
  facet normal -4.515331e-01 8.922538e-01 9.828612e-04
    outer loop
      vertex   6.347645e+01 -1.185400e+01 3.030000e+02
      vertex   6.355000e+01 -1.181347e+01 3.000000e+02
      vertex   6.334356e+01 -1.191794e+01 3.000000e+02
    endloop
  endfacet
  facet normal -4.151288e-01 9.097621e-01 -1.002954e-03
    outer loop
      vertex   6.347645e+01 -1.185400e+01 3.030000e+02
      vertex   6.334356e+01 -1.191794e+01 3.000000e+02
      vertex   6.326440e+01 -1.195076e+01 3.030000e+02
    endloop
  endfacet
  facet normal -3.506374e-01 9.365108e-01 9.912840e-04
    outer loop
      vertex   6.326440e+01 -1.195076e+01 3.030000e+02
      vertex   6.334356e+01 -1.191794e+01 3.000000e+02
      vertex   6.312688e+01 -1.199907e+01 3.000000e+02
    endloop
  endfacet
  facet normal -3.117512e-01 9.501632e-01 -1.011143e-03
    outer loop
      vertex   6.326440e+01 -1.195076e+01 3.030000e+02
      vertex   6.312688e+01 -1.199907e+01 3.000000e+02
      vertex   6.304294e+01 -1.202342e+01 3.030000e+02
    endloop
  endfacet
  facet normal -2.454854e-01 9.693998e-01 9.992390e-04
    outer loop
      vertex   6.304294e+01 -1.202342e+01 3.030000e+02
      vertex   6.312688e+01 -1.199907e+01 3.000000e+02
      vertex   6.290259e+01 -1.205587e+01 3.000000e+02
    endloop
  endfacet
  facet normal -2.045330e-01 9.788591e-01 -1.018864e-03
    outer loop
      vertex   6.304294e+01 -1.202342e+01 3.030000e+02
      vertex   6.290259e+01 -1.205587e+01 3.000000e+02
      vertex   6.281478e+01 -1.207109e+01 3.030000e+02
    endloop
  endfacet
  facet normal -1.373535e-01 9.905216e-01 1.006726e-03
    outer loop
      vertex   6.281478e+01 -1.207109e+01 3.030000e+02
      vertex   6.290259e+01 -1.205587e+01 3.000000e+02
      vertex   6.267342e+01 -1.208765e+01 3.000000e+02
    endloop
  endfacet
  facet normal -9.479520e-02 9.954963e-01 -1.026117e-03
    outer loop
      vertex   6.281478e+01 -1.207109e+01 3.030000e+02
      vertex   6.267342e+01 -1.208765e+01 3.000000e+02
      vertex   6.258275e+01 -1.209319e+01 3.030000e+02
    endloop
  endfacet
  facet normal -2.755433e-02 9.996198e-01 1.013745e-03
    outer loop
      vertex   6.258275e+01 -1.209319e+01 3.030000e+02
      vertex   6.267342e+01 -1.208765e+01 3.000000e+02
      vertex   6.244214e+01 -1.209402e+01 3.000000e+02
    endloop
  endfacet
  facet normal 1.611044e-02 9.998697e-01 -1.032902e-03
    outer loop
      vertex   6.258275e+01 -1.209319e+01 3.030000e+02
      vertex   6.244214e+01 -1.209402e+01 3.000000e+02
      vertex   6.234969e+01 -1.208943e+01 3.030000e+02
    endloop
  endfacet
  facet normal 8.257930e-02 9.965840e-01 1.020296e-03
    outer loop
      vertex   6.234969e+01 -1.208943e+01 3.030000e+02
      vertex   6.244214e+01 -1.209402e+01 3.000000e+02
      vertex   6.221156e+01 -1.207492e+01 3.000000e+02
    endloop
  endfacet
  facet normal 1.268176e-01 9.919255e-01 -1.039219e-03
    outer loop
      vertex   6.234969e+01 -1.208943e+01 3.030000e+02
      vertex   6.221156e+01 -1.207492e+01 3.000000e+02
      vertex   6.211849e+01 -1.205987e+01 3.030000e+02
    endloop
  endfacet
  facet normal 1.917105e-01 9.814510e-01 1.026379e-03
    outer loop
      vertex   6.211849e+01 -1.205987e+01 3.030000e+02
      vertex   6.221156e+01 -1.207492e+01 3.000000e+02
      vertex   6.198448e+01 -1.203056e+01 3.000000e+02
    endloop
  endfacet
  facet normal 2.359625e-01 9.717616e-01 -1.045068e-03
    outer loop
      vertex   6.211849e+01 -1.205987e+01 3.030000e+02
      vertex   6.198448e+01 -1.203056e+01 3.000000e+02
      vertex   6.189199e+01 -1.200487e+01 3.030000e+02
    endloop
  endfacet
  facet normal 2.985147e-01 9.544045e-01 1.031995e-03
    outer loop
      vertex   6.189199e+01 -1.200487e+01 3.030000e+02
      vertex   6.198448e+01 -1.203056e+01 3.000000e+02
      vertex   6.176366e+01 -1.196149e+01 3.000000e+02
    endloop
  endfacet
  facet normal 3.422005e-01 9.396264e-01 -1.050450e-03
    outer loop
      vertex   6.189199e+01 -1.200487e+01 3.030000e+02
      vertex   6.176366e+01 -1.196149e+01 3.000000e+02
      vertex   6.167298e+01 -1.192511e+01 3.030000e+02
    endloop
  endfacet
  facet normal 4.016952e-01 9.157728e-01 1.037142e-03
    outer loop
      vertex   6.167298e+01 -1.192511e+01 3.030000e+02
      vertex   6.176366e+01 -1.196149e+01 3.000000e+02
      vertex   6.155178e+01 -1.186855e+01 3.000000e+02
    endloop
  endfacet
  facet normal 4.442228e-01 8.959157e-01 -1.055363e-03
    outer loop
      vertex   6.167298e+01 -1.192511e+01 3.030000e+02
      vertex   6.155178e+01 -1.186855e+01 3.000000e+02
      vertex   6.146416e+01 -1.182157e+01 3.030000e+02
    endloop
  endfacet
  facet normal 4.999997e-01 8.660249e-01 1.041822e-03
    outer loop
      vertex   6.146416e+01 -1.182157e+01 3.030000e+02
      vertex   6.155178e+01 -1.186855e+01 3.000000e+02
      vertex   6.135141e+01 -1.175287e+01 3.000000e+02
    endloop
  endfacet
  facet normal 5.407727e-01 8.411681e-01 -1.059809e-03
    outer loop
      vertex   6.146416e+01 -1.182157e+01 3.030000e+02
      vertex   6.135141e+01 -1.175287e+01 3.000000e+02
      vertex   6.126810e+01 -1.169553e+01 3.030000e+02
    endloop
  endfacet
  facet normal 5.922349e-01 8.057647e-01 1.046033e-03
    outer loop
      vertex   6.126810e+01 -1.169553e+01 3.030000e+02
      vertex   6.135141e+01 -1.175287e+01 3.000000e+02
      vertex   6.116498e+01 -1.161584e+01 3.000000e+02
    endloop
  endfacet
  facet normal 6.306607e-01 7.760579e-01 -1.063786e-03
    outer loop
      vertex   6.126810e+01 -1.169553e+01 3.030000e+02
      vertex   6.116498e+01 -1.161584e+01 3.000000e+02
      vertex   6.108721e+01 -1.154853e+01 3.030000e+02
    endloop
  endfacet
  facet normal 6.772812e-01 7.357235e-01 1.049777e-03
    outer loop
      vertex   6.108721e+01 -1.154853e+01 3.030000e+02
      vertex   6.116498e+01 -1.161584e+01 3.000000e+02
      vertex   6.099476e+01 -1.145914e+01 3.000000e+02
    endloop
  endfacet
  facet normal 7.127795e-01 7.013874e-01 -1.067296e-03
    outer loop
      vertex   6.108721e+01 -1.154853e+01 3.030000e+02
      vertex   6.099476e+01 -1.145914e+01 3.000000e+02
      vertex   6.092373e+01 -1.138239e+01 3.030000e+02
    endloop
  endfacet
  facet normal 7.541062e-01 6.567517e-01 1.053052e-03
    outer loop
      vertex   6.092373e+01 -1.138239e+01 3.030000e+02
      vertex   6.099476e+01 -1.145914e+01 3.000000e+02
      vertex   6.084281e+01 -1.128467e+01 3.000000e+02
    endloop
  endfacet
  facet normal 7.861174e-01 6.180763e-01 -1.070337e-03
    outer loop
      vertex   6.092373e+01 -1.138239e+01 3.030000e+02
      vertex   6.084281e+01 -1.128467e+01 3.000000e+02
      vertex   6.077967e+01 -1.119916e+01 3.030000e+02
    endloop
  endfacet
  facet normal 8.217774e-01 5.698077e-01 1.055860e-03
    outer loop
      vertex   6.077967e+01 -1.119916e+01 3.030000e+02
      vertex   6.084281e+01 -1.128467e+01 3.000000e+02
      vertex   6.071097e+01 -1.109453e+01 3.000000e+02
    endloop
  endfacet
  facet normal 8.497710e-01 5.271510e-01 -1.072911e-03
    outer loop
      vertex   6.077967e+01 -1.119916e+01 3.030000e+02
      vertex   6.071097e+01 -1.109453e+01 3.000000e+02
      vertex   6.065680e+01 -1.100110e+01 3.030000e+02
    endloop
  endfacet
  facet normal 8.794733e-01 4.759471e-01 1.058200e-03
    outer loop
      vertex   6.065680e+01 -1.100110e+01 3.030000e+02
      vertex   6.071097e+01 -1.109453e+01 3.000000e+02
      vertex   6.060085e+01 -1.089105e+01 3.000000e+02
    endloop
  endfacet
  facet normal 9.029560e-01 4.297316e-01 -1.075017e-03
    outer loop
      vertex   6.065680e+01 -1.100110e+01 3.030000e+02
      vertex   6.060085e+01 -1.089105e+01 3.000000e+02
      vertex   6.055663e+01 -1.079063e+01 3.030000e+02
    endloop
  endfacet
  facet normal 9.264935e-01 3.763092e-01 1.060072e-03
    outer loop
      vertex   6.055663e+01 -1.079063e+01 3.030000e+02
      vertex   6.060085e+01 -1.089105e+01 3.000000e+02
      vertex   6.051378e+01 -1.067669e+01 3.000000e+02
    endloop
  endfacet
  facet normal 9.450174e-01 3.270183e-01 -1.076655e-03
    outer loop
      vertex   6.055663e+01 -1.079063e+01 3.030000e+02
      vertex   6.051378e+01 -1.067669e+01 3.000000e+02
      vertex   6.048041e+01 -1.057037e+01 3.030000e+02
    endloop
  endfacet
  facet normal 9.622675e-01 2.721033e-01 1.061476e-03
    outer loop
      vertex   6.048041e+01 -1.057037e+01 3.030000e+02
      vertex   6.051378e+01 -1.067669e+01 3.000000e+02
      vertex   6.045083e+01 -1.045405e+01 3.000000e+02
    endloop
  endfacet
  facet normal 9.754369e-01 2.202763e-01 -1.077825e-03
    outer loop
      vertex   6.048041e+01 -1.057037e+01 3.030000e+02
      vertex   6.045083e+01 -1.045405e+01 3.000000e+02
      vertex   6.042907e+01 -1.034301e+01 3.030000e+02
    endloop
  endfacet
  facet normal 9.863607e-01 1.645945e-01 1.062411e-03
    outer loop
      vertex   6.042907e+01 -1.034301e+01 3.030000e+02
      vertex   6.045083e+01 -1.045405e+01 3.000000e+02
      vertex   6.041275e+01 -1.022584e+01 3.000000e+02
    endloop
  endfacet
  facet normal 9.938398e-01 1.108208e-01 -1.078527e-03
    outer loop
      vertex   6.042907e+01 -1.034301e+01 3.030000e+02
      vertex   6.041275e+01 -1.022584e+01 3.000000e+02
      vertex   6.040324e+01 -1.011136e+01 3.030000e+02
    endloop
  endfacet
  facet normal 9.984810e-01 5.508773e-02 1.062879e-03
    outer loop
      vertex   6.040324e+01 -1.011136e+01 3.030000e+02
      vertex   6.041275e+01 -1.022584e+01 3.000000e+02
      vertex   6.040000e+01 -9.994819e+00 3.000000e+02
    endloop
  endfacet
  facet normal 9.999994e-01 0.000000e+00 -1.078761e-03
    outer loop
      vertex   6.040324e+01 -1.011136e+01 3.030000e+02
      vertex   6.040000e+01 -9.994819e+00 3.000000e+02
      vertex   6.040324e+01 -9.878277e+00 3.030000e+02
    endloop
  endfacet
  facet normal 9.984810e-01 -5.508773e-02 1.062879e-03
    outer loop
      vertex   6.040324e+01 -9.878277e+00 3.030000e+02
      vertex   6.040000e+01 -9.994819e+00 3.000000e+02
      vertex   6.041275e+01 -9.763801e+00 3.000000e+02
    endloop
  endfacet
  facet normal 9.938398e-01 -1.108208e-01 -1.078527e-03
    outer loop
      vertex   6.040324e+01 -9.878277e+00 3.030000e+02
      vertex   6.041275e+01 -9.763801e+00 3.000000e+02
      vertex   6.042907e+01 -9.646630e+00 3.030000e+02
    endloop
  endfacet
  facet normal 9.863607e-01 -1.645945e-01 1.062411e-03
    outer loop
      vertex   6.042907e+01 -9.646630e+00 3.030000e+02
      vertex   6.041275e+01 -9.763801e+00 3.000000e+02
      vertex   6.045083e+01 -9.535588e+00 3.000000e+02
    endloop
  endfacet
  facet normal 9.754369e-01 -2.202763e-01 -1.077825e-03
    outer loop
      vertex   6.042907e+01 -9.646630e+00 3.030000e+02
      vertex   6.045083e+01 -9.535588e+00 3.000000e+02
      vertex   6.048041e+01 -9.419272e+00 3.030000e+02
    endloop
  endfacet
  facet normal 9.622675e-01 -2.721033e-01 1.061476e-03
    outer loop
      vertex   6.048041e+01 -9.419272e+00 3.030000e+02
      vertex   6.045083e+01 -9.535588e+00 3.000000e+02
      vertex   6.051378e+01 -9.312950e+00 3.000000e+02
    endloop
  endfacet
  facet normal 9.450174e-01 -3.270183e-01 -1.076655e-03
    outer loop
      vertex   6.048041e+01 -9.419272e+00 3.030000e+02
      vertex   6.051378e+01 -9.312950e+00 3.000000e+02
      vertex   6.055663e+01 -9.199004e+00 3.030000e+02
    endloop
  endfacet
  facet normal 9.264935e-01 -3.763092e-01 1.060072e-03
    outer loop
      vertex   6.055663e+01 -9.199004e+00 3.030000e+02
      vertex   6.051378e+01 -9.312950e+00 3.000000e+02
      vertex   6.060085e+01 -9.098588e+00 3.000000e+02
    endloop
  endfacet
  facet normal 9.029560e-01 -4.297316e-01 -1.075017e-03
    outer loop
      vertex   6.055663e+01 -9.199004e+00 3.030000e+02
      vertex   6.060085e+01 -9.098588e+00 3.000000e+02
      vertex   6.065680e+01 -8.988541e+00 3.030000e+02
    endloop
  endfacet
  facet normal 8.794733e-01 -4.759471e-01 1.058200e-03
    outer loop
      vertex   6.065680e+01 -8.988541e+00 3.030000e+02
      vertex   6.060085e+01 -9.098588e+00 3.000000e+02
      vertex   6.071097e+01 -8.895106e+00 3.000000e+02
    endloop
  endfacet
  facet normal 8.497710e-01 -5.271510e-01 -1.072911e-03
    outer loop
      vertex   6.065680e+01 -8.988541e+00 3.030000e+02
      vertex   6.071097e+01 -8.895106e+00 3.000000e+02
      vertex   6.077967e+01 -8.790473e+00 3.030000e+02
    endloop
  endfacet
  facet normal 8.217774e-01 -5.698077e-01 1.055860e-03
    outer loop
      vertex   6.077967e+01 -8.790473e+00 3.030000e+02
      vertex   6.071097e+01 -8.895106e+00 3.000000e+02
      vertex   6.084281e+01 -8.704972e+00 3.000000e+02
    endloop
  endfacet
  facet normal 7.861174e-01 -6.180763e-01 -1.070337e-03
    outer loop
      vertex   6.077967e+01 -8.790473e+00 3.030000e+02
      vertex   6.084281e+01 -8.704972e+00 3.000000e+02
      vertex   6.092373e+01 -8.607243e+00 3.030000e+02
    endloop
  endfacet
  facet normal 7.541062e-01 -6.567517e-01 1.053052e-03
    outer loop
      vertex   6.092373e+01 -8.607243e+00 3.030000e+02
      vertex   6.084281e+01 -8.704972e+00 3.000000e+02
      vertex   6.099476e+01 -8.530495e+00 3.000000e+02
    endloop
  endfacet
  facet normal 7.127795e-01 -7.013874e-01 -1.067296e-03
    outer loop
      vertex   6.092373e+01 -8.607243e+00 3.030000e+02
      vertex   6.099476e+01 -8.530495e+00 3.000000e+02
      vertex   6.108721e+01 -8.441106e+00 3.030000e+02
    endloop
  endfacet
  facet normal 6.772812e-01 -7.357235e-01 1.049777e-03
    outer loop
      vertex   6.108721e+01 -8.441106e+00 3.030000e+02
      vertex   6.099476e+01 -8.530495e+00 3.000000e+02
      vertex   6.116498e+01 -8.373794e+00 3.000000e+02
    endloop
  endfacet
  facet normal 6.306607e-01 -7.760579e-01 -1.063786e-03
    outer loop
      vertex   6.108721e+01 -8.441106e+00 3.030000e+02
      vertex   6.116498e+01 -8.373794e+00 3.000000e+02
      vertex   6.126810e+01 -8.294109e+00 3.030000e+02
    endloop
  endfacet
  facet normal 5.922349e-01 -8.057647e-01 1.046033e-03
    outer loop
      vertex   6.126810e+01 -8.294109e+00 3.030000e+02
      vertex   6.116498e+01 -8.373794e+00 3.000000e+02
      vertex   6.135141e+01 -8.236769e+00 3.000000e+02
    endloop
  endfacet
  facet normal 5.407727e-01 -8.411681e-01 -1.059809e-03
    outer loop
      vertex   6.126810e+01 -8.294109e+00 3.030000e+02
      vertex   6.135141e+01 -8.236769e+00 3.000000e+02
      vertex   6.146416e+01 -8.168064e+00 3.030000e+02
    endloop
  endfacet
  facet normal 4.999997e-01 -8.660249e-01 1.041822e-03
    outer loop
      vertex   6.146416e+01 -8.168064e+00 3.030000e+02
      vertex   6.135141e+01 -8.236769e+00 3.000000e+02
      vertex   6.155178e+01 -8.121085e+00 3.000000e+02
    endloop
  endfacet
  facet normal 4.442228e-01 -8.959157e-01 -1.055363e-03
    outer loop
      vertex   6.146416e+01 -8.168064e+00 3.030000e+02
      vertex   6.155178e+01 -8.121085e+00 3.000000e+02
      vertex   6.167298e+01 -8.064524e+00 3.030000e+02
    endloop
  endfacet
  facet normal 4.016952e-01 -9.157728e-01 1.037142e-03
    outer loop
      vertex   6.167298e+01 -8.064524e+00 3.030000e+02
      vertex   6.155178e+01 -8.121085e+00 3.000000e+02
      vertex   6.176366e+01 -8.028145e+00 3.000000e+02
    endloop
  endfacet
  facet normal 3.422005e-01 -9.396264e-01 -1.050450e-03
    outer loop
      vertex   6.167298e+01 -8.064524e+00 3.030000e+02
      vertex   6.176366e+01 -8.028145e+00 3.000000e+02
      vertex   6.189199e+01 -7.984762e+00 3.030000e+02
    endloop
  endfacet
  facet normal 2.985147e-01 -9.544045e-01 1.031995e-03
    outer loop
      vertex   6.189199e+01 -7.984762e+00 3.030000e+02
      vertex   6.176366e+01 -8.028145e+00 3.000000e+02
      vertex   6.198448e+01 -7.959078e+00 3.000000e+02
    endloop
  endfacet
  facet normal 2.359625e-01 -9.717616e-01 -1.045068e-03
    outer loop
      vertex   6.189199e+01 -7.984762e+00 3.030000e+02
      vertex   6.198448e+01 -7.959078e+00 3.000000e+02
      vertex   6.211849e+01 -7.929764e+00 3.030000e+02
    endloop
  endfacet
  facet normal 1.917105e-01 -9.814510e-01 1.026379e-03
    outer loop
      vertex   6.211849e+01 -7.929764e+00 3.030000e+02
      vertex   6.198448e+01 -7.959078e+00 3.000000e+02
      vertex   6.221156e+01 -7.914722e+00 3.000000e+02
    endloop
  endfacet
  facet normal 1.268176e-01 -9.919255e-01 -1.039219e-03
    outer loop
      vertex   6.211849e+01 -7.929764e+00 3.030000e+02
      vertex   6.221156e+01 -7.914722e+00 3.000000e+02
      vertex   6.234969e+01 -7.900205e+00 3.030000e+02
    endloop
  endfacet
  facet normal 8.257930e-02 -9.965840e-01 1.020296e-03
    outer loop
      vertex   6.234969e+01 -7.900205e+00 3.030000e+02
      vertex   6.221156e+01 -7.914722e+00 3.000000e+02
      vertex   6.244214e+01 -7.895616e+00 3.000000e+02
    endloop
  endfacet
  facet normal 1.611044e-02 -9.998697e-01 -1.032902e-03
    outer loop
      vertex   6.234969e+01 -7.900205e+00 3.030000e+02
      vertex   6.244214e+01 -7.895616e+00 3.000000e+02
      vertex   6.258275e+01 -7.896450e+00 3.030000e+02
    endloop
  endfacet
  facet normal -2.755433e-02 -9.996198e-01 1.013745e-03
    outer loop
      vertex   6.258275e+01 -7.896450e+00 3.030000e+02
      vertex   6.244214e+01 -7.895616e+00 3.000000e+02
      vertex   6.267342e+01 -7.901991e+00 3.000000e+02
    endloop
  endfacet
  facet normal -9.479520e-02 -9.954963e-01 -1.026117e-03
    outer loop
      vertex   6.258275e+01 -7.896450e+00 3.030000e+02
      vertex   6.267342e+01 -7.901991e+00 3.000000e+02
      vertex   6.281478e+01 -7.918545e+00 3.030000e+02
    endloop
  endfacet
  facet normal -1.373535e-01 -9.905216e-01 1.006726e-03
    outer loop
      vertex   6.281478e+01 -7.918545e+00 3.030000e+02
      vertex   6.267342e+01 -7.901991e+00 3.000000e+02
      vertex   6.290259e+01 -7.933771e+00 3.000000e+02
    endloop
  endfacet
  facet normal -2.045330e-01 -9.788591e-01 -1.018864e-03
    outer loop
      vertex   6.281478e+01 -7.918545e+00 3.030000e+02
      vertex   6.290259e+01 -7.933771e+00 3.000000e+02
      vertex   6.304294e+01 -7.966218e+00 3.030000e+02
    endloop
  endfacet
  facet normal -2.454854e-01 -9.693998e-01 9.992390e-04
    outer loop
      vertex   6.304294e+01 -7.966218e+00 3.030000e+02
      vertex   6.290259e+01 -7.933771e+00 3.000000e+02
      vertex   6.312688e+01 -7.990568e+00 3.000000e+02
    endloop
  endfacet
  facet normal -3.117512e-01 -9.501632e-01 -1.011143e-03
    outer loop
      vertex   6.304294e+01 -7.966218e+00 3.030000e+02
      vertex   6.312688e+01 -7.990568e+00 3.000000e+02
      vertex   6.326440e+01 -8.038882e+00 3.030000e+02
    endloop
  endfacet
  facet normal -3.506374e-01 -9.365108e-01 9.912840e-04
    outer loop
      vertex   6.326440e+01 -8.038882e+00 3.030000e+02
      vertex   6.312688e+01 -7.990568e+00 3.000000e+02
      vertex   6.334356e+01 -8.071695e+00 3.000000e+02
    endloop
  endfacet
  facet normal -4.151288e-01 -9.097621e-01 -1.002954e-03
    outer loop
      vertex   6.326440e+01 -8.038882e+00 3.030000e+02
      vertex   6.334356e+01 -8.071695e+00 3.000000e+02
      vertex   6.347645e+01 -8.135641e+00 3.030000e+02
    endloop
  endfacet
  facet normal -4.515331e-01 -8.922538e-01 9.828612e-04
    outer loop
      vertex   6.347645e+01 -8.135641e+00 3.030000e+02
      vertex   6.334356e+01 -8.071695e+00 3.000000e+02
      vertex   6.355000e+01 -8.176165e+00 3.000000e+02
    endloop
  endfacet
  facet normal -5.133924e-01 -8.581534e-01 -9.942970e-04
    outer loop
      vertex   6.347645e+01 -8.135641e+00 3.030000e+02
      vertex   6.355000e+01 -8.176165e+00 3.000000e+02
      vertex   6.367647e+01 -8.255304e+00 3.030000e+02
    endloop
  endfacet
  facet normal -5.469479e-01 -8.371661e-01 9.739705e-04
    outer loop
      vertex   6.367647e+01 -8.255304e+00 3.030000e+02
      vertex   6.355000e+01 -8.176165e+00 3.000000e+02
      vertex   6.374369e+01 -8.302712e+00 3.000000e+02
    endloop
  endfacet
  facet normal -6.053314e-01 -7.959729e-01 -9.851723e-04
    outer loop
      vertex   6.367647e+01 -8.255304e+00 3.030000e+02
      vertex   6.374369e+01 -8.302712e+00 3.000000e+02
      vertex   6.386200e+01 -8.396397e+00 3.030000e+02
    endloop
  endfacet
  facet normal -6.357235e-01 -7.719163e-01 9.646119e-04
    outer loop
      vertex   6.386200e+01 -8.396397e+00 3.030000e+02
      vertex   6.374369e+01 -8.302712e+00 3.000000e+02
      vertex   6.392229e+01 -8.449798e+00 3.000000e+02
    endloop
  endfacet
  facet normal -6.898132e-01 -7.239867e-01 -9.755798e-04
    outer loop
      vertex   6.386200e+01 -8.396397e+00 3.030000e+02
      vertex   6.392229e+01 -8.449798e+00 3.000000e+02
      vertex   6.403075e+01 -8.557181e+00 3.030000e+02
    endloop
  endfacet
  facet normal -7.167822e-01 -6.972965e-01 9.547854e-04
    outer loop
      vertex   6.403075e+01 -8.557181e+00 3.030000e+02
      vertex   6.392229e+01 -8.449798e+00 3.000000e+02
      vertex   6.408362e+01 -8.615639e+00 3.000000e+02
    endloop
  endfacet
  facet normal -7.657970e-01 -6.430816e-01 -9.655193e-04
    outer loop
      vertex   6.403075e+01 -8.557181e+00 3.030000e+02
      vertex   6.408362e+01 -8.615639e+00 3.000000e+02
      vertex   6.418064e+01 -8.735675e+00 3.030000e+02
    endloop
  endfacet
  facet normal -7.891402e-01 -6.142124e-01 9.444910e-04
    outer loop
      vertex   6.418064e+01 -8.735675e+00 3.030000e+02
      vertex   6.408362e+01 -8.615639e+00 3.000000e+02
      vertex   6.422573e+01 -8.798222e+00 3.000000e+02
    endloop
  endfacet
  facet normal -8.323469e-01 -5.542542e-01 -9.549910e-04
    outer loop
      vertex   6.418064e+01 -8.735675e+00 3.030000e+02
      vertex   6.422573e+01 -8.798222e+00 3.000000e+02
      vertex   6.430983e+01 -8.929681e+00 3.030000e+02
    endloop
  endfacet
  facet normal -8.519190e-01 -5.236727e-01 9.337287e-04
    outer loop
      vertex   6.430983e+01 -8.929681e+00 3.030000e+02
      vertex   6.422573e+01 -8.798222e+00 3.000000e+02
      vertex   6.434690e+01 -8.995329e+00 3.000000e+02
    endloop
  endfacet
  facet normal -8.886429e-01 -4.585988e-01 -9.439948e-04
    outer loop
      vertex   6.430983e+01 -8.929681e+00 3.030000e+02
      vertex   6.434690e+01 -8.995329e+00 3.000000e+02
      vertex   6.441672e+01 -9.136809e+00 3.030000e+02
    endloop
  endfacet
  facet normal -9.043568e-01 -4.267763e-01 9.224986e-04
    outer loop
      vertex   6.441672e+01 -9.136809e+00 3.030000e+02
      vertex   6.434690e+01 -8.995329e+00 3.000000e+02
      vertex   6.444564e+01 -9.204569e+00 3.000000e+02
    endloop
  endfacet
  facet normal -9.339915e-01 -3.572939e-01 -9.325308e-04
    outer loop
      vertex   6.441672e+01 -9.136809e+00 3.030000e+02
      vertex   6.444564e+01 -9.204569e+00 3.000000e+02
      vertex   6.450000e+01 -9.354506e+00 3.030000e+02
    endloop
  endfacet
  facet normal -9.458168e-01 -3.246993e-01 9.108006e-04
    outer loop
      vertex   6.450000e+01 -9.354506e+00 3.030000e+02
      vertex   6.444564e+01 -9.204569e+00 3.000000e+02
      vertex   6.452076e+01 -9.423401e+00 3.000000e+02
    endloop
  endfacet
  facet normal -9.639269e-01 -2.661665e-01 -5.587483e-04
    outer loop
      vertex   6.450000e+01 -9.354506e+00 3.030000e+02
      vertex   6.452076e+01 -9.423401e+00 3.000000e+02
      vertex   6.454375e+01 -9.512933e+00 3.029984e+02
    endloop
  endfacet
  facet normal -9.757959e-01 -2.186810e-01 9.501306e-04
    outer loop
      vertex   6.454375e+01 -9.512933e+00 3.029984e+02
      vertex   6.452076e+01 -9.423401e+00 3.000000e+02
      vertex   6.457136e+01 -9.649170e+00 3.000000e+02
    endloop
  endfacet
  facet normal -9.817346e-01 -1.902550e-01 -3.961288e-04
    outer loop
      vertex   6.454375e+01 -9.512933e+00 3.029984e+02
      vertex   6.457136e+01 -9.649170e+00 3.000000e+02
      vertex   6.457500e+01 -9.674181e+00 3.029949e+02
    endloop
  endfacet
  facet normal -9.933251e-01 -1.153482e-01 2.434976e-04
    outer loop
      vertex   6.457500e+01 -9.674181e+00 3.029949e+02
      vertex   6.457136e+01 -9.649170e+00 3.000000e+02
      vertex   6.459375e+01 -9.835669e+00 3.029915e+02
    endloop
  endfacet
  facet normal -9.939305e-01 -1.100082e-01 5.809431e-04
    outer loop
      vertex   6.459375e+01 -9.835669e+00 3.029915e+02
      vertex   6.457136e+01 -9.649170e+00 3.000000e+02
      vertex   6.459681e+01 -9.879134e+00 3.000000e+02
    endloop
  endfacet
  facet normal -9.992296e-01 -3.924305e-02 -4.526731e-04
    outer loop
      vertex   6.459375e+01 -9.835669e+00 3.029915e+02
      vertex   6.459681e+01 -9.879134e+00 3.000000e+02
      vertex   6.460000e+01 -9.994819e+00 3.029899e+02
    endloop
  endfacet
  facet normal -9.999994e-01 0.000000e+00 1.066529e-03
    outer loop
      vertex   6.460000e+01 -9.994819e+00 3.029899e+02
      vertex   6.459681e+01 -9.879134e+00 3.000000e+02
      vertex   6.459681e+01 -1.011050e+01 3.000000e+02
    endloop
  endfacet
  facet normal -9.992296e-01 3.924305e-02 -4.526731e-04
    outer loop
      vertex   6.460000e+01 -9.994819e+00 3.029899e+02
      vertex   6.459681e+01 -1.011050e+01 3.000000e+02
      vertex   6.459375e+01 -1.015397e+01 3.029915e+02
    endloop
  endfacet
  facet normal -9.939305e-01 1.100082e-01 5.809431e-04
    outer loop
      vertex   6.459375e+01 -1.015397e+01 3.029915e+02
      vertex   6.459681e+01 -1.011050e+01 3.000000e+02
      vertex   6.457136e+01 -1.034047e+01 3.000000e+02
    endloop
  endfacet
  facet normal -9.933251e-01 1.153482e-01 2.434976e-04
    outer loop
      vertex   6.459375e+01 -1.015397e+01 3.029915e+02
      vertex   6.457136e+01 -1.034047e+01 3.000000e+02
      vertex   6.457500e+01 -1.031546e+01 3.029949e+02
    endloop
  endfacet
  facet normal -9.817346e-01 1.902550e-01 -3.961288e-04
    outer loop
      vertex   6.457500e+01 -1.031546e+01 3.029949e+02
      vertex   6.457136e+01 -1.034047e+01 3.000000e+02
      vertex   6.454375e+01 -1.047670e+01 3.029984e+02
    endloop
  endfacet
  facet normal -9.757959e-01 2.186810e-01 9.501306e-04
    outer loop
      vertex   6.454375e+01 -1.047670e+01 3.029984e+02
      vertex   6.457136e+01 -1.034047e+01 3.000000e+02
      vertex   6.452076e+01 -1.056624e+01 3.000000e+02
    endloop
  endfacet
  facet normal 9.639249e-01 -2.661741e-01 2.669583e-04
    outer loop
      vertex   4.845625e+01 -9.512933e+00 3.029984e+02
      vertex   4.845083e+01 -9.535588e+00 3.000000e+02
      vertex   4.850000e+01 -9.354506e+00 3.030000e+02
    endloop
  endfacet
  facet normal 9.622678e-01 -2.721034e-01 6.520149e-04
    outer loop
      vertex   4.850000e+01 -9.354506e+00 3.030000e+02
      vertex   4.845083e+01 -9.535588e+00 3.000000e+02
      vertex   4.851378e+01 -9.312950e+00 3.000000e+02
    endloop
  endfacet
  facet normal 9.339917e-01 -3.572940e-01 -6.579752e-04
    outer loop
      vertex   4.850000e+01 -9.354506e+00 3.030000e+02
      vertex   4.851378e+01 -9.312950e+00 3.000000e+02
      vertex   4.858328e+01 -9.136809e+00 3.030000e+02
    endloop
  endfacet
  facet normal 9.264939e-01 -3.763093e-01 6.321731e-04
    outer loop
      vertex   4.858328e+01 -9.136809e+00 3.030000e+02
      vertex   4.851378e+01 -9.312950e+00 3.000000e+02
      vertex   4.860085e+01 -9.098588e+00 3.000000e+02
    endloop
  endfacet
  facet normal 8.886431e-01 -4.585990e-01 -6.378996e-04
    outer loop
      vertex   4.858328e+01 -9.136809e+00 3.030000e+02
      vertex   4.860085e+01 -9.098588e+00 3.000000e+02
      vertex   4.869017e+01 -8.929681e+00 3.030000e+02
    endloop
  endfacet
  facet normal 8.794736e-01 -4.759473e-01 6.118637e-04
    outer loop
      vertex   4.869017e+01 -8.929681e+00 3.030000e+02
      vertex   4.860085e+01 -9.098588e+00 3.000000e+02
      vertex   4.871097e+01 -8.895106e+00 3.000000e+02
    endloop
  endfacet
  facet normal 8.323471e-01 -5.542544e-01 -6.173563e-04
    outer loop
      vertex   4.869017e+01 -8.929681e+00 3.030000e+02
      vertex   4.871097e+01 -8.895106e+00 3.000000e+02
      vertex   4.881936e+01 -8.735675e+00 3.030000e+02
    endloop
  endfacet
  facet normal 8.217777e-01 -5.698080e-01 5.910866e-04
    outer loop
      vertex   4.881936e+01 -8.735675e+00 3.030000e+02
      vertex   4.871097e+01 -8.895106e+00 3.000000e+02
      vertex   4.884281e+01 -8.704972e+00 3.000000e+02
    endloop
  endfacet
  facet normal 7.657973e-01 -6.430818e-01 -5.963454e-04
    outer loop
      vertex   4.881936e+01 -8.735675e+00 3.030000e+02
      vertex   4.884281e+01 -8.704972e+00 3.000000e+02
      vertex   4.896925e+01 -8.557181e+00 3.030000e+02
    endloop
  endfacet
  facet normal 7.541065e-01 -6.567519e-01 5.698418e-04
    outer loop
      vertex   4.896925e+01 -8.557181e+00 3.030000e+02
      vertex   4.884281e+01 -8.704972e+00 3.000000e+02
      vertex   4.899476e+01 -8.530495e+00 3.000000e+02
    endloop
  endfacet
  facet normal 6.898134e-01 -7.239870e-01 -5.748668e-04
    outer loop
      vertex   4.896925e+01 -8.557181e+00 3.030000e+02
      vertex   4.899476e+01 -8.530495e+00 3.000000e+02
      vertex   4.913800e+01 -8.396397e+00 3.030000e+02
    endloop
  endfacet
  facet normal 6.772815e-01 -7.357238e-01 5.481295e-04
    outer loop
      vertex   4.913800e+01 -8.396397e+00 3.030000e+02
      vertex   4.899476e+01 -8.530495e+00 3.000000e+02
      vertex   4.916498e+01 -8.373794e+00 3.000000e+02
    endloop
  endfacet
  facet normal 6.053316e-01 -7.959732e-01 -5.529206e-04
    outer loop
      vertex   4.913800e+01 -8.396397e+00 3.030000e+02
      vertex   4.916498e+01 -8.373794e+00 3.000000e+02
      vertex   4.932353e+01 -8.255304e+00 3.030000e+02
    endloop
  endfacet
  facet normal 5.922352e-01 -8.057650e-01 5.259495e-04
    outer loop
      vertex   4.932353e+01 -8.255304e+00 3.030000e+02
      vertex   4.916498e+01 -8.373794e+00 3.000000e+02
      vertex   4.935141e+01 -8.236769e+00 3.000000e+02
    endloop
  endfacet
  facet normal 5.133926e-01 -8.581537e-01 -5.305069e-04
    outer loop
      vertex   4.932353e+01 -8.255304e+00 3.030000e+02
      vertex   4.935141e+01 -8.236769e+00 3.000000e+02
      vertex   4.952355e+01 -8.135641e+00 3.030000e+02
    endloop
  endfacet
  facet normal 4.999999e-01 -8.660253e-01 5.033019e-04
    outer loop
      vertex   4.952355e+01 -8.135641e+00 3.030000e+02
      vertex   4.935141e+01 -8.236769e+00 3.000000e+02
      vertex   4.955178e+01 -8.121085e+00 3.000000e+02
    endloop
  endfacet
  facet normal 4.151290e-01 -9.097624e-01 -5.076255e-04
    outer loop
      vertex   4.952355e+01 -8.135641e+00 3.030000e+02
      vertex   4.955178e+01 -8.121085e+00 3.000000e+02
      vertex   4.973560e+01 -8.038882e+00 3.030000e+02
    endloop
  endfacet
  facet normal 4.016954e-01 -9.157732e-01 4.801868e-04
    outer loop
      vertex   4.973560e+01 -8.038882e+00 3.030000e+02
      vertex   4.955178e+01 -8.121085e+00 3.000000e+02
      vertex   4.976366e+01 -8.028145e+00 3.000000e+02
    endloop
  endfacet
  facet normal 3.117513e-01 -9.501636e-01 -4.842766e-04
    outer loop
      vertex   4.973560e+01 -8.038882e+00 3.030000e+02
      vertex   4.976366e+01 -8.028145e+00 3.000000e+02
      vertex   4.995707e+01 -7.966218e+00 3.030000e+02
    endloop
  endfacet
  facet normal 2.985148e-01 -9.544049e-01 4.566041e-04
    outer loop
      vertex   4.995707e+01 -7.966218e+00 3.030000e+02
      vertex   4.976366e+01 -8.028145e+00 3.000000e+02
      vertex   4.998448e+01 -7.959078e+00 3.000000e+02
    endloop
  endfacet
  facet normal 2.045331e-01 -9.788595e-01 -4.604601e-04
    outer loop
      vertex   4.995707e+01 -7.966218e+00 3.030000e+02
      vertex   4.998448e+01 -7.959078e+00 3.000000e+02
      vertex   5.018522e+01 -7.918545e+00 3.030000e+02
    endloop
  endfacet
  facet normal 1.917106e-01 -9.814514e-01 4.325538e-04
    outer loop
      vertex   5.018522e+01 -7.918545e+00 3.030000e+02
      vertex   4.998448e+01 -7.959078e+00 3.000000e+02
      vertex   5.021156e+01 -7.914722e+00 3.000000e+02
    endloop
  endfacet
  facet normal 9.479524e-02 -9.954967e-01 -4.361761e-04
    outer loop
      vertex   5.018522e+01 -7.918545e+00 3.030000e+02
      vertex   5.021156e+01 -7.914722e+00 3.000000e+02
      vertex   5.041725e+01 -7.896450e+00 3.030000e+02
    endloop
  endfacet
  facet normal 8.257934e-02 -9.965844e-01 4.080360e-04
    outer loop
      vertex   5.041725e+01 -7.896450e+00 3.030000e+02
      vertex   5.021156e+01 -7.914722e+00 3.000000e+02
      vertex   5.044214e+01 -7.895616e+00 3.000000e+02
    endloop
  endfacet
  facet normal -1.611044e-02 -9.998701e-01 -4.114245e-04
    outer loop
      vertex   5.041725e+01 -7.896450e+00 3.030000e+02
      vertex   5.044214e+01 -7.895616e+00 3.000000e+02
      vertex   5.065031e+01 -7.900205e+00 3.030000e+02
    endloop
  endfacet
  facet normal -2.755434e-02 -9.996202e-01 3.830507e-04
    outer loop
      vertex   5.065031e+01 -7.900205e+00 3.030000e+02
      vertex   5.044214e+01 -7.895616e+00 3.000000e+02
      vertex   5.067342e+01 -7.901991e+00 3.000000e+02
    endloop
  endfacet
  facet normal -1.268177e-01 -9.919260e-01 -3.862055e-04
    outer loop
      vertex   5.065031e+01 -7.900205e+00 3.030000e+02
      vertex   5.067342e+01 -7.901991e+00 3.000000e+02
      vertex   5.088151e+01 -7.929764e+00 3.030000e+02
    endloop
  endfacet
  facet normal -1.373535e-01 -9.905220e-01 3.575979e-04
    outer loop
      vertex   5.088151e+01 -7.929764e+00 3.030000e+02
      vertex   5.067342e+01 -7.901991e+00 3.000000e+02
      vertex   5.090259e+01 -7.933771e+00 3.000000e+02
    endloop
  endfacet
  facet normal -2.359626e-01 -9.717621e-01 -3.605189e-04
    outer loop
      vertex   5.088151e+01 -7.929764e+00 3.030000e+02
      vertex   5.090259e+01 -7.933771e+00 3.000000e+02
      vertex   5.110801e+01 -7.984762e+00 3.030000e+02
    endloop
  endfacet
  facet normal -2.454855e-01 -9.694002e-01 3.316776e-04
    outer loop
      vertex   5.110801e+01 -7.984762e+00 3.030000e+02
      vertex   5.090259e+01 -7.933771e+00 3.000000e+02
      vertex   5.112688e+01 -7.990568e+00 3.000000e+02
    endloop
  endfacet
  facet normal -3.422006e-01 -9.396268e-01 -3.343649e-04
    outer loop
      vertex   5.110801e+01 -7.984762e+00 3.030000e+02
      vertex   5.112688e+01 -7.990568e+00 3.000000e+02
      vertex   5.132702e+01 -8.064524e+00 3.030000e+02
    endloop
  endfacet
  facet normal -3.506375e-01 -9.365112e-01 3.052899e-04
    outer loop
      vertex   5.132702e+01 -8.064524e+00 3.030000e+02
      vertex   5.112688e+01 -7.990568e+00 3.000000e+02
      vertex   5.134356e+01 -8.071695e+00 3.000000e+02
    endloop
  endfacet
  facet normal -4.442231e-01 -8.959162e-01 -3.077434e-04
    outer loop
      vertex   5.132702e+01 -8.064524e+00 3.030000e+02
      vertex   5.134356e+01 -8.071695e+00 3.000000e+02
      vertex   5.153584e+01 -8.168064e+00 3.030000e+02
    endloop
  endfacet
  facet normal -4.515333e-01 -8.922542e-01 2.784347e-04
    outer loop
      vertex   5.153584e+01 -8.168064e+00 3.030000e+02
      vertex   5.134356e+01 -8.071695e+00 3.000000e+02
      vertex   5.155000e+01 -8.176165e+00 3.000000e+02
    endloop
  endfacet
  facet normal -5.407730e-01 -8.411685e-01 -2.806545e-04
    outer loop
      vertex   5.153584e+01 -8.168064e+00 3.030000e+02
      vertex   5.155000e+01 -8.176165e+00 3.000000e+02
      vertex   5.173191e+01 -8.294109e+00 3.030000e+02
    endloop
  endfacet
  facet normal -5.469481e-01 -8.371665e-01 2.511121e-04
    outer loop
      vertex   5.173191e+01 -8.294109e+00 3.030000e+02
      vertex   5.155000e+01 -8.176165e+00 3.000000e+02
      vertex   5.174369e+01 -8.302712e+00 3.000000e+02
    endloop
  endfacet
  facet normal -6.306611e-01 -7.760583e-01 -2.530982e-04
    outer loop
      vertex   5.173191e+01 -8.294109e+00 3.030000e+02
      vertex   5.174369e+01 -8.302712e+00 3.000000e+02
      vertex   5.191279e+01 -8.441106e+00 3.030000e+02
    endloop
  endfacet
  facet normal -6.357237e-01 -7.719166e-01 2.233220e-04
    outer loop
      vertex   5.191279e+01 -8.441106e+00 3.030000e+02
      vertex   5.174369e+01 -8.302712e+00 3.000000e+02
      vertex   5.192229e+01 -8.449798e+00 3.000000e+02
    endloop
  endfacet
  facet normal -7.127799e-01 -7.013877e-01 -2.250744e-04
    outer loop
      vertex   5.191279e+01 -8.441106e+00 3.030000e+02
      vertex   5.192229e+01 -8.449798e+00 3.000000e+02
      vertex   5.207627e+01 -8.607243e+00 3.030000e+02
    endloop
  endfacet
  facet normal -7.167825e-01 -6.972968e-01 1.950646e-04
    outer loop
      vertex   5.207627e+01 -8.607243e+00 3.030000e+02
      vertex   5.192229e+01 -8.449798e+00 3.000000e+02
      vertex   5.208362e+01 -8.615639e+00 3.000000e+02
    endloop
  endfacet
  facet normal -7.861179e-01 -6.180766e-01 -1.965833e-04
    outer loop
      vertex   5.207627e+01 -8.607243e+00 3.030000e+02
      vertex   5.208362e+01 -8.615639e+00 3.000000e+02
      vertex   5.222034e+01 -8.790473e+00 3.030000e+02
    endloop
  endfacet
  facet normal -7.891405e-01 -6.142127e-01 1.663398e-04
    outer loop
      vertex   5.222034e+01 -8.790473e+00 3.030000e+02
      vertex   5.208362e+01 -8.615639e+00 3.000000e+02
      vertex   5.222573e+01 -8.798222e+00 3.000000e+02
    endloop
  endfacet
  facet normal -8.497715e-01 -5.271513e-01 -1.676249e-04
    outer loop
      vertex   5.222034e+01 -8.790473e+00 3.030000e+02
      vertex   5.222573e+01 -8.798222e+00 3.000000e+02
      vertex   5.234321e+01 -8.988541e+00 3.030000e+02
    endloop
  endfacet
  facet normal -8.519194e-01 -5.236729e-01 1.371476e-04
    outer loop
      vertex   5.234321e+01 -8.988541e+00 3.030000e+02
      vertex   5.222573e+01 -8.798222e+00 3.000000e+02
      vertex   5.234690e+01 -8.995329e+00 3.000000e+02
    endloop
  endfacet
  facet normal -9.029566e-01 -4.297318e-01 -1.381990e-04
    outer loop
      vertex   5.234321e+01 -8.988541e+00 3.030000e+02
      vertex   5.234690e+01 -8.995329e+00 3.000000e+02
      vertex   5.244337e+01 -9.199004e+00 3.030000e+02
    endloop
  endfacet
  facet normal -9.043572e-01 -4.267764e-01 1.074882e-04
    outer loop
      vertex   5.244337e+01 -9.199004e+00 3.030000e+02
      vertex   5.234690e+01 -8.995329e+00 3.000000e+02
      vertex   5.244564e+01 -9.204569e+00 3.000000e+02
    endloop
  endfacet
  facet normal -9.450179e-01 -3.270184e-01 -1.083059e-04
    outer loop
      vertex   5.244337e+01 -9.199004e+00 3.030000e+02
      vertex   5.244564e+01 -9.204569e+00 3.000000e+02
      vertex   5.251959e+01 -9.419272e+00 3.030000e+02
    endloop
  endfacet
  facet normal -9.458172e-01 -3.246995e-01 7.736136e-05
    outer loop
      vertex   5.251959e+01 -9.419272e+00 3.030000e+02
      vertex   5.244564e+01 -9.204569e+00 3.000000e+02
      vertex   5.252076e+01 -9.423401e+00 3.000000e+02
    endloop
  endfacet
  facet normal -9.754375e-01 -2.202765e-01 -7.794544e-05
    outer loop
      vertex   5.251959e+01 -9.419272e+00 3.030000e+02
      vertex   5.252076e+01 -9.423401e+00 3.000000e+02
      vertex   5.257093e+01 -9.646630e+00 3.030000e+02
    endloop
  endfacet
  facet normal -9.757964e-01 -2.186811e-01 4.676727e-05
    outer loop
      vertex   5.257093e+01 -9.646630e+00 3.030000e+02
      vertex   5.252076e+01 -9.423401e+00 3.000000e+02
      vertex   5.257136e+01 -9.649170e+00 3.000000e+02
    endloop
  endfacet
  facet normal -9.938404e-01 -1.108208e-01 -4.711771e-05
    outer loop
      vertex   5.257093e+01 -9.646630e+00 3.030000e+02
      vertex   5.257136e+01 -9.649170e+00 3.000000e+02
      vertex   5.259676e+01 -9.878277e+00 3.030000e+02
    endloop
  endfacet
  facet normal -9.939307e-01 -1.100082e-01 1.570590e-05
    outer loop
      vertex   5.259676e+01 -9.878277e+00 3.030000e+02
      vertex   5.257136e+01 -9.649170e+00 3.000000e+02
      vertex   5.259681e+01 -9.879134e+00 3.000000e+02
    endloop
  endfacet
  facet normal -1.000000e+00 -3.048454e-14 -1.582271e-05
    outer loop
      vertex   5.259676e+01 -9.878277e+00 3.030000e+02
      vertex   5.259681e+01 -9.879134e+00 3.000000e+02
      vertex   5.259676e+01 -1.011136e+01 3.030000e+02
    endloop
  endfacet
  facet normal -1.000000e+00 0.000000e+00 -1.582271e-05
    outer loop
      vertex   5.259676e+01 -1.011136e+01 3.030000e+02
      vertex   5.259681e+01 -9.879134e+00 3.000000e+02
      vertex   5.259681e+01 -1.011050e+01 3.000000e+02
    endloop
  endfacet
  facet normal -9.939307e-01 1.100082e-01 1.570590e-05
    outer loop
      vertex   5.259676e+01 -1.011136e+01 3.030000e+02
      vertex   5.259681e+01 -1.011050e+01 3.000000e+02
      vertex   5.257136e+01 -1.034047e+01 3.000000e+02
    endloop
  endfacet
  facet normal 9.817344e-01 -1.902562e-01 -3.388827e-04
    outer loop
      vertex   4.845625e+01 -9.512933e+00 3.029984e+02
      vertex   4.842500e+01 -9.674181e+00 3.029949e+02
      vertex   4.845083e+01 -9.535588e+00 3.000000e+02
    endloop
  endfacet
  facet normal 9.863609e-01 -1.645945e-01 8.885122e-04
    outer loop
      vertex   4.845083e+01 -9.535588e+00 3.000000e+02
      vertex   4.842500e+01 -9.674181e+00 3.029949e+02
      vertex   4.841275e+01 -9.763801e+00 3.000000e+02
    endloop
  endfacet
  facet normal 9.933270e-01 -1.153300e-01 -6.141856e-04
    outer loop
      vertex   4.841275e+01 -9.763801e+00 3.000000e+02
      vertex   4.842500e+01 -9.674181e+00 3.029949e+02
      vertex   4.840625e+01 -9.835669e+00 3.029915e+02
    endloop
  endfacet
  facet normal 9.984812e-01 -5.508774e-02 8.442773e-04
    outer loop
      vertex   4.841275e+01 -9.763801e+00 3.000000e+02
      vertex   4.840625e+01 -9.835669e+00 3.029915e+02
      vertex   4.840000e+01 -9.994819e+00 3.000000e+02
    endloop
  endfacet
  facet normal 9.992295e-01 -3.924754e-02 0.000000e+00
    outer loop
      vertex   4.840000e+01 -9.994819e+00 3.000000e+02
      vertex   4.840625e+01 -9.835669e+00 3.029915e+02
      vertex   4.840000e+01 -9.994819e+00 3.029899e+02
    endloop
  endfacet
  facet normal 9.992295e-01 3.924754e-02 -0.000000e+00
    outer loop
      vertex   4.840000e+01 -9.994819e+00 3.000000e+02
      vertex   4.840000e+01 -9.994819e+00 3.029899e+02
      vertex   4.840625e+01 -1.015397e+01 3.029915e+02
    endloop
  endfacet
  facet normal 9.984812e-01 5.508774e-02 8.442773e-04
    outer loop
      vertex   4.840000e+01 -9.994819e+00 3.000000e+02
      vertex   4.840625e+01 -1.015397e+01 3.029915e+02
      vertex   4.841275e+01 -1.022584e+01 3.000000e+02
    endloop
  endfacet
  facet normal 9.933270e-01 1.153300e-01 -6.141856e-04
    outer loop
      vertex   4.841275e+01 -1.022584e+01 3.000000e+02
      vertex   4.840625e+01 -1.015397e+01 3.029915e+02
      vertex   4.842500e+01 -1.031546e+01 3.029949e+02
    endloop
  endfacet
  facet normal 9.863609e-01 1.645945e-01 8.885122e-04
    outer loop
      vertex   4.841275e+01 -1.022584e+01 3.000000e+02
      vertex   4.842500e+01 -1.031546e+01 3.029949e+02
      vertex   4.845083e+01 -1.045405e+01 3.000000e+02
    endloop
  endfacet
  facet normal 9.817344e-01 1.902562e-01 -3.388827e-04
    outer loop
      vertex   4.845083e+01 -1.045405e+01 3.000000e+02
      vertex   4.842500e+01 -1.031546e+01 3.029949e+02
      vertex   4.845625e+01 -1.047670e+01 3.029984e+02
    endloop
  endfacet
  facet normal 9.639249e-01 2.661741e-01 2.669583e-04
    outer loop
      vertex   4.845083e+01 -1.045405e+01 3.000000e+02
      vertex   4.845625e+01 -1.047670e+01 3.029984e+02
      vertex   4.850000e+01 -1.063513e+01 3.030000e+02
    endloop
  endfacet
  facet normal 9.622678e-01 2.721034e-01 6.520149e-04
    outer loop
      vertex   4.845083e+01 -1.045405e+01 3.000000e+02
      vertex   4.850000e+01 -1.063513e+01 3.030000e+02
      vertex   4.851378e+01 -1.067669e+01 3.000000e+02
    endloop
  endfacet
  facet normal 9.339917e-01 3.572940e-01 -6.579752e-04
    outer loop
      vertex   4.851378e+01 -1.067669e+01 3.000000e+02
      vertex   4.850000e+01 -1.063513e+01 3.030000e+02
      vertex   4.858328e+01 -1.085283e+01 3.030000e+02
    endloop
  endfacet
  facet normal 9.264939e-01 3.763093e-01 6.321731e-04
    outer loop
      vertex   4.851378e+01 -1.067669e+01 3.000000e+02
      vertex   4.858328e+01 -1.085283e+01 3.030000e+02
      vertex   4.860085e+01 -1.089105e+01 3.000000e+02
    endloop
  endfacet
  facet normal 8.886431e-01 4.585990e-01 -6.378996e-04
    outer loop
      vertex   4.860085e+01 -1.089105e+01 3.000000e+02
      vertex   4.858328e+01 -1.085283e+01 3.030000e+02
      vertex   4.869017e+01 -1.105996e+01 3.030000e+02
    endloop
  endfacet
  facet normal 8.794736e-01 4.759473e-01 6.118637e-04
    outer loop
      vertex   4.860085e+01 -1.089105e+01 3.000000e+02
      vertex   4.869017e+01 -1.105996e+01 3.030000e+02
      vertex   4.871097e+01 -1.109453e+01 3.000000e+02
    endloop
  endfacet
  facet normal 8.323471e-01 5.542544e-01 -6.173563e-04
    outer loop
      vertex   4.871097e+01 -1.109453e+01 3.000000e+02
      vertex   4.869017e+01 -1.105996e+01 3.030000e+02
      vertex   4.881936e+01 -1.125396e+01 3.030000e+02
    endloop
  endfacet
  facet normal 8.217777e-01 5.698080e-01 5.910866e-04
    outer loop
      vertex   4.871097e+01 -1.109453e+01 3.000000e+02
      vertex   4.881936e+01 -1.125396e+01 3.030000e+02
      vertex   4.884281e+01 -1.128467e+01 3.000000e+02
    endloop
  endfacet
  facet normal 7.657973e-01 6.430818e-01 -5.963454e-04
    outer loop
      vertex   4.884281e+01 -1.128467e+01 3.000000e+02
      vertex   4.881936e+01 -1.125396e+01 3.030000e+02
      vertex   4.896925e+01 -1.143246e+01 3.030000e+02
    endloop
  endfacet
  facet normal 7.541065e-01 6.567519e-01 5.698418e-04
    outer loop
      vertex   4.884281e+01 -1.128467e+01 3.000000e+02
      vertex   4.896925e+01 -1.143246e+01 3.030000e+02
      vertex   4.899476e+01 -1.145914e+01 3.000000e+02
    endloop
  endfacet
  facet normal 6.898134e-01 7.239870e-01 -5.748668e-04
    outer loop
      vertex   4.899476e+01 -1.145914e+01 3.000000e+02
      vertex   4.896925e+01 -1.143246e+01 3.030000e+02
      vertex   4.913800e+01 -1.159324e+01 3.030000e+02
    endloop
  endfacet
  facet normal 6.772815e-01 7.357238e-01 5.481295e-04
    outer loop
      vertex   4.899476e+01 -1.145914e+01 3.000000e+02
      vertex   4.913800e+01 -1.159324e+01 3.030000e+02
      vertex   4.916498e+01 -1.161584e+01 3.000000e+02
    endloop
  endfacet
  facet normal 6.053316e-01 7.959732e-01 -5.529206e-04
    outer loop
      vertex   4.916498e+01 -1.161584e+01 3.000000e+02
      vertex   4.913800e+01 -1.159324e+01 3.030000e+02
      vertex   4.932353e+01 -1.173433e+01 3.030000e+02
    endloop
  endfacet
  facet normal 5.922352e-01 8.057650e-01 5.259495e-04
    outer loop
      vertex   4.916498e+01 -1.161584e+01 3.000000e+02
      vertex   4.932353e+01 -1.173433e+01 3.030000e+02
      vertex   4.935141e+01 -1.175287e+01 3.000000e+02
    endloop
  endfacet
  facet normal 5.133926e-01 8.581537e-01 -5.305069e-04
    outer loop
      vertex   4.935141e+01 -1.175287e+01 3.000000e+02
      vertex   4.932353e+01 -1.173433e+01 3.030000e+02
      vertex   4.952355e+01 -1.185400e+01 3.030000e+02
    endloop
  endfacet
  facet normal 4.999999e-01 8.660253e-01 5.033019e-04
    outer loop
      vertex   4.935141e+01 -1.175287e+01 3.000000e+02
      vertex   4.952355e+01 -1.185400e+01 3.030000e+02
      vertex   4.955178e+01 -1.186855e+01 3.000000e+02
    endloop
  endfacet
  facet normal 4.151290e-01 9.097624e-01 -5.076255e-04
    outer loop
      vertex   4.955178e+01 -1.186855e+01 3.000000e+02
      vertex   4.952355e+01 -1.185400e+01 3.030000e+02
      vertex   4.973560e+01 -1.195076e+01 3.030000e+02
    endloop
  endfacet
  facet normal 4.016954e-01 9.157732e-01 4.801868e-04
    outer loop
      vertex   4.955178e+01 -1.186855e+01 3.000000e+02
      vertex   4.973560e+01 -1.195076e+01 3.030000e+02
      vertex   4.976366e+01 -1.196149e+01 3.000000e+02
    endloop
  endfacet
  facet normal 3.117513e-01 9.501636e-01 -4.842766e-04
    outer loop
      vertex   4.976366e+01 -1.196149e+01 3.000000e+02
      vertex   4.973560e+01 -1.195076e+01 3.030000e+02
      vertex   4.995707e+01 -1.202342e+01 3.030000e+02
    endloop
  endfacet
  facet normal 2.985148e-01 9.544049e-01 4.566041e-04
    outer loop
      vertex   4.976366e+01 -1.196149e+01 3.000000e+02
      vertex   4.995707e+01 -1.202342e+01 3.030000e+02
      vertex   4.998448e+01 -1.203056e+01 3.000000e+02
    endloop
  endfacet
  facet normal 2.045331e-01 9.788595e-01 -4.604601e-04
    outer loop
      vertex   4.998448e+01 -1.203056e+01 3.000000e+02
      vertex   4.995707e+01 -1.202342e+01 3.030000e+02
      vertex   5.018522e+01 -1.207109e+01 3.030000e+02
    endloop
  endfacet
  facet normal 1.917106e-01 9.814514e-01 4.325538e-04
    outer loop
      vertex   4.998448e+01 -1.203056e+01 3.000000e+02
      vertex   5.018522e+01 -1.207109e+01 3.030000e+02
      vertex   5.021156e+01 -1.207492e+01 3.000000e+02
    endloop
  endfacet
  facet normal 9.479524e-02 9.954967e-01 -4.361761e-04
    outer loop
      vertex   5.021156e+01 -1.207492e+01 3.000000e+02
      vertex   5.018522e+01 -1.207109e+01 3.030000e+02
      vertex   5.041725e+01 -1.209319e+01 3.030000e+02
    endloop
  endfacet
  facet normal 8.257934e-02 9.965844e-01 4.080360e-04
    outer loop
      vertex   5.021156e+01 -1.207492e+01 3.000000e+02
      vertex   5.041725e+01 -1.209319e+01 3.030000e+02
      vertex   5.044214e+01 -1.209402e+01 3.000000e+02
    endloop
  endfacet
  facet normal -1.611044e-02 9.998701e-01 -4.114245e-04
    outer loop
      vertex   5.044214e+01 -1.209402e+01 3.000000e+02
      vertex   5.041725e+01 -1.209319e+01 3.030000e+02
      vertex   5.065031e+01 -1.208943e+01 3.030000e+02
    endloop
  endfacet
  facet normal -2.755434e-02 9.996202e-01 3.830507e-04
    outer loop
      vertex   5.044214e+01 -1.209402e+01 3.000000e+02
      vertex   5.065031e+01 -1.208943e+01 3.030000e+02
      vertex   5.067342e+01 -1.208765e+01 3.000000e+02
    endloop
  endfacet
  facet normal -1.268177e-01 9.919260e-01 -3.862055e-04
    outer loop
      vertex   5.067342e+01 -1.208765e+01 3.000000e+02
      vertex   5.065031e+01 -1.208943e+01 3.030000e+02
      vertex   5.088151e+01 -1.205987e+01 3.030000e+02
    endloop
  endfacet
  facet normal -1.373535e-01 9.905220e-01 3.575979e-04
    outer loop
      vertex   5.067342e+01 -1.208765e+01 3.000000e+02
      vertex   5.088151e+01 -1.205987e+01 3.030000e+02
      vertex   5.090259e+01 -1.205587e+01 3.000000e+02
    endloop
  endfacet
  facet normal -2.359626e-01 9.717621e-01 -3.605189e-04
    outer loop
      vertex   5.090259e+01 -1.205587e+01 3.000000e+02
      vertex   5.088151e+01 -1.205987e+01 3.030000e+02
      vertex   5.110801e+01 -1.200487e+01 3.030000e+02
    endloop
  endfacet
  facet normal -2.454855e-01 9.694002e-01 3.316776e-04
    outer loop
      vertex   5.090259e+01 -1.205587e+01 3.000000e+02
      vertex   5.110801e+01 -1.200487e+01 3.030000e+02
      vertex   5.112688e+01 -1.199907e+01 3.000000e+02
    endloop
  endfacet
  facet normal -3.422006e-01 9.396268e-01 -3.343649e-04
    outer loop
      vertex   5.112688e+01 -1.199907e+01 3.000000e+02
      vertex   5.110801e+01 -1.200487e+01 3.030000e+02
      vertex   5.132702e+01 -1.192511e+01 3.030000e+02
    endloop
  endfacet
  facet normal -3.506375e-01 9.365112e-01 3.052899e-04
    outer loop
      vertex   5.112688e+01 -1.199907e+01 3.000000e+02
      vertex   5.132702e+01 -1.192511e+01 3.030000e+02
      vertex   5.134356e+01 -1.191794e+01 3.000000e+02
    endloop
  endfacet
  facet normal -4.442231e-01 8.959162e-01 -3.077434e-04
    outer loop
      vertex   5.134356e+01 -1.191794e+01 3.000000e+02
      vertex   5.132702e+01 -1.192511e+01 3.030000e+02
      vertex   5.153584e+01 -1.182157e+01 3.030000e+02
    endloop
  endfacet
  facet normal -4.515333e-01 8.922542e-01 2.784347e-04
    outer loop
      vertex   5.134356e+01 -1.191794e+01 3.000000e+02
      vertex   5.153584e+01 -1.182157e+01 3.030000e+02
      vertex   5.155000e+01 -1.181347e+01 3.000000e+02
    endloop
  endfacet
  facet normal -5.407730e-01 8.411685e-01 -2.806545e-04
    outer loop
      vertex   5.155000e+01 -1.181347e+01 3.000000e+02
      vertex   5.153584e+01 -1.182157e+01 3.030000e+02
      vertex   5.173191e+01 -1.169553e+01 3.030000e+02
    endloop
  endfacet
  facet normal -5.469481e-01 8.371665e-01 2.511121e-04
    outer loop
      vertex   5.155000e+01 -1.181347e+01 3.000000e+02
      vertex   5.173191e+01 -1.169553e+01 3.030000e+02
      vertex   5.174369e+01 -1.168693e+01 3.000000e+02
    endloop
  endfacet
  facet normal -6.306611e-01 7.760583e-01 -2.530982e-04
    outer loop
      vertex   5.174369e+01 -1.168693e+01 3.000000e+02
      vertex   5.173191e+01 -1.169553e+01 3.030000e+02
      vertex   5.191279e+01 -1.154853e+01 3.030000e+02
    endloop
  endfacet
  facet normal -6.357237e-01 7.719166e-01 2.233220e-04
    outer loop
      vertex   5.174369e+01 -1.168693e+01 3.000000e+02
      vertex   5.191279e+01 -1.154853e+01 3.030000e+02
      vertex   5.192229e+01 -1.153984e+01 3.000000e+02
    endloop
  endfacet
  facet normal -7.127799e-01 7.013877e-01 -2.250744e-04
    outer loop
      vertex   5.192229e+01 -1.153984e+01 3.000000e+02
      vertex   5.191279e+01 -1.154853e+01 3.030000e+02
      vertex   5.207627e+01 -1.138239e+01 3.030000e+02
    endloop
  endfacet
  facet normal -7.167825e-01 6.972968e-01 1.950646e-04
    outer loop
      vertex   5.192229e+01 -1.153984e+01 3.000000e+02
      vertex   5.207627e+01 -1.138239e+01 3.030000e+02
      vertex   5.208362e+01 -1.137400e+01 3.000000e+02
    endloop
  endfacet
  facet normal -7.861179e-01 6.180766e-01 -1.965833e-04
    outer loop
      vertex   5.208362e+01 -1.137400e+01 3.000000e+02
      vertex   5.207627e+01 -1.138239e+01 3.030000e+02
      vertex   5.222034e+01 -1.119916e+01 3.030000e+02
    endloop
  endfacet
  facet normal -7.891405e-01 6.142127e-01 1.663398e-04
    outer loop
      vertex   5.208362e+01 -1.137400e+01 3.000000e+02
      vertex   5.222034e+01 -1.119916e+01 3.030000e+02
      vertex   5.222573e+01 -1.119142e+01 3.000000e+02
    endloop
  endfacet
  facet normal -8.497715e-01 5.271513e-01 -1.676249e-04
    outer loop
      vertex   5.222573e+01 -1.119142e+01 3.000000e+02
      vertex   5.222034e+01 -1.119916e+01 3.030000e+02
      vertex   5.234321e+01 -1.100110e+01 3.030000e+02
    endloop
  endfacet
  facet normal -8.519194e-01 5.236729e-01 1.371476e-04
    outer loop
      vertex   5.222573e+01 -1.119142e+01 3.000000e+02
      vertex   5.234321e+01 -1.100110e+01 3.030000e+02
      vertex   5.234690e+01 -1.099431e+01 3.000000e+02
    endloop
  endfacet
  facet normal -9.029566e-01 4.297318e-01 -1.381990e-04
    outer loop
      vertex   5.234690e+01 -1.099431e+01 3.000000e+02
      vertex   5.234321e+01 -1.100110e+01 3.030000e+02
      vertex   5.244337e+01 -1.079063e+01 3.030000e+02
    endloop
  endfacet
  facet normal -9.043572e-01 4.267764e-01 1.074882e-04
    outer loop
      vertex   5.234690e+01 -1.099431e+01 3.000000e+02
      vertex   5.244337e+01 -1.079063e+01 3.030000e+02
      vertex   5.244564e+01 -1.078507e+01 3.000000e+02
    endloop
  endfacet
  facet normal -9.450179e-01 3.270184e-01 -1.083059e-04
    outer loop
      vertex   5.244564e+01 -1.078507e+01 3.000000e+02
      vertex   5.244337e+01 -1.079063e+01 3.030000e+02
      vertex   5.251959e+01 -1.057037e+01 3.030000e+02
    endloop
  endfacet
  facet normal -9.458172e-01 3.246995e-01 7.736136e-05
    outer loop
      vertex   5.244564e+01 -1.078507e+01 3.000000e+02
      vertex   5.251959e+01 -1.057037e+01 3.030000e+02
      vertex   5.252076e+01 -1.056624e+01 3.000000e+02
    endloop
  endfacet
  facet normal -9.754375e-01 2.202765e-01 -7.794544e-05
    outer loop
      vertex   5.252076e+01 -1.056624e+01 3.000000e+02
      vertex   5.251959e+01 -1.057037e+01 3.030000e+02
      vertex   5.257093e+01 -1.034301e+01 3.030000e+02
    endloop
  endfacet
  facet normal -9.757964e-01 2.186811e-01 4.676727e-05
    outer loop
      vertex   5.252076e+01 -1.056624e+01 3.000000e+02
      vertex   5.257093e+01 -1.034301e+01 3.030000e+02
      vertex   5.257136e+01 -1.034047e+01 3.000000e+02
    endloop
  endfacet
  facet normal -9.938404e-01 1.108208e-01 -4.711771e-05
    outer loop
      vertex   5.257136e+01 -1.034047e+01 3.000000e+02
      vertex   5.257093e+01 -1.034301e+01 3.030000e+02
      vertex   5.259676e+01 -1.011136e+01 3.030000e+02
    endloop
  endfacet
  facet normal -0.000000e+00 0.000000e+00 -1.000000e+00
    outer loop
      vertex   4.841275e+01 -1.022584e+01 3.000000e+02
      vertex   4.800000e+01 -1.499564e+01 3.000000e+02
      vertex   4.840000e+01 -9.994819e+00 3.000000e+02
    endloop
  endfacet
  facet normal -0.000000e+00 0.000000e+00 -1.000000e+00
    outer loop
      vertex   4.840000e+01 -9.994819e+00 3.000000e+02
      vertex   4.800000e+01 -1.499564e+01 3.000000e+02
      vertex   4.800000e+01 -4.995645e+00 3.000000e+02
    endloop
  endfacet
  facet normal 0.000000e+00 0.000000e+00 -1.000000e+00
    outer loop
      vertex   4.840000e+01 -9.994819e+00 3.000000e+02
      vertex   4.800000e+01 -4.995645e+00 3.000000e+02
      vertex   4.841275e+01 -9.763801e+00 3.000000e+02
    endloop
  endfacet
  facet normal 0.000000e+00 0.000000e+00 -1.000000e+00
    outer loop
      vertex   4.841275e+01 -9.763801e+00 3.000000e+02
      vertex   4.800000e+01 -4.995645e+00 3.000000e+02
      vertex   4.845083e+01 -9.535588e+00 3.000000e+02
    endloop
  endfacet
  facet normal 0.000000e+00 0.000000e+00 -1.000000e+00
    outer loop
      vertex   4.845083e+01 -9.535588e+00 3.000000e+02
      vertex   4.800000e+01 -4.995645e+00 3.000000e+02
      vertex   4.851378e+01 -9.312950e+00 3.000000e+02
    endloop
  endfacet
  facet normal 0.000000e+00 0.000000e+00 -1.000000e+00
    outer loop
      vertex   4.851378e+01 -9.312950e+00 3.000000e+02
      vertex   4.800000e+01 -4.995645e+00 3.000000e+02
      vertex   4.860085e+01 -9.098588e+00 3.000000e+02
    endloop
  endfacet
  facet normal 0.000000e+00 0.000000e+00 -1.000000e+00
    outer loop
      vertex   4.860085e+01 -9.098588e+00 3.000000e+02
      vertex   4.800000e+01 -4.995645e+00 3.000000e+02
      vertex   4.871097e+01 -8.895106e+00 3.000000e+02
    endloop
  endfacet
  facet normal 0.000000e+00 0.000000e+00 -1.000000e+00
    outer loop
      vertex   4.871097e+01 -8.895106e+00 3.000000e+02
      vertex   4.800000e+01 -4.995645e+00 3.000000e+02
      vertex   4.884281e+01 -8.704972e+00 3.000000e+02
    endloop
  endfacet
  facet normal 0.000000e+00 0.000000e+00 -1.000000e+00
    outer loop
      vertex   4.884281e+01 -8.704972e+00 3.000000e+02
      vertex   4.800000e+01 -4.995645e+00 3.000000e+02
      vertex   4.899476e+01 -8.530495e+00 3.000000e+02
    endloop
  endfacet
  facet normal 0.000000e+00 0.000000e+00 -1.000000e+00
    outer loop
      vertex   4.899476e+01 -8.530495e+00 3.000000e+02
      vertex   4.800000e+01 -4.995645e+00 3.000000e+02
      vertex   4.916498e+01 -8.373794e+00 3.000000e+02
    endloop
  endfacet
  facet normal 0.000000e+00 0.000000e+00 -1.000000e+00
    outer loop
      vertex   4.916498e+01 -8.373794e+00 3.000000e+02
      vertex   4.800000e+01 -4.995645e+00 3.000000e+02
      vertex   4.935141e+01 -8.236769e+00 3.000000e+02
    endloop
  endfacet
  facet normal 0.000000e+00 0.000000e+00 -1.000000e+00
    outer loop
      vertex   4.935141e+01 -8.236769e+00 3.000000e+02
      vertex   4.800000e+01 -4.995645e+00 3.000000e+02
      vertex   4.955178e+01 -8.121085e+00 3.000000e+02
    endloop
  endfacet
  facet normal 0.000000e+00 0.000000e+00 -1.000000e+00
    outer loop
      vertex   4.955178e+01 -8.121085e+00 3.000000e+02
      vertex   4.800000e+01 -4.995645e+00 3.000000e+02
      vertex   4.976366e+01 -8.028145e+00 3.000000e+02
    endloop
  endfacet
  facet normal 0.000000e+00 0.000000e+00 -1.000000e+00
    outer loop
      vertex   4.976366e+01 -8.028145e+00 3.000000e+02
      vertex   4.800000e+01 -4.995645e+00 3.000000e+02
      vertex   4.998448e+01 -7.959078e+00 3.000000e+02
    endloop
  endfacet
  facet normal 0.000000e+00 0.000000e+00 -1.000000e+00
    outer loop
      vertex   4.998448e+01 -7.959078e+00 3.000000e+02
      vertex   4.800000e+01 -4.995645e+00 3.000000e+02
      vertex   5.021156e+01 -7.914722e+00 3.000000e+02
    endloop
  endfacet
  facet normal 0.000000e+00 0.000000e+00 -1.000000e+00
    outer loop
      vertex   5.021156e+01 -7.914722e+00 3.000000e+02
      vertex   4.800000e+01 -4.995645e+00 3.000000e+02
      vertex   5.044214e+01 -7.895616e+00 3.000000e+02
    endloop
  endfacet
  facet normal 0.000000e+00 0.000000e+00 -1.000000e+00
    outer loop
      vertex   5.044214e+01 -7.895616e+00 3.000000e+02
      vertex   4.800000e+01 -4.995645e+00 3.000000e+02
      vertex   5.067342e+01 -7.901991e+00 3.000000e+02
    endloop
  endfacet
  facet normal 0.000000e+00 0.000000e+00 -1.000000e+00
    outer loop
      vertex   5.067342e+01 -7.901991e+00 3.000000e+02
      vertex   4.800000e+01 -4.995645e+00 3.000000e+02
      vertex   5.090259e+01 -7.933771e+00 3.000000e+02
    endloop
  endfacet
  facet normal 0.000000e+00 0.000000e+00 -1.000000e+00
    outer loop
      vertex   5.090259e+01 -7.933771e+00 3.000000e+02
      vertex   4.800000e+01 -4.995645e+00 3.000000e+02
      vertex   5.112688e+01 -7.990568e+00 3.000000e+02
    endloop
  endfacet
  facet normal 0.000000e+00 0.000000e+00 -1.000000e+00
    outer loop
      vertex   5.112688e+01 -7.990568e+00 3.000000e+02
      vertex   4.800000e+01 -4.995645e+00 3.000000e+02
      vertex   5.134356e+01 -8.071695e+00 3.000000e+02
    endloop
  endfacet
  facet normal 0.000000e+00 0.000000e+00 -1.000000e+00
    outer loop
      vertex   5.134356e+01 -8.071695e+00 3.000000e+02
      vertex   4.800000e+01 -4.995645e+00 3.000000e+02
      vertex   6.176366e+01 -8.028145e+00 3.000000e+02
    endloop
  endfacet
  facet normal 0.000000e+00 0.000000e+00 -1.000000e+00
    outer loop
      vertex   5.134356e+01 -8.071695e+00 3.000000e+02
      vertex   6.176366e+01 -8.028145e+00 3.000000e+02
      vertex   6.155178e+01 -8.121085e+00 3.000000e+02
    endloop
  endfacet
  facet normal 0.000000e+00 -0.000000e+00 -1.000000e+00
    outer loop
      vertex   4.841275e+01 -1.022584e+01 3.000000e+02
      vertex   4.845083e+01 -1.045405e+01 3.000000e+02
      vertex   4.800000e+01 -1.499564e+01 3.000000e+02
    endloop
  endfacet
  facet normal 0.000000e+00 0.000000e+00 -1.000000e+00
    outer loop
      vertex   4.800000e+01 -1.499564e+01 3.000000e+02
      vertex   4.845083e+01 -1.045405e+01 3.000000e+02
      vertex   4.851378e+01 -1.067669e+01 3.000000e+02
    endloop
  endfacet
  facet normal 0.000000e+00 0.000000e+00 -1.000000e+00
    outer loop
      vertex   4.800000e+01 -1.499564e+01 3.000000e+02
      vertex   4.851378e+01 -1.067669e+01 3.000000e+02
      vertex   4.860085e+01 -1.089105e+01 3.000000e+02
    endloop
  endfacet
  facet normal 0.000000e+00 -0.000000e+00 -1.000000e+00
    outer loop
      vertex   4.860085e+01 -1.089105e+01 3.000000e+02
      vertex   4.871097e+01 -1.109453e+01 3.000000e+02
      vertex   4.800000e+01 -1.499564e+01 3.000000e+02
    endloop
  endfacet
  facet normal 0.000000e+00 0.000000e+00 -1.000000e+00
    outer loop
      vertex   4.800000e+01 -1.499564e+01 3.000000e+02
      vertex   4.871097e+01 -1.109453e+01 3.000000e+02
      vertex   4.884281e+01 -1.128467e+01 3.000000e+02
    endloop
  endfacet
  facet normal 0.000000e+00 0.000000e+00 -1.000000e+00
    outer loop
      vertex   4.800000e+01 -1.499564e+01 3.000000e+02
      vertex   4.884281e+01 -1.128467e+01 3.000000e+02
      vertex   4.899476e+01 -1.145914e+01 3.000000e+02
    endloop
  endfacet
  facet normal 0.000000e+00 -0.000000e+00 -1.000000e+00
    outer loop
      vertex   4.899476e+01 -1.145914e+01 3.000000e+02
      vertex   4.916498e+01 -1.161584e+01 3.000000e+02
      vertex   4.800000e+01 -1.499564e+01 3.000000e+02
    endloop
  endfacet
  facet normal 0.000000e+00 0.000000e+00 -1.000000e+00
    outer loop
      vertex   4.800000e+01 -1.499564e+01 3.000000e+02
      vertex   4.916498e+01 -1.161584e+01 3.000000e+02
      vertex   4.935141e+01 -1.175287e+01 3.000000e+02
    endloop
  endfacet
  facet normal 0.000000e+00 0.000000e+00 -1.000000e+00
    outer loop
      vertex   4.800000e+01 -1.499564e+01 3.000000e+02
      vertex   4.935141e+01 -1.175287e+01 3.000000e+02
      vertex   4.955178e+01 -1.186855e+01 3.000000e+02
    endloop
  endfacet
  facet normal 0.000000e+00 -0.000000e+00 -1.000000e+00
    outer loop
      vertex   4.955178e+01 -1.186855e+01 3.000000e+02
      vertex   4.976366e+01 -1.196149e+01 3.000000e+02
      vertex   4.800000e+01 -1.499564e+01 3.000000e+02
    endloop
  endfacet
  facet normal 0.000000e+00 0.000000e+00 -1.000000e+00
    outer loop
      vertex   4.800000e+01 -1.499564e+01 3.000000e+02
      vertex   4.976366e+01 -1.196149e+01 3.000000e+02
      vertex   4.998448e+01 -1.203056e+01 3.000000e+02
    endloop
  endfacet
  facet normal 0.000000e+00 0.000000e+00 -1.000000e+00
    outer loop
      vertex   4.800000e+01 -1.499564e+01 3.000000e+02
      vertex   4.998448e+01 -1.203056e+01 3.000000e+02
      vertex   5.021156e+01 -1.207492e+01 3.000000e+02
    endloop
  endfacet
  facet normal 0.000000e+00 -0.000000e+00 -1.000000e+00
    outer loop
      vertex   5.021156e+01 -1.207492e+01 3.000000e+02
      vertex   5.044214e+01 -1.209402e+01 3.000000e+02
      vertex   4.800000e+01 -1.499564e+01 3.000000e+02
    endloop
  endfacet
  facet normal 0.000000e+00 0.000000e+00 -1.000000e+00
    outer loop
      vertex   4.800000e+01 -1.499564e+01 3.000000e+02
      vertex   5.044214e+01 -1.209402e+01 3.000000e+02
      vertex   5.067342e+01 -1.208765e+01 3.000000e+02
    endloop
  endfacet
  facet normal 0.000000e+00 0.000000e+00 -1.000000e+00
    outer loop
      vertex   4.800000e+01 -1.499564e+01 3.000000e+02
      vertex   5.067342e+01 -1.208765e+01 3.000000e+02
      vertex   5.090259e+01 -1.205587e+01 3.000000e+02
    endloop
  endfacet
  facet normal 0.000000e+00 -0.000000e+00 -1.000000e+00
    outer loop
      vertex   5.090259e+01 -1.205587e+01 3.000000e+02
      vertex   5.112688e+01 -1.199907e+01 3.000000e+02
      vertex   4.800000e+01 -1.499564e+01 3.000000e+02
    endloop
  endfacet
  facet normal 0.000000e+00 0.000000e+00 -1.000000e+00
    outer loop
      vertex   4.800000e+01 -1.499564e+01 3.000000e+02
      vertex   5.112688e+01 -1.199907e+01 3.000000e+02
      vertex   5.134356e+01 -1.191794e+01 3.000000e+02
    endloop
  endfacet
  facet normal 0.000000e+00 0.000000e+00 -1.000000e+00
    outer loop
      vertex   4.800000e+01 -1.499564e+01 3.000000e+02
      vertex   5.134356e+01 -1.191794e+01 3.000000e+02
      vertex   6.176366e+01 -1.196149e+01 3.000000e+02
    endloop
  endfacet
  facet normal 0.000000e+00 0.000000e+00 -1.000000e+00
    outer loop
      vertex   6.176366e+01 -1.196149e+01 3.000000e+02
      vertex   5.134356e+01 -1.191794e+01 3.000000e+02
      vertex   6.155178e+01 -1.186855e+01 3.000000e+02
    endloop
  endfacet
  facet normal -0.000000e+00 0.000000e+00 -1.000000e+00
    outer loop
      vertex   6.155178e+01 -1.186855e+01 3.000000e+02
      vertex   5.134356e+01 -1.191794e+01 3.000000e+02
      vertex   5.155000e+01 -1.181347e+01 3.000000e+02
    endloop
  endfacet
  facet normal 0.000000e+00 0.000000e+00 -1.000000e+00
    outer loop
      vertex   6.155178e+01 -1.186855e+01 3.000000e+02
      vertex   5.155000e+01 -1.181347e+01 3.000000e+02
      vertex   6.135141e+01 -1.175287e+01 3.000000e+02
    endloop
  endfacet
  facet normal -0.000000e+00 0.000000e+00 -1.000000e+00
    outer loop
      vertex   6.135141e+01 -1.175287e+01 3.000000e+02
      vertex   5.155000e+01 -1.181347e+01 3.000000e+02
      vertex   5.174369e+01 -1.168693e+01 3.000000e+02
    endloop
  endfacet
  facet normal 0.000000e+00 0.000000e+00 -1.000000e+00
    outer loop
      vertex   6.135141e+01 -1.175287e+01 3.000000e+02
      vertex   5.174369e+01 -1.168693e+01 3.000000e+02
      vertex   6.116498e+01 -1.161584e+01 3.000000e+02
    endloop
  endfacet
  facet normal -0.000000e+00 0.000000e+00 -1.000000e+00
    outer loop
      vertex   6.116498e+01 -1.161584e+01 3.000000e+02
      vertex   5.174369e+01 -1.168693e+01 3.000000e+02
      vertex   5.192229e+01 -1.153984e+01 3.000000e+02
    endloop
  endfacet
  facet normal 0.000000e+00 0.000000e+00 -1.000000e+00
    outer loop
      vertex   6.116498e+01 -1.161584e+01 3.000000e+02
      vertex   5.192229e+01 -1.153984e+01 3.000000e+02
      vertex   6.099476e+01 -1.145914e+01 3.000000e+02
    endloop
  endfacet
  facet normal -0.000000e+00 0.000000e+00 -1.000000e+00
    outer loop
      vertex   6.099476e+01 -1.145914e+01 3.000000e+02
      vertex   5.192229e+01 -1.153984e+01 3.000000e+02
      vertex   5.208362e+01 -1.137400e+01 3.000000e+02
    endloop
  endfacet
  facet normal 0.000000e+00 0.000000e+00 -1.000000e+00
    outer loop
      vertex   6.099476e+01 -1.145914e+01 3.000000e+02
      vertex   5.208362e+01 -1.137400e+01 3.000000e+02
      vertex   6.084281e+01 -1.128467e+01 3.000000e+02
    endloop
  endfacet
  facet normal -0.000000e+00 0.000000e+00 -1.000000e+00
    outer loop
      vertex   6.084281e+01 -1.128467e+01 3.000000e+02
      vertex   5.208362e+01 -1.137400e+01 3.000000e+02
      vertex   5.222573e+01 -1.119142e+01 3.000000e+02
    endloop
  endfacet
  facet normal 0.000000e+00 0.000000e+00 -1.000000e+00
    outer loop
      vertex   6.084281e+01 -1.128467e+01 3.000000e+02
      vertex   5.222573e+01 -1.119142e+01 3.000000e+02
      vertex   6.071097e+01 -1.109453e+01 3.000000e+02
    endloop
  endfacet
  facet normal -0.000000e+00 0.000000e+00 -1.000000e+00
    outer loop
      vertex   6.071097e+01 -1.109453e+01 3.000000e+02
      vertex   5.222573e+01 -1.119142e+01 3.000000e+02
      vertex   5.234690e+01 -1.099431e+01 3.000000e+02
    endloop
  endfacet
  facet normal 0.000000e+00 0.000000e+00 -1.000000e+00
    outer loop
      vertex   6.071097e+01 -1.109453e+01 3.000000e+02
      vertex   5.234690e+01 -1.099431e+01 3.000000e+02
      vertex   6.060085e+01 -1.089105e+01 3.000000e+02
    endloop
  endfacet
  facet normal -0.000000e+00 0.000000e+00 -1.000000e+00
    outer loop
      vertex   6.060085e+01 -1.089105e+01 3.000000e+02
      vertex   5.234690e+01 -1.099431e+01 3.000000e+02
      vertex   5.244564e+01 -1.078507e+01 3.000000e+02
    endloop
  endfacet
  facet normal 0.000000e+00 0.000000e+00 -1.000000e+00
    outer loop
      vertex   6.060085e+01 -1.089105e+01 3.000000e+02
      vertex   5.244564e+01 -1.078507e+01 3.000000e+02
      vertex   6.051378e+01 -1.067669e+01 3.000000e+02
    endloop
  endfacet
  facet normal -0.000000e+00 0.000000e+00 -1.000000e+00
    outer loop
      vertex   6.051378e+01 -1.067669e+01 3.000000e+02
      vertex   5.244564e+01 -1.078507e+01 3.000000e+02
      vertex   5.252076e+01 -1.056624e+01 3.000000e+02
    endloop
  endfacet
  facet normal 0.000000e+00 0.000000e+00 -1.000000e+00
    outer loop
      vertex   6.051378e+01 -1.067669e+01 3.000000e+02
      vertex   5.252076e+01 -1.056624e+01 3.000000e+02
      vertex   6.045083e+01 -1.045405e+01 3.000000e+02
    endloop
  endfacet
  facet normal -0.000000e+00 0.000000e+00 -1.000000e+00
    outer loop
      vertex   6.045083e+01 -1.045405e+01 3.000000e+02
      vertex   5.252076e+01 -1.056624e+01 3.000000e+02
      vertex   5.257136e+01 -1.034047e+01 3.000000e+02
    endloop
  endfacet
  facet normal 0.000000e+00 0.000000e+00 -1.000000e+00
    outer loop
      vertex   6.045083e+01 -1.045405e+01 3.000000e+02
      vertex   5.257136e+01 -1.034047e+01 3.000000e+02
      vertex   6.041275e+01 -1.022584e+01 3.000000e+02
    endloop
  endfacet
  facet normal -0.000000e+00 0.000000e+00 -1.000000e+00
    outer loop
      vertex   6.041275e+01 -1.022584e+01 3.000000e+02
      vertex   5.257136e+01 -1.034047e+01 3.000000e+02
      vertex   5.259681e+01 -1.011050e+01 3.000000e+02
    endloop
  endfacet
  facet normal 0.000000e+00 0.000000e+00 -1.000000e+00
    outer loop
      vertex   6.041275e+01 -1.022584e+01 3.000000e+02
      vertex   5.259681e+01 -1.011050e+01 3.000000e+02
      vertex   6.040000e+01 -9.994819e+00 3.000000e+02
    endloop
  endfacet
  facet normal -0.000000e+00 0.000000e+00 -1.000000e+00
    outer loop
      vertex   6.040000e+01 -9.994819e+00 3.000000e+02
      vertex   5.259681e+01 -1.011050e+01 3.000000e+02
      vertex   5.259681e+01 -9.879134e+00 3.000000e+02
    endloop
  endfacet
  facet normal 0.000000e+00 0.000000e+00 -1.000000e+00
    outer loop
      vertex   6.040000e+01 -9.994819e+00 3.000000e+02
      vertex   5.259681e+01 -9.879134e+00 3.000000e+02
      vertex   6.041275e+01 -9.763801e+00 3.000000e+02
    endloop
  endfacet
  facet normal -0.000000e+00 0.000000e+00 -1.000000e+00
    outer loop
      vertex   6.041275e+01 -9.763801e+00 3.000000e+02
      vertex   5.259681e+01 -9.879134e+00 3.000000e+02
      vertex   5.257136e+01 -9.649170e+00 3.000000e+02
    endloop
  endfacet
  facet normal 0.000000e+00 0.000000e+00 -1.000000e+00
    outer loop
      vertex   6.041275e+01 -9.763801e+00 3.000000e+02
      vertex   5.257136e+01 -9.649170e+00 3.000000e+02
      vertex   6.045083e+01 -9.535588e+00 3.000000e+02
    endloop
  endfacet
  facet normal -0.000000e+00 0.000000e+00 -1.000000e+00
    outer loop
      vertex   6.045083e+01 -9.535588e+00 3.000000e+02
      vertex   5.257136e+01 -9.649170e+00 3.000000e+02
      vertex   5.252076e+01 -9.423401e+00 3.000000e+02
    endloop
  endfacet
  facet normal 0.000000e+00 0.000000e+00 -1.000000e+00
    outer loop
      vertex   6.045083e+01 -9.535588e+00 3.000000e+02
      vertex   5.252076e+01 -9.423401e+00 3.000000e+02
      vertex   6.051378e+01 -9.312950e+00 3.000000e+02
    endloop
  endfacet
  facet normal -0.000000e+00 0.000000e+00 -1.000000e+00
    outer loop
      vertex   6.051378e+01 -9.312950e+00 3.000000e+02
      vertex   5.252076e+01 -9.423401e+00 3.000000e+02
      vertex   5.244564e+01 -9.204569e+00 3.000000e+02
    endloop
  endfacet
  facet normal 0.000000e+00 0.000000e+00 -1.000000e+00
    outer loop
      vertex   6.051378e+01 -9.312950e+00 3.000000e+02
      vertex   5.244564e+01 -9.204569e+00 3.000000e+02
      vertex   6.060085e+01 -9.098588e+00 3.000000e+02
    endloop
  endfacet
  facet normal -0.000000e+00 0.000000e+00 -1.000000e+00
    outer loop
      vertex   6.060085e+01 -9.098588e+00 3.000000e+02
      vertex   5.244564e+01 -9.204569e+00 3.000000e+02
      vertex   5.234690e+01 -8.995329e+00 3.000000e+02
    endloop
  endfacet
  facet normal 0.000000e+00 0.000000e+00 -1.000000e+00
    outer loop
      vertex   6.060085e+01 -9.098588e+00 3.000000e+02
      vertex   5.234690e+01 -8.995329e+00 3.000000e+02
      vertex   6.071097e+01 -8.895106e+00 3.000000e+02
    endloop
  endfacet
  facet normal -0.000000e+00 0.000000e+00 -1.000000e+00
    outer loop
      vertex   6.071097e+01 -8.895106e+00 3.000000e+02
      vertex   5.234690e+01 -8.995329e+00 3.000000e+02
      vertex   5.222573e+01 -8.798222e+00 3.000000e+02
    endloop
  endfacet
  facet normal 0.000000e+00 0.000000e+00 -1.000000e+00
    outer loop
      vertex   6.071097e+01 -8.895106e+00 3.000000e+02
      vertex   5.222573e+01 -8.798222e+00 3.000000e+02
      vertex   6.084281e+01 -8.704972e+00 3.000000e+02
    endloop
  endfacet
  facet normal -0.000000e+00 0.000000e+00 -1.000000e+00
    outer loop
      vertex   6.084281e+01 -8.704972e+00 3.000000e+02
      vertex   5.222573e+01 -8.798222e+00 3.000000e+02
      vertex   5.208362e+01 -8.615639e+00 3.000000e+02
    endloop
  endfacet
  facet normal 0.000000e+00 0.000000e+00 -1.000000e+00
    outer loop
      vertex   6.084281e+01 -8.704972e+00 3.000000e+02
      vertex   5.208362e+01 -8.615639e+00 3.000000e+02
      vertex   6.099476e+01 -8.530495e+00 3.000000e+02
    endloop
  endfacet
  facet normal -0.000000e+00 0.000000e+00 -1.000000e+00
    outer loop
      vertex   6.099476e+01 -8.530495e+00 3.000000e+02
      vertex   5.208362e+01 -8.615639e+00 3.000000e+02
      vertex   5.192229e+01 -8.449798e+00 3.000000e+02
    endloop
  endfacet
  facet normal 0.000000e+00 0.000000e+00 -1.000000e+00
    outer loop
      vertex   6.099476e+01 -8.530495e+00 3.000000e+02
      vertex   5.192229e+01 -8.449798e+00 3.000000e+02
      vertex   6.116498e+01 -8.373794e+00 3.000000e+02
    endloop
  endfacet
  facet normal -0.000000e+00 0.000000e+00 -1.000000e+00
    outer loop
      vertex   6.116498e+01 -8.373794e+00 3.000000e+02
      vertex   5.192229e+01 -8.449798e+00 3.000000e+02
      vertex   5.174369e+01 -8.302712e+00 3.000000e+02
    endloop
  endfacet
  facet normal 0.000000e+00 0.000000e+00 -1.000000e+00
    outer loop
      vertex   6.116498e+01 -8.373794e+00 3.000000e+02
      vertex   5.174369e+01 -8.302712e+00 3.000000e+02
      vertex   6.135141e+01 -8.236769e+00 3.000000e+02
    endloop
  endfacet
  facet normal -0.000000e+00 0.000000e+00 -1.000000e+00
    outer loop
      vertex   6.135141e+01 -8.236769e+00 3.000000e+02
      vertex   5.174369e+01 -8.302712e+00 3.000000e+02
      vertex   5.155000e+01 -8.176165e+00 3.000000e+02
    endloop
  endfacet
  facet normal 0.000000e+00 0.000000e+00 -1.000000e+00
    outer loop
      vertex   6.135141e+01 -8.236769e+00 3.000000e+02
      vertex   5.155000e+01 -8.176165e+00 3.000000e+02
      vertex   6.155178e+01 -8.121085e+00 3.000000e+02
    endloop
  endfacet
  facet normal -0.000000e+00 0.000000e+00 -1.000000e+00
    outer loop
      vertex   6.155178e+01 -8.121085e+00 3.000000e+02
      vertex   5.155000e+01 -8.176165e+00 3.000000e+02
      vertex   5.134356e+01 -8.071695e+00 3.000000e+02
    endloop
  endfacet
  facet normal 0.000000e+00 0.000000e+00 -1.000000e+00
    outer loop
      vertex   4.800000e+01 -1.499564e+01 3.000000e+02
      vertex   6.176366e+01 -1.196149e+01 3.000000e+02
      vertex   6.500000e+01 -1.499564e+01 3.000000e+02
    endloop
  endfacet
  facet normal 0.000000e+00 0.000000e+00 -1.000000e+00
    outer loop
      vertex   6.500000e+01 -1.499564e+01 3.000000e+02
      vertex   6.176366e+01 -1.196149e+01 3.000000e+02
      vertex   6.198448e+01 -1.203056e+01 3.000000e+02
    endloop
  endfacet
  facet normal 0.000000e+00 0.000000e+00 -1.000000e+00
    outer loop
      vertex   6.500000e+01 -1.499564e+01 3.000000e+02
      vertex   6.198448e+01 -1.203056e+01 3.000000e+02
      vertex   6.221156e+01 -1.207492e+01 3.000000e+02
    endloop
  endfacet
  facet normal 0.000000e+00 0.000000e+00 -1.000000e+00
    outer loop
      vertex   6.221156e+01 -1.207492e+01 3.000000e+02
      vertex   6.244214e+01 -1.209402e+01 3.000000e+02
      vertex   6.500000e+01 -1.499564e+01 3.000000e+02
    endloop
  endfacet
  facet normal 0.000000e+00 0.000000e+00 -1.000000e+00
    outer loop
      vertex   6.500000e+01 -1.499564e+01 3.000000e+02
      vertex   6.244214e+01 -1.209402e+01 3.000000e+02
      vertex   6.267342e+01 -1.208765e+01 3.000000e+02
    endloop
  endfacet
  facet normal 0.000000e+00 0.000000e+00 -1.000000e+00
    outer loop
      vertex   6.500000e+01 -1.499564e+01 3.000000e+02
      vertex   6.267342e+01 -1.208765e+01 3.000000e+02
      vertex   6.290259e+01 -1.205587e+01 3.000000e+02
    endloop
  endfacet
  facet normal 0.000000e+00 0.000000e+00 -1.000000e+00
    outer loop
      vertex   6.290259e+01 -1.205587e+01 3.000000e+02
      vertex   6.312688e+01 -1.199907e+01 3.000000e+02
      vertex   6.500000e+01 -1.499564e+01 3.000000e+02
    endloop
  endfacet
  facet normal 0.000000e+00 0.000000e+00 -1.000000e+00
    outer loop
      vertex   6.500000e+01 -1.499564e+01 3.000000e+02
      vertex   6.312688e+01 -1.199907e+01 3.000000e+02
      vertex   6.334356e+01 -1.191794e+01 3.000000e+02
    endloop
  endfacet
  facet normal 0.000000e+00 0.000000e+00 -1.000000e+00
    outer loop
      vertex   6.500000e+01 -1.499564e+01 3.000000e+02
      vertex   6.334356e+01 -1.191794e+01 3.000000e+02
      vertex   6.355000e+01 -1.181347e+01 3.000000e+02
    endloop
  endfacet
  facet normal 0.000000e+00 0.000000e+00 -1.000000e+00
    outer loop
      vertex   6.355000e+01 -1.181347e+01 3.000000e+02
      vertex   6.374369e+01 -1.168693e+01 3.000000e+02
      vertex   6.500000e+01 -1.499564e+01 3.000000e+02
    endloop
  endfacet
  facet normal 0.000000e+00 0.000000e+00 -1.000000e+00
    outer loop
      vertex   6.500000e+01 -1.499564e+01 3.000000e+02
      vertex   6.374369e+01 -1.168693e+01 3.000000e+02
      vertex   6.392229e+01 -1.153984e+01 3.000000e+02
    endloop
  endfacet
  facet normal 0.000000e+00 0.000000e+00 -1.000000e+00
    outer loop
      vertex   6.500000e+01 -1.499564e+01 3.000000e+02
      vertex   6.392229e+01 -1.153984e+01 3.000000e+02
      vertex   6.408362e+01 -1.137400e+01 3.000000e+02
    endloop
  endfacet
  facet normal 0.000000e+00 0.000000e+00 -1.000000e+00
    outer loop
      vertex   6.408362e+01 -1.137400e+01 3.000000e+02
      vertex   6.422573e+01 -1.119142e+01 3.000000e+02
      vertex   6.500000e+01 -1.499564e+01 3.000000e+02
    endloop
  endfacet
  facet normal 0.000000e+00 0.000000e+00 -1.000000e+00
    outer loop
      vertex   6.500000e+01 -1.499564e+01 3.000000e+02
      vertex   6.422573e+01 -1.119142e+01 3.000000e+02
      vertex   6.434690e+01 -1.099431e+01 3.000000e+02
    endloop
  endfacet
  facet normal 0.000000e+00 0.000000e+00 -1.000000e+00
    outer loop
      vertex   6.500000e+01 -1.499564e+01 3.000000e+02
      vertex   6.434690e+01 -1.099431e+01 3.000000e+02
      vertex   6.444564e+01 -1.078507e+01 3.000000e+02
    endloop
  endfacet
  facet normal 0.000000e+00 0.000000e+00 -1.000000e+00
    outer loop
      vertex   6.444564e+01 -1.078507e+01 3.000000e+02
      vertex   6.452076e+01 -1.056624e+01 3.000000e+02
      vertex   6.500000e+01 -1.499564e+01 3.000000e+02
    endloop
  endfacet
  facet normal 0.000000e+00 0.000000e+00 -1.000000e+00
    outer loop
      vertex   6.500000e+01 -1.499564e+01 3.000000e+02
      vertex   6.452076e+01 -1.056624e+01 3.000000e+02
      vertex   6.457136e+01 -1.034047e+01 3.000000e+02
    endloop
  endfacet
  facet normal 0.000000e+00 0.000000e+00 -1.000000e+00
    outer loop
      vertex   6.500000e+01 -1.499564e+01 3.000000e+02
      vertex   6.457136e+01 -1.034047e+01 3.000000e+02
      vertex   6.459681e+01 -1.011050e+01 3.000000e+02
    endloop
  endfacet
  facet normal 0.000000e+00 0.000000e+00 -1.000000e+00
    outer loop
      vertex   6.500000e+01 -1.499564e+01 3.000000e+02
      vertex   6.459681e+01 -1.011050e+01 3.000000e+02
      vertex   6.500000e+01 -4.995645e+00 3.000000e+02
    endloop
  endfacet
  facet normal 0.000000e+00 0.000000e+00 -1.000000e+00
    outer loop
      vertex   6.500000e+01 -4.995645e+00 3.000000e+02
      vertex   6.459681e+01 -1.011050e+01 3.000000e+02
      vertex   6.459681e+01 -9.879134e+00 3.000000e+02
    endloop
  endfacet
  facet normal 0.000000e+00 0.000000e+00 -1.000000e+00
    outer loop
      vertex   6.500000e+01 -4.995645e+00 3.000000e+02
      vertex   6.459681e+01 -9.879134e+00 3.000000e+02
      vertex   6.457136e+01 -9.649170e+00 3.000000e+02
    endloop
  endfacet
  facet normal 0.000000e+00 0.000000e+00 -1.000000e+00
    outer loop
      vertex   6.457136e+01 -9.649170e+00 3.000000e+02
      vertex   6.452076e+01 -9.423401e+00 3.000000e+02
      vertex   6.500000e+01 -4.995645e+00 3.000000e+02
    endloop
  endfacet
  facet normal 0.000000e+00 0.000000e+00 -1.000000e+00
    outer loop
      vertex   6.500000e+01 -4.995645e+00 3.000000e+02
      vertex   6.452076e+01 -9.423401e+00 3.000000e+02
      vertex   6.444564e+01 -9.204569e+00 3.000000e+02
    endloop
  endfacet
  facet normal 0.000000e+00 0.000000e+00 -1.000000e+00
    outer loop
      vertex   6.500000e+01 -4.995645e+00 3.000000e+02
      vertex   6.444564e+01 -9.204569e+00 3.000000e+02
      vertex   6.434690e+01 -8.995329e+00 3.000000e+02
    endloop
  endfacet
  facet normal 0.000000e+00 0.000000e+00 -1.000000e+00
    outer loop
      vertex   6.434690e+01 -8.995329e+00 3.000000e+02
      vertex   6.422573e+01 -8.798222e+00 3.000000e+02
      vertex   6.500000e+01 -4.995645e+00 3.000000e+02
    endloop
  endfacet
  facet normal 0.000000e+00 0.000000e+00 -1.000000e+00
    outer loop
      vertex   6.500000e+01 -4.995645e+00 3.000000e+02
      vertex   6.422573e+01 -8.798222e+00 3.000000e+02
      vertex   6.408362e+01 -8.615639e+00 3.000000e+02
    endloop
  endfacet
  facet normal 0.000000e+00 0.000000e+00 -1.000000e+00
    outer loop
      vertex   6.500000e+01 -4.995645e+00 3.000000e+02
      vertex   6.408362e+01 -8.615639e+00 3.000000e+02
      vertex   6.392229e+01 -8.449798e+00 3.000000e+02
    endloop
  endfacet
  facet normal 0.000000e+00 0.000000e+00 -1.000000e+00
    outer loop
      vertex   6.392229e+01 -8.449798e+00 3.000000e+02
      vertex   6.374369e+01 -8.302712e+00 3.000000e+02
      vertex   6.500000e+01 -4.995645e+00 3.000000e+02
    endloop
  endfacet
  facet normal 0.000000e+00 0.000000e+00 -1.000000e+00
    outer loop
      vertex   6.500000e+01 -4.995645e+00 3.000000e+02
      vertex   6.374369e+01 -8.302712e+00 3.000000e+02
      vertex   6.355000e+01 -8.176165e+00 3.000000e+02
    endloop
  endfacet
  facet normal 0.000000e+00 0.000000e+00 -1.000000e+00
    outer loop
      vertex   6.500000e+01 -4.995645e+00 3.000000e+02
      vertex   6.355000e+01 -8.176165e+00 3.000000e+02
      vertex   6.334356e+01 -8.071695e+00 3.000000e+02
    endloop
  endfacet
  facet normal 0.000000e+00 0.000000e+00 -1.000000e+00
    outer loop
      vertex   6.334356e+01 -8.071695e+00 3.000000e+02
      vertex   6.312688e+01 -7.990568e+00 3.000000e+02
      vertex   6.500000e+01 -4.995645e+00 3.000000e+02
    endloop
  endfacet
  facet normal 0.000000e+00 0.000000e+00 -1.000000e+00
    outer loop
      vertex   6.500000e+01 -4.995645e+00 3.000000e+02
      vertex   6.312688e+01 -7.990568e+00 3.000000e+02
      vertex   6.290259e+01 -7.933771e+00 3.000000e+02
    endloop
  endfacet
  facet normal 0.000000e+00 0.000000e+00 -1.000000e+00
    outer loop
      vertex   6.500000e+01 -4.995645e+00 3.000000e+02
      vertex   6.290259e+01 -7.933771e+00 3.000000e+02
      vertex   6.267342e+01 -7.901991e+00 3.000000e+02
    endloop
  endfacet
  facet normal 0.000000e+00 0.000000e+00 -1.000000e+00
    outer loop
      vertex   6.267342e+01 -7.901991e+00 3.000000e+02
      vertex   6.244214e+01 -7.895616e+00 3.000000e+02
      vertex   6.500000e+01 -4.995645e+00 3.000000e+02
    endloop
  endfacet
  facet normal 0.000000e+00 0.000000e+00 -1.000000e+00
    outer loop
      vertex   6.500000e+01 -4.995645e+00 3.000000e+02
      vertex   6.244214e+01 -7.895616e+00 3.000000e+02
      vertex   6.221156e+01 -7.914722e+00 3.000000e+02
    endloop
  endfacet
  facet normal 0.000000e+00 0.000000e+00 -1.000000e+00
    outer loop
      vertex   6.500000e+01 -4.995645e+00 3.000000e+02
      vertex   6.221156e+01 -7.914722e+00 3.000000e+02
      vertex   6.198448e+01 -7.959078e+00 3.000000e+02
    endloop
  endfacet
  facet normal -0.000000e+00 0.000000e+00 -1.000000e+00
    outer loop
      vertex   6.198448e+01 -7.959078e+00 3.000000e+02
      vertex   6.176366e+01 -8.028145e+00 3.000000e+02
      vertex   6.500000e+01 -4.995645e+00 3.000000e+02
    endloop
  endfacet
  facet normal -0.000000e+00 0.000000e+00 -1.000000e+00
    outer loop
      vertex   6.500000e+01 -4.995645e+00 3.000000e+02
      vertex   6.176366e+01 -8.028145e+00 3.000000e+02
      vertex   4.800000e+01 -4.995645e+00 3.000000e+02
    endloop
  endfacet
  facet normal 0.000000e+00 0.000000e+00 -1.000000e+00
    outer loop
      vertex   5.490547e+01 -1.299564e+01 3.050000e+02
      vertex   5.809453e+01 -1.299564e+01 3.050000e+02
      vertex   5.490547e+01 -1.499564e+01 3.050000e+02
    endloop
  endfacet
  facet normal 0.000000e+00 0.000000e+00 -1.000000e+00
    outer loop
      vertex   5.490547e+01 -1.499564e+01 3.050000e+02
      vertex   5.809453e+01 -1.299564e+01 3.050000e+02
      vertex   5.809453e+01 -1.499564e+01 3.050000e+02
    endloop
  endfacet
endsolid
