solid ASCII
  facet normal 9.801714e-02 -9.951847e-01 0.000000e+00
    outer loop
      vertex   3.690000e+02 3.260000e+02 1.834979e+02
      vertex   3.690000e+02 3.260000e+02 1.690000e+02
      vertex   3.690975e+02 3.260096e+02 1.835954e+02
    endloop
  endfacet
  facet normal 1.636242e-01 -9.865226e-01 -4.441711e-04
    outer loop
      vertex   3.690975e+02 3.260096e+02 1.835954e+02
      vertex   3.690000e+02 3.260000e+02 1.690000e+02
      vertex   3.691294e+02 3.260170e+02 1.788319e+02
    endloop
  endfacet
  facet normal 2.270763e-01 -9.738770e-01 0.000000e+00
    outer loop
      vertex   3.690975e+02 3.260096e+02 1.835954e+02
      vertex   3.691294e+02 3.260170e+02 1.788319e+02
      vertex   3.691294e+02 3.260170e+02 1.814149e+02
    endloop
  endfacet
  facet normal 3.826834e-01 -9.238795e-01 0.000000e+00
    outer loop
      vertex   3.691294e+02 3.260170e+02 1.814149e+02
      vertex   3.691294e+02 3.260170e+02 1.788319e+02
      vertex   3.692500e+02 3.260670e+02 1.814149e+02
    endloop
  endfacet
  facet normal 3.826828e-01 -9.238779e-01 -1.880806e-03
    outer loop
      vertex   3.691294e+02 3.260170e+02 1.814149e+02
      vertex   3.692500e+02 3.260670e+02 1.814149e+02
      vertex   3.691913e+02 3.260381e+02 1.836892e+02
    endloop
  endfacet
  facet normal 4.706827e-01 -8.823021e-01 9.176473e-04
    outer loop
      vertex   3.691913e+02 3.260381e+02 1.836892e+02
      vertex   3.692500e+02 3.260670e+02 1.814149e+02
      vertex   3.692778e+02 3.260843e+02 1.837757e+02
    endloop
  endfacet
  facet normal 6.087609e-01 -7.933526e-01 -1.358469e-03
    outer loop
      vertex   3.692778e+02 3.260843e+02 1.837757e+02
      vertex   3.692500e+02 3.260670e+02 1.814149e+02
      vertex   3.693536e+02 3.261464e+02 1.814149e+02
    endloop
  endfacet
  facet normal 6.343933e-01 -7.730105e-01 0.000000e+00
    outer loop
      vertex   3.692778e+02 3.260843e+02 1.837757e+02
      vertex   3.693536e+02 3.261464e+02 1.814149e+02
      vertex   3.693536e+02 3.261464e+02 1.838514e+02
    endloop
  endfacet
  facet normal 7.730105e-01 -6.343933e-01 0.000000e+00
    outer loop
      vertex   3.693536e+02 3.261464e+02 1.838514e+02
      vertex   3.693536e+02 3.261464e+02 1.814149e+02
      vertex   3.694157e+02 3.262222e+02 1.839136e+02
    endloop
  endfacet
  facet normal 7.933527e-01 -6.087609e-01 -1.283470e-03
    outer loop
      vertex   3.694157e+02 3.262222e+02 1.839136e+02
      vertex   3.693536e+02 3.261464e+02 1.814149e+02
      vertex   3.694330e+02 3.262500e+02 1.814149e+02
    endloop
  endfacet
  facet normal 8.817317e-01 -4.717504e-01 8.511687e-04
    outer loop
      vertex   3.694157e+02 3.262222e+02 1.839136e+02
      vertex   3.694330e+02 3.262500e+02 1.814149e+02
      vertex   3.694619e+02 3.263087e+02 1.839598e+02
    endloop
  endfacet
  facet normal 9.238782e-01 -3.826829e-01 -1.680823e-03
    outer loop
      vertex   3.694619e+02 3.263087e+02 1.839598e+02
      vertex   3.694330e+02 3.262500e+02 1.814149e+02
      vertex   3.694830e+02 3.263706e+02 1.814149e+02
    endloop
  endfacet
  facet normal 9.568696e-01 -2.905164e-01 8.346395e-04
    outer loop
      vertex   3.694619e+02 3.263087e+02 1.839598e+02
      vertex   3.694830e+02 3.263706e+02 1.814149e+02
      vertex   3.694904e+02 3.264025e+02 1.839883e+02
    endloop
  endfacet
  facet normal 9.891984e-01 -1.465793e-01 -1.040975e-03
    outer loop
      vertex   3.694904e+02 3.264025e+02 1.839883e+02
      vertex   3.694830e+02 3.263706e+02 1.814149e+02
      vertex   3.694976e+02 3.264510e+02 1.839955e+02
    endloop
  endfacet
  facet normal 9.987968e-01 -4.886437e-02 -4.139818e-03
    outer loop
      vertex   3.694976e+02 3.264510e+02 1.839955e+02
      vertex   3.694830e+02 3.263706e+02 1.814149e+02
      vertex   3.695000e+02 3.265000e+02 1.839979e+02
    endloop
  endfacet
  facet normal 9.914449e-01 -1.305262e-01 0.000000e+00
    outer loop
      vertex   3.695000e+02 3.265000e+02 1.839979e+02
      vertex   3.694830e+02 3.263706e+02 1.814149e+02
      vertex   3.694830e+02 3.263706e+02 1.788319e+02
    endloop
  endfacet
  facet normal 9.914449e-01 -1.305262e-01 0.000000e+00
    outer loop
      vertex   3.695000e+02 3.265000e+02 1.839979e+02
      vertex   3.694830e+02 3.263706e+02 1.788319e+02
      vertex   3.694830e+02 3.263706e+02 1.762489e+02
    endloop
  endfacet
  facet normal 9.238795e-01 -3.826834e-01 0.000000e+00
    outer loop
      vertex   3.694830e+02 3.263706e+02 1.762489e+02
      vertex   3.694830e+02 3.263706e+02 1.788319e+02
      vertex   3.694330e+02 3.262500e+02 1.762489e+02
    endloop
  endfacet
  facet normal 9.238795e-01 -3.826834e-01 0.000000e+00
    outer loop
      vertex   3.694830e+02 3.263706e+02 1.762489e+02
      vertex   3.694330e+02 3.262500e+02 1.762489e+02
      vertex   3.694330e+02 3.262500e+02 1.736660e+02
    endloop
  endfacet
  facet normal 7.933533e-01 -6.087614e-01 0.000000e+00
    outer loop
      vertex   3.694330e+02 3.262500e+02 1.736660e+02
      vertex   3.694330e+02 3.262500e+02 1.762489e+02
      vertex   3.693536e+02 3.261464e+02 1.736660e+02
    endloop
  endfacet
  facet normal 7.933533e-01 -6.087614e-01 0.000000e+00
    outer loop
      vertex   3.694330e+02 3.262500e+02 1.736660e+02
      vertex   3.693536e+02 3.261464e+02 1.736660e+02
      vertex   3.693536e+02 3.261464e+02 1.710830e+02
    endloop
  endfacet
  facet normal 6.087614e-01 -7.933533e-01 0.000000e+00
    outer loop
      vertex   3.693536e+02 3.261464e+02 1.710830e+02
      vertex   3.693536e+02 3.261464e+02 1.736660e+02
      vertex   3.692500e+02 3.260670e+02 1.710830e+02
    endloop
  endfacet
  facet normal 6.087609e-01 -7.933526e-01 1.358469e-03
    outer loop
      vertex   3.693536e+02 3.261464e+02 1.710830e+02
      vertex   3.692500e+02 3.260670e+02 1.710830e+02
      vertex   3.692778e+02 3.260843e+02 1.687222e+02
    endloop
  endfacet
  facet normal 4.706827e-01 -8.823021e-01 -9.176473e-04
    outer loop
      vertex   3.692778e+02 3.260843e+02 1.687222e+02
      vertex   3.692500e+02 3.260670e+02 1.710830e+02
      vertex   3.691913e+02 3.260381e+02 1.688087e+02
    endloop
  endfacet
  facet normal 3.826828e-01 -9.238779e-01 1.880806e-03
    outer loop
      vertex   3.691913e+02 3.260381e+02 1.688087e+02
      vertex   3.692500e+02 3.260670e+02 1.710830e+02
      vertex   3.691294e+02 3.260170e+02 1.710830e+02
    endloop
  endfacet
  facet normal 2.893984e-01 -9.572082e-01 -9.675185e-04
    outer loop
      vertex   3.691913e+02 3.260381e+02 1.688087e+02
      vertex   3.691294e+02 3.260170e+02 1.710830e+02
      vertex   3.690975e+02 3.260096e+02 1.689025e+02
    endloop
  endfacet
  facet normal 9.992822e-02 -9.949928e-01 1.929981e-03
    outer loop
      vertex   3.690975e+02 3.260096e+02 1.689025e+02
      vertex   3.691294e+02 3.260170e+02 1.710830e+02
      vertex   3.690000e+02 3.260000e+02 1.690000e+02
    endloop
  endfacet
  facet normal 1.305262e-01 -9.914449e-01 0.000000e+00
    outer loop
      vertex   3.690000e+02 3.260000e+02 1.690000e+02
      vertex   3.691294e+02 3.260170e+02 1.710830e+02
      vertex   3.691294e+02 3.260170e+02 1.736660e+02
    endloop
  endfacet
  facet normal 1.305262e-01 -9.914449e-01 0.000000e+00
    outer loop
      vertex   3.690000e+02 3.260000e+02 1.690000e+02
      vertex   3.691294e+02 3.260170e+02 1.736660e+02
      vertex   3.691294e+02 3.260170e+02 1.762489e+02
    endloop
  endfacet
  facet normal 3.826834e-01 -9.238795e-01 0.000000e+00
    outer loop
      vertex   3.691294e+02 3.260170e+02 1.762489e+02
      vertex   3.691294e+02 3.260170e+02 1.736660e+02
      vertex   3.692500e+02 3.260670e+02 1.762489e+02
    endloop
  endfacet
  facet normal 3.826834e-01 -9.238795e-01 0.000000e+00
    outer loop
      vertex   3.691294e+02 3.260170e+02 1.762489e+02
      vertex   3.692500e+02 3.260670e+02 1.762489e+02
      vertex   3.692500e+02 3.260670e+02 1.788319e+02
    endloop
  endfacet
  facet normal 6.087614e-01 -7.933533e-01 0.000000e+00
    outer loop
      vertex   3.692500e+02 3.260670e+02 1.788319e+02
      vertex   3.692500e+02 3.260670e+02 1.762489e+02
      vertex   3.693536e+02 3.261464e+02 1.788319e+02
    endloop
  endfacet
  facet normal 6.087614e-01 -7.933533e-01 0.000000e+00
    outer loop
      vertex   3.692500e+02 3.260670e+02 1.788319e+02
      vertex   3.693536e+02 3.261464e+02 1.788319e+02
      vertex   3.693536e+02 3.261464e+02 1.814149e+02
    endloop
  endfacet
  facet normal 7.933533e-01 -6.087614e-01 0.000000e+00
    outer loop
      vertex   3.693536e+02 3.261464e+02 1.814149e+02
      vertex   3.693536e+02 3.261464e+02 1.788319e+02
      vertex   3.694330e+02 3.262500e+02 1.814149e+02
    endloop
  endfacet
  facet normal 6.343933e-01 -7.730105e-01 0.000000e+00
    outer loop
      vertex   3.692778e+02 3.260843e+02 1.687222e+02
      vertex   3.693536e+02 3.261464e+02 1.686464e+02
      vertex   3.693536e+02 3.261464e+02 1.710830e+02
    endloop
  endfacet
  facet normal 7.730105e-01 -6.343933e-01 0.000000e+00
    outer loop
      vertex   3.693536e+02 3.261464e+02 1.710830e+02
      vertex   3.693536e+02 3.261464e+02 1.686464e+02
      vertex   3.694157e+02 3.262222e+02 1.685843e+02
    endloop
  endfacet
  facet normal 7.933527e-01 -6.087609e-01 1.283470e-03
    outer loop
      vertex   3.693536e+02 3.261464e+02 1.710830e+02
      vertex   3.694157e+02 3.262222e+02 1.685843e+02
      vertex   3.694330e+02 3.262500e+02 1.710830e+02
    endloop
  endfacet
  facet normal 8.817317e-01 -4.717504e-01 -8.511687e-04
    outer loop
      vertex   3.694330e+02 3.262500e+02 1.710830e+02
      vertex   3.694157e+02 3.262222e+02 1.685843e+02
      vertex   3.694619e+02 3.263087e+02 1.685381e+02
    endloop
  endfacet
  facet normal 9.238782e-01 -3.826829e-01 1.680823e-03
    outer loop
      vertex   3.694330e+02 3.262500e+02 1.710830e+02
      vertex   3.694619e+02 3.263087e+02 1.685381e+02
      vertex   3.694830e+02 3.263706e+02 1.710830e+02
    endloop
  endfacet
  facet normal 9.568696e-01 -2.905164e-01 -8.346395e-04
    outer loop
      vertex   3.694830e+02 3.263706e+02 1.710830e+02
      vertex   3.694619e+02 3.263087e+02 1.685381e+02
      vertex   3.694904e+02 3.264025e+02 1.685096e+02
    endloop
  endfacet
  facet normal 9.738770e-01 -2.270763e-01 0.000000e+00
    outer loop
      vertex   3.694830e+02 3.263706e+02 1.710830e+02
      vertex   3.694904e+02 3.264025e+02 1.685096e+02
      vertex   3.694830e+02 3.263706e+02 1.736660e+02
    endloop
  endfacet
  facet normal 9.891875e-01 -1.466551e-01 5.190335e-04
    outer loop
      vertex   3.694830e+02 3.263706e+02 1.736660e+02
      vertex   3.694904e+02 3.264025e+02 1.685096e+02
      vertex   3.694976e+02 3.264510e+02 1.685024e+02
    endloop
  endfacet
  facet normal 9.838460e-01 -1.790169e-01 0.000000e+00
    outer loop
      vertex   3.694830e+02 3.263706e+02 1.736660e+02
      vertex   3.694976e+02 3.264510e+02 1.685024e+02
      vertex   3.694830e+02 3.263706e+02 1.762489e+02
    endloop
  endfacet
  facet normal 9.888006e-01 -1.492426e-01 3.183826e-04
    outer loop
      vertex   3.694830e+02 3.263706e+02 1.762489e+02
      vertex   3.694976e+02 3.264510e+02 1.685024e+02
      vertex   3.695000e+02 3.265000e+02 1.839979e+02
    endloop
  endfacet
  facet normal 9.987955e-01 -4.906767e-02 0.000000e+00
    outer loop
      vertex   3.694976e+02 3.264510e+02 1.685024e+02
      vertex   3.695000e+02 3.265000e+02 1.685000e+02
      vertex   3.695000e+02 3.265000e+02 1.839979e+02
    endloop
  endfacet
  facet normal 2.893984e-01 -9.572082e-01 9.675185e-04
    outer loop
      vertex   3.691913e+02 3.260381e+02 1.836892e+02
      vertex   3.690975e+02 3.260096e+02 1.835954e+02
      vertex   3.691294e+02 3.260170e+02 1.814149e+02
    endloop
  endfacet
  facet normal 1.305262e-01 -9.914449e-01 0.000000e+00
    outer loop
      vertex   3.691294e+02 3.260170e+02 1.788319e+02
      vertex   3.690000e+02 3.260000e+02 1.690000e+02
      vertex   3.691294e+02 3.260170e+02 1.762489e+02
    endloop
  endfacet
  facet normal 3.826834e-01 -9.238795e-01 0.000000e+00
    outer loop
      vertex   3.691294e+02 3.260170e+02 1.736660e+02
      vertex   3.691294e+02 3.260170e+02 1.710830e+02
      vertex   3.692500e+02 3.260670e+02 1.736660e+02
    endloop
  endfacet
  facet normal 3.826834e-01 -9.238795e-01 0.000000e+00
    outer loop
      vertex   3.692500e+02 3.260670e+02 1.736660e+02
      vertex   3.691294e+02 3.260170e+02 1.710830e+02
      vertex   3.692500e+02 3.260670e+02 1.710830e+02
    endloop
  endfacet
  facet normal 6.087614e-01 -7.933533e-01 0.000000e+00
    outer loop
      vertex   3.692500e+02 3.260670e+02 1.736660e+02
      vertex   3.692500e+02 3.260670e+02 1.710830e+02
      vertex   3.693536e+02 3.261464e+02 1.736660e+02
    endloop
  endfacet
  facet normal 3.826834e-01 -9.238795e-01 0.000000e+00
    outer loop
      vertex   3.692500e+02 3.260670e+02 1.814149e+02
      vertex   3.691294e+02 3.260170e+02 1.788319e+02
      vertex   3.692500e+02 3.260670e+02 1.788319e+02
    endloop
  endfacet
  facet normal 3.826834e-01 -9.238795e-01 0.000000e+00
    outer loop
      vertex   3.692500e+02 3.260670e+02 1.788319e+02
      vertex   3.691294e+02 3.260170e+02 1.788319e+02
      vertex   3.691294e+02 3.260170e+02 1.762489e+02
    endloop
  endfacet
  facet normal 3.826834e-01 -9.238795e-01 0.000000e+00
    outer loop
      vertex   3.691294e+02 3.260170e+02 1.736660e+02
      vertex   3.692500e+02 3.260670e+02 1.736660e+02
      vertex   3.692500e+02 3.260670e+02 1.762489e+02
    endloop
  endfacet
  facet normal 6.087614e-01 -7.933533e-01 0.000000e+00
    outer loop
      vertex   3.692500e+02 3.260670e+02 1.762489e+02
      vertex   3.692500e+02 3.260670e+02 1.736660e+02
      vertex   3.693536e+02 3.261464e+02 1.762489e+02
    endloop
  endfacet
  facet normal 6.087614e-01 -7.933533e-01 0.000000e+00
    outer loop
      vertex   3.692500e+02 3.260670e+02 1.762489e+02
      vertex   3.693536e+02 3.261464e+02 1.762489e+02
      vertex   3.693536e+02 3.261464e+02 1.788319e+02
    endloop
  endfacet
  facet normal 7.933533e-01 -6.087614e-01 0.000000e+00
    outer loop
      vertex   3.693536e+02 3.261464e+02 1.788319e+02
      vertex   3.693536e+02 3.261464e+02 1.762489e+02
      vertex   3.694330e+02 3.262500e+02 1.788319e+02
    endloop
  endfacet
  facet normal 7.933533e-01 -6.087614e-01 0.000000e+00
    outer loop
      vertex   3.693536e+02 3.261464e+02 1.788319e+02
      vertex   3.694330e+02 3.262500e+02 1.788319e+02
      vertex   3.694330e+02 3.262500e+02 1.814149e+02
    endloop
  endfacet
  facet normal 9.238795e-01 -3.826834e-01 0.000000e+00
    outer loop
      vertex   3.694330e+02 3.262500e+02 1.814149e+02
      vertex   3.694330e+02 3.262500e+02 1.788319e+02
      vertex   3.694830e+02 3.263706e+02 1.814149e+02
    endloop
  endfacet
  facet normal 6.087614e-01 -7.933533e-01 0.000000e+00
    outer loop
      vertex   3.693536e+02 3.261464e+02 1.762489e+02
      vertex   3.692500e+02 3.260670e+02 1.736660e+02
      vertex   3.693536e+02 3.261464e+02 1.736660e+02
    endloop
  endfacet
  facet normal 6.087614e-01 -7.933533e-01 0.000000e+00
    outer loop
      vertex   3.693536e+02 3.261464e+02 1.814149e+02
      vertex   3.692500e+02 3.260670e+02 1.814149e+02
      vertex   3.692500e+02 3.260670e+02 1.788319e+02
    endloop
  endfacet
  facet normal 7.933533e-01 -6.087614e-01 0.000000e+00
    outer loop
      vertex   3.694330e+02 3.262500e+02 1.788319e+02
      vertex   3.693536e+02 3.261464e+02 1.762489e+02
      vertex   3.694330e+02 3.262500e+02 1.762489e+02
    endloop
  endfacet
  facet normal 7.933533e-01 -6.087614e-01 0.000000e+00
    outer loop
      vertex   3.694330e+02 3.262500e+02 1.762489e+02
      vertex   3.693536e+02 3.261464e+02 1.762489e+02
      vertex   3.693536e+02 3.261464e+02 1.736660e+02
    endloop
  endfacet
  facet normal 7.933533e-01 -6.087614e-01 0.000000e+00
    outer loop
      vertex   3.693536e+02 3.261464e+02 1.710830e+02
      vertex   3.694330e+02 3.262500e+02 1.710830e+02
      vertex   3.694330e+02 3.262500e+02 1.736660e+02
    endloop
  endfacet
  facet normal 9.238795e-01 -3.826834e-01 0.000000e+00
    outer loop
      vertex   3.694330e+02 3.262500e+02 1.736660e+02
      vertex   3.694330e+02 3.262500e+02 1.710830e+02
      vertex   3.694830e+02 3.263706e+02 1.736660e+02
    endloop
  endfacet
  facet normal 9.238795e-01 -3.826834e-01 0.000000e+00
    outer loop
      vertex   3.694330e+02 3.262500e+02 1.736660e+02
      vertex   3.694830e+02 3.263706e+02 1.736660e+02
      vertex   3.694830e+02 3.263706e+02 1.762489e+02
    endloop
  endfacet
  facet normal 9.238795e-01 -3.826834e-01 0.000000e+00
    outer loop
      vertex   3.694830e+02 3.263706e+02 1.710830e+02
      vertex   3.694830e+02 3.263706e+02 1.736660e+02
      vertex   3.694330e+02 3.262500e+02 1.710830e+02
    endloop
  endfacet
  facet normal 9.238795e-01 -3.826834e-01 0.000000e+00
    outer loop
      vertex   3.694830e+02 3.263706e+02 1.814149e+02
      vertex   3.694330e+02 3.262500e+02 1.788319e+02
      vertex   3.694830e+02 3.263706e+02 1.788319e+02
    endloop
  endfacet
  facet normal 9.238795e-01 -3.826834e-01 0.000000e+00
    outer loop
      vertex   3.694830e+02 3.263706e+02 1.788319e+02
      vertex   3.694330e+02 3.262500e+02 1.788319e+02
      vertex   3.694330e+02 3.262500e+02 1.762489e+02
    endloop
  endfacet
  facet normal 1.051677e-09 -9.951847e-01 -9.801714e-02
    outer loop
      vertex   3.690000e+02 3.260000e+02 1.690000e+02
      vertex   3.500000e+02 3.260000e+02 1.690000e+02
      vertex   3.690975e+02 3.260096e+02 1.689025e+02
    endloop
  endfacet
  facet normal -3.707353e-04 -9.855048e-01 -1.696472e-01
    outer loop
      vertex   3.690975e+02 3.260096e+02 1.689025e+02
      vertex   3.500000e+02 3.260000e+02 1.690000e+02
      vertex   3.639286e+02 3.260170e+02 1.688706e+02
    endloop
  endfacet
  facet normal 2.436402e-09 -9.738770e-01 -2.270763e-01
    outer loop
      vertex   3.690975e+02 3.260096e+02 1.689025e+02
      vertex   3.639286e+02 3.260170e+02 1.688706e+02
      vertex   3.667143e+02 3.260170e+02 1.688706e+02
    endloop
  endfacet
  facet normal 4.105995e-09 -9.238795e-01 -3.826834e-01
    outer loop
      vertex   3.667143e+02 3.260170e+02 1.688706e+02
      vertex   3.639286e+02 3.260170e+02 1.688706e+02
      vertex   3.667143e+02 3.260670e+02 1.687500e+02
    endloop
  endfacet
  facet normal -1.726870e-03 -9.238782e-01 -3.826829e-01
    outer loop
      vertex   3.667143e+02 3.260170e+02 1.688706e+02
      vertex   3.667143e+02 3.260670e+02 1.687500e+02
      vertex   3.691913e+02 3.260381e+02 1.688087e+02
    endloop
  endfacet
  facet normal 8.442566e-04 -8.822717e-01 -4.707398e-01
    outer loop
      vertex   3.691913e+02 3.260381e+02 1.688087e+02
      vertex   3.667143e+02 3.260670e+02 1.687500e+02
      vertex   3.692778e+02 3.260843e+02 1.687222e+02
    endloop
  endfacet
  facet normal -1.251029e-03 -7.933527e-01 -6.087610e-01
    outer loop
      vertex   3.692778e+02 3.260843e+02 1.687222e+02
      vertex   3.667143e+02 3.260670e+02 1.687500e+02
      vertex   3.667143e+02 3.261464e+02 1.686464e+02
    endloop
  endfacet
  facet normal 6.806737e-09 -7.730105e-01 -6.343933e-01
    outer loop
      vertex   3.692778e+02 3.260843e+02 1.687222e+02
      vertex   3.667143e+02 3.261464e+02 1.686464e+02
      vertex   3.693536e+02 3.261464e+02 1.686464e+02
    endloop
  endfacet
  facet normal 8.294034e-09 -6.343933e-01 -7.730105e-01
    outer loop
      vertex   3.693536e+02 3.261464e+02 1.686464e+02
      vertex   3.667143e+02 3.261464e+02 1.686464e+02
      vertex   3.694157e+02 3.262222e+02 1.685843e+02
    endloop
  endfacet
  facet normal -1.187143e-03 -6.087610e-01 -7.933528e-01
    outer loop
      vertex   3.694157e+02 3.262222e+02 1.685843e+02
      vertex   3.667143e+02 3.261464e+02 1.686464e+02
      vertex   3.667143e+02 3.262500e+02 1.685670e+02
    endloop
  endfacet
  facet normal 7.876634e-04 -4.717240e-01 -8.817459e-01
    outer loop
      vertex   3.694157e+02 3.262222e+02 1.685843e+02
      vertex   3.667143e+02 3.262500e+02 1.685670e+02
      vertex   3.694619e+02 3.263087e+02 1.685381e+02
    endloop
  endfacet
  facet normal -1.556796e-03 -3.826830e-01 -9.238784e-01
    outer loop
      vertex   3.694619e+02 3.263087e+02 1.685381e+02
      vertex   3.667143e+02 3.262500e+02 1.685670e+02
      vertex   3.667143e+02 3.263706e+02 1.685170e+02
    endloop
  endfacet
  facet normal 7.734892e-04 -2.904994e-01 -9.568748e-01
    outer loop
      vertex   3.694619e+02 3.263087e+02 1.685381e+02
      vertex   3.667143e+02 3.263706e+02 1.685170e+02
      vertex   3.694904e+02 3.264025e+02 1.685096e+02
    endloop
  endfacet
  facet normal -9.648131e-04 -1.465904e-01 -9.891968e-01
    outer loop
      vertex   3.694904e+02 3.264025e+02 1.685096e+02
      vertex   3.667143e+02 3.263706e+02 1.685170e+02
      vertex   3.694976e+02 3.264510e+02 1.685024e+02
    endloop
  endfacet
  facet normal -3.837841e-03 -4.887922e-02 -9.987973e-01
    outer loop
      vertex   3.694976e+02 3.264510e+02 1.685024e+02
      vertex   3.667143e+02 3.263706e+02 1.685170e+02
      vertex   3.695000e+02 3.265000e+02 1.685000e+02
    endloop
  endfacet
  facet normal 1.063773e-08 -1.305262e-01 -9.914449e-01
    outer loop
      vertex   3.695000e+02 3.265000e+02 1.685000e+02
      vertex   3.667143e+02 3.263706e+02 1.685170e+02
      vertex   3.639286e+02 3.263706e+02 1.685170e+02
    endloop
  endfacet
  facet normal 1.063772e-08 -1.305262e-01 -9.914449e-01
    outer loop
      vertex   3.695000e+02 3.265000e+02 1.685000e+02
      vertex   3.639286e+02 3.263706e+02 1.685170e+02
      vertex   3.611429e+02 3.263706e+02 1.685170e+02
    endloop
  endfacet
  facet normal 9.912790e-09 -3.826834e-01 -9.238795e-01
    outer loop
      vertex   3.611429e+02 3.263706e+02 1.685170e+02
      vertex   3.639286e+02 3.263706e+02 1.685170e+02
      vertex   3.611429e+02 3.262500e+02 1.685670e+02
    endloop
  endfacet
  facet normal 9.912801e-09 -3.826834e-01 -9.238795e-01
    outer loop
      vertex   3.611429e+02 3.263706e+02 1.685170e+02
      vertex   3.611429e+02 3.262500e+02 1.685670e+02
      vertex   3.583571e+02 3.262500e+02 1.685670e+02
    endloop
  endfacet
  facet normal 8.512321e-09 -6.087614e-01 -7.933533e-01
    outer loop
      vertex   3.583571e+02 3.262500e+02 1.685670e+02
      vertex   3.611429e+02 3.262500e+02 1.685670e+02
      vertex   3.583571e+02 3.261464e+02 1.686464e+02
    endloop
  endfacet
  facet normal 8.512301e-09 -6.087614e-01 -7.933533e-01
    outer loop
      vertex   3.583571e+02 3.262500e+02 1.685670e+02
      vertex   3.583571e+02 3.261464e+02 1.686464e+02
      vertex   3.555714e+02 3.261464e+02 1.686464e+02
    endloop
  endfacet
  facet normal 6.531718e-09 -7.933533e-01 -6.087614e-01
    outer loop
      vertex   3.555714e+02 3.261464e+02 1.686464e+02
      vertex   3.583571e+02 3.261464e+02 1.686464e+02
      vertex   3.555714e+02 3.260670e+02 1.687500e+02
    endloop
  endfacet
  facet normal 6.531724e-09 -7.933533e-01 -6.087614e-01
    outer loop
      vertex   3.555714e+02 3.261464e+02 1.686464e+02
      vertex   3.555714e+02 3.260670e+02 1.687500e+02
      vertex   3.527857e+02 3.260670e+02 1.687500e+02
    endloop
  endfacet
  facet normal 4.106014e-09 -9.238795e-01 -3.826834e-01
    outer loop
      vertex   3.527857e+02 3.260670e+02 1.687500e+02
      vertex   3.555714e+02 3.260670e+02 1.687500e+02
      vertex   3.527857e+02 3.260170e+02 1.688706e+02
    endloop
  endfacet
  facet normal 4.105998e-09 -9.238795e-01 -3.826834e-01
    outer loop
      vertex   3.527857e+02 3.260670e+02 1.687500e+02
      vertex   3.527857e+02 3.260170e+02 1.688706e+02
      vertex   3.500000e+02 3.260170e+02 1.688706e+02
    endloop
  endfacet
  facet normal 1.400479e-09 -9.914449e-01 -1.305262e-01
    outer loop
      vertex   3.500000e+02 3.260170e+02 1.688706e+02
      vertex   3.527857e+02 3.260170e+02 1.688706e+02
      vertex   3.500000e+02 3.260000e+02 1.690000e+02
    endloop
  endfacet
  facet normal 1.400485e-09 -9.914449e-01 -1.305262e-01
    outer loop
      vertex   3.500000e+02 3.260000e+02 1.690000e+02
      vertex   3.527857e+02 3.260170e+02 1.688706e+02
      vertex   3.555714e+02 3.260170e+02 1.688706e+02
    endloop
  endfacet
  facet normal 1.400485e-09 -9.914449e-01 -1.305262e-01
    outer loop
      vertex   3.500000e+02 3.260000e+02 1.690000e+02
      vertex   3.555714e+02 3.260170e+02 1.688706e+02
      vertex   3.583571e+02 3.260170e+02 1.688706e+02
    endloop
  endfacet
  facet normal 4.106014e-09 -9.238795e-01 -3.826834e-01
    outer loop
      vertex   3.583571e+02 3.260170e+02 1.688706e+02
      vertex   3.555714e+02 3.260170e+02 1.688706e+02
      vertex   3.583571e+02 3.260670e+02 1.687500e+02
    endloop
  endfacet
  facet normal 4.106014e-09 -9.238795e-01 -3.826834e-01
    outer loop
      vertex   3.583571e+02 3.260170e+02 1.688706e+02
      vertex   3.583571e+02 3.260670e+02 1.687500e+02
      vertex   3.611429e+02 3.260670e+02 1.687500e+02
    endloop
  endfacet
  facet normal 6.531724e-09 -7.933533e-01 -6.087614e-01
    outer loop
      vertex   3.611429e+02 3.260670e+02 1.687500e+02
      vertex   3.583571e+02 3.260670e+02 1.687500e+02
      vertex   3.611429e+02 3.261464e+02 1.686464e+02
    endloop
  endfacet
  facet normal 6.531718e-09 -7.933533e-01 -6.087614e-01
    outer loop
      vertex   3.611429e+02 3.260670e+02 1.687500e+02
      vertex   3.611429e+02 3.261464e+02 1.686464e+02
      vertex   3.639286e+02 3.261464e+02 1.686464e+02
    endloop
  endfacet
  facet normal 8.512301e-09 -6.087614e-01 -7.933533e-01
    outer loop
      vertex   3.639286e+02 3.261464e+02 1.686464e+02
      vertex   3.611429e+02 3.261464e+02 1.686464e+02
      vertex   3.639286e+02 3.262500e+02 1.685670e+02
    endloop
  endfacet
  facet normal 8.512285e-09 -6.087614e-01 -7.933533e-01
    outer loop
      vertex   3.639286e+02 3.261464e+02 1.686464e+02
      vertex   3.639286e+02 3.262500e+02 1.685670e+02
      vertex   3.667143e+02 3.262500e+02 1.685670e+02
    endloop
  endfacet
  facet normal 9.912765e-09 -3.826834e-01 -9.238795e-01
    outer loop
      vertex   3.667143e+02 3.262500e+02 1.685670e+02
      vertex   3.639286e+02 3.262500e+02 1.685670e+02
      vertex   3.667143e+02 3.263706e+02 1.685170e+02
    endloop
  endfacet
  facet normal 4.105998e-09 -9.238795e-01 -3.826834e-01
    outer loop
      vertex   3.500000e+02 3.260170e+02 1.688706e+02
      vertex   3.500000e+02 3.260670e+02 1.687500e+02
      vertex   3.527857e+02 3.260670e+02 1.687500e+02
    endloop
  endfacet
  facet normal 6.531699e-09 -7.933533e-01 -6.087614e-01
    outer loop
      vertex   3.527857e+02 3.260670e+02 1.687500e+02
      vertex   3.500000e+02 3.260670e+02 1.687500e+02
      vertex   3.527857e+02 3.261464e+02 1.686464e+02
    endloop
  endfacet
  facet normal 6.531718e-09 -7.933533e-01 -6.087614e-01
    outer loop
      vertex   3.527857e+02 3.260670e+02 1.687500e+02
      vertex   3.527857e+02 3.261464e+02 1.686464e+02
      vertex   3.555714e+02 3.261464e+02 1.686464e+02
    endloop
  endfacet
  facet normal 8.512301e-09 -6.087614e-01 -7.933533e-01
    outer loop
      vertex   3.555714e+02 3.261464e+02 1.686464e+02
      vertex   3.527857e+02 3.261464e+02 1.686464e+02
      vertex   3.555714e+02 3.262500e+02 1.685670e+02
    endloop
  endfacet
  facet normal 8.512285e-09 -6.087614e-01 -7.933533e-01
    outer loop
      vertex   3.555714e+02 3.261464e+02 1.686464e+02
      vertex   3.555714e+02 3.262500e+02 1.685670e+02
      vertex   3.583571e+02 3.262500e+02 1.685670e+02
    endloop
  endfacet
  facet normal 9.912765e-09 -3.826834e-01 -9.238795e-01
    outer loop
      vertex   3.583571e+02 3.262500e+02 1.685670e+02
      vertex   3.555714e+02 3.262500e+02 1.685670e+02
      vertex   3.583571e+02 3.263706e+02 1.685170e+02
    endloop
  endfacet
  facet normal 9.912792e-09 -3.826834e-01 -9.238795e-01
    outer loop
      vertex   3.583571e+02 3.262500e+02 1.685670e+02
      vertex   3.583571e+02 3.263706e+02 1.685170e+02
      vertex   3.611429e+02 3.263706e+02 1.685170e+02
    endloop
  endfacet
  facet normal 1.063773e-08 -1.305262e-01 -9.914449e-01
    outer loop
      vertex   3.611429e+02 3.263706e+02 1.685170e+02
      vertex   3.583571e+02 3.263706e+02 1.685170e+02
      vertex   3.695000e+02 3.265000e+02 1.685000e+02
    endloop
  endfacet
  facet normal 6.531686e-09 -7.933533e-01 -6.087614e-01
    outer loop
      vertex   3.500000e+02 3.260670e+02 1.687500e+02
      vertex   3.500000e+02 3.261464e+02 1.686464e+02
      vertex   3.527857e+02 3.261464e+02 1.686464e+02
    endloop
  endfacet
  facet normal 8.512276e-09 -6.087614e-01 -7.933533e-01
    outer loop
      vertex   3.527857e+02 3.261464e+02 1.686464e+02
      vertex   3.500000e+02 3.261464e+02 1.686464e+02
      vertex   3.527857e+02 3.262500e+02 1.685670e+02
    endloop
  endfacet
  facet normal 8.512301e-09 -6.087614e-01 -7.933533e-01
    outer loop
      vertex   3.527857e+02 3.261464e+02 1.686464e+02
      vertex   3.527857e+02 3.262500e+02 1.685670e+02
      vertex   3.555714e+02 3.262500e+02 1.685670e+02
    endloop
  endfacet
  facet normal 9.912784e-09 -3.826834e-01 -9.238795e-01
    outer loop
      vertex   3.555714e+02 3.262500e+02 1.685670e+02
      vertex   3.527857e+02 3.262500e+02 1.685670e+02
      vertex   3.555714e+02 3.263706e+02 1.685170e+02
    endloop
  endfacet
  facet normal 9.912784e-09 -3.826834e-01 -9.238795e-01
    outer loop
      vertex   3.555714e+02 3.262500e+02 1.685670e+02
      vertex   3.555714e+02 3.263706e+02 1.685170e+02
      vertex   3.583571e+02 3.263706e+02 1.685170e+02
    endloop
  endfacet
  facet normal 1.063773e-08 -1.305262e-01 -9.914449e-01
    outer loop
      vertex   3.583571e+02 3.263706e+02 1.685170e+02
      vertex   3.555714e+02 3.263706e+02 1.685170e+02
      vertex   3.500000e+02 3.265000e+02 1.685000e+02
    endloop
  endfacet
  facet normal 1.063773e-08 -1.305262e-01 -9.914449e-01
    outer loop
      vertex   3.583571e+02 3.263706e+02 1.685170e+02
      vertex   3.500000e+02 3.265000e+02 1.685000e+02
      vertex   3.695000e+02 3.265000e+02 1.685000e+02
    endloop
  endfacet
  facet normal 8.512296e-09 -6.087614e-01 -7.933533e-01
    outer loop
      vertex   3.500000e+02 3.261464e+02 1.686464e+02
      vertex   3.500000e+02 3.262500e+02 1.685670e+02
      vertex   3.527857e+02 3.262500e+02 1.685670e+02
    endloop
  endfacet
  facet normal 9.912786e-09 -3.826834e-01 -9.238795e-01
    outer loop
      vertex   3.527857e+02 3.262500e+02 1.685670e+02
      vertex   3.500000e+02 3.262500e+02 1.685670e+02
      vertex   3.527857e+02 3.263706e+02 1.685170e+02
    endloop
  endfacet
  facet normal 9.912792e-09 -3.826834e-01 -9.238795e-01
    outer loop
      vertex   3.527857e+02 3.262500e+02 1.685670e+02
      vertex   3.527857e+02 3.263706e+02 1.685170e+02
      vertex   3.555714e+02 3.263706e+02 1.685170e+02
    endloop
  endfacet
  facet normal 1.063773e-08 -1.305262e-01 -9.914449e-01
    outer loop
      vertex   3.555714e+02 3.263706e+02 1.685170e+02
      vertex   3.527857e+02 3.263706e+02 1.685170e+02
      vertex   3.500000e+02 3.265000e+02 1.685000e+02
    endloop
  endfacet
  facet normal 9.912778e-09 -3.826834e-01 -9.238795e-01
    outer loop
      vertex   3.500000e+02 3.262500e+02 1.685670e+02
      vertex   3.500000e+02 3.263706e+02 1.685170e+02
      vertex   3.527857e+02 3.263706e+02 1.685170e+02
    endloop
  endfacet
  facet normal 1.063773e-08 -1.305262e-01 -9.914449e-01
    outer loop
      vertex   3.527857e+02 3.263706e+02 1.685170e+02
      vertex   3.500000e+02 3.263706e+02 1.685170e+02
      vertex   3.500000e+02 3.265000e+02 1.685000e+02
    endloop
  endfacet
  facet normal 8.862845e-04 -9.571858e-01 -2.894729e-01
    outer loop
      vertex   3.691913e+02 3.260381e+02 1.688087e+02
      vertex   3.690975e+02 3.260096e+02 1.689025e+02
      vertex   3.667143e+02 3.260170e+02 1.688706e+02
    endloop
  endfacet
  facet normal 4.106014e-09 -9.238795e-01 -3.826834e-01
    outer loop
      vertex   3.583571e+02 3.260670e+02 1.687500e+02
      vertex   3.555714e+02 3.260170e+02 1.688706e+02
      vertex   3.555714e+02 3.260670e+02 1.687500e+02
    endloop
  endfacet
  facet normal 4.106014e-09 -9.238795e-01 -3.826834e-01
    outer loop
      vertex   3.555714e+02 3.260670e+02 1.687500e+02
      vertex   3.555714e+02 3.260170e+02 1.688706e+02
      vertex   3.527857e+02 3.260170e+02 1.688706e+02
    endloop
  endfacet
  facet normal 1.400485e-09 -9.914449e-01 -1.305262e-01
    outer loop
      vertex   3.639286e+02 3.260170e+02 1.688706e+02
      vertex   3.500000e+02 3.260000e+02 1.690000e+02
      vertex   3.611429e+02 3.260170e+02 1.688706e+02
    endloop
  endfacet
  facet normal 1.400486e-09 -9.914449e-01 -1.305262e-01
    outer loop
      vertex   3.611429e+02 3.260170e+02 1.688706e+02
      vertex   3.500000e+02 3.260000e+02 1.690000e+02
      vertex   3.583571e+02 3.260170e+02 1.688706e+02
    endloop
  endfacet
  facet normal 4.106017e-09 -9.238795e-01 -3.826834e-01
    outer loop
      vertex   3.611429e+02 3.260170e+02 1.688706e+02
      vertex   3.583571e+02 3.260170e+02 1.688706e+02
      vertex   3.611429e+02 3.260670e+02 1.687500e+02
    endloop
  endfacet
  facet normal 4.106014e-09 -9.238795e-01 -3.826834e-01
    outer loop
      vertex   3.639286e+02 3.260170e+02 1.688706e+02
      vertex   3.611429e+02 3.260170e+02 1.688706e+02
      vertex   3.639286e+02 3.260670e+02 1.687500e+02
    endloop
  endfacet
  facet normal 4.105995e-09 -9.238795e-01 -3.826834e-01
    outer loop
      vertex   3.639286e+02 3.260670e+02 1.687500e+02
      vertex   3.611429e+02 3.260170e+02 1.688706e+02
      vertex   3.611429e+02 3.260670e+02 1.687500e+02
    endloop
  endfacet
  facet normal 6.531708e-09 -7.933533e-01 -6.087614e-01
    outer loop
      vertex   3.639286e+02 3.260670e+02 1.687500e+02
      vertex   3.611429e+02 3.260670e+02 1.687500e+02
      vertex   3.639286e+02 3.261464e+02 1.686464e+02
    endloop
  endfacet
  facet normal 6.531731e-09 -7.933533e-01 -6.087614e-01
    outer loop
      vertex   3.611429e+02 3.261464e+02 1.686464e+02
      vertex   3.583571e+02 3.260670e+02 1.687500e+02
      vertex   3.583571e+02 3.261464e+02 1.686464e+02
    endloop
  endfacet
  facet normal 6.531724e-09 -7.933533e-01 -6.087614e-01
    outer loop
      vertex   3.583571e+02 3.261464e+02 1.686464e+02
      vertex   3.583571e+02 3.260670e+02 1.687500e+02
      vertex   3.555714e+02 3.260670e+02 1.687500e+02
    endloop
  endfacet
  facet normal 6.531718e-09 -7.933533e-01 -6.087614e-01
    outer loop
      vertex   3.667143e+02 3.261464e+02 1.686464e+02
      vertex   3.667143e+02 3.260670e+02 1.687500e+02
      vertex   3.639286e+02 3.260670e+02 1.687500e+02
    endloop
  endfacet
  facet normal 4.106010e-09 -9.238795e-01 -3.826834e-01
    outer loop
      vertex   3.639286e+02 3.260670e+02 1.687500e+02
      vertex   3.667143e+02 3.260670e+02 1.687500e+02
      vertex   3.639286e+02 3.260170e+02 1.688706e+02
    endloop
  endfacet
  facet normal 6.531718e-09 -7.933533e-01 -6.087614e-01
    outer loop
      vertex   3.667143e+02 3.261464e+02 1.686464e+02
      vertex   3.639286e+02 3.260670e+02 1.687500e+02
      vertex   3.639286e+02 3.261464e+02 1.686464e+02
    endloop
  endfacet
  facet normal 8.512301e-09 -6.087614e-01 -7.933533e-01
    outer loop
      vertex   3.639286e+02 3.262500e+02 1.685670e+02
      vertex   3.611429e+02 3.261464e+02 1.686464e+02
      vertex   3.611429e+02 3.262500e+02 1.685670e+02
    endloop
  endfacet
  facet normal 8.512317e-09 -6.087614e-01 -7.933533e-01
    outer loop
      vertex   3.611429e+02 3.262500e+02 1.685670e+02
      vertex   3.611429e+02 3.261464e+02 1.686464e+02
      vertex   3.583571e+02 3.261464e+02 1.686464e+02
    endloop
  endfacet
  facet normal 8.512301e-09 -6.087614e-01 -7.933533e-01
    outer loop
      vertex   3.667143e+02 3.262500e+02 1.685670e+02
      vertex   3.667143e+02 3.261464e+02 1.686464e+02
      vertex   3.639286e+02 3.261464e+02 1.686464e+02
    endloop
  endfacet
  facet normal 9.912784e-09 -3.826834e-01 -9.238795e-01
    outer loop
      vertex   3.667143e+02 3.263706e+02 1.685170e+02
      vertex   3.639286e+02 3.262500e+02 1.685670e+02
      vertex   3.639286e+02 3.263706e+02 1.685170e+02
    endloop
  endfacet
  facet normal 9.912784e-09 -3.826834e-01 -9.238795e-01
    outer loop
      vertex   3.639286e+02 3.263706e+02 1.685170e+02
      vertex   3.639286e+02 3.262500e+02 1.685670e+02
      vertex   3.611429e+02 3.262500e+02 1.685670e+02
    endloop
  endfacet
  facet normal -9.896668e-01 -5.986381e-02 -1.302921e-01
    outer loop
      vertex   3.475000e+02 3.285000e+02 1.690000e+02
      vertex   3.475170e+02 3.285000e+02 1.688706e+02
      vertex   3.475182e+02 3.281987e+02 1.690000e+02
    endloop
  endfacet
  facet normal -9.877942e-01 -6.474345e-02 -1.416720e-01
    outer loop
      vertex   3.475182e+02 3.281987e+02 1.690000e+02
      vertex   3.475170e+02 3.285000e+02 1.688706e+02
      vertex   3.475383e+02 3.281759e+02 1.688706e+02
    endloop
  endfacet
  facet normal -9.765302e-01 -1.789558e-01 -1.198484e-01
    outer loop
      vertex   3.475182e+02 3.281987e+02 1.690000e+02
      vertex   3.475383e+02 3.281759e+02 1.688706e+02
      vertex   3.475726e+02 3.279017e+02 1.690000e+02
    endloop
  endfacet
  facet normal -9.695172e-01 -1.928490e-01 -1.511481e-01
    outer loop
      vertex   3.475726e+02 3.279017e+02 1.690000e+02
      vertex   3.475383e+02 3.281759e+02 1.688706e+02
      vertex   3.476016e+02 3.278574e+02 1.688706e+02
    endloop
  endfacet
  facet normal -9.487920e-01 -2.956556e-01 -1.112722e-01
    outer loop
      vertex   3.475726e+02 3.279017e+02 1.690000e+02
      vertex   3.476016e+02 3.278574e+02 1.688706e+02
      vertex   3.476625e+02 3.276135e+02 1.690000e+02
    endloop
  endfacet
  facet normal -9.349295e-01 -3.173658e-01 -1.587003e-01
    outer loop
      vertex   3.476625e+02 3.276135e+02 1.690000e+02
      vertex   3.476016e+02 3.278574e+02 1.688706e+02
      vertex   3.477060e+02 3.275498e+02 1.688706e+02
    endloop
  endfacet
  facet normal -9.068991e-01 -4.081621e-01 -1.045836e-01
    outer loop
      vertex   3.476625e+02 3.276135e+02 1.690000e+02
      vertex   3.477060e+02 3.275498e+02 1.688706e+02
      vertex   3.477864e+02 3.273382e+02 1.690000e+02
    endloop
  endfacet
  facet normal -8.846776e-01 -4.362747e-01 -1.643470e-01
    outer loop
      vertex   3.477864e+02 3.273382e+02 1.690000e+02
      vertex   3.477060e+02 3.275498e+02 1.688706e+02
      vertex   3.478497e+02 3.272585e+02 1.688706e+02
    endloop
  endfacet
  facet normal -8.515091e-01 -5.147552e-01 -9.979676e-02
    outer loop
      vertex   3.477864e+02 3.273382e+02 1.690000e+02
      vertex   3.478497e+02 3.272585e+02 1.688706e+02
      vertex   3.479425e+02 3.270798e+02 1.690000e+02
    endloop
  endfacet
  facet normal -8.196374e-01 -5.476642e-01 -1.681029e-01
    outer loop
      vertex   3.479425e+02 3.270798e+02 1.690000e+02
      vertex   3.478497e+02 3.272585e+02 1.688706e+02
      vertex   3.480301e+02 3.269885e+02 1.688706e+02
    endloop
  endfacet
  facet normal -7.834775e-01 -6.138154e-01 -9.692112e-02
    outer loop
      vertex   3.479425e+02 3.270798e+02 1.690000e+02
      vertex   3.480301e+02 3.269885e+02 1.688706e+02
      vertex   3.481287e+02 3.268422e+02 1.690000e+02
    endloop
  endfacet
  facet normal -7.408989e-01 -6.497509e-01 -1.699781e-01
    outer loop
      vertex   3.481287e+02 3.268422e+02 1.690000e+02
      vertex   3.480301e+02 3.269885e+02 1.688706e+02
      vertex   3.482443e+02 3.267443e+02 1.688706e+02
    endloop
  endfacet
  facet normal -7.038435e-01 -7.038435e-01 -9.596200e-02
    outer loop
      vertex   3.481287e+02 3.268422e+02 1.690000e+02
      vertex   3.482443e+02 3.267443e+02 1.688706e+02
      vertex   3.483422e+02 3.266287e+02 1.690000e+02
    endloop
  endfacet
  facet normal -6.497509e-01 -7.408989e-01 -1.699781e-01
    outer loop
      vertex   3.483422e+02 3.266287e+02 1.690000e+02
      vertex   3.482443e+02 3.267443e+02 1.688706e+02
      vertex   3.484885e+02 3.265301e+02 1.688706e+02
    endloop
  endfacet
  facet normal -6.138154e-01 -7.834775e-01 -9.692112e-02
    outer loop
      vertex   3.483422e+02 3.266287e+02 1.690000e+02
      vertex   3.484885e+02 3.265301e+02 1.688706e+02
      vertex   3.485798e+02 3.264425e+02 1.690000e+02
    endloop
  endfacet
  facet normal -5.476642e-01 -8.196374e-01 -1.681028e-01
    outer loop
      vertex   3.485798e+02 3.264425e+02 1.690000e+02
      vertex   3.484885e+02 3.265301e+02 1.688706e+02
      vertex   3.487585e+02 3.263497e+02 1.688706e+02
    endloop
  endfacet
  facet normal -5.147552e-01 -8.515091e-01 -9.979676e-02
    outer loop
      vertex   3.485798e+02 3.264425e+02 1.690000e+02
      vertex   3.487585e+02 3.263497e+02 1.688706e+02
      vertex   3.488382e+02 3.262864e+02 1.690000e+02
    endloop
  endfacet
  facet normal -4.362747e-01 -8.846776e-01 -1.643470e-01
    outer loop
      vertex   3.488382e+02 3.262864e+02 1.690000e+02
      vertex   3.487585e+02 3.263497e+02 1.688706e+02
      vertex   3.490498e+02 3.262060e+02 1.688706e+02
    endloop
  endfacet
  facet normal -4.081621e-01 -9.068991e-01 -1.045836e-01
    outer loop
      vertex   3.488382e+02 3.262864e+02 1.690000e+02
      vertex   3.490498e+02 3.262060e+02 1.688706e+02
      vertex   3.491135e+02 3.261625e+02 1.690000e+02
    endloop
  endfacet
  facet normal -3.173658e-01 -9.349295e-01 -1.587003e-01
    outer loop
      vertex   3.491135e+02 3.261625e+02 1.690000e+02
      vertex   3.490498e+02 3.262060e+02 1.688706e+02
      vertex   3.493574e+02 3.261016e+02 1.688706e+02
    endloop
  endfacet
  facet normal -2.956555e-01 -9.487920e-01 -1.112722e-01
    outer loop
      vertex   3.491135e+02 3.261625e+02 1.690000e+02
      vertex   3.493574e+02 3.261016e+02 1.688706e+02
      vertex   3.494017e+02 3.260726e+02 1.690000e+02
    endloop
  endfacet
  facet normal -1.928490e-01 -9.695172e-01 -1.511481e-01
    outer loop
      vertex   3.494017e+02 3.260726e+02 1.690000e+02
      vertex   3.493574e+02 3.261016e+02 1.688706e+02
      vertex   3.496759e+02 3.260383e+02 1.688706e+02
    endloop
  endfacet
  facet normal -1.789558e-01 -9.765302e-01 -1.198484e-01
    outer loop
      vertex   3.494017e+02 3.260726e+02 1.690000e+02
      vertex   3.496759e+02 3.260383e+02 1.688706e+02
      vertex   3.496987e+02 3.260182e+02 1.690000e+02
    endloop
  endfacet
  facet normal -6.474345e-02 -9.877942e-01 -1.416720e-01
    outer loop
      vertex   3.496987e+02 3.260182e+02 1.690000e+02
      vertex   3.496759e+02 3.260383e+02 1.688706e+02
      vertex   3.500000e+02 3.260170e+02 1.688706e+02
    endloop
  endfacet
  facet normal -5.986381e-02 -9.896668e-01 -1.302921e-01
    outer loop
      vertex   3.496987e+02 3.260182e+02 1.690000e+02
      vertex   3.500000e+02 3.260170e+02 1.688706e+02
      vertex   3.500000e+02 3.260000e+02 1.690000e+02
    endloop
  endfacet
  facet normal -9.221903e-01 -6.044355e-02 -3.819838e-01
    outer loop
      vertex   3.475170e+02 3.285000e+02 1.688706e+02
      vertex   3.475670e+02 3.285000e+02 1.687500e+02
      vertex   3.475383e+02 3.281759e+02 1.688706e+02
    endloop
  endfacet
  facet normal -9.221903e-01 -6.044355e-02 -3.819838e-01
    outer loop
      vertex   3.475383e+02 3.281759e+02 1.688706e+02
      vertex   3.475670e+02 3.285000e+02 1.687500e+02
      vertex   3.475878e+02 3.281824e+02 1.687500e+02
    endloop
  endfacet
  facet normal -9.064114e-01 -1.802964e-01 -3.819838e-01
    outer loop
      vertex   3.475383e+02 3.281759e+02 1.688706e+02
      vertex   3.475878e+02 3.281824e+02 1.687500e+02
      vertex   3.476016e+02 3.278574e+02 1.688706e+02
    endloop
  endfacet
  facet normal -9.064114e-01 -1.802964e-01 -3.819838e-01
    outer loop
      vertex   3.476016e+02 3.278574e+02 1.688706e+02
      vertex   3.475878e+02 3.281824e+02 1.687500e+02
      vertex   3.476499e+02 3.278703e+02 1.687500e+02
    endloop
  endfacet
  facet normal -8.751235e-01 -2.970644e-01 -3.819837e-01
    outer loop
      vertex   3.476016e+02 3.278574e+02 1.688706e+02
      vertex   3.476499e+02 3.278703e+02 1.687500e+02
      vertex   3.477060e+02 3.275498e+02 1.688706e+02
    endloop
  endfacet
  facet normal -8.751235e-01 -2.970644e-01 -3.819837e-01
    outer loop
      vertex   3.477060e+02 3.275498e+02 1.688706e+02
      vertex   3.476499e+02 3.278703e+02 1.687500e+02
      vertex   3.477522e+02 3.275689e+02 1.687500e+02
    endloop
  endfacet
  facet normal -8.288620e-01 -4.087495e-01 -3.819837e-01
    outer loop
      vertex   3.477060e+02 3.275498e+02 1.688706e+02
      vertex   3.477522e+02 3.275689e+02 1.687500e+02
      vertex   3.478497e+02 3.272585e+02 1.688706e+02
    endloop
  endfacet
  facet normal -8.288620e-01 -4.087495e-01 -3.819837e-01
    outer loop
      vertex   3.478497e+02 3.272585e+02 1.688706e+02
      vertex   3.477522e+02 3.275689e+02 1.687500e+02
      vertex   3.478929e+02 3.272835e+02 1.687500e+02
    endloop
  endfacet
  facet normal -7.684185e-01 -5.134408e-01 -3.819837e-01
    outer loop
      vertex   3.478497e+02 3.272585e+02 1.688706e+02
      vertex   3.478929e+02 3.272835e+02 1.687500e+02
      vertex   3.480301e+02 3.269885e+02 1.688706e+02
    endloop
  endfacet
  facet normal -7.684185e-01 -5.134408e-01 -3.819837e-01
    outer loop
      vertex   3.480301e+02 3.269885e+02 1.688706e+02
      vertex   3.478929e+02 3.272835e+02 1.687500e+02
      vertex   3.480698e+02 3.270189e+02 1.687500e+02
    endloop
  endfacet
  facet normal -6.948271e-01 -6.093470e-01 -3.819837e-01
    outer loop
      vertex   3.480301e+02 3.269885e+02 1.688706e+02
      vertex   3.480698e+02 3.270189e+02 1.687500e+02
      vertex   3.482443e+02 3.267443e+02 1.688706e+02
    endloop
  endfacet
  facet normal -6.948271e-01 -6.093470e-01 -3.819837e-01
    outer loop
      vertex   3.482443e+02 3.267443e+02 1.688706e+02
      vertex   3.480698e+02 3.270189e+02 1.687500e+02
      vertex   3.482796e+02 3.267796e+02 1.687500e+02
    endloop
  endfacet
  facet normal -6.093470e-01 -6.948271e-01 -3.819837e-01
    outer loop
      vertex   3.482443e+02 3.267443e+02 1.688706e+02
      vertex   3.482796e+02 3.267796e+02 1.687500e+02
      vertex   3.484885e+02 3.265301e+02 1.688706e+02
    endloop
  endfacet
  facet normal -6.093470e-01 -6.948271e-01 -3.819837e-01
    outer loop
      vertex   3.484885e+02 3.265301e+02 1.688706e+02
      vertex   3.482796e+02 3.267796e+02 1.687500e+02
      vertex   3.485189e+02 3.265698e+02 1.687500e+02
    endloop
  endfacet
  facet normal -5.134408e-01 -7.684185e-01 -3.819837e-01
    outer loop
      vertex   3.484885e+02 3.265301e+02 1.688706e+02
      vertex   3.485189e+02 3.265698e+02 1.687500e+02
      vertex   3.487585e+02 3.263497e+02 1.688706e+02
    endloop
  endfacet
  facet normal -5.134408e-01 -7.684185e-01 -3.819837e-01
    outer loop
      vertex   3.487585e+02 3.263497e+02 1.688706e+02
      vertex   3.485189e+02 3.265698e+02 1.687500e+02
      vertex   3.487835e+02 3.263929e+02 1.687500e+02
    endloop
  endfacet
  facet normal -4.087495e-01 -8.288620e-01 -3.819837e-01
    outer loop
      vertex   3.487585e+02 3.263497e+02 1.688706e+02
      vertex   3.487835e+02 3.263929e+02 1.687500e+02
      vertex   3.490498e+02 3.262060e+02 1.688706e+02
    endloop
  endfacet
  facet normal -4.087495e-01 -8.288620e-01 -3.819837e-01
    outer loop
      vertex   3.490498e+02 3.262060e+02 1.688706e+02
      vertex   3.487835e+02 3.263929e+02 1.687500e+02
      vertex   3.490689e+02 3.262522e+02 1.687500e+02
    endloop
  endfacet
  facet normal -2.970644e-01 -8.751235e-01 -3.819837e-01
    outer loop
      vertex   3.490498e+02 3.262060e+02 1.688706e+02
      vertex   3.490689e+02 3.262522e+02 1.687500e+02
      vertex   3.493574e+02 3.261016e+02 1.688706e+02
    endloop
  endfacet
  facet normal -2.970644e-01 -8.751235e-01 -3.819837e-01
    outer loop
      vertex   3.493574e+02 3.261016e+02 1.688706e+02
      vertex   3.490689e+02 3.262522e+02 1.687500e+02
      vertex   3.493703e+02 3.261499e+02 1.687500e+02
    endloop
  endfacet
  facet normal -1.802964e-01 -9.064114e-01 -3.819837e-01
    outer loop
      vertex   3.493574e+02 3.261016e+02 1.688706e+02
      vertex   3.493703e+02 3.261499e+02 1.687500e+02
      vertex   3.496759e+02 3.260383e+02 1.688706e+02
    endloop
  endfacet
  facet normal -1.802964e-01 -9.064114e-01 -3.819837e-01
    outer loop
      vertex   3.496759e+02 3.260383e+02 1.688706e+02
      vertex   3.493703e+02 3.261499e+02 1.687500e+02
      vertex   3.496824e+02 3.260878e+02 1.687500e+02
    endloop
  endfacet
  facet normal -6.044354e-02 -9.221903e-01 -3.819837e-01
    outer loop
      vertex   3.496759e+02 3.260383e+02 1.688706e+02
      vertex   3.496824e+02 3.260878e+02 1.687500e+02
      vertex   3.500000e+02 3.260170e+02 1.688706e+02
    endloop
  endfacet
  facet normal -6.044354e-02 -9.221903e-01 -3.819837e-01
    outer loop
      vertex   3.500000e+02 3.260170e+02 1.688706e+02
      vertex   3.496824e+02 3.260878e+02 1.687500e+02
      vertex   3.500000e+02 3.260670e+02 1.687500e+02
    endloop
  endfacet
  facet normal -5.192896e-02 -7.922829e-01 -6.079401e-01
    outer loop
      vertex   3.500000e+02 3.260670e+02 1.687500e+02
      vertex   3.496824e+02 3.260878e+02 1.687500e+02
      vertex   3.496928e+02 3.261666e+02 1.686464e+02
    endloop
  endfacet
  facet normal -5.192896e-02 -7.922829e-01 -6.079401e-01
    outer loop
      vertex   3.500000e+02 3.260670e+02 1.687500e+02
      vertex   3.496928e+02 3.261666e+02 1.686464e+02
      vertex   3.500000e+02 3.261464e+02 1.686464e+02
    endloop
  endfacet
  facet normal -3.986860e-02 -6.082774e-01 -7.927226e-01
    outer loop
      vertex   3.500000e+02 3.261464e+02 1.686464e+02
      vertex   3.496928e+02 3.261666e+02 1.686464e+02
      vertex   3.497063e+02 3.262692e+02 1.685670e+02
    endloop
  endfacet
  facet normal -3.986860e-02 -6.082774e-01 -7.927226e-01
    outer loop
      vertex   3.500000e+02 3.261464e+02 1.686464e+02
      vertex   3.497063e+02 3.262692e+02 1.685670e+02
      vertex   3.500000e+02 3.262500e+02 1.685670e+02
    endloop
  endfacet
  facet normal -2.507450e-02 -3.825631e-01 -9.235891e-01
    outer loop
      vertex   3.500000e+02 3.262500e+02 1.685670e+02
      vertex   3.497063e+02 3.262692e+02 1.685670e+02
      vertex   3.497221e+02 3.263888e+02 1.685170e+02
    endloop
  endfacet
  facet normal -2.507450e-02 -3.825631e-01 -9.235891e-01
    outer loop
      vertex   3.500000e+02 3.262500e+02 1.685670e+02
      vertex   3.497221e+02 3.263888e+02 1.685170e+02
      vertex   3.500000e+02 3.263706e+02 1.685170e+02
    endloop
  endfacet
  facet normal -8.554815e-03 -1.305214e-01 -9.914086e-01
    outer loop
      vertex   3.500000e+02 3.263706e+02 1.685170e+02
      vertex   3.497221e+02 3.263888e+02 1.685170e+02
      vertex   3.500000e+02 3.265000e+02 1.685000e+02
    endloop
  endfacet
  facet normal -9.218653e-03 -1.288938e-01 -9.916156e-01
    outer loop
      vertex   3.500000e+02 3.265000e+02 1.685000e+02
      vertex   3.497221e+02 3.263888e+02 1.685170e+02
      vertex   3.497154e+02 3.265204e+02 1.685000e+02
    endloop
  endfacet
  facet normal -2.579594e-02 -1.296850e-01 -9.912196e-01
    outer loop
      vertex   3.497154e+02 3.265204e+02 1.685000e+02
      vertex   3.497221e+02 3.263888e+02 1.685170e+02
      vertex   3.494489e+02 3.264431e+02 1.685170e+02
    endloop
  endfacet
  facet normal -2.719092e-02 -1.249947e-01 -9.917847e-01
    outer loop
      vertex   3.497154e+02 3.265204e+02 1.685000e+02
      vertex   3.494489e+02 3.264431e+02 1.685170e+02
      vertex   3.494365e+02 3.265810e+02 1.685000e+02
    endloop
  endfacet
  facet normal -4.287604e-02 -1.263088e-01 -9.910639e-01
    outer loop
      vertex   3.494365e+02 3.265810e+02 1.685000e+02
      vertex   3.494489e+02 3.264431e+02 1.685170e+02
      vertex   3.491851e+02 3.265327e+02 1.685170e+02
    endloop
  endfacet
  facet normal -4.435424e-02 -1.189184e-01 -9.919129e-01
    outer loop
      vertex   3.494365e+02 3.265810e+02 1.685000e+02
      vertex   3.491851e+02 3.265327e+02 1.685170e+02
      vertex   3.491692e+02 3.266807e+02 1.685000e+02
    endloop
  endfacet
  facet normal -5.938725e-02 -1.204255e-01 -9.909444e-01
    outer loop
      vertex   3.491692e+02 3.266807e+02 1.685000e+02
      vertex   3.491851e+02 3.265327e+02 1.685170e+02
      vertex   3.489353e+02 3.266559e+02 1.685170e+02
    endloop
  endfacet
  facet normal -6.048970e-02 -1.107786e-01 -9.920026e-01
    outer loop
      vertex   3.491692e+02 3.266807e+02 1.685000e+02
      vertex   3.489353e+02 3.266559e+02 1.685170e+02
      vertex   3.489187e+02 3.268175e+02 1.685000e+02
    endloop
  endfacet
  facet normal -7.492928e-02 -1.121396e-01 -9.908634e-01
    outer loop
      vertex   3.489187e+02 3.268175e+02 1.685000e+02
      vertex   3.489353e+02 3.266559e+02 1.685170e+02
      vertex   3.487037e+02 3.268106e+02 1.685170e+02
    endloop
  endfacet
  facet normal -7.538885e-02 -1.007077e-01 -9.920557e-01
    outer loop
      vertex   3.489187e+02 3.268175e+02 1.685000e+02
      vertex   3.487037e+02 3.268106e+02 1.685170e+02
      vertex   3.486903e+02 3.269885e+02 1.685000e+02
    endloop
  endfacet
  facet normal -8.912339e-02 -1.016258e-01 -9.908225e-01
    outer loop
      vertex   3.486903e+02 3.269885e+02 1.685000e+02
      vertex   3.487037e+02 3.268106e+02 1.685170e+02
      vertex   3.484943e+02 3.269943e+02 1.685170e+02
    endloop
  endfacet
  facet normal -8.885557e-02 -8.885558e-02 -9.920733e-01
    outer loop
      vertex   3.486903e+02 3.269885e+02 1.685000e+02
      vertex   3.484943e+02 3.269943e+02 1.685170e+02
      vertex   3.484885e+02 3.271903e+02 1.685000e+02
    endloop
  endfacet
  facet normal -1.016258e-01 -8.912340e-02 -9.908225e-01
    outer loop
      vertex   3.484885e+02 3.271903e+02 1.685000e+02
      vertex   3.484943e+02 3.269943e+02 1.685170e+02
      vertex   3.483106e+02 3.272037e+02 1.685170e+02
    endloop
  endfacet
  facet normal -1.007077e-01 -7.538886e-02 -9.920557e-01
    outer loop
      vertex   3.484885e+02 3.271903e+02 1.685000e+02
      vertex   3.483106e+02 3.272037e+02 1.685170e+02
      vertex   3.483175e+02 3.274187e+02 1.685000e+02
    endloop
  endfacet
  facet normal -1.121396e-01 -7.492929e-02 -9.908634e-01
    outer loop
      vertex   3.483175e+02 3.274187e+02 1.685000e+02
      vertex   3.483106e+02 3.272037e+02 1.685170e+02
      vertex   3.481559e+02 3.274353e+02 1.685170e+02
    endloop
  endfacet
  facet normal -1.107786e-01 -6.048971e-02 -9.920026e-01
    outer loop
      vertex   3.483175e+02 3.274187e+02 1.685000e+02
      vertex   3.481559e+02 3.274353e+02 1.685170e+02
      vertex   3.481807e+02 3.276692e+02 1.685000e+02
    endloop
  endfacet
  facet normal -1.204254e-01 -5.938726e-02 -9.909444e-01
    outer loop
      vertex   3.481807e+02 3.276692e+02 1.685000e+02
      vertex   3.481559e+02 3.274353e+02 1.685170e+02
      vertex   3.480327e+02 3.276851e+02 1.685170e+02
    endloop
  endfacet
  facet normal -1.189183e-01 -4.435425e-02 -9.919129e-01
    outer loop
      vertex   3.481807e+02 3.276692e+02 1.685000e+02
      vertex   3.480327e+02 3.276851e+02 1.685170e+02
      vertex   3.480810e+02 3.279365e+02 1.685000e+02
    endloop
  endfacet
  facet normal -1.263088e-01 -4.287605e-02 -9.910639e-01
    outer loop
      vertex   3.480810e+02 3.279365e+02 1.685000e+02
      vertex   3.480327e+02 3.276851e+02 1.685170e+02
      vertex   3.479431e+02 3.279489e+02 1.685170e+02
    endloop
  endfacet
  facet normal -1.249947e-01 -2.719093e-02 -9.917847e-01
    outer loop
      vertex   3.480810e+02 3.279365e+02 1.685000e+02
      vertex   3.479431e+02 3.279489e+02 1.685170e+02
      vertex   3.480204e+02 3.282154e+02 1.685000e+02
    endloop
  endfacet
  facet normal -1.296850e-01 -2.579595e-02 -9.912196e-01
    outer loop
      vertex   3.480204e+02 3.282154e+02 1.685000e+02
      vertex   3.479431e+02 3.279489e+02 1.685170e+02
      vertex   3.478888e+02 3.282221e+02 1.685170e+02
    endloop
  endfacet
  facet normal -1.288937e-01 -9.218663e-03 -9.916156e-01
    outer loop
      vertex   3.480204e+02 3.282154e+02 1.685000e+02
      vertex   3.478888e+02 3.282221e+02 1.685170e+02
      vertex   3.480000e+02 3.285000e+02 1.685000e+02
    endloop
  endfacet
  facet normal -1.305214e-01 -8.554826e-03 -9.914086e-01
    outer loop
      vertex   3.480000e+02 3.285000e+02 1.685000e+02
      vertex   3.478888e+02 3.282221e+02 1.685170e+02
      vertex   3.478706e+02 3.285000e+02 1.685170e+02
    endloop
  endfacet
  facet normal -3.825631e-01 -2.507451e-02 -9.235891e-01
    outer loop
      vertex   3.478706e+02 3.285000e+02 1.685170e+02
      vertex   3.478888e+02 3.282221e+02 1.685170e+02
      vertex   3.477692e+02 3.282063e+02 1.685670e+02
    endloop
  endfacet
  facet normal -3.825631e-01 -2.507451e-02 -9.235891e-01
    outer loop
      vertex   3.478706e+02 3.285000e+02 1.685170e+02
      vertex   3.477692e+02 3.282063e+02 1.685670e+02
      vertex   3.477500e+02 3.285000e+02 1.685670e+02
    endloop
  endfacet
  facet normal -6.082774e-01 -3.986861e-02 -7.927226e-01
    outer loop
      vertex   3.477500e+02 3.285000e+02 1.685670e+02
      vertex   3.477692e+02 3.282063e+02 1.685670e+02
      vertex   3.476666e+02 3.281928e+02 1.686464e+02
    endloop
  endfacet
  facet normal -6.082774e-01 -3.986861e-02 -7.927226e-01
    outer loop
      vertex   3.477500e+02 3.285000e+02 1.685670e+02
      vertex   3.476666e+02 3.281928e+02 1.686464e+02
      vertex   3.476464e+02 3.285000e+02 1.686464e+02
    endloop
  endfacet
  facet normal -7.922829e-01 -5.192897e-02 -6.079401e-01
    outer loop
      vertex   3.476464e+02 3.285000e+02 1.686464e+02
      vertex   3.476666e+02 3.281928e+02 1.686464e+02
      vertex   3.475878e+02 3.281824e+02 1.687500e+02
    endloop
  endfacet
  facet normal -7.922829e-01 -5.192897e-02 -6.079401e-01
    outer loop
      vertex   3.476464e+02 3.285000e+02 1.686464e+02
      vertex   3.475878e+02 3.281824e+02 1.687500e+02
      vertex   3.475670e+02 3.285000e+02 1.687500e+02
    endloop
  endfacet
  facet normal -3.760173e-01 -7.479450e-02 -9.235891e-01
    outer loop
      vertex   3.477692e+02 3.282063e+02 1.685670e+02
      vertex   3.478888e+02 3.282221e+02 1.685170e+02
      vertex   3.478267e+02 3.279177e+02 1.685670e+02
    endloop
  endfacet
  facet normal -3.760173e-01 -7.479450e-02 -9.235891e-01
    outer loop
      vertex   3.478267e+02 3.279177e+02 1.685670e+02
      vertex   3.478888e+02 3.282221e+02 1.685170e+02
      vertex   3.479431e+02 3.279489e+02 1.685170e+02
    endloop
  endfacet
  facet normal -3.630378e-01 -1.232347e-01 -9.235891e-01
    outer loop
      vertex   3.478267e+02 3.279177e+02 1.685670e+02
      vertex   3.479431e+02 3.279489e+02 1.685170e+02
      vertex   3.479213e+02 3.276390e+02 1.685670e+02
    endloop
  endfacet
  facet normal -3.630378e-01 -1.232347e-01 -9.235891e-01
    outer loop
      vertex   3.479213e+02 3.276390e+02 1.685670e+02
      vertex   3.479431e+02 3.279489e+02 1.685170e+02
      vertex   3.480327e+02 3.276851e+02 1.685170e+02
    endloop
  endfacet
  facet normal -3.438466e-01 -1.695664e-01 -9.235891e-01
    outer loop
      vertex   3.479213e+02 3.276390e+02 1.685670e+02
      vertex   3.480327e+02 3.276851e+02 1.685170e+02
      vertex   3.480514e+02 3.273750e+02 1.685670e+02
    endloop
  endfacet
  facet normal -3.438466e-01 -1.695664e-01 -9.235891e-01
    outer loop
      vertex   3.480514e+02 3.273750e+02 1.685670e+02
      vertex   3.480327e+02 3.276851e+02 1.685170e+02
      vertex   3.481559e+02 3.274353e+02 1.685170e+02
    endloop
  endfacet
  facet normal -3.187721e-01 -2.129967e-01 -9.235891e-01
    outer loop
      vertex   3.480514e+02 3.273750e+02 1.685670e+02
      vertex   3.481559e+02 3.274353e+02 1.685170e+02
      vertex   3.482150e+02 3.271303e+02 1.685670e+02
    endloop
  endfacet
  facet normal -3.187721e-01 -2.129967e-01 -9.235891e-01
    outer loop
      vertex   3.482150e+02 3.271303e+02 1.685670e+02
      vertex   3.481559e+02 3.274353e+02 1.685170e+02
      vertex   3.483106e+02 3.272037e+02 1.685170e+02
    endloop
  endfacet
  facet normal -2.882433e-01 -2.527826e-01 -9.235891e-01
    outer loop
      vertex   3.482150e+02 3.271303e+02 1.685670e+02
      vertex   3.483106e+02 3.272037e+02 1.685170e+02
      vertex   3.484090e+02 3.269090e+02 1.685670e+02
    endloop
  endfacet
  facet normal -2.882433e-01 -2.527826e-01 -9.235891e-01
    outer loop
      vertex   3.484090e+02 3.269090e+02 1.685670e+02
      vertex   3.483106e+02 3.272037e+02 1.685170e+02
      vertex   3.484943e+02 3.269943e+02 1.685170e+02
    endloop
  endfacet
  facet normal -2.527826e-01 -2.882433e-01 -9.235891e-01
    outer loop
      vertex   3.484090e+02 3.269090e+02 1.685670e+02
      vertex   3.484943e+02 3.269943e+02 1.685170e+02
      vertex   3.486303e+02 3.267150e+02 1.685670e+02
    endloop
  endfacet
  facet normal -2.527826e-01 -2.882433e-01 -9.235891e-01
    outer loop
      vertex   3.486303e+02 3.267150e+02 1.685670e+02
      vertex   3.484943e+02 3.269943e+02 1.685170e+02
      vertex   3.487037e+02 3.268106e+02 1.685170e+02
    endloop
  endfacet
  facet normal -2.129967e-01 -3.187721e-01 -9.235891e-01
    outer loop
      vertex   3.486303e+02 3.267150e+02 1.685670e+02
      vertex   3.487037e+02 3.268106e+02 1.685170e+02
      vertex   3.488750e+02 3.265514e+02 1.685670e+02
    endloop
  endfacet
  facet normal -2.129967e-01 -3.187721e-01 -9.235891e-01
    outer loop
      vertex   3.488750e+02 3.265514e+02 1.685670e+02
      vertex   3.487037e+02 3.268106e+02 1.685170e+02
      vertex   3.489353e+02 3.266559e+02 1.685170e+02
    endloop
  endfacet
  facet normal -1.695664e-01 -3.438466e-01 -9.235891e-01
    outer loop
      vertex   3.488750e+02 3.265514e+02 1.685670e+02
      vertex   3.489353e+02 3.266559e+02 1.685170e+02
      vertex   3.491390e+02 3.264213e+02 1.685670e+02
    endloop
  endfacet
  facet normal -1.695664e-01 -3.438466e-01 -9.235891e-01
    outer loop
      vertex   3.491390e+02 3.264213e+02 1.685670e+02
      vertex   3.489353e+02 3.266559e+02 1.685170e+02
      vertex   3.491851e+02 3.265327e+02 1.685170e+02
    endloop
  endfacet
  facet normal -1.232347e-01 -3.630378e-01 -9.235891e-01
    outer loop
      vertex   3.491390e+02 3.264213e+02 1.685670e+02
      vertex   3.491851e+02 3.265327e+02 1.685170e+02
      vertex   3.494177e+02 3.263267e+02 1.685670e+02
    endloop
  endfacet
  facet normal -1.232347e-01 -3.630378e-01 -9.235891e-01
    outer loop
      vertex   3.494177e+02 3.263267e+02 1.685670e+02
      vertex   3.491851e+02 3.265327e+02 1.685170e+02
      vertex   3.494489e+02 3.264431e+02 1.685170e+02
    endloop
  endfacet
  facet normal -7.479449e-02 -3.760174e-01 -9.235891e-01
    outer loop
      vertex   3.494177e+02 3.263267e+02 1.685670e+02
      vertex   3.494489e+02 3.264431e+02 1.685170e+02
      vertex   3.497063e+02 3.262692e+02 1.685670e+02
    endloop
  endfacet
  facet normal -7.479449e-02 -3.760174e-01 -9.235891e-01
    outer loop
      vertex   3.497063e+02 3.262692e+02 1.685670e+02
      vertex   3.494489e+02 3.264431e+02 1.685170e+02
      vertex   3.497221e+02 3.263888e+02 1.685170e+02
    endloop
  endfacet
  facet normal -7.787267e-01 -1.548984e-01 -6.079401e-01
    outer loop
      vertex   3.476499e+02 3.278703e+02 1.687500e+02
      vertex   3.475878e+02 3.281824e+02 1.687500e+02
      vertex   3.476666e+02 3.281928e+02 1.686464e+02
    endloop
  endfacet
  facet normal -5.978696e-01 -1.189237e-01 -7.927226e-01
    outer loop
      vertex   3.476666e+02 3.281928e+02 1.686464e+02
      vertex   3.477692e+02 3.282063e+02 1.685670e+02
      vertex   3.477266e+02 3.278909e+02 1.686464e+02
    endloop
  endfacet
  facet normal -5.978696e-01 -1.189237e-01 -7.927226e-01
    outer loop
      vertex   3.477266e+02 3.278909e+02 1.686464e+02
      vertex   3.477692e+02 3.282063e+02 1.685670e+02
      vertex   3.478267e+02 3.279177e+02 1.685670e+02
    endloop
  endfacet
  facet normal -5.772321e-01 -1.959439e-01 -7.927226e-01
    outer loop
      vertex   3.477266e+02 3.278909e+02 1.686464e+02
      vertex   3.478267e+02 3.279177e+02 1.685670e+02
      vertex   3.478256e+02 3.275993e+02 1.686464e+02
    endloop
  endfacet
  facet normal -5.772321e-01 -1.959439e-01 -7.927226e-01
    outer loop
      vertex   3.478256e+02 3.275993e+02 1.686464e+02
      vertex   3.478267e+02 3.279177e+02 1.685670e+02
      vertex   3.479213e+02 3.276390e+02 1.685670e+02
    endloop
  endfacet
  facet normal -5.467180e-01 -2.696115e-01 -7.927226e-01
    outer loop
      vertex   3.478256e+02 3.275993e+02 1.686464e+02
      vertex   3.479213e+02 3.276390e+02 1.685670e+02
      vertex   3.479618e+02 3.273232e+02 1.686464e+02
    endloop
  endfacet
  facet normal -5.467180e-01 -2.696115e-01 -7.927226e-01
    outer loop
      vertex   3.479618e+02 3.273232e+02 1.686464e+02
      vertex   3.479213e+02 3.276390e+02 1.685670e+02
      vertex   3.480514e+02 3.273750e+02 1.685670e+02
    endloop
  endfacet
  facet normal -5.068494e-01 -3.386659e-01 -7.927226e-01
    outer loop
      vertex   3.479618e+02 3.273232e+02 1.686464e+02
      vertex   3.480514e+02 3.273750e+02 1.685670e+02
      vertex   3.481328e+02 3.270672e+02 1.686464e+02
    endloop
  endfacet
  facet normal -5.068494e-01 -3.386659e-01 -7.927226e-01
    outer loop
      vertex   3.481328e+02 3.270672e+02 1.686464e+02
      vertex   3.480514e+02 3.273750e+02 1.685670e+02
      vertex   3.482150e+02 3.271303e+02 1.685670e+02
    endloop
  endfacet
  facet normal -4.583084e-01 -4.019257e-01 -7.927226e-01
    outer loop
      vertex   3.481328e+02 3.270672e+02 1.686464e+02
      vertex   3.482150e+02 3.271303e+02 1.685670e+02
      vertex   3.483358e+02 3.268358e+02 1.686464e+02
    endloop
  endfacet
  facet normal -4.583084e-01 -4.019257e-01 -7.927226e-01
    outer loop
      vertex   3.483358e+02 3.268358e+02 1.686464e+02
      vertex   3.482150e+02 3.271303e+02 1.685670e+02
      vertex   3.484090e+02 3.269090e+02 1.685670e+02
    endloop
  endfacet
  facet normal -4.019257e-01 -4.583085e-01 -7.927226e-01
    outer loop
      vertex   3.483358e+02 3.268358e+02 1.686464e+02
      vertex   3.484090e+02 3.269090e+02 1.685670e+02
      vertex   3.485672e+02 3.266328e+02 1.686464e+02
    endloop
  endfacet
  facet normal -4.019257e-01 -4.583085e-01 -7.927226e-01
    outer loop
      vertex   3.485672e+02 3.266328e+02 1.686464e+02
      vertex   3.484090e+02 3.269090e+02 1.685670e+02
      vertex   3.486303e+02 3.267150e+02 1.685670e+02
    endloop
  endfacet
  facet normal -3.386659e-01 -5.068494e-01 -7.927226e-01
    outer loop
      vertex   3.485672e+02 3.266328e+02 1.686464e+02
      vertex   3.486303e+02 3.267150e+02 1.685670e+02
      vertex   3.488232e+02 3.264618e+02 1.686464e+02
    endloop
  endfacet
  facet normal -3.386659e-01 -5.068494e-01 -7.927226e-01
    outer loop
      vertex   3.488232e+02 3.264618e+02 1.686464e+02
      vertex   3.486303e+02 3.267150e+02 1.685670e+02
      vertex   3.488750e+02 3.265514e+02 1.685670e+02
    endloop
  endfacet
  facet normal -2.696115e-01 -5.467180e-01 -7.927226e-01
    outer loop
      vertex   3.488232e+02 3.264618e+02 1.686464e+02
      vertex   3.488750e+02 3.265514e+02 1.685670e+02
      vertex   3.490993e+02 3.263256e+02 1.686464e+02
    endloop
  endfacet
  facet normal -2.696115e-01 -5.467180e-01 -7.927226e-01
    outer loop
      vertex   3.490993e+02 3.263256e+02 1.686464e+02
      vertex   3.488750e+02 3.265514e+02 1.685670e+02
      vertex   3.491390e+02 3.264213e+02 1.685670e+02
    endloop
  endfacet
  facet normal -1.959439e-01 -5.772321e-01 -7.927226e-01
    outer loop
      vertex   3.490993e+02 3.263256e+02 1.686464e+02
      vertex   3.491390e+02 3.264213e+02 1.685670e+02
      vertex   3.493909e+02 3.262266e+02 1.686464e+02
    endloop
  endfacet
  facet normal -1.959439e-01 -5.772321e-01 -7.927226e-01
    outer loop
      vertex   3.493909e+02 3.262266e+02 1.686464e+02
      vertex   3.491390e+02 3.264213e+02 1.685670e+02
      vertex   3.494177e+02 3.263267e+02 1.685670e+02
    endloop
  endfacet
  facet normal -1.189237e-01 -5.978696e-01 -7.927226e-01
    outer loop
      vertex   3.493909e+02 3.262266e+02 1.686464e+02
      vertex   3.494177e+02 3.263267e+02 1.685670e+02
      vertex   3.496928e+02 3.261666e+02 1.686464e+02
    endloop
  endfacet
  facet normal -1.189237e-01 -5.978696e-01 -7.927226e-01
    outer loop
      vertex   3.496928e+02 3.261666e+02 1.686464e+02
      vertex   3.494177e+02 3.263267e+02 1.685670e+02
      vertex   3.497063e+02 3.262692e+02 1.685670e+02
    endloop
  endfacet
  facet normal -7.518463e-01 -2.552174e-01 -6.079401e-01
    outer loop
      vertex   3.477522e+02 3.275689e+02 1.687500e+02
      vertex   3.476499e+02 3.278703e+02 1.687500e+02
      vertex   3.477266e+02 3.278909e+02 1.686464e+02
    endloop
  endfacet
  facet normal -7.787267e-01 -1.548984e-01 -6.079401e-01
    outer loop
      vertex   3.477266e+02 3.278909e+02 1.686464e+02
      vertex   3.476499e+02 3.278703e+02 1.687500e+02
      vertex   3.476666e+02 3.281928e+02 1.686464e+02
    endloop
  endfacet
  facet normal -7.518463e-01 -2.552174e-01 -6.079401e-01
    outer loop
      vertex   3.477522e+02 3.275689e+02 1.687500e+02
      vertex   3.477266e+02 3.278909e+02 1.686464e+02
      vertex   3.478256e+02 3.275993e+02 1.686464e+02
    endloop
  endfacet
  facet normal -7.121016e-01 -3.511697e-01 -6.079401e-01
    outer loop
      vertex   3.478929e+02 3.272835e+02 1.687500e+02
      vertex   3.477522e+02 3.275689e+02 1.687500e+02
      vertex   3.478256e+02 3.275993e+02 1.686464e+02
    endloop
  endfacet
  facet normal -7.121016e-01 -3.511697e-01 -6.079401e-01
    outer loop
      vertex   3.478929e+02 3.272835e+02 1.687500e+02
      vertex   3.478256e+02 3.275993e+02 1.686464e+02
      vertex   3.479618e+02 3.273232e+02 1.686464e+02
    endloop
  endfacet
  facet normal -6.601727e-01 -4.411133e-01 -6.079401e-01
    outer loop
      vertex   3.480698e+02 3.270189e+02 1.687500e+02
      vertex   3.478929e+02 3.272835e+02 1.687500e+02
      vertex   3.479618e+02 3.273232e+02 1.686464e+02
    endloop
  endfacet
  facet normal -6.601727e-01 -4.411133e-01 -6.079401e-01
    outer loop
      vertex   3.480698e+02 3.270189e+02 1.687500e+02
      vertex   3.479618e+02 3.273232e+02 1.686464e+02
      vertex   3.481328e+02 3.270672e+02 1.686464e+02
    endloop
  endfacet
  facet normal -5.969480e-01 -5.235093e-01 -6.079401e-01
    outer loop
      vertex   3.482796e+02 3.267796e+02 1.687500e+02
      vertex   3.480698e+02 3.270189e+02 1.687500e+02
      vertex   3.481328e+02 3.270672e+02 1.686464e+02
    endloop
  endfacet
  facet normal -5.969480e-01 -5.235093e-01 -6.079401e-01
    outer loop
      vertex   3.482796e+02 3.267796e+02 1.687500e+02
      vertex   3.481328e+02 3.270672e+02 1.686464e+02
      vertex   3.483358e+02 3.268358e+02 1.686464e+02
    endloop
  endfacet
  facet normal -5.235093e-01 -5.969480e-01 -6.079401e-01
    outer loop
      vertex   3.485189e+02 3.265698e+02 1.687500e+02
      vertex   3.482796e+02 3.267796e+02 1.687500e+02
      vertex   3.483358e+02 3.268358e+02 1.686464e+02
    endloop
  endfacet
  facet normal -5.235093e-01 -5.969480e-01 -6.079401e-01
    outer loop
      vertex   3.485189e+02 3.265698e+02 1.687500e+02
      vertex   3.483358e+02 3.268358e+02 1.686464e+02
      vertex   3.485672e+02 3.266328e+02 1.686464e+02
    endloop
  endfacet
  facet normal -4.411133e-01 -6.601727e-01 -6.079401e-01
    outer loop
      vertex   3.487835e+02 3.263929e+02 1.687500e+02
      vertex   3.485189e+02 3.265698e+02 1.687500e+02
      vertex   3.485672e+02 3.266328e+02 1.686464e+02
    endloop
  endfacet
  facet normal -4.411133e-01 -6.601727e-01 -6.079401e-01
    outer loop
      vertex   3.487835e+02 3.263929e+02 1.687500e+02
      vertex   3.485672e+02 3.266328e+02 1.686464e+02
      vertex   3.488232e+02 3.264618e+02 1.686464e+02
    endloop
  endfacet
  facet normal -3.511697e-01 -7.121016e-01 -6.079401e-01
    outer loop
      vertex   3.490689e+02 3.262522e+02 1.687500e+02
      vertex   3.487835e+02 3.263929e+02 1.687500e+02
      vertex   3.488232e+02 3.264618e+02 1.686464e+02
    endloop
  endfacet
  facet normal -3.511697e-01 -7.121016e-01 -6.079401e-01
    outer loop
      vertex   3.490689e+02 3.262522e+02 1.687500e+02
      vertex   3.488232e+02 3.264618e+02 1.686464e+02
      vertex   3.490993e+02 3.263256e+02 1.686464e+02
    endloop
  endfacet
  facet normal -2.552174e-01 -7.518463e-01 -6.079401e-01
    outer loop
      vertex   3.493703e+02 3.261499e+02 1.687500e+02
      vertex   3.490689e+02 3.262522e+02 1.687500e+02
      vertex   3.490993e+02 3.263256e+02 1.686464e+02
    endloop
  endfacet
  facet normal -2.552174e-01 -7.518463e-01 -6.079401e-01
    outer loop
      vertex   3.493703e+02 3.261499e+02 1.687500e+02
      vertex   3.490993e+02 3.263256e+02 1.686464e+02
      vertex   3.493909e+02 3.262266e+02 1.686464e+02
    endloop
  endfacet
  facet normal -1.548984e-01 -7.787268e-01 -6.079401e-01
    outer loop
      vertex   3.496824e+02 3.260878e+02 1.687500e+02
      vertex   3.493703e+02 3.261499e+02 1.687500e+02
      vertex   3.493909e+02 3.262266e+02 1.686464e+02
    endloop
  endfacet
  facet normal -1.548984e-01 -7.787268e-01 -6.079401e-01
    outer loop
      vertex   3.496824e+02 3.260878e+02 1.687500e+02
      vertex   3.493909e+02 3.262266e+02 1.686464e+02
      vertex   3.496928e+02 3.261666e+02 1.686464e+02
    endloop
  endfacet
  facet normal -9.914449e-01 -3.888826e-11 -1.305262e-01
    outer loop
      vertex   3.475170e+02 3.435000e+02 1.688706e+02
      vertex   3.475170e+02 3.410000e+02 1.688706e+02
      vertex   3.475000e+02 3.435000e+02 1.690000e+02
    endloop
  endfacet
  facet normal -9.914449e-01 -3.891080e-11 -1.305262e-01
    outer loop
      vertex   3.475000e+02 3.435000e+02 1.690000e+02
      vertex   3.475170e+02 3.410000e+02 1.688706e+02
      vertex   3.475170e+02 3.385000e+02 1.688706e+02
    endloop
  endfacet
  facet normal -9.914449e-01 -3.888974e-11 -1.305262e-01
    outer loop
      vertex   3.475000e+02 3.435000e+02 1.690000e+02
      vertex   3.475170e+02 3.385000e+02 1.688706e+02
      vertex   3.475170e+02 3.360000e+02 1.688706e+02
    endloop
  endfacet
  facet normal -9.238795e-01 3.891172e-11 -3.826834e-01
    outer loop
      vertex   3.475170e+02 3.360000e+02 1.688706e+02
      vertex   3.475170e+02 3.385000e+02 1.688706e+02
      vertex   3.475670e+02 3.385000e+02 1.687500e+02
    endloop
  endfacet
  facet normal -9.238795e-01 -3.113412e-11 -3.826834e-01
    outer loop
      vertex   3.475170e+02 3.360000e+02 1.688706e+02
      vertex   3.475670e+02 3.385000e+02 1.687500e+02
      vertex   3.475670e+02 3.360000e+02 1.687500e+02
    endloop
  endfacet
  facet normal -7.933533e-01 3.111442e-11 -6.087614e-01
    outer loop
      vertex   3.475670e+02 3.360000e+02 1.687500e+02
      vertex   3.475670e+02 3.385000e+02 1.687500e+02
      vertex   3.476464e+02 3.385000e+02 1.686464e+02
    endloop
  endfacet
  facet normal -7.933533e-01 -2.332642e-11 -6.087614e-01
    outer loop
      vertex   3.475670e+02 3.360000e+02 1.687500e+02
      vertex   3.476464e+02 3.385000e+02 1.686464e+02
      vertex   3.476464e+02 3.360000e+02 1.686464e+02
    endloop
  endfacet
  facet normal -6.087614e-01 2.335830e-11 -7.933533e-01
    outer loop
      vertex   3.476464e+02 3.360000e+02 1.686464e+02
      vertex   3.476464e+02 3.385000e+02 1.686464e+02
      vertex   3.477500e+02 3.385000e+02 1.685670e+02
    endloop
  endfacet
  facet normal -6.087614e-01 -1.555721e-11 -7.933533e-01
    outer loop
      vertex   3.476464e+02 3.360000e+02 1.686464e+02
      vertex   3.477500e+02 3.385000e+02 1.685670e+02
      vertex   3.477500e+02 3.360000e+02 1.685670e+02
    endloop
  endfacet
  facet normal -3.826834e-01 1.556706e-11 -9.238795e-01
    outer loop
      vertex   3.477500e+02 3.360000e+02 1.685670e+02
      vertex   3.477500e+02 3.385000e+02 1.685670e+02
      vertex   3.478706e+02 3.385000e+02 1.685170e+02
    endloop
  endfacet
  facet normal -3.826834e-01 -7.787205e-12 -9.238795e-01
    outer loop
      vertex   3.477500e+02 3.360000e+02 1.685670e+02
      vertex   3.478706e+02 3.385000e+02 1.685170e+02
      vertex   3.478706e+02 3.360000e+02 1.685170e+02
    endloop
  endfacet
  facet normal -1.305262e-01 7.777829e-12 -9.914449e-01
    outer loop
      vertex   3.478706e+02 3.360000e+02 1.685170e+02
      vertex   3.478706e+02 3.385000e+02 1.685170e+02
      vertex   3.480000e+02 3.435000e+02 1.685000e+02
    endloop
  endfacet
  facet normal -1.305262e-01 -9.892363e-16 -9.914449e-01
    outer loop
      vertex   3.478706e+02 3.360000e+02 1.685170e+02
      vertex   3.480000e+02 3.435000e+02 1.685000e+02
      vertex   3.480000e+02 3.285000e+02 1.685000e+02
    endloop
  endfacet
  facet normal -9.238795e-01 3.891607e-11 -3.826834e-01
    outer loop
      vertex   3.475170e+02 3.435000e+02 1.688706e+02
      vertex   3.475670e+02 3.435000e+02 1.687500e+02
      vertex   3.475170e+02 3.410000e+02 1.688706e+02
    endloop
  endfacet
  facet normal -9.238795e-01 -3.113412e-11 -3.826834e-01
    outer loop
      vertex   3.475170e+02 3.410000e+02 1.688706e+02
      vertex   3.475670e+02 3.435000e+02 1.687500e+02
      vertex   3.475670e+02 3.410000e+02 1.687500e+02
    endloop
  endfacet
  facet normal -9.238795e-01 3.889507e-11 -3.826834e-01
    outer loop
      vertex   3.475170e+02 3.410000e+02 1.688706e+02
      vertex   3.475670e+02 3.410000e+02 1.687500e+02
      vertex   3.475170e+02 3.385000e+02 1.688706e+02
    endloop
  endfacet
  facet normal -9.238795e-01 -3.110081e-11 -3.826834e-01
    outer loop
      vertex   3.475170e+02 3.385000e+02 1.688706e+02
      vertex   3.475670e+02 3.410000e+02 1.687500e+02
      vertex   3.475670e+02 3.385000e+02 1.687500e+02
    endloop
  endfacet
  facet normal -7.933533e-01 3.111441e-11 -6.087614e-01
    outer loop
      vertex   3.475670e+02 3.435000e+02 1.687500e+02
      vertex   3.476464e+02 3.435000e+02 1.686464e+02
      vertex   3.475670e+02 3.410000e+02 1.687500e+02
    endloop
  endfacet
  facet normal -7.933533e-01 -2.334446e-11 -6.087614e-01
    outer loop
      vertex   3.475670e+02 3.410000e+02 1.687500e+02
      vertex   3.476464e+02 3.435000e+02 1.686464e+02
      vertex   3.476464e+02 3.410000e+02 1.686464e+02
    endloop
  endfacet
  facet normal -7.933533e-01 3.113665e-11 -6.087614e-01
    outer loop
      vertex   3.475670e+02 3.410000e+02 1.687500e+02
      vertex   3.476464e+02 3.410000e+02 1.686464e+02
      vertex   3.475670e+02 3.385000e+02 1.687500e+02
    endloop
  endfacet
  facet normal -7.933533e-01 -2.334026e-11 -6.087614e-01
    outer loop
      vertex   3.475670e+02 3.385000e+02 1.687500e+02
      vertex   3.476464e+02 3.410000e+02 1.686464e+02
      vertex   3.476464e+02 3.385000e+02 1.686464e+02
    endloop
  endfacet
  facet normal -6.087614e-01 2.334446e-11 -7.933533e-01
    outer loop
      vertex   3.476464e+02 3.435000e+02 1.686464e+02
      vertex   3.477500e+02 3.435000e+02 1.685670e+02
      vertex   3.476464e+02 3.410000e+02 1.686464e+02
    endloop
  endfacet
  facet normal -6.087614e-01 -1.555721e-11 -7.933533e-01
    outer loop
      vertex   3.476464e+02 3.410000e+02 1.686464e+02
      vertex   3.477500e+02 3.435000e+02 1.685670e+02
      vertex   3.477500e+02 3.410000e+02 1.685670e+02
    endloop
  endfacet
  facet normal -6.087614e-01 2.334026e-11 -7.933533e-01
    outer loop
      vertex   3.476464e+02 3.410000e+02 1.686464e+02
      vertex   3.477500e+02 3.410000e+02 1.685670e+02
      vertex   3.476464e+02 3.385000e+02 1.686464e+02
    endloop
  endfacet
  facet normal -6.087614e-01 -1.554337e-11 -7.933533e-01
    outer loop
      vertex   3.476464e+02 3.385000e+02 1.686464e+02
      vertex   3.477500e+02 3.410000e+02 1.685670e+02
      vertex   3.477500e+02 3.385000e+02 1.685670e+02
    endloop
  endfacet
  facet normal -3.826834e-01 1.556706e-11 -9.238795e-01
    outer loop
      vertex   3.477500e+02 3.435000e+02 1.685670e+02
      vertex   3.478706e+02 3.435000e+02 1.685170e+02
      vertex   3.477500e+02 3.410000e+02 1.685670e+02
    endloop
  endfacet
  facet normal -3.826834e-01 -7.766195e-12 -9.238795e-01
    outer loop
      vertex   3.477500e+02 3.410000e+02 1.685670e+02
      vertex   3.478706e+02 3.435000e+02 1.685170e+02
      vertex   3.478706e+02 3.410000e+02 1.685170e+02
    endloop
  endfacet
  facet normal -3.826834e-01 1.557577e-11 -9.238795e-01
    outer loop
      vertex   3.477500e+02 3.410000e+02 1.685670e+02
      vertex   3.478706e+02 3.410000e+02 1.685170e+02
      vertex   3.477500e+02 3.385000e+02 1.685670e+02
    endloop
  endfacet
  facet normal -3.826834e-01 -7.778502e-12 -9.238795e-01
    outer loop
      vertex   3.477500e+02 3.385000e+02 1.685670e+02
      vertex   3.478706e+02 3.410000e+02 1.685170e+02
      vertex   3.478706e+02 3.385000e+02 1.685170e+02
    endloop
  endfacet
  facet normal -1.305262e-01 7.800371e-12 -9.914449e-01
    outer loop
      vertex   3.478706e+02 3.435000e+02 1.685170e+02
      vertex   3.480000e+02 3.435000e+02 1.685000e+02
      vertex   3.478706e+02 3.410000e+02 1.685170e+02
    endloop
  endfacet
  facet normal -1.305262e-01 7.780796e-12 -9.914449e-01
    outer loop
      vertex   3.478706e+02 3.410000e+02 1.685170e+02
      vertex   3.480000e+02 3.435000e+02 1.685000e+02
      vertex   3.478706e+02 3.385000e+02 1.685170e+02
    endloop
  endfacet
  facet normal -1.305262e-01 7.792068e-12 -9.914449e-01
    outer loop
      vertex   3.478706e+02 3.285000e+02 1.685170e+02
      vertex   3.478706e+02 3.310000e+02 1.685170e+02
      vertex   3.480000e+02 3.285000e+02 1.685000e+02
    endloop
  endfacet
  facet normal -1.305262e-01 7.789100e-12 -9.914449e-01
    outer loop
      vertex   3.480000e+02 3.285000e+02 1.685000e+02
      vertex   3.478706e+02 3.310000e+02 1.685170e+02
      vertex   3.478706e+02 3.335000e+02 1.685170e+02
    endloop
  endfacet
  facet normal -1.305262e-01 7.780796e-12 -9.914449e-01
    outer loop
      vertex   3.480000e+02 3.285000e+02 1.685000e+02
      vertex   3.478706e+02 3.335000e+02 1.685170e+02
      vertex   3.478706e+02 3.360000e+02 1.685170e+02
    endloop
  endfacet
  facet normal -3.826834e-01 -7.778503e-12 -9.238795e-01
    outer loop
      vertex   3.478706e+02 3.360000e+02 1.685170e+02
      vertex   3.478706e+02 3.335000e+02 1.685170e+02
      vertex   3.477500e+02 3.335000e+02 1.685670e+02
    endloop
  endfacet
  facet normal -3.826834e-01 1.555836e-11 -9.238795e-01
    outer loop
      vertex   3.478706e+02 3.360000e+02 1.685170e+02
      vertex   3.477500e+02 3.335000e+02 1.685670e+02
      vertex   3.477500e+02 3.360000e+02 1.685670e+02
    endloop
  endfacet
  facet normal -6.087614e-01 -1.557105e-11 -7.933533e-01
    outer loop
      vertex   3.477500e+02 3.360000e+02 1.685670e+02
      vertex   3.477500e+02 3.335000e+02 1.685670e+02
      vertex   3.476464e+02 3.335000e+02 1.686464e+02
    endloop
  endfacet
  facet normal -6.087614e-01 2.334929e-11 -7.933533e-01
    outer loop
      vertex   3.477500e+02 3.360000e+02 1.685670e+02
      vertex   3.476464e+02 3.335000e+02 1.686464e+02
      vertex   3.476464e+02 3.360000e+02 1.686464e+02
    endloop
  endfacet
  facet normal -7.933533e-01 -2.333334e-11 -6.087614e-01
    outer loop
      vertex   3.476464e+02 3.360000e+02 1.686464e+02
      vertex   3.476464e+02 3.335000e+02 1.686464e+02
      vertex   3.475670e+02 3.335000e+02 1.687500e+02
    endloop
  endfacet
  facet normal -7.933533e-01 3.111442e-11 -6.087614e-01
    outer loop
      vertex   3.476464e+02 3.360000e+02 1.686464e+02
      vertex   3.475670e+02 3.335000e+02 1.687500e+02
      vertex   3.475670e+02 3.360000e+02 1.687500e+02
    endloop
  endfacet
  facet normal -9.238795e-01 -3.113412e-11 -3.826834e-01
    outer loop
      vertex   3.475670e+02 3.360000e+02 1.687500e+02
      vertex   3.475670e+02 3.335000e+02 1.687500e+02
      vertex   3.475170e+02 3.335000e+02 1.688706e+02
    endloop
  endfacet
  facet normal -9.238795e-01 3.889506e-11 -3.826834e-01
    outer loop
      vertex   3.475670e+02 3.360000e+02 1.687500e+02
      vertex   3.475170e+02 3.335000e+02 1.688706e+02
      vertex   3.475170e+02 3.360000e+02 1.688706e+02
    endloop
  endfacet
  facet normal -9.914449e-01 -3.891080e-11 -1.305262e-01
    outer loop
      vertex   3.475170e+02 3.360000e+02 1.688706e+02
      vertex   3.475170e+02 3.335000e+02 1.688706e+02
      vertex   3.475000e+02 3.285000e+02 1.690000e+02
    endloop
  endfacet
  facet normal -9.914449e-01 4.668285e-11 -1.305262e-01
    outer loop
      vertex   3.475170e+02 3.360000e+02 1.688706e+02
      vertex   3.475000e+02 3.285000e+02 1.690000e+02
      vertex   3.475000e+02 3.435000e+02 1.690000e+02
    endloop
  endfacet
  facet normal -3.826834e-01 -7.767999e-12 -9.238795e-01
    outer loop
      vertex   3.478706e+02 3.285000e+02 1.685170e+02
      vertex   3.477500e+02 3.285000e+02 1.685670e+02
      vertex   3.478706e+02 3.310000e+02 1.685170e+02
    endloop
  endfacet
  facet normal -3.826834e-01 1.558627e-11 -9.238795e-01
    outer loop
      vertex   3.478706e+02 3.310000e+02 1.685170e+02
      vertex   3.477500e+02 3.285000e+02 1.685670e+02
      vertex   3.477500e+02 3.310000e+02 1.685670e+02
    endloop
  endfacet
  facet normal -3.826834e-01 -7.776700e-12 -9.238795e-01
    outer loop
      vertex   3.478706e+02 3.310000e+02 1.685170e+02
      vertex   3.477500e+02 3.310000e+02 1.685670e+02
      vertex   3.478706e+02 3.335000e+02 1.685170e+02
    endloop
  endfacet
  facet normal -3.826834e-01 1.554606e-11 -9.238795e-01
    outer loop
      vertex   3.478706e+02 3.335000e+02 1.685170e+02
      vertex   3.477500e+02 3.310000e+02 1.685670e+02
      vertex   3.477500e+02 3.335000e+02 1.685670e+02
    endloop
  endfacet
  facet normal -6.087614e-01 -1.553434e-11 -7.933533e-01
    outer loop
      vertex   3.477500e+02 3.285000e+02 1.685670e+02
      vertex   3.476464e+02 3.285000e+02 1.686464e+02
      vertex   3.477500e+02 3.310000e+02 1.685670e+02
    endloop
  endfacet
  facet normal -6.087614e-01 2.332643e-11 -7.933533e-01
    outer loop
      vertex   3.477500e+02 3.310000e+02 1.685670e+02
      vertex   3.476464e+02 3.285000e+02 1.686464e+02
      vertex   3.476464e+02 3.310000e+02 1.686464e+02
    endloop
  endfacet
  facet normal -6.087614e-01 -1.557524e-11 -7.933533e-01
    outer loop
      vertex   3.477500e+02 3.310000e+02 1.685670e+02
      vertex   3.476464e+02 3.310000e+02 1.686464e+02
      vertex   3.477500e+02 3.335000e+02 1.685670e+02
    endloop
  endfacet
  facet normal -6.087614e-01 2.334026e-11 -7.933533e-01
    outer loop
      vertex   3.477500e+02 3.335000e+02 1.685670e+02
      vertex   3.476464e+02 3.310000e+02 1.686464e+02
      vertex   3.476464e+02 3.335000e+02 1.686464e+02
    endloop
  endfacet
  facet normal -7.933533e-01 -2.335830e-11 -6.087614e-01
    outer loop
      vertex   3.476464e+02 3.285000e+02 1.686464e+02
      vertex   3.475670e+02 3.285000e+02 1.687500e+02
      vertex   3.476464e+02 3.310000e+02 1.686464e+02
    endloop
  endfacet
  facet normal -7.933533e-01 3.111442e-11 -6.087614e-01
    outer loop
      vertex   3.476464e+02 3.310000e+02 1.686464e+02
      vertex   3.475670e+02 3.285000e+02 1.687500e+02
      vertex   3.475670e+02 3.310000e+02 1.687500e+02
    endloop
  endfacet
  facet normal -7.933533e-01 -2.334026e-11 -6.087614e-01
    outer loop
      vertex   3.476464e+02 3.310000e+02 1.686464e+02
      vertex   3.475670e+02 3.310000e+02 1.687500e+02
      vertex   3.476464e+02 3.335000e+02 1.686464e+02
    endloop
  endfacet
  facet normal -7.933533e-01 3.113665e-11 -6.087614e-01
    outer loop
      vertex   3.476464e+02 3.335000e+02 1.686464e+02
      vertex   3.475670e+02 3.310000e+02 1.687500e+02
      vertex   3.475670e+02 3.335000e+02 1.687500e+02
    endloop
  endfacet
  facet normal -9.238795e-01 -3.113412e-11 -3.826834e-01
    outer loop
      vertex   3.475670e+02 3.285000e+02 1.687500e+02
      vertex   3.475170e+02 3.285000e+02 1.688706e+02
      vertex   3.475670e+02 3.310000e+02 1.687500e+02
    endloop
  endfacet
  facet normal -9.238795e-01 3.889507e-11 -3.826834e-01
    outer loop
      vertex   3.475670e+02 3.310000e+02 1.687500e+02
      vertex   3.475170e+02 3.285000e+02 1.688706e+02
      vertex   3.475170e+02 3.310000e+02 1.688706e+02
    endloop
  endfacet
  facet normal -9.238795e-01 -3.110081e-11 -3.826834e-01
    outer loop
      vertex   3.475670e+02 3.310000e+02 1.687500e+02
      vertex   3.475170e+02 3.310000e+02 1.688706e+02
      vertex   3.475670e+02 3.335000e+02 1.687500e+02
    endloop
  endfacet
  facet normal -9.238795e-01 3.891607e-11 -3.826834e-01
    outer loop
      vertex   3.475670e+02 3.335000e+02 1.687500e+02
      vertex   3.475170e+02 3.310000e+02 1.688706e+02
      vertex   3.475170e+02 3.335000e+02 1.688706e+02
    endloop
  endfacet
  facet normal -9.914449e-01 -3.891080e-11 -1.305262e-01
    outer loop
      vertex   3.475170e+02 3.285000e+02 1.688706e+02
      vertex   3.475000e+02 3.285000e+02 1.690000e+02
      vertex   3.475170e+02 3.310000e+02 1.688706e+02
    endloop
  endfacet
  facet normal -9.914449e-01 -3.888825e-11 -1.305262e-01
    outer loop
      vertex   3.475170e+02 3.310000e+02 1.688706e+02
      vertex   3.475000e+02 3.285000e+02 1.690000e+02
      vertex   3.475170e+02 3.335000e+02 1.688706e+02
    endloop
  endfacet
  facet normal -5.986381e-02 9.896668e-01 -1.302921e-01
    outer loop
      vertex   3.500000e+02 3.460000e+02 1.690000e+02
      vertex   3.500000e+02 3.459830e+02 1.688706e+02
      vertex   3.496987e+02 3.459818e+02 1.690000e+02
    endloop
  endfacet
  facet normal -6.474345e-02 9.877942e-01 -1.416720e-01
    outer loop
      vertex   3.496987e+02 3.459818e+02 1.690000e+02
      vertex   3.500000e+02 3.459830e+02 1.688706e+02
      vertex   3.496759e+02 3.459617e+02 1.688706e+02
    endloop
  endfacet
  facet normal -1.789558e-01 9.765302e-01 -1.198484e-01
    outer loop
      vertex   3.496987e+02 3.459818e+02 1.690000e+02
      vertex   3.496759e+02 3.459617e+02 1.688706e+02
      vertex   3.494017e+02 3.459274e+02 1.690000e+02
    endloop
  endfacet
  facet normal -1.928490e-01 9.695172e-01 -1.511481e-01
    outer loop
      vertex   3.494017e+02 3.459274e+02 1.690000e+02
      vertex   3.496759e+02 3.459617e+02 1.688706e+02
      vertex   3.493574e+02 3.458984e+02 1.688706e+02
    endloop
  endfacet
  facet normal -2.956555e-01 9.487920e-01 -1.112722e-01
    outer loop
      vertex   3.494017e+02 3.459274e+02 1.690000e+02
      vertex   3.493574e+02 3.458984e+02 1.688706e+02
      vertex   3.491135e+02 3.458375e+02 1.690000e+02
    endloop
  endfacet
  facet normal -3.173658e-01 9.349295e-01 -1.587003e-01
    outer loop
      vertex   3.491135e+02 3.458375e+02 1.690000e+02
      vertex   3.493574e+02 3.458984e+02 1.688706e+02
      vertex   3.490498e+02 3.457940e+02 1.688706e+02
    endloop
  endfacet
  facet normal -4.081621e-01 9.068991e-01 -1.045836e-01
    outer loop
      vertex   3.491135e+02 3.458375e+02 1.690000e+02
      vertex   3.490498e+02 3.457940e+02 1.688706e+02
      vertex   3.488382e+02 3.457136e+02 1.690000e+02
    endloop
  endfacet
  facet normal -4.362747e-01 8.846776e-01 -1.643470e-01
    outer loop
      vertex   3.488382e+02 3.457136e+02 1.690000e+02
      vertex   3.490498e+02 3.457940e+02 1.688706e+02
      vertex   3.487585e+02 3.456503e+02 1.688706e+02
    endloop
  endfacet
  facet normal -5.147552e-01 8.515091e-01 -9.979675e-02
    outer loop
      vertex   3.488382e+02 3.457136e+02 1.690000e+02
      vertex   3.487585e+02 3.456503e+02 1.688706e+02
      vertex   3.485798e+02 3.455575e+02 1.690000e+02
    endloop
  endfacet
  facet normal -5.476642e-01 8.196374e-01 -1.681028e-01
    outer loop
      vertex   3.485798e+02 3.455575e+02 1.690000e+02
      vertex   3.487585e+02 3.456503e+02 1.688706e+02
      vertex   3.484885e+02 3.454699e+02 1.688706e+02
    endloop
  endfacet
  facet normal -6.138154e-01 7.834775e-01 -9.692112e-02
    outer loop
      vertex   3.485798e+02 3.455575e+02 1.690000e+02
      vertex   3.484885e+02 3.454699e+02 1.688706e+02
      vertex   3.483422e+02 3.453713e+02 1.690000e+02
    endloop
  endfacet
  facet normal -6.497509e-01 7.408989e-01 -1.699781e-01
    outer loop
      vertex   3.483422e+02 3.453713e+02 1.690000e+02
      vertex   3.484885e+02 3.454699e+02 1.688706e+02
      vertex   3.482443e+02 3.452557e+02 1.688706e+02
    endloop
  endfacet
  facet normal -7.038435e-01 7.038435e-01 -9.596200e-02
    outer loop
      vertex   3.483422e+02 3.453713e+02 1.690000e+02
      vertex   3.482443e+02 3.452557e+02 1.688706e+02
      vertex   3.481287e+02 3.451578e+02 1.690000e+02
    endloop
  endfacet
  facet normal -7.408989e-01 6.497509e-01 -1.699781e-01
    outer loop
      vertex   3.481287e+02 3.451578e+02 1.690000e+02
      vertex   3.482443e+02 3.452557e+02 1.688706e+02
      vertex   3.480301e+02 3.450115e+02 1.688706e+02
    endloop
  endfacet
  facet normal -7.834775e-01 6.138154e-01 -9.692112e-02
    outer loop
      vertex   3.481287e+02 3.451578e+02 1.690000e+02
      vertex   3.480301e+02 3.450115e+02 1.688706e+02
      vertex   3.479425e+02 3.449202e+02 1.690000e+02
    endloop
  endfacet
  facet normal -8.196374e-01 5.476642e-01 -1.681028e-01
    outer loop
      vertex   3.479425e+02 3.449202e+02 1.690000e+02
      vertex   3.480301e+02 3.450115e+02 1.688706e+02
      vertex   3.478497e+02 3.447415e+02 1.688706e+02
    endloop
  endfacet
  facet normal -8.515091e-01 5.147552e-01 -9.979675e-02
    outer loop
      vertex   3.479425e+02 3.449202e+02 1.690000e+02
      vertex   3.478497e+02 3.447415e+02 1.688706e+02
      vertex   3.477864e+02 3.446618e+02 1.690000e+02
    endloop
  endfacet
  facet normal -8.846776e-01 4.362747e-01 -1.643470e-01
    outer loop
      vertex   3.477864e+02 3.446618e+02 1.690000e+02
      vertex   3.478497e+02 3.447415e+02 1.688706e+02
      vertex   3.477060e+02 3.444502e+02 1.688706e+02
    endloop
  endfacet
  facet normal -9.068991e-01 4.081621e-01 -1.045836e-01
    outer loop
      vertex   3.477864e+02 3.446618e+02 1.690000e+02
      vertex   3.477060e+02 3.444502e+02 1.688706e+02
      vertex   3.476625e+02 3.443865e+02 1.690000e+02
    endloop
  endfacet
  facet normal -9.349295e-01 3.173658e-01 -1.587003e-01
    outer loop
      vertex   3.476625e+02 3.443865e+02 1.690000e+02
      vertex   3.477060e+02 3.444502e+02 1.688706e+02
      vertex   3.476016e+02 3.441426e+02 1.688706e+02
    endloop
  endfacet
  facet normal -9.487920e-01 2.956556e-01 -1.112722e-01
    outer loop
      vertex   3.476625e+02 3.443865e+02 1.690000e+02
      vertex   3.476016e+02 3.441426e+02 1.688706e+02
      vertex   3.475726e+02 3.440983e+02 1.690000e+02
    endloop
  endfacet
  facet normal -9.695172e-01 1.928490e-01 -1.511481e-01
    outer loop
      vertex   3.475726e+02 3.440983e+02 1.690000e+02
      vertex   3.476016e+02 3.441426e+02 1.688706e+02
      vertex   3.475383e+02 3.438241e+02 1.688706e+02
    endloop
  endfacet
  facet normal -9.765302e-01 1.789558e-01 -1.198484e-01
    outer loop
      vertex   3.475726e+02 3.440983e+02 1.690000e+02
      vertex   3.475383e+02 3.438241e+02 1.688706e+02
      vertex   3.475182e+02 3.438013e+02 1.690000e+02
    endloop
  endfacet
  facet normal -9.877942e-01 6.474345e-02 -1.416720e-01
    outer loop
      vertex   3.475182e+02 3.438013e+02 1.690000e+02
      vertex   3.475383e+02 3.438241e+02 1.688706e+02
      vertex   3.475170e+02 3.435000e+02 1.688706e+02
    endloop
  endfacet
  facet normal -9.896668e-01 5.986381e-02 -1.302921e-01
    outer loop
      vertex   3.475182e+02 3.438013e+02 1.690000e+02
      vertex   3.475170e+02 3.435000e+02 1.688706e+02
      vertex   3.475000e+02 3.435000e+02 1.690000e+02
    endloop
  endfacet
  facet normal -6.044355e-02 9.221903e-01 -3.819837e-01
    outer loop
      vertex   3.496759e+02 3.459617e+02 1.688706e+02
      vertex   3.500000e+02 3.459830e+02 1.688706e+02
      vertex   3.496824e+02 3.459122e+02 1.687500e+02
    endloop
  endfacet
  facet normal -6.044354e-02 9.221903e-01 -3.819837e-01
    outer loop
      vertex   3.496824e+02 3.459122e+02 1.687500e+02
      vertex   3.500000e+02 3.459830e+02 1.688706e+02
      vertex   3.500000e+02 3.459330e+02 1.687500e+02
    endloop
  endfacet
  facet normal -5.192896e-02 7.922829e-01 -6.079401e-01
    outer loop
      vertex   3.496824e+02 3.459122e+02 1.687500e+02
      vertex   3.500000e+02 3.459330e+02 1.687500e+02
      vertex   3.496928e+02 3.458334e+02 1.686464e+02
    endloop
  endfacet
  facet normal -5.192896e-02 7.922829e-01 -6.079401e-01
    outer loop
      vertex   3.496928e+02 3.458334e+02 1.686464e+02
      vertex   3.500000e+02 3.459330e+02 1.687500e+02
      vertex   3.500000e+02 3.458536e+02 1.686464e+02
    endloop
  endfacet
  facet normal -3.986860e-02 6.082774e-01 -7.927226e-01
    outer loop
      vertex   3.496928e+02 3.458334e+02 1.686464e+02
      vertex   3.500000e+02 3.458536e+02 1.686464e+02
      vertex   3.497063e+02 3.457308e+02 1.685670e+02
    endloop
  endfacet
  facet normal -3.986860e-02 6.082774e-01 -7.927226e-01
    outer loop
      vertex   3.497063e+02 3.457308e+02 1.685670e+02
      vertex   3.500000e+02 3.458536e+02 1.686464e+02
      vertex   3.500000e+02 3.457500e+02 1.685670e+02
    endloop
  endfacet
  facet normal -2.507450e-02 3.825631e-01 -9.235891e-01
    outer loop
      vertex   3.497063e+02 3.457308e+02 1.685670e+02
      vertex   3.500000e+02 3.457500e+02 1.685670e+02
      vertex   3.497221e+02 3.456112e+02 1.685170e+02
    endloop
  endfacet
  facet normal -2.507450e-02 3.825631e-01 -9.235891e-01
    outer loop
      vertex   3.497221e+02 3.456112e+02 1.685170e+02
      vertex   3.500000e+02 3.457500e+02 1.685670e+02
      vertex   3.500000e+02 3.456294e+02 1.685170e+02
    endloop
  endfacet
  facet normal -8.554815e-03 1.305214e-01 -9.914086e-01
    outer loop
      vertex   3.497221e+02 3.456112e+02 1.685170e+02
      vertex   3.500000e+02 3.456294e+02 1.685170e+02
      vertex   3.500000e+02 3.455000e+02 1.685000e+02
    endloop
  endfacet
  facet normal -9.218653e-03 1.288938e-01 -9.916156e-01
    outer loop
      vertex   3.500000e+02 3.455000e+02 1.685000e+02
      vertex   3.497154e+02 3.454796e+02 1.685000e+02
      vertex   3.497221e+02 3.456112e+02 1.685170e+02
    endloop
  endfacet
  facet normal -2.579594e-02 1.296850e-01 -9.912196e-01
    outer loop
      vertex   3.497221e+02 3.456112e+02 1.685170e+02
      vertex   3.497154e+02 3.454796e+02 1.685000e+02
      vertex   3.494489e+02 3.455569e+02 1.685170e+02
    endloop
  endfacet
  facet normal -7.479449e-02 3.760174e-01 -9.235891e-01
    outer loop
      vertex   3.497221e+02 3.456112e+02 1.685170e+02
      vertex   3.494489e+02 3.455569e+02 1.685170e+02
      vertex   3.494177e+02 3.456733e+02 1.685670e+02
    endloop
  endfacet
  facet normal -1.232347e-01 3.630378e-01 -9.235891e-01
    outer loop
      vertex   3.494177e+02 3.456733e+02 1.685670e+02
      vertex   3.494489e+02 3.455569e+02 1.685170e+02
      vertex   3.491390e+02 3.455787e+02 1.685670e+02
    endloop
  endfacet
  facet normal -1.959439e-01 5.772321e-01 -7.927226e-01
    outer loop
      vertex   3.494177e+02 3.456733e+02 1.685670e+02
      vertex   3.491390e+02 3.455787e+02 1.685670e+02
      vertex   3.490993e+02 3.456744e+02 1.686464e+02
    endloop
  endfacet
  facet normal -2.696115e-01 5.467180e-01 -7.927226e-01
    outer loop
      vertex   3.490993e+02 3.456744e+02 1.686464e+02
      vertex   3.491390e+02 3.455787e+02 1.685670e+02
      vertex   3.488232e+02 3.455382e+02 1.686464e+02
    endloop
  endfacet
  facet normal -3.511697e-01 7.121016e-01 -6.079401e-01
    outer loop
      vertex   3.490993e+02 3.456744e+02 1.686464e+02
      vertex   3.488232e+02 3.455382e+02 1.686464e+02
      vertex   3.487835e+02 3.456071e+02 1.687500e+02
    endloop
  endfacet
  facet normal -4.411133e-01 6.601727e-01 -6.079401e-01
    outer loop
      vertex   3.487835e+02 3.456071e+02 1.687500e+02
      vertex   3.488232e+02 3.455382e+02 1.686464e+02
      vertex   3.485189e+02 3.454302e+02 1.687500e+02
    endloop
  endfacet
  facet normal -5.134408e-01 7.684185e-01 -3.819837e-01
    outer loop
      vertex   3.487835e+02 3.456071e+02 1.687500e+02
      vertex   3.485189e+02 3.454302e+02 1.687500e+02
      vertex   3.484885e+02 3.454699e+02 1.688706e+02
    endloop
  endfacet
  facet normal -6.093470e-01 6.948271e-01 -3.819837e-01
    outer loop
      vertex   3.484885e+02 3.454699e+02 1.688706e+02
      vertex   3.485189e+02 3.454302e+02 1.687500e+02
      vertex   3.482443e+02 3.452557e+02 1.688706e+02
    endloop
  endfacet
  facet normal -2.719092e-02 1.249947e-01 -9.917847e-01
    outer loop
      vertex   3.497154e+02 3.454796e+02 1.685000e+02
      vertex   3.494365e+02 3.454190e+02 1.685000e+02
      vertex   3.494489e+02 3.455569e+02 1.685170e+02
    endloop
  endfacet
  facet normal -4.287604e-02 1.263088e-01 -9.910639e-01
    outer loop
      vertex   3.494489e+02 3.455569e+02 1.685170e+02
      vertex   3.494365e+02 3.454190e+02 1.685000e+02
      vertex   3.491851e+02 3.454673e+02 1.685170e+02
    endloop
  endfacet
  facet normal -1.232347e-01 3.630378e-01 -9.235891e-01
    outer loop
      vertex   3.494489e+02 3.455569e+02 1.685170e+02
      vertex   3.491851e+02 3.454673e+02 1.685170e+02
      vertex   3.491390e+02 3.455787e+02 1.685670e+02
    endloop
  endfacet
  facet normal -1.695664e-01 3.438466e-01 -9.235891e-01
    outer loop
      vertex   3.491390e+02 3.455787e+02 1.685670e+02
      vertex   3.491851e+02 3.454673e+02 1.685170e+02
      vertex   3.488750e+02 3.454486e+02 1.685670e+02
    endloop
  endfacet
  facet normal -2.696115e-01 5.467180e-01 -7.927226e-01
    outer loop
      vertex   3.491390e+02 3.455787e+02 1.685670e+02
      vertex   3.488750e+02 3.454486e+02 1.685670e+02
      vertex   3.488232e+02 3.455382e+02 1.686464e+02
    endloop
  endfacet
  facet normal -3.386659e-01 5.068494e-01 -7.927226e-01
    outer loop
      vertex   3.488232e+02 3.455382e+02 1.686464e+02
      vertex   3.488750e+02 3.454486e+02 1.685670e+02
      vertex   3.485672e+02 3.453672e+02 1.686464e+02
    endloop
  endfacet
  facet normal -4.411133e-01 6.601727e-01 -6.079401e-01
    outer loop
      vertex   3.488232e+02 3.455382e+02 1.686464e+02
      vertex   3.485672e+02 3.453672e+02 1.686464e+02
      vertex   3.485189e+02 3.454302e+02 1.687500e+02
    endloop
  endfacet
  facet normal -5.235093e-01 5.969480e-01 -6.079401e-01
    outer loop
      vertex   3.485189e+02 3.454302e+02 1.687500e+02
      vertex   3.485672e+02 3.453672e+02 1.686464e+02
      vertex   3.482796e+02 3.452204e+02 1.687500e+02
    endloop
  endfacet
  facet normal -6.093470e-01 6.948271e-01 -3.819837e-01
    outer loop
      vertex   3.485189e+02 3.454302e+02 1.687500e+02
      vertex   3.482796e+02 3.452204e+02 1.687500e+02
      vertex   3.482443e+02 3.452557e+02 1.688706e+02
    endloop
  endfacet
  facet normal -6.948271e-01 6.093470e-01 -3.819837e-01
    outer loop
      vertex   3.482443e+02 3.452557e+02 1.688706e+02
      vertex   3.482796e+02 3.452204e+02 1.687500e+02
      vertex   3.480301e+02 3.450115e+02 1.688706e+02
    endloop
  endfacet
  facet normal -4.435424e-02 1.189184e-01 -9.919129e-01
    outer loop
      vertex   3.494365e+02 3.454190e+02 1.685000e+02
      vertex   3.491692e+02 3.453193e+02 1.685000e+02
      vertex   3.491851e+02 3.454673e+02 1.685170e+02
    endloop
  endfacet
  facet normal -5.938725e-02 1.204255e-01 -9.909444e-01
    outer loop
      vertex   3.491851e+02 3.454673e+02 1.685170e+02
      vertex   3.491692e+02 3.453193e+02 1.685000e+02
      vertex   3.489353e+02 3.453441e+02 1.685170e+02
    endloop
  endfacet
  facet normal -1.695664e-01 3.438466e-01 -9.235891e-01
    outer loop
      vertex   3.491851e+02 3.454673e+02 1.685170e+02
      vertex   3.489353e+02 3.453441e+02 1.685170e+02
      vertex   3.488750e+02 3.454486e+02 1.685670e+02
    endloop
  endfacet
  facet normal -2.129967e-01 3.187721e-01 -9.235891e-01
    outer loop
      vertex   3.488750e+02 3.454486e+02 1.685670e+02
      vertex   3.489353e+02 3.453441e+02 1.685170e+02
      vertex   3.486303e+02 3.452850e+02 1.685670e+02
    endloop
  endfacet
  facet normal -3.386659e-01 5.068494e-01 -7.927226e-01
    outer loop
      vertex   3.488750e+02 3.454486e+02 1.685670e+02
      vertex   3.486303e+02 3.452850e+02 1.685670e+02
      vertex   3.485672e+02 3.453672e+02 1.686464e+02
    endloop
  endfacet
  facet normal -4.019257e-01 4.583085e-01 -7.927226e-01
    outer loop
      vertex   3.485672e+02 3.453672e+02 1.686464e+02
      vertex   3.486303e+02 3.452850e+02 1.685670e+02
      vertex   3.483358e+02 3.451642e+02 1.686464e+02
    endloop
  endfacet
  facet normal -5.235093e-01 5.969480e-01 -6.079401e-01
    outer loop
      vertex   3.485672e+02 3.453672e+02 1.686464e+02
      vertex   3.483358e+02 3.451642e+02 1.686464e+02
      vertex   3.482796e+02 3.452204e+02 1.687500e+02
    endloop
  endfacet
  facet normal -5.969480e-01 5.235093e-01 -6.079401e-01
    outer loop
      vertex   3.482796e+02 3.452204e+02 1.687500e+02
      vertex   3.483358e+02 3.451642e+02 1.686464e+02
      vertex   3.480698e+02 3.449811e+02 1.687500e+02
    endloop
  endfacet
  facet normal -6.948271e-01 6.093470e-01 -3.819837e-01
    outer loop
      vertex   3.482796e+02 3.452204e+02 1.687500e+02
      vertex   3.480698e+02 3.449811e+02 1.687500e+02
      vertex   3.480301e+02 3.450115e+02 1.688706e+02
    endloop
  endfacet
  facet normal -7.684185e-01 5.134408e-01 -3.819837e-01
    outer loop
      vertex   3.480301e+02 3.450115e+02 1.688706e+02
      vertex   3.480698e+02 3.449811e+02 1.687500e+02
      vertex   3.478497e+02 3.447415e+02 1.688706e+02
    endloop
  endfacet
  facet normal -6.048970e-02 1.107786e-01 -9.920026e-01
    outer loop
      vertex   3.491692e+02 3.453193e+02 1.685000e+02
      vertex   3.489187e+02 3.451825e+02 1.685000e+02
      vertex   3.489353e+02 3.453441e+02 1.685170e+02
    endloop
  endfacet
  facet normal -7.492928e-02 1.121396e-01 -9.908634e-01
    outer loop
      vertex   3.489353e+02 3.453441e+02 1.685170e+02
      vertex   3.489187e+02 3.451825e+02 1.685000e+02
      vertex   3.487037e+02 3.451894e+02 1.685170e+02
    endloop
  endfacet
  facet normal -2.129967e-01 3.187721e-01 -9.235891e-01
    outer loop
      vertex   3.489353e+02 3.453441e+02 1.685170e+02
      vertex   3.487037e+02 3.451894e+02 1.685170e+02
      vertex   3.486303e+02 3.452850e+02 1.685670e+02
    endloop
  endfacet
  facet normal -2.527826e-01 2.882433e-01 -9.235891e-01
    outer loop
      vertex   3.486303e+02 3.452850e+02 1.685670e+02
      vertex   3.487037e+02 3.451894e+02 1.685170e+02
      vertex   3.484090e+02 3.450910e+02 1.685670e+02
    endloop
  endfacet
  facet normal -4.019257e-01 4.583085e-01 -7.927226e-01
    outer loop
      vertex   3.486303e+02 3.452850e+02 1.685670e+02
      vertex   3.484090e+02 3.450910e+02 1.685670e+02
      vertex   3.483358e+02 3.451642e+02 1.686464e+02
    endloop
  endfacet
  facet normal -4.583084e-01 4.019257e-01 -7.927226e-01
    outer loop
      vertex   3.483358e+02 3.451642e+02 1.686464e+02
      vertex   3.484090e+02 3.450910e+02 1.685670e+02
      vertex   3.481328e+02 3.449328e+02 1.686464e+02
    endloop
  endfacet
  facet normal -5.969480e-01 5.235093e-01 -6.079401e-01
    outer loop
      vertex   3.483358e+02 3.451642e+02 1.686464e+02
      vertex   3.481328e+02 3.449328e+02 1.686464e+02
      vertex   3.480698e+02 3.449811e+02 1.687500e+02
    endloop
  endfacet
  facet normal -6.601727e-01 4.411133e-01 -6.079401e-01
    outer loop
      vertex   3.480698e+02 3.449811e+02 1.687500e+02
      vertex   3.481328e+02 3.449328e+02 1.686464e+02
      vertex   3.478929e+02 3.447165e+02 1.687500e+02
    endloop
  endfacet
  facet normal -7.684185e-01 5.134408e-01 -3.819837e-01
    outer loop
      vertex   3.480698e+02 3.449811e+02 1.687500e+02
      vertex   3.478929e+02 3.447165e+02 1.687500e+02
      vertex   3.478497e+02 3.447415e+02 1.688706e+02
    endloop
  endfacet
  facet normal -8.288620e-01 4.087495e-01 -3.819837e-01
    outer loop
      vertex   3.478497e+02 3.447415e+02 1.688706e+02
      vertex   3.478929e+02 3.447165e+02 1.687500e+02
      vertex   3.477060e+02 3.444502e+02 1.688706e+02
    endloop
  endfacet
  facet normal -7.538885e-02 1.007077e-01 -9.920557e-01
    outer loop
      vertex   3.489187e+02 3.451825e+02 1.685000e+02
      vertex   3.486903e+02 3.450115e+02 1.685000e+02
      vertex   3.487037e+02 3.451894e+02 1.685170e+02
    endloop
  endfacet
  facet normal -8.912339e-02 1.016258e-01 -9.908225e-01
    outer loop
      vertex   3.487037e+02 3.451894e+02 1.685170e+02
      vertex   3.486903e+02 3.450115e+02 1.685000e+02
      vertex   3.484943e+02 3.450057e+02 1.685170e+02
    endloop
  endfacet
  facet normal -2.527826e-01 2.882433e-01 -9.235891e-01
    outer loop
      vertex   3.487037e+02 3.451894e+02 1.685170e+02
      vertex   3.484943e+02 3.450057e+02 1.685170e+02
      vertex   3.484090e+02 3.450910e+02 1.685670e+02
    endloop
  endfacet
  facet normal -2.882433e-01 2.527826e-01 -9.235891e-01
    outer loop
      vertex   3.484090e+02 3.450910e+02 1.685670e+02
      vertex   3.484943e+02 3.450057e+02 1.685170e+02
      vertex   3.482150e+02 3.448697e+02 1.685670e+02
    endloop
  endfacet
  facet normal -4.583084e-01 4.019257e-01 -7.927226e-01
    outer loop
      vertex   3.484090e+02 3.450910e+02 1.685670e+02
      vertex   3.482150e+02 3.448697e+02 1.685670e+02
      vertex   3.481328e+02 3.449328e+02 1.686464e+02
    endloop
  endfacet
  facet normal -5.068494e-01 3.386659e-01 -7.927226e-01
    outer loop
      vertex   3.481328e+02 3.449328e+02 1.686464e+02
      vertex   3.482150e+02 3.448697e+02 1.685670e+02
      vertex   3.479618e+02 3.446768e+02 1.686464e+02
    endloop
  endfacet
  facet normal -6.601727e-01 4.411133e-01 -6.079401e-01
    outer loop
      vertex   3.481328e+02 3.449328e+02 1.686464e+02
      vertex   3.479618e+02 3.446768e+02 1.686464e+02
      vertex   3.478929e+02 3.447165e+02 1.687500e+02
    endloop
  endfacet
  facet normal -7.121016e-01 3.511697e-01 -6.079401e-01
    outer loop
      vertex   3.478929e+02 3.447165e+02 1.687500e+02
      vertex   3.479618e+02 3.446768e+02 1.686464e+02
      vertex   3.477522e+02 3.444311e+02 1.687500e+02
    endloop
  endfacet
  facet normal -8.288620e-01 4.087495e-01 -3.819837e-01
    outer loop
      vertex   3.478929e+02 3.447165e+02 1.687500e+02
      vertex   3.477522e+02 3.444311e+02 1.687500e+02
      vertex   3.477060e+02 3.444502e+02 1.688706e+02
    endloop
  endfacet
  facet normal -8.751235e-01 2.970644e-01 -3.819837e-01
    outer loop
      vertex   3.477060e+02 3.444502e+02 1.688706e+02
      vertex   3.477522e+02 3.444311e+02 1.687500e+02
      vertex   3.476016e+02 3.441426e+02 1.688706e+02
    endloop
  endfacet
  facet normal -8.885557e-02 8.885558e-02 -9.920733e-01
    outer loop
      vertex   3.486903e+02 3.450115e+02 1.685000e+02
      vertex   3.484885e+02 3.448097e+02 1.685000e+02
      vertex   3.484943e+02 3.450057e+02 1.685170e+02
    endloop
  endfacet
  facet normal -1.016258e-01 8.912340e-02 -9.908225e-01
    outer loop
      vertex   3.484943e+02 3.450057e+02 1.685170e+02
      vertex   3.484885e+02 3.448097e+02 1.685000e+02
      vertex   3.483106e+02 3.447963e+02 1.685170e+02
    endloop
  endfacet
  facet normal -2.882433e-01 2.527826e-01 -9.235891e-01
    outer loop
      vertex   3.484943e+02 3.450057e+02 1.685170e+02
      vertex   3.483106e+02 3.447963e+02 1.685170e+02
      vertex   3.482150e+02 3.448697e+02 1.685670e+02
    endloop
  endfacet
  facet normal -3.187721e-01 2.129967e-01 -9.235891e-01
    outer loop
      vertex   3.482150e+02 3.448697e+02 1.685670e+02
      vertex   3.483106e+02 3.447963e+02 1.685170e+02
      vertex   3.480514e+02 3.446250e+02 1.685670e+02
    endloop
  endfacet
  facet normal -5.068494e-01 3.386659e-01 -7.927226e-01
    outer loop
      vertex   3.482150e+02 3.448697e+02 1.685670e+02
      vertex   3.480514e+02 3.446250e+02 1.685670e+02
      vertex   3.479618e+02 3.446768e+02 1.686464e+02
    endloop
  endfacet
  facet normal -5.467180e-01 2.696115e-01 -7.927226e-01
    outer loop
      vertex   3.479618e+02 3.446768e+02 1.686464e+02
      vertex   3.480514e+02 3.446250e+02 1.685670e+02
      vertex   3.478256e+02 3.444007e+02 1.686464e+02
    endloop
  endfacet
  facet normal -7.121016e-01 3.511697e-01 -6.079401e-01
    outer loop
      vertex   3.479618e+02 3.446768e+02 1.686464e+02
      vertex   3.478256e+02 3.444007e+02 1.686464e+02
      vertex   3.477522e+02 3.444311e+02 1.687500e+02
    endloop
  endfacet
  facet normal -7.518463e-01 2.552174e-01 -6.079401e-01
    outer loop
      vertex   3.477522e+02 3.444311e+02 1.687500e+02
      vertex   3.478256e+02 3.444007e+02 1.686464e+02
      vertex   3.476499e+02 3.441297e+02 1.687500e+02
    endloop
  endfacet
  facet normal -8.751235e-01 2.970644e-01 -3.819837e-01
    outer loop
      vertex   3.477522e+02 3.444311e+02 1.687500e+02
      vertex   3.476499e+02 3.441297e+02 1.687500e+02
      vertex   3.476016e+02 3.441426e+02 1.688706e+02
    endloop
  endfacet
  facet normal -9.064114e-01 1.802964e-01 -3.819837e-01
    outer loop
      vertex   3.476016e+02 3.441426e+02 1.688706e+02
      vertex   3.476499e+02 3.441297e+02 1.687500e+02
      vertex   3.475383e+02 3.438241e+02 1.688706e+02
    endloop
  endfacet
  facet normal -1.007077e-01 7.538886e-02 -9.920557e-01
    outer loop
      vertex   3.484885e+02 3.448097e+02 1.685000e+02
      vertex   3.483175e+02 3.445813e+02 1.685000e+02
      vertex   3.483106e+02 3.447963e+02 1.685170e+02
    endloop
  endfacet
  facet normal -1.121396e-01 7.492930e-02 -9.908634e-01
    outer loop
      vertex   3.483106e+02 3.447963e+02 1.685170e+02
      vertex   3.483175e+02 3.445813e+02 1.685000e+02
      vertex   3.481559e+02 3.445647e+02 1.685170e+02
    endloop
  endfacet
  facet normal -3.187721e-01 2.129967e-01 -9.235891e-01
    outer loop
      vertex   3.483106e+02 3.447963e+02 1.685170e+02
      vertex   3.481559e+02 3.445647e+02 1.685170e+02
      vertex   3.480514e+02 3.446250e+02 1.685670e+02
    endloop
  endfacet
  facet normal -3.438466e-01 1.695664e-01 -9.235891e-01
    outer loop
      vertex   3.480514e+02 3.446250e+02 1.685670e+02
      vertex   3.481559e+02 3.445647e+02 1.685170e+02
      vertex   3.479213e+02 3.443610e+02 1.685670e+02
    endloop
  endfacet
  facet normal -5.467180e-01 2.696115e-01 -7.927226e-01
    outer loop
      vertex   3.480514e+02 3.446250e+02 1.685670e+02
      vertex   3.479213e+02 3.443610e+02 1.685670e+02
      vertex   3.478256e+02 3.444007e+02 1.686464e+02
    endloop
  endfacet
  facet normal -5.772321e-01 1.959439e-01 -7.927226e-01
    outer loop
      vertex   3.478256e+02 3.444007e+02 1.686464e+02
      vertex   3.479213e+02 3.443610e+02 1.685670e+02
      vertex   3.477266e+02 3.441091e+02 1.686464e+02
    endloop
  endfacet
  facet normal -7.518463e-01 2.552174e-01 -6.079401e-01
    outer loop
      vertex   3.478256e+02 3.444007e+02 1.686464e+02
      vertex   3.477266e+02 3.441091e+02 1.686464e+02
      vertex   3.476499e+02 3.441297e+02 1.687500e+02
    endloop
  endfacet
  facet normal -7.787267e-01 1.548984e-01 -6.079401e-01
    outer loop
      vertex   3.476499e+02 3.441297e+02 1.687500e+02
      vertex   3.477266e+02 3.441091e+02 1.686464e+02
      vertex   3.475878e+02 3.438176e+02 1.687500e+02
    endloop
  endfacet
  facet normal -9.064114e-01 1.802964e-01 -3.819837e-01
    outer loop
      vertex   3.476499e+02 3.441297e+02 1.687500e+02
      vertex   3.475878e+02 3.438176e+02 1.687500e+02
      vertex   3.475383e+02 3.438241e+02 1.688706e+02
    endloop
  endfacet
  facet normal -9.221903e-01 6.044355e-02 -3.819837e-01
    outer loop
      vertex   3.475383e+02 3.438241e+02 1.688706e+02
      vertex   3.475878e+02 3.438176e+02 1.687500e+02
      vertex   3.475170e+02 3.435000e+02 1.688706e+02
    endloop
  endfacet
  facet normal -1.107786e-01 6.048971e-02 -9.920026e-01
    outer loop
      vertex   3.483175e+02 3.445813e+02 1.685000e+02
      vertex   3.481807e+02 3.443308e+02 1.685000e+02
      vertex   3.481559e+02 3.445647e+02 1.685170e+02
    endloop
  endfacet
  facet normal -1.204254e-01 5.938726e-02 -9.909444e-01
    outer loop
      vertex   3.481559e+02 3.445647e+02 1.685170e+02
      vertex   3.481807e+02 3.443308e+02 1.685000e+02
      vertex   3.480327e+02 3.443149e+02 1.685170e+02
    endloop
  endfacet
  facet normal -3.438466e-01 1.695664e-01 -9.235891e-01
    outer loop
      vertex   3.481559e+02 3.445647e+02 1.685170e+02
      vertex   3.480327e+02 3.443149e+02 1.685170e+02
      vertex   3.479213e+02 3.443610e+02 1.685670e+02
    endloop
  endfacet
  facet normal -3.630378e-01 1.232347e-01 -9.235891e-01
    outer loop
      vertex   3.479213e+02 3.443610e+02 1.685670e+02
      vertex   3.480327e+02 3.443149e+02 1.685170e+02
      vertex   3.478267e+02 3.440823e+02 1.685670e+02
    endloop
  endfacet
  facet normal -5.772321e-01 1.959439e-01 -7.927226e-01
    outer loop
      vertex   3.479213e+02 3.443610e+02 1.685670e+02
      vertex   3.478267e+02 3.440823e+02 1.685670e+02
      vertex   3.477266e+02 3.441091e+02 1.686464e+02
    endloop
  endfacet
  facet normal -5.978696e-01 1.189237e-01 -7.927226e-01
    outer loop
      vertex   3.477266e+02 3.441091e+02 1.686464e+02
      vertex   3.478267e+02 3.440823e+02 1.685670e+02
      vertex   3.476666e+02 3.438072e+02 1.686464e+02
    endloop
  endfacet
  facet normal -7.787267e-01 1.548984e-01 -6.079401e-01
    outer loop
      vertex   3.477266e+02 3.441091e+02 1.686464e+02
      vertex   3.476666e+02 3.438072e+02 1.686464e+02
      vertex   3.475878e+02 3.438176e+02 1.687500e+02
    endloop
  endfacet
  facet normal -7.922829e-01 5.192897e-02 -6.079401e-01
    outer loop
      vertex   3.475878e+02 3.438176e+02 1.687500e+02
      vertex   3.476666e+02 3.438072e+02 1.686464e+02
      vertex   3.475670e+02 3.435000e+02 1.687500e+02
    endloop
  endfacet
  facet normal -9.221903e-01 6.044355e-02 -3.819837e-01
    outer loop
      vertex   3.475878e+02 3.438176e+02 1.687500e+02
      vertex   3.475670e+02 3.435000e+02 1.687500e+02
      vertex   3.475170e+02 3.435000e+02 1.688706e+02
    endloop
  endfacet
  facet normal -1.189183e-01 4.435425e-02 -9.919129e-01
    outer loop
      vertex   3.481807e+02 3.443308e+02 1.685000e+02
      vertex   3.480810e+02 3.440635e+02 1.685000e+02
      vertex   3.480327e+02 3.443149e+02 1.685170e+02
    endloop
  endfacet
  facet normal -1.263088e-01 4.287605e-02 -9.910639e-01
    outer loop
      vertex   3.480327e+02 3.443149e+02 1.685170e+02
      vertex   3.480810e+02 3.440635e+02 1.685000e+02
      vertex   3.479431e+02 3.440511e+02 1.685170e+02
    endloop
  endfacet
  facet normal -3.630378e-01 1.232347e-01 -9.235891e-01
    outer loop
      vertex   3.480327e+02 3.443149e+02 1.685170e+02
      vertex   3.479431e+02 3.440511e+02 1.685170e+02
      vertex   3.478267e+02 3.440823e+02 1.685670e+02
    endloop
  endfacet
  facet normal -3.760173e-01 7.479450e-02 -9.235891e-01
    outer loop
      vertex   3.478267e+02 3.440823e+02 1.685670e+02
      vertex   3.479431e+02 3.440511e+02 1.685170e+02
      vertex   3.477692e+02 3.437937e+02 1.685670e+02
    endloop
  endfacet
  facet normal -5.978696e-01 1.189237e-01 -7.927226e-01
    outer loop
      vertex   3.478267e+02 3.440823e+02 1.685670e+02
      vertex   3.477692e+02 3.437937e+02 1.685670e+02
      vertex   3.476666e+02 3.438072e+02 1.686464e+02
    endloop
  endfacet
  facet normal -6.082774e-01 3.986861e-02 -7.927226e-01
    outer loop
      vertex   3.476666e+02 3.438072e+02 1.686464e+02
      vertex   3.477692e+02 3.437937e+02 1.685670e+02
      vertex   3.476464e+02 3.435000e+02 1.686464e+02
    endloop
  endfacet
  facet normal -7.922829e-01 5.192897e-02 -6.079401e-01
    outer loop
      vertex   3.476666e+02 3.438072e+02 1.686464e+02
      vertex   3.476464e+02 3.435000e+02 1.686464e+02
      vertex   3.475670e+02 3.435000e+02 1.687500e+02
    endloop
  endfacet
  facet normal -1.249947e-01 2.719093e-02 -9.917847e-01
    outer loop
      vertex   3.480810e+02 3.440635e+02 1.685000e+02
      vertex   3.480204e+02 3.437846e+02 1.685000e+02
      vertex   3.479431e+02 3.440511e+02 1.685170e+02
    endloop
  endfacet
  facet normal -1.296850e-01 2.579595e-02 -9.912196e-01
    outer loop
      vertex   3.479431e+02 3.440511e+02 1.685170e+02
      vertex   3.480204e+02 3.437846e+02 1.685000e+02
      vertex   3.478888e+02 3.437779e+02 1.685170e+02
    endloop
  endfacet
  facet normal -3.760173e-01 7.479450e-02 -9.235891e-01
    outer loop
      vertex   3.479431e+02 3.440511e+02 1.685170e+02
      vertex   3.478888e+02 3.437779e+02 1.685170e+02
      vertex   3.477692e+02 3.437937e+02 1.685670e+02
    endloop
  endfacet
  facet normal -3.825631e-01 2.507451e-02 -9.235891e-01
    outer loop
      vertex   3.477692e+02 3.437937e+02 1.685670e+02
      vertex   3.478888e+02 3.437779e+02 1.685170e+02
      vertex   3.477500e+02 3.435000e+02 1.685670e+02
    endloop
  endfacet
  facet normal -6.082774e-01 3.986861e-02 -7.927226e-01
    outer loop
      vertex   3.477692e+02 3.437937e+02 1.685670e+02
      vertex   3.477500e+02 3.435000e+02 1.685670e+02
      vertex   3.476464e+02 3.435000e+02 1.686464e+02
    endloop
  endfacet
  facet normal -1.288937e-01 9.218663e-03 -9.916156e-01
    outer loop
      vertex   3.480204e+02 3.437846e+02 1.685000e+02
      vertex   3.480000e+02 3.435000e+02 1.685000e+02
      vertex   3.478888e+02 3.437779e+02 1.685170e+02
    endloop
  endfacet
  facet normal -1.305214e-01 8.554826e-03 -9.914086e-01
    outer loop
      vertex   3.478888e+02 3.437779e+02 1.685170e+02
      vertex   3.480000e+02 3.435000e+02 1.685000e+02
      vertex   3.478706e+02 3.435000e+02 1.685170e+02
    endloop
  endfacet
  facet normal -3.825631e-01 2.507451e-02 -9.235891e-01
    outer loop
      vertex   3.478888e+02 3.437779e+02 1.685170e+02
      vertex   3.478706e+02 3.435000e+02 1.685170e+02
      vertex   3.477500e+02 3.435000e+02 1.685670e+02
    endloop
  endfacet
  facet normal -7.479449e-02 3.760174e-01 -9.235891e-01
    outer loop
      vertex   3.497221e+02 3.456112e+02 1.685170e+02
      vertex   3.494177e+02 3.456733e+02 1.685670e+02
      vertex   3.497063e+02 3.457308e+02 1.685670e+02
    endloop
  endfacet
  facet normal -1.189237e-01 5.978696e-01 -7.927226e-01
    outer loop
      vertex   3.497063e+02 3.457308e+02 1.685670e+02
      vertex   3.494177e+02 3.456733e+02 1.685670e+02
      vertex   3.493909e+02 3.457734e+02 1.686464e+02
    endloop
  endfacet
  facet normal -1.189237e-01 5.978696e-01 -7.927226e-01
    outer loop
      vertex   3.497063e+02 3.457308e+02 1.685670e+02
      vertex   3.493909e+02 3.457734e+02 1.686464e+02
      vertex   3.496928e+02 3.458334e+02 1.686464e+02
    endloop
  endfacet
  facet normal -1.548984e-01 7.787268e-01 -6.079401e-01
    outer loop
      vertex   3.496928e+02 3.458334e+02 1.686464e+02
      vertex   3.493909e+02 3.457734e+02 1.686464e+02
      vertex   3.493703e+02 3.458501e+02 1.687500e+02
    endloop
  endfacet
  facet normal -1.548984e-01 7.787268e-01 -6.079401e-01
    outer loop
      vertex   3.496928e+02 3.458334e+02 1.686464e+02
      vertex   3.493703e+02 3.458501e+02 1.687500e+02
      vertex   3.496824e+02 3.459122e+02 1.687500e+02
    endloop
  endfacet
  facet normal -1.802964e-01 9.064114e-01 -3.819837e-01
    outer loop
      vertex   3.496824e+02 3.459122e+02 1.687500e+02
      vertex   3.493703e+02 3.458501e+02 1.687500e+02
      vertex   3.493574e+02 3.458984e+02 1.688706e+02
    endloop
  endfacet
  facet normal -1.802964e-01 9.064114e-01 -3.819837e-01
    outer loop
      vertex   3.496824e+02 3.459122e+02 1.687500e+02
      vertex   3.493574e+02 3.458984e+02 1.688706e+02
      vertex   3.496759e+02 3.459617e+02 1.688706e+02
    endloop
  endfacet
  facet normal -1.959439e-01 5.772321e-01 -7.927226e-01
    outer loop
      vertex   3.494177e+02 3.456733e+02 1.685670e+02
      vertex   3.490993e+02 3.456744e+02 1.686464e+02
      vertex   3.493909e+02 3.457734e+02 1.686464e+02
    endloop
  endfacet
  facet normal -2.552174e-01 7.518463e-01 -6.079401e-01
    outer loop
      vertex   3.493909e+02 3.457734e+02 1.686464e+02
      vertex   3.490993e+02 3.456744e+02 1.686464e+02
      vertex   3.490689e+02 3.457478e+02 1.687500e+02
    endloop
  endfacet
  facet normal -2.552174e-01 7.518463e-01 -6.079401e-01
    outer loop
      vertex   3.493909e+02 3.457734e+02 1.686464e+02
      vertex   3.490689e+02 3.457478e+02 1.687500e+02
      vertex   3.493703e+02 3.458501e+02 1.687500e+02
    endloop
  endfacet
  facet normal -2.970644e-01 8.751235e-01 -3.819837e-01
    outer loop
      vertex   3.493703e+02 3.458501e+02 1.687500e+02
      vertex   3.490689e+02 3.457478e+02 1.687500e+02
      vertex   3.490498e+02 3.457940e+02 1.688706e+02
    endloop
  endfacet
  facet normal -2.970644e-01 8.751235e-01 -3.819837e-01
    outer loop
      vertex   3.493703e+02 3.458501e+02 1.687500e+02
      vertex   3.490498e+02 3.457940e+02 1.688706e+02
      vertex   3.493574e+02 3.458984e+02 1.688706e+02
    endloop
  endfacet
  facet normal -4.087495e-01 8.288620e-01 -3.819837e-01
    outer loop
      vertex   3.487585e+02 3.456503e+02 1.688706e+02
      vertex   3.490498e+02 3.457940e+02 1.688706e+02
      vertex   3.490689e+02 3.457478e+02 1.687500e+02
    endloop
  endfacet
  facet normal -4.087495e-01 8.288620e-01 -3.819837e-01
    outer loop
      vertex   3.487585e+02 3.456503e+02 1.688706e+02
      vertex   3.490689e+02 3.457478e+02 1.687500e+02
      vertex   3.487835e+02 3.456071e+02 1.687500e+02
    endloop
  endfacet
  facet normal -3.511697e-01 7.121016e-01 -6.079401e-01
    outer loop
      vertex   3.487835e+02 3.456071e+02 1.687500e+02
      vertex   3.490689e+02 3.457478e+02 1.687500e+02
      vertex   3.490993e+02 3.456744e+02 1.686464e+02
    endloop
  endfacet
  facet normal -5.134408e-01 7.684185e-01 -3.819837e-01
    outer loop
      vertex   3.484885e+02 3.454699e+02 1.688706e+02
      vertex   3.487585e+02 3.456503e+02 1.688706e+02
      vertex   3.487835e+02 3.456071e+02 1.687500e+02
    endloop
  endfacet
  facet normal 1.071660e-08 4.906767e-02 -9.987955e-01
    outer loop
      vertex   3.695000e+02 3.455000e+02 1.685000e+02
      vertex   3.500000e+02 3.455000e+02 1.685000e+02
      vertex   3.694976e+02 3.455490e+02 1.685024e+02
    endloop
  endfacet
  facet normal -2.616174e-04 1.526374e-01 -9.882822e-01
    outer loop
      vertex   3.694976e+02 3.455490e+02 1.685024e+02
      vertex   3.500000e+02 3.455000e+02 1.685000e+02
      vertex   3.611429e+02 3.456294e+02 1.685170e+02
    endloop
  endfacet
  facet normal 1.055619e-08 1.790169e-01 -9.838460e-01
    outer loop
      vertex   3.694976e+02 3.455490e+02 1.685024e+02
      vertex   3.611429e+02 3.456294e+02 1.685170e+02
      vertex   3.639286e+02 3.456294e+02 1.685170e+02
    endloop
  endfacet
  facet normal 9.912783e-09 3.826834e-01 -9.238795e-01
    outer loop
      vertex   3.639286e+02 3.456294e+02 1.685170e+02
      vertex   3.611429e+02 3.456294e+02 1.685170e+02
      vertex   3.639286e+02 3.457500e+02 1.685670e+02
    endloop
  endfacet
  facet normal 9.912765e-09 3.826834e-01 -9.238795e-01
    outer loop
      vertex   3.639286e+02 3.456294e+02 1.685170e+02
      vertex   3.639286e+02 3.457500e+02 1.685670e+02
      vertex   3.667143e+02 3.457500e+02 1.685670e+02
    endloop
  endfacet
  facet normal 8.512285e-09 6.087614e-01 -7.933533e-01
    outer loop
      vertex   3.667143e+02 3.457500e+02 1.685670e+02
      vertex   3.639286e+02 3.457500e+02 1.685670e+02
      vertex   3.667143e+02 3.458536e+02 1.686464e+02
    endloop
  endfacet
  facet normal -1.187143e-03 6.087610e-01 -7.933528e-01
    outer loop
      vertex   3.667143e+02 3.457500e+02 1.685670e+02
      vertex   3.667143e+02 3.458536e+02 1.686464e+02
      vertex   3.694157e+02 3.457778e+02 1.685843e+02
    endloop
  endfacet
  facet normal 8.294025e-09 6.343933e-01 -7.730105e-01
    outer loop
      vertex   3.694157e+02 3.457778e+02 1.685843e+02
      vertex   3.667143e+02 3.458536e+02 1.686464e+02
      vertex   3.693536e+02 3.458536e+02 1.686464e+02
    endloop
  endfacet
  facet normal 6.806731e-09 7.730105e-01 -6.343933e-01
    outer loop
      vertex   3.693536e+02 3.458536e+02 1.686464e+02
      vertex   3.667143e+02 3.458536e+02 1.686464e+02
      vertex   3.692778e+02 3.459157e+02 1.687222e+02
    endloop
  endfacet
  facet normal -1.251029e-03 7.933527e-01 -6.087610e-01
    outer loop
      vertex   3.692778e+02 3.459157e+02 1.687222e+02
      vertex   3.667143e+02 3.458536e+02 1.686464e+02
      vertex   3.667143e+02 3.459330e+02 1.687500e+02
    endloop
  endfacet
  facet normal 8.442566e-04 8.822717e-01 -4.707398e-01
    outer loop
      vertex   3.692778e+02 3.459157e+02 1.687222e+02
      vertex   3.667143e+02 3.459330e+02 1.687500e+02
      vertex   3.691913e+02 3.459619e+02 1.688087e+02
    endloop
  endfacet
  facet normal -1.726870e-03 9.238782e-01 -3.826829e-01
    outer loop
      vertex   3.691913e+02 3.459619e+02 1.688087e+02
      vertex   3.667143e+02 3.459330e+02 1.687500e+02
      vertex   3.667143e+02 3.459830e+02 1.688706e+02
    endloop
  endfacet
  facet normal 8.862845e-04 9.571858e-01 -2.894729e-01
    outer loop
      vertex   3.691913e+02 3.459619e+02 1.688087e+02
      vertex   3.667143e+02 3.459830e+02 1.688706e+02
      vertex   3.690975e+02 3.459904e+02 1.689025e+02
    endloop
  endfacet
  facet normal -1.768001e-03 9.950092e-01 -9.976785e-02
    outer loop
      vertex   3.690975e+02 3.459904e+02 1.689025e+02
      vertex   3.667143e+02 3.459830e+02 1.688706e+02
      vertex   3.690000e+02 3.460000e+02 1.690000e+02
    endloop
  endfacet
  facet normal 1.400465e-09 9.914449e-01 -1.305262e-01
    outer loop
      vertex   3.690000e+02 3.460000e+02 1.690000e+02
      vertex   3.667143e+02 3.459830e+02 1.688706e+02
      vertex   3.639286e+02 3.459830e+02 1.688706e+02
    endloop
  endfacet
  facet normal 1.400485e-09 9.914449e-01 -1.305262e-01
    outer loop
      vertex   3.690000e+02 3.460000e+02 1.690000e+02
      vertex   3.639286e+02 3.459830e+02 1.688706e+02
      vertex   3.611429e+02 3.459830e+02 1.688706e+02
    endloop
  endfacet
  facet normal 4.106014e-09 9.238795e-01 -3.826834e-01
    outer loop
      vertex   3.611429e+02 3.459830e+02 1.688706e+02
      vertex   3.639286e+02 3.459830e+02 1.688706e+02
      vertex   3.611429e+02 3.459330e+02 1.687500e+02
    endloop
  endfacet
  facet normal 4.106017e-09 9.238795e-01 -3.826834e-01
    outer loop
      vertex   3.611429e+02 3.459830e+02 1.688706e+02
      vertex   3.611429e+02 3.459330e+02 1.687500e+02
      vertex   3.583571e+02 3.459330e+02 1.687500e+02
    endloop
  endfacet
  facet normal 6.531731e-09 7.933533e-01 -6.087614e-01
    outer loop
      vertex   3.583571e+02 3.459330e+02 1.687500e+02
      vertex   3.611429e+02 3.459330e+02 1.687500e+02
      vertex   3.583571e+02 3.458536e+02 1.686464e+02
    endloop
  endfacet
  facet normal 6.531702e-09 7.933533e-01 -6.087614e-01
    outer loop
      vertex   3.583571e+02 3.459330e+02 1.687500e+02
      vertex   3.583571e+02 3.458536e+02 1.686464e+02
      vertex   3.555714e+02 3.458536e+02 1.686464e+02
    endloop
  endfacet
  facet normal 8.512288e-09 6.087614e-01 -7.933533e-01
    outer loop
      vertex   3.555714e+02 3.458536e+02 1.686464e+02
      vertex   3.583571e+02 3.458536e+02 1.686464e+02
      vertex   3.555714e+02 3.457500e+02 1.685670e+02
    endloop
  endfacet
  facet normal 8.512285e-09 6.087614e-01 -7.933533e-01
    outer loop
      vertex   3.555714e+02 3.458536e+02 1.686464e+02
      vertex   3.555714e+02 3.457500e+02 1.685670e+02
      vertex   3.527857e+02 3.457500e+02 1.685670e+02
    endloop
  endfacet
  facet normal 9.912765e-09 3.826834e-01 -9.238795e-01
    outer loop
      vertex   3.527857e+02 3.457500e+02 1.685670e+02
      vertex   3.555714e+02 3.457500e+02 1.685670e+02
      vertex   3.527857e+02 3.456294e+02 1.685170e+02
    endloop
  endfacet
  facet normal 9.912797e-09 3.826834e-01 -9.238795e-01
    outer loop
      vertex   3.527857e+02 3.457500e+02 1.685670e+02
      vertex   3.527857e+02 3.456294e+02 1.685170e+02
      vertex   3.500000e+02 3.456294e+02 1.685170e+02
    endloop
  endfacet
  facet normal 1.063775e-08 1.305262e-01 -9.914449e-01
    outer loop
      vertex   3.500000e+02 3.456294e+02 1.685170e+02
      vertex   3.527857e+02 3.456294e+02 1.685170e+02
      vertex   3.500000e+02 3.455000e+02 1.685000e+02
    endloop
  endfacet
  facet normal 1.063773e-08 1.305262e-01 -9.914449e-01
    outer loop
      vertex   3.500000e+02 3.455000e+02 1.685000e+02
      vertex   3.527857e+02 3.456294e+02 1.685170e+02
      vertex   3.555714e+02 3.456294e+02 1.685170e+02
    endloop
  endfacet
  facet normal 1.063772e-08 1.305262e-01 -9.914449e-01
    outer loop
      vertex   3.500000e+02 3.455000e+02 1.685000e+02
      vertex   3.555714e+02 3.456294e+02 1.685170e+02
      vertex   3.583571e+02 3.456294e+02 1.685170e+02
    endloop
  endfacet
  facet normal 9.912775e-09 3.826834e-01 -9.238795e-01
    outer loop
      vertex   3.583571e+02 3.456294e+02 1.685170e+02
      vertex   3.555714e+02 3.456294e+02 1.685170e+02
      vertex   3.583571e+02 3.457500e+02 1.685670e+02
    endloop
  endfacet
  facet normal 9.912794e-09 3.826834e-01 -9.238795e-01
    outer loop
      vertex   3.583571e+02 3.456294e+02 1.685170e+02
      vertex   3.583571e+02 3.457500e+02 1.685670e+02
      vertex   3.611429e+02 3.457500e+02 1.685670e+02
    endloop
  endfacet
  facet normal 8.512309e-09 6.087614e-01 -7.933533e-01
    outer loop
      vertex   3.611429e+02 3.457500e+02 1.685670e+02
      vertex   3.583571e+02 3.457500e+02 1.685670e+02
      vertex   3.611429e+02 3.458536e+02 1.686464e+02
    endloop
  endfacet
  facet normal 8.512301e-09 6.087614e-01 -7.933533e-01
    outer loop
      vertex   3.611429e+02 3.457500e+02 1.685670e+02
      vertex   3.611429e+02 3.458536e+02 1.686464e+02
      vertex   3.639286e+02 3.458536e+02 1.686464e+02
    endloop
  endfacet
  facet normal 6.531718e-09 7.933533e-01 -6.087614e-01
    outer loop
      vertex   3.639286e+02 3.458536e+02 1.686464e+02
      vertex   3.611429e+02 3.458536e+02 1.686464e+02
      vertex   3.639286e+02 3.459330e+02 1.687500e+02
    endloop
  endfacet
  facet normal 6.531708e-09 7.933533e-01 -6.087614e-01
    outer loop
      vertex   3.639286e+02 3.458536e+02 1.686464e+02
      vertex   3.639286e+02 3.459330e+02 1.687500e+02
      vertex   3.667143e+02 3.459330e+02 1.687500e+02
    endloop
  endfacet
  facet normal 4.105995e-09 9.238795e-01 -3.826834e-01
    outer loop
      vertex   3.667143e+02 3.459330e+02 1.687500e+02
      vertex   3.639286e+02 3.459330e+02 1.687500e+02
      vertex   3.667143e+02 3.459830e+02 1.688706e+02
    endloop
  endfacet
  facet normal 9.912806e-09 3.826834e-01 -9.238795e-01
    outer loop
      vertex   3.500000e+02 3.456294e+02 1.685170e+02
      vertex   3.500000e+02 3.457500e+02 1.685670e+02
      vertex   3.527857e+02 3.457500e+02 1.685670e+02
    endloop
  endfacet
  facet normal 8.512308e-09 6.087614e-01 -7.933533e-01
    outer loop
      vertex   3.527857e+02 3.457500e+02 1.685670e+02
      vertex   3.500000e+02 3.457500e+02 1.685670e+02
      vertex   3.527857e+02 3.458536e+02 1.686464e+02
    endloop
  endfacet
  facet normal 8.512301e-09 6.087614e-01 -7.933533e-01
    outer loop
      vertex   3.527857e+02 3.457500e+02 1.685670e+02
      vertex   3.527857e+02 3.458536e+02 1.686464e+02
      vertex   3.555714e+02 3.458536e+02 1.686464e+02
    endloop
  endfacet
  facet normal 6.531718e-09 7.933533e-01 -6.087614e-01
    outer loop
      vertex   3.555714e+02 3.458536e+02 1.686464e+02
      vertex   3.527857e+02 3.458536e+02 1.686464e+02
      vertex   3.555714e+02 3.459330e+02 1.687500e+02
    endloop
  endfacet
  facet normal 6.531724e-09 7.933533e-01 -6.087614e-01
    outer loop
      vertex   3.555714e+02 3.458536e+02 1.686464e+02
      vertex   3.555714e+02 3.459330e+02 1.687500e+02
      vertex   3.583571e+02 3.459330e+02 1.687500e+02
    endloop
  endfacet
  facet normal 4.106014e-09 9.238795e-01 -3.826834e-01
    outer loop
      vertex   3.583571e+02 3.459330e+02 1.687500e+02
      vertex   3.555714e+02 3.459330e+02 1.687500e+02
      vertex   3.583571e+02 3.459830e+02 1.688706e+02
    endloop
  endfacet
  facet normal 4.106025e-09 9.238795e-01 -3.826834e-01
    outer loop
      vertex   3.583571e+02 3.459330e+02 1.687500e+02
      vertex   3.583571e+02 3.459830e+02 1.688706e+02
      vertex   3.611429e+02 3.459830e+02 1.688706e+02
    endloop
  endfacet
  facet normal 1.400489e-09 9.914449e-01 -1.305262e-01
    outer loop
      vertex   3.611429e+02 3.459830e+02 1.688706e+02
      vertex   3.583571e+02 3.459830e+02 1.688706e+02
      vertex   3.690000e+02 3.460000e+02 1.690000e+02
    endloop
  endfacet
  facet normal 8.512309e-09 6.087614e-01 -7.933533e-01
    outer loop
      vertex   3.500000e+02 3.457500e+02 1.685670e+02
      vertex   3.500000e+02 3.458536e+02 1.686464e+02
      vertex   3.527857e+02 3.458536e+02 1.686464e+02
    endloop
  endfacet
  facet normal 6.531724e-09 7.933533e-01 -6.087614e-01
    outer loop
      vertex   3.527857e+02 3.458536e+02 1.686464e+02
      vertex   3.500000e+02 3.458536e+02 1.686464e+02
      vertex   3.527857e+02 3.459330e+02 1.687500e+02
    endloop
  endfacet
  facet normal 6.531718e-09 7.933533e-01 -6.087614e-01
    outer loop
      vertex   3.527857e+02 3.458536e+02 1.686464e+02
      vertex   3.527857e+02 3.459330e+02 1.687500e+02
      vertex   3.555714e+02 3.459330e+02 1.687500e+02
    endloop
  endfacet
  facet normal 4.106010e-09 9.238795e-01 -3.826834e-01
    outer loop
      vertex   3.555714e+02 3.459330e+02 1.687500e+02
      vertex   3.527857e+02 3.459330e+02 1.687500e+02
      vertex   3.555714e+02 3.459830e+02 1.688706e+02
    endloop
  endfacet
  facet normal 4.106014e-09 9.238795e-01 -3.826834e-01
    outer loop
      vertex   3.555714e+02 3.459330e+02 1.687500e+02
      vertex   3.555714e+02 3.459830e+02 1.688706e+02
      vertex   3.583571e+02 3.459830e+02 1.688706e+02
    endloop
  endfacet
  facet normal 1.400485e-09 9.914449e-01 -1.305262e-01
    outer loop
      vertex   3.583571e+02 3.459830e+02 1.688706e+02
      vertex   3.555714e+02 3.459830e+02 1.688706e+02
      vertex   3.500000e+02 3.460000e+02 1.690000e+02
    endloop
  endfacet
  facet normal 1.400484e-09 9.914449e-01 -1.305262e-01
    outer loop
      vertex   3.583571e+02 3.459830e+02 1.688706e+02
      vertex   3.500000e+02 3.460000e+02 1.690000e+02
      vertex   3.690000e+02 3.460000e+02 1.690000e+02
    endloop
  endfacet
  facet normal 6.531706e-09 7.933533e-01 -6.087614e-01
    outer loop
      vertex   3.500000e+02 3.458536e+02 1.686464e+02
      vertex   3.500000e+02 3.459330e+02 1.687500e+02
      vertex   3.527857e+02 3.459330e+02 1.687500e+02
    endloop
  endfacet
  facet normal 4.106002e-09 9.238795e-01 -3.826834e-01
    outer loop
      vertex   3.527857e+02 3.459330e+02 1.687500e+02
      vertex   3.500000e+02 3.459330e+02 1.687500e+02
      vertex   3.527857e+02 3.459830e+02 1.688706e+02
    endloop
  endfacet
  facet normal 4.106014e-09 9.238795e-01 -3.826834e-01
    outer loop
      vertex   3.527857e+02 3.459330e+02 1.687500e+02
      vertex   3.527857e+02 3.459830e+02 1.688706e+02
      vertex   3.555714e+02 3.459830e+02 1.688706e+02
    endloop
  endfacet
  facet normal 1.400485e-09 9.914449e-01 -1.305262e-01
    outer loop
      vertex   3.555714e+02 3.459830e+02 1.688706e+02
      vertex   3.527857e+02 3.459830e+02 1.688706e+02
      vertex   3.500000e+02 3.460000e+02 1.690000e+02
    endloop
  endfacet
  facet normal 4.105994e-09 9.238795e-01 -3.826834e-01
    outer loop
      vertex   3.500000e+02 3.459330e+02 1.687500e+02
      vertex   3.500000e+02 3.459830e+02 1.688706e+02
      vertex   3.527857e+02 3.459830e+02 1.688706e+02
    endloop
  endfacet
  facet normal 1.400478e-09 9.914449e-01 -1.305262e-01
    outer loop
      vertex   3.527857e+02 3.459830e+02 1.688706e+02
      vertex   3.500000e+02 3.459830e+02 1.688706e+02
      vertex   3.500000e+02 3.460000e+02 1.690000e+02
    endloop
  endfacet
  facet normal 7.876634e-04 4.717240e-01 -8.817459e-01
    outer loop
      vertex   3.694157e+02 3.457778e+02 1.685843e+02
      vertex   3.694619e+02 3.456913e+02 1.685381e+02
      vertex   3.667143e+02 3.457500e+02 1.685670e+02
    endloop
  endfacet
  facet normal -1.556796e-03 3.826830e-01 -9.238784e-01
    outer loop
      vertex   3.667143e+02 3.457500e+02 1.685670e+02
      vertex   3.694619e+02 3.456913e+02 1.685381e+02
      vertex   3.667143e+02 3.456294e+02 1.685170e+02
    endloop
  endfacet
  facet normal 9.912784e-09 3.826834e-01 -9.238795e-01
    outer loop
      vertex   3.667143e+02 3.457500e+02 1.685670e+02
      vertex   3.667143e+02 3.456294e+02 1.685170e+02
      vertex   3.639286e+02 3.456294e+02 1.685170e+02
    endloop
  endfacet
  facet normal 1.055620e-08 1.790169e-01 -9.838460e-01
    outer loop
      vertex   3.639286e+02 3.456294e+02 1.685170e+02
      vertex   3.667143e+02 3.456294e+02 1.685170e+02
      vertex   3.694976e+02 3.455490e+02 1.685024e+02
    endloop
  endfacet
  facet normal 7.734892e-04 2.904994e-01 -9.568748e-01
    outer loop
      vertex   3.694619e+02 3.456913e+02 1.685381e+02
      vertex   3.694904e+02 3.455975e+02 1.685096e+02
      vertex   3.667143e+02 3.456294e+02 1.685170e+02
    endloop
  endfacet
  facet normal -9.648131e-04 1.465904e-01 -9.891968e-01
    outer loop
      vertex   3.667143e+02 3.456294e+02 1.685170e+02
      vertex   3.694904e+02 3.455975e+02 1.685096e+02
      vertex   3.694976e+02 3.455490e+02 1.685024e+02
    endloop
  endfacet
  facet normal 1.063774e-08 1.305262e-01 -9.914449e-01
    outer loop
      vertex   3.611429e+02 3.456294e+02 1.685170e+02
      vertex   3.500000e+02 3.455000e+02 1.685000e+02
      vertex   3.583571e+02 3.456294e+02 1.685170e+02
    endloop
  endfacet
  facet normal 9.912800e-09 3.826834e-01 -9.238795e-01
    outer loop
      vertex   3.583571e+02 3.457500e+02 1.685670e+02
      vertex   3.555714e+02 3.456294e+02 1.685170e+02
      vertex   3.555714e+02 3.457500e+02 1.685670e+02
    endloop
  endfacet
  facet normal 9.912792e-09 3.826834e-01 -9.238795e-01
    outer loop
      vertex   3.555714e+02 3.457500e+02 1.685670e+02
      vertex   3.555714e+02 3.456294e+02 1.685170e+02
      vertex   3.527857e+02 3.456294e+02 1.685170e+02
    endloop
  endfacet
  facet normal 9.912784e-09 3.826834e-01 -9.238795e-01
    outer loop
      vertex   3.639286e+02 3.457500e+02 1.685670e+02
      vertex   3.611429e+02 3.456294e+02 1.685170e+02
      vertex   3.611429e+02 3.457500e+02 1.685670e+02
    endloop
  endfacet
  facet normal 9.912794e-09 3.826834e-01 -9.238795e-01
    outer loop
      vertex   3.611429e+02 3.457500e+02 1.685670e+02
      vertex   3.611429e+02 3.456294e+02 1.685170e+02
      vertex   3.583571e+02 3.456294e+02 1.685170e+02
    endloop
  endfacet
  facet normal 8.512309e-09 6.087614e-01 -7.933533e-01
    outer loop
      vertex   3.611429e+02 3.458536e+02 1.686464e+02
      vertex   3.583571e+02 3.457500e+02 1.685670e+02
      vertex   3.583571e+02 3.458536e+02 1.686464e+02
    endloop
  endfacet
  facet normal 8.512326e-09 6.087614e-01 -7.933533e-01
    outer loop
      vertex   3.583571e+02 3.458536e+02 1.686464e+02
      vertex   3.583571e+02 3.457500e+02 1.685670e+02
      vertex   3.555714e+02 3.457500e+02 1.685670e+02
    endloop
  endfacet
  facet normal 8.512309e-09 6.087614e-01 -7.933533e-01
    outer loop
      vertex   3.667143e+02 3.458536e+02 1.686464e+02
      vertex   3.639286e+02 3.457500e+02 1.685670e+02
      vertex   3.639286e+02 3.458536e+02 1.686464e+02
    endloop
  endfacet
  facet normal 8.512301e-09 6.087614e-01 -7.933533e-01
    outer loop
      vertex   3.639286e+02 3.458536e+02 1.686464e+02
      vertex   3.639286e+02 3.457500e+02 1.685670e+02
      vertex   3.611429e+02 3.457500e+02 1.685670e+02
    endloop
  endfacet
  facet normal 6.531718e-09 7.933533e-01 -6.087614e-01
    outer loop
      vertex   3.639286e+02 3.459330e+02 1.687500e+02
      vertex   3.611429e+02 3.458536e+02 1.686464e+02
      vertex   3.611429e+02 3.459330e+02 1.687500e+02
    endloop
  endfacet
  facet normal 6.531724e-09 7.933533e-01 -6.087614e-01
    outer loop
      vertex   3.611429e+02 3.459330e+02 1.687500e+02
      vertex   3.611429e+02 3.458536e+02 1.686464e+02
      vertex   3.583571e+02 3.458536e+02 1.686464e+02
    endloop
  endfacet
  facet normal 6.531724e-09 7.933533e-01 -6.087614e-01
    outer loop
      vertex   3.667143e+02 3.459330e+02 1.687500e+02
      vertex   3.667143e+02 3.458536e+02 1.686464e+02
      vertex   3.639286e+02 3.458536e+02 1.686464e+02
    endloop
  endfacet
  facet normal 4.105995e-09 9.238795e-01 -3.826834e-01
    outer loop
      vertex   3.667143e+02 3.459830e+02 1.688706e+02
      vertex   3.639286e+02 3.459330e+02 1.687500e+02
      vertex   3.639286e+02 3.459830e+02 1.688706e+02
    endloop
  endfacet
  facet normal 4.106010e-09 9.238795e-01 -3.826834e-01
    outer loop
      vertex   3.639286e+02 3.459830e+02 1.688706e+02
      vertex   3.639286e+02 3.459330e+02 1.687500e+02
      vertex   3.611429e+02 3.459330e+02 1.687500e+02
    endloop
  endfacet
  facet normal 9.987955e-01 4.906767e-02 0.000000e+00
    outer loop
      vertex   3.695000e+02 3.455000e+02 1.839979e+02
      vertex   3.695000e+02 3.455000e+02 1.685000e+02
      vertex   3.694976e+02 3.455490e+02 1.839955e+02
    endloop
  endfacet
  facet normal 9.888006e-01 1.492426e-01 -3.183826e-04
    outer loop
      vertex   3.694976e+02 3.455490e+02 1.839955e+02
      vertex   3.695000e+02 3.455000e+02 1.685000e+02
      vertex   3.694830e+02 3.456294e+02 1.762489e+02
    endloop
  endfacet
  facet normal 9.838460e-01 1.790169e-01 0.000000e+00
    outer loop
      vertex   3.694976e+02 3.455490e+02 1.839955e+02
      vertex   3.694830e+02 3.456294e+02 1.762489e+02
      vertex   3.694830e+02 3.456294e+02 1.788319e+02
    endloop
  endfacet
  facet normal 9.238795e-01 3.826834e-01 0.000000e+00
    outer loop
      vertex   3.694830e+02 3.456294e+02 1.788319e+02
      vertex   3.694830e+02 3.456294e+02 1.762489e+02
      vertex   3.694330e+02 3.457500e+02 1.788319e+02
    endloop
  endfacet
  facet normal 9.238795e-01 3.826834e-01 0.000000e+00
    outer loop
      vertex   3.694830e+02 3.456294e+02 1.788319e+02
      vertex   3.694330e+02 3.457500e+02 1.788319e+02
      vertex   3.694330e+02 3.457500e+02 1.814149e+02
    endloop
  endfacet
  facet normal 7.933533e-01 6.087614e-01 0.000000e+00
    outer loop
      vertex   3.694330e+02 3.457500e+02 1.814149e+02
      vertex   3.694330e+02 3.457500e+02 1.788319e+02
      vertex   3.693536e+02 3.458536e+02 1.814149e+02
    endloop
  endfacet
  facet normal 7.933527e-01 6.087609e-01 -1.283470e-03
    outer loop
      vertex   3.694330e+02 3.457500e+02 1.814149e+02
      vertex   3.693536e+02 3.458536e+02 1.814149e+02
      vertex   3.694157e+02 3.457778e+02 1.839136e+02
    endloop
  endfacet
  facet normal 7.730105e-01 6.343933e-01 0.000000e+00
    outer loop
      vertex   3.694157e+02 3.457778e+02 1.839136e+02
      vertex   3.693536e+02 3.458536e+02 1.814149e+02
      vertex   3.693536e+02 3.458536e+02 1.838514e+02
    endloop
  endfacet
  facet normal 6.343933e-01 7.730105e-01 0.000000e+00
    outer loop
      vertex   3.693536e+02 3.458536e+02 1.838514e+02
      vertex   3.693536e+02 3.458536e+02 1.814149e+02
      vertex   3.692778e+02 3.459157e+02 1.837757e+02
    endloop
  endfacet
  facet normal 6.087609e-01 7.933526e-01 -1.358469e-03
    outer loop
      vertex   3.692778e+02 3.459157e+02 1.837757e+02
      vertex   3.693536e+02 3.458536e+02 1.814149e+02
      vertex   3.692500e+02 3.459330e+02 1.814149e+02
    endloop
  endfacet
  facet normal 4.706827e-01 8.823021e-01 9.176473e-04
    outer loop
      vertex   3.692778e+02 3.459157e+02 1.837757e+02
      vertex   3.692500e+02 3.459330e+02 1.814149e+02
      vertex   3.691913e+02 3.459619e+02 1.836892e+02
    endloop
  endfacet
  facet normal 3.826828e-01 9.238779e-01 -1.880806e-03
    outer loop
      vertex   3.691913e+02 3.459619e+02 1.836892e+02
      vertex   3.692500e+02 3.459330e+02 1.814149e+02
      vertex   3.691294e+02 3.459830e+02 1.814149e+02
    endloop
  endfacet
  facet normal 2.893984e-01 9.572082e-01 9.675185e-04
    outer loop
      vertex   3.691913e+02 3.459619e+02 1.836892e+02
      vertex   3.691294e+02 3.459830e+02 1.814149e+02
      vertex   3.690975e+02 3.459904e+02 1.835954e+02
    endloop
  endfacet
  facet normal 9.992822e-02 9.949928e-01 -1.929981e-03
    outer loop
      vertex   3.690975e+02 3.459904e+02 1.835954e+02
      vertex   3.691294e+02 3.459830e+02 1.814149e+02
      vertex   3.690000e+02 3.460000e+02 1.834979e+02
    endloop
  endfacet
  facet normal 1.305262e-01 9.914449e-01 0.000000e+00
    outer loop
      vertex   3.690000e+02 3.460000e+02 1.834979e+02
      vertex   3.691294e+02 3.459830e+02 1.814149e+02
      vertex   3.691294e+02 3.459830e+02 1.788319e+02
    endloop
  endfacet
  facet normal 1.305262e-01 9.914449e-01 0.000000e+00
    outer loop
      vertex   3.690000e+02 3.460000e+02 1.834979e+02
      vertex   3.691294e+02 3.459830e+02 1.788319e+02
      vertex   3.691294e+02 3.459830e+02 1.762489e+02
    endloop
  endfacet
  facet normal 3.826834e-01 9.238795e-01 -0.000000e+00
    outer loop
      vertex   3.691294e+02 3.459830e+02 1.762489e+02
      vertex   3.691294e+02 3.459830e+02 1.788319e+02
      vertex   3.692500e+02 3.459330e+02 1.762489e+02
    endloop
  endfacet
  facet normal 3.826834e-01 9.238795e-01 0.000000e+00
    outer loop
      vertex   3.691294e+02 3.459830e+02 1.762489e+02
      vertex   3.692500e+02 3.459330e+02 1.762489e+02
      vertex   3.692500e+02 3.459330e+02 1.736660e+02
    endloop
  endfacet
  facet normal 6.087614e-01 7.933533e-01 -0.000000e+00
    outer loop
      vertex   3.692500e+02 3.459330e+02 1.736660e+02
      vertex   3.692500e+02 3.459330e+02 1.762489e+02
      vertex   3.693536e+02 3.458536e+02 1.736660e+02
    endloop
  endfacet
  facet normal 6.087614e-01 7.933533e-01 0.000000e+00
    outer loop
      vertex   3.692500e+02 3.459330e+02 1.736660e+02
      vertex   3.693536e+02 3.458536e+02 1.736660e+02
      vertex   3.693536e+02 3.458536e+02 1.710830e+02
    endloop
  endfacet
  facet normal 7.933533e-01 6.087614e-01 -0.000000e+00
    outer loop
      vertex   3.693536e+02 3.458536e+02 1.710830e+02
      vertex   3.693536e+02 3.458536e+02 1.736660e+02
      vertex   3.694330e+02 3.457500e+02 1.710830e+02
    endloop
  endfacet
  facet normal 7.933527e-01 6.087609e-01 1.283470e-03
    outer loop
      vertex   3.693536e+02 3.458536e+02 1.710830e+02
      vertex   3.694330e+02 3.457500e+02 1.710830e+02
      vertex   3.694157e+02 3.457778e+02 1.685843e+02
    endloop
  endfacet
  facet normal 8.817317e-01 4.717504e-01 -8.511687e-04
    outer loop
      vertex   3.694157e+02 3.457778e+02 1.685843e+02
      vertex   3.694330e+02 3.457500e+02 1.710830e+02
      vertex   3.694619e+02 3.456913e+02 1.685381e+02
    endloop
  endfacet
  facet normal 9.238782e-01 3.826829e-01 1.680823e-03
    outer loop
      vertex   3.694619e+02 3.456913e+02 1.685381e+02
      vertex   3.694330e+02 3.457500e+02 1.710830e+02
      vertex   3.694830e+02 3.456294e+02 1.710830e+02
    endloop
  endfacet
  facet normal 9.568696e-01 2.905164e-01 -8.346395e-04
    outer loop
      vertex   3.694619e+02 3.456913e+02 1.685381e+02
      vertex   3.694830e+02 3.456294e+02 1.710830e+02
      vertex   3.694904e+02 3.455975e+02 1.685096e+02
    endloop
  endfacet
  facet normal 9.891984e-01 1.465793e-01 1.040975e-03
    outer loop
      vertex   3.694904e+02 3.455975e+02 1.685096e+02
      vertex   3.694830e+02 3.456294e+02 1.710830e+02
      vertex   3.694976e+02 3.455490e+02 1.685024e+02
    endloop
  endfacet
  facet normal 9.987968e-01 4.886437e-02 4.139818e-03
    outer loop
      vertex   3.694976e+02 3.455490e+02 1.685024e+02
      vertex   3.694830e+02 3.456294e+02 1.710830e+02
      vertex   3.695000e+02 3.455000e+02 1.685000e+02
    endloop
  endfacet
  facet normal 9.914449e-01 1.305262e-01 0.000000e+00
    outer loop
      vertex   3.695000e+02 3.455000e+02 1.685000e+02
      vertex   3.694830e+02 3.456294e+02 1.710830e+02
      vertex   3.694830e+02 3.456294e+02 1.736660e+02
    endloop
  endfacet
  facet normal 9.914449e-01 1.305262e-01 0.000000e+00
    outer loop
      vertex   3.695000e+02 3.455000e+02 1.685000e+02
      vertex   3.694830e+02 3.456294e+02 1.736660e+02
      vertex   3.694830e+02 3.456294e+02 1.762489e+02
    endloop
  endfacet
  facet normal 9.238795e-01 3.826834e-01 0.000000e+00
    outer loop
      vertex   3.694830e+02 3.456294e+02 1.762489e+02
      vertex   3.694830e+02 3.456294e+02 1.736660e+02
      vertex   3.694330e+02 3.457500e+02 1.762489e+02
    endloop
  endfacet
  facet normal 9.238795e-01 3.826834e-01 0.000000e+00
    outer loop
      vertex   3.694830e+02 3.456294e+02 1.762489e+02
      vertex   3.694330e+02 3.457500e+02 1.762489e+02
      vertex   3.694330e+02 3.457500e+02 1.788319e+02
    endloop
  endfacet
  facet normal 7.933533e-01 6.087614e-01 0.000000e+00
    outer loop
      vertex   3.694330e+02 3.457500e+02 1.788319e+02
      vertex   3.694330e+02 3.457500e+02 1.762489e+02
      vertex   3.693536e+02 3.458536e+02 1.788319e+02
    endloop
  endfacet
  facet normal 7.933533e-01 6.087614e-01 0.000000e+00
    outer loop
      vertex   3.694330e+02 3.457500e+02 1.788319e+02
      vertex   3.693536e+02 3.458536e+02 1.788319e+02
      vertex   3.693536e+02 3.458536e+02 1.814149e+02
    endloop
  endfacet
  facet normal 6.087614e-01 7.933533e-01 0.000000e+00
    outer loop
      vertex   3.693536e+02 3.458536e+02 1.814149e+02
      vertex   3.693536e+02 3.458536e+02 1.788319e+02
      vertex   3.692500e+02 3.459330e+02 1.814149e+02
    endloop
  endfacet
  facet normal 7.730105e-01 6.343933e-01 0.000000e+00
    outer loop
      vertex   3.694157e+02 3.457778e+02 1.685843e+02
      vertex   3.693536e+02 3.458536e+02 1.686464e+02
      vertex   3.693536e+02 3.458536e+02 1.710830e+02
    endloop
  endfacet
  facet normal 6.343933e-01 7.730105e-01 0.000000e+00
    outer loop
      vertex   3.693536e+02 3.458536e+02 1.710830e+02
      vertex   3.693536e+02 3.458536e+02 1.686464e+02
      vertex   3.692778e+02 3.459157e+02 1.687222e+02
    endloop
  endfacet
  facet normal 6.087609e-01 7.933526e-01 1.358469e-03
    outer loop
      vertex   3.693536e+02 3.458536e+02 1.710830e+02
      vertex   3.692778e+02 3.459157e+02 1.687222e+02
      vertex   3.692500e+02 3.459330e+02 1.710830e+02
    endloop
  endfacet
  facet normal 4.706827e-01 8.823021e-01 -9.176473e-04
    outer loop
      vertex   3.692500e+02 3.459330e+02 1.710830e+02
      vertex   3.692778e+02 3.459157e+02 1.687222e+02
      vertex   3.691913e+02 3.459619e+02 1.688087e+02
    endloop
  endfacet
  facet normal 3.826828e-01 9.238779e-01 1.880806e-03
    outer loop
      vertex   3.692500e+02 3.459330e+02 1.710830e+02
      vertex   3.691913e+02 3.459619e+02 1.688087e+02
      vertex   3.691294e+02 3.459830e+02 1.710830e+02
    endloop
  endfacet
  facet normal 2.893984e-01 9.572082e-01 -9.675185e-04
    outer loop
      vertex   3.691294e+02 3.459830e+02 1.710830e+02
      vertex   3.691913e+02 3.459619e+02 1.688087e+02
      vertex   3.690975e+02 3.459904e+02 1.689025e+02
    endloop
  endfacet
  facet normal 2.270763e-01 9.738770e-01 -0.000000e+00
    outer loop
      vertex   3.691294e+02 3.459830e+02 1.710830e+02
      vertex   3.690975e+02 3.459904e+02 1.689025e+02
      vertex   3.691294e+02 3.459830e+02 1.736660e+02
    endloop
  endfacet
  facet normal 1.636242e-01 9.865226e-01 4.441711e-04
    outer loop
      vertex   3.691294e+02 3.459830e+02 1.736660e+02
      vertex   3.690975e+02 3.459904e+02 1.689025e+02
      vertex   3.690000e+02 3.460000e+02 1.834979e+02
    endloop
  endfacet
  facet normal 1.305262e-01 9.914449e-01 -0.000000e+00
    outer loop
      vertex   3.691294e+02 3.459830e+02 1.736660e+02
      vertex   3.690000e+02 3.460000e+02 1.834979e+02
      vertex   3.691294e+02 3.459830e+02 1.762489e+02
    endloop
  endfacet
  facet normal 9.801714e-02 9.951847e-01 0.000000e+00
    outer loop
      vertex   3.690975e+02 3.459904e+02 1.689025e+02
      vertex   3.690000e+02 3.460000e+02 1.690000e+02
      vertex   3.690000e+02 3.460000e+02 1.834979e+02
    endloop
  endfacet
  facet normal 8.817317e-01 4.717504e-01 8.511687e-04
    outer loop
      vertex   3.694157e+02 3.457778e+02 1.839136e+02
      vertex   3.694619e+02 3.456913e+02 1.839598e+02
      vertex   3.694330e+02 3.457500e+02 1.814149e+02
    endloop
  endfacet
  facet normal 9.238782e-01 3.826829e-01 -1.680823e-03
    outer loop
      vertex   3.694330e+02 3.457500e+02 1.814149e+02
      vertex   3.694619e+02 3.456913e+02 1.839598e+02
      vertex   3.694830e+02 3.456294e+02 1.814149e+02
    endloop
  endfacet
  facet normal 9.238795e-01 3.826834e-01 0.000000e+00
    outer loop
      vertex   3.694330e+02 3.457500e+02 1.814149e+02
      vertex   3.694830e+02 3.456294e+02 1.814149e+02
      vertex   3.694830e+02 3.456294e+02 1.788319e+02
    endloop
  endfacet
  facet normal 9.838460e-01 1.790169e-01 -0.000000e+00
    outer loop
      vertex   3.694830e+02 3.456294e+02 1.788319e+02
      vertex   3.694830e+02 3.456294e+02 1.814149e+02
      vertex   3.694976e+02 3.455490e+02 1.839955e+02
    endloop
  endfacet
  facet normal 9.568696e-01 2.905164e-01 8.346395e-04
    outer loop
      vertex   3.694619e+02 3.456913e+02 1.839598e+02
      vertex   3.694904e+02 3.455975e+02 1.839883e+02
      vertex   3.694830e+02 3.456294e+02 1.814149e+02
    endloop
  endfacet
  facet normal 9.891984e-01 1.465793e-01 -1.040975e-03
    outer loop
      vertex   3.694830e+02 3.456294e+02 1.814149e+02
      vertex   3.694904e+02 3.455975e+02 1.839883e+02
      vertex   3.694976e+02 3.455490e+02 1.839955e+02
    endloop
  endfacet
  facet normal 9.238795e-01 3.826834e-01 0.000000e+00
    outer loop
      vertex   3.694830e+02 3.456294e+02 1.736660e+02
      vertex   3.694830e+02 3.456294e+02 1.710830e+02
      vertex   3.694330e+02 3.457500e+02 1.736660e+02
    endloop
  endfacet
  facet normal 9.238795e-01 3.826834e-01 0.000000e+00
    outer loop
      vertex   3.694330e+02 3.457500e+02 1.736660e+02
      vertex   3.694830e+02 3.456294e+02 1.710830e+02
      vertex   3.694330e+02 3.457500e+02 1.710830e+02
    endloop
  endfacet
  facet normal 7.933533e-01 6.087614e-01 0.000000e+00
    outer loop
      vertex   3.694330e+02 3.457500e+02 1.736660e+02
      vertex   3.694330e+02 3.457500e+02 1.710830e+02
      vertex   3.693536e+02 3.458536e+02 1.736660e+02
    endloop
  endfacet
  facet normal 9.238795e-01 3.826834e-01 0.000000e+00
    outer loop
      vertex   3.694830e+02 3.456294e+02 1.736660e+02
      vertex   3.694330e+02 3.457500e+02 1.736660e+02
      vertex   3.694330e+02 3.457500e+02 1.762489e+02
    endloop
  endfacet
  facet normal 7.933533e-01 6.087614e-01 0.000000e+00
    outer loop
      vertex   3.694330e+02 3.457500e+02 1.762489e+02
      vertex   3.694330e+02 3.457500e+02 1.736660e+02
      vertex   3.693536e+02 3.458536e+02 1.762489e+02
    endloop
  endfacet
  facet normal 7.933533e-01 6.087614e-01 0.000000e+00
    outer loop
      vertex   3.694330e+02 3.457500e+02 1.762489e+02
      vertex   3.693536e+02 3.458536e+02 1.762489e+02
      vertex   3.693536e+02 3.458536e+02 1.788319e+02
    endloop
  endfacet
  facet normal 6.087614e-01 7.933533e-01 0.000000e+00
    outer loop
      vertex   3.693536e+02 3.458536e+02 1.788319e+02
      vertex   3.693536e+02 3.458536e+02 1.762489e+02
      vertex   3.692500e+02 3.459330e+02 1.788319e+02
    endloop
  endfacet
  facet normal 6.087614e-01 7.933533e-01 0.000000e+00
    outer loop
      vertex   3.693536e+02 3.458536e+02 1.788319e+02
      vertex   3.692500e+02 3.459330e+02 1.788319e+02
      vertex   3.692500e+02 3.459330e+02 1.814149e+02
    endloop
  endfacet
  facet normal 3.826834e-01 9.238795e-01 0.000000e+00
    outer loop
      vertex   3.692500e+02 3.459330e+02 1.814149e+02
      vertex   3.692500e+02 3.459330e+02 1.788319e+02
      vertex   3.691294e+02 3.459830e+02 1.814149e+02
    endloop
  endfacet
  facet normal 7.933533e-01 6.087614e-01 0.000000e+00
    outer loop
      vertex   3.693536e+02 3.458536e+02 1.762489e+02
      vertex   3.694330e+02 3.457500e+02 1.736660e+02
      vertex   3.693536e+02 3.458536e+02 1.736660e+02
    endloop
  endfacet
  facet normal 6.087614e-01 7.933533e-01 0.000000e+00
    outer loop
      vertex   3.692500e+02 3.459330e+02 1.788319e+02
      vertex   3.693536e+02 3.458536e+02 1.762489e+02
      vertex   3.692500e+02 3.459330e+02 1.762489e+02
    endloop
  endfacet
  facet normal 6.087614e-01 7.933533e-01 0.000000e+00
    outer loop
      vertex   3.692500e+02 3.459330e+02 1.762489e+02
      vertex   3.693536e+02 3.458536e+02 1.762489e+02
      vertex   3.693536e+02 3.458536e+02 1.736660e+02
    endloop
  endfacet
  facet normal 6.087614e-01 7.933533e-01 0.000000e+00
    outer loop
      vertex   3.693536e+02 3.458536e+02 1.710830e+02
      vertex   3.692500e+02 3.459330e+02 1.710830e+02
      vertex   3.692500e+02 3.459330e+02 1.736660e+02
    endloop
  endfacet
  facet normal 3.826834e-01 9.238795e-01 0.000000e+00
    outer loop
      vertex   3.692500e+02 3.459330e+02 1.736660e+02
      vertex   3.692500e+02 3.459330e+02 1.710830e+02
      vertex   3.691294e+02 3.459830e+02 1.736660e+02
    endloop
  endfacet
  facet normal 3.826834e-01 9.238795e-01 0.000000e+00
    outer loop
      vertex   3.692500e+02 3.459330e+02 1.736660e+02
      vertex   3.691294e+02 3.459830e+02 1.736660e+02
      vertex   3.691294e+02 3.459830e+02 1.762489e+02
    endloop
  endfacet
  facet normal 3.826834e-01 9.238795e-01 -0.000000e+00
    outer loop
      vertex   3.691294e+02 3.459830e+02 1.710830e+02
      vertex   3.691294e+02 3.459830e+02 1.736660e+02
      vertex   3.692500e+02 3.459330e+02 1.710830e+02
    endloop
  endfacet
  facet normal 3.826834e-01 9.238795e-01 0.000000e+00
    outer loop
      vertex   3.691294e+02 3.459830e+02 1.814149e+02
      vertex   3.692500e+02 3.459330e+02 1.788319e+02
      vertex   3.691294e+02 3.459830e+02 1.788319e+02
    endloop
  endfacet
  facet normal 3.826834e-01 9.238795e-01 0.000000e+00
    outer loop
      vertex   3.691294e+02 3.459830e+02 1.788319e+02
      vertex   3.692500e+02 3.459330e+02 1.788319e+02
      vertex   3.692500e+02 3.459330e+02 1.762489e+02
    endloop
  endfacet
  facet normal 0.000000e+00 9.951847e-01 9.801714e-02
    outer loop
      vertex   3.690000e+02 3.460000e+02 1.834979e+02
      vertex   3.500000e+02 3.460000e+02 1.834979e+02
      vertex   3.690975e+02 3.459904e+02 1.835954e+02
    endloop
  endfacet
  facet normal -3.707371e-04 9.855048e-01 1.696472e-01
    outer loop
      vertex   3.690975e+02 3.459904e+02 1.835954e+02
      vertex   3.500000e+02 3.460000e+02 1.834979e+02
      vertex   3.639286e+02 3.459830e+02 1.836273e+02
    endloop
  endfacet
  facet normal 0.000000e+00 9.738770e-01 2.270763e-01
    outer loop
      vertex   3.690975e+02 3.459904e+02 1.835954e+02
      vertex   3.639286e+02 3.459830e+02 1.836273e+02
      vertex   3.667143e+02 3.459830e+02 1.836273e+02
    endloop
  endfacet
  facet normal 0.000000e+00 9.238795e-01 3.826834e-01
    outer loop
      vertex   3.667143e+02 3.459830e+02 1.836273e+02
      vertex   3.639286e+02 3.459830e+02 1.836273e+02
      vertex   3.667143e+02 3.459330e+02 1.837479e+02
    endloop
  endfacet
  facet normal -1.726874e-03 9.238782e-01 3.826829e-01
    outer loop
      vertex   3.667143e+02 3.459830e+02 1.836273e+02
      vertex   3.667143e+02 3.459330e+02 1.837479e+02
      vertex   3.691913e+02 3.459619e+02 1.836892e+02
    endloop
  endfacet
  facet normal 8.442515e-04 8.822717e-01 4.707398e-01
    outer loop
      vertex   3.691913e+02 3.459619e+02 1.836892e+02
      vertex   3.667143e+02 3.459330e+02 1.837479e+02
      vertex   3.692778e+02 3.459157e+02 1.837757e+02
    endloop
  endfacet
  facet normal -1.251035e-03 7.933527e-01 6.087610e-01
    outer loop
      vertex   3.692778e+02 3.459157e+02 1.837757e+02
      vertex   3.667143e+02 3.459330e+02 1.837479e+02
      vertex   3.667143e+02 3.458536e+02 1.838514e+02
    endloop
  endfacet
  facet normal 0.000000e+00 7.730105e-01 6.343933e-01
    outer loop
      vertex   3.692778e+02 3.459157e+02 1.837757e+02
      vertex   3.667143e+02 3.458536e+02 1.838514e+02
      vertex   3.693536e+02 3.458536e+02 1.838514e+02
    endloop
  endfacet
  facet normal 0.000000e+00 6.343933e-01 7.730105e-01
    outer loop
      vertex   3.693536e+02 3.458536e+02 1.838514e+02
      vertex   3.667143e+02 3.458536e+02 1.838514e+02
      vertex   3.694157e+02 3.457778e+02 1.839136e+02
    endloop
  endfacet
  facet normal -1.187151e-03 6.087610e-01 7.933528e-01
    outer loop
      vertex   3.694157e+02 3.457778e+02 1.839136e+02
      vertex   3.667143e+02 3.458536e+02 1.838514e+02
      vertex   3.667143e+02 3.457500e+02 1.839309e+02
    endloop
  endfacet
  facet normal 7.876540e-04 4.717240e-01 8.817459e-01
    outer loop
      vertex   3.694157e+02 3.457778e+02 1.839136e+02
      vertex   3.667143e+02 3.457500e+02 1.839309e+02
      vertex   3.694619e+02 3.456913e+02 1.839598e+02
    endloop
  endfacet
  facet normal -1.556806e-03 3.826830e-01 9.238784e-01
    outer loop
      vertex   3.694619e+02 3.456913e+02 1.839598e+02
      vertex   3.667143e+02 3.457500e+02 1.839309e+02
      vertex   3.667143e+02 3.456294e+02 1.839809e+02
    endloop
  endfacet
  facet normal 7.734790e-04 2.904994e-01 9.568748e-01
    outer loop
      vertex   3.694619e+02 3.456913e+02 1.839598e+02
      vertex   3.667143e+02 3.456294e+02 1.839809e+02
      vertex   3.694904e+02 3.455975e+02 1.839883e+02
    endloop
  endfacet
  facet normal -9.648237e-04 1.465904e-01 9.891968e-01
    outer loop
      vertex   3.694904e+02 3.455975e+02 1.839883e+02
      vertex   3.667143e+02 3.456294e+02 1.839809e+02
      vertex   3.694976e+02 3.455490e+02 1.839955e+02
    endloop
  endfacet
  facet normal -3.837852e-03 4.887922e-02 9.987973e-01
    outer loop
      vertex   3.694976e+02 3.455490e+02 1.839955e+02
      vertex   3.667143e+02 3.456294e+02 1.839809e+02
      vertex   3.695000e+02 3.455000e+02 1.839979e+02
    endloop
  endfacet
  facet normal 0.000000e+00 1.305262e-01 9.914449e-01
    outer loop
      vertex   3.695000e+02 3.455000e+02 1.839979e+02
      vertex   3.667143e+02 3.456294e+02 1.839809e+02
      vertex   3.639286e+02 3.456294e+02 1.839809e+02
    endloop
  endfacet
  facet normal 0.000000e+00 1.305262e-01 9.914449e-01
    outer loop
      vertex   3.695000e+02 3.455000e+02 1.839979e+02
      vertex   3.639286e+02 3.456294e+02 1.839809e+02
      vertex   3.611429e+02 3.456294e+02 1.839809e+02
    endloop
  endfacet
  facet normal -0.000000e+00 3.826834e-01 9.238795e-01
    outer loop
      vertex   3.611429e+02 3.456294e+02 1.839809e+02
      vertex   3.639286e+02 3.456294e+02 1.839809e+02
      vertex   3.611429e+02 3.457500e+02 1.839309e+02
    endloop
  endfacet
  facet normal 0.000000e+00 3.826834e-01 9.238795e-01
    outer loop
      vertex   3.611429e+02 3.456294e+02 1.839809e+02
      vertex   3.611429e+02 3.457500e+02 1.839309e+02
      vertex   3.583571e+02 3.457500e+02 1.839309e+02
    endloop
  endfacet
  facet normal -0.000000e+00 6.087614e-01 7.933533e-01
    outer loop
      vertex   3.583571e+02 3.457500e+02 1.839309e+02
      vertex   3.611429e+02 3.457500e+02 1.839309e+02
      vertex   3.583571e+02 3.458536e+02 1.838514e+02
    endloop
  endfacet
  facet normal 0.000000e+00 6.087614e-01 7.933533e-01
    outer loop
      vertex   3.583571e+02 3.457500e+02 1.839309e+02
      vertex   3.583571e+02 3.458536e+02 1.838514e+02
      vertex   3.555714e+02 3.458536e+02 1.838514e+02
    endloop
  endfacet
  facet normal -0.000000e+00 7.933533e-01 6.087614e-01
    outer loop
      vertex   3.555714e+02 3.458536e+02 1.838514e+02
      vertex   3.583571e+02 3.458536e+02 1.838514e+02
      vertex   3.555714e+02 3.459330e+02 1.837479e+02
    endloop
  endfacet
  facet normal 0.000000e+00 7.933533e-01 6.087614e-01
    outer loop
      vertex   3.555714e+02 3.458536e+02 1.838514e+02
      vertex   3.555714e+02 3.459330e+02 1.837479e+02
      vertex   3.527857e+02 3.459330e+02 1.837479e+02
    endloop
  endfacet
  facet normal -0.000000e+00 9.238795e-01 3.826834e-01
    outer loop
      vertex   3.527857e+02 3.459330e+02 1.837479e+02
      vertex   3.555714e+02 3.459330e+02 1.837479e+02
      vertex   3.527857e+02 3.459830e+02 1.836273e+02
    endloop
  endfacet
  facet normal 0.000000e+00 9.238795e-01 3.826834e-01
    outer loop
      vertex   3.527857e+02 3.459330e+02 1.837479e+02
      vertex   3.527857e+02 3.459830e+02 1.836273e+02
      vertex   3.500000e+02 3.459830e+02 1.836273e+02
    endloop
  endfacet
  facet normal -0.000000e+00 9.914449e-01 1.305262e-01
    outer loop
      vertex   3.500000e+02 3.459830e+02 1.836273e+02
      vertex   3.527857e+02 3.459830e+02 1.836273e+02
      vertex   3.500000e+02 3.460000e+02 1.834979e+02
    endloop
  endfacet
  facet normal 0.000000e+00 9.914449e-01 1.305262e-01
    outer loop
      vertex   3.500000e+02 3.460000e+02 1.834979e+02
      vertex   3.527857e+02 3.459830e+02 1.836273e+02
      vertex   3.555714e+02 3.459830e+02 1.836273e+02
    endloop
  endfacet
  facet normal 0.000000e+00 9.914449e-01 1.305262e-01
    outer loop
      vertex   3.500000e+02 3.460000e+02 1.834979e+02
      vertex   3.555714e+02 3.459830e+02 1.836273e+02
      vertex   3.583571e+02 3.459830e+02 1.836273e+02
    endloop
  endfacet
  facet normal 0.000000e+00 9.238795e-01 3.826834e-01
    outer loop
      vertex   3.583571e+02 3.459830e+02 1.836273e+02
      vertex   3.555714e+02 3.459830e+02 1.836273e+02
      vertex   3.583571e+02 3.459330e+02 1.837479e+02
    endloop
  endfacet
  facet normal 0.000000e+00 9.238795e-01 3.826834e-01
    outer loop
      vertex   3.583571e+02 3.459830e+02 1.836273e+02
      vertex   3.583571e+02 3.459330e+02 1.837479e+02
      vertex   3.611429e+02 3.459330e+02 1.837479e+02
    endloop
  endfacet
  facet normal 0.000000e+00 7.933533e-01 6.087614e-01
    outer loop
      vertex   3.611429e+02 3.459330e+02 1.837479e+02
      vertex   3.583571e+02 3.459330e+02 1.837479e+02
      vertex   3.611429e+02 3.458536e+02 1.838514e+02
    endloop
  endfacet
  facet normal 0.000000e+00 7.933533e-01 6.087614e-01
    outer loop
      vertex   3.611429e+02 3.459330e+02 1.837479e+02
      vertex   3.611429e+02 3.458536e+02 1.838514e+02
      vertex   3.639286e+02 3.458536e+02 1.838514e+02
    endloop
  endfacet
  facet normal 0.000000e+00 6.087614e-01 7.933533e-01
    outer loop
      vertex   3.639286e+02 3.458536e+02 1.838514e+02
      vertex   3.611429e+02 3.458536e+02 1.838514e+02
      vertex   3.639286e+02 3.457500e+02 1.839309e+02
    endloop
  endfacet
  facet normal 0.000000e+00 6.087614e-01 7.933533e-01
    outer loop
      vertex   3.639286e+02 3.458536e+02 1.838514e+02
      vertex   3.639286e+02 3.457500e+02 1.839309e+02
      vertex   3.667143e+02 3.457500e+02 1.839309e+02
    endloop
  endfacet
  facet normal 0.000000e+00 3.826834e-01 9.238795e-01
    outer loop
      vertex   3.667143e+02 3.457500e+02 1.839309e+02
      vertex   3.639286e+02 3.457500e+02 1.839309e+02
      vertex   3.667143e+02 3.456294e+02 1.839809e+02
    endloop
  endfacet
  facet normal -3.904943e-15 9.238795e-01 3.826834e-01
    outer loop
      vertex   3.500000e+02 3.459830e+02 1.836273e+02
      vertex   3.500000e+02 3.459330e+02 1.837479e+02
      vertex   3.527857e+02 3.459330e+02 1.837479e+02
    endloop
  endfacet
  facet normal -6.210989e-15 7.933533e-01 6.087614e-01
    outer loop
      vertex   3.527857e+02 3.459330e+02 1.837479e+02
      vertex   3.500000e+02 3.459330e+02 1.837479e+02
      vertex   3.527857e+02 3.458536e+02 1.838514e+02
    endloop
  endfacet
  facet normal 0.000000e+00 7.933533e-01 6.087614e-01
    outer loop
      vertex   3.527857e+02 3.459330e+02 1.837479e+02
      vertex   3.527857e+02 3.458536e+02 1.838514e+02
      vertex   3.555714e+02 3.458536e+02 1.838514e+02
    endloop
  endfacet
  facet normal 0.000000e+00 6.087614e-01 7.933533e-01
    outer loop
      vertex   3.555714e+02 3.458536e+02 1.838514e+02
      vertex   3.527857e+02 3.458536e+02 1.838514e+02
      vertex   3.555714e+02 3.457500e+02 1.839309e+02
    endloop
  endfacet
  facet normal 0.000000e+00 6.087614e-01 7.933533e-01
    outer loop
      vertex   3.555714e+02 3.458536e+02 1.838514e+02
      vertex   3.555714e+02 3.457500e+02 1.839309e+02
      vertex   3.583571e+02 3.457500e+02 1.839309e+02
    endloop
  endfacet
  facet normal 0.000000e+00 3.826834e-01 9.238795e-01
    outer loop
      vertex   3.583571e+02 3.457500e+02 1.839309e+02
      vertex   3.555714e+02 3.457500e+02 1.839309e+02
      vertex   3.583571e+02 3.456294e+02 1.839809e+02
    endloop
  endfacet
  facet normal 0.000000e+00 3.826834e-01 9.238795e-01
    outer loop
      vertex   3.583571e+02 3.457500e+02 1.839309e+02
      vertex   3.583571e+02 3.456294e+02 1.839809e+02
      vertex   3.611429e+02 3.456294e+02 1.839809e+02
    endloop
  endfacet
  facet normal 0.000000e+00 1.305262e-01 9.914449e-01
    outer loop
      vertex   3.611429e+02 3.456294e+02 1.839809e+02
      vertex   3.583571e+02 3.456294e+02 1.839809e+02
      vertex   3.695000e+02 3.455000e+02 1.839979e+02
    endloop
  endfacet
  facet normal -2.239915e-14 7.933533e-01 6.087614e-01
    outer loop
      vertex   3.500000e+02 3.459330e+02 1.837479e+02
      vertex   3.500000e+02 3.458536e+02 1.838514e+02
      vertex   3.527857e+02 3.458536e+02 1.838514e+02
    endloop
  endfacet
  facet normal -2.051630e-14 6.087614e-01 7.933533e-01
    outer loop
      vertex   3.527857e+02 3.458536e+02 1.838514e+02
      vertex   3.500000e+02 3.458536e+02 1.838514e+02
      vertex   3.527857e+02 3.457500e+02 1.839309e+02
    endloop
  endfacet
  facet normal 0.000000e+00 6.087614e-01 7.933533e-01
    outer loop
      vertex   3.527857e+02 3.458536e+02 1.838514e+02
      vertex   3.527857e+02 3.457500e+02 1.839309e+02
      vertex   3.555714e+02 3.457500e+02 1.839309e+02
    endloop
  endfacet
  facet normal 0.000000e+00 3.826834e-01 9.238795e-01
    outer loop
      vertex   3.555714e+02 3.457500e+02 1.839309e+02
      vertex   3.527857e+02 3.457500e+02 1.839309e+02
      vertex   3.555714e+02 3.456294e+02 1.839809e+02
    endloop
  endfacet
  facet normal 0.000000e+00 3.826834e-01 9.238795e-01
    outer loop
      vertex   3.555714e+02 3.457500e+02 1.839309e+02
      vertex   3.555714e+02 3.456294e+02 1.839809e+02
      vertex   3.583571e+02 3.456294e+02 1.839809e+02
    endloop
  endfacet
  facet normal 0.000000e+00 1.305262e-01 9.914449e-01
    outer loop
      vertex   3.583571e+02 3.456294e+02 1.839809e+02
      vertex   3.555714e+02 3.456294e+02 1.839809e+02
      vertex   3.500000e+02 3.455000e+02 1.839979e+02
    endloop
  endfacet
  facet normal 0.000000e+00 1.305262e-01 9.914449e-01
    outer loop
      vertex   3.583571e+02 3.456294e+02 1.839809e+02
      vertex   3.500000e+02 3.455000e+02 1.839979e+02
      vertex   3.695000e+02 3.455000e+02 1.839979e+02
    endloop
  endfacet
  facet normal -8.091366e-15 6.087614e-01 7.933533e-01
    outer loop
      vertex   3.500000e+02 3.458536e+02 1.838514e+02
      vertex   3.500000e+02 3.457500e+02 1.839309e+02
      vertex   3.527857e+02 3.457500e+02 1.839309e+02
    endloop
  endfacet
  facet normal -9.426033e-15 3.826834e-01 9.238795e-01
    outer loop
      vertex   3.527857e+02 3.457500e+02 1.839309e+02
      vertex   3.500000e+02 3.457500e+02 1.839309e+02
      vertex   3.527857e+02 3.456294e+02 1.839809e+02
    endloop
  endfacet
  facet normal 0.000000e+00 3.826834e-01 9.238795e-01
    outer loop
      vertex   3.527857e+02 3.457500e+02 1.839309e+02
      vertex   3.527857e+02 3.456294e+02 1.839809e+02
      vertex   3.555714e+02 3.456294e+02 1.839809e+02
    endloop
  endfacet
  facet normal 0.000000e+00 1.305262e-01 9.914449e-01
    outer loop
      vertex   3.555714e+02 3.456294e+02 1.839809e+02
      vertex   3.527857e+02 3.456294e+02 1.839809e+02
      vertex   3.500000e+02 3.455000e+02 1.839979e+02
    endloop
  endfacet
  facet normal -9.424820e-15 3.826834e-01 9.238795e-01
    outer loop
      vertex   3.500000e+02 3.457500e+02 1.839309e+02
      vertex   3.500000e+02 3.456294e+02 1.839809e+02
      vertex   3.527857e+02 3.456294e+02 1.839809e+02
    endloop
  endfacet
  facet normal -1.011538e-14 1.305262e-01 9.914449e-01
    outer loop
      vertex   3.527857e+02 3.456294e+02 1.839809e+02
      vertex   3.500000e+02 3.456294e+02 1.839809e+02
      vertex   3.500000e+02 3.455000e+02 1.839979e+02
    endloop
  endfacet
  facet normal 8.862814e-04 9.571858e-01 2.894729e-01
    outer loop
      vertex   3.691913e+02 3.459619e+02 1.836892e+02
      vertex   3.690975e+02 3.459904e+02 1.835954e+02
      vertex   3.667143e+02 3.459830e+02 1.836273e+02
    endloop
  endfacet
  facet normal -1.494768e-14 9.238795e-01 3.826834e-01
    outer loop
      vertex   3.583571e+02 3.459330e+02 1.837479e+02
      vertex   3.555714e+02 3.459830e+02 1.836273e+02
      vertex   3.555714e+02 3.459330e+02 1.837479e+02
    endloop
  endfacet
  facet normal 0.000000e+00 9.238795e-01 3.826834e-01
    outer loop
      vertex   3.555714e+02 3.459330e+02 1.837479e+02
      vertex   3.555714e+02 3.459830e+02 1.836273e+02
      vertex   3.527857e+02 3.459830e+02 1.836273e+02
    endloop
  endfacet
  facet normal 0.000000e+00 9.914449e-01 1.305262e-01
    outer loop
      vertex   3.639286e+02 3.459830e+02 1.836273e+02
      vertex   3.500000e+02 3.460000e+02 1.834979e+02
      vertex   3.611429e+02 3.459830e+02 1.836273e+02
    endloop
  endfacet
  facet normal 0.000000e+00 9.914449e-01 1.305262e-01
    outer loop
      vertex   3.611429e+02 3.459830e+02 1.836273e+02
      vertex   3.500000e+02 3.460000e+02 1.834979e+02
      vertex   3.583571e+02 3.459830e+02 1.836273e+02
    endloop
  endfacet
  facet normal 0.000000e+00 9.238795e-01 3.826834e-01
    outer loop
      vertex   3.611429e+02 3.459830e+02 1.836273e+02
      vertex   3.583571e+02 3.459830e+02 1.836273e+02
      vertex   3.611429e+02 3.459330e+02 1.837479e+02
    endloop
  endfacet
  facet normal 0.000000e+00 9.238795e-01 3.826834e-01
    outer loop
      vertex   3.639286e+02 3.459830e+02 1.836273e+02
      vertex   3.611429e+02 3.459830e+02 1.836273e+02
      vertex   3.639286e+02 3.459330e+02 1.837479e+02
    endloop
  endfacet
  facet normal 0.000000e+00 9.238795e-01 3.826834e-01
    outer loop
      vertex   3.639286e+02 3.459330e+02 1.837479e+02
      vertex   3.611429e+02 3.459830e+02 1.836273e+02
      vertex   3.611429e+02 3.459330e+02 1.837479e+02
    endloop
  endfacet
  facet normal 0.000000e+00 7.933533e-01 6.087614e-01
    outer loop
      vertex   3.639286e+02 3.459330e+02 1.837479e+02
      vertex   3.611429e+02 3.459330e+02 1.837479e+02
      vertex   3.639286e+02 3.458536e+02 1.838514e+02
    endloop
  endfacet
  facet normal 0.000000e+00 7.933533e-01 6.087614e-01
    outer loop
      vertex   3.611429e+02 3.458536e+02 1.838514e+02
      vertex   3.583571e+02 3.459330e+02 1.837479e+02
      vertex   3.583571e+02 3.458536e+02 1.838514e+02
    endloop
  endfacet
  facet normal -9.975853e-15 7.933533e-01 6.087614e-01
    outer loop
      vertex   3.583571e+02 3.458536e+02 1.838514e+02
      vertex   3.583571e+02 3.459330e+02 1.837479e+02
      vertex   3.555714e+02 3.459330e+02 1.837479e+02
    endloop
  endfacet
  facet normal 0.000000e+00 7.933533e-01 6.087614e-01
    outer loop
      vertex   3.667143e+02 3.458536e+02 1.838514e+02
      vertex   3.667143e+02 3.459330e+02 1.837479e+02
      vertex   3.639286e+02 3.459330e+02 1.837479e+02
    endloop
  endfacet
  facet normal -0.000000e+00 9.238795e-01 3.826834e-01
    outer loop
      vertex   3.639286e+02 3.459330e+02 1.837479e+02
      vertex   3.667143e+02 3.459330e+02 1.837479e+02
      vertex   3.639286e+02 3.459830e+02 1.836273e+02
    endloop
  endfacet
  facet normal 0.000000e+00 7.933533e-01 6.087614e-01
    outer loop
      vertex   3.667143e+02 3.458536e+02 1.838514e+02
      vertex   3.639286e+02 3.459330e+02 1.837479e+02
      vertex   3.639286e+02 3.458536e+02 1.838514e+02
    endloop
  endfacet
  facet normal 0.000000e+00 6.087614e-01 7.933533e-01
    outer loop
      vertex   3.639286e+02 3.457500e+02 1.839309e+02
      vertex   3.611429e+02 3.458536e+02 1.838514e+02
      vertex   3.611429e+02 3.457500e+02 1.839309e+02
    endloop
  endfacet
  facet normal 0.000000e+00 6.087614e-01 7.933533e-01
    outer loop
      vertex   3.611429e+02 3.457500e+02 1.839309e+02
      vertex   3.611429e+02 3.458536e+02 1.838514e+02
      vertex   3.583571e+02 3.458536e+02 1.838514e+02
    endloop
  endfacet
  facet normal 0.000000e+00 6.087614e-01 7.933533e-01
    outer loop
      vertex   3.667143e+02 3.457500e+02 1.839309e+02
      vertex   3.667143e+02 3.458536e+02 1.838514e+02
      vertex   3.639286e+02 3.458536e+02 1.838514e+02
    endloop
  endfacet
  facet normal 0.000000e+00 3.826834e-01 9.238795e-01
    outer loop
      vertex   3.667143e+02 3.456294e+02 1.839809e+02
      vertex   3.639286e+02 3.457500e+02 1.839309e+02
      vertex   3.639286e+02 3.456294e+02 1.839809e+02
    endloop
  endfacet
  facet normal 0.000000e+00 3.826834e-01 9.238795e-01
    outer loop
      vertex   3.639286e+02 3.456294e+02 1.839809e+02
      vertex   3.639286e+02 3.457500e+02 1.839309e+02
      vertex   3.611429e+02 3.457500e+02 1.839309e+02
    endloop
  endfacet
  facet normal -9.896668e-01 5.986381e-02 1.302921e-01
    outer loop
      vertex   3.475000e+02 3.435000e+02 1.834979e+02
      vertex   3.475170e+02 3.435000e+02 1.836273e+02
      vertex   3.475182e+02 3.438013e+02 1.834979e+02
    endloop
  endfacet
  facet normal -9.877942e-01 6.474345e-02 1.416720e-01
    outer loop
      vertex   3.475182e+02 3.438013e+02 1.834979e+02
      vertex   3.475170e+02 3.435000e+02 1.836273e+02
      vertex   3.475383e+02 3.438241e+02 1.836273e+02
    endloop
  endfacet
  facet normal -9.765302e-01 1.789558e-01 1.198484e-01
    outer loop
      vertex   3.475182e+02 3.438013e+02 1.834979e+02
      vertex   3.475383e+02 3.438241e+02 1.836273e+02
      vertex   3.475726e+02 3.440983e+02 1.834979e+02
    endloop
  endfacet
  facet normal -9.695172e-01 1.928490e-01 1.511481e-01
    outer loop
      vertex   3.475726e+02 3.440983e+02 1.834979e+02
      vertex   3.475383e+02 3.438241e+02 1.836273e+02
      vertex   3.476016e+02 3.441426e+02 1.836273e+02
    endloop
  endfacet
  facet normal -9.487920e-01 2.956556e-01 1.112722e-01
    outer loop
      vertex   3.475726e+02 3.440983e+02 1.834979e+02
      vertex   3.476016e+02 3.441426e+02 1.836273e+02
      vertex   3.476625e+02 3.443865e+02 1.834979e+02
    endloop
  endfacet
  facet normal -9.349295e-01 3.173658e-01 1.587003e-01
    outer loop
      vertex   3.476625e+02 3.443865e+02 1.834979e+02
      vertex   3.476016e+02 3.441426e+02 1.836273e+02
      vertex   3.477060e+02 3.444502e+02 1.836273e+02
    endloop
  endfacet
  facet normal -9.068991e-01 4.081621e-01 1.045836e-01
    outer loop
      vertex   3.476625e+02 3.443865e+02 1.834979e+02
      vertex   3.477060e+02 3.444502e+02 1.836273e+02
      vertex   3.477864e+02 3.446618e+02 1.834979e+02
    endloop
  endfacet
  facet normal -8.846776e-01 4.362747e-01 1.643470e-01
    outer loop
      vertex   3.477864e+02 3.446618e+02 1.834979e+02
      vertex   3.477060e+02 3.444502e+02 1.836273e+02
      vertex   3.478497e+02 3.447415e+02 1.836273e+02
    endloop
  endfacet
  facet normal -8.515091e-01 5.147552e-01 9.979675e-02
    outer loop
      vertex   3.477864e+02 3.446618e+02 1.834979e+02
      vertex   3.478497e+02 3.447415e+02 1.836273e+02
      vertex   3.479425e+02 3.449202e+02 1.834979e+02
    endloop
  endfacet
  facet normal -8.196374e-01 5.476642e-01 1.681028e-01
    outer loop
      vertex   3.479425e+02 3.449202e+02 1.834979e+02
      vertex   3.478497e+02 3.447415e+02 1.836273e+02
      vertex   3.480301e+02 3.450115e+02 1.836273e+02
    endloop
  endfacet
  facet normal -7.834775e-01 6.138154e-01 9.692111e-02
    outer loop
      vertex   3.479425e+02 3.449202e+02 1.834979e+02
      vertex   3.480301e+02 3.450115e+02 1.836273e+02
      vertex   3.481287e+02 3.451578e+02 1.834979e+02
    endloop
  endfacet
  facet normal -7.408989e-01 6.497509e-01 1.699781e-01
    outer loop
      vertex   3.481287e+02 3.451578e+02 1.834979e+02
      vertex   3.480301e+02 3.450115e+02 1.836273e+02
      vertex   3.482443e+02 3.452557e+02 1.836273e+02
    endloop
  endfacet
  facet normal -7.038435e-01 7.038435e-01 9.596199e-02
    outer loop
      vertex   3.481287e+02 3.451578e+02 1.834979e+02
      vertex   3.482443e+02 3.452557e+02 1.836273e+02
      vertex   3.483422e+02 3.453713e+02 1.834979e+02
    endloop
  endfacet
  facet normal -6.497509e-01 7.408989e-01 1.699781e-01
    outer loop
      vertex   3.483422e+02 3.453713e+02 1.834979e+02
      vertex   3.482443e+02 3.452557e+02 1.836273e+02
      vertex   3.484885e+02 3.454699e+02 1.836273e+02
    endloop
  endfacet
  facet normal -6.138154e-01 7.834775e-01 9.692111e-02
    outer loop
      vertex   3.483422e+02 3.453713e+02 1.834979e+02
      vertex   3.484885e+02 3.454699e+02 1.836273e+02
      vertex   3.485798e+02 3.455575e+02 1.834979e+02
    endloop
  endfacet
  facet normal -5.476642e-01 8.196374e-01 1.681028e-01
    outer loop
      vertex   3.485798e+02 3.455575e+02 1.834979e+02
      vertex   3.484885e+02 3.454699e+02 1.836273e+02
      vertex   3.487585e+02 3.456503e+02 1.836273e+02
    endloop
  endfacet
  facet normal -5.147552e-01 8.515091e-01 9.979675e-02
    outer loop
      vertex   3.485798e+02 3.455575e+02 1.834979e+02
      vertex   3.487585e+02 3.456503e+02 1.836273e+02
      vertex   3.488382e+02 3.457136e+02 1.834979e+02
    endloop
  endfacet
  facet normal -4.362747e-01 8.846776e-01 1.643470e-01
    outer loop
      vertex   3.488382e+02 3.457136e+02 1.834979e+02
      vertex   3.487585e+02 3.456503e+02 1.836273e+02
      vertex   3.490498e+02 3.457940e+02 1.836273e+02
    endloop
  endfacet
  facet normal -4.081621e-01 9.068991e-01 1.045836e-01
    outer loop
      vertex   3.488382e+02 3.457136e+02 1.834979e+02
      vertex   3.490498e+02 3.457940e+02 1.836273e+02
      vertex   3.491135e+02 3.458375e+02 1.834979e+02
    endloop
  endfacet
  facet normal -3.173658e-01 9.349295e-01 1.587003e-01
    outer loop
      vertex   3.491135e+02 3.458375e+02 1.834979e+02
      vertex   3.490498e+02 3.457940e+02 1.836273e+02
      vertex   3.493574e+02 3.458984e+02 1.836273e+02
    endloop
  endfacet
  facet normal -2.956556e-01 9.487920e-01 1.112722e-01
    outer loop
      vertex   3.491135e+02 3.458375e+02 1.834979e+02
      vertex   3.493574e+02 3.458984e+02 1.836273e+02
      vertex   3.494017e+02 3.459274e+02 1.834979e+02
    endloop
  endfacet
  facet normal -1.928490e-01 9.695172e-01 1.511481e-01
    outer loop
      vertex   3.494017e+02 3.459274e+02 1.834979e+02
      vertex   3.493574e+02 3.458984e+02 1.836273e+02
      vertex   3.496759e+02 3.459617e+02 1.836273e+02
    endloop
  endfacet
  facet normal -1.789558e-01 9.765302e-01 1.198484e-01
    outer loop
      vertex   3.494017e+02 3.459274e+02 1.834979e+02
      vertex   3.496759e+02 3.459617e+02 1.836273e+02
      vertex   3.496987e+02 3.459818e+02 1.834979e+02
    endloop
  endfacet
  facet normal -6.474345e-02 9.877942e-01 1.416720e-01
    outer loop
      vertex   3.496987e+02 3.459818e+02 1.834979e+02
      vertex   3.496759e+02 3.459617e+02 1.836273e+02
      vertex   3.500000e+02 3.459830e+02 1.836273e+02
    endloop
  endfacet
  facet normal -5.986381e-02 9.896668e-01 1.302921e-01
    outer loop
      vertex   3.496987e+02 3.459818e+02 1.834979e+02
      vertex   3.500000e+02 3.459830e+02 1.836273e+02
      vertex   3.500000e+02 3.460000e+02 1.834979e+02
    endloop
  endfacet
  facet normal -9.221903e-01 6.044355e-02 3.819837e-01
    outer loop
      vertex   3.475170e+02 3.435000e+02 1.836273e+02
      vertex   3.475670e+02 3.435000e+02 1.837479e+02
      vertex   3.475383e+02 3.438241e+02 1.836273e+02
    endloop
  endfacet
  facet normal -9.221903e-01 6.044355e-02 3.819837e-01
    outer loop
      vertex   3.475383e+02 3.438241e+02 1.836273e+02
      vertex   3.475670e+02 3.435000e+02 1.837479e+02
      vertex   3.475878e+02 3.438176e+02 1.837479e+02
    endloop
  endfacet
  facet normal -9.064114e-01 1.802964e-01 3.819837e-01
    outer loop
      vertex   3.475383e+02 3.438241e+02 1.836273e+02
      vertex   3.475878e+02 3.438176e+02 1.837479e+02
      vertex   3.476016e+02 3.441426e+02 1.836273e+02
    endloop
  endfacet
  facet normal -9.064114e-01 1.802964e-01 3.819837e-01
    outer loop
      vertex   3.476016e+02 3.441426e+02 1.836273e+02
      vertex   3.475878e+02 3.438176e+02 1.837479e+02
      vertex   3.476499e+02 3.441297e+02 1.837479e+02
    endloop
  endfacet
  facet normal -8.751235e-01 2.970644e-01 3.819837e-01
    outer loop
      vertex   3.476016e+02 3.441426e+02 1.836273e+02
      vertex   3.476499e+02 3.441297e+02 1.837479e+02
      vertex   3.477060e+02 3.444502e+02 1.836273e+02
    endloop
  endfacet
  facet normal -8.751235e-01 2.970644e-01 3.819837e-01
    outer loop
      vertex   3.477060e+02 3.444502e+02 1.836273e+02
      vertex   3.476499e+02 3.441297e+02 1.837479e+02
      vertex   3.477522e+02 3.444311e+02 1.837479e+02
    endloop
  endfacet
  facet normal -8.288620e-01 4.087495e-01 3.819837e-01
    outer loop
      vertex   3.477060e+02 3.444502e+02 1.836273e+02
      vertex   3.477522e+02 3.444311e+02 1.837479e+02
      vertex   3.478497e+02 3.447415e+02 1.836273e+02
    endloop
  endfacet
  facet normal -8.288620e-01 4.087495e-01 3.819837e-01
    outer loop
      vertex   3.478497e+02 3.447415e+02 1.836273e+02
      vertex   3.477522e+02 3.444311e+02 1.837479e+02
      vertex   3.478929e+02 3.447165e+02 1.837479e+02
    endloop
  endfacet
  facet normal -7.684185e-01 5.134408e-01 3.819837e-01
    outer loop
      vertex   3.478497e+02 3.447415e+02 1.836273e+02
      vertex   3.478929e+02 3.447165e+02 1.837479e+02
      vertex   3.480301e+02 3.450115e+02 1.836273e+02
    endloop
  endfacet
  facet normal -7.684185e-01 5.134408e-01 3.819837e-01
    outer loop
      vertex   3.480301e+02 3.450115e+02 1.836273e+02
      vertex   3.478929e+02 3.447165e+02 1.837479e+02
      vertex   3.480698e+02 3.449811e+02 1.837479e+02
    endloop
  endfacet
  facet normal -6.948271e-01 6.093470e-01 3.819837e-01
    outer loop
      vertex   3.480301e+02 3.450115e+02 1.836273e+02
      vertex   3.480698e+02 3.449811e+02 1.837479e+02
      vertex   3.482443e+02 3.452557e+02 1.836273e+02
    endloop
  endfacet
  facet normal -6.948271e-01 6.093470e-01 3.819837e-01
    outer loop
      vertex   3.482443e+02 3.452557e+02 1.836273e+02
      vertex   3.480698e+02 3.449811e+02 1.837479e+02
      vertex   3.482796e+02 3.452204e+02 1.837479e+02
    endloop
  endfacet
  facet normal -6.093470e-01 6.948271e-01 3.819837e-01
    outer loop
      vertex   3.482443e+02 3.452557e+02 1.836273e+02
      vertex   3.482796e+02 3.452204e+02 1.837479e+02
      vertex   3.484885e+02 3.454699e+02 1.836273e+02
    endloop
  endfacet
  facet normal -6.093470e-01 6.948271e-01 3.819837e-01
    outer loop
      vertex   3.484885e+02 3.454699e+02 1.836273e+02
      vertex   3.482796e+02 3.452204e+02 1.837479e+02
      vertex   3.485189e+02 3.454302e+02 1.837479e+02
    endloop
  endfacet
  facet normal -5.134408e-01 7.684185e-01 3.819837e-01
    outer loop
      vertex   3.484885e+02 3.454699e+02 1.836273e+02
      vertex   3.485189e+02 3.454302e+02 1.837479e+02
      vertex   3.487585e+02 3.456503e+02 1.836273e+02
    endloop
  endfacet
  facet normal -5.134408e-01 7.684185e-01 3.819837e-01
    outer loop
      vertex   3.487585e+02 3.456503e+02 1.836273e+02
      vertex   3.485189e+02 3.454302e+02 1.837479e+02
      vertex   3.487835e+02 3.456071e+02 1.837479e+02
    endloop
  endfacet
  facet normal -4.087495e-01 8.288620e-01 3.819837e-01
    outer loop
      vertex   3.487585e+02 3.456503e+02 1.836273e+02
      vertex   3.487835e+02 3.456071e+02 1.837479e+02
      vertex   3.490498e+02 3.457940e+02 1.836273e+02
    endloop
  endfacet
  facet normal -4.087495e-01 8.288620e-01 3.819837e-01
    outer loop
      vertex   3.490498e+02 3.457940e+02 1.836273e+02
      vertex   3.487835e+02 3.456071e+02 1.837479e+02
      vertex   3.490689e+02 3.457478e+02 1.837479e+02
    endloop
  endfacet
  facet normal -2.970644e-01 8.751235e-01 3.819837e-01
    outer loop
      vertex   3.490498e+02 3.457940e+02 1.836273e+02
      vertex   3.490689e+02 3.457478e+02 1.837479e+02
      vertex   3.493574e+02 3.458984e+02 1.836273e+02
    endloop
  endfacet
  facet normal -2.970644e-01 8.751235e-01 3.819837e-01
    outer loop
      vertex   3.493574e+02 3.458984e+02 1.836273e+02
      vertex   3.490689e+02 3.457478e+02 1.837479e+02
      vertex   3.493703e+02 3.458501e+02 1.837479e+02
    endloop
  endfacet
  facet normal -1.802964e-01 9.064114e-01 3.819837e-01
    outer loop
      vertex   3.493574e+02 3.458984e+02 1.836273e+02
      vertex   3.493703e+02 3.458501e+02 1.837479e+02
      vertex   3.496759e+02 3.459617e+02 1.836273e+02
    endloop
  endfacet
  facet normal -1.802964e-01 9.064114e-01 3.819837e-01
    outer loop
      vertex   3.496759e+02 3.459617e+02 1.836273e+02
      vertex   3.493703e+02 3.458501e+02 1.837479e+02
      vertex   3.496824e+02 3.459122e+02 1.837479e+02
    endloop
  endfacet
  facet normal -6.044355e-02 9.221903e-01 3.819837e-01
    outer loop
      vertex   3.496759e+02 3.459617e+02 1.836273e+02
      vertex   3.496824e+02 3.459122e+02 1.837479e+02
      vertex   3.500000e+02 3.459830e+02 1.836273e+02
    endloop
  endfacet
  facet normal -6.044355e-02 9.221903e-01 3.819837e-01
    outer loop
      vertex   3.500000e+02 3.459830e+02 1.836273e+02
      vertex   3.496824e+02 3.459122e+02 1.837479e+02
      vertex   3.500000e+02 3.459330e+02 1.837479e+02
    endloop
  endfacet
  facet normal -5.192897e-02 7.922829e-01 6.079401e-01
    outer loop
      vertex   3.500000e+02 3.459330e+02 1.837479e+02
      vertex   3.496824e+02 3.459122e+02 1.837479e+02
      vertex   3.496928e+02 3.458334e+02 1.838514e+02
    endloop
  endfacet
  facet normal -5.192897e-02 7.922829e-01 6.079401e-01
    outer loop
      vertex   3.500000e+02 3.459330e+02 1.837479e+02
      vertex   3.496928e+02 3.458334e+02 1.838514e+02
      vertex   3.500000e+02 3.458536e+02 1.838514e+02
    endloop
  endfacet
  facet normal -3.986861e-02 6.082774e-01 7.927226e-01
    outer loop
      vertex   3.500000e+02 3.458536e+02 1.838514e+02
      vertex   3.496928e+02 3.458334e+02 1.838514e+02
      vertex   3.497063e+02 3.457308e+02 1.839309e+02
    endloop
  endfacet
  facet normal -3.986861e-02 6.082774e-01 7.927226e-01
    outer loop
      vertex   3.500000e+02 3.458536e+02 1.838514e+02
      vertex   3.497063e+02 3.457308e+02 1.839309e+02
      vertex   3.500000e+02 3.457500e+02 1.839309e+02
    endloop
  endfacet
  facet normal -2.507451e-02 3.825631e-01 9.235891e-01
    outer loop
      vertex   3.500000e+02 3.457500e+02 1.839309e+02
      vertex   3.497063e+02 3.457308e+02 1.839309e+02
      vertex   3.497221e+02 3.456112e+02 1.839809e+02
    endloop
  endfacet
  facet normal -2.507451e-02 3.825631e-01 9.235891e-01
    outer loop
      vertex   3.500000e+02 3.457500e+02 1.839309e+02
      vertex   3.497221e+02 3.456112e+02 1.839809e+02
      vertex   3.500000e+02 3.456294e+02 1.839809e+02
    endloop
  endfacet
  facet normal -8.554826e-03 1.305214e-01 9.914086e-01
    outer loop
      vertex   3.500000e+02 3.456294e+02 1.839809e+02
      vertex   3.497221e+02 3.456112e+02 1.839809e+02
      vertex   3.500000e+02 3.455000e+02 1.839979e+02
    endloop
  endfacet
  facet normal -9.218663e-03 1.288938e-01 9.916156e-01
    outer loop
      vertex   3.500000e+02 3.455000e+02 1.839979e+02
      vertex   3.497221e+02 3.456112e+02 1.839809e+02
      vertex   3.497154e+02 3.454796e+02 1.839979e+02
    endloop
  endfacet
  facet normal -2.579595e-02 1.296850e-01 9.912196e-01
    outer loop
      vertex   3.497154e+02 3.454796e+02 1.839979e+02
      vertex   3.497221e+02 3.456112e+02 1.839809e+02
      vertex   3.494489e+02 3.455569e+02 1.839809e+02
    endloop
  endfacet
  facet normal -2.719093e-02 1.249947e-01 9.917847e-01
    outer loop
      vertex   3.497154e+02 3.454796e+02 1.839979e+02
      vertex   3.494489e+02 3.455569e+02 1.839809e+02
      vertex   3.494365e+02 3.454190e+02 1.839979e+02
    endloop
  endfacet
  facet normal -4.287605e-02 1.263088e-01 9.910639e-01
    outer loop
      vertex   3.494365e+02 3.454190e+02 1.839979e+02
      vertex   3.494489e+02 3.455569e+02 1.839809e+02
      vertex   3.491851e+02 3.454673e+02 1.839809e+02
    endloop
  endfacet
  facet normal -4.435425e-02 1.189184e-01 9.919129e-01
    outer loop
      vertex   3.494365e+02 3.454190e+02 1.839979e+02
      vertex   3.491851e+02 3.454673e+02 1.839809e+02
      vertex   3.491692e+02 3.453193e+02 1.839979e+02
    endloop
  endfacet
  facet normal -5.938726e-02 1.204255e-01 9.909444e-01
    outer loop
      vertex   3.491692e+02 3.453193e+02 1.839979e+02
      vertex   3.491851e+02 3.454673e+02 1.839809e+02
      vertex   3.489353e+02 3.453441e+02 1.839809e+02
    endloop
  endfacet
  facet normal -6.048971e-02 1.107786e-01 9.920026e-01
    outer loop
      vertex   3.491692e+02 3.453193e+02 1.839979e+02
      vertex   3.489353e+02 3.453441e+02 1.839809e+02
      vertex   3.489187e+02 3.451825e+02 1.839979e+02
    endloop
  endfacet
  facet normal -7.492929e-02 1.121396e-01 9.908634e-01
    outer loop
      vertex   3.489187e+02 3.451825e+02 1.839979e+02
      vertex   3.489353e+02 3.453441e+02 1.839809e+02
      vertex   3.487037e+02 3.451894e+02 1.839809e+02
    endloop
  endfacet
  facet normal -7.538886e-02 1.007077e-01 9.920557e-01
    outer loop
      vertex   3.489187e+02 3.451825e+02 1.839979e+02
      vertex   3.487037e+02 3.451894e+02 1.839809e+02
      vertex   3.486903e+02 3.450115e+02 1.839979e+02
    endloop
  endfacet
  facet normal -8.912340e-02 1.016258e-01 9.908225e-01
    outer loop
      vertex   3.486903e+02 3.450115e+02 1.839979e+02
      vertex   3.487037e+02 3.451894e+02 1.839809e+02
      vertex   3.484943e+02 3.450057e+02 1.839809e+02
    endloop
  endfacet
  facet normal -8.885558e-02 8.885558e-02 9.920733e-01
    outer loop
      vertex   3.486903e+02 3.450115e+02 1.839979e+02
      vertex   3.484943e+02 3.450057e+02 1.839809e+02
      vertex   3.484885e+02 3.448097e+02 1.839979e+02
    endloop
  endfacet
  facet normal -1.016258e-01 8.912340e-02 9.908225e-01
    outer loop
      vertex   3.484885e+02 3.448097e+02 1.839979e+02
      vertex   3.484943e+02 3.450057e+02 1.839809e+02
      vertex   3.483106e+02 3.447963e+02 1.839809e+02
    endloop
  endfacet
  facet normal -1.007077e-01 7.538886e-02 9.920557e-01
    outer loop
      vertex   3.484885e+02 3.448097e+02 1.839979e+02
      vertex   3.483106e+02 3.447963e+02 1.839809e+02
      vertex   3.483175e+02 3.445813e+02 1.839979e+02
    endloop
  endfacet
  facet normal -1.121396e-01 7.492929e-02 9.908634e-01
    outer loop
      vertex   3.483175e+02 3.445813e+02 1.839979e+02
      vertex   3.483106e+02 3.447963e+02 1.839809e+02
      vertex   3.481559e+02 3.445647e+02 1.839809e+02
    endloop
  endfacet
  facet normal -1.107786e-01 6.048971e-02 9.920026e-01
    outer loop
      vertex   3.483175e+02 3.445813e+02 1.839979e+02
      vertex   3.481559e+02 3.445647e+02 1.839809e+02
      vertex   3.481807e+02 3.443308e+02 1.839979e+02
    endloop
  endfacet
  facet normal -1.204255e-01 5.938726e-02 9.909444e-01
    outer loop
      vertex   3.481807e+02 3.443308e+02 1.839979e+02
      vertex   3.481559e+02 3.445647e+02 1.839809e+02
      vertex   3.480327e+02 3.443149e+02 1.839809e+02
    endloop
  endfacet
  facet normal -1.189184e-01 4.435425e-02 9.919129e-01
    outer loop
      vertex   3.481807e+02 3.443308e+02 1.839979e+02
      vertex   3.480327e+02 3.443149e+02 1.839809e+02
      vertex   3.480810e+02 3.440635e+02 1.839979e+02
    endloop
  endfacet
  facet normal -1.263088e-01 4.287605e-02 9.910639e-01
    outer loop
      vertex   3.480810e+02 3.440635e+02 1.839979e+02
      vertex   3.480327e+02 3.443149e+02 1.839809e+02
      vertex   3.479431e+02 3.440511e+02 1.839809e+02
    endloop
  endfacet
  facet normal -1.249947e-01 2.719093e-02 9.917847e-01
    outer loop
      vertex   3.480810e+02 3.440635e+02 1.839979e+02
      vertex   3.479431e+02 3.440511e+02 1.839809e+02
      vertex   3.480204e+02 3.437846e+02 1.839979e+02
    endloop
  endfacet
  facet normal -1.296850e-01 2.579595e-02 9.912196e-01
    outer loop
      vertex   3.480204e+02 3.437846e+02 1.839979e+02
      vertex   3.479431e+02 3.440511e+02 1.839809e+02
      vertex   3.478888e+02 3.437779e+02 1.839809e+02
    endloop
  endfacet
  facet normal -1.288938e-01 9.218663e-03 9.916156e-01
    outer loop
      vertex   3.480204e+02 3.437846e+02 1.839979e+02
      vertex   3.478888e+02 3.437779e+02 1.839809e+02
      vertex   3.480000e+02 3.435000e+02 1.839979e+02
    endloop
  endfacet
  facet normal -1.305214e-01 8.554826e-03 9.914086e-01
    outer loop
      vertex   3.480000e+02 3.435000e+02 1.839979e+02
      vertex   3.478888e+02 3.437779e+02 1.839809e+02
      vertex   3.478706e+02 3.435000e+02 1.839809e+02
    endloop
  endfacet
  facet normal -3.825631e-01 2.507451e-02 9.235891e-01
    outer loop
      vertex   3.478706e+02 3.435000e+02 1.839809e+02
      vertex   3.478888e+02 3.437779e+02 1.839809e+02
      vertex   3.477692e+02 3.437937e+02 1.839309e+02
    endloop
  endfacet
  facet normal -3.825631e-01 2.507451e-02 9.235891e-01
    outer loop
      vertex   3.478706e+02 3.435000e+02 1.839809e+02
      vertex   3.477692e+02 3.437937e+02 1.839309e+02
      vertex   3.477500e+02 3.435000e+02 1.839309e+02
    endloop
  endfacet
  facet normal -6.082774e-01 3.986861e-02 7.927226e-01
    outer loop
      vertex   3.477500e+02 3.435000e+02 1.839309e+02
      vertex   3.477692e+02 3.437937e+02 1.839309e+02
      vertex   3.476666e+02 3.438072e+02 1.838514e+02
    endloop
  endfacet
  facet normal -6.082774e-01 3.986861e-02 7.927226e-01
    outer loop
      vertex   3.477500e+02 3.435000e+02 1.839309e+02
      vertex   3.476666e+02 3.438072e+02 1.838514e+02
      vertex   3.476464e+02 3.435000e+02 1.838514e+02
    endloop
  endfacet
  facet normal -7.922829e-01 5.192897e-02 6.079401e-01
    outer loop
      vertex   3.476464e+02 3.435000e+02 1.838514e+02
      vertex   3.476666e+02 3.438072e+02 1.838514e+02
      vertex   3.475878e+02 3.438176e+02 1.837479e+02
    endloop
  endfacet
  facet normal -7.922829e-01 5.192897e-02 6.079401e-01
    outer loop
      vertex   3.476464e+02 3.435000e+02 1.838514e+02
      vertex   3.475878e+02 3.438176e+02 1.837479e+02
      vertex   3.475670e+02 3.435000e+02 1.837479e+02
    endloop
  endfacet
  facet normal -3.760174e-01 7.479450e-02 9.235891e-01
    outer loop
      vertex   3.477692e+02 3.437937e+02 1.839309e+02
      vertex   3.478888e+02 3.437779e+02 1.839809e+02
      vertex   3.478267e+02 3.440823e+02 1.839309e+02
    endloop
  endfacet
  facet normal -3.760174e-01 7.479450e-02 9.235891e-01
    outer loop
      vertex   3.478267e+02 3.440823e+02 1.839309e+02
      vertex   3.478888e+02 3.437779e+02 1.839809e+02
      vertex   3.479431e+02 3.440511e+02 1.839809e+02
    endloop
  endfacet
  facet normal -3.630378e-01 1.232347e-01 9.235891e-01
    outer loop
      vertex   3.478267e+02 3.440823e+02 1.839309e+02
      vertex   3.479431e+02 3.440511e+02 1.839809e+02
      vertex   3.479213e+02 3.443610e+02 1.839309e+02
    endloop
  endfacet
  facet normal -3.630378e-01 1.232347e-01 9.235891e-01
    outer loop
      vertex   3.479213e+02 3.443610e+02 1.839309e+02
      vertex   3.479431e+02 3.440511e+02 1.839809e+02
      vertex   3.480327e+02 3.443149e+02 1.839809e+02
    endloop
  endfacet
  facet normal -3.438466e-01 1.695664e-01 9.235891e-01
    outer loop
      vertex   3.479213e+02 3.443610e+02 1.839309e+02
      vertex   3.480327e+02 3.443149e+02 1.839809e+02
      vertex   3.480514e+02 3.446250e+02 1.839309e+02
    endloop
  endfacet
  facet normal -3.438466e-01 1.695664e-01 9.235891e-01
    outer loop
      vertex   3.480514e+02 3.446250e+02 1.839309e+02
      vertex   3.480327e+02 3.443149e+02 1.839809e+02
      vertex   3.481559e+02 3.445647e+02 1.839809e+02
    endloop
  endfacet
  facet normal -3.187721e-01 2.129967e-01 9.235891e-01
    outer loop
      vertex   3.480514e+02 3.446250e+02 1.839309e+02
      vertex   3.481559e+02 3.445647e+02 1.839809e+02
      vertex   3.482150e+02 3.448697e+02 1.839309e+02
    endloop
  endfacet
  facet normal -3.187721e-01 2.129967e-01 9.235891e-01
    outer loop
      vertex   3.482150e+02 3.448697e+02 1.839309e+02
      vertex   3.481559e+02 3.445647e+02 1.839809e+02
      vertex   3.483106e+02 3.447963e+02 1.839809e+02
    endloop
  endfacet
  facet normal -2.882433e-01 2.527826e-01 9.235891e-01
    outer loop
      vertex   3.482150e+02 3.448697e+02 1.839309e+02
      vertex   3.483106e+02 3.447963e+02 1.839809e+02
      vertex   3.484090e+02 3.450910e+02 1.839309e+02
    endloop
  endfacet
  facet normal -2.882433e-01 2.527826e-01 9.235891e-01
    outer loop
      vertex   3.484090e+02 3.450910e+02 1.839309e+02
      vertex   3.483106e+02 3.447963e+02 1.839809e+02
      vertex   3.484943e+02 3.450057e+02 1.839809e+02
    endloop
  endfacet
  facet normal -2.527826e-01 2.882433e-01 9.235891e-01
    outer loop
      vertex   3.484090e+02 3.450910e+02 1.839309e+02
      vertex   3.484943e+02 3.450057e+02 1.839809e+02
      vertex   3.486303e+02 3.452850e+02 1.839309e+02
    endloop
  endfacet
  facet normal -2.527826e-01 2.882433e-01 9.235891e-01
    outer loop
      vertex   3.486303e+02 3.452850e+02 1.839309e+02
      vertex   3.484943e+02 3.450057e+02 1.839809e+02
      vertex   3.487037e+02 3.451894e+02 1.839809e+02
    endloop
  endfacet
  facet normal -2.129967e-01 3.187721e-01 9.235891e-01
    outer loop
      vertex   3.486303e+02 3.452850e+02 1.839309e+02
      vertex   3.487037e+02 3.451894e+02 1.839809e+02
      vertex   3.488750e+02 3.454486e+02 1.839309e+02
    endloop
  endfacet
  facet normal -2.129967e-01 3.187721e-01 9.235891e-01
    outer loop
      vertex   3.488750e+02 3.454486e+02 1.839309e+02
      vertex   3.487037e+02 3.451894e+02 1.839809e+02
      vertex   3.489353e+02 3.453441e+02 1.839809e+02
    endloop
  endfacet
  facet normal -1.695664e-01 3.438466e-01 9.235891e-01
    outer loop
      vertex   3.488750e+02 3.454486e+02 1.839309e+02
      vertex   3.489353e+02 3.453441e+02 1.839809e+02
      vertex   3.491390e+02 3.455787e+02 1.839309e+02
    endloop
  endfacet
  facet normal -1.695664e-01 3.438466e-01 9.235891e-01
    outer loop
      vertex   3.491390e+02 3.455787e+02 1.839309e+02
      vertex   3.489353e+02 3.453441e+02 1.839809e+02
      vertex   3.491851e+02 3.454673e+02 1.839809e+02
    endloop
  endfacet
  facet normal -1.232347e-01 3.630378e-01 9.235891e-01
    outer loop
      vertex   3.491390e+02 3.455787e+02 1.839309e+02
      vertex   3.491851e+02 3.454673e+02 1.839809e+02
      vertex   3.494177e+02 3.456733e+02 1.839309e+02
    endloop
  endfacet
  facet normal -1.232347e-01 3.630378e-01 9.235891e-01
    outer loop
      vertex   3.494177e+02 3.456733e+02 1.839309e+02
      vertex   3.491851e+02 3.454673e+02 1.839809e+02
      vertex   3.494489e+02 3.455569e+02 1.839809e+02
    endloop
  endfacet
  facet normal -7.479450e-02 3.760174e-01 9.235891e-01
    outer loop
      vertex   3.494177e+02 3.456733e+02 1.839309e+02
      vertex   3.494489e+02 3.455569e+02 1.839809e+02
      vertex   3.497063e+02 3.457308e+02 1.839309e+02
    endloop
  endfacet
  facet normal -7.479450e-02 3.760174e-01 9.235891e-01
    outer loop
      vertex   3.497063e+02 3.457308e+02 1.839309e+02
      vertex   3.494489e+02 3.455569e+02 1.839809e+02
      vertex   3.497221e+02 3.456112e+02 1.839809e+02
    endloop
  endfacet
  facet normal -7.787268e-01 1.548984e-01 6.079401e-01
    outer loop
      vertex   3.476499e+02 3.441297e+02 1.837479e+02
      vertex   3.475878e+02 3.438176e+02 1.837479e+02
      vertex   3.476666e+02 3.438072e+02 1.838514e+02
    endloop
  endfacet
  facet normal -5.978696e-01 1.189237e-01 7.927226e-01
    outer loop
      vertex   3.476666e+02 3.438072e+02 1.838514e+02
      vertex   3.477692e+02 3.437937e+02 1.839309e+02
      vertex   3.477266e+02 3.441091e+02 1.838514e+02
    endloop
  endfacet
  facet normal -5.978696e-01 1.189237e-01 7.927226e-01
    outer loop
      vertex   3.477266e+02 3.441091e+02 1.838514e+02
      vertex   3.477692e+02 3.437937e+02 1.839309e+02
      vertex   3.478267e+02 3.440823e+02 1.839309e+02
    endloop
  endfacet
  facet normal -5.772321e-01 1.959439e-01 7.927226e-01
    outer loop
      vertex   3.477266e+02 3.441091e+02 1.838514e+02
      vertex   3.478267e+02 3.440823e+02 1.839309e+02
      vertex   3.478256e+02 3.444007e+02 1.838514e+02
    endloop
  endfacet
  facet normal -5.772321e-01 1.959439e-01 7.927226e-01
    outer loop
      vertex   3.478256e+02 3.444007e+02 1.838514e+02
      vertex   3.478267e+02 3.440823e+02 1.839309e+02
      vertex   3.479213e+02 3.443610e+02 1.839309e+02
    endloop
  endfacet
  facet normal -5.467180e-01 2.696115e-01 7.927226e-01
    outer loop
      vertex   3.478256e+02 3.444007e+02 1.838514e+02
      vertex   3.479213e+02 3.443610e+02 1.839309e+02
      vertex   3.479618e+02 3.446768e+02 1.838514e+02
    endloop
  endfacet
  facet normal -5.467180e-01 2.696115e-01 7.927226e-01
    outer loop
      vertex   3.479618e+02 3.446768e+02 1.838514e+02
      vertex   3.479213e+02 3.443610e+02 1.839309e+02
      vertex   3.480514e+02 3.446250e+02 1.839309e+02
    endloop
  endfacet
  facet normal -5.068494e-01 3.386659e-01 7.927226e-01
    outer loop
      vertex   3.479618e+02 3.446768e+02 1.838514e+02
      vertex   3.480514e+02 3.446250e+02 1.839309e+02
      vertex   3.481328e+02 3.449328e+02 1.838514e+02
    endloop
  endfacet
  facet normal -5.068494e-01 3.386659e-01 7.927226e-01
    outer loop
      vertex   3.481328e+02 3.449328e+02 1.838514e+02
      vertex   3.480514e+02 3.446250e+02 1.839309e+02
      vertex   3.482150e+02 3.448697e+02 1.839309e+02
    endloop
  endfacet
  facet normal -4.583085e-01 4.019257e-01 7.927226e-01
    outer loop
      vertex   3.481328e+02 3.449328e+02 1.838514e+02
      vertex   3.482150e+02 3.448697e+02 1.839309e+02
      vertex   3.483358e+02 3.451642e+02 1.838514e+02
    endloop
  endfacet
  facet normal -4.583085e-01 4.019257e-01 7.927226e-01
    outer loop
      vertex   3.483358e+02 3.451642e+02 1.838514e+02
      vertex   3.482150e+02 3.448697e+02 1.839309e+02
      vertex   3.484090e+02 3.450910e+02 1.839309e+02
    endloop
  endfacet
  facet normal -4.019257e-01 4.583085e-01 7.927226e-01
    outer loop
      vertex   3.483358e+02 3.451642e+02 1.838514e+02
      vertex   3.484090e+02 3.450910e+02 1.839309e+02
      vertex   3.485672e+02 3.453672e+02 1.838514e+02
    endloop
  endfacet
  facet normal -4.019257e-01 4.583085e-01 7.927226e-01
    outer loop
      vertex   3.485672e+02 3.453672e+02 1.838514e+02
      vertex   3.484090e+02 3.450910e+02 1.839309e+02
      vertex   3.486303e+02 3.452850e+02 1.839309e+02
    endloop
  endfacet
  facet normal -3.386659e-01 5.068494e-01 7.927226e-01
    outer loop
      vertex   3.485672e+02 3.453672e+02 1.838514e+02
      vertex   3.486303e+02 3.452850e+02 1.839309e+02
      vertex   3.488232e+02 3.455382e+02 1.838514e+02
    endloop
  endfacet
  facet normal -3.386659e-01 5.068494e-01 7.927226e-01
    outer loop
      vertex   3.488232e+02 3.455382e+02 1.838514e+02
      vertex   3.486303e+02 3.452850e+02 1.839309e+02
      vertex   3.488750e+02 3.454486e+02 1.839309e+02
    endloop
  endfacet
  facet normal -2.696115e-01 5.467180e-01 7.927226e-01
    outer loop
      vertex   3.488232e+02 3.455382e+02 1.838514e+02
      vertex   3.488750e+02 3.454486e+02 1.839309e+02
      vertex   3.490993e+02 3.456744e+02 1.838514e+02
    endloop
  endfacet
  facet normal -2.696115e-01 5.467180e-01 7.927226e-01
    outer loop
      vertex   3.490993e+02 3.456744e+02 1.838514e+02
      vertex   3.488750e+02 3.454486e+02 1.839309e+02
      vertex   3.491390e+02 3.455787e+02 1.839309e+02
    endloop
  endfacet
  facet normal -1.959439e-01 5.772321e-01 7.927226e-01
    outer loop
      vertex   3.490993e+02 3.456744e+02 1.838514e+02
      vertex   3.491390e+02 3.455787e+02 1.839309e+02
      vertex   3.493909e+02 3.457734e+02 1.838514e+02
    endloop
  endfacet
  facet normal -1.959439e-01 5.772321e-01 7.927226e-01
    outer loop
      vertex   3.493909e+02 3.457734e+02 1.838514e+02
      vertex   3.491390e+02 3.455787e+02 1.839309e+02
      vertex   3.494177e+02 3.456733e+02 1.839309e+02
    endloop
  endfacet
  facet normal -1.189237e-01 5.978696e-01 7.927226e-01
    outer loop
      vertex   3.493909e+02 3.457734e+02 1.838514e+02
      vertex   3.494177e+02 3.456733e+02 1.839309e+02
      vertex   3.496928e+02 3.458334e+02 1.838514e+02
    endloop
  endfacet
  facet normal -1.189237e-01 5.978696e-01 7.927226e-01
    outer loop
      vertex   3.496928e+02 3.458334e+02 1.838514e+02
      vertex   3.494177e+02 3.456733e+02 1.839309e+02
      vertex   3.497063e+02 3.457308e+02 1.839309e+02
    endloop
  endfacet
  facet normal -7.518463e-01 2.552174e-01 6.079401e-01
    outer loop
      vertex   3.477522e+02 3.444311e+02 1.837479e+02
      vertex   3.476499e+02 3.441297e+02 1.837479e+02
      vertex   3.477266e+02 3.441091e+02 1.838514e+02
    endloop
  endfacet
  facet normal -7.787268e-01 1.548984e-01 6.079401e-01
    outer loop
      vertex   3.477266e+02 3.441091e+02 1.838514e+02
      vertex   3.476499e+02 3.441297e+02 1.837479e+02
      vertex   3.476666e+02 3.438072e+02 1.838514e+02
    endloop
  endfacet
  facet normal -7.518463e-01 2.552174e-01 6.079401e-01
    outer loop
      vertex   3.477522e+02 3.444311e+02 1.837479e+02
      vertex   3.477266e+02 3.441091e+02 1.838514e+02
      vertex   3.478256e+02 3.444007e+02 1.838514e+02
    endloop
  endfacet
  facet normal -7.121016e-01 3.511697e-01 6.079401e-01
    outer loop
      vertex   3.478929e+02 3.447165e+02 1.837479e+02
      vertex   3.477522e+02 3.444311e+02 1.837479e+02
      vertex   3.478256e+02 3.444007e+02 1.838514e+02
    endloop
  endfacet
  facet normal -7.121016e-01 3.511697e-01 6.079401e-01
    outer loop
      vertex   3.478929e+02 3.447165e+02 1.837479e+02
      vertex   3.478256e+02 3.444007e+02 1.838514e+02
      vertex   3.479618e+02 3.446768e+02 1.838514e+02
    endloop
  endfacet
  facet normal -6.601727e-01 4.411133e-01 6.079401e-01
    outer loop
      vertex   3.480698e+02 3.449811e+02 1.837479e+02
      vertex   3.478929e+02 3.447165e+02 1.837479e+02
      vertex   3.479618e+02 3.446768e+02 1.838514e+02
    endloop
  endfacet
  facet normal -6.601727e-01 4.411133e-01 6.079401e-01
    outer loop
      vertex   3.480698e+02 3.449811e+02 1.837479e+02
      vertex   3.479618e+02 3.446768e+02 1.838514e+02
      vertex   3.481328e+02 3.449328e+02 1.838514e+02
    endloop
  endfacet
  facet normal -5.969480e-01 5.235093e-01 6.079401e-01
    outer loop
      vertex   3.482796e+02 3.452204e+02 1.837479e+02
      vertex   3.480698e+02 3.449811e+02 1.837479e+02
      vertex   3.481328e+02 3.449328e+02 1.838514e+02
    endloop
  endfacet
  facet normal -5.969480e-01 5.235093e-01 6.079401e-01
    outer loop
      vertex   3.482796e+02 3.452204e+02 1.837479e+02
      vertex   3.481328e+02 3.449328e+02 1.838514e+02
      vertex   3.483358e+02 3.451642e+02 1.838514e+02
    endloop
  endfacet
  facet normal -5.235093e-01 5.969480e-01 6.079401e-01
    outer loop
      vertex   3.485189e+02 3.454302e+02 1.837479e+02
      vertex   3.482796e+02 3.452204e+02 1.837479e+02
      vertex   3.483358e+02 3.451642e+02 1.838514e+02
    endloop
  endfacet
  facet normal -5.235093e-01 5.969480e-01 6.079401e-01
    outer loop
      vertex   3.485189e+02 3.454302e+02 1.837479e+02
      vertex   3.483358e+02 3.451642e+02 1.838514e+02
      vertex   3.485672e+02 3.453672e+02 1.838514e+02
    endloop
  endfacet
  facet normal -4.411133e-01 6.601727e-01 6.079401e-01
    outer loop
      vertex   3.487835e+02 3.456071e+02 1.837479e+02
      vertex   3.485189e+02 3.454302e+02 1.837479e+02
      vertex   3.485672e+02 3.453672e+02 1.838514e+02
    endloop
  endfacet
  facet normal -4.411133e-01 6.601727e-01 6.079401e-01
    outer loop
      vertex   3.487835e+02 3.456071e+02 1.837479e+02
      vertex   3.485672e+02 3.453672e+02 1.838514e+02
      vertex   3.488232e+02 3.455382e+02 1.838514e+02
    endloop
  endfacet
  facet normal -3.511697e-01 7.121016e-01 6.079401e-01
    outer loop
      vertex   3.490689e+02 3.457478e+02 1.837479e+02
      vertex   3.487835e+02 3.456071e+02 1.837479e+02
      vertex   3.488232e+02 3.455382e+02 1.838514e+02
    endloop
  endfacet
  facet normal -3.511697e-01 7.121016e-01 6.079401e-01
    outer loop
      vertex   3.490689e+02 3.457478e+02 1.837479e+02
      vertex   3.488232e+02 3.455382e+02 1.838514e+02
      vertex   3.490993e+02 3.456744e+02 1.838514e+02
    endloop
  endfacet
  facet normal -2.552174e-01 7.518463e-01 6.079401e-01
    outer loop
      vertex   3.493703e+02 3.458501e+02 1.837479e+02
      vertex   3.490689e+02 3.457478e+02 1.837479e+02
      vertex   3.490993e+02 3.456744e+02 1.838514e+02
    endloop
  endfacet
  facet normal -2.552174e-01 7.518463e-01 6.079401e-01
    outer loop
      vertex   3.493703e+02 3.458501e+02 1.837479e+02
      vertex   3.490993e+02 3.456744e+02 1.838514e+02
      vertex   3.493909e+02 3.457734e+02 1.838514e+02
    endloop
  endfacet
  facet normal -1.548984e-01 7.787268e-01 6.079401e-01
    outer loop
      vertex   3.496824e+02 3.459122e+02 1.837479e+02
      vertex   3.493703e+02 3.458501e+02 1.837479e+02
      vertex   3.493909e+02 3.457734e+02 1.838514e+02
    endloop
  endfacet
  facet normal -1.548984e-01 7.787268e-01 6.079401e-01
    outer loop
      vertex   3.496824e+02 3.459122e+02 1.837479e+02
      vertex   3.493909e+02 3.457734e+02 1.838514e+02
      vertex   3.496928e+02 3.458334e+02 1.838514e+02
    endloop
  endfacet
  facet normal -9.914449e-01 0.000000e+00 1.305262e-01
    outer loop
      vertex   3.475170e+02 3.285000e+02 1.836273e+02
      vertex   3.475170e+02 3.310000e+02 1.836273e+02
      vertex   3.475000e+02 3.285000e+02 1.834979e+02
    endloop
  endfacet
  facet normal -9.914449e-01 -2.967709e-15 1.305262e-01
    outer loop
      vertex   3.475000e+02 3.285000e+02 1.834979e+02
      vertex   3.475170e+02 3.310000e+02 1.836273e+02
      vertex   3.475170e+02 3.335000e+02 1.836273e+02
    endloop
  endfacet
  facet normal -9.914449e-01 0.000000e+00 1.305262e-01
    outer loop
      vertex   3.475000e+02 3.285000e+02 1.834979e+02
      vertex   3.475170e+02 3.335000e+02 1.836273e+02
      vertex   3.475170e+02 3.360000e+02 1.836273e+02
    endloop
  endfacet
  facet normal -9.238795e-01 0.000000e+00 3.826834e-01
    outer loop
      vertex   3.475170e+02 3.360000e+02 1.836273e+02
      vertex   3.475170e+02 3.335000e+02 1.836273e+02
      vertex   3.475670e+02 3.360000e+02 1.837479e+02
    endloop
  endfacet
  facet normal -9.238795e-01 0.000000e+00 3.826834e-01
    outer loop
      vertex   3.475170e+02 3.360000e+02 1.836273e+02
      vertex   3.475670e+02 3.360000e+02 1.837479e+02
      vertex   3.475670e+02 3.385000e+02 1.837479e+02
    endloop
  endfacet
  facet normal -7.933533e-01 0.000000e+00 6.087614e-01
    outer loop
      vertex   3.475670e+02 3.385000e+02 1.837479e+02
      vertex   3.475670e+02 3.360000e+02 1.837479e+02
      vertex   3.476464e+02 3.385000e+02 1.838514e+02
    endloop
  endfacet
  facet normal -7.933533e-01 0.000000e+00 6.087614e-01
    outer loop
      vertex   3.475670e+02 3.385000e+02 1.837479e+02
      vertex   3.476464e+02 3.385000e+02 1.838514e+02
      vertex   3.476464e+02 3.410000e+02 1.838514e+02
    endloop
  endfacet
  facet normal -6.087614e-01 0.000000e+00 7.933533e-01
    outer loop
      vertex   3.476464e+02 3.410000e+02 1.838514e+02
      vertex   3.476464e+02 3.385000e+02 1.838514e+02
      vertex   3.477500e+02 3.410000e+02 1.839309e+02
    endloop
  endfacet
  facet normal -6.087614e-01 0.000000e+00 7.933533e-01
    outer loop
      vertex   3.476464e+02 3.410000e+02 1.838514e+02
      vertex   3.477500e+02 3.410000e+02 1.839309e+02
      vertex   3.477500e+02 3.435000e+02 1.839309e+02
    endloop
  endfacet
  facet normal -3.826834e-01 0.000000e+00 9.238795e-01
    outer loop
      vertex   3.477500e+02 3.435000e+02 1.839309e+02
      vertex   3.477500e+02 3.410000e+02 1.839309e+02
      vertex   3.478706e+02 3.435000e+02 1.839809e+02
    endloop
  endfacet
  facet normal -3.826834e-01 0.000000e+00 9.238795e-01
    outer loop
      vertex   3.478706e+02 3.435000e+02 1.839809e+02
      vertex   3.477500e+02 3.410000e+02 1.839309e+02
      vertex   3.478706e+02 3.410000e+02 1.839809e+02
    endloop
  endfacet
  facet normal -1.305262e-01 0.000000e+00 9.914449e-01
    outer loop
      vertex   3.478706e+02 3.435000e+02 1.839809e+02
      vertex   3.478706e+02 3.410000e+02 1.839809e+02
      vertex   3.480000e+02 3.435000e+02 1.839979e+02
    endloop
  endfacet
  facet normal -1.305262e-01 0.000000e+00 9.914449e-01
    outer loop
      vertex   3.480000e+02 3.435000e+02 1.839979e+02
      vertex   3.478706e+02 3.410000e+02 1.839809e+02
      vertex   3.478706e+02 3.385000e+02 1.839809e+02
    endloop
  endfacet
  facet normal -1.305262e-01 0.000000e+00 9.914449e-01
    outer loop
      vertex   3.480000e+02 3.435000e+02 1.839979e+02
      vertex   3.478706e+02 3.385000e+02 1.839809e+02
      vertex   3.478706e+02 3.360000e+02 1.839809e+02
    endloop
  endfacet
  facet normal -3.826834e-01 0.000000e+00 9.238795e-01
    outer loop
      vertex   3.478706e+02 3.360000e+02 1.839809e+02
      vertex   3.478706e+02 3.385000e+02 1.839809e+02
      vertex   3.477500e+02 3.360000e+02 1.839309e+02
    endloop
  endfacet
  facet normal -3.826834e-01 0.000000e+00 9.238795e-01
    outer loop
      vertex   3.478706e+02 3.360000e+02 1.839809e+02
      vertex   3.477500e+02 3.360000e+02 1.839309e+02
      vertex   3.477500e+02 3.335000e+02 1.839309e+02
    endloop
  endfacet
  facet normal -6.087614e-01 0.000000e+00 7.933533e-01
    outer loop
      vertex   3.477500e+02 3.335000e+02 1.839309e+02
      vertex   3.477500e+02 3.360000e+02 1.839309e+02
      vertex   3.476464e+02 3.335000e+02 1.838514e+02
    endloop
  endfacet
  facet normal -6.087614e-01 0.000000e+00 7.933533e-01
    outer loop
      vertex   3.477500e+02 3.335000e+02 1.839309e+02
      vertex   3.476464e+02 3.335000e+02 1.838514e+02
      vertex   3.476464e+02 3.310000e+02 1.838514e+02
    endloop
  endfacet
  facet normal -7.933533e-01 0.000000e+00 6.087614e-01
    outer loop
      vertex   3.476464e+02 3.310000e+02 1.838514e+02
      vertex   3.476464e+02 3.335000e+02 1.838514e+02
      vertex   3.475670e+02 3.310000e+02 1.837479e+02
    endloop
  endfacet
  facet normal -7.933533e-01 -1.384311e-14 6.087614e-01
    outer loop
      vertex   3.476464e+02 3.310000e+02 1.838514e+02
      vertex   3.475670e+02 3.310000e+02 1.837479e+02
      vertex   3.475670e+02 3.285000e+02 1.837479e+02
    endloop
  endfacet
  facet normal -9.238795e-01 -8.701214e-15 3.826834e-01
    outer loop
      vertex   3.475670e+02 3.285000e+02 1.837479e+02
      vertex   3.475670e+02 3.310000e+02 1.837479e+02
      vertex   3.475170e+02 3.285000e+02 1.836273e+02
    endloop
  endfacet
  facet normal -9.238795e-01 0.000000e+00 3.826834e-01
    outer loop
      vertex   3.475170e+02 3.285000e+02 1.836273e+02
      vertex   3.475670e+02 3.310000e+02 1.837479e+02
      vertex   3.475170e+02 3.310000e+02 1.836273e+02
    endloop
  endfacet
  facet normal -7.933533e-01 -1.384311e-14 6.087614e-01
    outer loop
      vertex   3.475670e+02 3.285000e+02 1.837479e+02
      vertex   3.476464e+02 3.285000e+02 1.838514e+02
      vertex   3.476464e+02 3.310000e+02 1.838514e+02
    endloop
  endfacet
  facet normal -6.087614e-01 -1.803877e-14 7.933533e-01
    outer loop
      vertex   3.476464e+02 3.310000e+02 1.838514e+02
      vertex   3.476464e+02 3.285000e+02 1.838514e+02
      vertex   3.477500e+02 3.310000e+02 1.839309e+02
    endloop
  endfacet
  facet normal -6.087614e-01 0.000000e+00 7.933533e-01
    outer loop
      vertex   3.476464e+02 3.310000e+02 1.838514e+02
      vertex   3.477500e+02 3.310000e+02 1.839309e+02
      vertex   3.477500e+02 3.335000e+02 1.839309e+02
    endloop
  endfacet
  facet normal -3.826834e-01 0.000000e+00 9.238795e-01
    outer loop
      vertex   3.477500e+02 3.335000e+02 1.839309e+02
      vertex   3.477500e+02 3.310000e+02 1.839309e+02
      vertex   3.478706e+02 3.335000e+02 1.839809e+02
    endloop
  endfacet
  facet normal -3.826834e-01 0.000000e+00 9.238795e-01
    outer loop
      vertex   3.477500e+02 3.335000e+02 1.839309e+02
      vertex   3.478706e+02 3.335000e+02 1.839809e+02
      vertex   3.478706e+02 3.360000e+02 1.839809e+02
    endloop
  endfacet
  facet normal -1.305262e-01 0.000000e+00 9.914449e-01
    outer loop
      vertex   3.478706e+02 3.360000e+02 1.839809e+02
      vertex   3.478706e+02 3.335000e+02 1.839809e+02
      vertex   3.480000e+02 3.285000e+02 1.839979e+02
    endloop
  endfacet
  facet normal -1.305262e-01 0.000000e+00 9.914449e-01
    outer loop
      vertex   3.478706e+02 3.360000e+02 1.839809e+02
      vertex   3.480000e+02 3.285000e+02 1.839979e+02
      vertex   3.480000e+02 3.435000e+02 1.839979e+02
    endloop
  endfacet
  facet normal -6.087614e-01 -9.016094e-15 7.933533e-01
    outer loop
      vertex   3.476464e+02 3.285000e+02 1.838514e+02
      vertex   3.477500e+02 3.285000e+02 1.839309e+02
      vertex   3.477500e+02 3.310000e+02 1.839309e+02
    endloop
  endfacet
  facet normal -3.826834e-01 -1.050329e-14 9.238795e-01
    outer loop
      vertex   3.477500e+02 3.310000e+02 1.839309e+02
      vertex   3.477500e+02 3.285000e+02 1.839309e+02
      vertex   3.478706e+02 3.310000e+02 1.839809e+02
    endloop
  endfacet
  facet normal -3.826834e-01 0.000000e+00 9.238795e-01
    outer loop
      vertex   3.477500e+02 3.310000e+02 1.839309e+02
      vertex   3.478706e+02 3.310000e+02 1.839809e+02
      vertex   3.478706e+02 3.335000e+02 1.839809e+02
    endloop
  endfacet
  facet normal -1.305262e-01 0.000000e+00 9.914449e-01
    outer loop
      vertex   3.478706e+02 3.335000e+02 1.839809e+02
      vertex   3.478706e+02 3.310000e+02 1.839809e+02
      vertex   3.480000e+02 3.285000e+02 1.839979e+02
    endloop
  endfacet
  facet normal -3.826834e-01 -1.050460e-14 9.238795e-01
    outer loop
      vertex   3.477500e+02 3.285000e+02 1.839309e+02
      vertex   3.478706e+02 3.285000e+02 1.839809e+02
      vertex   3.478706e+02 3.310000e+02 1.839809e+02
    endloop
  endfacet
  facet normal -1.305262e-01 -1.127142e-14 9.914449e-01
    outer loop
      vertex   3.478706e+02 3.310000e+02 1.839809e+02
      vertex   3.478706e+02 3.285000e+02 1.839809e+02
      vertex   3.480000e+02 3.285000e+02 1.839979e+02
    endloop
  endfacet
  facet normal -6.087614e-01 0.000000e+00 7.933533e-01
    outer loop
      vertex   3.477500e+02 3.435000e+02 1.839309e+02
      vertex   3.476464e+02 3.435000e+02 1.838514e+02
      vertex   3.476464e+02 3.410000e+02 1.838514e+02
    endloop
  endfacet
  facet normal -7.933533e-01 0.000000e+00 6.087614e-01
    outer loop
      vertex   3.476464e+02 3.410000e+02 1.838514e+02
      vertex   3.476464e+02 3.435000e+02 1.838514e+02
      vertex   3.475670e+02 3.410000e+02 1.837479e+02
    endloop
  endfacet
  facet normal -7.933533e-01 0.000000e+00 6.087614e-01
    outer loop
      vertex   3.476464e+02 3.410000e+02 1.838514e+02
      vertex   3.475670e+02 3.410000e+02 1.837479e+02
      vertex   3.475670e+02 3.385000e+02 1.837479e+02
    endloop
  endfacet
  facet normal -9.238795e-01 0.000000e+00 3.826834e-01
    outer loop
      vertex   3.475670e+02 3.385000e+02 1.837479e+02
      vertex   3.475670e+02 3.410000e+02 1.837479e+02
      vertex   3.475170e+02 3.385000e+02 1.836273e+02
    endloop
  endfacet
  facet normal -9.238795e-01 0.000000e+00 3.826834e-01
    outer loop
      vertex   3.475670e+02 3.385000e+02 1.837479e+02
      vertex   3.475170e+02 3.385000e+02 1.836273e+02
      vertex   3.475170e+02 3.360000e+02 1.836273e+02
    endloop
  endfacet
  facet normal -9.914449e-01 0.000000e+00 1.305262e-01
    outer loop
      vertex   3.475170e+02 3.360000e+02 1.836273e+02
      vertex   3.475170e+02 3.385000e+02 1.836273e+02
      vertex   3.475000e+02 3.435000e+02 1.834979e+02
    endloop
  endfacet
  facet normal -9.914449e-01 -2.471983e-16 1.305262e-01
    outer loop
      vertex   3.475170e+02 3.360000e+02 1.836273e+02
      vertex   3.475000e+02 3.435000e+02 1.834979e+02
      vertex   3.475000e+02 3.285000e+02 1.834979e+02
    endloop
  endfacet
  facet normal -7.933533e-01 0.000000e+00 6.087614e-01
    outer loop
      vertex   3.476464e+02 3.435000e+02 1.838514e+02
      vertex   3.475670e+02 3.435000e+02 1.837479e+02
      vertex   3.475670e+02 3.410000e+02 1.837479e+02
    endloop
  endfacet
  facet normal -9.238795e-01 0.000000e+00 3.826834e-01
    outer loop
      vertex   3.475670e+02 3.410000e+02 1.837479e+02
      vertex   3.475670e+02 3.435000e+02 1.837479e+02
      vertex   3.475170e+02 3.410000e+02 1.836273e+02
    endloop
  endfacet
  facet normal -9.238795e-01 0.000000e+00 3.826834e-01
    outer loop
      vertex   3.475670e+02 3.410000e+02 1.837479e+02
      vertex   3.475170e+02 3.410000e+02 1.836273e+02
      vertex   3.475170e+02 3.385000e+02 1.836273e+02
    endloop
  endfacet
  facet normal -9.914449e-01 0.000000e+00 1.305262e-01
    outer loop
      vertex   3.475170e+02 3.385000e+02 1.836273e+02
      vertex   3.475170e+02 3.410000e+02 1.836273e+02
      vertex   3.475000e+02 3.435000e+02 1.834979e+02
    endloop
  endfacet
  facet normal -9.238795e-01 0.000000e+00 3.826834e-01
    outer loop
      vertex   3.475670e+02 3.435000e+02 1.837479e+02
      vertex   3.475170e+02 3.435000e+02 1.836273e+02
      vertex   3.475170e+02 3.410000e+02 1.836273e+02
    endloop
  endfacet
  facet normal -9.914449e-01 0.000000e+00 1.305262e-01
    outer loop
      vertex   3.475170e+02 3.410000e+02 1.836273e+02
      vertex   3.475170e+02 3.435000e+02 1.836273e+02
      vertex   3.475000e+02 3.435000e+02 1.834979e+02
    endloop
  endfacet
  facet normal -9.238795e-01 -8.701214e-15 3.826834e-01
    outer loop
      vertex   3.475170e+02 3.335000e+02 1.836273e+02
      vertex   3.475170e+02 3.310000e+02 1.836273e+02
      vertex   3.475670e+02 3.335000e+02 1.837479e+02
    endloop
  endfacet
  facet normal -9.238795e-01 0.000000e+00 3.826834e-01
    outer loop
      vertex   3.475670e+02 3.335000e+02 1.837479e+02
      vertex   3.475170e+02 3.310000e+02 1.836273e+02
      vertex   3.475670e+02 3.310000e+02 1.837479e+02
    endloop
  endfacet
  facet normal -7.933533e-01 0.000000e+00 6.087614e-01
    outer loop
      vertex   3.475670e+02 3.335000e+02 1.837479e+02
      vertex   3.475670e+02 3.310000e+02 1.837479e+02
      vertex   3.476464e+02 3.335000e+02 1.838514e+02
    endloop
  endfacet
  facet normal -9.238795e-01 0.000000e+00 3.826834e-01
    outer loop
      vertex   3.475170e+02 3.335000e+02 1.836273e+02
      vertex   3.475670e+02 3.335000e+02 1.837479e+02
      vertex   3.475670e+02 3.360000e+02 1.837479e+02
    endloop
  endfacet
  facet normal -7.933533e-01 0.000000e+00 6.087614e-01
    outer loop
      vertex   3.475670e+02 3.360000e+02 1.837479e+02
      vertex   3.475670e+02 3.335000e+02 1.837479e+02
      vertex   3.476464e+02 3.360000e+02 1.838514e+02
    endloop
  endfacet
  facet normal -7.933533e-01 0.000000e+00 6.087614e-01
    outer loop
      vertex   3.475670e+02 3.360000e+02 1.837479e+02
      vertex   3.476464e+02 3.360000e+02 1.838514e+02
      vertex   3.476464e+02 3.385000e+02 1.838514e+02
    endloop
  endfacet
  facet normal -6.087614e-01 0.000000e+00 7.933533e-01
    outer loop
      vertex   3.476464e+02 3.385000e+02 1.838514e+02
      vertex   3.476464e+02 3.360000e+02 1.838514e+02
      vertex   3.477500e+02 3.385000e+02 1.839309e+02
    endloop
  endfacet
  facet normal -6.087614e-01 0.000000e+00 7.933533e-01
    outer loop
      vertex   3.476464e+02 3.385000e+02 1.838514e+02
      vertex   3.477500e+02 3.385000e+02 1.839309e+02
      vertex   3.477500e+02 3.410000e+02 1.839309e+02
    endloop
  endfacet
  facet normal -3.826834e-01 0.000000e+00 9.238795e-01
    outer loop
      vertex   3.477500e+02 3.410000e+02 1.839309e+02
      vertex   3.477500e+02 3.385000e+02 1.839309e+02
      vertex   3.478706e+02 3.410000e+02 1.839809e+02
    endloop
  endfacet
  facet normal -7.933533e-01 0.000000e+00 6.087614e-01
    outer loop
      vertex   3.476464e+02 3.360000e+02 1.838514e+02
      vertex   3.475670e+02 3.335000e+02 1.837479e+02
      vertex   3.476464e+02 3.335000e+02 1.838514e+02
    endloop
  endfacet
  facet normal -6.087614e-01 0.000000e+00 7.933533e-01
    outer loop
      vertex   3.477500e+02 3.385000e+02 1.839309e+02
      vertex   3.476464e+02 3.360000e+02 1.838514e+02
      vertex   3.477500e+02 3.360000e+02 1.839309e+02
    endloop
  endfacet
  facet normal -6.087614e-01 0.000000e+00 7.933533e-01
    outer loop
      vertex   3.477500e+02 3.360000e+02 1.839309e+02
      vertex   3.476464e+02 3.360000e+02 1.838514e+02
      vertex   3.476464e+02 3.335000e+02 1.838514e+02
    endloop
  endfacet
  facet normal -3.826834e-01 0.000000e+00 9.238795e-01
    outer loop
      vertex   3.478706e+02 3.410000e+02 1.839809e+02
      vertex   3.477500e+02 3.385000e+02 1.839309e+02
      vertex   3.478706e+02 3.385000e+02 1.839809e+02
    endloop
  endfacet
  facet normal -3.826834e-01 0.000000e+00 9.238795e-01
    outer loop
      vertex   3.478706e+02 3.385000e+02 1.839809e+02
      vertex   3.477500e+02 3.385000e+02 1.839309e+02
      vertex   3.477500e+02 3.360000e+02 1.839309e+02
    endloop
  endfacet
  facet normal -5.986381e-02 -9.896668e-01 1.302921e-01
    outer loop
      vertex   3.500000e+02 3.260000e+02 1.834979e+02
      vertex   3.500000e+02 3.260170e+02 1.836273e+02
      vertex   3.496987e+02 3.260182e+02 1.834979e+02
    endloop
  endfacet
  facet normal -6.474345e-02 -9.877942e-01 1.416720e-01
    outer loop
      vertex   3.496987e+02 3.260182e+02 1.834979e+02
      vertex   3.500000e+02 3.260170e+02 1.836273e+02
      vertex   3.496759e+02 3.260383e+02 1.836273e+02
    endloop
  endfacet
  facet normal -1.789558e-01 -9.765302e-01 1.198484e-01
    outer loop
      vertex   3.496987e+02 3.260182e+02 1.834979e+02
      vertex   3.496759e+02 3.260383e+02 1.836273e+02
      vertex   3.494017e+02 3.260726e+02 1.834979e+02
    endloop
  endfacet
  facet normal -1.928490e-01 -9.695172e-01 1.511481e-01
    outer loop
      vertex   3.494017e+02 3.260726e+02 1.834979e+02
      vertex   3.496759e+02 3.260383e+02 1.836273e+02
      vertex   3.493574e+02 3.261016e+02 1.836273e+02
    endloop
  endfacet
  facet normal -2.956556e-01 -9.487920e-01 1.112722e-01
    outer loop
      vertex   3.494017e+02 3.260726e+02 1.834979e+02
      vertex   3.493574e+02 3.261016e+02 1.836273e+02
      vertex   3.491135e+02 3.261625e+02 1.834979e+02
    endloop
  endfacet
  facet normal -3.173658e-01 -9.349295e-01 1.587003e-01
    outer loop
      vertex   3.491135e+02 3.261625e+02 1.834979e+02
      vertex   3.493574e+02 3.261016e+02 1.836273e+02
      vertex   3.490498e+02 3.262060e+02 1.836273e+02
    endloop
  endfacet
  facet normal -4.081621e-01 -9.068991e-01 1.045836e-01
    outer loop
      vertex   3.491135e+02 3.261625e+02 1.834979e+02
      vertex   3.490498e+02 3.262060e+02 1.836273e+02
      vertex   3.488382e+02 3.262864e+02 1.834979e+02
    endloop
  endfacet
  facet normal -4.362747e-01 -8.846776e-01 1.643470e-01
    outer loop
      vertex   3.488382e+02 3.262864e+02 1.834979e+02
      vertex   3.490498e+02 3.262060e+02 1.836273e+02
      vertex   3.487585e+02 3.263497e+02 1.836273e+02
    endloop
  endfacet
  facet normal -5.147552e-01 -8.515091e-01 9.979675e-02
    outer loop
      vertex   3.488382e+02 3.262864e+02 1.834979e+02
      vertex   3.487585e+02 3.263497e+02 1.836273e+02
      vertex   3.485798e+02 3.264425e+02 1.834979e+02
    endloop
  endfacet
  facet normal -5.476642e-01 -8.196374e-01 1.681028e-01
    outer loop
      vertex   3.485798e+02 3.264425e+02 1.834979e+02
      vertex   3.487585e+02 3.263497e+02 1.836273e+02
      vertex   3.484885e+02 3.265301e+02 1.836273e+02
    endloop
  endfacet
  facet normal -6.138154e-01 -7.834775e-01 9.692111e-02
    outer loop
      vertex   3.485798e+02 3.264425e+02 1.834979e+02
      vertex   3.484885e+02 3.265301e+02 1.836273e+02
      vertex   3.483422e+02 3.266287e+02 1.834979e+02
    endloop
  endfacet
  facet normal -6.497509e-01 -7.408989e-01 1.699781e-01
    outer loop
      vertex   3.483422e+02 3.266287e+02 1.834979e+02
      vertex   3.484885e+02 3.265301e+02 1.836273e+02
      vertex   3.482443e+02 3.267443e+02 1.836273e+02
    endloop
  endfacet
  facet normal -7.038435e-01 -7.038435e-01 9.596199e-02
    outer loop
      vertex   3.483422e+02 3.266287e+02 1.834979e+02
      vertex   3.482443e+02 3.267443e+02 1.836273e+02
      vertex   3.481287e+02 3.268422e+02 1.834979e+02
    endloop
  endfacet
  facet normal -7.408989e-01 -6.497509e-01 1.699781e-01
    outer loop
      vertex   3.481287e+02 3.268422e+02 1.834979e+02
      vertex   3.482443e+02 3.267443e+02 1.836273e+02
      vertex   3.480301e+02 3.269885e+02 1.836273e+02
    endloop
  endfacet
  facet normal -7.834775e-01 -6.138154e-01 9.692111e-02
    outer loop
      vertex   3.481287e+02 3.268422e+02 1.834979e+02
      vertex   3.480301e+02 3.269885e+02 1.836273e+02
      vertex   3.479425e+02 3.270798e+02 1.834979e+02
    endloop
  endfacet
  facet normal -8.196374e-01 -5.476642e-01 1.681028e-01
    outer loop
      vertex   3.479425e+02 3.270798e+02 1.834979e+02
      vertex   3.480301e+02 3.269885e+02 1.836273e+02
      vertex   3.478497e+02 3.272585e+02 1.836273e+02
    endloop
  endfacet
  facet normal -8.515091e-01 -5.147552e-01 9.979675e-02
    outer loop
      vertex   3.479425e+02 3.270798e+02 1.834979e+02
      vertex   3.478497e+02 3.272585e+02 1.836273e+02
      vertex   3.477864e+02 3.273382e+02 1.834979e+02
    endloop
  endfacet
  facet normal -8.846776e-01 -4.362747e-01 1.643470e-01
    outer loop
      vertex   3.477864e+02 3.273382e+02 1.834979e+02
      vertex   3.478497e+02 3.272585e+02 1.836273e+02
      vertex   3.477060e+02 3.275498e+02 1.836273e+02
    endloop
  endfacet
  facet normal -9.068991e-01 -4.081621e-01 1.045836e-01
    outer loop
      vertex   3.477864e+02 3.273382e+02 1.834979e+02
      vertex   3.477060e+02 3.275498e+02 1.836273e+02
      vertex   3.476625e+02 3.276135e+02 1.834979e+02
    endloop
  endfacet
  facet normal -9.349295e-01 -3.173658e-01 1.587003e-01
    outer loop
      vertex   3.476625e+02 3.276135e+02 1.834979e+02
      vertex   3.477060e+02 3.275498e+02 1.836273e+02
      vertex   3.476016e+02 3.278574e+02 1.836273e+02
    endloop
  endfacet
  facet normal -9.487920e-01 -2.956556e-01 1.112722e-01
    outer loop
      vertex   3.476625e+02 3.276135e+02 1.834979e+02
      vertex   3.476016e+02 3.278574e+02 1.836273e+02
      vertex   3.475726e+02 3.279017e+02 1.834979e+02
    endloop
  endfacet
  facet normal -9.695172e-01 -1.928490e-01 1.511481e-01
    outer loop
      vertex   3.475726e+02 3.279017e+02 1.834979e+02
      vertex   3.476016e+02 3.278574e+02 1.836273e+02
      vertex   3.475383e+02 3.281759e+02 1.836273e+02
    endloop
  endfacet
  facet normal -9.765302e-01 -1.789558e-01 1.198484e-01
    outer loop
      vertex   3.475726e+02 3.279017e+02 1.834979e+02
      vertex   3.475383e+02 3.281759e+02 1.836273e+02
      vertex   3.475182e+02 3.281987e+02 1.834979e+02
    endloop
  endfacet
  facet normal -9.877942e-01 -6.474345e-02 1.416720e-01
    outer loop
      vertex   3.475182e+02 3.281987e+02 1.834979e+02
      vertex   3.475383e+02 3.281759e+02 1.836273e+02
      vertex   3.475170e+02 3.285000e+02 1.836273e+02
    endloop
  endfacet
  facet normal -9.896668e-01 -5.986381e-02 1.302921e-01
    outer loop
      vertex   3.475182e+02 3.281987e+02 1.834979e+02
      vertex   3.475170e+02 3.285000e+02 1.836273e+02
      vertex   3.475000e+02 3.285000e+02 1.834979e+02
    endloop
  endfacet
  facet normal -6.044355e-02 -9.221903e-01 3.819837e-01
    outer loop
      vertex   3.500000e+02 3.260170e+02 1.836273e+02
      vertex   3.500000e+02 3.260670e+02 1.837479e+02
      vertex   3.496759e+02 3.260383e+02 1.836273e+02
    endloop
  endfacet
  facet normal -6.044355e-02 -9.221903e-01 3.819837e-01
    outer loop
      vertex   3.496759e+02 3.260383e+02 1.836273e+02
      vertex   3.500000e+02 3.260670e+02 1.837479e+02
      vertex   3.496824e+02 3.260878e+02 1.837479e+02
    endloop
  endfacet
  facet normal -1.802964e-01 -9.064114e-01 3.819837e-01
    outer loop
      vertex   3.496759e+02 3.260383e+02 1.836273e+02
      vertex   3.496824e+02 3.260878e+02 1.837479e+02
      vertex   3.493574e+02 3.261016e+02 1.836273e+02
    endloop
  endfacet
  facet normal -1.802964e-01 -9.064114e-01 3.819837e-01
    outer loop
      vertex   3.493574e+02 3.261016e+02 1.836273e+02
      vertex   3.496824e+02 3.260878e+02 1.837479e+02
      vertex   3.493703e+02 3.261499e+02 1.837479e+02
    endloop
  endfacet
  facet normal -2.970644e-01 -8.751235e-01 3.819837e-01
    outer loop
      vertex   3.493574e+02 3.261016e+02 1.836273e+02
      vertex   3.493703e+02 3.261499e+02 1.837479e+02
      vertex   3.490498e+02 3.262060e+02 1.836273e+02
    endloop
  endfacet
  facet normal -2.970644e-01 -8.751235e-01 3.819837e-01
    outer loop
      vertex   3.490498e+02 3.262060e+02 1.836273e+02
      vertex   3.493703e+02 3.261499e+02 1.837479e+02
      vertex   3.490689e+02 3.262522e+02 1.837479e+02
    endloop
  endfacet
  facet normal -4.087495e-01 -8.288620e-01 3.819837e-01
    outer loop
      vertex   3.490498e+02 3.262060e+02 1.836273e+02
      vertex   3.490689e+02 3.262522e+02 1.837479e+02
      vertex   3.487585e+02 3.263497e+02 1.836273e+02
    endloop
  endfacet
  facet normal -4.087495e-01 -8.288620e-01 3.819837e-01
    outer loop
      vertex   3.487585e+02 3.263497e+02 1.836273e+02
      vertex   3.490689e+02 3.262522e+02 1.837479e+02
      vertex   3.487835e+02 3.263929e+02 1.837479e+02
    endloop
  endfacet
  facet normal -5.134408e-01 -7.684185e-01 3.819837e-01
    outer loop
      vertex   3.487585e+02 3.263497e+02 1.836273e+02
      vertex   3.487835e+02 3.263929e+02 1.837479e+02
      vertex   3.484885e+02 3.265301e+02 1.836273e+02
    endloop
  endfacet
  facet normal -5.134408e-01 -7.684185e-01 3.819837e-01
    outer loop
      vertex   3.484885e+02 3.265301e+02 1.836273e+02
      vertex   3.487835e+02 3.263929e+02 1.837479e+02
      vertex   3.485189e+02 3.265698e+02 1.837479e+02
    endloop
  endfacet
  facet normal -6.093470e-01 -6.948271e-01 3.819837e-01
    outer loop
      vertex   3.484885e+02 3.265301e+02 1.836273e+02
      vertex   3.485189e+02 3.265698e+02 1.837479e+02
      vertex   3.482443e+02 3.267443e+02 1.836273e+02
    endloop
  endfacet
  facet normal -6.093470e-01 -6.948271e-01 3.819837e-01
    outer loop
      vertex   3.482443e+02 3.267443e+02 1.836273e+02
      vertex   3.485189e+02 3.265698e+02 1.837479e+02
      vertex   3.482796e+02 3.267796e+02 1.837479e+02
    endloop
  endfacet
  facet normal -6.948271e-01 -6.093470e-01 3.819837e-01
    outer loop
      vertex   3.482443e+02 3.267443e+02 1.836273e+02
      vertex   3.482796e+02 3.267796e+02 1.837479e+02
      vertex   3.480301e+02 3.269885e+02 1.836273e+02
    endloop
  endfacet
  facet normal -6.948271e-01 -6.093470e-01 3.819837e-01
    outer loop
      vertex   3.480301e+02 3.269885e+02 1.836273e+02
      vertex   3.482796e+02 3.267796e+02 1.837479e+02
      vertex   3.480698e+02 3.270189e+02 1.837479e+02
    endloop
  endfacet
  facet normal -7.684185e-01 -5.134408e-01 3.819837e-01
    outer loop
      vertex   3.480301e+02 3.269885e+02 1.836273e+02
      vertex   3.480698e+02 3.270189e+02 1.837479e+02
      vertex   3.478497e+02 3.272585e+02 1.836273e+02
    endloop
  endfacet
  facet normal -7.684185e-01 -5.134408e-01 3.819837e-01
    outer loop
      vertex   3.478497e+02 3.272585e+02 1.836273e+02
      vertex   3.480698e+02 3.270189e+02 1.837479e+02
      vertex   3.478929e+02 3.272835e+02 1.837479e+02
    endloop
  endfacet
  facet normal -8.288620e-01 -4.087495e-01 3.819837e-01
    outer loop
      vertex   3.478497e+02 3.272585e+02 1.836273e+02
      vertex   3.478929e+02 3.272835e+02 1.837479e+02
      vertex   3.477060e+02 3.275498e+02 1.836273e+02
    endloop
  endfacet
  facet normal -8.288620e-01 -4.087495e-01 3.819837e-01
    outer loop
      vertex   3.477060e+02 3.275498e+02 1.836273e+02
      vertex   3.478929e+02 3.272835e+02 1.837479e+02
      vertex   3.477522e+02 3.275689e+02 1.837479e+02
    endloop
  endfacet
  facet normal -8.751235e-01 -2.970644e-01 3.819837e-01
    outer loop
      vertex   3.477060e+02 3.275498e+02 1.836273e+02
      vertex   3.477522e+02 3.275689e+02 1.837479e+02
      vertex   3.476016e+02 3.278574e+02 1.836273e+02
    endloop
  endfacet
  facet normal -8.751235e-01 -2.970644e-01 3.819837e-01
    outer loop
      vertex   3.476016e+02 3.278574e+02 1.836273e+02
      vertex   3.477522e+02 3.275689e+02 1.837479e+02
      vertex   3.476499e+02 3.278703e+02 1.837479e+02
    endloop
  endfacet
  facet normal -9.064114e-01 -1.802964e-01 3.819837e-01
    outer loop
      vertex   3.476016e+02 3.278574e+02 1.836273e+02
      vertex   3.476499e+02 3.278703e+02 1.837479e+02
      vertex   3.475383e+02 3.281759e+02 1.836273e+02
    endloop
  endfacet
  facet normal -9.064114e-01 -1.802964e-01 3.819837e-01
    outer loop
      vertex   3.475383e+02 3.281759e+02 1.836273e+02
      vertex   3.476499e+02 3.278703e+02 1.837479e+02
      vertex   3.475878e+02 3.281824e+02 1.837479e+02
    endloop
  endfacet
  facet normal -9.221903e-01 -6.044355e-02 3.819837e-01
    outer loop
      vertex   3.475383e+02 3.281759e+02 1.836273e+02
      vertex   3.475878e+02 3.281824e+02 1.837479e+02
      vertex   3.475170e+02 3.285000e+02 1.836273e+02
    endloop
  endfacet
  facet normal -9.221903e-01 -6.044355e-02 3.819837e-01
    outer loop
      vertex   3.475170e+02 3.285000e+02 1.836273e+02
      vertex   3.475878e+02 3.281824e+02 1.837479e+02
      vertex   3.475670e+02 3.285000e+02 1.837479e+02
    endloop
  endfacet
  facet normal -7.922829e-01 -5.192897e-02 6.079401e-01
    outer loop
      vertex   3.475670e+02 3.285000e+02 1.837479e+02
      vertex   3.475878e+02 3.281824e+02 1.837479e+02
      vertex   3.476666e+02 3.281928e+02 1.838514e+02
    endloop
  endfacet
  facet normal -7.922829e-01 -5.192897e-02 6.079401e-01
    outer loop
      vertex   3.475670e+02 3.285000e+02 1.837479e+02
      vertex   3.476666e+02 3.281928e+02 1.838514e+02
      vertex   3.476464e+02 3.285000e+02 1.838514e+02
    endloop
  endfacet
  facet normal -6.082774e-01 -3.986861e-02 7.927226e-01
    outer loop
      vertex   3.476464e+02 3.285000e+02 1.838514e+02
      vertex   3.476666e+02 3.281928e+02 1.838514e+02
      vertex   3.477692e+02 3.282063e+02 1.839309e+02
    endloop
  endfacet
  facet normal -6.082774e-01 -3.986861e-02 7.927226e-01
    outer loop
      vertex   3.476464e+02 3.285000e+02 1.838514e+02
      vertex   3.477692e+02 3.282063e+02 1.839309e+02
      vertex   3.477500e+02 3.285000e+02 1.839309e+02
    endloop
  endfacet
  facet normal -3.825631e-01 -2.507451e-02 9.235891e-01
    outer loop
      vertex   3.477500e+02 3.285000e+02 1.839309e+02
      vertex   3.477692e+02 3.282063e+02 1.839309e+02
      vertex   3.478888e+02 3.282221e+02 1.839809e+02
    endloop
  endfacet
  facet normal -3.825631e-01 -2.507451e-02 9.235891e-01
    outer loop
      vertex   3.477500e+02 3.285000e+02 1.839309e+02
      vertex   3.478888e+02 3.282221e+02 1.839809e+02
      vertex   3.478706e+02 3.285000e+02 1.839809e+02
    endloop
  endfacet
  facet normal -1.305214e-01 -8.554826e-03 9.914086e-01
    outer loop
      vertex   3.478706e+02 3.285000e+02 1.839809e+02
      vertex   3.478888e+02 3.282221e+02 1.839809e+02
      vertex   3.480000e+02 3.285000e+02 1.839979e+02
    endloop
  endfacet
  facet normal -1.288938e-01 -9.218663e-03 9.916156e-01
    outer loop
      vertex   3.480000e+02 3.285000e+02 1.839979e+02
      vertex   3.478888e+02 3.282221e+02 1.839809e+02
      vertex   3.480204e+02 3.282154e+02 1.839979e+02
    endloop
  endfacet
  facet normal -1.296850e-01 -2.579595e-02 9.912196e-01
    outer loop
      vertex   3.480204e+02 3.282154e+02 1.839979e+02
      vertex   3.478888e+02 3.282221e+02 1.839809e+02
      vertex   3.479431e+02 3.279489e+02 1.839809e+02
    endloop
  endfacet
  facet normal -1.249947e-01 -2.719093e-02 9.917847e-01
    outer loop
      vertex   3.480204e+02 3.282154e+02 1.839979e+02
      vertex   3.479431e+02 3.279489e+02 1.839809e+02
      vertex   3.480810e+02 3.279365e+02 1.839979e+02
    endloop
  endfacet
  facet normal -1.263088e-01 -4.287605e-02 9.910639e-01
    outer loop
      vertex   3.480810e+02 3.279365e+02 1.839979e+02
      vertex   3.479431e+02 3.279489e+02 1.839809e+02
      vertex   3.480327e+02 3.276851e+02 1.839809e+02
    endloop
  endfacet
  facet normal -1.189184e-01 -4.435425e-02 9.919129e-01
    outer loop
      vertex   3.480810e+02 3.279365e+02 1.839979e+02
      vertex   3.480327e+02 3.276851e+02 1.839809e+02
      vertex   3.481807e+02 3.276692e+02 1.839979e+02
    endloop
  endfacet
  facet normal -1.204255e-01 -5.938726e-02 9.909444e-01
    outer loop
      vertex   3.481807e+02 3.276692e+02 1.839979e+02
      vertex   3.480327e+02 3.276851e+02 1.839809e+02
      vertex   3.481559e+02 3.274353e+02 1.839809e+02
    endloop
  endfacet
  facet normal -1.107786e-01 -6.048971e-02 9.920026e-01
    outer loop
      vertex   3.481807e+02 3.276692e+02 1.839979e+02
      vertex   3.481559e+02 3.274353e+02 1.839809e+02
      vertex   3.483175e+02 3.274187e+02 1.839979e+02
    endloop
  endfacet
  facet normal -1.121396e-01 -7.492929e-02 9.908634e-01
    outer loop
      vertex   3.483175e+02 3.274187e+02 1.839979e+02
      vertex   3.481559e+02 3.274353e+02 1.839809e+02
      vertex   3.483106e+02 3.272037e+02 1.839809e+02
    endloop
  endfacet
  facet normal -1.007077e-01 -7.538886e-02 9.920557e-01
    outer loop
      vertex   3.483175e+02 3.274187e+02 1.839979e+02
      vertex   3.483106e+02 3.272037e+02 1.839809e+02
      vertex   3.484885e+02 3.271903e+02 1.839979e+02
    endloop
  endfacet
  facet normal -1.016258e-01 -8.912340e-02 9.908225e-01
    outer loop
      vertex   3.484885e+02 3.271903e+02 1.839979e+02
      vertex   3.483106e+02 3.272037e+02 1.839809e+02
      vertex   3.484943e+02 3.269943e+02 1.839809e+02
    endloop
  endfacet
  facet normal -8.885558e-02 -8.885558e-02 9.920733e-01
    outer loop
      vertex   3.484885e+02 3.271903e+02 1.839979e+02
      vertex   3.484943e+02 3.269943e+02 1.839809e+02
      vertex   3.486903e+02 3.269885e+02 1.839979e+02
    endloop
  endfacet
  facet normal -8.912340e-02 -1.016258e-01 9.908225e-01
    outer loop
      vertex   3.486903e+02 3.269885e+02 1.839979e+02
      vertex   3.484943e+02 3.269943e+02 1.839809e+02
      vertex   3.487037e+02 3.268106e+02 1.839809e+02
    endloop
  endfacet
  facet normal -7.538886e-02 -1.007077e-01 9.920557e-01
    outer loop
      vertex   3.486903e+02 3.269885e+02 1.839979e+02
      vertex   3.487037e+02 3.268106e+02 1.839809e+02
      vertex   3.489187e+02 3.268175e+02 1.839979e+02
    endloop
  endfacet
  facet normal -7.492929e-02 -1.121396e-01 9.908634e-01
    outer loop
      vertex   3.489187e+02 3.268175e+02 1.839979e+02
      vertex   3.487037e+02 3.268106e+02 1.839809e+02
      vertex   3.489353e+02 3.266559e+02 1.839809e+02
    endloop
  endfacet
  facet normal -6.048971e-02 -1.107786e-01 9.920026e-01
    outer loop
      vertex   3.489187e+02 3.268175e+02 1.839979e+02
      vertex   3.489353e+02 3.266559e+02 1.839809e+02
      vertex   3.491692e+02 3.266807e+02 1.839979e+02
    endloop
  endfacet
  facet normal -5.938726e-02 -1.204255e-01 9.909444e-01
    outer loop
      vertex   3.491692e+02 3.266807e+02 1.839979e+02
      vertex   3.489353e+02 3.266559e+02 1.839809e+02
      vertex   3.491851e+02 3.265327e+02 1.839809e+02
    endloop
  endfacet
  facet normal -4.435425e-02 -1.189184e-01 9.919129e-01
    outer loop
      vertex   3.491692e+02 3.266807e+02 1.839979e+02
      vertex   3.491851e+02 3.265327e+02 1.839809e+02
      vertex   3.494365e+02 3.265810e+02 1.839979e+02
    endloop
  endfacet
  facet normal -4.287605e-02 -1.263088e-01 9.910639e-01
    outer loop
      vertex   3.494365e+02 3.265810e+02 1.839979e+02
      vertex   3.491851e+02 3.265327e+02 1.839809e+02
      vertex   3.494489e+02 3.264431e+02 1.839809e+02
    endloop
  endfacet
  facet normal -2.719093e-02 -1.249947e-01 9.917847e-01
    outer loop
      vertex   3.494365e+02 3.265810e+02 1.839979e+02
      vertex   3.494489e+02 3.264431e+02 1.839809e+02
      vertex   3.497154e+02 3.265204e+02 1.839979e+02
    endloop
  endfacet
  facet normal -2.579595e-02 -1.296850e-01 9.912196e-01
    outer loop
      vertex   3.497154e+02 3.265204e+02 1.839979e+02
      vertex   3.494489e+02 3.264431e+02 1.839809e+02
      vertex   3.497221e+02 3.263888e+02 1.839809e+02
    endloop
  endfacet
  facet normal -9.218663e-03 -1.288938e-01 9.916156e-01
    outer loop
      vertex   3.497154e+02 3.265204e+02 1.839979e+02
      vertex   3.497221e+02 3.263888e+02 1.839809e+02
      vertex   3.500000e+02 3.265000e+02 1.839979e+02
    endloop
  endfacet
  facet normal -8.554826e-03 -1.305214e-01 9.914086e-01
    outer loop
      vertex   3.500000e+02 3.265000e+02 1.839979e+02
      vertex   3.497221e+02 3.263888e+02 1.839809e+02
      vertex   3.500000e+02 3.263706e+02 1.839809e+02
    endloop
  endfacet
  facet normal -2.507451e-02 -3.825631e-01 9.235891e-01
    outer loop
      vertex   3.500000e+02 3.263706e+02 1.839809e+02
      vertex   3.497221e+02 3.263888e+02 1.839809e+02
      vertex   3.497063e+02 3.262692e+02 1.839309e+02
    endloop
  endfacet
  facet normal -2.507451e-02 -3.825631e-01 9.235891e-01
    outer loop
      vertex   3.500000e+02 3.263706e+02 1.839809e+02
      vertex   3.497063e+02 3.262692e+02 1.839309e+02
      vertex   3.500000e+02 3.262500e+02 1.839309e+02
    endloop
  endfacet
  facet normal -3.986861e-02 -6.082774e-01 7.927226e-01
    outer loop
      vertex   3.500000e+02 3.262500e+02 1.839309e+02
      vertex   3.497063e+02 3.262692e+02 1.839309e+02
      vertex   3.496928e+02 3.261666e+02 1.838514e+02
    endloop
  endfacet
  facet normal -3.986861e-02 -6.082774e-01 7.927226e-01
    outer loop
      vertex   3.500000e+02 3.262500e+02 1.839309e+02
      vertex   3.496928e+02 3.261666e+02 1.838514e+02
      vertex   3.500000e+02 3.261464e+02 1.838514e+02
    endloop
  endfacet
  facet normal -5.192897e-02 -7.922829e-01 6.079401e-01
    outer loop
      vertex   3.500000e+02 3.261464e+02 1.838514e+02
      vertex   3.496928e+02 3.261666e+02 1.838514e+02
      vertex   3.496824e+02 3.260878e+02 1.837479e+02
    endloop
  endfacet
  facet normal -5.192897e-02 -7.922829e-01 6.079401e-01
    outer loop
      vertex   3.500000e+02 3.261464e+02 1.838514e+02
      vertex   3.496824e+02 3.260878e+02 1.837479e+02
      vertex   3.500000e+02 3.260670e+02 1.837479e+02
    endloop
  endfacet
  facet normal -7.479450e-02 -3.760174e-01 9.235891e-01
    outer loop
      vertex   3.497063e+02 3.262692e+02 1.839309e+02
      vertex   3.497221e+02 3.263888e+02 1.839809e+02
      vertex   3.494177e+02 3.263267e+02 1.839309e+02
    endloop
  endfacet
  facet normal -7.479450e-02 -3.760174e-01 9.235891e-01
    outer loop
      vertex   3.494177e+02 3.263267e+02 1.839309e+02
      vertex   3.497221e+02 3.263888e+02 1.839809e+02
      vertex   3.494489e+02 3.264431e+02 1.839809e+02
    endloop
  endfacet
  facet normal -1.232347e-01 -3.630378e-01 9.235891e-01
    outer loop
      vertex   3.494177e+02 3.263267e+02 1.839309e+02
      vertex   3.494489e+02 3.264431e+02 1.839809e+02
      vertex   3.491390e+02 3.264213e+02 1.839309e+02
    endloop
  endfacet
  facet normal -1.232347e-01 -3.630378e-01 9.235891e-01
    outer loop
      vertex   3.491390e+02 3.264213e+02 1.839309e+02
      vertex   3.494489e+02 3.264431e+02 1.839809e+02
      vertex   3.491851e+02 3.265327e+02 1.839809e+02
    endloop
  endfacet
  facet normal -1.695664e-01 -3.438466e-01 9.235891e-01
    outer loop
      vertex   3.491390e+02 3.264213e+02 1.839309e+02
      vertex   3.491851e+02 3.265327e+02 1.839809e+02
      vertex   3.488750e+02 3.265514e+02 1.839309e+02
    endloop
  endfacet
  facet normal -1.695664e-01 -3.438466e-01 9.235891e-01
    outer loop
      vertex   3.488750e+02 3.265514e+02 1.839309e+02
      vertex   3.491851e+02 3.265327e+02 1.839809e+02
      vertex   3.489353e+02 3.266559e+02 1.839809e+02
    endloop
  endfacet
  facet normal -2.129967e-01 -3.187721e-01 9.235891e-01
    outer loop
      vertex   3.488750e+02 3.265514e+02 1.839309e+02
      vertex   3.489353e+02 3.266559e+02 1.839809e+02
      vertex   3.486303e+02 3.267150e+02 1.839309e+02
    endloop
  endfacet
  facet normal -2.129967e-01 -3.187721e-01 9.235891e-01
    outer loop
      vertex   3.486303e+02 3.267150e+02 1.839309e+02
      vertex   3.489353e+02 3.266559e+02 1.839809e+02
      vertex   3.487037e+02 3.268106e+02 1.839809e+02
    endloop
  endfacet
  facet normal -2.527826e-01 -2.882433e-01 9.235891e-01
    outer loop
      vertex   3.486303e+02 3.267150e+02 1.839309e+02
      vertex   3.487037e+02 3.268106e+02 1.839809e+02
      vertex   3.484090e+02 3.269090e+02 1.839309e+02
    endloop
  endfacet
  facet normal -2.527826e-01 -2.882433e-01 9.235891e-01
    outer loop
      vertex   3.484090e+02 3.269090e+02 1.839309e+02
      vertex   3.487037e+02 3.268106e+02 1.839809e+02
      vertex   3.484943e+02 3.269943e+02 1.839809e+02
    endloop
  endfacet
  facet normal -2.882433e-01 -2.527826e-01 9.235891e-01
    outer loop
      vertex   3.484090e+02 3.269090e+02 1.839309e+02
      vertex   3.484943e+02 3.269943e+02 1.839809e+02
      vertex   3.482150e+02 3.271303e+02 1.839309e+02
    endloop
  endfacet
  facet normal -2.882433e-01 -2.527826e-01 9.235891e-01
    outer loop
      vertex   3.482150e+02 3.271303e+02 1.839309e+02
      vertex   3.484943e+02 3.269943e+02 1.839809e+02
      vertex   3.483106e+02 3.272037e+02 1.839809e+02
    endloop
  endfacet
  facet normal -3.187721e-01 -2.129967e-01 9.235891e-01
    outer loop
      vertex   3.482150e+02 3.271303e+02 1.839309e+02
      vertex   3.483106e+02 3.272037e+02 1.839809e+02
      vertex   3.480514e+02 3.273750e+02 1.839309e+02
    endloop
  endfacet
  facet normal -3.187721e-01 -2.129967e-01 9.235891e-01
    outer loop
      vertex   3.480514e+02 3.273750e+02 1.839309e+02
      vertex   3.483106e+02 3.272037e+02 1.839809e+02
      vertex   3.481559e+02 3.274353e+02 1.839809e+02
    endloop
  endfacet
  facet normal -3.438466e-01 -1.695664e-01 9.235891e-01
    outer loop
      vertex   3.480514e+02 3.273750e+02 1.839309e+02
      vertex   3.481559e+02 3.274353e+02 1.839809e+02
      vertex   3.479213e+02 3.276390e+02 1.839309e+02
    endloop
  endfacet
  facet normal -3.438466e-01 -1.695664e-01 9.235891e-01
    outer loop
      vertex   3.479213e+02 3.276390e+02 1.839309e+02
      vertex   3.481559e+02 3.274353e+02 1.839809e+02
      vertex   3.480327e+02 3.276851e+02 1.839809e+02
    endloop
  endfacet
  facet normal -3.630378e-01 -1.232347e-01 9.235891e-01
    outer loop
      vertex   3.479213e+02 3.276390e+02 1.839309e+02
      vertex   3.480327e+02 3.276851e+02 1.839809e+02
      vertex   3.478267e+02 3.279177e+02 1.839309e+02
    endloop
  endfacet
  facet normal -3.630378e-01 -1.232347e-01 9.235891e-01
    outer loop
      vertex   3.478267e+02 3.279177e+02 1.839309e+02
      vertex   3.480327e+02 3.276851e+02 1.839809e+02
      vertex   3.479431e+02 3.279489e+02 1.839809e+02
    endloop
  endfacet
  facet normal -3.760174e-01 -7.479450e-02 9.235891e-01
    outer loop
      vertex   3.478267e+02 3.279177e+02 1.839309e+02
      vertex   3.479431e+02 3.279489e+02 1.839809e+02
      vertex   3.477692e+02 3.282063e+02 1.839309e+02
    endloop
  endfacet
  facet normal -3.760174e-01 -7.479450e-02 9.235891e-01
    outer loop
      vertex   3.477692e+02 3.282063e+02 1.839309e+02
      vertex   3.479431e+02 3.279489e+02 1.839809e+02
      vertex   3.478888e+02 3.282221e+02 1.839809e+02
    endloop
  endfacet
  facet normal -1.548984e-01 -7.787268e-01 6.079401e-01
    outer loop
      vertex   3.493703e+02 3.261499e+02 1.837479e+02
      vertex   3.496824e+02 3.260878e+02 1.837479e+02
      vertex   3.496928e+02 3.261666e+02 1.838514e+02
    endloop
  endfacet
  facet normal -1.189237e-01 -5.978696e-01 7.927226e-01
    outer loop
      vertex   3.496928e+02 3.261666e+02 1.838514e+02
      vertex   3.497063e+02 3.262692e+02 1.839309e+02
      vertex   3.493909e+02 3.262266e+02 1.838514e+02
    endloop
  endfacet
  facet normal -1.189237e-01 -5.978696e-01 7.927226e-01
    outer loop
      vertex   3.493909e+02 3.262266e+02 1.838514e+02
      vertex   3.497063e+02 3.262692e+02 1.839309e+02
      vertex   3.494177e+02 3.263267e+02 1.839309e+02
    endloop
  endfacet
  facet normal -1.959439e-01 -5.772321e-01 7.927226e-01
    outer loop
      vertex   3.493909e+02 3.262266e+02 1.838514e+02
      vertex   3.494177e+02 3.263267e+02 1.839309e+02
      vertex   3.490993e+02 3.263256e+02 1.838514e+02
    endloop
  endfacet
  facet normal -1.959439e-01 -5.772321e-01 7.927226e-01
    outer loop
      vertex   3.490993e+02 3.263256e+02 1.838514e+02
      vertex   3.494177e+02 3.263267e+02 1.839309e+02
      vertex   3.491390e+02 3.264213e+02 1.839309e+02
    endloop
  endfacet
  facet normal -2.696115e-01 -5.467180e-01 7.927226e-01
    outer loop
      vertex   3.490993e+02 3.263256e+02 1.838514e+02
      vertex   3.491390e+02 3.264213e+02 1.839309e+02
      vertex   3.488232e+02 3.264618e+02 1.838514e+02
    endloop
  endfacet
  facet normal -2.696115e-01 -5.467180e-01 7.927226e-01
    outer loop
      vertex   3.488232e+02 3.264618e+02 1.838514e+02
      vertex   3.491390e+02 3.264213e+02 1.839309e+02
      vertex   3.488750e+02 3.265514e+02 1.839309e+02
    endloop
  endfacet
  facet normal -3.386659e-01 -5.068494e-01 7.927226e-01
    outer loop
      vertex   3.488232e+02 3.264618e+02 1.838514e+02
      vertex   3.488750e+02 3.265514e+02 1.839309e+02
      vertex   3.485672e+02 3.266328e+02 1.838514e+02
    endloop
  endfacet
  facet normal -3.386659e-01 -5.068494e-01 7.927226e-01
    outer loop
      vertex   3.485672e+02 3.266328e+02 1.838514e+02
      vertex   3.488750e+02 3.265514e+02 1.839309e+02
      vertex   3.486303e+02 3.267150e+02 1.839309e+02
    endloop
  endfacet
  facet normal -4.019257e-01 -4.583085e-01 7.927226e-01
    outer loop
      vertex   3.485672e+02 3.266328e+02 1.838514e+02
      vertex   3.486303e+02 3.267150e+02 1.839309e+02
      vertex   3.483358e+02 3.268358e+02 1.838514e+02
    endloop
  endfacet
  facet normal -4.019257e-01 -4.583085e-01 7.927226e-01
    outer loop
      vertex   3.483358e+02 3.268358e+02 1.838514e+02
      vertex   3.486303e+02 3.267150e+02 1.839309e+02
      vertex   3.484090e+02 3.269090e+02 1.839309e+02
    endloop
  endfacet
  facet normal -4.583085e-01 -4.019257e-01 7.927226e-01
    outer loop
      vertex   3.483358e+02 3.268358e+02 1.838514e+02
      vertex   3.484090e+02 3.269090e+02 1.839309e+02
      vertex   3.481328e+02 3.270672e+02 1.838514e+02
    endloop
  endfacet
  facet normal -4.583085e-01 -4.019257e-01 7.927226e-01
    outer loop
      vertex   3.481328e+02 3.270672e+02 1.838514e+02
      vertex   3.484090e+02 3.269090e+02 1.839309e+02
      vertex   3.482150e+02 3.271303e+02 1.839309e+02
    endloop
  endfacet
  facet normal -5.068494e-01 -3.386659e-01 7.927226e-01
    outer loop
      vertex   3.481328e+02 3.270672e+02 1.838514e+02
      vertex   3.482150e+02 3.271303e+02 1.839309e+02
      vertex   3.479618e+02 3.273232e+02 1.838514e+02
    endloop
  endfacet
  facet normal -5.068494e-01 -3.386659e-01 7.927226e-01
    outer loop
      vertex   3.479618e+02 3.273232e+02 1.838514e+02
      vertex   3.482150e+02 3.271303e+02 1.839309e+02
      vertex   3.480514e+02 3.273750e+02 1.839309e+02
    endloop
  endfacet
  facet normal -5.467180e-01 -2.696115e-01 7.927226e-01
    outer loop
      vertex   3.479618e+02 3.273232e+02 1.838514e+02
      vertex   3.480514e+02 3.273750e+02 1.839309e+02
      vertex   3.478256e+02 3.275993e+02 1.838514e+02
    endloop
  endfacet
  facet normal -5.467180e-01 -2.696115e-01 7.927226e-01
    outer loop
      vertex   3.478256e+02 3.275993e+02 1.838514e+02
      vertex   3.480514e+02 3.273750e+02 1.839309e+02
      vertex   3.479213e+02 3.276390e+02 1.839309e+02
    endloop
  endfacet
  facet normal -5.772321e-01 -1.959439e-01 7.927226e-01
    outer loop
      vertex   3.478256e+02 3.275993e+02 1.838514e+02
      vertex   3.479213e+02 3.276390e+02 1.839309e+02
      vertex   3.477266e+02 3.278909e+02 1.838514e+02
    endloop
  endfacet
  facet normal -5.772321e-01 -1.959439e-01 7.927226e-01
    outer loop
      vertex   3.477266e+02 3.278909e+02 1.838514e+02
      vertex   3.479213e+02 3.276390e+02 1.839309e+02
      vertex   3.478267e+02 3.279177e+02 1.839309e+02
    endloop
  endfacet
  facet normal -5.978696e-01 -1.189237e-01 7.927226e-01
    outer loop
      vertex   3.477266e+02 3.278909e+02 1.838514e+02
      vertex   3.478267e+02 3.279177e+02 1.839309e+02
      vertex   3.476666e+02 3.281928e+02 1.838514e+02
    endloop
  endfacet
  facet normal -5.978696e-01 -1.189237e-01 7.927226e-01
    outer loop
      vertex   3.476666e+02 3.281928e+02 1.838514e+02
      vertex   3.478267e+02 3.279177e+02 1.839309e+02
      vertex   3.477692e+02 3.282063e+02 1.839309e+02
    endloop
  endfacet
  facet normal -2.552174e-01 -7.518463e-01 6.079401e-01
    outer loop
      vertex   3.490689e+02 3.262522e+02 1.837479e+02
      vertex   3.493703e+02 3.261499e+02 1.837479e+02
      vertex   3.493909e+02 3.262266e+02 1.838514e+02
    endloop
  endfacet
  facet normal -1.548984e-01 -7.787268e-01 6.079401e-01
    outer loop
      vertex   3.493909e+02 3.262266e+02 1.838514e+02
      vertex   3.493703e+02 3.261499e+02 1.837479e+02
      vertex   3.496928e+02 3.261666e+02 1.838514e+02
    endloop
  endfacet
  facet normal -2.552174e-01 -7.518463e-01 6.079401e-01
    outer loop
      vertex   3.490689e+02 3.262522e+02 1.837479e+02
      vertex   3.493909e+02 3.262266e+02 1.838514e+02
      vertex   3.490993e+02 3.263256e+02 1.838514e+02
    endloop
  endfacet
  facet normal -3.511697e-01 -7.121016e-01 6.079401e-01
    outer loop
      vertex   3.487835e+02 3.263929e+02 1.837479e+02
      vertex   3.490689e+02 3.262522e+02 1.837479e+02
      vertex   3.490993e+02 3.263256e+02 1.838514e+02
    endloop
  endfacet
  facet normal -3.511697e-01 -7.121016e-01 6.079401e-01
    outer loop
      vertex   3.487835e+02 3.263929e+02 1.837479e+02
      vertex   3.490993e+02 3.263256e+02 1.838514e+02
      vertex   3.488232e+02 3.264618e+02 1.838514e+02
    endloop
  endfacet
  facet normal -4.411133e-01 -6.601727e-01 6.079401e-01
    outer loop
      vertex   3.485189e+02 3.265698e+02 1.837479e+02
      vertex   3.487835e+02 3.263929e+02 1.837479e+02
      vertex   3.488232e+02 3.264618e+02 1.838514e+02
    endloop
  endfacet
  facet normal -4.411133e-01 -6.601727e-01 6.079401e-01
    outer loop
      vertex   3.485189e+02 3.265698e+02 1.837479e+02
      vertex   3.488232e+02 3.264618e+02 1.838514e+02
      vertex   3.485672e+02 3.266328e+02 1.838514e+02
    endloop
  endfacet
  facet normal -5.235093e-01 -5.969480e-01 6.079401e-01
    outer loop
      vertex   3.482796e+02 3.267796e+02 1.837479e+02
      vertex   3.485189e+02 3.265698e+02 1.837479e+02
      vertex   3.485672e+02 3.266328e+02 1.838514e+02
    endloop
  endfacet
  facet normal -5.235093e-01 -5.969480e-01 6.079401e-01
    outer loop
      vertex   3.482796e+02 3.267796e+02 1.837479e+02
      vertex   3.485672e+02 3.266328e+02 1.838514e+02
      vertex   3.483358e+02 3.268358e+02 1.838514e+02
    endloop
  endfacet
  facet normal -5.969480e-01 -5.235093e-01 6.079401e-01
    outer loop
      vertex   3.480698e+02 3.270189e+02 1.837479e+02
      vertex   3.482796e+02 3.267796e+02 1.837479e+02
      vertex   3.483358e+02 3.268358e+02 1.838514e+02
    endloop
  endfacet
  facet normal -5.969480e-01 -5.235093e-01 6.079401e-01
    outer loop
      vertex   3.480698e+02 3.270189e+02 1.837479e+02
      vertex   3.483358e+02 3.268358e+02 1.838514e+02
      vertex   3.481328e+02 3.270672e+02 1.838514e+02
    endloop
  endfacet
  facet normal -6.601727e-01 -4.411133e-01 6.079401e-01
    outer loop
      vertex   3.478929e+02 3.272835e+02 1.837479e+02
      vertex   3.480698e+02 3.270189e+02 1.837479e+02
      vertex   3.481328e+02 3.270672e+02 1.838514e+02
    endloop
  endfacet
  facet normal -6.601727e-01 -4.411133e-01 6.079401e-01
    outer loop
      vertex   3.478929e+02 3.272835e+02 1.837479e+02
      vertex   3.481328e+02 3.270672e+02 1.838514e+02
      vertex   3.479618e+02 3.273232e+02 1.838514e+02
    endloop
  endfacet
  facet normal -7.121016e-01 -3.511697e-01 6.079401e-01
    outer loop
      vertex   3.477522e+02 3.275689e+02 1.837479e+02
      vertex   3.478929e+02 3.272835e+02 1.837479e+02
      vertex   3.479618e+02 3.273232e+02 1.838514e+02
    endloop
  endfacet
  facet normal -7.121016e-01 -3.511697e-01 6.079401e-01
    outer loop
      vertex   3.477522e+02 3.275689e+02 1.837479e+02
      vertex   3.479618e+02 3.273232e+02 1.838514e+02
      vertex   3.478256e+02 3.275993e+02 1.838514e+02
    endloop
  endfacet
  facet normal -7.518463e-01 -2.552174e-01 6.079401e-01
    outer loop
      vertex   3.476499e+02 3.278703e+02 1.837479e+02
      vertex   3.477522e+02 3.275689e+02 1.837479e+02
      vertex   3.478256e+02 3.275993e+02 1.838514e+02
    endloop
  endfacet
  facet normal -7.518463e-01 -2.552174e-01 6.079401e-01
    outer loop
      vertex   3.476499e+02 3.278703e+02 1.837479e+02
      vertex   3.478256e+02 3.275993e+02 1.838514e+02
      vertex   3.477266e+02 3.278909e+02 1.838514e+02
    endloop
  endfacet
  facet normal -7.787268e-01 -1.548984e-01 6.079401e-01
    outer loop
      vertex   3.475878e+02 3.281824e+02 1.837479e+02
      vertex   3.476499e+02 3.278703e+02 1.837479e+02
      vertex   3.477266e+02 3.278909e+02 1.838514e+02
    endloop
  endfacet
  facet normal -7.787268e-01 -1.548984e-01 6.079401e-01
    outer loop
      vertex   3.475878e+02 3.281824e+02 1.837479e+02
      vertex   3.477266e+02 3.278909e+02 1.838514e+02
      vertex   3.476666e+02 3.281928e+02 1.838514e+02
    endloop
  endfacet
  facet normal 0.000000e+00 -4.906767e-02 9.987955e-01
    outer loop
      vertex   3.695000e+02 3.265000e+02 1.839979e+02
      vertex   3.500000e+02 3.265000e+02 1.839979e+02
      vertex   3.694976e+02 3.264510e+02 1.839955e+02
    endloop
  endfacet
  facet normal -2.616280e-04 -1.526374e-01 9.882822e-01
    outer loop
      vertex   3.694976e+02 3.264510e+02 1.839955e+02
      vertex   3.500000e+02 3.265000e+02 1.839979e+02
      vertex   3.611429e+02 3.263706e+02 1.839809e+02
    endloop
  endfacet
  facet normal 0.000000e+00 -1.790169e-01 9.838460e-01
    outer loop
      vertex   3.694976e+02 3.264510e+02 1.839955e+02
      vertex   3.611429e+02 3.263706e+02 1.839809e+02
      vertex   3.639286e+02 3.263706e+02 1.839809e+02
    endloop
  endfacet
  facet normal 0.000000e+00 -3.826834e-01 9.238795e-01
    outer loop
      vertex   3.639286e+02 3.263706e+02 1.839809e+02
      vertex   3.611429e+02 3.263706e+02 1.839809e+02
      vertex   3.639286e+02 3.262500e+02 1.839309e+02
    endloop
  endfacet
  facet normal 0.000000e+00 -3.826834e-01 9.238795e-01
    outer loop
      vertex   3.639286e+02 3.263706e+02 1.839809e+02
      vertex   3.639286e+02 3.262500e+02 1.839309e+02
      vertex   3.667143e+02 3.262500e+02 1.839309e+02
    endloop
  endfacet
  facet normal 0.000000e+00 -6.087614e-01 7.933533e-01
    outer loop
      vertex   3.667143e+02 3.262500e+02 1.839309e+02
      vertex   3.639286e+02 3.262500e+02 1.839309e+02
      vertex   3.667143e+02 3.261464e+02 1.838514e+02
    endloop
  endfacet
  facet normal -1.187151e-03 -6.087610e-01 7.933528e-01
    outer loop
      vertex   3.667143e+02 3.262500e+02 1.839309e+02
      vertex   3.667143e+02 3.261464e+02 1.838514e+02
      vertex   3.694157e+02 3.262222e+02 1.839136e+02
    endloop
  endfacet
  facet normal 0.000000e+00 -6.343933e-01 7.730105e-01
    outer loop
      vertex   3.694157e+02 3.262222e+02 1.839136e+02
      vertex   3.667143e+02 3.261464e+02 1.838514e+02
      vertex   3.693536e+02 3.261464e+02 1.838514e+02
    endloop
  endfacet
  facet normal 0.000000e+00 -7.730105e-01 6.343933e-01
    outer loop
      vertex   3.693536e+02 3.261464e+02 1.838514e+02
      vertex   3.667143e+02 3.261464e+02 1.838514e+02
      vertex   3.692778e+02 3.260843e+02 1.837757e+02
    endloop
  endfacet
  facet normal -1.251035e-03 -7.933527e-01 6.087610e-01
    outer loop
      vertex   3.692778e+02 3.260843e+02 1.837757e+02
      vertex   3.667143e+02 3.261464e+02 1.838514e+02
      vertex   3.667143e+02 3.260670e+02 1.837479e+02
    endloop
  endfacet
  facet normal 8.442515e-04 -8.822717e-01 4.707398e-01
    outer loop
      vertex   3.692778e+02 3.260843e+02 1.837757e+02
      vertex   3.667143e+02 3.260670e+02 1.837479e+02
      vertex   3.691913e+02 3.260381e+02 1.836892e+02
    endloop
  endfacet
  facet normal -1.726874e-03 -9.238782e-01 3.826829e-01
    outer loop
      vertex   3.691913e+02 3.260381e+02 1.836892e+02
      vertex   3.667143e+02 3.260670e+02 1.837479e+02
      vertex   3.667143e+02 3.260170e+02 1.836273e+02
    endloop
  endfacet
  facet normal 8.862814e-04 -9.571858e-01 2.894729e-01
    outer loop
      vertex   3.691913e+02 3.260381e+02 1.836892e+02
      vertex   3.667143e+02 3.260170e+02 1.836273e+02
      vertex   3.690975e+02 3.260096e+02 1.835954e+02
    endloop
  endfacet
  facet normal -1.768002e-03 -9.950092e-01 9.976785e-02
    outer loop
      vertex   3.690975e+02 3.260096e+02 1.835954e+02
      vertex   3.667143e+02 3.260170e+02 1.836273e+02
      vertex   3.690000e+02 3.260000e+02 1.834979e+02
    endloop
  endfacet
  facet normal 2.663329e-15 -9.914449e-01 1.305262e-01
    outer loop
      vertex   3.690000e+02 3.260000e+02 1.834979e+02
      vertex   3.667143e+02 3.260170e+02 1.836273e+02
      vertex   3.639286e+02 3.260170e+02 1.836273e+02
    endloop
  endfacet
  facet normal 0.000000e+00 -9.914449e-01 1.305262e-01
    outer loop
      vertex   3.690000e+02 3.260000e+02 1.834979e+02
      vertex   3.639286e+02 3.260170e+02 1.836273e+02
      vertex   3.611429e+02 3.260170e+02 1.836273e+02
    endloop
  endfacet
  facet normal 0.000000e+00 -9.238795e-01 3.826834e-01
    outer loop
      vertex   3.611429e+02 3.260170e+02 1.836273e+02
      vertex   3.639286e+02 3.260170e+02 1.836273e+02
      vertex   3.611429e+02 3.260670e+02 1.837479e+02
    endloop
  endfacet
  facet normal 0.000000e+00 -9.238795e-01 3.826834e-01
    outer loop
      vertex   3.611429e+02 3.260170e+02 1.836273e+02
      vertex   3.611429e+02 3.260670e+02 1.837479e+02
      vertex   3.583571e+02 3.260670e+02 1.837479e+02
    endloop
  endfacet
  facet normal 0.000000e+00 -7.933533e-01 6.087614e-01
    outer loop
      vertex   3.583571e+02 3.260670e+02 1.837479e+02
      vertex   3.611429e+02 3.260670e+02 1.837479e+02
      vertex   3.583571e+02 3.261464e+02 1.838514e+02
    endloop
  endfacet
  facet normal 0.000000e+00 -7.933533e-01 6.087614e-01
    outer loop
      vertex   3.583571e+02 3.260670e+02 1.837479e+02
      vertex   3.583571e+02 3.261464e+02 1.838514e+02
      vertex   3.555714e+02 3.261464e+02 1.838514e+02
    endloop
  endfacet
  facet normal 0.000000e+00 -6.087614e-01 7.933533e-01
    outer loop
      vertex   3.555714e+02 3.261464e+02 1.838514e+02
      vertex   3.583571e+02 3.261464e+02 1.838514e+02
      vertex   3.555714e+02 3.262500e+02 1.839309e+02
    endloop
  endfacet
  facet normal 0.000000e+00 -6.087614e-01 7.933533e-01
    outer loop
      vertex   3.555714e+02 3.261464e+02 1.838514e+02
      vertex   3.555714e+02 3.262500e+02 1.839309e+02
      vertex   3.527857e+02 3.262500e+02 1.839309e+02
    endloop
  endfacet
  facet normal 0.000000e+00 -3.826834e-01 9.238795e-01
    outer loop
      vertex   3.527857e+02 3.262500e+02 1.839309e+02
      vertex   3.555714e+02 3.262500e+02 1.839309e+02
      vertex   3.527857e+02 3.263706e+02 1.839809e+02
    endloop
  endfacet
  facet normal 0.000000e+00 -3.826834e-01 9.238795e-01
    outer loop
      vertex   3.527857e+02 3.262500e+02 1.839309e+02
      vertex   3.527857e+02 3.263706e+02 1.839809e+02
      vertex   3.500000e+02 3.263706e+02 1.839809e+02
    endloop
  endfacet
  facet normal 0.000000e+00 -1.305262e-01 9.914449e-01
    outer loop
      vertex   3.500000e+02 3.263706e+02 1.839809e+02
      vertex   3.527857e+02 3.263706e+02 1.839809e+02
      vertex   3.500000e+02 3.265000e+02 1.839979e+02
    endloop
  endfacet
  facet normal 0.000000e+00 -1.305262e-01 9.914449e-01
    outer loop
      vertex   3.500000e+02 3.265000e+02 1.839979e+02
      vertex   3.527857e+02 3.263706e+02 1.839809e+02
      vertex   3.555714e+02 3.263706e+02 1.839809e+02
    endloop
  endfacet
  facet normal 0.000000e+00 -1.305262e-01 9.914449e-01
    outer loop
      vertex   3.500000e+02 3.265000e+02 1.839979e+02
      vertex   3.555714e+02 3.263706e+02 1.839809e+02
      vertex   3.583571e+02 3.263706e+02 1.839809e+02
    endloop
  endfacet
  facet normal 0.000000e+00 -3.826834e-01 9.238795e-01
    outer loop
      vertex   3.583571e+02 3.263706e+02 1.839809e+02
      vertex   3.555714e+02 3.263706e+02 1.839809e+02
      vertex   3.583571e+02 3.262500e+02 1.839309e+02
    endloop
  endfacet
  facet normal 0.000000e+00 -3.826834e-01 9.238795e-01
    outer loop
      vertex   3.583571e+02 3.263706e+02 1.839809e+02
      vertex   3.583571e+02 3.262500e+02 1.839309e+02
      vertex   3.611429e+02 3.262500e+02 1.839309e+02
    endloop
  endfacet
  facet normal 0.000000e+00 -6.087614e-01 7.933533e-01
    outer loop
      vertex   3.611429e+02 3.262500e+02 1.839309e+02
      vertex   3.583571e+02 3.262500e+02 1.839309e+02
      vertex   3.611429e+02 3.261464e+02 1.838514e+02
    endloop
  endfacet
  facet normal 0.000000e+00 -6.087614e-01 7.933533e-01
    outer loop
      vertex   3.611429e+02 3.262500e+02 1.839309e+02
      vertex   3.611429e+02 3.261464e+02 1.838514e+02
      vertex   3.639286e+02 3.261464e+02 1.838514e+02
    endloop
  endfacet
  facet normal 0.000000e+00 -7.933533e-01 6.087614e-01
    outer loop
      vertex   3.639286e+02 3.261464e+02 1.838514e+02
      vertex   3.611429e+02 3.261464e+02 1.838514e+02
      vertex   3.639286e+02 3.260670e+02 1.837479e+02
    endloop
  endfacet
  facet normal 0.000000e+00 -7.933533e-01 6.087614e-01
    outer loop
      vertex   3.639286e+02 3.261464e+02 1.838514e+02
      vertex   3.639286e+02 3.260670e+02 1.837479e+02
      vertex   3.667143e+02 3.260670e+02 1.837479e+02
    endloop
  endfacet
  facet normal 0.000000e+00 -9.238795e-01 3.826834e-01
    outer loop
      vertex   3.667143e+02 3.260670e+02 1.837479e+02
      vertex   3.639286e+02 3.260670e+02 1.837479e+02
      vertex   3.667143e+02 3.260170e+02 1.836273e+02
    endloop
  endfacet
  facet normal 0.000000e+00 -3.826834e-01 9.238795e-01
    outer loop
      vertex   3.500000e+02 3.263706e+02 1.839809e+02
      vertex   3.500000e+02 3.262500e+02 1.839309e+02
      vertex   3.527857e+02 3.262500e+02 1.839309e+02
    endloop
  endfacet
  facet normal 0.000000e+00 -6.087614e-01 7.933533e-01
    outer loop
      vertex   3.527857e+02 3.262500e+02 1.839309e+02
      vertex   3.500000e+02 3.262500e+02 1.839309e+02
      vertex   3.527857e+02 3.261464e+02 1.838514e+02
    endloop
  endfacet
  facet normal 0.000000e+00 -6.087614e-01 7.933533e-01
    outer loop
      vertex   3.527857e+02 3.262500e+02 1.839309e+02
      vertex   3.527857e+02 3.261464e+02 1.838514e+02
      vertex   3.555714e+02 3.261464e+02 1.838514e+02
    endloop
  endfacet
  facet normal 0.000000e+00 -7.933533e-01 6.087614e-01
    outer loop
      vertex   3.555714e+02 3.261464e+02 1.838514e+02
      vertex   3.527857e+02 3.261464e+02 1.838514e+02
      vertex   3.555714e+02 3.260670e+02 1.837479e+02
    endloop
  endfacet
  facet normal 0.000000e+00 -7.933533e-01 6.087614e-01
    outer loop
      vertex   3.555714e+02 3.261464e+02 1.838514e+02
      vertex   3.555714e+02 3.260670e+02 1.837479e+02
      vertex   3.583571e+02 3.260670e+02 1.837479e+02
    endloop
  endfacet
  facet normal 0.000000e+00 -9.238795e-01 3.826834e-01
    outer loop
      vertex   3.583571e+02 3.260670e+02 1.837479e+02
      vertex   3.555714e+02 3.260670e+02 1.837479e+02
      vertex   3.583571e+02 3.260170e+02 1.836273e+02
    endloop
  endfacet
  facet normal 0.000000e+00 -9.238795e-01 3.826834e-01
    outer loop
      vertex   3.583571e+02 3.260670e+02 1.837479e+02
      vertex   3.583571e+02 3.260170e+02 1.836273e+02
      vertex   3.611429e+02 3.260170e+02 1.836273e+02
    endloop
  endfacet
  facet normal 0.000000e+00 -9.914449e-01 1.305262e-01
    outer loop
      vertex   3.611429e+02 3.260170e+02 1.836273e+02
      vertex   3.583571e+02 3.260170e+02 1.836273e+02
      vertex   3.690000e+02 3.260000e+02 1.834979e+02
    endloop
  endfacet
  facet normal 0.000000e+00 -6.087614e-01 7.933533e-01
    outer loop
      vertex   3.500000e+02 3.262500e+02 1.839309e+02
      vertex   3.500000e+02 3.261464e+02 1.838514e+02
      vertex   3.527857e+02 3.261464e+02 1.838514e+02
    endloop
  endfacet
  facet normal 0.000000e+00 -7.933533e-01 6.087614e-01
    outer loop
      vertex   3.527857e+02 3.261464e+02 1.838514e+02
      vertex   3.500000e+02 3.261464e+02 1.838514e+02
      vertex   3.527857e+02 3.260670e+02 1.837479e+02
    endloop
  endfacet
  facet normal 0.000000e+00 -7.933533e-01 6.087614e-01
    outer loop
      vertex   3.527857e+02 3.261464e+02 1.838514e+02
      vertex   3.527857e+02 3.260670e+02 1.837479e+02
      vertex   3.555714e+02 3.260670e+02 1.837479e+02
    endloop
  endfacet
  facet normal 0.000000e+00 -9.238795e-01 3.826834e-01
    outer loop
      vertex   3.555714e+02 3.260670e+02 1.837479e+02
      vertex   3.527857e+02 3.260670e+02 1.837479e+02
      vertex   3.555714e+02 3.260170e+02 1.836273e+02
    endloop
  endfacet
  facet normal 0.000000e+00 -9.238795e-01 3.826834e-01
    outer loop
      vertex   3.555714e+02 3.260670e+02 1.837479e+02
      vertex   3.555714e+02 3.260170e+02 1.836273e+02
      vertex   3.583571e+02 3.260170e+02 1.836273e+02
    endloop
  endfacet
  facet normal 0.000000e+00 -9.914449e-01 1.305262e-01
    outer loop
      vertex   3.583571e+02 3.260170e+02 1.836273e+02
      vertex   3.555714e+02 3.260170e+02 1.836273e+02
      vertex   3.500000e+02 3.260000e+02 1.834979e+02
    endloop
  endfacet
  facet normal 1.951566e-16 -9.914449e-01 1.305262e-01
    outer loop
      vertex   3.583571e+02 3.260170e+02 1.836273e+02
      vertex   3.500000e+02 3.260000e+02 1.834979e+02
      vertex   3.690000e+02 3.260000e+02 1.834979e+02
    endloop
  endfacet
  facet normal 0.000000e+00 -7.933533e-01 6.087614e-01
    outer loop
      vertex   3.500000e+02 3.261464e+02 1.838514e+02
      vertex   3.500000e+02 3.260670e+02 1.837479e+02
      vertex   3.527857e+02 3.260670e+02 1.837479e+02
    endloop
  endfacet
  facet normal 0.000000e+00 -9.238795e-01 3.826834e-01
    outer loop
      vertex   3.527857e+02 3.260670e+02 1.837479e+02
      vertex   3.500000e+02 3.260670e+02 1.837479e+02
      vertex   3.527857e+02 3.260170e+02 1.836273e+02
    endloop
  endfacet
  facet normal 0.000000e+00 -9.238795e-01 3.826834e-01
    outer loop
      vertex   3.527857e+02 3.260670e+02 1.837479e+02
      vertex   3.527857e+02 3.260170e+02 1.836273e+02
      vertex   3.555714e+02 3.260170e+02 1.836273e+02
    endloop
  endfacet
  facet normal 0.000000e+00 -9.914449e-01 1.305262e-01
    outer loop
      vertex   3.555714e+02 3.260170e+02 1.836273e+02
      vertex   3.527857e+02 3.260170e+02 1.836273e+02
      vertex   3.500000e+02 3.260000e+02 1.834979e+02
    endloop
  endfacet
  facet normal 0.000000e+00 -9.238795e-01 3.826834e-01
    outer loop
      vertex   3.500000e+02 3.260670e+02 1.837479e+02
      vertex   3.500000e+02 3.260170e+02 1.836273e+02
      vertex   3.527857e+02 3.260170e+02 1.836273e+02
    endloop
  endfacet
  facet normal 0.000000e+00 -9.914449e-01 1.305262e-01
    outer loop
      vertex   3.527857e+02 3.260170e+02 1.836273e+02
      vertex   3.500000e+02 3.260170e+02 1.836273e+02
      vertex   3.500000e+02 3.260000e+02 1.834979e+02
    endloop
  endfacet
  facet normal 7.876540e-04 -4.717240e-01 8.817459e-01
    outer loop
      vertex   3.694157e+02 3.262222e+02 1.839136e+02
      vertex   3.694619e+02 3.263087e+02 1.839598e+02
      vertex   3.667143e+02 3.262500e+02 1.839309e+02
    endloop
  endfacet
  facet normal -1.556806e-03 -3.826830e-01 9.238784e-01
    outer loop
      vertex   3.667143e+02 3.262500e+02 1.839309e+02
      vertex   3.694619e+02 3.263087e+02 1.839598e+02
      vertex   3.667143e+02 3.263706e+02 1.839809e+02
    endloop
  endfacet
  facet normal 0.000000e+00 -3.826834e-01 9.238795e-01
    outer loop
      vertex   3.667143e+02 3.262500e+02 1.839309e+02
      vertex   3.667143e+02 3.263706e+02 1.839809e+02
      vertex   3.639286e+02 3.263706e+02 1.839809e+02
    endloop
  endfacet
  facet normal 0.000000e+00 -1.790169e-01 9.838460e-01
    outer loop
      vertex   3.639286e+02 3.263706e+02 1.839809e+02
      vertex   3.667143e+02 3.263706e+02 1.839809e+02
      vertex   3.694976e+02 3.264510e+02 1.839955e+02
    endloop
  endfacet
  facet normal 7.734790e-04 -2.904994e-01 9.568748e-01
    outer loop
      vertex   3.694619e+02 3.263087e+02 1.839598e+02
      vertex   3.694904e+02 3.264025e+02 1.839883e+02
      vertex   3.667143e+02 3.263706e+02 1.839809e+02
    endloop
  endfacet
  facet normal -9.648237e-04 -1.465904e-01 9.891968e-01
    outer loop
      vertex   3.667143e+02 3.263706e+02 1.839809e+02
      vertex   3.694904e+02 3.264025e+02 1.839883e+02
      vertex   3.694976e+02 3.264510e+02 1.839955e+02
    endloop
  endfacet
  facet normal 0.000000e+00 -1.305262e-01 9.914449e-01
    outer loop
      vertex   3.611429e+02 3.263706e+02 1.839809e+02
      vertex   3.500000e+02 3.265000e+02 1.839979e+02
      vertex   3.583571e+02 3.263706e+02 1.839809e+02
    endloop
  endfacet
  facet normal 0.000000e+00 -3.826834e-01 9.238795e-01
    outer loop
      vertex   3.583571e+02 3.262500e+02 1.839309e+02
      vertex   3.555714e+02 3.263706e+02 1.839809e+02
      vertex   3.555714e+02 3.262500e+02 1.839309e+02
    endloop
  endfacet
  facet normal 0.000000e+00 -3.826834e-01 9.238795e-01
    outer loop
      vertex   3.555714e+02 3.262500e+02 1.839309e+02
      vertex   3.555714e+02 3.263706e+02 1.839809e+02
      vertex   3.527857e+02 3.263706e+02 1.839809e+02
    endloop
  endfacet
  facet normal 0.000000e+00 -3.826834e-01 9.238795e-01
    outer loop
      vertex   3.639286e+02 3.262500e+02 1.839309e+02
      vertex   3.611429e+02 3.263706e+02 1.839809e+02
      vertex   3.611429e+02 3.262500e+02 1.839309e+02
    endloop
  endfacet
  facet normal 0.000000e+00 -3.826834e-01 9.238795e-01
    outer loop
      vertex   3.611429e+02 3.262500e+02 1.839309e+02
      vertex   3.611429e+02 3.263706e+02 1.839809e+02
      vertex   3.583571e+02 3.263706e+02 1.839809e+02
    endloop
  endfacet
  facet normal -2.484396e-14 -6.087614e-01 7.933533e-01
    outer loop
      vertex   3.611429e+02 3.261464e+02 1.838514e+02
      vertex   3.583571e+02 3.262500e+02 1.839309e+02
      vertex   3.583571e+02 3.261464e+02 1.838514e+02
    endloop
  endfacet
  facet normal 0.000000e+00 -6.087614e-01 7.933533e-01
    outer loop
      vertex   3.583571e+02 3.261464e+02 1.838514e+02
      vertex   3.583571e+02 3.262500e+02 1.839309e+02
      vertex   3.555714e+02 3.262500e+02 1.839309e+02
    endloop
  endfacet
  facet normal 0.000000e+00 -6.087614e-01 7.933533e-01
    outer loop
      vertex   3.667143e+02 3.261464e+02 1.838514e+02
      vertex   3.639286e+02 3.262500e+02 1.839309e+02
      vertex   3.639286e+02 3.261464e+02 1.838514e+02
    endloop
  endfacet
  facet normal 0.000000e+00 -6.087614e-01 7.933533e-01
    outer loop
      vertex   3.639286e+02 3.261464e+02 1.838514e+02
      vertex   3.639286e+02 3.262500e+02 1.839309e+02
      vertex   3.611429e+02 3.262500e+02 1.839309e+02
    endloop
  endfacet
  facet normal 0.000000e+00 -7.933533e-01 6.087614e-01
    outer loop
      vertex   3.639286e+02 3.260670e+02 1.837479e+02
      vertex   3.611429e+02 3.261464e+02 1.838514e+02
      vertex   3.611429e+02 3.260670e+02 1.837479e+02
    endloop
  endfacet
  facet normal -3.237501e-14 -7.933533e-01 6.087614e-01
    outer loop
      vertex   3.611429e+02 3.260670e+02 1.837479e+02
      vertex   3.611429e+02 3.261464e+02 1.838514e+02
      vertex   3.583571e+02 3.261464e+02 1.838514e+02
    endloop
  endfacet
  facet normal 0.000000e+00 -7.933533e-01 6.087614e-01
    outer loop
      vertex   3.667143e+02 3.260670e+02 1.837479e+02
      vertex   3.667143e+02 3.261464e+02 1.838514e+02
      vertex   3.639286e+02 3.261464e+02 1.838514e+02
    endloop
  endfacet
  facet normal 7.808782e-15 -9.238795e-01 3.826834e-01
    outer loop
      vertex   3.667143e+02 3.260170e+02 1.836273e+02
      vertex   3.639286e+02 3.260670e+02 1.837479e+02
      vertex   3.639286e+02 3.260170e+02 1.836273e+02
    endloop
  endfacet
  facet normal 0.000000e+00 -9.238795e-01 3.826834e-01
    outer loop
      vertex   3.639286e+02 3.260170e+02 1.836273e+02
      vertex   3.639286e+02 3.260670e+02 1.837479e+02
      vertex   3.611429e+02 3.260670e+02 1.837479e+02
    endloop
  endfacet
  facet normal 0.000000e+00 0.000000e+00 1.000000e+00
    outer loop
      vertex   3.519709e+02 3.363261e+02 1.839979e+02
      vertex   3.480000e+02 3.435000e+02 1.839979e+02
      vertex   3.519500e+02 3.360000e+02 1.839979e+02
    endloop
  endfacet
  facet normal 0.000000e+00 0.000000e+00 1.000000e+00
    outer loop
      vertex   3.519500e+02 3.360000e+02 1.839979e+02
      vertex   3.480000e+02 3.435000e+02 1.839979e+02
      vertex   3.480000e+02 3.285000e+02 1.839979e+02
    endloop
  endfacet
  facet normal 0.000000e+00 0.000000e+00 1.000000e+00
    outer loop
      vertex   3.519500e+02 3.360000e+02 1.839979e+02
      vertex   3.480000e+02 3.285000e+02 1.839979e+02
      vertex   3.519709e+02 3.356739e+02 1.839979e+02
    endloop
  endfacet
  facet normal 0.000000e+00 0.000000e+00 1.000000e+00
    outer loop
      vertex   3.519709e+02 3.356739e+02 1.839979e+02
      vertex   3.480000e+02 3.285000e+02 1.839979e+02
      vertex   3.520334e+02 3.353532e+02 1.839979e+02
    endloop
  endfacet
  facet normal 0.000000e+00 0.000000e+00 1.000000e+00
    outer loop
      vertex   3.520334e+02 3.353532e+02 1.839979e+02
      vertex   3.480000e+02 3.285000e+02 1.839979e+02
      vertex   3.521364e+02 3.350431e+02 1.839979e+02
    endloop
  endfacet
  facet normal 0.000000e+00 0.000000e+00 1.000000e+00
    outer loop
      vertex   3.521364e+02 3.350431e+02 1.839979e+02
      vertex   3.480000e+02 3.285000e+02 1.839979e+02
      vertex   3.522781e+02 3.347487e+02 1.839979e+02
    endloop
  endfacet
  facet normal 0.000000e+00 0.000000e+00 1.000000e+00
    outer loop
      vertex   3.522781e+02 3.347487e+02 1.839979e+02
      vertex   3.480000e+02 3.285000e+02 1.839979e+02
      vertex   3.524564e+02 3.344748e+02 1.839979e+02
    endloop
  endfacet
  facet normal 0.000000e+00 0.000000e+00 1.000000e+00
    outer loop
      vertex   3.524564e+02 3.344748e+02 1.839979e+02
      vertex   3.480000e+02 3.285000e+02 1.839979e+02
      vertex   3.526682e+02 3.342260e+02 1.839979e+02
    endloop
  endfacet
  facet normal 0.000000e+00 0.000000e+00 1.000000e+00
    outer loop
      vertex   3.526682e+02 3.342260e+02 1.839979e+02
      vertex   3.480000e+02 3.285000e+02 1.839979e+02
      vertex   3.529101e+02 3.340063e+02 1.839979e+02
    endloop
  endfacet
  facet normal 0.000000e+00 0.000000e+00 1.000000e+00
    outer loop
      vertex   3.529101e+02 3.340063e+02 1.839979e+02
      vertex   3.480000e+02 3.285000e+02 1.839979e+02
      vertex   3.531781e+02 3.338194e+02 1.839979e+02
    endloop
  endfacet
  facet normal 0.000000e+00 0.000000e+00 1.000000e+00
    outer loop
      vertex   3.531781e+02 3.338194e+02 1.839979e+02
      vertex   3.480000e+02 3.285000e+02 1.839979e+02
      vertex   3.534678e+02 3.336682e+02 1.839979e+02
    endloop
  endfacet
  facet normal 0.000000e+00 0.000000e+00 1.000000e+00
    outer loop
      vertex   3.534678e+02 3.336682e+02 1.839979e+02
      vertex   3.480000e+02 3.285000e+02 1.839979e+02
      vertex   3.537745e+02 3.335554e+02 1.839979e+02
    endloop
  endfacet
  facet normal 0.000000e+00 0.000000e+00 1.000000e+00
    outer loop
      vertex   3.537745e+02 3.335554e+02 1.839979e+02
      vertex   3.480000e+02 3.285000e+02 1.839979e+02
      vertex   3.500000e+02 3.265000e+02 1.839979e+02
    endloop
  endfacet
  facet normal 0.000000e+00 0.000000e+00 1.000000e+00
    outer loop
      vertex   3.537745e+02 3.335554e+02 1.839979e+02
      vertex   3.500000e+02 3.265000e+02 1.839979e+02
      vertex   3.540930e+02 3.334827e+02 1.839979e+02
    endloop
  endfacet
  facet normal 0.000000e+00 0.000000e+00 1.000000e+00
    outer loop
      vertex   3.540930e+02 3.334827e+02 1.839979e+02
      vertex   3.500000e+02 3.265000e+02 1.839979e+02
      vertex   3.544183e+02 3.334513e+02 1.839979e+02
    endloop
  endfacet
  facet normal -0.000000e+00 0.000000e+00 1.000000e+00
    outer loop
      vertex   3.544183e+02 3.334513e+02 1.839979e+02
      vertex   3.500000e+02 3.265000e+02 1.839979e+02
      vertex   3.547449e+02 3.334618e+02 1.839979e+02
    endloop
  endfacet
  facet normal -0.000000e+00 0.000000e+00 1.000000e+00
    outer loop
      vertex   3.547449e+02 3.334618e+02 1.839979e+02
      vertex   3.500000e+02 3.265000e+02 1.839979e+02
      vertex   3.550674e+02 3.335139e+02 1.839979e+02
    endloop
  endfacet
  facet normal -0.000000e+00 0.000000e+00 1.000000e+00
    outer loop
      vertex   3.550674e+02 3.335139e+02 1.839979e+02
      vertex   3.500000e+02 3.265000e+02 1.839979e+02
      vertex   3.553807e+02 3.336069e+02 1.839979e+02
    endloop
  endfacet
  facet normal 0.000000e+00 0.000000e+00 1.000000e+00
    outer loop
      vertex   3.553807e+02 3.336069e+02 1.839979e+02
      vertex   3.500000e+02 3.265000e+02 1.839979e+02
      vertex   3.695000e+02 3.265000e+02 1.839979e+02
    endloop
  endfacet
  facet normal -0.000000e+00 0.000000e+00 1.000000e+00
    outer loop
      vertex   3.553807e+02 3.336069e+02 1.839979e+02
      vertex   3.695000e+02 3.265000e+02 1.839979e+02
      vertex   3.556795e+02 3.337392e+02 1.839979e+02
    endloop
  endfacet
  facet normal -0.000000e+00 0.000000e+00 1.000000e+00
    outer loop
      vertex   3.556795e+02 3.337392e+02 1.839979e+02
      vertex   3.695000e+02 3.265000e+02 1.839979e+02
      vertex   3.559589e+02 3.339086e+02 1.839979e+02
    endloop
  endfacet
  facet normal -0.000000e+00 0.000000e+00 1.000000e+00
    outer loop
      vertex   3.559589e+02 3.339086e+02 1.839979e+02
      vertex   3.695000e+02 3.265000e+02 1.839979e+02
      vertex   3.562144e+02 3.341123e+02 1.839979e+02
    endloop
  endfacet
  facet normal -0.000000e+00 0.000000e+00 1.000000e+00
    outer loop
      vertex   3.562144e+02 3.341123e+02 1.839979e+02
      vertex   3.695000e+02 3.265000e+02 1.839979e+02
      vertex   3.564417e+02 3.343470e+02 1.839979e+02
    endloop
  endfacet
  facet normal -0.000000e+00 0.000000e+00 1.000000e+00
    outer loop
      vertex   3.564417e+02 3.343470e+02 1.839979e+02
      vertex   3.695000e+02 3.265000e+02 1.839979e+02
      vertex   3.566371e+02 3.346089e+02 1.839979e+02
    endloop
  endfacet
  facet normal -0.000000e+00 0.000000e+00 1.000000e+00
    outer loop
      vertex   3.566371e+02 3.346089e+02 1.839979e+02
      vertex   3.695000e+02 3.265000e+02 1.839979e+02
      vertex   3.567975e+02 3.348936e+02 1.839979e+02
    endloop
  endfacet
  facet normal -0.000000e+00 0.000000e+00 1.000000e+00
    outer loop
      vertex   3.567975e+02 3.348936e+02 1.839979e+02
      vertex   3.695000e+02 3.265000e+02 1.839979e+02
      vertex   3.569201e+02 3.351965e+02 1.839979e+02
    endloop
  endfacet
  facet normal -0.000000e+00 0.000000e+00 1.000000e+00
    outer loop
      vertex   3.569201e+02 3.351965e+02 1.839979e+02
      vertex   3.695000e+02 3.265000e+02 1.839979e+02
      vertex   3.570030e+02 3.355125e+02 1.839979e+02
    endloop
  endfacet
  facet normal -0.000000e+00 0.000000e+00 1.000000e+00
    outer loop
      vertex   3.570030e+02 3.355125e+02 1.839979e+02
      vertex   3.695000e+02 3.265000e+02 1.839979e+02
      vertex   3.570448e+02 3.358366e+02 1.839979e+02
    endloop
  endfacet
  facet normal -0.000000e+00 0.000000e+00 1.000000e+00
    outer loop
      vertex   3.570448e+02 3.358366e+02 1.839979e+02
      vertex   3.695000e+02 3.265000e+02 1.839979e+02
      vertex   3.570448e+02 3.361634e+02 1.839979e+02
    endloop
  endfacet
  facet normal -0.000000e+00 0.000000e+00 1.000000e+00
    outer loop
      vertex   3.570448e+02 3.361634e+02 1.839979e+02
      vertex   3.695000e+02 3.265000e+02 1.839979e+02
      vertex   3.695000e+02 3.455000e+02 1.839979e+02
    endloop
  endfacet
  facet normal 0.000000e+00 -0.000000e+00 1.000000e+00
    outer loop
      vertex   3.570448e+02 3.361634e+02 1.839979e+02
      vertex   3.695000e+02 3.455000e+02 1.839979e+02
      vertex   3.570030e+02 3.364875e+02 1.839979e+02
    endloop
  endfacet
  facet normal 0.000000e+00 -0.000000e+00 1.000000e+00
    outer loop
      vertex   3.570030e+02 3.364875e+02 1.839979e+02
      vertex   3.695000e+02 3.455000e+02 1.839979e+02
      vertex   3.569201e+02 3.368035e+02 1.839979e+02
    endloop
  endfacet
  facet normal 0.000000e+00 -0.000000e+00 1.000000e+00
    outer loop
      vertex   3.569201e+02 3.368035e+02 1.839979e+02
      vertex   3.695000e+02 3.455000e+02 1.839979e+02
      vertex   3.567975e+02 3.371064e+02 1.839979e+02
    endloop
  endfacet
  facet normal 0.000000e+00 -0.000000e+00 1.000000e+00
    outer loop
      vertex   3.567975e+02 3.371064e+02 1.839979e+02
      vertex   3.695000e+02 3.455000e+02 1.839979e+02
      vertex   3.566371e+02 3.373911e+02 1.839979e+02
    endloop
  endfacet
  facet normal 0.000000e+00 -0.000000e+00 1.000000e+00
    outer loop
      vertex   3.566371e+02 3.373911e+02 1.839979e+02
      vertex   3.695000e+02 3.455000e+02 1.839979e+02
      vertex   3.564417e+02 3.376530e+02 1.839979e+02
    endloop
  endfacet
  facet normal 0.000000e+00 -0.000000e+00 1.000000e+00
    outer loop
      vertex   3.564417e+02 3.376530e+02 1.839979e+02
      vertex   3.695000e+02 3.455000e+02 1.839979e+02
      vertex   3.562144e+02 3.378877e+02 1.839979e+02
    endloop
  endfacet
  facet normal 0.000000e+00 -0.000000e+00 1.000000e+00
    outer loop
      vertex   3.562144e+02 3.378877e+02 1.839979e+02
      vertex   3.695000e+02 3.455000e+02 1.839979e+02
      vertex   3.559589e+02 3.380914e+02 1.839979e+02
    endloop
  endfacet
  facet normal 0.000000e+00 -0.000000e+00 1.000000e+00
    outer loop
      vertex   3.559589e+02 3.380914e+02 1.839979e+02
      vertex   3.695000e+02 3.455000e+02 1.839979e+02
      vertex   3.556795e+02 3.382608e+02 1.839979e+02
    endloop
  endfacet
  facet normal 0.000000e+00 -0.000000e+00 1.000000e+00
    outer loop
      vertex   3.556795e+02 3.382608e+02 1.839979e+02
      vertex   3.695000e+02 3.455000e+02 1.839979e+02
      vertex   3.553807e+02 3.383931e+02 1.839979e+02
    endloop
  endfacet
  facet normal 0.000000e+00 -0.000000e+00 1.000000e+00
    outer loop
      vertex   3.553807e+02 3.383931e+02 1.839979e+02
      vertex   3.695000e+02 3.455000e+02 1.839979e+02
      vertex   3.500000e+02 3.455000e+02 1.839979e+02
    endloop
  endfacet
  facet normal 0.000000e+00 0.000000e+00 1.000000e+00
    outer loop
      vertex   3.553807e+02 3.383931e+02 1.839979e+02
      vertex   3.500000e+02 3.455000e+02 1.839979e+02
      vertex   3.550674e+02 3.384861e+02 1.839979e+02
    endloop
  endfacet
  facet normal 0.000000e+00 0.000000e+00 1.000000e+00
    outer loop
      vertex   3.550674e+02 3.384861e+02 1.839979e+02
      vertex   3.500000e+02 3.455000e+02 1.839979e+02
      vertex   3.547449e+02 3.385382e+02 1.839979e+02
    endloop
  endfacet
  facet normal 0.000000e+00 0.000000e+00 1.000000e+00
    outer loop
      vertex   3.547449e+02 3.385382e+02 1.839979e+02
      vertex   3.500000e+02 3.455000e+02 1.839979e+02
      vertex   3.544183e+02 3.385487e+02 1.839979e+02
    endloop
  endfacet
  facet normal 0.000000e+00 0.000000e+00 1.000000e+00
    outer loop
      vertex   3.544183e+02 3.385487e+02 1.839979e+02
      vertex   3.500000e+02 3.455000e+02 1.839979e+02
      vertex   3.540930e+02 3.385173e+02 1.839979e+02
    endloop
  endfacet
  facet normal 0.000000e+00 0.000000e+00 1.000000e+00
    outer loop
      vertex   3.540930e+02 3.385173e+02 1.839979e+02
      vertex   3.500000e+02 3.455000e+02 1.839979e+02
      vertex   3.537745e+02 3.384446e+02 1.839979e+02
    endloop
  endfacet
  facet normal 0.000000e+00 0.000000e+00 1.000000e+00
    outer loop
      vertex   3.537745e+02 3.384446e+02 1.839979e+02
      vertex   3.500000e+02 3.455000e+02 1.839979e+02
      vertex   3.480000e+02 3.435000e+02 1.839979e+02
    endloop
  endfacet
  facet normal 0.000000e+00 0.000000e+00 1.000000e+00
    outer loop
      vertex   3.537745e+02 3.384446e+02 1.839979e+02
      vertex   3.480000e+02 3.435000e+02 1.839979e+02
      vertex   3.534678e+02 3.383318e+02 1.839979e+02
    endloop
  endfacet
  facet normal 0.000000e+00 0.000000e+00 1.000000e+00
    outer loop
      vertex   3.534678e+02 3.383318e+02 1.839979e+02
      vertex   3.480000e+02 3.435000e+02 1.839979e+02
      vertex   3.531781e+02 3.381806e+02 1.839979e+02
    endloop
  endfacet
  facet normal 0.000000e+00 0.000000e+00 1.000000e+00
    outer loop
      vertex   3.531781e+02 3.381806e+02 1.839979e+02
      vertex   3.480000e+02 3.435000e+02 1.839979e+02
      vertex   3.529101e+02 3.379937e+02 1.839979e+02
    endloop
  endfacet
  facet normal 0.000000e+00 0.000000e+00 1.000000e+00
    outer loop
      vertex   3.529101e+02 3.379937e+02 1.839979e+02
      vertex   3.480000e+02 3.435000e+02 1.839979e+02
      vertex   3.526682e+02 3.377740e+02 1.839979e+02
    endloop
  endfacet
  facet normal 0.000000e+00 0.000000e+00 1.000000e+00
    outer loop
      vertex   3.526682e+02 3.377740e+02 1.839979e+02
      vertex   3.480000e+02 3.435000e+02 1.839979e+02
      vertex   3.524564e+02 3.375252e+02 1.839979e+02
    endloop
  endfacet
  facet normal 0.000000e+00 0.000000e+00 1.000000e+00
    outer loop
      vertex   3.524564e+02 3.375252e+02 1.839979e+02
      vertex   3.480000e+02 3.435000e+02 1.839979e+02
      vertex   3.522781e+02 3.372513e+02 1.839979e+02
    endloop
  endfacet
  facet normal 0.000000e+00 0.000000e+00 1.000000e+00
    outer loop
      vertex   3.522781e+02 3.372513e+02 1.839979e+02
      vertex   3.480000e+02 3.435000e+02 1.839979e+02
      vertex   3.521364e+02 3.369569e+02 1.839979e+02
    endloop
  endfacet
  facet normal 0.000000e+00 0.000000e+00 1.000000e+00
    outer loop
      vertex   3.521364e+02 3.369569e+02 1.839979e+02
      vertex   3.480000e+02 3.435000e+02 1.839979e+02
      vertex   3.520334e+02 3.366468e+02 1.839979e+02
    endloop
  endfacet
  facet normal 0.000000e+00 0.000000e+00 1.000000e+00
    outer loop
      vertex   3.520334e+02 3.366468e+02 1.839979e+02
      vertex   3.480000e+02 3.435000e+02 1.839979e+02
      vertex   3.519709e+02 3.363261e+02 1.839979e+02
    endloop
  endfacet
  facet normal -0.000000e+00 0.000000e+00 1.000000e+00
    outer loop
      vertex   3.497154e+02 3.454796e+02 1.839979e+02
      vertex   3.494365e+02 3.454190e+02 1.839979e+02
      vertex   3.500000e+02 3.455000e+02 1.839979e+02
    endloop
  endfacet
  facet normal 0.000000e+00 0.000000e+00 1.000000e+00
    outer loop
      vertex   3.500000e+02 3.455000e+02 1.839979e+02
      vertex   3.494365e+02 3.454190e+02 1.839979e+02
      vertex   3.491692e+02 3.453193e+02 1.839979e+02
    endloop
  endfacet
  facet normal 0.000000e+00 0.000000e+00 1.000000e+00
    outer loop
      vertex   3.500000e+02 3.455000e+02 1.839979e+02
      vertex   3.491692e+02 3.453193e+02 1.839979e+02
      vertex   3.489187e+02 3.451825e+02 1.839979e+02
    endloop
  endfacet
  facet normal -0.000000e+00 0.000000e+00 1.000000e+00
    outer loop
      vertex   3.489187e+02 3.451825e+02 1.839979e+02
      vertex   3.486903e+02 3.450115e+02 1.839979e+02
      vertex   3.500000e+02 3.455000e+02 1.839979e+02
    endloop
  endfacet
  facet normal 0.000000e+00 0.000000e+00 1.000000e+00
    outer loop
      vertex   3.500000e+02 3.455000e+02 1.839979e+02
      vertex   3.486903e+02 3.450115e+02 1.839979e+02
      vertex   3.484885e+02 3.448097e+02 1.839979e+02
    endloop
  endfacet
  facet normal 0.000000e+00 0.000000e+00 1.000000e+00
    outer loop
      vertex   3.500000e+02 3.455000e+02 1.839979e+02
      vertex   3.484885e+02 3.448097e+02 1.839979e+02
      vertex   3.483175e+02 3.445813e+02 1.839979e+02
    endloop
  endfacet
  facet normal -0.000000e+00 0.000000e+00 1.000000e+00
    outer loop
      vertex   3.483175e+02 3.445813e+02 1.839979e+02
      vertex   3.481807e+02 3.443308e+02 1.839979e+02
      vertex   3.500000e+02 3.455000e+02 1.839979e+02
    endloop
  endfacet
  facet normal 0.000000e+00 0.000000e+00 1.000000e+00
    outer loop
      vertex   3.500000e+02 3.455000e+02 1.839979e+02
      vertex   3.481807e+02 3.443308e+02 1.839979e+02
      vertex   3.480810e+02 3.440635e+02 1.839979e+02
    endloop
  endfacet
  facet normal 0.000000e+00 0.000000e+00 1.000000e+00
    outer loop
      vertex   3.500000e+02 3.455000e+02 1.839979e+02
      vertex   3.480810e+02 3.440635e+02 1.839979e+02
      vertex   3.480204e+02 3.437846e+02 1.839979e+02
    endloop
  endfacet
  facet normal -0.000000e+00 0.000000e+00 1.000000e+00
    outer loop
      vertex   3.480204e+02 3.437846e+02 1.839979e+02
      vertex   3.480000e+02 3.435000e+02 1.839979e+02
      vertex   3.500000e+02 3.455000e+02 1.839979e+02
    endloop
  endfacet
  facet normal 0.000000e+00 0.000000e+00 1.000000e+00
    outer loop
      vertex   3.480000e+02 3.285000e+02 1.839979e+02
      vertex   3.480204e+02 3.282154e+02 1.839979e+02
      vertex   3.500000e+02 3.265000e+02 1.839979e+02
    endloop
  endfacet
  facet normal 0.000000e+00 0.000000e+00 1.000000e+00
    outer loop
      vertex   3.500000e+02 3.265000e+02 1.839979e+02
      vertex   3.480204e+02 3.282154e+02 1.839979e+02
      vertex   3.480810e+02 3.279365e+02 1.839979e+02
    endloop
  endfacet
  facet normal 0.000000e+00 0.000000e+00 1.000000e+00
    outer loop
      vertex   3.500000e+02 3.265000e+02 1.839979e+02
      vertex   3.480810e+02 3.279365e+02 1.839979e+02
      vertex   3.481807e+02 3.276692e+02 1.839979e+02
    endloop
  endfacet
  facet normal 0.000000e+00 0.000000e+00 1.000000e+00
    outer loop
      vertex   3.481807e+02 3.276692e+02 1.839979e+02
      vertex   3.483175e+02 3.274187e+02 1.839979e+02
      vertex   3.500000e+02 3.265000e+02 1.839979e+02
    endloop
  endfacet
  facet normal 0.000000e+00 0.000000e+00 1.000000e+00
    outer loop
      vertex   3.500000e+02 3.265000e+02 1.839979e+02
      vertex   3.483175e+02 3.274187e+02 1.839979e+02
      vertex   3.484885e+02 3.271903e+02 1.839979e+02
    endloop
  endfacet
  facet normal 0.000000e+00 0.000000e+00 1.000000e+00
    outer loop
      vertex   3.500000e+02 3.265000e+02 1.839979e+02
      vertex   3.484885e+02 3.271903e+02 1.839979e+02
      vertex   3.486903e+02 3.269885e+02 1.839979e+02
    endloop
  endfacet
  facet normal 0.000000e+00 0.000000e+00 1.000000e+00
    outer loop
      vertex   3.486903e+02 3.269885e+02 1.839979e+02
      vertex   3.489187e+02 3.268175e+02 1.839979e+02
      vertex   3.500000e+02 3.265000e+02 1.839979e+02
    endloop
  endfacet
  facet normal 0.000000e+00 0.000000e+00 1.000000e+00
    outer loop
      vertex   3.500000e+02 3.265000e+02 1.839979e+02
      vertex   3.489187e+02 3.268175e+02 1.839979e+02
      vertex   3.491692e+02 3.266807e+02 1.839979e+02
    endloop
  endfacet
  facet normal 0.000000e+00 0.000000e+00 1.000000e+00
    outer loop
      vertex   3.500000e+02 3.265000e+02 1.839979e+02
      vertex   3.491692e+02 3.266807e+02 1.839979e+02
      vertex   3.494365e+02 3.265810e+02 1.839979e+02
    endloop
  endfacet
  facet normal 0.000000e+00 0.000000e+00 1.000000e+00
    outer loop
      vertex   3.494365e+02 3.265810e+02 1.839979e+02
      vertex   3.497154e+02 3.265204e+02 1.839979e+02
      vertex   3.500000e+02 3.265000e+02 1.839979e+02
    endloop
  endfacet
  facet normal -6.037850e-02 9.981756e-01 0.000000e+00
    outer loop
      vertex   3.500000e+02 3.460000e+02 1.710000e+02
      vertex   3.500000e+02 3.460000e+02 1.690000e+02
      vertex   3.496987e+02 3.459818e+02 1.710000e+02
    endloop
  endfacet
  facet normal -6.037850e-02 9.981756e-01 0.000000e+00
    outer loop
      vertex   3.496987e+02 3.459818e+02 1.710000e+02
      vertex   3.500000e+02 3.460000e+02 1.690000e+02
      vertex   3.496987e+02 3.459818e+02 1.690000e+02
    endloop
  endfacet
  facet normal -1.802550e-01 9.836199e-01 0.000000e+00
    outer loop
      vertex   3.496987e+02 3.459818e+02 1.710000e+02
      vertex   3.496987e+02 3.459818e+02 1.690000e+02
      vertex   3.494017e+02 3.459274e+02 1.710000e+02
    endloop
  endfacet
  facet normal -1.802550e-01 9.836199e-01 1.024631e-14
    outer loop
      vertex   3.494017e+02 3.459274e+02 1.710000e+02
      vertex   3.496987e+02 3.459818e+02 1.690000e+02
      vertex   3.494017e+02 3.459274e+02 1.690000e+02
    endloop
  endfacet
  facet normal -2.975031e-01 9.547209e-01 1.691109e-14
    outer loop
      vertex   3.494017e+02 3.459274e+02 1.710000e+02
      vertex   3.494017e+02 3.459274e+02 1.690000e+02
      vertex   3.491135e+02 3.458375e+02 1.710000e+02
    endloop
  endfacet
  facet normal -2.975031e-01 9.547209e-01 0.000000e+00
    outer loop
      vertex   3.491135e+02 3.458375e+02 1.710000e+02
      vertex   3.494017e+02 3.459274e+02 1.690000e+02
      vertex   3.491135e+02 3.458375e+02 1.690000e+02
    endloop
  endfacet
  facet normal -4.104128e-01 9.118998e-01 0.000000e+00
    outer loop
      vertex   3.491135e+02 3.458375e+02 1.710000e+02
      vertex   3.491135e+02 3.458375e+02 1.690000e+02
      vertex   3.488382e+02 3.457136e+02 1.710000e+02
    endloop
  endfacet
  facet normal -4.104128e-01 9.118998e-01 -1.166463e-14
    outer loop
      vertex   3.488382e+02 3.457136e+02 1.710000e+02
      vertex   3.491135e+02 3.458375e+02 1.690000e+02
      vertex   3.488382e+02 3.457136e+02 1.690000e+02
    endloop
  endfacet
  facet normal -5.173378e-01 8.557813e-01 -1.470362e-14
    outer loop
      vertex   3.488382e+02 3.457136e+02 1.710000e+02
      vertex   3.488382e+02 3.457136e+02 1.690000e+02
      vertex   3.485798e+02 3.455575e+02 1.710000e+02
    endloop
  endfacet
  facet normal -5.173378e-01 8.557813e-01 2.432276e-14
    outer loop
      vertex   3.485798e+02 3.455575e+02 1.710000e+02
      vertex   3.488382e+02 3.457136e+02 1.690000e+02
      vertex   3.485798e+02 3.455575e+02 1.690000e+02
    endloop
  endfacet
  facet normal -6.167189e-01 7.871835e-01 2.237310e-14
    outer loop
      vertex   3.485798e+02 3.455575e+02 1.710000e+02
      vertex   3.485798e+02 3.455575e+02 1.690000e+02
      vertex   3.483422e+02 3.453713e+02 1.710000e+02
    endloop
  endfacet
  facet normal -6.167189e-01 7.871835e-01 0.000000e+00
    outer loop
      vertex   3.483422e+02 3.453713e+02 1.710000e+02
      vertex   3.485798e+02 3.455575e+02 1.690000e+02
      vertex   3.483422e+02 3.453713e+02 1.690000e+02
    endloop
  endfacet
  facet normal -7.071068e-01 7.071068e-01 0.000000e+00
    outer loop
      vertex   3.483422e+02 3.453713e+02 1.710000e+02
      vertex   3.483422e+02 3.453713e+02 1.690000e+02
      vertex   3.481287e+02 3.451578e+02 1.710000e+02
    endloop
  endfacet
  facet normal -7.071068e-01 7.071068e-01 0.000000e+00
    outer loop
      vertex   3.481287e+02 3.451578e+02 1.710000e+02
      vertex   3.483422e+02 3.453713e+02 1.690000e+02
      vertex   3.481287e+02 3.451578e+02 1.690000e+02
    endloop
  endfacet
  facet normal -7.871835e-01 6.167189e-01 0.000000e+00
    outer loop
      vertex   3.481287e+02 3.451578e+02 1.710000e+02
      vertex   3.481287e+02 3.451578e+02 1.690000e+02
      vertex   3.479425e+02 3.449202e+02 1.710000e+02
    endloop
  endfacet
  facet normal -7.871835e-01 6.167189e-01 6.227440e-14
    outer loop
      vertex   3.479425e+02 3.449202e+02 1.710000e+02
      vertex   3.481287e+02 3.451578e+02 1.690000e+02
      vertex   3.479425e+02 3.449202e+02 1.690000e+02
    endloop
  endfacet
  facet normal -8.557813e-01 5.173378e-01 6.334915e-14
    outer loop
      vertex   3.479425e+02 3.449202e+02 1.710000e+02
      vertex   3.479425e+02 3.449202e+02 1.690000e+02
      vertex   3.477864e+02 3.446618e+02 1.710000e+02
    endloop
  endfacet
  facet normal -8.557813e-01 5.173378e-01 -3.902639e-14
    outer loop
      vertex   3.477864e+02 3.446618e+02 1.710000e+02
      vertex   3.479425e+02 3.449202e+02 1.690000e+02
      vertex   3.477864e+02 3.446618e+02 1.690000e+02
    endloop
  endfacet
  facet normal -9.118998e-01 4.104128e-01 -3.758238e-14
    outer loop
      vertex   3.477864e+02 3.446618e+02 1.710000e+02
      vertex   3.477864e+02 3.446618e+02 1.690000e+02
      vertex   3.476625e+02 3.443865e+02 1.710000e+02
    endloop
  endfacet
  facet normal -9.118998e-01 4.104128e-01 -1.166463e-14
    outer loop
      vertex   3.476625e+02 3.443865e+02 1.710000e+02
      vertex   3.477864e+02 3.446618e+02 1.690000e+02
      vertex   3.476625e+02 3.443865e+02 1.690000e+02
    endloop
  endfacet
  facet normal -9.547209e-01 2.975031e-01 -8.455544e-15
    outer loop
      vertex   3.476625e+02 3.443865e+02 1.710000e+02
      vertex   3.476625e+02 3.443865e+02 1.690000e+02
      vertex   3.475726e+02 3.440983e+02 1.710000e+02
    endloop
  endfacet
  facet normal -9.547209e-01 2.975031e-01 8.455544e-15
    outer loop
      vertex   3.475726e+02 3.440983e+02 1.710000e+02
      vertex   3.476625e+02 3.443865e+02 1.690000e+02
      vertex   3.475726e+02 3.440983e+02 1.690000e+02
    endloop
  endfacet
  facet normal -9.836199e-01 1.802550e-01 5.123156e-15
    outer loop
      vertex   3.475726e+02 3.440983e+02 1.710000e+02
      vertex   3.475726e+02 3.440983e+02 1.690000e+02
      vertex   3.475182e+02 3.438013e+02 1.710000e+02
    endloop
  endfacet
  facet normal -9.836199e-01 1.802550e-01 -5.123156e-15
    outer loop
      vertex   3.475182e+02 3.438013e+02 1.710000e+02
      vertex   3.475726e+02 3.440983e+02 1.690000e+02
      vertex   3.475182e+02 3.438013e+02 1.690000e+02
    endloop
  endfacet
  facet normal -9.981756e-01 6.037850e-02 -1.716060e-15
    outer loop
      vertex   3.475182e+02 3.438013e+02 1.710000e+02
      vertex   3.475182e+02 3.438013e+02 1.690000e+02
      vertex   3.475000e+02 3.435000e+02 1.690000e+02
    endloop
  endfacet
  facet normal -9.981756e-01 6.037850e-02 0.000000e+00
    outer loop
      vertex   3.475000e+02 3.435000e+02 1.690000e+02
      vertex   3.475000e+02 3.435000e+02 1.710000e+02
      vertex   3.475182e+02 3.438013e+02 1.710000e+02
    endloop
  endfacet
  facet normal -1.000000e+00 0.000000e+00 0.000000e+00
    outer loop
      vertex   3.475000e+02 3.285000e+02 1.690000e+02
      vertex   3.475000e+02 3.285000e+02 1.710000e+02
      vertex   3.475000e+02 3.435000e+02 1.690000e+02
    endloop
  endfacet
  facet normal -1.000000e+00 0.000000e+00 0.000000e+00
    outer loop
      vertex   3.475000e+02 3.435000e+02 1.690000e+02
      vertex   3.475000e+02 3.285000e+02 1.710000e+02
      vertex   3.475000e+02 3.435000e+02 1.710000e+02
    endloop
  endfacet
  facet normal -9.981756e-01 -6.037850e-02 -0.000000e+00
    outer loop
      vertex   3.475000e+02 3.285000e+02 1.710000e+02
      vertex   3.475000e+02 3.285000e+02 1.690000e+02
      vertex   3.475182e+02 3.281987e+02 1.710000e+02
    endloop
  endfacet
  facet normal -9.981756e-01 -6.037850e-02 -3.432120e-15
    outer loop
      vertex   3.475182e+02 3.281987e+02 1.710000e+02
      vertex   3.475000e+02 3.285000e+02 1.690000e+02
      vertex   3.475182e+02 3.281987e+02 1.690000e+02
    endloop
  endfacet
  facet normal -9.836199e-01 -1.802550e-01 -1.024631e-14
    outer loop
      vertex   3.475182e+02 3.281987e+02 1.710000e+02
      vertex   3.475182e+02 3.281987e+02 1.690000e+02
      vertex   3.475726e+02 3.279017e+02 1.690000e+02
    endloop
  endfacet
  facet normal -9.836199e-01 -1.802550e-01 5.125577e-15
    outer loop
      vertex   3.475182e+02 3.281987e+02 1.710000e+02
      vertex   3.475726e+02 3.279017e+02 1.690000e+02
      vertex   3.475726e+02 3.279017e+02 1.710000e+02
    endloop
  endfacet
  facet normal -9.547209e-01 -2.975031e-01 8.455544e-15
    outer loop
      vertex   3.475726e+02 3.279017e+02 1.710000e+02
      vertex   3.475726e+02 3.279017e+02 1.690000e+02
      vertex   3.476625e+02 3.276135e+02 1.690000e+02
    endloop
  endfacet
  facet normal -9.547209e-01 -2.975031e-01 -8.458351e-15
    outer loop
      vertex   3.475726e+02 3.279017e+02 1.710000e+02
      vertex   3.476625e+02 3.276135e+02 1.690000e+02
      vertex   3.476625e+02 3.276135e+02 1.710000e+02
    endloop
  endfacet
  facet normal -9.118998e-01 -4.104128e-01 -1.166463e-14
    outer loop
      vertex   3.476625e+02 3.276135e+02 1.710000e+02
      vertex   3.476625e+02 3.276135e+02 1.690000e+02
      vertex   3.477864e+02 3.273382e+02 1.690000e+02
    endloop
  endfacet
  facet normal -9.118998e-01 -4.104128e-01 -4.924461e-14
    outer loop
      vertex   3.476625e+02 3.276135e+02 1.710000e+02
      vertex   3.477864e+02 3.273382e+02 1.690000e+02
      vertex   3.477864e+02 3.273382e+02 1.710000e+02
    endloop
  endfacet
  facet normal -8.557813e-01 -5.173378e-01 -5.373001e-14
    outer loop
      vertex   3.477864e+02 3.273382e+02 1.710000e+02
      vertex   3.477864e+02 3.273382e+02 1.690000e+02
      vertex   3.479425e+02 3.270798e+02 1.690000e+02
    endloop
  endfacet
  facet normal -8.557813e-01 -5.173378e-01 6.334569e-14
    outer loop
      vertex   3.477864e+02 3.273382e+02 1.710000e+02
      vertex   3.479425e+02 3.270798e+02 1.690000e+02
      vertex   3.479425e+02 3.270798e+02 1.710000e+02
    endloop
  endfacet
  facet normal -7.871835e-01 -6.167189e-01 6.227440e-14
    outer loop
      vertex   3.479425e+02 3.270798e+02 1.710000e+02
      vertex   3.479425e+02 3.270798e+02 1.690000e+02
      vertex   3.481287e+02 3.268422e+02 1.690000e+02
    endloop
  endfacet
  facet normal -7.871835e-01 -6.167189e-01 0.000000e+00
    outer loop
      vertex   3.479425e+02 3.270798e+02 1.710000e+02
      vertex   3.481287e+02 3.268422e+02 1.690000e+02
      vertex   3.481287e+02 3.268422e+02 1.710000e+02
    endloop
  endfacet
  facet normal -7.071068e-01 -7.071068e-01 -0.000000e+00
    outer loop
      vertex   3.481287e+02 3.268422e+02 1.710000e+02
      vertex   3.481287e+02 3.268422e+02 1.690000e+02
      vertex   3.483422e+02 3.266287e+02 1.690000e+02
    endloop
  endfacet
  facet normal -7.071068e-01 -7.071068e-01 0.000000e+00
    outer loop
      vertex   3.481287e+02 3.268422e+02 1.710000e+02
      vertex   3.483422e+02 3.266287e+02 1.690000e+02
      vertex   3.483422e+02 3.266287e+02 1.710000e+02
    endloop
  endfacet
  facet normal -6.167189e-01 -7.871835e-01 -0.000000e+00
    outer loop
      vertex   3.483422e+02 3.266287e+02 1.710000e+02
      vertex   3.483422e+02 3.266287e+02 1.690000e+02
      vertex   3.485798e+02 3.264425e+02 1.690000e+02
    endloop
  endfacet
  facet normal -6.167189e-01 -7.871835e-01 2.237556e-14
    outer loop
      vertex   3.483422e+02 3.266287e+02 1.710000e+02
      vertex   3.485798e+02 3.264425e+02 1.690000e+02
      vertex   3.485798e+02 3.264425e+02 1.710000e+02
    endloop
  endfacet
  facet normal -5.173378e-01 -8.557813e-01 2.432276e-14
    outer loop
      vertex   3.485798e+02 3.264425e+02 1.710000e+02
      vertex   3.485798e+02 3.264425e+02 1.690000e+02
      vertex   3.488382e+02 3.262864e+02 1.690000e+02
    endloop
  endfacet
  facet normal -5.173378e-01 -8.557813e-01 -1.471018e-14
    outer loop
      vertex   3.485798e+02 3.264425e+02 1.710000e+02
      vertex   3.488382e+02 3.262864e+02 1.690000e+02
      vertex   3.488382e+02 3.262864e+02 1.710000e+02
    endloop
  endfacet
  facet normal -4.104128e-01 -9.118998e-01 -1.166463e-14
    outer loop
      vertex   3.488382e+02 3.262864e+02 1.710000e+02
      vertex   3.488382e+02 3.262864e+02 1.690000e+02
      vertex   3.491135e+02 3.261625e+02 1.690000e+02
    endloop
  endfacet
  facet normal -4.104128e-01 -9.118998e-01 0.000000e+00
    outer loop
      vertex   3.488382e+02 3.262864e+02 1.710000e+02
      vertex   3.491135e+02 3.261625e+02 1.690000e+02
      vertex   3.491135e+02 3.261625e+02 1.710000e+02
    endloop
  endfacet
  facet normal -2.975031e-01 -9.547209e-01 -0.000000e+00
    outer loop
      vertex   3.491135e+02 3.261625e+02 1.710000e+02
      vertex   3.491135e+02 3.261625e+02 1.690000e+02
      vertex   3.494017e+02 3.260726e+02 1.690000e+02
    endloop
  endfacet
  facet normal -2.975031e-01 -9.547209e-01 1.691096e-14
    outer loop
      vertex   3.491135e+02 3.261625e+02 1.710000e+02
      vertex   3.494017e+02 3.260726e+02 1.690000e+02
      vertex   3.494017e+02 3.260726e+02 1.710000e+02
    endloop
  endfacet
  facet normal -1.802550e-01 -9.836199e-01 1.024631e-14
    outer loop
      vertex   3.494017e+02 3.260726e+02 1.710000e+02
      vertex   3.494017e+02 3.260726e+02 1.690000e+02
      vertex   3.496987e+02 3.260182e+02 1.690000e+02
    endloop
  endfacet
  facet normal -1.802550e-01 -9.836199e-01 0.000000e+00
    outer loop
      vertex   3.494017e+02 3.260726e+02 1.710000e+02
      vertex   3.496987e+02 3.260182e+02 1.690000e+02
      vertex   3.496987e+02 3.260182e+02 1.710000e+02
    endloop
  endfacet
  facet normal -6.037850e-02 -9.981756e-01 -0.000000e+00
    outer loop
      vertex   3.496987e+02 3.260182e+02 1.710000e+02
      vertex   3.496987e+02 3.260182e+02 1.690000e+02
      vertex   3.500000e+02 3.260000e+02 1.690000e+02
    endloop
  endfacet
  facet normal -6.037850e-02 -9.981756e-01 0.000000e+00
    outer loop
      vertex   3.496987e+02 3.260182e+02 1.710000e+02
      vertex   3.500000e+02 3.260000e+02 1.690000e+02
      vertex   3.500000e+02 3.260000e+02 1.710000e+02
    endloop
  endfacet
  facet normal 0.000000e+00 -1.000000e+00 0.000000e+00
    outer loop
      vertex   3.500000e+02 3.260000e+02 1.710000e+02
      vertex   3.500000e+02 3.260000e+02 1.690000e+02
      vertex   3.640000e+02 3.260000e+02 1.710000e+02
    endloop
  endfacet
  facet normal 0.000000e+00 -1.000000e+00 -0.000000e+00
    outer loop
      vertex   3.640000e+02 3.260000e+02 1.710000e+02
      vertex   3.500000e+02 3.260000e+02 1.690000e+02
      vertex   3.690000e+02 3.260000e+02 1.690000e+02
    endloop
  endfacet
  facet normal 0.000000e+00 -1.000000e+00 0.000000e+00
    outer loop
      vertex   3.640000e+02 3.260000e+02 1.710000e+02
      vertex   3.690000e+02 3.260000e+02 1.690000e+02
      vertex   3.690000e+02 3.260000e+02 1.834979e+02
    endloop
  endfacet
  facet normal 0.000000e+00 -1.000000e+00 0.000000e+00
    outer loop
      vertex   3.640000e+02 3.260000e+02 1.710000e+02
      vertex   3.690000e+02 3.260000e+02 1.834979e+02
      vertex   3.640000e+02 3.260000e+02 1.815000e+02
    endloop
  endfacet
  facet normal 0.000000e+00 -1.000000e+00 0.000000e+00
    outer loop
      vertex   3.640000e+02 3.260000e+02 1.815000e+02
      vertex   3.690000e+02 3.260000e+02 1.834979e+02
      vertex   3.500000e+02 3.260000e+02 1.834979e+02
    endloop
  endfacet
  facet normal -0.000000e+00 -1.000000e+00 0.000000e+00
    outer loop
      vertex   3.640000e+02 3.260000e+02 1.815000e+02
      vertex   3.500000e+02 3.260000e+02 1.834979e+02
      vertex   3.500000e+02 3.260000e+02 1.815000e+02
    endloop
  endfacet
  facet normal 7.148341e-08 4.906767e-02 -9.987955e-01
    outer loop
      vertex   3.635000e+02 3.455000e+02 1.810000e+02
      vertex   3.500000e+02 3.455000e+02 1.810000e+02
      vertex   3.635024e+02 3.455490e+02 1.810024e+02
    endloop
  endfacet
  facet normal -3.870400e-04 1.551850e-01 -9.878853e-01
    outer loop
      vertex   3.635024e+02 3.455490e+02 1.810024e+02
      vertex   3.500000e+02 3.455000e+02 1.810000e+02
      vertex   3.584000e+02 3.456294e+02 1.810170e+02
    endloop
  endfacet
  facet normal 7.041348e-08 1.790169e-01 -9.838460e-01
    outer loop
      vertex   3.635024e+02 3.455490e+02 1.810024e+02
      vertex   3.584000e+02 3.456294e+02 1.810170e+02
      vertex   3.612000e+02 3.456294e+02 1.810170e+02
    endloop
  endfacet
  facet normal 6.612171e-08 3.826834e-01 -9.238795e-01
    outer loop
      vertex   3.612000e+02 3.456294e+02 1.810170e+02
      vertex   3.584000e+02 3.456294e+02 1.810170e+02
      vertex   3.612000e+02 3.457500e+02 1.810670e+02
    endloop
  endfacet
  facet normal -1.829469e-03 3.826828e-01 -9.238780e-01
    outer loop
      vertex   3.612000e+02 3.456294e+02 1.810170e+02
      vertex   3.612000e+02 3.457500e+02 1.810670e+02
      vertex   3.635381e+02 3.456913e+02 1.810381e+02
    endloop
  endfacet
  facet normal 9.034159e-04 4.710209e-01 -8.821216e-01
    outer loop
      vertex   3.635381e+02 3.456913e+02 1.810381e+02
      vertex   3.612000e+02 3.457500e+02 1.810670e+02
      vertex   3.635843e+02 3.457778e+02 1.810843e+02
    endloop
  endfacet
  facet normal -1.345023e-03 6.087609e-01 -7.933526e-01
    outer loop
      vertex   3.635843e+02 3.457778e+02 1.810843e+02
      vertex   3.612000e+02 3.457500e+02 1.810670e+02
      vertex   3.612000e+02 3.458536e+02 1.811464e+02
    endloop
  endfacet
  facet normal 5.532406e-08 6.343933e-01 -7.730105e-01
    outer loop
      vertex   3.635843e+02 3.457778e+02 1.810843e+02
      vertex   3.612000e+02 3.458536e+02 1.811464e+02
      vertex   3.636464e+02 3.458536e+02 1.811464e+02
    endloop
  endfacet
  facet normal 4.540328e-08 7.730105e-01 -6.343933e-01
    outer loop
      vertex   3.636464e+02 3.458536e+02 1.811464e+02
      vertex   3.612000e+02 3.458536e+02 1.811464e+02
      vertex   3.637222e+02 3.459157e+02 1.812222e+02
    endloop
  endfacet
  facet normal -1.271469e-03 7.933527e-01 -6.087609e-01
    outer loop
      vertex   3.637222e+02 3.459157e+02 1.812222e+02
      vertex   3.612000e+02 3.458536e+02 1.811464e+02
      vertex   3.612000e+02 3.459330e+02 1.812500e+02
    endloop
  endfacet
  facet normal 8.388898e-04 8.815720e-01 -4.720489e-01
    outer loop
      vertex   3.637222e+02 3.459157e+02 1.812222e+02
      vertex   3.612000e+02 3.459330e+02 1.812500e+02
      vertex   3.638087e+02 3.459619e+02 1.813087e+02
    endloop
  endfacet
  facet normal -1.639729e-03 9.238783e-01 -3.826829e-01
    outer loop
      vertex   3.638087e+02 3.459619e+02 1.813087e+02
      vertex   3.612000e+02 3.459330e+02 1.812500e+02
      vertex   3.612000e+02 3.459830e+02 1.813706e+02
    endloop
  endfacet
  facet normal 8.011288e-04 9.567172e-01 -2.910181e-01
    outer loop
      vertex   3.638087e+02 3.459619e+02 1.813087e+02
      vertex   3.612000e+02 3.459830e+02 1.813706e+02
      vertex   3.639025e+02 3.459904e+02 1.814025e+02
    endloop
  endfacet
  facet normal -1.599398e-03 9.953382e-01 -9.643285e-02
    outer loop
      vertex   3.639025e+02 3.459904e+02 1.814025e+02
      vertex   3.612000e+02 3.459830e+02 1.813706e+02
      vertex   3.640000e+02 3.460000e+02 1.815000e+02
    endloop
  endfacet
  facet normal 9.341690e-09 9.914449e-01 -1.305262e-01
    outer loop
      vertex   3.640000e+02 3.460000e+02 1.815000e+02
      vertex   3.612000e+02 3.459830e+02 1.813706e+02
      vertex   3.584000e+02 3.459830e+02 1.813706e+02
    endloop
  endfacet
  facet normal 9.341713e-09 9.914449e-01 -1.305262e-01
    outer loop
      vertex   3.640000e+02 3.460000e+02 1.815000e+02
      vertex   3.584000e+02 3.459830e+02 1.813706e+02
      vertex   3.556000e+02 3.459830e+02 1.813706e+02
    endloop
  endfacet
  facet normal 2.738852e-08 9.238795e-01 -3.826834e-01
    outer loop
      vertex   3.556000e+02 3.459830e+02 1.813706e+02
      vertex   3.584000e+02 3.459830e+02 1.813706e+02
      vertex   3.556000e+02 3.459330e+02 1.812500e+02
    endloop
  endfacet
  facet normal 2.738851e-08 9.238795e-01 -3.826834e-01
    outer loop
      vertex   3.556000e+02 3.459830e+02 1.813706e+02
      vertex   3.556000e+02 3.459330e+02 1.812500e+02
      vertex   3.528000e+02 3.459330e+02 1.812500e+02
    endloop
  endfacet
  facet normal 4.356883e-08 7.933533e-01 -6.087614e-01
    outer loop
      vertex   3.528000e+02 3.459330e+02 1.812500e+02
      vertex   3.556000e+02 3.459330e+02 1.812500e+02
      vertex   3.528000e+02 3.458536e+02 1.811464e+02
    endloop
  endfacet
  facet normal 4.356882e-08 7.933533e-01 -6.087614e-01
    outer loop
      vertex   3.528000e+02 3.459330e+02 1.812500e+02
      vertex   3.528000e+02 3.458536e+02 1.811464e+02
      vertex   3.500000e+02 3.458536e+02 1.811464e+02
    endloop
  endfacet
  facet normal 5.678000e-08 6.087614e-01 -7.933533e-01
    outer loop
      vertex   3.500000e+02 3.458536e+02 1.811464e+02
      vertex   3.528000e+02 3.458536e+02 1.811464e+02
      vertex   3.500000e+02 3.457500e+02 1.810670e+02
    endloop
  endfacet
  facet normal 5.677997e-08 6.087614e-01 -7.933533e-01
    outer loop
      vertex   3.500000e+02 3.457500e+02 1.810670e+02
      vertex   3.528000e+02 3.458536e+02 1.811464e+02
      vertex   3.528000e+02 3.457500e+02 1.810670e+02
    endloop
  endfacet
  facet normal 6.612169e-08 3.826834e-01 -9.238795e-01
    outer loop
      vertex   3.500000e+02 3.457500e+02 1.810670e+02
      vertex   3.528000e+02 3.457500e+02 1.810670e+02
      vertex   3.500000e+02 3.456294e+02 1.810170e+02
    endloop
  endfacet
  facet normal 6.612169e-08 3.826834e-01 -9.238795e-01
    outer loop
      vertex   3.500000e+02 3.456294e+02 1.810170e+02
      vertex   3.528000e+02 3.457500e+02 1.810670e+02
      vertex   3.528000e+02 3.456294e+02 1.810170e+02
    endloop
  endfacet
  facet normal 7.095733e-08 1.305262e-01 -9.914449e-01
    outer loop
      vertex   3.500000e+02 3.456294e+02 1.810170e+02
      vertex   3.528000e+02 3.456294e+02 1.810170e+02
      vertex   3.500000e+02 3.455000e+02 1.810000e+02
    endloop
  endfacet
  facet normal 7.095733e-08 1.305262e-01 -9.914449e-01
    outer loop
      vertex   3.500000e+02 3.455000e+02 1.810000e+02
      vertex   3.528000e+02 3.456294e+02 1.810170e+02
      vertex   3.556000e+02 3.456294e+02 1.810170e+02
    endloop
  endfacet
  facet normal 7.095732e-08 1.305262e-01 -9.914449e-01
    outer loop
      vertex   3.500000e+02 3.455000e+02 1.810000e+02
      vertex   3.556000e+02 3.456294e+02 1.810170e+02
      vertex   3.584000e+02 3.456294e+02 1.810170e+02
    endloop
  endfacet
  facet normal 6.612171e-08 3.826834e-01 -9.238795e-01
    outer loop
      vertex   3.584000e+02 3.456294e+02 1.810170e+02
      vertex   3.556000e+02 3.456294e+02 1.810170e+02
      vertex   3.584000e+02 3.457500e+02 1.810670e+02
    endloop
  endfacet
  facet normal 6.612169e-08 3.826834e-01 -9.238795e-01
    outer loop
      vertex   3.584000e+02 3.456294e+02 1.810170e+02
      vertex   3.584000e+02 3.457500e+02 1.810670e+02
      vertex   3.612000e+02 3.457500e+02 1.810670e+02
    endloop
  endfacet
  facet normal 5.677998e-08 6.087614e-01 -7.933533e-01
    outer loop
      vertex   3.612000e+02 3.457500e+02 1.810670e+02
      vertex   3.584000e+02 3.457500e+02 1.810670e+02
      vertex   3.612000e+02 3.458536e+02 1.811464e+02
    endloop
  endfacet
  facet normal 4.356883e-08 7.933533e-01 -6.087614e-01
    outer loop
      vertex   3.500000e+02 3.458536e+02 1.811464e+02
      vertex   3.500000e+02 3.459330e+02 1.812500e+02
      vertex   3.528000e+02 3.459330e+02 1.812500e+02
    endloop
  endfacet
  facet normal 2.738852e-08 9.238795e-01 -3.826834e-01
    outer loop
      vertex   3.528000e+02 3.459330e+02 1.812500e+02
      vertex   3.500000e+02 3.459330e+02 1.812500e+02
      vertex   3.528000e+02 3.459830e+02 1.813706e+02
    endloop
  endfacet
  facet normal 2.738851e-08 9.238795e-01 -3.826834e-01
    outer loop
      vertex   3.528000e+02 3.459330e+02 1.812500e+02
      vertex   3.528000e+02 3.459830e+02 1.813706e+02
      vertex   3.556000e+02 3.459830e+02 1.813706e+02
    endloop
  endfacet
  facet normal 9.341711e-09 9.914449e-01 -1.305262e-01
    outer loop
      vertex   3.556000e+02 3.459830e+02 1.813706e+02
      vertex   3.528000e+02 3.459830e+02 1.813706e+02
      vertex   3.500000e+02 3.460000e+02 1.815000e+02
    endloop
  endfacet
  facet normal 9.341709e-09 9.914449e-01 -1.305262e-01
    outer loop
      vertex   3.556000e+02 3.459830e+02 1.813706e+02
      vertex   3.500000e+02 3.460000e+02 1.815000e+02
      vertex   3.640000e+02 3.460000e+02 1.815000e+02
    endloop
  endfacet
  facet normal 2.738851e-08 9.238795e-01 -3.826834e-01
    outer loop
      vertex   3.500000e+02 3.459330e+02 1.812500e+02
      vertex   3.500000e+02 3.459830e+02 1.813706e+02
      vertex   3.528000e+02 3.459830e+02 1.813706e+02
    endloop
  endfacet
  facet normal 9.341723e-09 9.914449e-01 -1.305262e-01
    outer loop
      vertex   3.528000e+02 3.459830e+02 1.813706e+02
      vertex   3.500000e+02 3.459830e+02 1.813706e+02
      vertex   3.500000e+02 3.460000e+02 1.815000e+02
    endloop
  endfacet
  facet normal 9.228158e-04 2.900282e-01 -9.570176e-01
    outer loop
      vertex   3.635381e+02 3.456913e+02 1.810381e+02
      vertex   3.635096e+02 3.455975e+02 1.810096e+02
      vertex   3.612000e+02 3.456294e+02 1.810170e+02
    endloop
  endfacet
  facet normal -1.155238e-03 1.468981e-01 -9.891510e-01
    outer loop
      vertex   3.612000e+02 3.456294e+02 1.810170e+02
      vertex   3.635096e+02 3.455975e+02 1.810096e+02
      vertex   3.635024e+02 3.455490e+02 1.810024e+02
    endloop
  endfacet
  facet normal 6.612171e-08 3.826834e-01 -9.238795e-01
    outer loop
      vertex   3.556000e+02 3.456294e+02 1.810170e+02
      vertex   3.528000e+02 3.456294e+02 1.810170e+02
      vertex   3.556000e+02 3.457500e+02 1.810670e+02
    endloop
  endfacet
  facet normal 6.612171e-08 3.826834e-01 -9.238795e-01
    outer loop
      vertex   3.556000e+02 3.457500e+02 1.810670e+02
      vertex   3.528000e+02 3.456294e+02 1.810170e+02
      vertex   3.528000e+02 3.457500e+02 1.810670e+02
    endloop
  endfacet
  facet normal 5.678000e-08 6.087614e-01 -7.933533e-01
    outer loop
      vertex   3.556000e+02 3.457500e+02 1.810670e+02
      vertex   3.528000e+02 3.457500e+02 1.810670e+02
      vertex   3.556000e+02 3.458536e+02 1.811464e+02
    endloop
  endfacet
  facet normal 5.678000e-08 6.087614e-01 -7.933533e-01
    outer loop
      vertex   3.556000e+02 3.458536e+02 1.811464e+02
      vertex   3.528000e+02 3.457500e+02 1.810670e+02
      vertex   3.528000e+02 3.458536e+02 1.811464e+02
    endloop
  endfacet
  facet normal 4.356882e-08 7.933533e-01 -6.087614e-01
    outer loop
      vertex   3.556000e+02 3.458536e+02 1.811464e+02
      vertex   3.528000e+02 3.458536e+02 1.811464e+02
      vertex   3.556000e+02 3.459330e+02 1.812500e+02
    endloop
  endfacet
  facet normal 6.612171e-08 3.826834e-01 -9.238795e-01
    outer loop
      vertex   3.556000e+02 3.456294e+02 1.810170e+02
      vertex   3.556000e+02 3.457500e+02 1.810670e+02
      vertex   3.584000e+02 3.457500e+02 1.810670e+02
    endloop
  endfacet
  facet normal 5.678001e-08 6.087614e-01 -7.933533e-01
    outer loop
      vertex   3.584000e+02 3.457500e+02 1.810670e+02
      vertex   3.556000e+02 3.457500e+02 1.810670e+02
      vertex   3.584000e+02 3.458536e+02 1.811464e+02
    endloop
  endfacet
  facet normal 5.677999e-08 6.087614e-01 -7.933533e-01
    outer loop
      vertex   3.584000e+02 3.457500e+02 1.810670e+02
      vertex   3.584000e+02 3.458536e+02 1.811464e+02
      vertex   3.612000e+02 3.458536e+02 1.811464e+02
    endloop
  endfacet
  facet normal 4.356882e-08 7.933533e-01 -6.087614e-01
    outer loop
      vertex   3.612000e+02 3.458536e+02 1.811464e+02
      vertex   3.584000e+02 3.458536e+02 1.811464e+02
      vertex   3.612000e+02 3.459330e+02 1.812500e+02
    endloop
  endfacet
  facet normal 5.678000e-08 6.087614e-01 -7.933533e-01
    outer loop
      vertex   3.584000e+02 3.458536e+02 1.811464e+02
      vertex   3.556000e+02 3.457500e+02 1.810670e+02
      vertex   3.556000e+02 3.458536e+02 1.811464e+02
    endloop
  endfacet
  facet normal 4.356882e-08 7.933533e-01 -6.087614e-01
    outer loop
      vertex   3.584000e+02 3.458536e+02 1.811464e+02
      vertex   3.556000e+02 3.458536e+02 1.811464e+02
      vertex   3.584000e+02 3.459330e+02 1.812500e+02
    endloop
  endfacet
  facet normal 4.356881e-08 7.933533e-01 -6.087614e-01
    outer loop
      vertex   3.584000e+02 3.459330e+02 1.812500e+02
      vertex   3.556000e+02 3.458536e+02 1.811464e+02
      vertex   3.556000e+02 3.459330e+02 1.812500e+02
    endloop
  endfacet
  facet normal 2.738849e-08 9.238795e-01 -3.826834e-01
    outer loop
      vertex   3.584000e+02 3.459330e+02 1.812500e+02
      vertex   3.556000e+02 3.459330e+02 1.812500e+02
      vertex   3.584000e+02 3.459830e+02 1.813706e+02
    endloop
  endfacet
  facet normal 2.738850e-08 9.238795e-01 -3.826834e-01
    outer loop
      vertex   3.612000e+02 3.459830e+02 1.813706e+02
      vertex   3.612000e+02 3.459330e+02 1.812500e+02
      vertex   3.584000e+02 3.459330e+02 1.812500e+02
    endloop
  endfacet
  facet normal 4.356882e-08 7.933533e-01 -6.087614e-01
    outer loop
      vertex   3.584000e+02 3.459330e+02 1.812500e+02
      vertex   3.612000e+02 3.459330e+02 1.812500e+02
      vertex   3.584000e+02 3.458536e+02 1.811464e+02
    endloop
  endfacet
  facet normal 2.738849e-08 9.238795e-01 -3.826834e-01
    outer loop
      vertex   3.612000e+02 3.459830e+02 1.813706e+02
      vertex   3.584000e+02 3.459330e+02 1.812500e+02
      vertex   3.584000e+02 3.459830e+02 1.813706e+02
    endloop
  endfacet
  facet normal -9.801714e-02 9.951847e-01 0.000000e+00
    outer loop
      vertex   3.640000e+02 3.460000e+02 1.815000e+02
      vertex   3.640000e+02 3.460000e+02 1.710000e+02
      vertex   3.639025e+02 3.459904e+02 1.814025e+02
    endloop
  endfacet
  facet normal -1.730715e-01 9.849090e-01 -7.132843e-04
    outer loop
      vertex   3.639025e+02 3.459904e+02 1.814025e+02
      vertex   3.640000e+02 3.460000e+02 1.710000e+02
      vertex   3.638706e+02 3.459830e+02 1.788750e+02
    endloop
  endfacet
  facet normal -2.910695e-01 9.567015e-01 8.572706e-04
    outer loop
      vertex   3.639025e+02 3.459904e+02 1.814025e+02
      vertex   3.638706e+02 3.459830e+02 1.788750e+02
      vertex   3.638087e+02 3.459619e+02 1.813087e+02
    endloop
  endfacet
  facet normal -3.826828e-01 9.238781e-01 -1.757668e-03
    outer loop
      vertex   3.638087e+02 3.459619e+02 1.813087e+02
      vertex   3.638706e+02 3.459830e+02 1.788750e+02
      vertex   3.637500e+02 3.459330e+02 1.788750e+02
    endloop
  endfacet
  facet normal -4.720969e-01 8.815462e-01 9.006402e-04
    outer loop
      vertex   3.638087e+02 3.459619e+02 1.813087e+02
      vertex   3.637500e+02 3.459330e+02 1.788750e+02
      vertex   3.637222e+02 3.459157e+02 1.812222e+02
    endloop
  endfacet
  facet normal -6.087609e-01 7.933526e-01 -1.366312e-03
    outer loop
      vertex   3.637222e+02 3.459157e+02 1.812222e+02
      vertex   3.637500e+02 3.459330e+02 1.788750e+02
      vertex   3.636464e+02 3.458536e+02 1.788750e+02
    endloop
  endfacet
  facet normal -6.343933e-01 7.730105e-01 0.000000e+00
    outer loop
      vertex   3.637222e+02 3.459157e+02 1.812222e+02
      vertex   3.636464e+02 3.458536e+02 1.788750e+02
      vertex   3.636464e+02 3.458536e+02 1.811464e+02
    endloop
  endfacet
  facet normal -7.730105e-01 6.343933e-01 0.000000e+00
    outer loop
      vertex   3.636464e+02 3.458536e+02 1.811464e+02
      vertex   3.636464e+02 3.458536e+02 1.788750e+02
      vertex   3.635843e+02 3.457778e+02 1.810843e+02
    endloop
  endfacet
  facet normal -7.933525e-01 6.087608e-01 -1.451626e-03
    outer loop
      vertex   3.635843e+02 3.457778e+02 1.810843e+02
      vertex   3.636464e+02 3.458536e+02 1.788750e+02
      vertex   3.635670e+02 3.457500e+02 1.788750e+02
    endloop
  endfacet
  facet normal -8.821375e-01 4.709910e-01 9.754110e-04
    outer loop
      vertex   3.635843e+02 3.457778e+02 1.810843e+02
      vertex   3.635670e+02 3.457500e+02 1.788750e+02
      vertex   3.635381e+02 3.456913e+02 1.810381e+02
    endloop
  endfacet
  facet normal -9.238777e-01 3.826827e-01 -1.977551e-03
    outer loop
      vertex   3.635381e+02 3.456913e+02 1.810381e+02
      vertex   3.635670e+02 3.457500e+02 1.788750e+02
      vertex   3.635170e+02 3.456294e+02 1.788750e+02
    endloop
  endfacet
  facet normal -9.570239e-01 2.900073e-01 9.980619e-04
    outer loop
      vertex   3.635381e+02 3.456913e+02 1.810381e+02
      vertex   3.635170e+02 3.456294e+02 1.788750e+02
      vertex   3.635096e+02 3.455975e+02 1.810096e+02
    endloop
  endfacet
  facet normal -9.891488e-01 1.469118e-01 -1.249811e-03
    outer loop
      vertex   3.635096e+02 3.455975e+02 1.810096e+02
      vertex   3.635170e+02 3.456294e+02 1.788750e+02
      vertex   3.635024e+02 3.455490e+02 1.810024e+02
    endloop
  endfacet
  facet normal -9.987709e-01 4.931232e-02 -5.004547e-03
    outer loop
      vertex   3.635024e+02 3.455490e+02 1.810024e+02
      vertex   3.635170e+02 3.456294e+02 1.788750e+02
      vertex   3.635000e+02 3.455000e+02 1.810000e+02
    endloop
  endfacet
  facet normal -9.914449e-01 1.305262e-01 0.000000e+00
    outer loop
      vertex   3.635000e+02 3.455000e+02 1.810000e+02
      vertex   3.635170e+02 3.456294e+02 1.788750e+02
      vertex   3.635170e+02 3.456294e+02 1.762500e+02
    endloop
  endfacet
  facet normal -9.888019e-01 1.492332e-01 5.191346e-04
    outer loop
      vertex   3.635000e+02 3.455000e+02 1.810000e+02
      vertex   3.635170e+02 3.456294e+02 1.762500e+02
      vertex   3.635024e+02 3.455490e+02 1.714976e+02
    endloop
  endfacet
  facet normal -9.838460e-01 1.790169e-01 0.000000e+00
    outer loop
      vertex   3.635024e+02 3.455490e+02 1.714976e+02
      vertex   3.635170e+02 3.456294e+02 1.762500e+02
      vertex   3.635170e+02 3.456294e+02 1.736250e+02
    endloop
  endfacet
  facet normal -9.891488e-01 1.469118e-01 1.249811e-03
    outer loop
      vertex   3.635024e+02 3.455490e+02 1.714976e+02
      vertex   3.635170e+02 3.456294e+02 1.736250e+02
      vertex   3.635096e+02 3.455975e+02 1.714904e+02
    endloop
  endfacet
  facet normal -9.570239e-01 2.900073e-01 -9.980619e-04
    outer loop
      vertex   3.635096e+02 3.455975e+02 1.714904e+02
      vertex   3.635170e+02 3.456294e+02 1.736250e+02
      vertex   3.635381e+02 3.456913e+02 1.714619e+02
    endloop
  endfacet
  facet normal -9.238777e-01 3.826827e-01 1.977551e-03
    outer loop
      vertex   3.635381e+02 3.456913e+02 1.714619e+02
      vertex   3.635170e+02 3.456294e+02 1.736250e+02
      vertex   3.635670e+02 3.457500e+02 1.736250e+02
    endloop
  endfacet
  facet normal -8.821375e-01 4.709910e-01 -9.754109e-04
    outer loop
      vertex   3.635381e+02 3.456913e+02 1.714619e+02
      vertex   3.635670e+02 3.457500e+02 1.736250e+02
      vertex   3.635843e+02 3.457778e+02 1.714157e+02
    endloop
  endfacet
  facet normal -7.933525e-01 6.087608e-01 1.451626e-03
    outer loop
      vertex   3.635843e+02 3.457778e+02 1.714157e+02
      vertex   3.635670e+02 3.457500e+02 1.736250e+02
      vertex   3.636464e+02 3.458536e+02 1.736250e+02
    endloop
  endfacet
  facet normal -7.730105e-01 6.343933e-01 0.000000e+00
    outer loop
      vertex   3.635843e+02 3.457778e+02 1.714157e+02
      vertex   3.636464e+02 3.458536e+02 1.736250e+02
      vertex   3.636464e+02 3.458536e+02 1.713536e+02
    endloop
  endfacet
  facet normal -6.343933e-01 7.730105e-01 0.000000e+00
    outer loop
      vertex   3.636464e+02 3.458536e+02 1.713536e+02
      vertex   3.636464e+02 3.458536e+02 1.736250e+02
      vertex   3.637222e+02 3.459157e+02 1.712778e+02
    endloop
  endfacet
  facet normal -6.087609e-01 7.933526e-01 1.366312e-03
    outer loop
      vertex   3.637222e+02 3.459157e+02 1.712778e+02
      vertex   3.636464e+02 3.458536e+02 1.736250e+02
      vertex   3.637500e+02 3.459330e+02 1.736250e+02
    endloop
  endfacet
  facet normal -4.720969e-01 8.815462e-01 -9.006402e-04
    outer loop
      vertex   3.637222e+02 3.459157e+02 1.712778e+02
      vertex   3.637500e+02 3.459330e+02 1.736250e+02
      vertex   3.638087e+02 3.459619e+02 1.711913e+02
    endloop
  endfacet
  facet normal -3.826828e-01 9.238781e-01 1.757668e-03
    outer loop
      vertex   3.638087e+02 3.459619e+02 1.711913e+02
      vertex   3.637500e+02 3.459330e+02 1.736250e+02
      vertex   3.638706e+02 3.459830e+02 1.736250e+02
    endloop
  endfacet
  facet normal -2.910695e-01 9.567015e-01 -8.572706e-04
    outer loop
      vertex   3.638087e+02 3.459619e+02 1.711913e+02
      vertex   3.638706e+02 3.459830e+02 1.736250e+02
      vertex   3.639025e+02 3.459904e+02 1.710975e+02
    endloop
  endfacet
  facet normal -9.632172e-02 9.953488e-01 1.711579e-03
    outer loop
      vertex   3.639025e+02 3.459904e+02 1.710975e+02
      vertex   3.638706e+02 3.459830e+02 1.736250e+02
      vertex   3.640000e+02 3.460000e+02 1.710000e+02
    endloop
  endfacet
  facet normal -1.305262e-01 9.914449e-01 0.000000e+00
    outer loop
      vertex   3.640000e+02 3.460000e+02 1.710000e+02
      vertex   3.638706e+02 3.459830e+02 1.736250e+02
      vertex   3.638706e+02 3.459830e+02 1.762500e+02
    endloop
  endfacet
  facet normal -1.305262e-01 9.914449e-01 0.000000e+00
    outer loop
      vertex   3.640000e+02 3.460000e+02 1.710000e+02
      vertex   3.638706e+02 3.459830e+02 1.762500e+02
      vertex   3.638706e+02 3.459830e+02 1.788750e+02
    endloop
  endfacet
  facet normal -3.826834e-01 9.238795e-01 0.000000e+00
    outer loop
      vertex   3.638706e+02 3.459830e+02 1.788750e+02
      vertex   3.638706e+02 3.459830e+02 1.762500e+02
      vertex   3.637500e+02 3.459330e+02 1.788750e+02
    endloop
  endfacet
  facet normal -9.987955e-01 4.906767e-02 0.000000e+00
    outer loop
      vertex   3.635024e+02 3.455490e+02 1.714976e+02
      vertex   3.635000e+02 3.455000e+02 1.715000e+02
      vertex   3.635000e+02 3.455000e+02 1.810000e+02
    endloop
  endfacet
  facet normal -3.826834e-01 9.238795e-01 0.000000e+00
    outer loop
      vertex   3.638706e+02 3.459830e+02 1.762500e+02
      vertex   3.638706e+02 3.459830e+02 1.736250e+02
      vertex   3.637500e+02 3.459330e+02 1.762500e+02
    endloop
  endfacet
  facet normal -3.826834e-01 9.238795e-01 0.000000e+00
    outer loop
      vertex   3.637500e+02 3.459330e+02 1.762500e+02
      vertex   3.638706e+02 3.459830e+02 1.736250e+02
      vertex   3.637500e+02 3.459330e+02 1.736250e+02
    endloop
  endfacet
  facet normal -6.087614e-01 7.933533e-01 0.000000e+00
    outer loop
      vertex   3.637500e+02 3.459330e+02 1.762500e+02
      vertex   3.637500e+02 3.459330e+02 1.736250e+02
      vertex   3.636464e+02 3.458536e+02 1.762500e+02
    endloop
  endfacet
  facet normal -6.087614e-01 7.933533e-01 0.000000e+00
    outer loop
      vertex   3.636464e+02 3.458536e+02 1.762500e+02
      vertex   3.637500e+02 3.459330e+02 1.736250e+02
      vertex   3.636464e+02 3.458536e+02 1.736250e+02
    endloop
  endfacet
  facet normal -7.933533e-01 6.087614e-01 0.000000e+00
    outer loop
      vertex   3.636464e+02 3.458536e+02 1.762500e+02
      vertex   3.636464e+02 3.458536e+02 1.736250e+02
      vertex   3.635670e+02 3.457500e+02 1.762500e+02
    endloop
  endfacet
  facet normal -7.933533e-01 6.087614e-01 0.000000e+00
    outer loop
      vertex   3.635670e+02 3.457500e+02 1.762500e+02
      vertex   3.636464e+02 3.458536e+02 1.736250e+02
      vertex   3.635670e+02 3.457500e+02 1.736250e+02
    endloop
  endfacet
  facet normal -9.238795e-01 3.826834e-01 0.000000e+00
    outer loop
      vertex   3.635670e+02 3.457500e+02 1.762500e+02
      vertex   3.635670e+02 3.457500e+02 1.736250e+02
      vertex   3.635170e+02 3.456294e+02 1.762500e+02
    endloop
  endfacet
  facet normal -9.238795e-01 3.826834e-01 0.000000e+00
    outer loop
      vertex   3.635170e+02 3.456294e+02 1.762500e+02
      vertex   3.635670e+02 3.457500e+02 1.736250e+02
      vertex   3.635170e+02 3.456294e+02 1.736250e+02
    endloop
  endfacet
  facet normal -6.087614e-01 7.933533e-01 0.000000e+00
    outer loop
      vertex   3.636464e+02 3.458536e+02 1.788750e+02
      vertex   3.637500e+02 3.459330e+02 1.788750e+02
      vertex   3.637500e+02 3.459330e+02 1.762500e+02
    endloop
  endfacet
  facet normal -3.826834e-01 9.238795e-01 0.000000e+00
    outer loop
      vertex   3.637500e+02 3.459330e+02 1.762500e+02
      vertex   3.637500e+02 3.459330e+02 1.788750e+02
      vertex   3.638706e+02 3.459830e+02 1.762500e+02
    endloop
  endfacet
  facet normal -6.087614e-01 7.933533e-01 1.318251e-14
    outer loop
      vertex   3.636464e+02 3.458536e+02 1.788750e+02
      vertex   3.637500e+02 3.459330e+02 1.762500e+02
      vertex   3.636464e+02 3.458536e+02 1.762500e+02
    endloop
  endfacet
  facet normal -7.933533e-01 6.087614e-01 1.717858e-14
    outer loop
      vertex   3.635670e+02 3.457500e+02 1.788750e+02
      vertex   3.636464e+02 3.458536e+02 1.788750e+02
      vertex   3.636464e+02 3.458536e+02 1.762500e+02
    endloop
  endfacet
  facet normal -7.933533e-01 6.087614e-01 0.000000e+00
    outer loop
      vertex   3.635670e+02 3.457500e+02 1.788750e+02
      vertex   3.636464e+02 3.458536e+02 1.762500e+02
      vertex   3.635670e+02 3.457500e+02 1.762500e+02
    endloop
  endfacet
  facet normal -9.238795e-01 3.826834e-01 0.000000e+00
    outer loop
      vertex   3.635170e+02 3.456294e+02 1.788750e+02
      vertex   3.635670e+02 3.457500e+02 1.788750e+02
      vertex   3.635670e+02 3.457500e+02 1.762500e+02
    endloop
  endfacet
  facet normal -9.238795e-01 3.826834e-01 0.000000e+00
    outer loop
      vertex   3.635170e+02 3.456294e+02 1.788750e+02
      vertex   3.635670e+02 3.457500e+02 1.762500e+02
      vertex   3.635170e+02 3.456294e+02 1.762500e+02
    endloop
  endfacet
  facet normal 1.989868e-16 9.951847e-01 9.801714e-02
    outer loop
      vertex   3.640000e+02 3.460000e+02 1.710000e+02
      vertex   3.500000e+02 3.460000e+02 1.710000e+02
      vertex   3.639025e+02 3.459904e+02 1.710975e+02
    endloop
  endfacet
  facet normal -4.219360e-04 9.875349e-01 1.573994e-01
    outer loop
      vertex   3.639025e+02 3.459904e+02 1.710975e+02
      vertex   3.500000e+02 3.460000e+02 1.710000e+02
      vertex   3.584000e+02 3.459830e+02 1.711294e+02
    endloop
  endfacet
  facet normal 0.000000e+00 9.738770e-01 2.270763e-01
    outer loop
      vertex   3.639025e+02 3.459904e+02 1.710975e+02
      vertex   3.584000e+02 3.459830e+02 1.711294e+02
      vertex   3.612000e+02 3.459830e+02 1.711294e+02
    endloop
  endfacet
  facet normal 0.000000e+00 9.238795e-01 3.826834e-01
    outer loop
      vertex   3.612000e+02 3.459830e+02 1.711294e+02
      vertex   3.584000e+02 3.459830e+02 1.711294e+02
      vertex   3.612000e+02 3.459330e+02 1.712500e+02
    endloop
  endfacet
  facet normal -1.639756e-03 9.238783e-01 3.826829e-01
    outer loop
      vertex   3.612000e+02 3.459830e+02 1.711294e+02
      vertex   3.612000e+02 3.459330e+02 1.712500e+02
      vertex   3.638087e+02 3.459619e+02 1.711913e+02
    endloop
  endfacet
  facet normal 8.388560e-04 8.815720e-01 4.720489e-01
    outer loop
      vertex   3.638087e+02 3.459619e+02 1.711913e+02
      vertex   3.612000e+02 3.459330e+02 1.712500e+02
      vertex   3.637222e+02 3.459157e+02 1.712778e+02
    endloop
  endfacet
  facet normal -1.271513e-03 7.933527e-01 6.087609e-01
    outer loop
      vertex   3.637222e+02 3.459157e+02 1.712778e+02
      vertex   3.612000e+02 3.459330e+02 1.712500e+02
      vertex   3.612000e+02 3.458536e+02 1.713536e+02
    endloop
  endfacet
  facet normal 0.000000e+00 7.730105e-01 6.343933e-01
    outer loop
      vertex   3.637222e+02 3.459157e+02 1.712778e+02
      vertex   3.612000e+02 3.458536e+02 1.713536e+02
      vertex   3.636464e+02 3.458536e+02 1.713536e+02
    endloop
  endfacet
  facet normal 0.000000e+00 6.343933e-01 7.730105e-01
    outer loop
      vertex   3.636464e+02 3.458536e+02 1.713536e+02
      vertex   3.612000e+02 3.458536e+02 1.713536e+02
      vertex   3.635843e+02 3.457778e+02 1.714157e+02
    endloop
  endfacet
  facet normal -1.345080e-03 6.087609e-01 7.933526e-01
    outer loop
      vertex   3.635843e+02 3.457778e+02 1.714157e+02
      vertex   3.612000e+02 3.458536e+02 1.713536e+02
      vertex   3.612000e+02 3.457500e+02 1.714330e+02
    endloop
  endfacet
  facet normal 9.033527e-04 4.710209e-01 8.821216e-01
    outer loop
      vertex   3.635843e+02 3.457778e+02 1.714157e+02
      vertex   3.612000e+02 3.457500e+02 1.714330e+02
      vertex   3.635381e+02 3.456913e+02 1.714619e+02
    endloop
  endfacet
  facet normal -1.829535e-03 3.826828e-01 9.238780e-01
    outer loop
      vertex   3.635381e+02 3.456913e+02 1.714619e+02
      vertex   3.612000e+02 3.457500e+02 1.714330e+02
      vertex   3.612000e+02 3.456294e+02 1.714830e+02
    endloop
  endfacet
  facet normal 9.227473e-04 2.900282e-01 9.570176e-01
    outer loop
      vertex   3.635381e+02 3.456913e+02 1.714619e+02
      vertex   3.612000e+02 3.456294e+02 1.714830e+02
      vertex   3.635096e+02 3.455975e+02 1.714904e+02
    endloop
  endfacet
  facet normal -1.155308e-03 1.468981e-01 9.891510e-01
    outer loop
      vertex   3.635096e+02 3.455975e+02 1.714904e+02
      vertex   3.612000e+02 3.456294e+02 1.714830e+02
      vertex   3.635024e+02 3.455490e+02 1.714976e+02
    endloop
  endfacet
  facet normal -4.624828e-03 4.929380e-02 9.987736e-01
    outer loop
      vertex   3.635024e+02 3.455490e+02 1.714976e+02
      vertex   3.612000e+02 3.456294e+02 1.714830e+02
      vertex   3.635000e+02 3.455000e+02 1.715000e+02
    endloop
  endfacet
  facet normal 0.000000e+00 1.305262e-01 9.914449e-01
    outer loop
      vertex   3.635000e+02 3.455000e+02 1.715000e+02
      vertex   3.612000e+02 3.456294e+02 1.714830e+02
      vertex   3.584000e+02 3.456294e+02 1.714830e+02
    endloop
  endfacet
  facet normal 0.000000e+00 1.305262e-01 9.914449e-01
    outer loop
      vertex   3.635000e+02 3.455000e+02 1.715000e+02
      vertex   3.584000e+02 3.456294e+02 1.714830e+02
      vertex   3.556000e+02 3.456294e+02 1.714830e+02
    endloop
  endfacet
  facet normal -0.000000e+00 3.826834e-01 9.238795e-01
    outer loop
      vertex   3.556000e+02 3.456294e+02 1.714830e+02
      vertex   3.584000e+02 3.456294e+02 1.714830e+02
      vertex   3.556000e+02 3.457500e+02 1.714330e+02
    endloop
  endfacet
  facet normal 9.376734e-15 3.826834e-01 9.238795e-01
    outer loop
      vertex   3.556000e+02 3.456294e+02 1.714830e+02
      vertex   3.556000e+02 3.457500e+02 1.714330e+02
      vertex   3.528000e+02 3.457500e+02 1.714330e+02
    endloop
  endfacet
  facet normal 8.053021e-15 6.087614e-01 7.933533e-01
    outer loop
      vertex   3.528000e+02 3.457500e+02 1.714330e+02
      vertex   3.556000e+02 3.457500e+02 1.714330e+02
      vertex   3.528000e+02 3.458536e+02 1.713536e+02
    endloop
  endfacet
  facet normal -2.041475e-14 6.087614e-01 7.933533e-01
    outer loop
      vertex   3.528000e+02 3.457500e+02 1.714330e+02
      vertex   3.528000e+02 3.458536e+02 1.713536e+02
      vertex   3.500000e+02 3.458536e+02 1.713536e+02
    endloop
  endfacet
  facet normal -2.228534e-14 7.933533e-01 6.087614e-01
    outer loop
      vertex   3.500000e+02 3.458536e+02 1.713536e+02
      vertex   3.528000e+02 3.458536e+02 1.713536e+02
      vertex   3.500000e+02 3.459330e+02 1.712500e+02
    endloop
  endfacet
  facet normal -6.179300e-15 7.933533e-01 6.087614e-01
    outer loop
      vertex   3.500000e+02 3.459330e+02 1.712500e+02
      vertex   3.528000e+02 3.458536e+02 1.713536e+02
      vertex   3.528000e+02 3.459330e+02 1.712500e+02
    endloop
  endfacet
  facet normal -3.884470e-15 9.238795e-01 3.826834e-01
    outer loop
      vertex   3.500000e+02 3.459330e+02 1.712500e+02
      vertex   3.528000e+02 3.459330e+02 1.712500e+02
      vertex   3.500000e+02 3.459830e+02 1.711294e+02
    endloop
  endfacet
  facet normal -0.000000e+00 9.238795e-01 3.826834e-01
    outer loop
      vertex   3.500000e+02 3.459830e+02 1.711294e+02
      vertex   3.528000e+02 3.459330e+02 1.712500e+02
      vertex   3.528000e+02 3.459830e+02 1.711294e+02
    endloop
  endfacet
  facet normal -0.000000e+00 9.914449e-01 1.305262e-01
    outer loop
      vertex   3.500000e+02 3.459830e+02 1.711294e+02
      vertex   3.528000e+02 3.459830e+02 1.711294e+02
      vertex   3.500000e+02 3.460000e+02 1.710000e+02
    endloop
  endfacet
  facet normal 2.650927e-15 9.914449e-01 1.305262e-01
    outer loop
      vertex   3.500000e+02 3.460000e+02 1.710000e+02
      vertex   3.528000e+02 3.459830e+02 1.711294e+02
      vertex   3.556000e+02 3.459830e+02 1.711294e+02
    endloop
  endfacet
  facet normal 0.000000e+00 9.914449e-01 1.305262e-01
    outer loop
      vertex   3.500000e+02 3.460000e+02 1.710000e+02
      vertex   3.556000e+02 3.459830e+02 1.711294e+02
      vertex   3.584000e+02 3.459830e+02 1.711294e+02
    endloop
  endfacet
  facet normal 0.000000e+00 9.238795e-01 3.826834e-01
    outer loop
      vertex   3.584000e+02 3.459830e+02 1.711294e+02
      vertex   3.556000e+02 3.459830e+02 1.711294e+02
      vertex   3.584000e+02 3.459330e+02 1.712500e+02
    endloop
  endfacet
  facet normal 0.000000e+00 9.238795e-01 3.826834e-01
    outer loop
      vertex   3.584000e+02 3.459830e+02 1.711294e+02
      vertex   3.584000e+02 3.459330e+02 1.712500e+02
      vertex   3.612000e+02 3.459330e+02 1.712500e+02
    endloop
  endfacet
  facet normal 0.000000e+00 7.933533e-01 6.087614e-01
    outer loop
      vertex   3.612000e+02 3.459330e+02 1.712500e+02
      vertex   3.584000e+02 3.459330e+02 1.712500e+02
      vertex   3.612000e+02 3.458536e+02 1.713536e+02
    endloop
  endfacet
  facet normal -8.054830e-15 6.087614e-01 7.933533e-01
    outer loop
      vertex   3.500000e+02 3.458536e+02 1.713536e+02
      vertex   3.500000e+02 3.457500e+02 1.714330e+02
      vertex   3.528000e+02 3.457500e+02 1.714330e+02
    endloop
  endfacet
  facet normal -9.377941e-15 3.826834e-01 9.238795e-01
    outer loop
      vertex   3.528000e+02 3.457500e+02 1.714330e+02
      vertex   3.500000e+02 3.457500e+02 1.714330e+02
      vertex   3.528000e+02 3.456294e+02 1.714830e+02
    endloop
  endfacet
  facet normal 9.376734e-15 3.826834e-01 9.238795e-01
    outer loop
      vertex   3.528000e+02 3.457500e+02 1.714330e+02
      vertex   3.528000e+02 3.456294e+02 1.714830e+02
      vertex   3.556000e+02 3.456294e+02 1.714830e+02
    endloop
  endfacet
  facet normal 1.006377e-14 1.305262e-01 9.914449e-01
    outer loop
      vertex   3.556000e+02 3.456294e+02 1.714830e+02
      vertex   3.528000e+02 3.456294e+02 1.714830e+02
      vertex   3.500000e+02 3.455000e+02 1.715000e+02
    endloop
  endfacet
  facet normal 4.174610e-15 1.305262e-01 9.914449e-01
    outer loop
      vertex   3.556000e+02 3.456294e+02 1.714830e+02
      vertex   3.500000e+02 3.455000e+02 1.715000e+02
      vertex   3.635000e+02 3.455000e+02 1.715000e+02
    endloop
  endfacet
  facet normal -9.379107e-15 3.826834e-01 9.238795e-01
    outer loop
      vertex   3.500000e+02 3.457500e+02 1.714330e+02
      vertex   3.500000e+02 3.456294e+02 1.714830e+02
      vertex   3.528000e+02 3.456294e+02 1.714830e+02
    endloop
  endfacet
  facet normal -1.006377e-14 1.305262e-01 9.914449e-01
    outer loop
      vertex   3.528000e+02 3.456294e+02 1.714830e+02
      vertex   3.500000e+02 3.456294e+02 1.714830e+02
      vertex   3.500000e+02 3.455000e+02 1.715000e+02
    endloop
  endfacet
  facet normal 8.011080e-04 9.567172e-01 2.910181e-01
    outer loop
      vertex   3.638087e+02 3.459619e+02 1.711913e+02
      vertex   3.639025e+02 3.459904e+02 1.710975e+02
      vertex   3.612000e+02 3.459830e+02 1.711294e+02
    endloop
  endfacet
  facet normal 7.768941e-15 9.238795e-01 3.826834e-01
    outer loop
      vertex   3.556000e+02 3.459830e+02 1.711294e+02
      vertex   3.528000e+02 3.459830e+02 1.711294e+02
      vertex   3.556000e+02 3.459330e+02 1.712500e+02
    endloop
  endfacet
  facet normal -1.487141e-14 9.238795e-01 3.826834e-01
    outer loop
      vertex   3.556000e+02 3.459330e+02 1.712500e+02
      vertex   3.528000e+02 3.459830e+02 1.711294e+02
      vertex   3.528000e+02 3.459330e+02 1.712500e+02
    endloop
  endfacet
  facet normal -9.926741e-15 7.933533e-01 6.087614e-01
    outer loop
      vertex   3.556000e+02 3.459330e+02 1.712500e+02
      vertex   3.528000e+02 3.459330e+02 1.712500e+02
      vertex   3.556000e+02 3.458536e+02 1.713536e+02
    endloop
  endfacet
  facet normal 6.179300e-15 7.933533e-01 6.087614e-01
    outer loop
      vertex   3.556000e+02 3.458536e+02 1.713536e+02
      vertex   3.528000e+02 3.459330e+02 1.712500e+02
      vertex   3.528000e+02 3.458536e+02 1.713536e+02
    endloop
  endfacet
  facet normal 8.053021e-15 6.087614e-01 7.933533e-01
    outer loop
      vertex   3.556000e+02 3.458536e+02 1.713536e+02
      vertex   3.528000e+02 3.458536e+02 1.713536e+02
      vertex   3.556000e+02 3.457500e+02 1.714330e+02
    endloop
  endfacet
  facet normal 3.885020e-15 9.238795e-01 3.826834e-01
    outer loop
      vertex   3.556000e+02 3.459830e+02 1.711294e+02
      vertex   3.556000e+02 3.459330e+02 1.712500e+02
      vertex   3.584000e+02 3.459330e+02 1.712500e+02
    endloop
  endfacet
  facet normal 6.179300e-15 7.933533e-01 6.087614e-01
    outer loop
      vertex   3.584000e+02 3.459330e+02 1.712500e+02
      vertex   3.556000e+02 3.459330e+02 1.712500e+02
      vertex   3.584000e+02 3.458536e+02 1.713536e+02
    endloop
  endfacet
  facet normal 0.000000e+00 7.933533e-01 6.087614e-01
    outer loop
      vertex   3.584000e+02 3.459330e+02 1.712500e+02
      vertex   3.584000e+02 3.458536e+02 1.713536e+02
      vertex   3.612000e+02 3.458536e+02 1.713536e+02
    endloop
  endfacet
  facet normal 0.000000e+00 6.087614e-01 7.933533e-01
    outer loop
      vertex   3.612000e+02 3.458536e+02 1.713536e+02
      vertex   3.584000e+02 3.458536e+02 1.713536e+02
      vertex   3.612000e+02 3.457500e+02 1.714330e+02
    endloop
  endfacet
  facet normal 0.000000e+00 7.933533e-01 6.087614e-01
    outer loop
      vertex   3.584000e+02 3.458536e+02 1.713536e+02
      vertex   3.556000e+02 3.459330e+02 1.712500e+02
      vertex   3.556000e+02 3.458536e+02 1.713536e+02
    endloop
  endfacet
  facet normal 0.000000e+00 6.087614e-01 7.933533e-01
    outer loop
      vertex   3.584000e+02 3.458536e+02 1.713536e+02
      vertex   3.556000e+02 3.458536e+02 1.713536e+02
      vertex   3.584000e+02 3.457500e+02 1.714330e+02
    endloop
  endfacet
  facet normal 0.000000e+00 6.087614e-01 7.933533e-01
    outer loop
      vertex   3.584000e+02 3.457500e+02 1.714330e+02
      vertex   3.556000e+02 3.458536e+02 1.713536e+02
      vertex   3.556000e+02 3.457500e+02 1.714330e+02
    endloop
  endfacet
  facet normal 0.000000e+00 3.826834e-01 9.238795e-01
    outer loop
      vertex   3.584000e+02 3.457500e+02 1.714330e+02
      vertex   3.556000e+02 3.457500e+02 1.714330e+02
      vertex   3.584000e+02 3.456294e+02 1.714830e+02
    endloop
  endfacet
  facet normal 0.000000e+00 3.826834e-01 9.238795e-01
    outer loop
      vertex   3.612000e+02 3.456294e+02 1.714830e+02
      vertex   3.612000e+02 3.457500e+02 1.714330e+02
      vertex   3.584000e+02 3.457500e+02 1.714330e+02
    endloop
  endfacet
  facet normal -0.000000e+00 6.087614e-01 7.933533e-01
    outer loop
      vertex   3.584000e+02 3.457500e+02 1.714330e+02
      vertex   3.612000e+02 3.457500e+02 1.714330e+02
      vertex   3.584000e+02 3.458536e+02 1.713536e+02
    endloop
  endfacet
  facet normal 0.000000e+00 3.826834e-01 9.238795e-01
    outer loop
      vertex   3.612000e+02 3.456294e+02 1.714830e+02
      vertex   3.584000e+02 3.457500e+02 1.714330e+02
      vertex   3.584000e+02 3.456294e+02 1.714830e+02
    endloop
  endfacet
  facet normal -9.896668e-01 5.986381e-02 1.302921e-01
    outer loop
      vertex   3.475000e+02 3.435000e+02 1.710000e+02
      vertex   3.475170e+02 3.435000e+02 1.711294e+02
      vertex   3.475182e+02 3.438013e+02 1.710000e+02
    endloop
  endfacet
  facet normal -9.877942e-01 6.474345e-02 1.416720e-01
    outer loop
      vertex   3.475182e+02 3.438013e+02 1.710000e+02
      vertex   3.475170e+02 3.435000e+02 1.711294e+02
      vertex   3.475383e+02 3.438241e+02 1.711294e+02
    endloop
  endfacet
  facet normal -9.765302e-01 1.789558e-01 1.198484e-01
    outer loop
      vertex   3.475182e+02 3.438013e+02 1.710000e+02
      vertex   3.475383e+02 3.438241e+02 1.711294e+02
      vertex   3.475726e+02 3.440983e+02 1.710000e+02
    endloop
  endfacet
  facet normal -9.695172e-01 1.928490e-01 1.511481e-01
    outer loop
      vertex   3.475726e+02 3.440983e+02 1.710000e+02
      vertex   3.475383e+02 3.438241e+02 1.711294e+02
      vertex   3.476016e+02 3.441426e+02 1.711294e+02
    endloop
  endfacet
  facet normal -9.487920e-01 2.956556e-01 1.112722e-01
    outer loop
      vertex   3.475726e+02 3.440983e+02 1.710000e+02
      vertex   3.476016e+02 3.441426e+02 1.711294e+02
      vertex   3.476625e+02 3.443865e+02 1.710000e+02
    endloop
  endfacet
  facet normal -9.349295e-01 3.173658e-01 1.587003e-01
    outer loop
      vertex   3.476625e+02 3.443865e+02 1.710000e+02
      vertex   3.476016e+02 3.441426e+02 1.711294e+02
      vertex   3.477060e+02 3.444502e+02 1.711294e+02
    endloop
  endfacet
  facet normal -9.068991e-01 4.081621e-01 1.045836e-01
    outer loop
      vertex   3.476625e+02 3.443865e+02 1.710000e+02
      vertex   3.477060e+02 3.444502e+02 1.711294e+02
      vertex   3.477864e+02 3.446618e+02 1.710000e+02
    endloop
  endfacet
  facet normal -8.846776e-01 4.362747e-01 1.643470e-01
    outer loop
      vertex   3.477864e+02 3.446618e+02 1.710000e+02
      vertex   3.477060e+02 3.444502e+02 1.711294e+02
      vertex   3.478497e+02 3.447415e+02 1.711294e+02
    endloop
  endfacet
  facet normal -8.515091e-01 5.147552e-01 9.979675e-02
    outer loop
      vertex   3.477864e+02 3.446618e+02 1.710000e+02
      vertex   3.478497e+02 3.447415e+02 1.711294e+02
      vertex   3.479425e+02 3.449202e+02 1.710000e+02
    endloop
  endfacet
  facet normal -8.196374e-01 5.476642e-01 1.681028e-01
    outer loop
      vertex   3.479425e+02 3.449202e+02 1.710000e+02
      vertex   3.478497e+02 3.447415e+02 1.711294e+02
      vertex   3.480301e+02 3.450115e+02 1.711294e+02
    endloop
  endfacet
  facet normal -7.834775e-01 6.138154e-01 9.692111e-02
    outer loop
      vertex   3.479425e+02 3.449202e+02 1.710000e+02
      vertex   3.480301e+02 3.450115e+02 1.711294e+02
      vertex   3.481287e+02 3.451578e+02 1.710000e+02
    endloop
  endfacet
  facet normal -7.408989e-01 6.497509e-01 1.699781e-01
    outer loop
      vertex   3.481287e+02 3.451578e+02 1.710000e+02
      vertex   3.480301e+02 3.450115e+02 1.711294e+02
      vertex   3.482443e+02 3.452557e+02 1.711294e+02
    endloop
  endfacet
  facet normal -7.038435e-01 7.038435e-01 9.596199e-02
    outer loop
      vertex   3.481287e+02 3.451578e+02 1.710000e+02
      vertex   3.482443e+02 3.452557e+02 1.711294e+02
      vertex   3.483422e+02 3.453713e+02 1.710000e+02
    endloop
  endfacet
  facet normal -6.497509e-01 7.408989e-01 1.699781e-01
    outer loop
      vertex   3.483422e+02 3.453713e+02 1.710000e+02
      vertex   3.482443e+02 3.452557e+02 1.711294e+02
      vertex   3.484885e+02 3.454699e+02 1.711294e+02
    endloop
  endfacet
  facet normal -6.138154e-01 7.834775e-01 9.692111e-02
    outer loop
      vertex   3.483422e+02 3.453713e+02 1.710000e+02
      vertex   3.484885e+02 3.454699e+02 1.711294e+02
      vertex   3.485798e+02 3.455575e+02 1.710000e+02
    endloop
  endfacet
  facet normal -5.476642e-01 8.196374e-01 1.681028e-01
    outer loop
      vertex   3.485798e+02 3.455575e+02 1.710000e+02
      vertex   3.484885e+02 3.454699e+02 1.711294e+02
      vertex   3.487585e+02 3.456503e+02 1.711294e+02
    endloop
  endfacet
  facet normal -5.147552e-01 8.515091e-01 9.979675e-02
    outer loop
      vertex   3.485798e+02 3.455575e+02 1.710000e+02
      vertex   3.487585e+02 3.456503e+02 1.711294e+02
      vertex   3.488382e+02 3.457136e+02 1.710000e+02
    endloop
  endfacet
  facet normal -4.362747e-01 8.846776e-01 1.643470e-01
    outer loop
      vertex   3.488382e+02 3.457136e+02 1.710000e+02
      vertex   3.487585e+02 3.456503e+02 1.711294e+02
      vertex   3.490498e+02 3.457940e+02 1.711294e+02
    endloop
  endfacet
  facet normal -4.081621e-01 9.068991e-01 1.045836e-01
    outer loop
      vertex   3.488382e+02 3.457136e+02 1.710000e+02
      vertex   3.490498e+02 3.457940e+02 1.711294e+02
      vertex   3.491135e+02 3.458375e+02 1.710000e+02
    endloop
  endfacet
  facet normal -3.173658e-01 9.349295e-01 1.587003e-01
    outer loop
      vertex   3.491135e+02 3.458375e+02 1.710000e+02
      vertex   3.490498e+02 3.457940e+02 1.711294e+02
      vertex   3.493574e+02 3.458984e+02 1.711294e+02
    endloop
  endfacet
  facet normal -2.956556e-01 9.487920e-01 1.112722e-01
    outer loop
      vertex   3.491135e+02 3.458375e+02 1.710000e+02
      vertex   3.493574e+02 3.458984e+02 1.711294e+02
      vertex   3.494017e+02 3.459274e+02 1.710000e+02
    endloop
  endfacet
  facet normal -1.928490e-01 9.695172e-01 1.511481e-01
    outer loop
      vertex   3.494017e+02 3.459274e+02 1.710000e+02
      vertex   3.493574e+02 3.458984e+02 1.711294e+02
      vertex   3.496759e+02 3.459617e+02 1.711294e+02
    endloop
  endfacet
  facet normal -1.789558e-01 9.765302e-01 1.198484e-01
    outer loop
      vertex   3.494017e+02 3.459274e+02 1.710000e+02
      vertex   3.496759e+02 3.459617e+02 1.711294e+02
      vertex   3.496987e+02 3.459818e+02 1.710000e+02
    endloop
  endfacet
  facet normal -6.474345e-02 9.877942e-01 1.416720e-01
    outer loop
      vertex   3.496987e+02 3.459818e+02 1.710000e+02
      vertex   3.496759e+02 3.459617e+02 1.711294e+02
      vertex   3.500000e+02 3.459830e+02 1.711294e+02
    endloop
  endfacet
  facet normal -5.986381e-02 9.896668e-01 1.302921e-01
    outer loop
      vertex   3.496987e+02 3.459818e+02 1.710000e+02
      vertex   3.500000e+02 3.459830e+02 1.711294e+02
      vertex   3.500000e+02 3.460000e+02 1.710000e+02
    endloop
  endfacet
  facet normal -9.221903e-01 6.044355e-02 3.819837e-01
    outer loop
      vertex   3.475170e+02 3.435000e+02 1.711294e+02
      vertex   3.475670e+02 3.435000e+02 1.712500e+02
      vertex   3.475383e+02 3.438241e+02 1.711294e+02
    endloop
  endfacet
  facet normal -9.221903e-01 6.044355e-02 3.819837e-01
    outer loop
      vertex   3.475383e+02 3.438241e+02 1.711294e+02
      vertex   3.475670e+02 3.435000e+02 1.712500e+02
      vertex   3.475878e+02 3.438176e+02 1.712500e+02
    endloop
  endfacet
  facet normal -9.064114e-01 1.802964e-01 3.819837e-01
    outer loop
      vertex   3.475383e+02 3.438241e+02 1.711294e+02
      vertex   3.475878e+02 3.438176e+02 1.712500e+02
      vertex   3.476016e+02 3.441426e+02 1.711294e+02
    endloop
  endfacet
  facet normal -9.064114e-01 1.802964e-01 3.819837e-01
    outer loop
      vertex   3.476016e+02 3.441426e+02 1.711294e+02
      vertex   3.475878e+02 3.438176e+02 1.712500e+02
      vertex   3.476499e+02 3.441297e+02 1.712500e+02
    endloop
  endfacet
  facet normal -8.751235e-01 2.970644e-01 3.819837e-01
    outer loop
      vertex   3.476016e+02 3.441426e+02 1.711294e+02
      vertex   3.476499e+02 3.441297e+02 1.712500e+02
      vertex   3.477060e+02 3.444502e+02 1.711294e+02
    endloop
  endfacet
  facet normal -8.751235e-01 2.970644e-01 3.819837e-01
    outer loop
      vertex   3.477060e+02 3.444502e+02 1.711294e+02
      vertex   3.476499e+02 3.441297e+02 1.712500e+02
      vertex   3.477522e+02 3.444311e+02 1.712500e+02
    endloop
  endfacet
  facet normal -8.288620e-01 4.087495e-01 3.819837e-01
    outer loop
      vertex   3.477060e+02 3.444502e+02 1.711294e+02
      vertex   3.477522e+02 3.444311e+02 1.712500e+02
      vertex   3.478497e+02 3.447415e+02 1.711294e+02
    endloop
  endfacet
  facet normal -8.288620e-01 4.087495e-01 3.819837e-01
    outer loop
      vertex   3.478497e+02 3.447415e+02 1.711294e+02
      vertex   3.477522e+02 3.444311e+02 1.712500e+02
      vertex   3.478929e+02 3.447165e+02 1.712500e+02
    endloop
  endfacet
  facet normal -7.684185e-01 5.134408e-01 3.819837e-01
    outer loop
      vertex   3.478497e+02 3.447415e+02 1.711294e+02
      vertex   3.478929e+02 3.447165e+02 1.712500e+02
      vertex   3.480301e+02 3.450115e+02 1.711294e+02
    endloop
  endfacet
  facet normal -7.684185e-01 5.134408e-01 3.819837e-01
    outer loop
      vertex   3.480301e+02 3.450115e+02 1.711294e+02
      vertex   3.478929e+02 3.447165e+02 1.712500e+02
      vertex   3.480698e+02 3.449811e+02 1.712500e+02
    endloop
  endfacet
  facet normal -6.948271e-01 6.093470e-01 3.819837e-01
    outer loop
      vertex   3.480301e+02 3.450115e+02 1.711294e+02
      vertex   3.480698e+02 3.449811e+02 1.712500e+02
      vertex   3.482443e+02 3.452557e+02 1.711294e+02
    endloop
  endfacet
  facet normal -6.948271e-01 6.093470e-01 3.819837e-01
    outer loop
      vertex   3.482443e+02 3.452557e+02 1.711294e+02
      vertex   3.480698e+02 3.449811e+02 1.712500e+02
      vertex   3.482796e+02 3.452204e+02 1.712500e+02
    endloop
  endfacet
  facet normal -6.093470e-01 6.948271e-01 3.819837e-01
    outer loop
      vertex   3.482443e+02 3.452557e+02 1.711294e+02
      vertex   3.482796e+02 3.452204e+02 1.712500e+02
      vertex   3.484885e+02 3.454699e+02 1.711294e+02
    endloop
  endfacet
  facet normal -6.093470e-01 6.948271e-01 3.819837e-01
    outer loop
      vertex   3.484885e+02 3.454699e+02 1.711294e+02
      vertex   3.482796e+02 3.452204e+02 1.712500e+02
      vertex   3.485189e+02 3.454302e+02 1.712500e+02
    endloop
  endfacet
  facet normal -5.134408e-01 7.684185e-01 3.819837e-01
    outer loop
      vertex   3.484885e+02 3.454699e+02 1.711294e+02
      vertex   3.485189e+02 3.454302e+02 1.712500e+02
      vertex   3.487585e+02 3.456503e+02 1.711294e+02
    endloop
  endfacet
  facet normal -5.134408e-01 7.684185e-01 3.819837e-01
    outer loop
      vertex   3.487585e+02 3.456503e+02 1.711294e+02
      vertex   3.485189e+02 3.454302e+02 1.712500e+02
      vertex   3.487835e+02 3.456071e+02 1.712500e+02
    endloop
  endfacet
  facet normal -4.087495e-01 8.288620e-01 3.819837e-01
    outer loop
      vertex   3.487585e+02 3.456503e+02 1.711294e+02
      vertex   3.487835e+02 3.456071e+02 1.712500e+02
      vertex   3.490498e+02 3.457940e+02 1.711294e+02
    endloop
  endfacet
  facet normal -4.087495e-01 8.288620e-01 3.819837e-01
    outer loop
      vertex   3.490498e+02 3.457940e+02 1.711294e+02
      vertex   3.487835e+02 3.456071e+02 1.712500e+02
      vertex   3.490689e+02 3.457478e+02 1.712500e+02
    endloop
  endfacet
  facet normal -2.970644e-01 8.751235e-01 3.819837e-01
    outer loop
      vertex   3.490498e+02 3.457940e+02 1.711294e+02
      vertex   3.490689e+02 3.457478e+02 1.712500e+02
      vertex   3.493574e+02 3.458984e+02 1.711294e+02
    endloop
  endfacet
  facet normal -2.970644e-01 8.751235e-01 3.819837e-01
    outer loop
      vertex   3.493574e+02 3.458984e+02 1.711294e+02
      vertex   3.490689e+02 3.457478e+02 1.712500e+02
      vertex   3.493703e+02 3.458501e+02 1.712500e+02
    endloop
  endfacet
  facet normal -1.802964e-01 9.064114e-01 3.819837e-01
    outer loop
      vertex   3.493574e+02 3.458984e+02 1.711294e+02
      vertex   3.493703e+02 3.458501e+02 1.712500e+02
      vertex   3.496759e+02 3.459617e+02 1.711294e+02
    endloop
  endfacet
  facet normal -1.802964e-01 9.064114e-01 3.819837e-01
    outer loop
      vertex   3.496759e+02 3.459617e+02 1.711294e+02
      vertex   3.493703e+02 3.458501e+02 1.712500e+02
      vertex   3.496824e+02 3.459122e+02 1.712500e+02
    endloop
  endfacet
  facet normal -6.044355e-02 9.221903e-01 3.819837e-01
    outer loop
      vertex   3.496759e+02 3.459617e+02 1.711294e+02
      vertex   3.496824e+02 3.459122e+02 1.712500e+02
      vertex   3.500000e+02 3.459830e+02 1.711294e+02
    endloop
  endfacet
  facet normal -6.044355e-02 9.221903e-01 3.819837e-01
    outer loop
      vertex   3.500000e+02 3.459830e+02 1.711294e+02
      vertex   3.496824e+02 3.459122e+02 1.712500e+02
      vertex   3.500000e+02 3.459330e+02 1.712500e+02
    endloop
  endfacet
  facet normal -5.192897e-02 7.922829e-01 6.079401e-01
    outer loop
      vertex   3.500000e+02 3.459330e+02 1.712500e+02
      vertex   3.496824e+02 3.459122e+02 1.712500e+02
      vertex   3.496928e+02 3.458334e+02 1.713536e+02
    endloop
  endfacet
  facet normal -5.192897e-02 7.922829e-01 6.079401e-01
    outer loop
      vertex   3.500000e+02 3.459330e+02 1.712500e+02
      vertex   3.496928e+02 3.458334e+02 1.713536e+02
      vertex   3.500000e+02 3.458536e+02 1.713536e+02
    endloop
  endfacet
  facet normal -3.986861e-02 6.082774e-01 7.927226e-01
    outer loop
      vertex   3.500000e+02 3.458536e+02 1.713536e+02
      vertex   3.496928e+02 3.458334e+02 1.713536e+02
      vertex   3.497063e+02 3.457308e+02 1.714330e+02
    endloop
  endfacet
  facet normal -3.986861e-02 6.082774e-01 7.927226e-01
    outer loop
      vertex   3.500000e+02 3.458536e+02 1.713536e+02
      vertex   3.497063e+02 3.457308e+02 1.714330e+02
      vertex   3.500000e+02 3.457500e+02 1.714330e+02
    endloop
  endfacet
  facet normal -2.507451e-02 3.825631e-01 9.235891e-01
    outer loop
      vertex   3.500000e+02 3.457500e+02 1.714330e+02
      vertex   3.497063e+02 3.457308e+02 1.714330e+02
      vertex   3.497221e+02 3.456112e+02 1.714830e+02
    endloop
  endfacet
  facet normal -2.507451e-02 3.825631e-01 9.235891e-01
    outer loop
      vertex   3.500000e+02 3.457500e+02 1.714330e+02
      vertex   3.497221e+02 3.456112e+02 1.714830e+02
      vertex   3.500000e+02 3.456294e+02 1.714830e+02
    endloop
  endfacet
  facet normal -8.554826e-03 1.305214e-01 9.914086e-01
    outer loop
      vertex   3.500000e+02 3.456294e+02 1.714830e+02
      vertex   3.497221e+02 3.456112e+02 1.714830e+02
      vertex   3.500000e+02 3.455000e+02 1.715000e+02
    endloop
  endfacet
  facet normal -9.218663e-03 1.288938e-01 9.916156e-01
    outer loop
      vertex   3.500000e+02 3.455000e+02 1.715000e+02
      vertex   3.497221e+02 3.456112e+02 1.714830e+02
      vertex   3.497154e+02 3.454796e+02 1.715000e+02
    endloop
  endfacet
  facet normal -2.579595e-02 1.296850e-01 9.912196e-01
    outer loop
      vertex   3.497154e+02 3.454796e+02 1.715000e+02
      vertex   3.497221e+02 3.456112e+02 1.714830e+02
      vertex   3.494489e+02 3.455569e+02 1.714830e+02
    endloop
  endfacet
  facet normal -2.719093e-02 1.249947e-01 9.917847e-01
    outer loop
      vertex   3.497154e+02 3.454796e+02 1.715000e+02
      vertex   3.494489e+02 3.455569e+02 1.714830e+02
      vertex   3.494365e+02 3.454190e+02 1.715000e+02
    endloop
  endfacet
  facet normal -4.287605e-02 1.263088e-01 9.910639e-01
    outer loop
      vertex   3.494365e+02 3.454190e+02 1.715000e+02
      vertex   3.494489e+02 3.455569e+02 1.714830e+02
      vertex   3.491851e+02 3.454673e+02 1.714830e+02
    endloop
  endfacet
  facet normal -4.435425e-02 1.189184e-01 9.919129e-01
    outer loop
      vertex   3.494365e+02 3.454190e+02 1.715000e+02
      vertex   3.491851e+02 3.454673e+02 1.714830e+02
      vertex   3.491692e+02 3.453193e+02 1.715000e+02
    endloop
  endfacet
  facet normal -5.938726e-02 1.204255e-01 9.909444e-01
    outer loop
      vertex   3.491692e+02 3.453193e+02 1.715000e+02
      vertex   3.491851e+02 3.454673e+02 1.714830e+02
      vertex   3.489353e+02 3.453441e+02 1.714830e+02
    endloop
  endfacet
  facet normal -6.048971e-02 1.107786e-01 9.920026e-01
    outer loop
      vertex   3.491692e+02 3.453193e+02 1.715000e+02
      vertex   3.489353e+02 3.453441e+02 1.714830e+02
      vertex   3.489187e+02 3.451825e+02 1.715000e+02
    endloop
  endfacet
  facet normal -7.492929e-02 1.121396e-01 9.908634e-01
    outer loop
      vertex   3.489187e+02 3.451825e+02 1.715000e+02
      vertex   3.489353e+02 3.453441e+02 1.714830e+02
      vertex   3.487037e+02 3.451894e+02 1.714830e+02
    endloop
  endfacet
  facet normal -7.538886e-02 1.007077e-01 9.920557e-01
    outer loop
      vertex   3.489187e+02 3.451825e+02 1.715000e+02
      vertex   3.487037e+02 3.451894e+02 1.714830e+02
      vertex   3.486903e+02 3.450115e+02 1.715000e+02
    endloop
  endfacet
  facet normal -8.912340e-02 1.016258e-01 9.908225e-01
    outer loop
      vertex   3.486903e+02 3.450115e+02 1.715000e+02
      vertex   3.487037e+02 3.451894e+02 1.714830e+02
      vertex   3.484943e+02 3.450057e+02 1.714830e+02
    endloop
  endfacet
  facet normal -8.885558e-02 8.885558e-02 9.920733e-01
    outer loop
      vertex   3.486903e+02 3.450115e+02 1.715000e+02
      vertex   3.484943e+02 3.450057e+02 1.714830e+02
      vertex   3.484885e+02 3.448097e+02 1.715000e+02
    endloop
  endfacet
  facet normal -1.016258e-01 8.912340e-02 9.908225e-01
    outer loop
      vertex   3.484885e+02 3.448097e+02 1.715000e+02
      vertex   3.484943e+02 3.450057e+02 1.714830e+02
      vertex   3.483106e+02 3.447963e+02 1.714830e+02
    endloop
  endfacet
  facet normal -1.007077e-01 7.538886e-02 9.920557e-01
    outer loop
      vertex   3.484885e+02 3.448097e+02 1.715000e+02
      vertex   3.483106e+02 3.447963e+02 1.714830e+02
      vertex   3.483175e+02 3.445813e+02 1.715000e+02
    endloop
  endfacet
  facet normal -1.121396e-01 7.492929e-02 9.908634e-01
    outer loop
      vertex   3.483175e+02 3.445813e+02 1.715000e+02
      vertex   3.483106e+02 3.447963e+02 1.714830e+02
      vertex   3.481559e+02 3.445647e+02 1.714830e+02
    endloop
  endfacet
  facet normal -1.107786e-01 6.048971e-02 9.920026e-01
    outer loop
      vertex   3.483175e+02 3.445813e+02 1.715000e+02
      vertex   3.481559e+02 3.445647e+02 1.714830e+02
      vertex   3.481807e+02 3.443308e+02 1.715000e+02
    endloop
  endfacet
  facet normal -1.204255e-01 5.938726e-02 9.909444e-01
    outer loop
      vertex   3.481807e+02 3.443308e+02 1.715000e+02
      vertex   3.481559e+02 3.445647e+02 1.714830e+02
      vertex   3.480327e+02 3.443149e+02 1.714830e+02
    endloop
  endfacet
  facet normal -1.189184e-01 4.435425e-02 9.919129e-01
    outer loop
      vertex   3.481807e+02 3.443308e+02 1.715000e+02
      vertex   3.480327e+02 3.443149e+02 1.714830e+02
      vertex   3.480810e+02 3.440635e+02 1.715000e+02
    endloop
  endfacet
  facet normal -1.263088e-01 4.287605e-02 9.910639e-01
    outer loop
      vertex   3.480810e+02 3.440635e+02 1.715000e+02
      vertex   3.480327e+02 3.443149e+02 1.714830e+02
      vertex   3.479431e+02 3.440511e+02 1.714830e+02
    endloop
  endfacet
  facet normal -1.249947e-01 2.719093e-02 9.917847e-01
    outer loop
      vertex   3.480810e+02 3.440635e+02 1.715000e+02
      vertex   3.479431e+02 3.440511e+02 1.714830e+02
      vertex   3.480204e+02 3.437846e+02 1.715000e+02
    endloop
  endfacet
  facet normal -1.296850e-01 2.579595e-02 9.912196e-01
    outer loop
      vertex   3.480204e+02 3.437846e+02 1.715000e+02
      vertex   3.479431e+02 3.440511e+02 1.714830e+02
      vertex   3.478888e+02 3.437779e+02 1.714830e+02
    endloop
  endfacet
  facet normal -1.288938e-01 9.218663e-03 9.916156e-01
    outer loop
      vertex   3.480204e+02 3.437846e+02 1.715000e+02
      vertex   3.478888e+02 3.437779e+02 1.714830e+02
      vertex   3.480000e+02 3.435000e+02 1.715000e+02
    endloop
  endfacet
  facet normal -1.305214e-01 8.554826e-03 9.914086e-01
    outer loop
      vertex   3.480000e+02 3.435000e+02 1.715000e+02
      vertex   3.478888e+02 3.437779e+02 1.714830e+02
      vertex   3.478706e+02 3.435000e+02 1.714830e+02
    endloop
  endfacet
  facet normal -3.825631e-01 2.507451e-02 9.235891e-01
    outer loop
      vertex   3.478706e+02 3.435000e+02 1.714830e+02
      vertex   3.478888e+02 3.437779e+02 1.714830e+02
      vertex   3.477692e+02 3.437937e+02 1.714330e+02
    endloop
  endfacet
  facet normal -3.825631e-01 2.507451e-02 9.235891e-01
    outer loop
      vertex   3.478706e+02 3.435000e+02 1.714830e+02
      vertex   3.477692e+02 3.437937e+02 1.714330e+02
      vertex   3.477500e+02 3.435000e+02 1.714330e+02
    endloop
  endfacet
  facet normal -6.082774e-01 3.986861e-02 7.927226e-01
    outer loop
      vertex   3.477500e+02 3.435000e+02 1.714330e+02
      vertex   3.477692e+02 3.437937e+02 1.714330e+02
      vertex   3.476666e+02 3.438072e+02 1.713536e+02
    endloop
  endfacet
  facet normal -6.082774e-01 3.986861e-02 7.927226e-01
    outer loop
      vertex   3.477500e+02 3.435000e+02 1.714330e+02
      vertex   3.476666e+02 3.438072e+02 1.713536e+02
      vertex   3.476464e+02 3.435000e+02 1.713536e+02
    endloop
  endfacet
  facet normal -7.922829e-01 5.192897e-02 6.079401e-01
    outer loop
      vertex   3.476464e+02 3.435000e+02 1.713536e+02
      vertex   3.476666e+02 3.438072e+02 1.713536e+02
      vertex   3.475878e+02 3.438176e+02 1.712500e+02
    endloop
  endfacet
  facet normal -7.922829e-01 5.192897e-02 6.079401e-01
    outer loop
      vertex   3.476464e+02 3.435000e+02 1.713536e+02
      vertex   3.475878e+02 3.438176e+02 1.712500e+02
      vertex   3.475670e+02 3.435000e+02 1.712500e+02
    endloop
  endfacet
  facet normal -3.760174e-01 7.479450e-02 9.235891e-01
    outer loop
      vertex   3.477692e+02 3.437937e+02 1.714330e+02
      vertex   3.478888e+02 3.437779e+02 1.714830e+02
      vertex   3.478267e+02 3.440823e+02 1.714330e+02
    endloop
  endfacet
  facet normal -3.760174e-01 7.479450e-02 9.235891e-01
    outer loop
      vertex   3.478267e+02 3.440823e+02 1.714330e+02
      vertex   3.478888e+02 3.437779e+02 1.714830e+02
      vertex   3.479431e+02 3.440511e+02 1.714830e+02
    endloop
  endfacet
  facet normal -3.630378e-01 1.232347e-01 9.235891e-01
    outer loop
      vertex   3.478267e+02 3.440823e+02 1.714330e+02
      vertex   3.479431e+02 3.440511e+02 1.714830e+02
      vertex   3.479213e+02 3.443610e+02 1.714330e+02
    endloop
  endfacet
  facet normal -3.630378e-01 1.232347e-01 9.235891e-01
    outer loop
      vertex   3.479213e+02 3.443610e+02 1.714330e+02
      vertex   3.479431e+02 3.440511e+02 1.714830e+02
      vertex   3.480327e+02 3.443149e+02 1.714830e+02
    endloop
  endfacet
  facet normal -3.438466e-01 1.695664e-01 9.235891e-01
    outer loop
      vertex   3.479213e+02 3.443610e+02 1.714330e+02
      vertex   3.480327e+02 3.443149e+02 1.714830e+02
      vertex   3.480514e+02 3.446250e+02 1.714330e+02
    endloop
  endfacet
  facet normal -3.438466e-01 1.695664e-01 9.235891e-01
    outer loop
      vertex   3.480514e+02 3.446250e+02 1.714330e+02
      vertex   3.480327e+02 3.443149e+02 1.714830e+02
      vertex   3.481559e+02 3.445647e+02 1.714830e+02
    endloop
  endfacet
  facet normal -3.187721e-01 2.129967e-01 9.235891e-01
    outer loop
      vertex   3.480514e+02 3.446250e+02 1.714330e+02
      vertex   3.481559e+02 3.445647e+02 1.714830e+02
      vertex   3.482150e+02 3.448697e+02 1.714330e+02
    endloop
  endfacet
  facet normal -3.187721e-01 2.129967e-01 9.235891e-01
    outer loop
      vertex   3.482150e+02 3.448697e+02 1.714330e+02
      vertex   3.481559e+02 3.445647e+02 1.714830e+02
      vertex   3.483106e+02 3.447963e+02 1.714830e+02
    endloop
  endfacet
  facet normal -2.882433e-01 2.527826e-01 9.235891e-01
    outer loop
      vertex   3.482150e+02 3.448697e+02 1.714330e+02
      vertex   3.483106e+02 3.447963e+02 1.714830e+02
      vertex   3.484090e+02 3.450910e+02 1.714330e+02
    endloop
  endfacet
  facet normal -2.882433e-01 2.527826e-01 9.235891e-01
    outer loop
      vertex   3.484090e+02 3.450910e+02 1.714330e+02
      vertex   3.483106e+02 3.447963e+02 1.714830e+02
      vertex   3.484943e+02 3.450057e+02 1.714830e+02
    endloop
  endfacet
  facet normal -2.527826e-01 2.882433e-01 9.235891e-01
    outer loop
      vertex   3.484090e+02 3.450910e+02 1.714330e+02
      vertex   3.484943e+02 3.450057e+02 1.714830e+02
      vertex   3.486303e+02 3.452850e+02 1.714330e+02
    endloop
  endfacet
  facet normal -2.527826e-01 2.882433e-01 9.235891e-01
    outer loop
      vertex   3.486303e+02 3.452850e+02 1.714330e+02
      vertex   3.484943e+02 3.450057e+02 1.714830e+02
      vertex   3.487037e+02 3.451894e+02 1.714830e+02
    endloop
  endfacet
  facet normal -2.129967e-01 3.187721e-01 9.235891e-01
    outer loop
      vertex   3.486303e+02 3.452850e+02 1.714330e+02
      vertex   3.487037e+02 3.451894e+02 1.714830e+02
      vertex   3.488750e+02 3.454486e+02 1.714330e+02
    endloop
  endfacet
  facet normal -2.129967e-01 3.187721e-01 9.235891e-01
    outer loop
      vertex   3.488750e+02 3.454486e+02 1.714330e+02
      vertex   3.487037e+02 3.451894e+02 1.714830e+02
      vertex   3.489353e+02 3.453441e+02 1.714830e+02
    endloop
  endfacet
  facet normal -1.695664e-01 3.438466e-01 9.235891e-01
    outer loop
      vertex   3.488750e+02 3.454486e+02 1.714330e+02
      vertex   3.489353e+02 3.453441e+02 1.714830e+02
      vertex   3.491390e+02 3.455787e+02 1.714330e+02
    endloop
  endfacet
  facet normal -1.695664e-01 3.438466e-01 9.235891e-01
    outer loop
      vertex   3.491390e+02 3.455787e+02 1.714330e+02
      vertex   3.489353e+02 3.453441e+02 1.714830e+02
      vertex   3.491851e+02 3.454673e+02 1.714830e+02
    endloop
  endfacet
  facet normal -1.232347e-01 3.630378e-01 9.235891e-01
    outer loop
      vertex   3.491390e+02 3.455787e+02 1.714330e+02
      vertex   3.491851e+02 3.454673e+02 1.714830e+02
      vertex   3.494177e+02 3.456733e+02 1.714330e+02
    endloop
  endfacet
  facet normal -1.232347e-01 3.630378e-01 9.235891e-01
    outer loop
      vertex   3.494177e+02 3.456733e+02 1.714330e+02
      vertex   3.491851e+02 3.454673e+02 1.714830e+02
      vertex   3.494489e+02 3.455569e+02 1.714830e+02
    endloop
  endfacet
  facet normal -7.479450e-02 3.760174e-01 9.235891e-01
    outer loop
      vertex   3.494177e+02 3.456733e+02 1.714330e+02
      vertex   3.494489e+02 3.455569e+02 1.714830e+02
      vertex   3.497063e+02 3.457308e+02 1.714330e+02
    endloop
  endfacet
  facet normal -7.479450e-02 3.760174e-01 9.235891e-01
    outer loop
      vertex   3.497063e+02 3.457308e+02 1.714330e+02
      vertex   3.494489e+02 3.455569e+02 1.714830e+02
      vertex   3.497221e+02 3.456112e+02 1.714830e+02
    endloop
  endfacet
  facet normal -7.787268e-01 1.548984e-01 6.079401e-01
    outer loop
      vertex   3.476499e+02 3.441297e+02 1.712500e+02
      vertex   3.475878e+02 3.438176e+02 1.712500e+02
      vertex   3.476666e+02 3.438072e+02 1.713536e+02
    endloop
  endfacet
  facet normal -5.978696e-01 1.189237e-01 7.927226e-01
    outer loop
      vertex   3.476666e+02 3.438072e+02 1.713536e+02
      vertex   3.477692e+02 3.437937e+02 1.714330e+02
      vertex   3.477266e+02 3.441091e+02 1.713536e+02
    endloop
  endfacet
  facet normal -5.978696e-01 1.189237e-01 7.927226e-01
    outer loop
      vertex   3.477266e+02 3.441091e+02 1.713536e+02
      vertex   3.477692e+02 3.437937e+02 1.714330e+02
      vertex   3.478267e+02 3.440823e+02 1.714330e+02
    endloop
  endfacet
  facet normal -5.772321e-01 1.959439e-01 7.927226e-01
    outer loop
      vertex   3.477266e+02 3.441091e+02 1.713536e+02
      vertex   3.478267e+02 3.440823e+02 1.714330e+02
      vertex   3.478256e+02 3.444007e+02 1.713536e+02
    endloop
  endfacet
  facet normal -5.772321e-01 1.959439e-01 7.927226e-01
    outer loop
      vertex   3.478256e+02 3.444007e+02 1.713536e+02
      vertex   3.478267e+02 3.440823e+02 1.714330e+02
      vertex   3.479213e+02 3.443610e+02 1.714330e+02
    endloop
  endfacet
  facet normal -5.467180e-01 2.696115e-01 7.927226e-01
    outer loop
      vertex   3.478256e+02 3.444007e+02 1.713536e+02
      vertex   3.479213e+02 3.443610e+02 1.714330e+02
      vertex   3.479618e+02 3.446768e+02 1.713536e+02
    endloop
  endfacet
  facet normal -5.467180e-01 2.696115e-01 7.927226e-01
    outer loop
      vertex   3.479618e+02 3.446768e+02 1.713536e+02
      vertex   3.479213e+02 3.443610e+02 1.714330e+02
      vertex   3.480514e+02 3.446250e+02 1.714330e+02
    endloop
  endfacet
  facet normal -5.068494e-01 3.386659e-01 7.927226e-01
    outer loop
      vertex   3.479618e+02 3.446768e+02 1.713536e+02
      vertex   3.480514e+02 3.446250e+02 1.714330e+02
      vertex   3.481328e+02 3.449328e+02 1.713536e+02
    endloop
  endfacet
  facet normal -5.068494e-01 3.386659e-01 7.927226e-01
    outer loop
      vertex   3.481328e+02 3.449328e+02 1.713536e+02
      vertex   3.480514e+02 3.446250e+02 1.714330e+02
      vertex   3.482150e+02 3.448697e+02 1.714330e+02
    endloop
  endfacet
  facet normal -4.583085e-01 4.019257e-01 7.927226e-01
    outer loop
      vertex   3.481328e+02 3.449328e+02 1.713536e+02
      vertex   3.482150e+02 3.448697e+02 1.714330e+02
      vertex   3.483358e+02 3.451642e+02 1.713536e+02
    endloop
  endfacet
  facet normal -4.583085e-01 4.019257e-01 7.927226e-01
    outer loop
      vertex   3.483358e+02 3.451642e+02 1.713536e+02
      vertex   3.482150e+02 3.448697e+02 1.714330e+02
      vertex   3.484090e+02 3.450910e+02 1.714330e+02
    endloop
  endfacet
  facet normal -4.019257e-01 4.583085e-01 7.927226e-01
    outer loop
      vertex   3.483358e+02 3.451642e+02 1.713536e+02
      vertex   3.484090e+02 3.450910e+02 1.714330e+02
      vertex   3.485672e+02 3.453672e+02 1.713536e+02
    endloop
  endfacet
  facet normal -4.019257e-01 4.583085e-01 7.927226e-01
    outer loop
      vertex   3.485672e+02 3.453672e+02 1.713536e+02
      vertex   3.484090e+02 3.450910e+02 1.714330e+02
      vertex   3.486303e+02 3.452850e+02 1.714330e+02
    endloop
  endfacet
  facet normal -3.386659e-01 5.068494e-01 7.927226e-01
    outer loop
      vertex   3.485672e+02 3.453672e+02 1.713536e+02
      vertex   3.486303e+02 3.452850e+02 1.714330e+02
      vertex   3.488232e+02 3.455382e+02 1.713536e+02
    endloop
  endfacet
  facet normal -3.386659e-01 5.068494e-01 7.927226e-01
    outer loop
      vertex   3.488232e+02 3.455382e+02 1.713536e+02
      vertex   3.486303e+02 3.452850e+02 1.714330e+02
      vertex   3.488750e+02 3.454486e+02 1.714330e+02
    endloop
  endfacet
  facet normal -2.696115e-01 5.467180e-01 7.927226e-01
    outer loop
      vertex   3.488232e+02 3.455382e+02 1.713536e+02
      vertex   3.488750e+02 3.454486e+02 1.714330e+02
      vertex   3.490993e+02 3.456744e+02 1.713536e+02
    endloop
  endfacet
  facet normal -2.696115e-01 5.467180e-01 7.927226e-01
    outer loop
      vertex   3.490993e+02 3.456744e+02 1.713536e+02
      vertex   3.488750e+02 3.454486e+02 1.714330e+02
      vertex   3.491390e+02 3.455787e+02 1.714330e+02
    endloop
  endfacet
  facet normal -1.959439e-01 5.772321e-01 7.927226e-01
    outer loop
      vertex   3.490993e+02 3.456744e+02 1.713536e+02
      vertex   3.491390e+02 3.455787e+02 1.714330e+02
      vertex   3.493909e+02 3.457734e+02 1.713536e+02
    endloop
  endfacet
  facet normal -1.959439e-01 5.772321e-01 7.927226e-01
    outer loop
      vertex   3.493909e+02 3.457734e+02 1.713536e+02
      vertex   3.491390e+02 3.455787e+02 1.714330e+02
      vertex   3.494177e+02 3.456733e+02 1.714330e+02
    endloop
  endfacet
  facet normal -1.189237e-01 5.978696e-01 7.927226e-01
    outer loop
      vertex   3.493909e+02 3.457734e+02 1.713536e+02
      vertex   3.494177e+02 3.456733e+02 1.714330e+02
      vertex   3.496928e+02 3.458334e+02 1.713536e+02
    endloop
  endfacet
  facet normal -1.189237e-01 5.978696e-01 7.927226e-01
    outer loop
      vertex   3.496928e+02 3.458334e+02 1.713536e+02
      vertex   3.494177e+02 3.456733e+02 1.714330e+02
      vertex   3.497063e+02 3.457308e+02 1.714330e+02
    endloop
  endfacet
  facet normal -7.518463e-01 2.552174e-01 6.079401e-01
    outer loop
      vertex   3.477522e+02 3.444311e+02 1.712500e+02
      vertex   3.476499e+02 3.441297e+02 1.712500e+02
      vertex   3.477266e+02 3.441091e+02 1.713536e+02
    endloop
  endfacet
  facet normal -7.787268e-01 1.548984e-01 6.079401e-01
    outer loop
      vertex   3.477266e+02 3.441091e+02 1.713536e+02
      vertex   3.476499e+02 3.441297e+02 1.712500e+02
      vertex   3.476666e+02 3.438072e+02 1.713536e+02
    endloop
  endfacet
  facet normal -7.518463e-01 2.552174e-01 6.079401e-01
    outer loop
      vertex   3.477522e+02 3.444311e+02 1.712500e+02
      vertex   3.477266e+02 3.441091e+02 1.713536e+02
      vertex   3.478256e+02 3.444007e+02 1.713536e+02
    endloop
  endfacet
  facet normal -7.121016e-01 3.511697e-01 6.079401e-01
    outer loop
      vertex   3.478929e+02 3.447165e+02 1.712500e+02
      vertex   3.477522e+02 3.444311e+02 1.712500e+02
      vertex   3.478256e+02 3.444007e+02 1.713536e+02
    endloop
  endfacet
  facet normal -7.121016e-01 3.511697e-01 6.079401e-01
    outer loop
      vertex   3.478929e+02 3.447165e+02 1.712500e+02
      vertex   3.478256e+02 3.444007e+02 1.713536e+02
      vertex   3.479618e+02 3.446768e+02 1.713536e+02
    endloop
  endfacet
  facet normal -6.601727e-01 4.411133e-01 6.079401e-01
    outer loop
      vertex   3.480698e+02 3.449811e+02 1.712500e+02
      vertex   3.478929e+02 3.447165e+02 1.712500e+02
      vertex   3.479618e+02 3.446768e+02 1.713536e+02
    endloop
  endfacet
  facet normal -6.601727e-01 4.411133e-01 6.079401e-01
    outer loop
      vertex   3.480698e+02 3.449811e+02 1.712500e+02
      vertex   3.479618e+02 3.446768e+02 1.713536e+02
      vertex   3.481328e+02 3.449328e+02 1.713536e+02
    endloop
  endfacet
  facet normal -5.969480e-01 5.235093e-01 6.079401e-01
    outer loop
      vertex   3.482796e+02 3.452204e+02 1.712500e+02
      vertex   3.480698e+02 3.449811e+02 1.712500e+02
      vertex   3.481328e+02 3.449328e+02 1.713536e+02
    endloop
  endfacet
  facet normal -5.969480e-01 5.235093e-01 6.079401e-01
    outer loop
      vertex   3.482796e+02 3.452204e+02 1.712500e+02
      vertex   3.481328e+02 3.449328e+02 1.713536e+02
      vertex   3.483358e+02 3.451642e+02 1.713536e+02
    endloop
  endfacet
  facet normal -5.235093e-01 5.969480e-01 6.079401e-01
    outer loop
      vertex   3.485189e+02 3.454302e+02 1.712500e+02
      vertex   3.482796e+02 3.452204e+02 1.712500e+02
      vertex   3.483358e+02 3.451642e+02 1.713536e+02
    endloop
  endfacet
  facet normal -5.235093e-01 5.969480e-01 6.079401e-01
    outer loop
      vertex   3.485189e+02 3.454302e+02 1.712500e+02
      vertex   3.483358e+02 3.451642e+02 1.713536e+02
      vertex   3.485672e+02 3.453672e+02 1.713536e+02
    endloop
  endfacet
  facet normal -4.411133e-01 6.601727e-01 6.079401e-01
    outer loop
      vertex   3.487835e+02 3.456071e+02 1.712500e+02
      vertex   3.485189e+02 3.454302e+02 1.712500e+02
      vertex   3.485672e+02 3.453672e+02 1.713536e+02
    endloop
  endfacet
  facet normal -4.411133e-01 6.601727e-01 6.079401e-01
    outer loop
      vertex   3.487835e+02 3.456071e+02 1.712500e+02
      vertex   3.485672e+02 3.453672e+02 1.713536e+02
      vertex   3.488232e+02 3.455382e+02 1.713536e+02
    endloop
  endfacet
  facet normal -3.511697e-01 7.121016e-01 6.079401e-01
    outer loop
      vertex   3.490689e+02 3.457478e+02 1.712500e+02
      vertex   3.487835e+02 3.456071e+02 1.712500e+02
      vertex   3.488232e+02 3.455382e+02 1.713536e+02
    endloop
  endfacet
  facet normal -3.511697e-01 7.121016e-01 6.079401e-01
    outer loop
      vertex   3.490689e+02 3.457478e+02 1.712500e+02
      vertex   3.488232e+02 3.455382e+02 1.713536e+02
      vertex   3.490993e+02 3.456744e+02 1.713536e+02
    endloop
  endfacet
  facet normal -2.552174e-01 7.518463e-01 6.079401e-01
    outer loop
      vertex   3.493703e+02 3.458501e+02 1.712500e+02
      vertex   3.490689e+02 3.457478e+02 1.712500e+02
      vertex   3.490993e+02 3.456744e+02 1.713536e+02
    endloop
  endfacet
  facet normal -2.552174e-01 7.518463e-01 6.079401e-01
    outer loop
      vertex   3.493703e+02 3.458501e+02 1.712500e+02
      vertex   3.490993e+02 3.456744e+02 1.713536e+02
      vertex   3.493909e+02 3.457734e+02 1.713536e+02
    endloop
  endfacet
  facet normal -1.548984e-01 7.787268e-01 6.079401e-01
    outer loop
      vertex   3.496824e+02 3.459122e+02 1.712500e+02
      vertex   3.493703e+02 3.458501e+02 1.712500e+02
      vertex   3.493909e+02 3.457734e+02 1.713536e+02
    endloop
  endfacet
  facet normal -1.548984e-01 7.787268e-01 6.079401e-01
    outer loop
      vertex   3.496824e+02 3.459122e+02 1.712500e+02
      vertex   3.493909e+02 3.457734e+02 1.713536e+02
      vertex   3.496928e+02 3.458334e+02 1.713536e+02
    endloop
  endfacet
  facet normal -9.914449e-01 0.000000e+00 1.305262e-01
    outer loop
      vertex   3.475170e+02 3.285000e+02 1.711294e+02
      vertex   3.475170e+02 3.310000e+02 1.711294e+02
      vertex   3.475000e+02 3.285000e+02 1.710000e+02
    endloop
  endfacet
  facet normal -9.914449e-01 0.000000e+00 1.305262e-01
    outer loop
      vertex   3.475000e+02 3.285000e+02 1.710000e+02
      vertex   3.475170e+02 3.310000e+02 1.711294e+02
      vertex   3.475170e+02 3.335000e+02 1.711294e+02
    endloop
  endfacet
  facet normal -9.914449e-01 0.000000e+00 1.305262e-01
    outer loop
      vertex   3.475000e+02 3.285000e+02 1.710000e+02
      vertex   3.475170e+02 3.335000e+02 1.711294e+02
      vertex   3.475170e+02 3.360000e+02 1.711294e+02
    endloop
  endfacet
  facet normal -9.238795e-01 0.000000e+00 3.826834e-01
    outer loop
      vertex   3.475170e+02 3.360000e+02 1.711294e+02
      vertex   3.475170e+02 3.335000e+02 1.711294e+02
      vertex   3.475670e+02 3.360000e+02 1.712500e+02
    endloop
  endfacet
  facet normal -9.238795e-01 0.000000e+00 3.826834e-01
    outer loop
      vertex   3.475170e+02 3.360000e+02 1.711294e+02
      vertex   3.475670e+02 3.360000e+02 1.712500e+02
      vertex   3.475670e+02 3.385000e+02 1.712500e+02
    endloop
  endfacet
  facet normal -7.933533e-01 0.000000e+00 6.087614e-01
    outer loop
      vertex   3.475670e+02 3.385000e+02 1.712500e+02
      vertex   3.475670e+02 3.360000e+02 1.712500e+02
      vertex   3.476464e+02 3.385000e+02 1.713536e+02
    endloop
  endfacet
  facet normal -7.933533e-01 0.000000e+00 6.087614e-01
    outer loop
      vertex   3.475670e+02 3.385000e+02 1.712500e+02
      vertex   3.476464e+02 3.385000e+02 1.713536e+02
      vertex   3.476464e+02 3.410000e+02 1.713536e+02
    endloop
  endfacet
  facet normal -6.087614e-01 0.000000e+00 7.933533e-01
    outer loop
      vertex   3.476464e+02 3.410000e+02 1.713536e+02
      vertex   3.476464e+02 3.385000e+02 1.713536e+02
      vertex   3.477500e+02 3.410000e+02 1.714330e+02
    endloop
  endfacet
  facet normal -6.087614e-01 9.016094e-15 7.933533e-01
    outer loop
      vertex   3.476464e+02 3.410000e+02 1.713536e+02
      vertex   3.477500e+02 3.410000e+02 1.714330e+02
      vertex   3.477500e+02 3.435000e+02 1.714330e+02
    endloop
  endfacet
  facet normal -3.826834e-01 1.050329e-14 9.238795e-01
    outer loop
      vertex   3.477500e+02 3.435000e+02 1.714330e+02
      vertex   3.477500e+02 3.410000e+02 1.714330e+02
      vertex   3.478706e+02 3.435000e+02 1.714830e+02
    endloop
  endfacet
  facet normal -3.826834e-01 2.100659e-14 9.238795e-01
    outer loop
      vertex   3.478706e+02 3.435000e+02 1.714830e+02
      vertex   3.477500e+02 3.410000e+02 1.714330e+02
      vertex   3.478706e+02 3.410000e+02 1.714830e+02
    endloop
  endfacet
  facet normal -1.305262e-01 2.254285e-14 9.914449e-01
    outer loop
      vertex   3.478706e+02 3.435000e+02 1.714830e+02
      vertex   3.478706e+02 3.410000e+02 1.714830e+02
      vertex   3.480000e+02 3.435000e+02 1.715000e+02
    endloop
  endfacet
  facet normal -1.305262e-01 0.000000e+00 9.914449e-01
    outer loop
      vertex   3.480000e+02 3.435000e+02 1.715000e+02
      vertex   3.478706e+02 3.410000e+02 1.714830e+02
      vertex   3.478706e+02 3.385000e+02 1.714830e+02
    endloop
  endfacet
  facet normal -1.305262e-01 0.000000e+00 9.914449e-01
    outer loop
      vertex   3.480000e+02 3.435000e+02 1.715000e+02
      vertex   3.478706e+02 3.385000e+02 1.714830e+02
      vertex   3.478706e+02 3.360000e+02 1.714830e+02
    endloop
  endfacet
  facet normal -3.826834e-01 0.000000e+00 9.238795e-01
    outer loop
      vertex   3.478706e+02 3.360000e+02 1.714830e+02
      vertex   3.478706e+02 3.385000e+02 1.714830e+02
      vertex   3.477500e+02 3.360000e+02 1.714330e+02
    endloop
  endfacet
  facet normal -3.826834e-01 0.000000e+00 9.238795e-01
    outer loop
      vertex   3.478706e+02 3.360000e+02 1.714830e+02
      vertex   3.477500e+02 3.360000e+02 1.714330e+02
      vertex   3.477500e+02 3.335000e+02 1.714330e+02
    endloop
  endfacet
  facet normal -6.087614e-01 0.000000e+00 7.933533e-01
    outer loop
      vertex   3.477500e+02 3.335000e+02 1.714330e+02
      vertex   3.477500e+02 3.360000e+02 1.714330e+02
      vertex   3.476464e+02 3.335000e+02 1.713536e+02
    endloop
  endfacet
  facet normal -6.087614e-01 0.000000e+00 7.933533e-01
    outer loop
      vertex   3.477500e+02 3.335000e+02 1.714330e+02
      vertex   3.476464e+02 3.335000e+02 1.713536e+02
      vertex   3.476464e+02 3.310000e+02 1.713536e+02
    endloop
  endfacet
  facet normal -7.933533e-01 0.000000e+00 6.087614e-01
    outer loop
      vertex   3.476464e+02 3.310000e+02 1.713536e+02
      vertex   3.476464e+02 3.335000e+02 1.713536e+02
      vertex   3.475670e+02 3.310000e+02 1.712500e+02
    endloop
  endfacet
  facet normal -7.933533e-01 -6.921553e-15 6.087614e-01
    outer loop
      vertex   3.476464e+02 3.310000e+02 1.713536e+02
      vertex   3.475670e+02 3.310000e+02 1.712500e+02
      vertex   3.475670e+02 3.285000e+02 1.712500e+02
    endloop
  endfacet
  facet normal -9.238795e-01 -4.350607e-15 3.826834e-01
    outer loop
      vertex   3.475670e+02 3.285000e+02 1.712500e+02
      vertex   3.475670e+02 3.310000e+02 1.712500e+02
      vertex   3.475170e+02 3.285000e+02 1.711294e+02
    endloop
  endfacet
  facet normal -9.238795e-01 0.000000e+00 3.826834e-01
    outer loop
      vertex   3.475170e+02 3.285000e+02 1.711294e+02
      vertex   3.475670e+02 3.310000e+02 1.712500e+02
      vertex   3.475170e+02 3.310000e+02 1.711294e+02
    endloop
  endfacet
  facet normal -7.933533e-01 -2.495906e-14 6.087614e-01
    outer loop
      vertex   3.475670e+02 3.285000e+02 1.712500e+02
      vertex   3.476464e+02 3.285000e+02 1.713536e+02
      vertex   3.476464e+02 3.310000e+02 1.713536e+02
    endloop
  endfacet
  facet normal -6.087614e-01 -2.286102e-14 7.933533e-01
    outer loop
      vertex   3.476464e+02 3.310000e+02 1.713536e+02
      vertex   3.476464e+02 3.285000e+02 1.713536e+02
      vertex   3.477500e+02 3.310000e+02 1.714330e+02
    endloop
  endfacet
  facet normal -6.087614e-01 0.000000e+00 7.933533e-01
    outer loop
      vertex   3.476464e+02 3.310000e+02 1.713536e+02
      vertex   3.477500e+02 3.310000e+02 1.714330e+02
      vertex   3.477500e+02 3.335000e+02 1.714330e+02
    endloop
  endfacet
  facet normal -3.826834e-01 0.000000e+00 9.238795e-01
    outer loop
      vertex   3.477500e+02 3.335000e+02 1.714330e+02
      vertex   3.477500e+02 3.310000e+02 1.714330e+02
      vertex   3.478706e+02 3.335000e+02 1.714830e+02
    endloop
  endfacet
  facet normal -3.826834e-01 0.000000e+00 9.238795e-01
    outer loop
      vertex   3.477500e+02 3.335000e+02 1.714330e+02
      vertex   3.478706e+02 3.335000e+02 1.714830e+02
      vertex   3.478706e+02 3.360000e+02 1.714830e+02
    endloop
  endfacet
  facet normal -1.305262e-01 0.000000e+00 9.914449e-01
    outer loop
      vertex   3.478706e+02 3.360000e+02 1.714830e+02
      vertex   3.478706e+02 3.335000e+02 1.714830e+02
      vertex   3.480000e+02 3.285000e+02 1.715000e+02
    endloop
  endfacet
  facet normal -1.305262e-01 0.000000e+00 9.914449e-01
    outer loop
      vertex   3.478706e+02 3.360000e+02 1.714830e+02
      vertex   3.480000e+02 3.285000e+02 1.715000e+02
      vertex   3.480000e+02 3.435000e+02 1.715000e+02
    endloop
  endfacet
  facet normal -6.087614e-01 -9.016094e-15 7.933533e-01
    outer loop
      vertex   3.476464e+02 3.285000e+02 1.713536e+02
      vertex   3.477500e+02 3.285000e+02 1.714330e+02
      vertex   3.477500e+02 3.310000e+02 1.714330e+02
    endloop
  endfacet
  facet normal -3.826834e-01 -1.050329e-14 9.238795e-01
    outer loop
      vertex   3.477500e+02 3.310000e+02 1.714330e+02
      vertex   3.477500e+02 3.285000e+02 1.714330e+02
      vertex   3.478706e+02 3.310000e+02 1.714830e+02
    endloop
  endfacet
  facet normal -3.826834e-01 0.000000e+00 9.238795e-01
    outer loop
      vertex   3.477500e+02 3.310000e+02 1.714330e+02
      vertex   3.478706e+02 3.310000e+02 1.714830e+02
      vertex   3.478706e+02 3.335000e+02 1.714830e+02
    endloop
  endfacet
  facet normal -1.305262e-01 0.000000e+00 9.914449e-01
    outer loop
      vertex   3.478706e+02 3.335000e+02 1.714830e+02
      vertex   3.478706e+02 3.310000e+02 1.714830e+02
      vertex   3.480000e+02 3.285000e+02 1.715000e+02
    endloop
  endfacet
  facet normal -3.826834e-01 -2.100654e-14 9.238795e-01
    outer loop
      vertex   3.477500e+02 3.285000e+02 1.714330e+02
      vertex   3.478706e+02 3.285000e+02 1.714830e+02
      vertex   3.478706e+02 3.310000e+02 1.714830e+02
    endloop
  endfacet
  facet normal -1.305262e-01 -2.254285e-14 9.914449e-01
    outer loop
      vertex   3.478706e+02 3.310000e+02 1.714830e+02
      vertex   3.478706e+02 3.285000e+02 1.714830e+02
      vertex   3.480000e+02 3.285000e+02 1.715000e+02
    endloop
  endfacet
  facet normal -6.087614e-01 2.285920e-14 7.933533e-01
    outer loop
      vertex   3.477500e+02 3.435000e+02 1.714330e+02
      vertex   3.476464e+02 3.435000e+02 1.713536e+02
      vertex   3.476464e+02 3.410000e+02 1.713536e+02
    endloop
  endfacet
  facet normal -7.933533e-01 2.495958e-14 6.087614e-01
    outer loop
      vertex   3.476464e+02 3.410000e+02 1.713536e+02
      vertex   3.476464e+02 3.435000e+02 1.713536e+02
      vertex   3.475670e+02 3.410000e+02 1.712500e+02
    endloop
  endfacet
  facet normal -7.933533e-01 0.000000e+00 6.087614e-01
    outer loop
      vertex   3.476464e+02 3.410000e+02 1.713536e+02
      vertex   3.475670e+02 3.410000e+02 1.712500e+02
      vertex   3.475670e+02 3.385000e+02 1.712500e+02
    endloop
  endfacet
  facet normal -9.238795e-01 0.000000e+00 3.826834e-01
    outer loop
      vertex   3.475670e+02 3.385000e+02 1.712500e+02
      vertex   3.475670e+02 3.410000e+02 1.712500e+02
      vertex   3.475170e+02 3.385000e+02 1.711294e+02
    endloop
  endfacet
  facet normal -9.238795e-01 0.000000e+00 3.826834e-01
    outer loop
      vertex   3.475670e+02 3.385000e+02 1.712500e+02
      vertex   3.475170e+02 3.385000e+02 1.711294e+02
      vertex   3.475170e+02 3.360000e+02 1.711294e+02
    endloop
  endfacet
  facet normal -9.914449e-01 0.000000e+00 1.305262e-01
    outer loop
      vertex   3.475170e+02 3.360000e+02 1.711294e+02
      vertex   3.475170e+02 3.385000e+02 1.711294e+02
      vertex   3.475000e+02 3.435000e+02 1.710000e+02
    endloop
  endfacet
  facet normal -9.914449e-01 0.000000e+00 1.305262e-01
    outer loop
      vertex   3.475170e+02 3.360000e+02 1.711294e+02
      vertex   3.475000e+02 3.435000e+02 1.710000e+02
      vertex   3.475000e+02 3.285000e+02 1.710000e+02
    endloop
  endfacet
  facet normal -7.933533e-01 6.916237e-15 6.087614e-01
    outer loop
      vertex   3.476464e+02 3.435000e+02 1.713536e+02
      vertex   3.475670e+02 3.435000e+02 1.712500e+02
      vertex   3.475670e+02 3.410000e+02 1.712500e+02
    endloop
  endfacet
  facet normal -9.238795e-01 4.350607e-15 3.826834e-01
    outer loop
      vertex   3.475670e+02 3.410000e+02 1.712500e+02
      vertex   3.475670e+02 3.435000e+02 1.712500e+02
      vertex   3.475170e+02 3.410000e+02 1.711294e+02
    endloop
  endfacet
  facet normal -9.238795e-01 0.000000e+00 3.826834e-01
    outer loop
      vertex   3.475670e+02 3.410000e+02 1.712500e+02
      vertex   3.475170e+02 3.410000e+02 1.711294e+02
      vertex   3.475170e+02 3.385000e+02 1.711294e+02
    endloop
  endfacet
  facet normal -9.914449e-01 0.000000e+00 1.305262e-01
    outer loop
      vertex   3.475170e+02 3.385000e+02 1.711294e+02
      vertex   3.475170e+02 3.410000e+02 1.711294e+02
      vertex   3.475000e+02 3.435000e+02 1.710000e+02
    endloop
  endfacet
  facet normal -9.238795e-01 0.000000e+00 3.826834e-01
    outer loop
      vertex   3.475670e+02 3.435000e+02 1.712500e+02
      vertex   3.475170e+02 3.435000e+02 1.711294e+02
      vertex   3.475170e+02 3.410000e+02 1.711294e+02
    endloop
  endfacet
  facet normal -9.914449e-01 0.000000e+00 1.305262e-01
    outer loop
      vertex   3.475170e+02 3.410000e+02 1.711294e+02
      vertex   3.475170e+02 3.435000e+02 1.711294e+02
      vertex   3.475000e+02 3.435000e+02 1.710000e+02
    endloop
  endfacet
  facet normal -9.238795e-01 0.000000e+00 3.826834e-01
    outer loop
      vertex   3.475170e+02 3.335000e+02 1.711294e+02
      vertex   3.475170e+02 3.310000e+02 1.711294e+02
      vertex   3.475670e+02 3.335000e+02 1.712500e+02
    endloop
  endfacet
  facet normal -9.238795e-01 0.000000e+00 3.826834e-01
    outer loop
      vertex   3.475670e+02 3.335000e+02 1.712500e+02
      vertex   3.475170e+02 3.310000e+02 1.711294e+02
      vertex   3.475670e+02 3.310000e+02 1.712500e+02
    endloop
  endfacet
  facet normal -7.933533e-01 0.000000e+00 6.087614e-01
    outer loop
      vertex   3.475670e+02 3.335000e+02 1.712500e+02
      vertex   3.475670e+02 3.310000e+02 1.712500e+02
      vertex   3.476464e+02 3.335000e+02 1.713536e+02
    endloop
  endfacet
  facet normal -9.238795e-01 0.000000e+00 3.826834e-01
    outer loop
      vertex   3.475170e+02 3.335000e+02 1.711294e+02
      vertex   3.475670e+02 3.335000e+02 1.712500e+02
      vertex   3.475670e+02 3.360000e+02 1.712500e+02
    endloop
  endfacet
  facet normal -7.933533e-01 0.000000e+00 6.087614e-01
    outer loop
      vertex   3.475670e+02 3.360000e+02 1.712500e+02
      vertex   3.475670e+02 3.335000e+02 1.712500e+02
      vertex   3.476464e+02 3.360000e+02 1.713536e+02
    endloop
  endfacet
  facet normal -7.933533e-01 0.000000e+00 6.087614e-01
    outer loop
      vertex   3.475670e+02 3.360000e+02 1.712500e+02
      vertex   3.476464e+02 3.360000e+02 1.713536e+02
      vertex   3.476464e+02 3.385000e+02 1.713536e+02
    endloop
  endfacet
  facet normal -6.087614e-01 0.000000e+00 7.933533e-01
    outer loop
      vertex   3.476464e+02 3.385000e+02 1.713536e+02
      vertex   3.476464e+02 3.360000e+02 1.713536e+02
      vertex   3.477500e+02 3.385000e+02 1.714330e+02
    endloop
  endfacet
  facet normal -6.087614e-01 0.000000e+00 7.933533e-01
    outer loop
      vertex   3.476464e+02 3.385000e+02 1.713536e+02
      vertex   3.477500e+02 3.385000e+02 1.714330e+02
      vertex   3.477500e+02 3.410000e+02 1.714330e+02
    endloop
  endfacet
  facet normal -3.826834e-01 0.000000e+00 9.238795e-01
    outer loop
      vertex   3.477500e+02 3.410000e+02 1.714330e+02
      vertex   3.477500e+02 3.385000e+02 1.714330e+02
      vertex   3.478706e+02 3.410000e+02 1.714830e+02
    endloop
  endfacet
  facet normal -7.933533e-01 0.000000e+00 6.087614e-01
    outer loop
      vertex   3.476464e+02 3.360000e+02 1.713536e+02
      vertex   3.475670e+02 3.335000e+02 1.712500e+02
      vertex   3.476464e+02 3.335000e+02 1.713536e+02
    endloop
  endfacet
  facet normal -6.087614e-01 0.000000e+00 7.933533e-01
    outer loop
      vertex   3.477500e+02 3.385000e+02 1.714330e+02
      vertex   3.476464e+02 3.360000e+02 1.713536e+02
      vertex   3.477500e+02 3.360000e+02 1.714330e+02
    endloop
  endfacet
  facet normal -6.087614e-01 0.000000e+00 7.933533e-01
    outer loop
      vertex   3.477500e+02 3.360000e+02 1.714330e+02
      vertex   3.476464e+02 3.360000e+02 1.713536e+02
      vertex   3.476464e+02 3.335000e+02 1.713536e+02
    endloop
  endfacet
  facet normal -3.826834e-01 0.000000e+00 9.238795e-01
    outer loop
      vertex   3.478706e+02 3.410000e+02 1.714830e+02
      vertex   3.477500e+02 3.385000e+02 1.714330e+02
      vertex   3.478706e+02 3.385000e+02 1.714830e+02
    endloop
  endfacet
  facet normal -3.826834e-01 0.000000e+00 9.238795e-01
    outer loop
      vertex   3.478706e+02 3.385000e+02 1.714830e+02
      vertex   3.477500e+02 3.385000e+02 1.714330e+02
      vertex   3.477500e+02 3.360000e+02 1.714330e+02
    endloop
  endfacet
  facet normal -5.986381e-02 -9.896668e-01 1.302921e-01
    outer loop
      vertex   3.500000e+02 3.260000e+02 1.710000e+02
      vertex   3.500000e+02 3.260170e+02 1.711294e+02
      vertex   3.496987e+02 3.260182e+02 1.710000e+02
    endloop
  endfacet
  facet normal -6.474345e-02 -9.877942e-01 1.416720e-01
    outer loop
      vertex   3.496987e+02 3.260182e+02 1.710000e+02
      vertex   3.500000e+02 3.260170e+02 1.711294e+02
      vertex   3.496759e+02 3.260383e+02 1.711294e+02
    endloop
  endfacet
  facet normal -1.789558e-01 -9.765302e-01 1.198484e-01
    outer loop
      vertex   3.496987e+02 3.260182e+02 1.710000e+02
      vertex   3.496759e+02 3.260383e+02 1.711294e+02
      vertex   3.494017e+02 3.260726e+02 1.710000e+02
    endloop
  endfacet
  facet normal -1.928490e-01 -9.695172e-01 1.511481e-01
    outer loop
      vertex   3.494017e+02 3.260726e+02 1.710000e+02
      vertex   3.496759e+02 3.260383e+02 1.711294e+02
      vertex   3.493574e+02 3.261016e+02 1.711294e+02
    endloop
  endfacet
  facet normal -2.956556e-01 -9.487920e-01 1.112722e-01
    outer loop
      vertex   3.494017e+02 3.260726e+02 1.710000e+02
      vertex   3.493574e+02 3.261016e+02 1.711294e+02
      vertex   3.491135e+02 3.261625e+02 1.710000e+02
    endloop
  endfacet
  facet normal -3.173658e-01 -9.349295e-01 1.587003e-01
    outer loop
      vertex   3.491135e+02 3.261625e+02 1.710000e+02
      vertex   3.493574e+02 3.261016e+02 1.711294e+02
      vertex   3.490498e+02 3.262060e+02 1.711294e+02
    endloop
  endfacet
  facet normal -4.081621e-01 -9.068991e-01 1.045836e-01
    outer loop
      vertex   3.491135e+02 3.261625e+02 1.710000e+02
      vertex   3.490498e+02 3.262060e+02 1.711294e+02
      vertex   3.488382e+02 3.262864e+02 1.710000e+02
    endloop
  endfacet
  facet normal -4.362747e-01 -8.846776e-01 1.643470e-01
    outer loop
      vertex   3.488382e+02 3.262864e+02 1.710000e+02
      vertex   3.490498e+02 3.262060e+02 1.711294e+02
      vertex   3.487585e+02 3.263497e+02 1.711294e+02
    endloop
  endfacet
  facet normal -5.147552e-01 -8.515091e-01 9.979675e-02
    outer loop
      vertex   3.488382e+02 3.262864e+02 1.710000e+02
      vertex   3.487585e+02 3.263497e+02 1.711294e+02
      vertex   3.485798e+02 3.264425e+02 1.710000e+02
    endloop
  endfacet
  facet normal -5.476642e-01 -8.196374e-01 1.681028e-01
    outer loop
      vertex   3.485798e+02 3.264425e+02 1.710000e+02
      vertex   3.487585e+02 3.263497e+02 1.711294e+02
      vertex   3.484885e+02 3.265301e+02 1.711294e+02
    endloop
  endfacet
  facet normal -6.138154e-01 -7.834775e-01 9.692111e-02
    outer loop
      vertex   3.485798e+02 3.264425e+02 1.710000e+02
      vertex   3.484885e+02 3.265301e+02 1.711294e+02
      vertex   3.483422e+02 3.266287e+02 1.710000e+02
    endloop
  endfacet
  facet normal -6.497509e-01 -7.408989e-01 1.699781e-01
    outer loop
      vertex   3.483422e+02 3.266287e+02 1.710000e+02
      vertex   3.484885e+02 3.265301e+02 1.711294e+02
      vertex   3.482443e+02 3.267443e+02 1.711294e+02
    endloop
  endfacet
  facet normal -7.038435e-01 -7.038435e-01 9.596199e-02
    outer loop
      vertex   3.483422e+02 3.266287e+02 1.710000e+02
      vertex   3.482443e+02 3.267443e+02 1.711294e+02
      vertex   3.481287e+02 3.268422e+02 1.710000e+02
    endloop
  endfacet
  facet normal -7.408989e-01 -6.497509e-01 1.699781e-01
    outer loop
      vertex   3.481287e+02 3.268422e+02 1.710000e+02
      vertex   3.482443e+02 3.267443e+02 1.711294e+02
      vertex   3.480301e+02 3.269885e+02 1.711294e+02
    endloop
  endfacet
  facet normal -7.834775e-01 -6.138154e-01 9.692111e-02
    outer loop
      vertex   3.481287e+02 3.268422e+02 1.710000e+02
      vertex   3.480301e+02 3.269885e+02 1.711294e+02
      vertex   3.479425e+02 3.270798e+02 1.710000e+02
    endloop
  endfacet
  facet normal -8.196374e-01 -5.476642e-01 1.681028e-01
    outer loop
      vertex   3.479425e+02 3.270798e+02 1.710000e+02
      vertex   3.480301e+02 3.269885e+02 1.711294e+02
      vertex   3.478497e+02 3.272585e+02 1.711294e+02
    endloop
  endfacet
  facet normal -8.515091e-01 -5.147552e-01 9.979675e-02
    outer loop
      vertex   3.479425e+02 3.270798e+02 1.710000e+02
      vertex   3.478497e+02 3.272585e+02 1.711294e+02
      vertex   3.477864e+02 3.273382e+02 1.710000e+02
    endloop
  endfacet
  facet normal -8.846776e-01 -4.362747e-01 1.643470e-01
    outer loop
      vertex   3.477864e+02 3.273382e+02 1.710000e+02
      vertex   3.478497e+02 3.272585e+02 1.711294e+02
      vertex   3.477060e+02 3.275498e+02 1.711294e+02
    endloop
  endfacet
  facet normal -9.068991e-01 -4.081621e-01 1.045836e-01
    outer loop
      vertex   3.477864e+02 3.273382e+02 1.710000e+02
      vertex   3.477060e+02 3.275498e+02 1.711294e+02
      vertex   3.476625e+02 3.276135e+02 1.710000e+02
    endloop
  endfacet
  facet normal -9.349295e-01 -3.173658e-01 1.587003e-01
    outer loop
      vertex   3.476625e+02 3.276135e+02 1.710000e+02
      vertex   3.477060e+02 3.275498e+02 1.711294e+02
      vertex   3.476016e+02 3.278574e+02 1.711294e+02
    endloop
  endfacet
  facet normal -9.487920e-01 -2.956556e-01 1.112722e-01
    outer loop
      vertex   3.476625e+02 3.276135e+02 1.710000e+02
      vertex   3.476016e+02 3.278574e+02 1.711294e+02
      vertex   3.475726e+02 3.279017e+02 1.710000e+02
    endloop
  endfacet
  facet normal -9.695172e-01 -1.928490e-01 1.511481e-01
    outer loop
      vertex   3.475726e+02 3.279017e+02 1.710000e+02
      vertex   3.476016e+02 3.278574e+02 1.711294e+02
      vertex   3.475383e+02 3.281759e+02 1.711294e+02
    endloop
  endfacet
  facet normal -9.765302e-01 -1.789558e-01 1.198484e-01
    outer loop
      vertex   3.475726e+02 3.279017e+02 1.710000e+02
      vertex   3.475383e+02 3.281759e+02 1.711294e+02
      vertex   3.475182e+02 3.281987e+02 1.710000e+02
    endloop
  endfacet
  facet normal -9.877942e-01 -6.474345e-02 1.416720e-01
    outer loop
      vertex   3.475182e+02 3.281987e+02 1.710000e+02
      vertex   3.475383e+02 3.281759e+02 1.711294e+02
      vertex   3.475170e+02 3.285000e+02 1.711294e+02
    endloop
  endfacet
  facet normal -9.896668e-01 -5.986381e-02 1.302921e-01
    outer loop
      vertex   3.475182e+02 3.281987e+02 1.710000e+02
      vertex   3.475170e+02 3.285000e+02 1.711294e+02
      vertex   3.475000e+02 3.285000e+02 1.710000e+02
    endloop
  endfacet
  facet normal -6.044355e-02 -9.221903e-01 3.819837e-01
    outer loop
      vertex   3.500000e+02 3.260170e+02 1.711294e+02
      vertex   3.500000e+02 3.260670e+02 1.712500e+02
      vertex   3.496759e+02 3.260383e+02 1.711294e+02
    endloop
  endfacet
  facet normal -6.044355e-02 -9.221903e-01 3.819837e-01
    outer loop
      vertex   3.496759e+02 3.260383e+02 1.711294e+02
      vertex   3.500000e+02 3.260670e+02 1.712500e+02
      vertex   3.496824e+02 3.260878e+02 1.712500e+02
    endloop
  endfacet
  facet normal -1.802964e-01 -9.064114e-01 3.819837e-01
    outer loop
      vertex   3.496759e+02 3.260383e+02 1.711294e+02
      vertex   3.496824e+02 3.260878e+02 1.712500e+02
      vertex   3.493574e+02 3.261016e+02 1.711294e+02
    endloop
  endfacet
  facet normal -1.802964e-01 -9.064114e-01 3.819837e-01
    outer loop
      vertex   3.493574e+02 3.261016e+02 1.711294e+02
      vertex   3.496824e+02 3.260878e+02 1.712500e+02
      vertex   3.493703e+02 3.261499e+02 1.712500e+02
    endloop
  endfacet
  facet normal -2.970644e-01 -8.751235e-01 3.819837e-01
    outer loop
      vertex   3.493574e+02 3.261016e+02 1.711294e+02
      vertex   3.493703e+02 3.261499e+02 1.712500e+02
      vertex   3.490498e+02 3.262060e+02 1.711294e+02
    endloop
  endfacet
  facet normal -2.970644e-01 -8.751235e-01 3.819837e-01
    outer loop
      vertex   3.490498e+02 3.262060e+02 1.711294e+02
      vertex   3.493703e+02 3.261499e+02 1.712500e+02
      vertex   3.490689e+02 3.262522e+02 1.712500e+02
    endloop
  endfacet
  facet normal -4.087495e-01 -8.288620e-01 3.819837e-01
    outer loop
      vertex   3.490498e+02 3.262060e+02 1.711294e+02
      vertex   3.490689e+02 3.262522e+02 1.712500e+02
      vertex   3.487585e+02 3.263497e+02 1.711294e+02
    endloop
  endfacet
  facet normal -4.087495e-01 -8.288620e-01 3.819837e-01
    outer loop
      vertex   3.487585e+02 3.263497e+02 1.711294e+02
      vertex   3.490689e+02 3.262522e+02 1.712500e+02
      vertex   3.487835e+02 3.263929e+02 1.712500e+02
    endloop
  endfacet
  facet normal -5.134408e-01 -7.684185e-01 3.819837e-01
    outer loop
      vertex   3.487585e+02 3.263497e+02 1.711294e+02
      vertex   3.487835e+02 3.263929e+02 1.712500e+02
      vertex   3.484885e+02 3.265301e+02 1.711294e+02
    endloop
  endfacet
  facet normal -5.134408e-01 -7.684185e-01 3.819837e-01
    outer loop
      vertex   3.484885e+02 3.265301e+02 1.711294e+02
      vertex   3.487835e+02 3.263929e+02 1.712500e+02
      vertex   3.485189e+02 3.265698e+02 1.712500e+02
    endloop
  endfacet
  facet normal -6.093470e-01 -6.948271e-01 3.819837e-01
    outer loop
      vertex   3.484885e+02 3.265301e+02 1.711294e+02
      vertex   3.485189e+02 3.265698e+02 1.712500e+02
      vertex   3.482443e+02 3.267443e+02 1.711294e+02
    endloop
  endfacet
  facet normal -6.093470e-01 -6.948271e-01 3.819837e-01
    outer loop
      vertex   3.482443e+02 3.267443e+02 1.711294e+02
      vertex   3.485189e+02 3.265698e+02 1.712500e+02
      vertex   3.482796e+02 3.267796e+02 1.712500e+02
    endloop
  endfacet
  facet normal -6.948271e-01 -6.093470e-01 3.819837e-01
    outer loop
      vertex   3.482443e+02 3.267443e+02 1.711294e+02
      vertex   3.482796e+02 3.267796e+02 1.712500e+02
      vertex   3.480301e+02 3.269885e+02 1.711294e+02
    endloop
  endfacet
  facet normal -6.948271e-01 -6.093470e-01 3.819837e-01
    outer loop
      vertex   3.480301e+02 3.269885e+02 1.711294e+02
      vertex   3.482796e+02 3.267796e+02 1.712500e+02
      vertex   3.480698e+02 3.270189e+02 1.712500e+02
    endloop
  endfacet
  facet normal -7.684185e-01 -5.134408e-01 3.819837e-01
    outer loop
      vertex   3.480301e+02 3.269885e+02 1.711294e+02
      vertex   3.480698e+02 3.270189e+02 1.712500e+02
      vertex   3.478497e+02 3.272585e+02 1.711294e+02
    endloop
  endfacet
  facet normal -7.684185e-01 -5.134408e-01 3.819837e-01
    outer loop
      vertex   3.478497e+02 3.272585e+02 1.711294e+02
      vertex   3.480698e+02 3.270189e+02 1.712500e+02
      vertex   3.478929e+02 3.272835e+02 1.712500e+02
    endloop
  endfacet
  facet normal -8.288620e-01 -4.087495e-01 3.819837e-01
    outer loop
      vertex   3.478497e+02 3.272585e+02 1.711294e+02
      vertex   3.478929e+02 3.272835e+02 1.712500e+02
      vertex   3.477060e+02 3.275498e+02 1.711294e+02
    endloop
  endfacet
  facet normal -8.288620e-01 -4.087495e-01 3.819837e-01
    outer loop
      vertex   3.477060e+02 3.275498e+02 1.711294e+02
      vertex   3.478929e+02 3.272835e+02 1.712500e+02
      vertex   3.477522e+02 3.275689e+02 1.712500e+02
    endloop
  endfacet
  facet normal -8.751235e-01 -2.970644e-01 3.819837e-01
    outer loop
      vertex   3.477060e+02 3.275498e+02 1.711294e+02
      vertex   3.477522e+02 3.275689e+02 1.712500e+02
      vertex   3.476016e+02 3.278574e+02 1.711294e+02
    endloop
  endfacet
  facet normal -8.751235e-01 -2.970644e-01 3.819837e-01
    outer loop
      vertex   3.476016e+02 3.278574e+02 1.711294e+02
      vertex   3.477522e+02 3.275689e+02 1.712500e+02
      vertex   3.476499e+02 3.278703e+02 1.712500e+02
    endloop
  endfacet
  facet normal -9.064114e-01 -1.802964e-01 3.819837e-01
    outer loop
      vertex   3.476016e+02 3.278574e+02 1.711294e+02
      vertex   3.476499e+02 3.278703e+02 1.712500e+02
      vertex   3.475383e+02 3.281759e+02 1.711294e+02
    endloop
  endfacet
  facet normal -9.064114e-01 -1.802964e-01 3.819837e-01
    outer loop
      vertex   3.475383e+02 3.281759e+02 1.711294e+02
      vertex   3.476499e+02 3.278703e+02 1.712500e+02
      vertex   3.475878e+02 3.281824e+02 1.712500e+02
    endloop
  endfacet
  facet normal -9.221903e-01 -6.044355e-02 3.819837e-01
    outer loop
      vertex   3.475383e+02 3.281759e+02 1.711294e+02
      vertex   3.475878e+02 3.281824e+02 1.712500e+02
      vertex   3.475170e+02 3.285000e+02 1.711294e+02
    endloop
  endfacet
  facet normal -9.221903e-01 -6.044355e-02 3.819837e-01
    outer loop
      vertex   3.475170e+02 3.285000e+02 1.711294e+02
      vertex   3.475878e+02 3.281824e+02 1.712500e+02
      vertex   3.475670e+02 3.285000e+02 1.712500e+02
    endloop
  endfacet
  facet normal -7.922829e-01 -5.192897e-02 6.079401e-01
    outer loop
      vertex   3.475670e+02 3.285000e+02 1.712500e+02
      vertex   3.475878e+02 3.281824e+02 1.712500e+02
      vertex   3.476666e+02 3.281928e+02 1.713536e+02
    endloop
  endfacet
  facet normal -7.922829e-01 -5.192897e-02 6.079401e-01
    outer loop
      vertex   3.475670e+02 3.285000e+02 1.712500e+02
      vertex   3.476666e+02 3.281928e+02 1.713536e+02
      vertex   3.476464e+02 3.285000e+02 1.713536e+02
    endloop
  endfacet
  facet normal -6.082774e-01 -3.986861e-02 7.927226e-01
    outer loop
      vertex   3.476464e+02 3.285000e+02 1.713536e+02
      vertex   3.476666e+02 3.281928e+02 1.713536e+02
      vertex   3.477692e+02 3.282063e+02 1.714330e+02
    endloop
  endfacet
  facet normal -6.082774e-01 -3.986861e-02 7.927226e-01
    outer loop
      vertex   3.476464e+02 3.285000e+02 1.713536e+02
      vertex   3.477692e+02 3.282063e+02 1.714330e+02
      vertex   3.477500e+02 3.285000e+02 1.714330e+02
    endloop
  endfacet
  facet normal -3.825631e-01 -2.507451e-02 9.235891e-01
    outer loop
      vertex   3.477500e+02 3.285000e+02 1.714330e+02
      vertex   3.477692e+02 3.282063e+02 1.714330e+02
      vertex   3.478888e+02 3.282221e+02 1.714830e+02
    endloop
  endfacet
  facet normal -3.825631e-01 -2.507451e-02 9.235891e-01
    outer loop
      vertex   3.477500e+02 3.285000e+02 1.714330e+02
      vertex   3.478888e+02 3.282221e+02 1.714830e+02
      vertex   3.478706e+02 3.285000e+02 1.714830e+02
    endloop
  endfacet
  facet normal -1.305214e-01 -8.554826e-03 9.914086e-01
    outer loop
      vertex   3.478706e+02 3.285000e+02 1.714830e+02
      vertex   3.478888e+02 3.282221e+02 1.714830e+02
      vertex   3.480000e+02 3.285000e+02 1.715000e+02
    endloop
  endfacet
  facet normal -1.288938e-01 -9.218663e-03 9.916156e-01
    outer loop
      vertex   3.480000e+02 3.285000e+02 1.715000e+02
      vertex   3.478888e+02 3.282221e+02 1.714830e+02
      vertex   3.480204e+02 3.282154e+02 1.715000e+02
    endloop
  endfacet
  facet normal -1.296850e-01 -2.579595e-02 9.912196e-01
    outer loop
      vertex   3.480204e+02 3.282154e+02 1.715000e+02
      vertex   3.478888e+02 3.282221e+02 1.714830e+02
      vertex   3.479431e+02 3.279489e+02 1.714830e+02
    endloop
  endfacet
  facet normal -1.249947e-01 -2.719093e-02 9.917847e-01
    outer loop
      vertex   3.480204e+02 3.282154e+02 1.715000e+02
      vertex   3.479431e+02 3.279489e+02 1.714830e+02
      vertex   3.480810e+02 3.279365e+02 1.715000e+02
    endloop
  endfacet
  facet normal -1.263088e-01 -4.287605e-02 9.910639e-01
    outer loop
      vertex   3.480810e+02 3.279365e+02 1.715000e+02
      vertex   3.479431e+02 3.279489e+02 1.714830e+02
      vertex   3.480327e+02 3.276851e+02 1.714830e+02
    endloop
  endfacet
  facet normal -1.189184e-01 -4.435425e-02 9.919129e-01
    outer loop
      vertex   3.480810e+02 3.279365e+02 1.715000e+02
      vertex   3.480327e+02 3.276851e+02 1.714830e+02
      vertex   3.481807e+02 3.276692e+02 1.715000e+02
    endloop
  endfacet
  facet normal -1.204255e-01 -5.938726e-02 9.909444e-01
    outer loop
      vertex   3.481807e+02 3.276692e+02 1.715000e+02
      vertex   3.480327e+02 3.276851e+02 1.714830e+02
      vertex   3.481559e+02 3.274353e+02 1.714830e+02
    endloop
  endfacet
  facet normal -1.107786e-01 -6.048971e-02 9.920026e-01
    outer loop
      vertex   3.481807e+02 3.276692e+02 1.715000e+02
      vertex   3.481559e+02 3.274353e+02 1.714830e+02
      vertex   3.483175e+02 3.274187e+02 1.715000e+02
    endloop
  endfacet
  facet normal -1.121396e-01 -7.492929e-02 9.908634e-01
    outer loop
      vertex   3.483175e+02 3.274187e+02 1.715000e+02
      vertex   3.481559e+02 3.274353e+02 1.714830e+02
      vertex   3.483106e+02 3.272037e+02 1.714830e+02
    endloop
  endfacet
  facet normal -1.007077e-01 -7.538886e-02 9.920557e-01
    outer loop
      vertex   3.483175e+02 3.274187e+02 1.715000e+02
      vertex   3.483106e+02 3.272037e+02 1.714830e+02
      vertex   3.484885e+02 3.271903e+02 1.715000e+02
    endloop
  endfacet
  facet normal -1.016258e-01 -8.912340e-02 9.908225e-01
    outer loop
      vertex   3.484885e+02 3.271903e+02 1.715000e+02
      vertex   3.483106e+02 3.272037e+02 1.714830e+02
      vertex   3.484943e+02 3.269943e+02 1.714830e+02
    endloop
  endfacet
  facet normal -8.885558e-02 -8.885558e-02 9.920733e-01
    outer loop
      vertex   3.484885e+02 3.271903e+02 1.715000e+02
      vertex   3.484943e+02 3.269943e+02 1.714830e+02
      vertex   3.486903e+02 3.269885e+02 1.715000e+02
    endloop
  endfacet
  facet normal -8.912340e-02 -1.016258e-01 9.908225e-01
    outer loop
      vertex   3.486903e+02 3.269885e+02 1.715000e+02
      vertex   3.484943e+02 3.269943e+02 1.714830e+02
      vertex   3.487037e+02 3.268106e+02 1.714830e+02
    endloop
  endfacet
  facet normal -7.538886e-02 -1.007077e-01 9.920557e-01
    outer loop
      vertex   3.486903e+02 3.269885e+02 1.715000e+02
      vertex   3.487037e+02 3.268106e+02 1.714830e+02
      vertex   3.489187e+02 3.268175e+02 1.715000e+02
    endloop
  endfacet
  facet normal -7.492929e-02 -1.121396e-01 9.908634e-01
    outer loop
      vertex   3.489187e+02 3.268175e+02 1.715000e+02
      vertex   3.487037e+02 3.268106e+02 1.714830e+02
      vertex   3.489353e+02 3.266559e+02 1.714830e+02
    endloop
  endfacet
  facet normal -6.048971e-02 -1.107786e-01 9.920026e-01
    outer loop
      vertex   3.489187e+02 3.268175e+02 1.715000e+02
      vertex   3.489353e+02 3.266559e+02 1.714830e+02
      vertex   3.491692e+02 3.266807e+02 1.715000e+02
    endloop
  endfacet
  facet normal -5.938726e-02 -1.204255e-01 9.909444e-01
    outer loop
      vertex   3.491692e+02 3.266807e+02 1.715000e+02
      vertex   3.489353e+02 3.266559e+02 1.714830e+02
      vertex   3.491851e+02 3.265327e+02 1.714830e+02
    endloop
  endfacet
  facet normal -4.435425e-02 -1.189184e-01 9.919129e-01
    outer loop
      vertex   3.491692e+02 3.266807e+02 1.715000e+02
      vertex   3.491851e+02 3.265327e+02 1.714830e+02
      vertex   3.494365e+02 3.265810e+02 1.715000e+02
    endloop
  endfacet
  facet normal -4.287605e-02 -1.263088e-01 9.910639e-01
    outer loop
      vertex   3.494365e+02 3.265810e+02 1.715000e+02
      vertex   3.491851e+02 3.265327e+02 1.714830e+02
      vertex   3.494489e+02 3.264431e+02 1.714830e+02
    endloop
  endfacet
  facet normal -2.719093e-02 -1.249947e-01 9.917847e-01
    outer loop
      vertex   3.494365e+02 3.265810e+02 1.715000e+02
      vertex   3.494489e+02 3.264431e+02 1.714830e+02
      vertex   3.497154e+02 3.265204e+02 1.715000e+02
    endloop
  endfacet
  facet normal -2.579595e-02 -1.296850e-01 9.912196e-01
    outer loop
      vertex   3.497154e+02 3.265204e+02 1.715000e+02
      vertex   3.494489e+02 3.264431e+02 1.714830e+02
      vertex   3.497221e+02 3.263888e+02 1.714830e+02
    endloop
  endfacet
  facet normal -9.218663e-03 -1.288938e-01 9.916156e-01
    outer loop
      vertex   3.497154e+02 3.265204e+02 1.715000e+02
      vertex   3.497221e+02 3.263888e+02 1.714830e+02
      vertex   3.500000e+02 3.265000e+02 1.715000e+02
    endloop
  endfacet
  facet normal -8.554826e-03 -1.305214e-01 9.914086e-01
    outer loop
      vertex   3.500000e+02 3.265000e+02 1.715000e+02
      vertex   3.497221e+02 3.263888e+02 1.714830e+02
      vertex   3.500000e+02 3.263706e+02 1.714830e+02
    endloop
  endfacet
  facet normal -2.507451e-02 -3.825631e-01 9.235891e-01
    outer loop
      vertex   3.500000e+02 3.263706e+02 1.714830e+02
      vertex   3.497221e+02 3.263888e+02 1.714830e+02
      vertex   3.497063e+02 3.262692e+02 1.714330e+02
    endloop
  endfacet
  facet normal -2.507451e-02 -3.825631e-01 9.235891e-01
    outer loop
      vertex   3.500000e+02 3.263706e+02 1.714830e+02
      vertex   3.497063e+02 3.262692e+02 1.714330e+02
      vertex   3.500000e+02 3.262500e+02 1.714330e+02
    endloop
  endfacet
  facet normal -3.986861e-02 -6.082774e-01 7.927226e-01
    outer loop
      vertex   3.500000e+02 3.262500e+02 1.714330e+02
      vertex   3.497063e+02 3.262692e+02 1.714330e+02
      vertex   3.496928e+02 3.261666e+02 1.713536e+02
    endloop
  endfacet
  facet normal -3.986861e-02 -6.082774e-01 7.927226e-01
    outer loop
      vertex   3.500000e+02 3.262500e+02 1.714330e+02
      vertex   3.496928e+02 3.261666e+02 1.713536e+02
      vertex   3.500000e+02 3.261464e+02 1.713536e+02
    endloop
  endfacet
  facet normal -5.192897e-02 -7.922829e-01 6.079401e-01
    outer loop
      vertex   3.500000e+02 3.261464e+02 1.713536e+02
      vertex   3.496928e+02 3.261666e+02 1.713536e+02
      vertex   3.496824e+02 3.260878e+02 1.712500e+02
    endloop
  endfacet
  facet normal -5.192897e-02 -7.922829e-01 6.079401e-01
    outer loop
      vertex   3.500000e+02 3.261464e+02 1.713536e+02
      vertex   3.496824e+02 3.260878e+02 1.712500e+02
      vertex   3.500000e+02 3.260670e+02 1.712500e+02
    endloop
  endfacet
  facet normal -7.479450e-02 -3.760174e-01 9.235891e-01
    outer loop
      vertex   3.497063e+02 3.262692e+02 1.714330e+02
      vertex   3.497221e+02 3.263888e+02 1.714830e+02
      vertex   3.494177e+02 3.263267e+02 1.714330e+02
    endloop
  endfacet
  facet normal -7.479450e-02 -3.760174e-01 9.235891e-01
    outer loop
      vertex   3.494177e+02 3.263267e+02 1.714330e+02
      vertex   3.497221e+02 3.263888e+02 1.714830e+02
      vertex   3.494489e+02 3.264431e+02 1.714830e+02
    endloop
  endfacet
  facet normal -1.232347e-01 -3.630378e-01 9.235891e-01
    outer loop
      vertex   3.494177e+02 3.263267e+02 1.714330e+02
      vertex   3.494489e+02 3.264431e+02 1.714830e+02
      vertex   3.491390e+02 3.264213e+02 1.714330e+02
    endloop
  endfacet
  facet normal -1.232347e-01 -3.630378e-01 9.235891e-01
    outer loop
      vertex   3.491390e+02 3.264213e+02 1.714330e+02
      vertex   3.494489e+02 3.264431e+02 1.714830e+02
      vertex   3.491851e+02 3.265327e+02 1.714830e+02
    endloop
  endfacet
  facet normal -1.695664e-01 -3.438466e-01 9.235891e-01
    outer loop
      vertex   3.491390e+02 3.264213e+02 1.714330e+02
      vertex   3.491851e+02 3.265327e+02 1.714830e+02
      vertex   3.488750e+02 3.265514e+02 1.714330e+02
    endloop
  endfacet
  facet normal -1.695664e-01 -3.438466e-01 9.235891e-01
    outer loop
      vertex   3.488750e+02 3.265514e+02 1.714330e+02
      vertex   3.491851e+02 3.265327e+02 1.714830e+02
      vertex   3.489353e+02 3.266559e+02 1.714830e+02
    endloop
  endfacet
  facet normal -2.129967e-01 -3.187721e-01 9.235891e-01
    outer loop
      vertex   3.488750e+02 3.265514e+02 1.714330e+02
      vertex   3.489353e+02 3.266559e+02 1.714830e+02
      vertex   3.486303e+02 3.267150e+02 1.714330e+02
    endloop
  endfacet
  facet normal -2.129967e-01 -3.187721e-01 9.235891e-01
    outer loop
      vertex   3.486303e+02 3.267150e+02 1.714330e+02
      vertex   3.489353e+02 3.266559e+02 1.714830e+02
      vertex   3.487037e+02 3.268106e+02 1.714830e+02
    endloop
  endfacet
  facet normal -2.527826e-01 -2.882433e-01 9.235891e-01
    outer loop
      vertex   3.486303e+02 3.267150e+02 1.714330e+02
      vertex   3.487037e+02 3.268106e+02 1.714830e+02
      vertex   3.484090e+02 3.269090e+02 1.714330e+02
    endloop
  endfacet
  facet normal -2.527826e-01 -2.882433e-01 9.235891e-01
    outer loop
      vertex   3.484090e+02 3.269090e+02 1.714330e+02
      vertex   3.487037e+02 3.268106e+02 1.714830e+02
      vertex   3.484943e+02 3.269943e+02 1.714830e+02
    endloop
  endfacet
  facet normal -2.882433e-01 -2.527826e-01 9.235891e-01
    outer loop
      vertex   3.484090e+02 3.269090e+02 1.714330e+02
      vertex   3.484943e+02 3.269943e+02 1.714830e+02
      vertex   3.482150e+02 3.271303e+02 1.714330e+02
    endloop
  endfacet
  facet normal -2.882433e-01 -2.527826e-01 9.235891e-01
    outer loop
      vertex   3.482150e+02 3.271303e+02 1.714330e+02
      vertex   3.484943e+02 3.269943e+02 1.714830e+02
      vertex   3.483106e+02 3.272037e+02 1.714830e+02
    endloop
  endfacet
  facet normal -3.187721e-01 -2.129967e-01 9.235891e-01
    outer loop
      vertex   3.482150e+02 3.271303e+02 1.714330e+02
      vertex   3.483106e+02 3.272037e+02 1.714830e+02
      vertex   3.480514e+02 3.273750e+02 1.714330e+02
    endloop
  endfacet
  facet normal -3.187721e-01 -2.129967e-01 9.235891e-01
    outer loop
      vertex   3.480514e+02 3.273750e+02 1.714330e+02
      vertex   3.483106e+02 3.272037e+02 1.714830e+02
      vertex   3.481559e+02 3.274353e+02 1.714830e+02
    endloop
  endfacet
  facet normal -3.438466e-01 -1.695664e-01 9.235891e-01
    outer loop
      vertex   3.480514e+02 3.273750e+02 1.714330e+02
      vertex   3.481559e+02 3.274353e+02 1.714830e+02
      vertex   3.479213e+02 3.276390e+02 1.714330e+02
    endloop
  endfacet
  facet normal -3.438466e-01 -1.695664e-01 9.235891e-01
    outer loop
      vertex   3.479213e+02 3.276390e+02 1.714330e+02
      vertex   3.481559e+02 3.274353e+02 1.714830e+02
      vertex   3.480327e+02 3.276851e+02 1.714830e+02
    endloop
  endfacet
  facet normal -3.630378e-01 -1.232347e-01 9.235891e-01
    outer loop
      vertex   3.479213e+02 3.276390e+02 1.714330e+02
      vertex   3.480327e+02 3.276851e+02 1.714830e+02
      vertex   3.478267e+02 3.279177e+02 1.714330e+02
    endloop
  endfacet
  facet normal -3.630378e-01 -1.232347e-01 9.235891e-01
    outer loop
      vertex   3.478267e+02 3.279177e+02 1.714330e+02
      vertex   3.480327e+02 3.276851e+02 1.714830e+02
      vertex   3.479431e+02 3.279489e+02 1.714830e+02
    endloop
  endfacet
  facet normal -3.760174e-01 -7.479450e-02 9.235891e-01
    outer loop
      vertex   3.478267e+02 3.279177e+02 1.714330e+02
      vertex   3.479431e+02 3.279489e+02 1.714830e+02
      vertex   3.477692e+02 3.282063e+02 1.714330e+02
    endloop
  endfacet
  facet normal -3.760174e-01 -7.479450e-02 9.235891e-01
    outer loop
      vertex   3.477692e+02 3.282063e+02 1.714330e+02
      vertex   3.479431e+02 3.279489e+02 1.714830e+02
      vertex   3.478888e+02 3.282221e+02 1.714830e+02
    endloop
  endfacet
  facet normal -1.548984e-01 -7.787268e-01 6.079401e-01
    outer loop
      vertex   3.493703e+02 3.261499e+02 1.712500e+02
      vertex   3.496824e+02 3.260878e+02 1.712500e+02
      vertex   3.496928e+02 3.261666e+02 1.713536e+02
    endloop
  endfacet
  facet normal -1.189237e-01 -5.978696e-01 7.927226e-01
    outer loop
      vertex   3.496928e+02 3.261666e+02 1.713536e+02
      vertex   3.497063e+02 3.262692e+02 1.714330e+02
      vertex   3.493909e+02 3.262266e+02 1.713536e+02
    endloop
  endfacet
  facet normal -1.189237e-01 -5.978696e-01 7.927226e-01
    outer loop
      vertex   3.493909e+02 3.262266e+02 1.713536e+02
      vertex   3.497063e+02 3.262692e+02 1.714330e+02
      vertex   3.494177e+02 3.263267e+02 1.714330e+02
    endloop
  endfacet
  facet normal -1.959439e-01 -5.772321e-01 7.927226e-01
    outer loop
      vertex   3.493909e+02 3.262266e+02 1.713536e+02
      vertex   3.494177e+02 3.263267e+02 1.714330e+02
      vertex   3.490993e+02 3.263256e+02 1.713536e+02
    endloop
  endfacet
  facet normal -1.959439e-01 -5.772321e-01 7.927226e-01
    outer loop
      vertex   3.490993e+02 3.263256e+02 1.713536e+02
      vertex   3.494177e+02 3.263267e+02 1.714330e+02
      vertex   3.491390e+02 3.264213e+02 1.714330e+02
    endloop
  endfacet
  facet normal -2.696115e-01 -5.467180e-01 7.927226e-01
    outer loop
      vertex   3.490993e+02 3.263256e+02 1.713536e+02
      vertex   3.491390e+02 3.264213e+02 1.714330e+02
      vertex   3.488232e+02 3.264618e+02 1.713536e+02
    endloop
  endfacet
  facet normal -2.696115e-01 -5.467180e-01 7.927226e-01
    outer loop
      vertex   3.488232e+02 3.264618e+02 1.713536e+02
      vertex   3.491390e+02 3.264213e+02 1.714330e+02
      vertex   3.488750e+02 3.265514e+02 1.714330e+02
    endloop
  endfacet
  facet normal -3.386659e-01 -5.068494e-01 7.927226e-01
    outer loop
      vertex   3.488232e+02 3.264618e+02 1.713536e+02
      vertex   3.488750e+02 3.265514e+02 1.714330e+02
      vertex   3.485672e+02 3.266328e+02 1.713536e+02
    endloop
  endfacet
  facet normal -3.386659e-01 -5.068494e-01 7.927226e-01
    outer loop
      vertex   3.485672e+02 3.266328e+02 1.713536e+02
      vertex   3.488750e+02 3.265514e+02 1.714330e+02
      vertex   3.486303e+02 3.267150e+02 1.714330e+02
    endloop
  endfacet
  facet normal -4.019257e-01 -4.583085e-01 7.927226e-01
    outer loop
      vertex   3.485672e+02 3.266328e+02 1.713536e+02
      vertex   3.486303e+02 3.267150e+02 1.714330e+02
      vertex   3.483358e+02 3.268358e+02 1.713536e+02
    endloop
  endfacet
  facet normal -4.019257e-01 -4.583085e-01 7.927226e-01
    outer loop
      vertex   3.483358e+02 3.268358e+02 1.713536e+02
      vertex   3.486303e+02 3.267150e+02 1.714330e+02
      vertex   3.484090e+02 3.269090e+02 1.714330e+02
    endloop
  endfacet
  facet normal -4.583085e-01 -4.019257e-01 7.927226e-01
    outer loop
      vertex   3.483358e+02 3.268358e+02 1.713536e+02
      vertex   3.484090e+02 3.269090e+02 1.714330e+02
      vertex   3.481328e+02 3.270672e+02 1.713536e+02
    endloop
  endfacet
  facet normal -4.583085e-01 -4.019257e-01 7.927226e-01
    outer loop
      vertex   3.481328e+02 3.270672e+02 1.713536e+02
      vertex   3.484090e+02 3.269090e+02 1.714330e+02
      vertex   3.482150e+02 3.271303e+02 1.714330e+02
    endloop
  endfacet
  facet normal -5.068494e-01 -3.386659e-01 7.927226e-01
    outer loop
      vertex   3.481328e+02 3.270672e+02 1.713536e+02
      vertex   3.482150e+02 3.271303e+02 1.714330e+02
      vertex   3.479618e+02 3.273232e+02 1.713536e+02
    endloop
  endfacet
  facet normal -5.068494e-01 -3.386659e-01 7.927226e-01
    outer loop
      vertex   3.479618e+02 3.273232e+02 1.713536e+02
      vertex   3.482150e+02 3.271303e+02 1.714330e+02
      vertex   3.480514e+02 3.273750e+02 1.714330e+02
    endloop
  endfacet
  facet normal -5.467180e-01 -2.696115e-01 7.927226e-01
    outer loop
      vertex   3.479618e+02 3.273232e+02 1.713536e+02
      vertex   3.480514e+02 3.273750e+02 1.714330e+02
      vertex   3.478256e+02 3.275993e+02 1.713536e+02
    endloop
  endfacet
  facet normal -5.467180e-01 -2.696115e-01 7.927226e-01
    outer loop
      vertex   3.478256e+02 3.275993e+02 1.713536e+02
      vertex   3.480514e+02 3.273750e+02 1.714330e+02
      vertex   3.479213e+02 3.276390e+02 1.714330e+02
    endloop
  endfacet
  facet normal -5.772321e-01 -1.959439e-01 7.927226e-01
    outer loop
      vertex   3.478256e+02 3.275993e+02 1.713536e+02
      vertex   3.479213e+02 3.276390e+02 1.714330e+02
      vertex   3.477266e+02 3.278909e+02 1.713536e+02
    endloop
  endfacet
  facet normal -5.772321e-01 -1.959439e-01 7.927226e-01
    outer loop
      vertex   3.477266e+02 3.278909e+02 1.713536e+02
      vertex   3.479213e+02 3.276390e+02 1.714330e+02
      vertex   3.478267e+02 3.279177e+02 1.714330e+02
    endloop
  endfacet
  facet normal -5.978696e-01 -1.189237e-01 7.927226e-01
    outer loop
      vertex   3.477266e+02 3.278909e+02 1.713536e+02
      vertex   3.478267e+02 3.279177e+02 1.714330e+02
      vertex   3.476666e+02 3.281928e+02 1.713536e+02
    endloop
  endfacet
  facet normal -5.978696e-01 -1.189237e-01 7.927226e-01
    outer loop
      vertex   3.476666e+02 3.281928e+02 1.713536e+02
      vertex   3.478267e+02 3.279177e+02 1.714330e+02
      vertex   3.477692e+02 3.282063e+02 1.714330e+02
    endloop
  endfacet
  facet normal -2.552174e-01 -7.518463e-01 6.079401e-01
    outer loop
      vertex   3.490689e+02 3.262522e+02 1.712500e+02
      vertex   3.493703e+02 3.261499e+02 1.712500e+02
      vertex   3.493909e+02 3.262266e+02 1.713536e+02
    endloop
  endfacet
  facet normal -1.548984e-01 -7.787268e-01 6.079401e-01
    outer loop
      vertex   3.493909e+02 3.262266e+02 1.713536e+02
      vertex   3.493703e+02 3.261499e+02 1.712500e+02
      vertex   3.496928e+02 3.261666e+02 1.713536e+02
    endloop
  endfacet
  facet normal -2.552174e-01 -7.518463e-01 6.079401e-01
    outer loop
      vertex   3.490689e+02 3.262522e+02 1.712500e+02
      vertex   3.493909e+02 3.262266e+02 1.713536e+02
      vertex   3.490993e+02 3.263256e+02 1.713536e+02
    endloop
  endfacet
  facet normal -3.511697e-01 -7.121016e-01 6.079401e-01
    outer loop
      vertex   3.487835e+02 3.263929e+02 1.712500e+02
      vertex   3.490689e+02 3.262522e+02 1.712500e+02
      vertex   3.490993e+02 3.263256e+02 1.713536e+02
    endloop
  endfacet
  facet normal -3.511697e-01 -7.121016e-01 6.079401e-01
    outer loop
      vertex   3.487835e+02 3.263929e+02 1.712500e+02
      vertex   3.490993e+02 3.263256e+02 1.713536e+02
      vertex   3.488232e+02 3.264618e+02 1.713536e+02
    endloop
  endfacet
  facet normal -4.411133e-01 -6.601727e-01 6.079401e-01
    outer loop
      vertex   3.485189e+02 3.265698e+02 1.712500e+02
      vertex   3.487835e+02 3.263929e+02 1.712500e+02
      vertex   3.488232e+02 3.264618e+02 1.713536e+02
    endloop
  endfacet
  facet normal -4.411133e-01 -6.601727e-01 6.079401e-01
    outer loop
      vertex   3.485189e+02 3.265698e+02 1.712500e+02
      vertex   3.488232e+02 3.264618e+02 1.713536e+02
      vertex   3.485672e+02 3.266328e+02 1.713536e+02
    endloop
  endfacet
  facet normal -5.235093e-01 -5.969480e-01 6.079401e-01
    outer loop
      vertex   3.482796e+02 3.267796e+02 1.712500e+02
      vertex   3.485189e+02 3.265698e+02 1.712500e+02
      vertex   3.485672e+02 3.266328e+02 1.713536e+02
    endloop
  endfacet
  facet normal -5.235093e-01 -5.969480e-01 6.079401e-01
    outer loop
      vertex   3.482796e+02 3.267796e+02 1.712500e+02
      vertex   3.485672e+02 3.266328e+02 1.713536e+02
      vertex   3.483358e+02 3.268358e+02 1.713536e+02
    endloop
  endfacet
  facet normal -5.969480e-01 -5.235093e-01 6.079401e-01
    outer loop
      vertex   3.480698e+02 3.270189e+02 1.712500e+02
      vertex   3.482796e+02 3.267796e+02 1.712500e+02
      vertex   3.483358e+02 3.268358e+02 1.713536e+02
    endloop
  endfacet
  facet normal -5.969480e-01 -5.235093e-01 6.079401e-01
    outer loop
      vertex   3.480698e+02 3.270189e+02 1.712500e+02
      vertex   3.483358e+02 3.268358e+02 1.713536e+02
      vertex   3.481328e+02 3.270672e+02 1.713536e+02
    endloop
  endfacet
  facet normal -6.601727e-01 -4.411133e-01 6.079401e-01
    outer loop
      vertex   3.478929e+02 3.272835e+02 1.712500e+02
      vertex   3.480698e+02 3.270189e+02 1.712500e+02
      vertex   3.481328e+02 3.270672e+02 1.713536e+02
    endloop
  endfacet
  facet normal -6.601727e-01 -4.411133e-01 6.079401e-01
    outer loop
      vertex   3.478929e+02 3.272835e+02 1.712500e+02
      vertex   3.481328e+02 3.270672e+02 1.713536e+02
      vertex   3.479618e+02 3.273232e+02 1.713536e+02
    endloop
  endfacet
  facet normal -7.121016e-01 -3.511697e-01 6.079401e-01
    outer loop
      vertex   3.477522e+02 3.275689e+02 1.712500e+02
      vertex   3.478929e+02 3.272835e+02 1.712500e+02
      vertex   3.479618e+02 3.273232e+02 1.713536e+02
    endloop
  endfacet
  facet normal -7.121016e-01 -3.511697e-01 6.079401e-01
    outer loop
      vertex   3.477522e+02 3.275689e+02 1.712500e+02
      vertex   3.479618e+02 3.273232e+02 1.713536e+02
      vertex   3.478256e+02 3.275993e+02 1.713536e+02
    endloop
  endfacet
  facet normal -7.518463e-01 -2.552174e-01 6.079401e-01
    outer loop
      vertex   3.476499e+02 3.278703e+02 1.712500e+02
      vertex   3.477522e+02 3.275689e+02 1.712500e+02
      vertex   3.478256e+02 3.275993e+02 1.713536e+02
    endloop
  endfacet
  facet normal -7.518463e-01 -2.552174e-01 6.079401e-01
    outer loop
      vertex   3.476499e+02 3.278703e+02 1.712500e+02
      vertex   3.478256e+02 3.275993e+02 1.713536e+02
      vertex   3.477266e+02 3.278909e+02 1.713536e+02
    endloop
  endfacet
  facet normal -7.787268e-01 -1.548984e-01 6.079401e-01
    outer loop
      vertex   3.475878e+02 3.281824e+02 1.712500e+02
      vertex   3.476499e+02 3.278703e+02 1.712500e+02
      vertex   3.477266e+02 3.278909e+02 1.713536e+02
    endloop
  endfacet
  facet normal -7.787268e-01 -1.548984e-01 6.079401e-01
    outer loop
      vertex   3.475878e+02 3.281824e+02 1.712500e+02
      vertex   3.477266e+02 3.278909e+02 1.713536e+02
      vertex   3.476666e+02 3.281928e+02 1.713536e+02
    endloop
  endfacet
  facet normal 2.102776e-15 -4.906767e-02 9.987955e-01
    outer loop
      vertex   3.635000e+02 3.265000e+02 1.715000e+02
      vertex   3.500000e+02 3.265000e+02 1.715000e+02
      vertex   3.635024e+02 3.264510e+02 1.714976e+02
    endloop
  endfacet
  facet normal -3.871107e-04 -1.551850e-01 9.878853e-01
    outer loop
      vertex   3.635024e+02 3.264510e+02 1.714976e+02
      vertex   3.500000e+02 3.265000e+02 1.715000e+02
      vertex   3.584000e+02 3.263706e+02 1.714830e+02
    endloop
  endfacet
  facet normal 0.000000e+00 -1.790169e-01 9.838460e-01
    outer loop
      vertex   3.635024e+02 3.264510e+02 1.714976e+02
      vertex   3.584000e+02 3.263706e+02 1.714830e+02
      vertex   3.612000e+02 3.263706e+02 1.714830e+02
    endloop
  endfacet
  facet normal 0.000000e+00 -3.826834e-01 9.238795e-01
    outer loop
      vertex   3.612000e+02 3.263706e+02 1.714830e+02
      vertex   3.584000e+02 3.263706e+02 1.714830e+02
      vertex   3.612000e+02 3.262500e+02 1.714330e+02
    endloop
  endfacet
  facet normal -1.829535e-03 -3.826828e-01 9.238780e-01
    outer loop
      vertex   3.612000e+02 3.263706e+02 1.714830e+02
      vertex   3.612000e+02 3.262500e+02 1.714330e+02
      vertex   3.635381e+02 3.263087e+02 1.714619e+02
    endloop
  endfacet
  facet normal 9.033527e-04 -4.710209e-01 8.821216e-01
    outer loop
      vertex   3.635381e+02 3.263087e+02 1.714619e+02
      vertex   3.612000e+02 3.262500e+02 1.714330e+02
      vertex   3.635843e+02 3.262222e+02 1.714157e+02
    endloop
  endfacet
  facet normal -1.345080e-03 -6.087609e-01 7.933526e-01
    outer loop
      vertex   3.635843e+02 3.262222e+02 1.714157e+02
      vertex   3.612000e+02 3.262500e+02 1.714330e+02
      vertex   3.612000e+02 3.261464e+02 1.713536e+02
    endloop
  endfacet
  facet normal 0.000000e+00 -6.343933e-01 7.730105e-01
    outer loop
      vertex   3.635843e+02 3.262222e+02 1.714157e+02
      vertex   3.612000e+02 3.261464e+02 1.713536e+02
      vertex   3.636464e+02 3.261464e+02 1.713536e+02
    endloop
  endfacet
  facet normal 0.000000e+00 -7.730105e-01 6.343933e-01
    outer loop
      vertex   3.636464e+02 3.261464e+02 1.713536e+02
      vertex   3.612000e+02 3.261464e+02 1.713536e+02
      vertex   3.637222e+02 3.260843e+02 1.712778e+02
    endloop
  endfacet
  facet normal -1.271513e-03 -7.933527e-01 6.087609e-01
    outer loop
      vertex   3.637222e+02 3.260843e+02 1.712778e+02
      vertex   3.612000e+02 3.261464e+02 1.713536e+02
      vertex   3.612000e+02 3.260670e+02 1.712500e+02
    endloop
  endfacet
  facet normal 8.388560e-04 -8.815720e-01 4.720489e-01
    outer loop
      vertex   3.637222e+02 3.260843e+02 1.712778e+02
      vertex   3.612000e+02 3.260670e+02 1.712500e+02
      vertex   3.638087e+02 3.260381e+02 1.711913e+02
    endloop
  endfacet
  facet normal -1.639756e-03 -9.238783e-01 3.826829e-01
    outer loop
      vertex   3.638087e+02 3.260381e+02 1.711913e+02
      vertex   3.612000e+02 3.260670e+02 1.712500e+02
      vertex   3.612000e+02 3.260170e+02 1.711294e+02
    endloop
  endfacet
  facet normal 8.011080e-04 -9.567172e-01 2.910181e-01
    outer loop
      vertex   3.638087e+02 3.260381e+02 1.711913e+02
      vertex   3.612000e+02 3.260170e+02 1.711294e+02
      vertex   3.639025e+02 3.260096e+02 1.710975e+02
    endloop
  endfacet
  facet normal -1.599405e-03 -9.953382e-01 9.643285e-02
    outer loop
      vertex   3.639025e+02 3.260096e+02 1.710975e+02
      vertex   3.612000e+02 3.260170e+02 1.711294e+02
      vertex   3.640000e+02 3.260000e+02 1.710000e+02
    endloop
  endfacet
  facet normal 2.649740e-15 -9.914449e-01 1.305262e-01
    outer loop
      vertex   3.640000e+02 3.260000e+02 1.710000e+02
      vertex   3.612000e+02 3.260170e+02 1.711294e+02
      vertex   3.584000e+02 3.260170e+02 1.711294e+02
    endloop
  endfacet
  facet normal 0.000000e+00 -9.914449e-01 1.305262e-01
    outer loop
      vertex   3.640000e+02 3.260000e+02 1.710000e+02
      vertex   3.584000e+02 3.260170e+02 1.711294e+02
      vertex   3.556000e+02 3.260170e+02 1.711294e+02
    endloop
  endfacet
  facet normal 0.000000e+00 -9.238795e-01 3.826834e-01
    outer loop
      vertex   3.556000e+02 3.260170e+02 1.711294e+02
      vertex   3.584000e+02 3.260170e+02 1.711294e+02
      vertex   3.556000e+02 3.260670e+02 1.712500e+02
    endloop
  endfacet
  facet normal 3.885020e-15 -9.238795e-01 3.826834e-01
    outer loop
      vertex   3.556000e+02 3.260170e+02 1.711294e+02
      vertex   3.556000e+02 3.260670e+02 1.712500e+02
      vertex   3.528000e+02 3.260670e+02 1.712500e+02
    endloop
  endfacet
  facet normal 6.179300e-15 -7.933533e-01 6.087614e-01
    outer loop
      vertex   3.528000e+02 3.260670e+02 1.712500e+02
      vertex   3.556000e+02 3.260670e+02 1.712500e+02
      vertex   3.528000e+02 3.261464e+02 1.713536e+02
    endloop
  endfacet
  facet normal 0.000000e+00 -7.933533e-01 6.087614e-01
    outer loop
      vertex   3.528000e+02 3.260670e+02 1.712500e+02
      vertex   3.528000e+02 3.261464e+02 1.713536e+02
      vertex   3.500000e+02 3.261464e+02 1.713536e+02
    endloop
  endfacet
  facet normal 0.000000e+00 -6.087614e-01 7.933533e-01
    outer loop
      vertex   3.500000e+02 3.261464e+02 1.713536e+02
      vertex   3.528000e+02 3.261464e+02 1.713536e+02
      vertex   3.500000e+02 3.262500e+02 1.714330e+02
    endloop
  endfacet
  facet normal 0.000000e+00 -6.087614e-01 7.933533e-01
    outer loop
      vertex   3.500000e+02 3.262500e+02 1.714330e+02
      vertex   3.528000e+02 3.261464e+02 1.713536e+02
      vertex   3.528000e+02 3.262500e+02 1.714330e+02
    endloop
  endfacet
  facet normal 0.000000e+00 -3.826834e-01 9.238795e-01
    outer loop
      vertex   3.500000e+02 3.262500e+02 1.714330e+02
      vertex   3.528000e+02 3.262500e+02 1.714330e+02
      vertex   3.500000e+02 3.263706e+02 1.714830e+02
    endloop
  endfacet
  facet normal 0.000000e+00 -3.826834e-01 9.238795e-01
    outer loop
      vertex   3.500000e+02 3.263706e+02 1.714830e+02
      vertex   3.528000e+02 3.262500e+02 1.714330e+02
      vertex   3.528000e+02 3.263706e+02 1.714830e+02
    endloop
  endfacet
  facet normal 0.000000e+00 -1.305262e-01 9.914449e-01
    outer loop
      vertex   3.500000e+02 3.263706e+02 1.714830e+02
      vertex   3.528000e+02 3.263706e+02 1.714830e+02
      vertex   3.500000e+02 3.265000e+02 1.715000e+02
    endloop
  endfacet
  facet normal 1.006379e-14 -1.305262e-01 9.914449e-01
    outer loop
      vertex   3.500000e+02 3.265000e+02 1.715000e+02
      vertex   3.528000e+02 3.263706e+02 1.714830e+02
      vertex   3.556000e+02 3.263706e+02 1.714830e+02
    endloop
  endfacet
  facet normal 0.000000e+00 -1.305262e-01 9.914449e-01
    outer loop
      vertex   3.500000e+02 3.265000e+02 1.715000e+02
      vertex   3.556000e+02 3.263706e+02 1.714830e+02
      vertex   3.584000e+02 3.263706e+02 1.714830e+02
    endloop
  endfacet
  facet normal 0.000000e+00 -3.826834e-01 9.238795e-01
    outer loop
      vertex   3.584000e+02 3.263706e+02 1.714830e+02
      vertex   3.556000e+02 3.263706e+02 1.714830e+02
      vertex   3.584000e+02 3.262500e+02 1.714330e+02
    endloop
  endfacet
  facet normal 0.000000e+00 -3.826834e-01 9.238795e-01
    outer loop
      vertex   3.584000e+02 3.263706e+02 1.714830e+02
      vertex   3.584000e+02 3.262500e+02 1.714330e+02
      vertex   3.612000e+02 3.262500e+02 1.714330e+02
    endloop
  endfacet
  facet normal 0.000000e+00 -6.087614e-01 7.933533e-01
    outer loop
      vertex   3.612000e+02 3.262500e+02 1.714330e+02
      vertex   3.584000e+02 3.262500e+02 1.714330e+02
      vertex   3.612000e+02 3.261464e+02 1.713536e+02
    endloop
  endfacet
  facet normal 0.000000e+00 -7.933533e-01 6.087614e-01
    outer loop
      vertex   3.500000e+02 3.261464e+02 1.713536e+02
      vertex   3.500000e+02 3.260670e+02 1.712500e+02
      vertex   3.528000e+02 3.260670e+02 1.712500e+02
    endloop
  endfacet
  facet normal 0.000000e+00 -9.238795e-01 3.826834e-01
    outer loop
      vertex   3.528000e+02 3.260670e+02 1.712500e+02
      vertex   3.500000e+02 3.260670e+02 1.712500e+02
      vertex   3.528000e+02 3.260170e+02 1.711294e+02
    endloop
  endfacet
  facet normal 3.885020e-15 -9.238795e-01 3.826834e-01
    outer loop
      vertex   3.528000e+02 3.260670e+02 1.712500e+02
      vertex   3.528000e+02 3.260170e+02 1.711294e+02
      vertex   3.556000e+02 3.260170e+02 1.711294e+02
    endloop
  endfacet
  facet normal 1.324921e-15 -9.914449e-01 1.305262e-01
    outer loop
      vertex   3.556000e+02 3.260170e+02 1.711294e+02
      vertex   3.528000e+02 3.260170e+02 1.711294e+02
      vertex   3.500000e+02 3.260000e+02 1.710000e+02
    endloop
  endfacet
  facet normal 7.950407e-16 -9.914449e-01 1.305262e-01
    outer loop
      vertex   3.556000e+02 3.260170e+02 1.711294e+02
      vertex   3.500000e+02 3.260000e+02 1.710000e+02
      vertex   3.640000e+02 3.260000e+02 1.710000e+02
    endloop
  endfacet
  facet normal 0.000000e+00 -9.238795e-01 3.826834e-01
    outer loop
      vertex   3.500000e+02 3.260670e+02 1.712500e+02
      vertex   3.500000e+02 3.260170e+02 1.711294e+02
      vertex   3.528000e+02 3.260170e+02 1.711294e+02
    endloop
  endfacet
  facet normal 0.000000e+00 -9.914449e-01 1.305262e-01
    outer loop
      vertex   3.528000e+02 3.260170e+02 1.711294e+02
      vertex   3.500000e+02 3.260170e+02 1.711294e+02
      vertex   3.500000e+02 3.260000e+02 1.710000e+02
    endloop
  endfacet
  facet normal 9.227473e-04 -2.900282e-01 9.570176e-01
    outer loop
      vertex   3.635381e+02 3.263087e+02 1.714619e+02
      vertex   3.635096e+02 3.264025e+02 1.714904e+02
      vertex   3.612000e+02 3.263706e+02 1.714830e+02
    endloop
  endfacet
  facet normal -1.155308e-03 -1.468981e-01 9.891510e-01
    outer loop
      vertex   3.612000e+02 3.263706e+02 1.714830e+02
      vertex   3.635096e+02 3.264025e+02 1.714904e+02
      vertex   3.635024e+02 3.264510e+02 1.714976e+02
    endloop
  endfacet
  facet normal 9.377941e-15 -3.826834e-01 9.238795e-01
    outer loop
      vertex   3.556000e+02 3.263706e+02 1.714830e+02
      vertex   3.528000e+02 3.263706e+02 1.714830e+02
      vertex   3.556000e+02 3.262500e+02 1.714330e+02
    endloop
  endfacet
  facet normal 9.377941e-15 -3.826834e-01 9.238795e-01
    outer loop
      vertex   3.556000e+02 3.262500e+02 1.714330e+02
      vertex   3.528000e+02 3.263706e+02 1.714830e+02
      vertex   3.528000e+02 3.262500e+02 1.714330e+02
    endloop
  endfacet
  facet normal 8.053021e-15 -6.087614e-01 7.933533e-01
    outer loop
      vertex   3.556000e+02 3.262500e+02 1.714330e+02
      vertex   3.528000e+02 3.262500e+02 1.714330e+02
      vertex   3.556000e+02 3.261464e+02 1.713536e+02
    endloop
  endfacet
  facet normal 8.053021e-15 -6.087614e-01 7.933533e-01
    outer loop
      vertex   3.556000e+02 3.261464e+02 1.713536e+02
      vertex   3.528000e+02 3.262500e+02 1.714330e+02
      vertex   3.528000e+02 3.261464e+02 1.713536e+02
    endloop
  endfacet
  facet normal 6.179300e-15 -7.933533e-01 6.087614e-01
    outer loop
      vertex   3.556000e+02 3.261464e+02 1.713536e+02
      vertex   3.528000e+02 3.261464e+02 1.713536e+02
      vertex   3.556000e+02 3.260670e+02 1.712500e+02
    endloop
  endfacet
  facet normal 0.000000e+00 -3.826834e-01 9.238795e-01
    outer loop
      vertex   3.556000e+02 3.263706e+02 1.714830e+02
      vertex   3.556000e+02 3.262500e+02 1.714330e+02
      vertex   3.584000e+02 3.262500e+02 1.714330e+02
    endloop
  endfacet
  facet normal 0.000000e+00 -6.087614e-01 7.933533e-01
    outer loop
      vertex   3.584000e+02 3.262500e+02 1.714330e+02
      vertex   3.556000e+02 3.262500e+02 1.714330e+02
      vertex   3.584000e+02 3.261464e+02 1.713536e+02
    endloop
  endfacet
  facet normal 0.000000e+00 -6.087614e-01 7.933533e-01
    outer loop
      vertex   3.584000e+02 3.262500e+02 1.714330e+02
      vertex   3.584000e+02 3.261464e+02 1.713536e+02
      vertex   3.612000e+02 3.261464e+02 1.713536e+02
    endloop
  endfacet
  facet normal 0.000000e+00 -7.933533e-01 6.087614e-01
    outer loop
      vertex   3.612000e+02 3.261464e+02 1.713536e+02
      vertex   3.584000e+02 3.261464e+02 1.713536e+02
      vertex   3.612000e+02 3.260670e+02 1.712500e+02
    endloop
  endfacet
  facet normal -2.471720e-14 -6.087614e-01 7.933533e-01
    outer loop
      vertex   3.584000e+02 3.261464e+02 1.713536e+02
      vertex   3.556000e+02 3.262500e+02 1.714330e+02
      vertex   3.556000e+02 3.261464e+02 1.713536e+02
    endloop
  endfacet
  facet normal -3.221208e-14 -7.933533e-01 6.087614e-01
    outer loop
      vertex   3.584000e+02 3.261464e+02 1.713536e+02
      vertex   3.556000e+02 3.261464e+02 1.713536e+02
      vertex   3.584000e+02 3.260670e+02 1.712500e+02
    endloop
  endfacet
  facet normal 0.000000e+00 -7.933533e-01 6.087614e-01
    outer loop
      vertex   3.584000e+02 3.260670e+02 1.712500e+02
      vertex   3.556000e+02 3.261464e+02 1.713536e+02
      vertex   3.556000e+02 3.260670e+02 1.712500e+02
    endloop
  endfacet
  facet normal 0.000000e+00 -9.238795e-01 3.826834e-01
    outer loop
      vertex   3.584000e+02 3.260670e+02 1.712500e+02
      vertex   3.556000e+02 3.260670e+02 1.712500e+02
      vertex   3.584000e+02 3.260170e+02 1.711294e+02
    endloop
  endfacet
  facet normal -1.875584e-14 -9.238795e-01 3.826834e-01
    outer loop
      vertex   3.612000e+02 3.260170e+02 1.711294e+02
      vertex   3.612000e+02 3.260670e+02 1.712500e+02
      vertex   3.584000e+02 3.260670e+02 1.712500e+02
    endloop
  endfacet
  facet normal -1.610604e-14 -7.933533e-01 6.087614e-01
    outer loop
      vertex   3.584000e+02 3.260670e+02 1.712500e+02
      vertex   3.612000e+02 3.260670e+02 1.712500e+02
      vertex   3.584000e+02 3.261464e+02 1.713536e+02
    endloop
  endfacet
  facet normal 7.768941e-15 -9.238795e-01 3.826834e-01
    outer loop
      vertex   3.612000e+02 3.260170e+02 1.711294e+02
      vertex   3.584000e+02 3.260670e+02 1.712500e+02
      vertex   3.584000e+02 3.260170e+02 1.711294e+02
    endloop
  endfacet
  facet normal -9.987955e-01 -4.906767e-02 -0.000000e+00
    outer loop
      vertex   3.635000e+02 3.265000e+02 1.810000e+02
      vertex   3.635000e+02 3.265000e+02 1.715000e+02
      vertex   3.635024e+02 3.264510e+02 1.810024e+02
    endloop
  endfacet
  facet normal -9.888019e-01 -1.492332e-01 -5.191346e-04
    outer loop
      vertex   3.635024e+02 3.264510e+02 1.810024e+02
      vertex   3.635000e+02 3.265000e+02 1.715000e+02
      vertex   3.635170e+02 3.263706e+02 1.762500e+02
    endloop
  endfacet
  facet normal -9.838460e-01 -1.790169e-01 0.000000e+00
    outer loop
      vertex   3.635024e+02 3.264510e+02 1.810024e+02
      vertex   3.635170e+02 3.263706e+02 1.762500e+02
      vertex   3.635170e+02 3.263706e+02 1.788750e+02
    endloop
  endfacet
  facet normal -9.238795e-01 -3.826834e-01 -0.000000e+00
    outer loop
      vertex   3.635170e+02 3.263706e+02 1.788750e+02
      vertex   3.635170e+02 3.263706e+02 1.762500e+02
      vertex   3.635670e+02 3.262500e+02 1.788750e+02
    endloop
  endfacet
  facet normal -9.238777e-01 -3.826827e-01 -1.977551e-03
    outer loop
      vertex   3.635170e+02 3.263706e+02 1.788750e+02
      vertex   3.635670e+02 3.262500e+02 1.788750e+02
      vertex   3.635381e+02 3.263087e+02 1.810381e+02
    endloop
  endfacet
  facet normal -8.821375e-01 -4.709910e-01 9.754110e-04
    outer loop
      vertex   3.635381e+02 3.263087e+02 1.810381e+02
      vertex   3.635670e+02 3.262500e+02 1.788750e+02
      vertex   3.635843e+02 3.262222e+02 1.810843e+02
    endloop
  endfacet
  facet normal -7.933525e-01 -6.087608e-01 -1.451626e-03
    outer loop
      vertex   3.635843e+02 3.262222e+02 1.810843e+02
      vertex   3.635670e+02 3.262500e+02 1.788750e+02
      vertex   3.636464e+02 3.261464e+02 1.788750e+02
    endloop
  endfacet
  facet normal -7.730105e-01 -6.343933e-01 0.000000e+00
    outer loop
      vertex   3.635843e+02 3.262222e+02 1.810843e+02
      vertex   3.636464e+02 3.261464e+02 1.788750e+02
      vertex   3.636464e+02 3.261464e+02 1.811464e+02
    endloop
  endfacet
  facet normal -6.343933e-01 -7.730105e-01 -0.000000e+00
    outer loop
      vertex   3.636464e+02 3.261464e+02 1.811464e+02
      vertex   3.636464e+02 3.261464e+02 1.788750e+02
      vertex   3.637222e+02 3.260843e+02 1.812222e+02
    endloop
  endfacet
  facet normal -6.087609e-01 -7.933526e-01 -1.366312e-03
    outer loop
      vertex   3.637222e+02 3.260843e+02 1.812222e+02
      vertex   3.636464e+02 3.261464e+02 1.788750e+02
      vertex   3.637500e+02 3.260670e+02 1.788750e+02
    endloop
  endfacet
  facet normal -4.720969e-01 -8.815462e-01 9.006402e-04
    outer loop
      vertex   3.637222e+02 3.260843e+02 1.812222e+02
      vertex   3.637500e+02 3.260670e+02 1.788750e+02
      vertex   3.638087e+02 3.260381e+02 1.813087e+02
    endloop
  endfacet
  facet normal -3.826828e-01 -9.238781e-01 -1.757668e-03
    outer loop
      vertex   3.638087e+02 3.260381e+02 1.813087e+02
      vertex   3.637500e+02 3.260670e+02 1.788750e+02
      vertex   3.638706e+02 3.260170e+02 1.788750e+02
    endloop
  endfacet
  facet normal -2.910695e-01 -9.567015e-01 8.572706e-04
    outer loop
      vertex   3.638087e+02 3.260381e+02 1.813087e+02
      vertex   3.638706e+02 3.260170e+02 1.788750e+02
      vertex   3.639025e+02 3.260096e+02 1.814025e+02
    endloop
  endfacet
  facet normal -9.632172e-02 -9.953488e-01 -1.711579e-03
    outer loop
      vertex   3.639025e+02 3.260096e+02 1.814025e+02
      vertex   3.638706e+02 3.260170e+02 1.788750e+02
      vertex   3.640000e+02 3.260000e+02 1.815000e+02
    endloop
  endfacet
  facet normal -1.305262e-01 -9.914449e-01 0.000000e+00
    outer loop
      vertex   3.640000e+02 3.260000e+02 1.815000e+02
      vertex   3.638706e+02 3.260170e+02 1.788750e+02
      vertex   3.638706e+02 3.260170e+02 1.762500e+02
    endloop
  endfacet
  facet normal -1.305262e-01 -9.914449e-01 0.000000e+00
    outer loop
      vertex   3.640000e+02 3.260000e+02 1.815000e+02
      vertex   3.638706e+02 3.260170e+02 1.762500e+02
      vertex   3.638706e+02 3.260170e+02 1.736250e+02
    endloop
  endfacet
  facet normal -3.826834e-01 -9.238795e-01 0.000000e+00
    outer loop
      vertex   3.638706e+02 3.260170e+02 1.736250e+02
      vertex   3.638706e+02 3.260170e+02 1.762500e+02
      vertex   3.637500e+02 3.260670e+02 1.736250e+02
    endloop
  endfacet
  facet normal -3.826828e-01 -9.238781e-01 1.757668e-03
    outer loop
      vertex   3.638706e+02 3.260170e+02 1.736250e+02
      vertex   3.637500e+02 3.260670e+02 1.736250e+02
      vertex   3.638087e+02 3.260381e+02 1.711913e+02
    endloop
  endfacet
  facet normal -4.720969e-01 -8.815462e-01 -9.006402e-04
    outer loop
      vertex   3.638087e+02 3.260381e+02 1.711913e+02
      vertex   3.637500e+02 3.260670e+02 1.736250e+02
      vertex   3.637222e+02 3.260843e+02 1.712778e+02
    endloop
  endfacet
  facet normal -6.087609e-01 -7.933526e-01 1.366312e-03
    outer loop
      vertex   3.637222e+02 3.260843e+02 1.712778e+02
      vertex   3.637500e+02 3.260670e+02 1.736250e+02
      vertex   3.636464e+02 3.261464e+02 1.736250e+02
    endloop
  endfacet
  facet normal -6.343933e-01 -7.730105e-01 0.000000e+00
    outer loop
      vertex   3.637222e+02 3.260843e+02 1.712778e+02
      vertex   3.636464e+02 3.261464e+02 1.736250e+02
      vertex   3.636464e+02 3.261464e+02 1.713536e+02
    endloop
  endfacet
  facet normal -7.730105e-01 -6.343933e-01 0.000000e+00
    outer loop
      vertex   3.636464e+02 3.261464e+02 1.713536e+02
      vertex   3.636464e+02 3.261464e+02 1.736250e+02
      vertex   3.635843e+02 3.262222e+02 1.714157e+02
    endloop
  endfacet
  facet normal -7.933525e-01 -6.087608e-01 1.451626e-03
    outer loop
      vertex   3.635843e+02 3.262222e+02 1.714157e+02
      vertex   3.636464e+02 3.261464e+02 1.736250e+02
      vertex   3.635670e+02 3.262500e+02 1.736250e+02
    endloop
  endfacet
  facet normal -8.821375e-01 -4.709910e-01 -9.754109e-04
    outer loop
      vertex   3.635843e+02 3.262222e+02 1.714157e+02
      vertex   3.635670e+02 3.262500e+02 1.736250e+02
      vertex   3.635381e+02 3.263087e+02 1.714619e+02
    endloop
  endfacet
  facet normal -9.238777e-01 -3.826827e-01 1.977551e-03
    outer loop
      vertex   3.635381e+02 3.263087e+02 1.714619e+02
      vertex   3.635670e+02 3.262500e+02 1.736250e+02
      vertex   3.635170e+02 3.263706e+02 1.736250e+02
    endloop
  endfacet
  facet normal -9.570239e-01 -2.900073e-01 -9.980619e-04
    outer loop
      vertex   3.635381e+02 3.263087e+02 1.714619e+02
      vertex   3.635170e+02 3.263706e+02 1.736250e+02
      vertex   3.635096e+02 3.264025e+02 1.714904e+02
    endloop
  endfacet
  facet normal -9.891488e-01 -1.469118e-01 1.249811e-03
    outer loop
      vertex   3.635096e+02 3.264025e+02 1.714904e+02
      vertex   3.635170e+02 3.263706e+02 1.736250e+02
      vertex   3.635024e+02 3.264510e+02 1.714976e+02
    endloop
  endfacet
  facet normal -9.987709e-01 -4.931232e-02 5.004547e-03
    outer loop
      vertex   3.635024e+02 3.264510e+02 1.714976e+02
      vertex   3.635170e+02 3.263706e+02 1.736250e+02
      vertex   3.635000e+02 3.265000e+02 1.715000e+02
    endloop
  endfacet
  facet normal -9.914449e-01 -1.305262e-01 0.000000e+00
    outer loop
      vertex   3.635000e+02 3.265000e+02 1.715000e+02
      vertex   3.635170e+02 3.263706e+02 1.736250e+02
      vertex   3.635170e+02 3.263706e+02 1.762500e+02
    endloop
  endfacet
  facet normal -2.910695e-01 -9.567015e-01 -8.572706e-04
    outer loop
      vertex   3.638087e+02 3.260381e+02 1.711913e+02
      vertex   3.639025e+02 3.260096e+02 1.710975e+02
      vertex   3.638706e+02 3.260170e+02 1.736250e+02
    endloop
  endfacet
  facet normal -1.730715e-01 -9.849090e-01 7.132843e-04
    outer loop
      vertex   3.638706e+02 3.260170e+02 1.736250e+02
      vertex   3.639025e+02 3.260096e+02 1.710975e+02
      vertex   3.640000e+02 3.260000e+02 1.815000e+02
    endloop
  endfacet
  facet normal -9.801714e-02 -9.951847e-01 0.000000e+00
    outer loop
      vertex   3.639025e+02 3.260096e+02 1.710975e+02
      vertex   3.640000e+02 3.260000e+02 1.710000e+02
      vertex   3.640000e+02 3.260000e+02 1.815000e+02
    endloop
  endfacet
  facet normal -9.570239e-01 -2.900073e-01 9.980619e-04
    outer loop
      vertex   3.635381e+02 3.263087e+02 1.810381e+02
      vertex   3.635096e+02 3.264025e+02 1.810096e+02
      vertex   3.635170e+02 3.263706e+02 1.788750e+02
    endloop
  endfacet
  facet normal -9.891488e-01 -1.469118e-01 -1.249811e-03
    outer loop
      vertex   3.635170e+02 3.263706e+02 1.788750e+02
      vertex   3.635096e+02 3.264025e+02 1.810096e+02
      vertex   3.635024e+02 3.264510e+02 1.810024e+02
    endloop
  endfacet
  facet normal -9.238795e-01 -3.826834e-01 -0.000000e+00
    outer loop
      vertex   3.635170e+02 3.263706e+02 1.762500e+02
      vertex   3.635170e+02 3.263706e+02 1.736250e+02
      vertex   3.635670e+02 3.262500e+02 1.762500e+02
    endloop
  endfacet
  facet normal -9.238795e-01 -3.826834e-01 -0.000000e+00
    outer loop
      vertex   3.635670e+02 3.262500e+02 1.762500e+02
      vertex   3.635170e+02 3.263706e+02 1.736250e+02
      vertex   3.635670e+02 3.262500e+02 1.736250e+02
    endloop
  endfacet
  facet normal -7.933533e-01 -6.087614e-01 -0.000000e+00
    outer loop
      vertex   3.635670e+02 3.262500e+02 1.762500e+02
      vertex   3.635670e+02 3.262500e+02 1.736250e+02
      vertex   3.636464e+02 3.261464e+02 1.762500e+02
    endloop
  endfacet
  facet normal -7.933533e-01 -6.087614e-01 -1.717978e-14
    outer loop
      vertex   3.636464e+02 3.261464e+02 1.762500e+02
      vertex   3.635670e+02 3.262500e+02 1.736250e+02
      vertex   3.636464e+02 3.261464e+02 1.736250e+02
    endloop
  endfacet
  facet normal -6.087614e-01 -7.933533e-01 -1.318251e-14
    outer loop
      vertex   3.636464e+02 3.261464e+02 1.762500e+02
      vertex   3.636464e+02 3.261464e+02 1.736250e+02
      vertex   3.637500e+02 3.260670e+02 1.762500e+02
    endloop
  endfacet
  facet normal -6.087614e-01 -7.933533e-01 -0.000000e+00
    outer loop
      vertex   3.637500e+02 3.260670e+02 1.762500e+02
      vertex   3.636464e+02 3.261464e+02 1.736250e+02
      vertex   3.637500e+02 3.260670e+02 1.736250e+02
    endloop
  endfacet
  facet normal -3.826834e-01 -9.238795e-01 -0.000000e+00
    outer loop
      vertex   3.637500e+02 3.260670e+02 1.762500e+02
      vertex   3.637500e+02 3.260670e+02 1.736250e+02
      vertex   3.638706e+02 3.260170e+02 1.762500e+02
    endloop
  endfacet
  facet normal -7.933533e-01 -6.087614e-01 0.000000e+00
    outer loop
      vertex   3.636464e+02 3.261464e+02 1.788750e+02
      vertex   3.635670e+02 3.262500e+02 1.788750e+02
      vertex   3.635670e+02 3.262500e+02 1.762500e+02
    endloop
  endfacet
  facet normal -9.238795e-01 -3.826834e-01 0.000000e+00
    outer loop
      vertex   3.635670e+02 3.262500e+02 1.762500e+02
      vertex   3.635670e+02 3.262500e+02 1.788750e+02
      vertex   3.635170e+02 3.263706e+02 1.762500e+02
    endloop
  endfacet
  facet normal -7.933533e-01 -6.087614e-01 -0.000000e+00
    outer loop
      vertex   3.636464e+02 3.261464e+02 1.788750e+02
      vertex   3.635670e+02 3.262500e+02 1.762500e+02
      vertex   3.636464e+02 3.261464e+02 1.762500e+02
    endloop
  endfacet
  facet normal -6.087614e-01 -7.933533e-01 0.000000e+00
    outer loop
      vertex   3.637500e+02 3.260670e+02 1.788750e+02
      vertex   3.636464e+02 3.261464e+02 1.788750e+02
      vertex   3.636464e+02 3.261464e+02 1.762500e+02
    endloop
  endfacet
  facet normal -6.087614e-01 -7.933533e-01 -0.000000e+00
    outer loop
      vertex   3.637500e+02 3.260670e+02 1.788750e+02
      vertex   3.636464e+02 3.261464e+02 1.762500e+02
      vertex   3.637500e+02 3.260670e+02 1.762500e+02
    endloop
  endfacet
  facet normal -3.826834e-01 -9.238795e-01 0.000000e+00
    outer loop
      vertex   3.638706e+02 3.260170e+02 1.788750e+02
      vertex   3.637500e+02 3.260670e+02 1.788750e+02
      vertex   3.637500e+02 3.260670e+02 1.762500e+02
    endloop
  endfacet
  facet normal -3.826834e-01 -9.238795e-01 -0.000000e+00
    outer loop
      vertex   3.638706e+02 3.260170e+02 1.788750e+02
      vertex   3.637500e+02 3.260670e+02 1.762500e+02
      vertex   3.638706e+02 3.260170e+02 1.762500e+02
    endloop
  endfacet
  facet normal -1.288937e-01 9.218663e-03 -9.916156e-01
    outer loop
      vertex   3.480204e+02 3.437846e+02 1.810000e+02
      vertex   3.480000e+02 3.435000e+02 1.810000e+02
      vertex   3.478888e+02 3.437779e+02 1.810170e+02
    endloop
  endfacet
  facet normal -1.305213e-01 8.554826e-03 -9.914086e-01
    outer loop
      vertex   3.478888e+02 3.437779e+02 1.810170e+02
      vertex   3.480000e+02 3.435000e+02 1.810000e+02
      vertex   3.478706e+02 3.435000e+02 1.810170e+02
    endloop
  endfacet
  facet normal -3.825630e-01 2.507451e-02 -9.235891e-01
    outer loop
      vertex   3.478888e+02 3.437779e+02 1.810170e+02
      vertex   3.478706e+02 3.435000e+02 1.810170e+02
      vertex   3.477500e+02 3.435000e+02 1.810670e+02
    endloop
  endfacet
  facet normal -3.825630e-01 2.507451e-02 -9.235891e-01
    outer loop
      vertex   3.478888e+02 3.437779e+02 1.810170e+02
      vertex   3.477500e+02 3.435000e+02 1.810670e+02
      vertex   3.477692e+02 3.437937e+02 1.810670e+02
    endloop
  endfacet
  facet normal -6.082774e-01 3.986861e-02 -7.927226e-01
    outer loop
      vertex   3.477692e+02 3.437937e+02 1.810670e+02
      vertex   3.477500e+02 3.435000e+02 1.810670e+02
      vertex   3.476464e+02 3.435000e+02 1.811464e+02
    endloop
  endfacet
  facet normal -6.082774e-01 3.986861e-02 -7.927226e-01
    outer loop
      vertex   3.477692e+02 3.437937e+02 1.810670e+02
      vertex   3.476464e+02 3.435000e+02 1.811464e+02
      vertex   3.476666e+02 3.438072e+02 1.811464e+02
    endloop
  endfacet
  facet normal -7.922829e-01 5.192897e-02 -6.079401e-01
    outer loop
      vertex   3.476666e+02 3.438072e+02 1.811464e+02
      vertex   3.476464e+02 3.435000e+02 1.811464e+02
      vertex   3.475670e+02 3.435000e+02 1.812500e+02
    endloop
  endfacet
  facet normal -7.922829e-01 5.192897e-02 -6.079401e-01
    outer loop
      vertex   3.476666e+02 3.438072e+02 1.811464e+02
      vertex   3.475670e+02 3.435000e+02 1.812500e+02
      vertex   3.475878e+02 3.438176e+02 1.812500e+02
    endloop
  endfacet
  facet normal -9.221903e-01 6.044355e-02 -3.819838e-01
    outer loop
      vertex   3.475878e+02 3.438176e+02 1.812500e+02
      vertex   3.475670e+02 3.435000e+02 1.812500e+02
      vertex   3.475170e+02 3.435000e+02 1.813706e+02
    endloop
  endfacet
  facet normal -9.221903e-01 6.044355e-02 -3.819838e-01
    outer loop
      vertex   3.475878e+02 3.438176e+02 1.812500e+02
      vertex   3.475170e+02 3.435000e+02 1.813706e+02
      vertex   3.475383e+02 3.438241e+02 1.813706e+02
    endloop
  endfacet
  facet normal -9.877942e-01 6.474345e-02 -1.416721e-01
    outer loop
      vertex   3.475383e+02 3.438241e+02 1.813706e+02
      vertex   3.475170e+02 3.435000e+02 1.813706e+02
      vertex   3.475182e+02 3.438013e+02 1.815000e+02
    endloop
  endfacet
  facet normal -9.765302e-01 1.789558e-01 -1.198484e-01
    outer loop
      vertex   3.475383e+02 3.438241e+02 1.813706e+02
      vertex   3.475182e+02 3.438013e+02 1.815000e+02
      vertex   3.475726e+02 3.440983e+02 1.815000e+02
    endloop
  endfacet
  facet normal -9.896667e-01 5.986381e-02 -1.302922e-01
    outer loop
      vertex   3.475170e+02 3.435000e+02 1.813706e+02
      vertex   3.475000e+02 3.435000e+02 1.815000e+02
      vertex   3.475182e+02 3.438013e+02 1.815000e+02
    endloop
  endfacet
  facet normal -9.695172e-01 1.928490e-01 -1.511481e-01
    outer loop
      vertex   3.475383e+02 3.438241e+02 1.813706e+02
      vertex   3.475726e+02 3.440983e+02 1.815000e+02
      vertex   3.476016e+02 3.441426e+02 1.813706e+02
    endloop
  endfacet
  facet normal -9.487920e-01 2.956556e-01 -1.112722e-01
    outer loop
      vertex   3.476016e+02 3.441426e+02 1.813706e+02
      vertex   3.475726e+02 3.440983e+02 1.815000e+02
      vertex   3.476625e+02 3.443865e+02 1.815000e+02
    endloop
  endfacet
  facet normal -9.349295e-01 3.173658e-01 -1.587004e-01
    outer loop
      vertex   3.476016e+02 3.441426e+02 1.813706e+02
      vertex   3.476625e+02 3.443865e+02 1.815000e+02
      vertex   3.477060e+02 3.444502e+02 1.813706e+02
    endloop
  endfacet
  facet normal -9.068991e-01 4.081621e-01 -1.045836e-01
    outer loop
      vertex   3.477060e+02 3.444502e+02 1.813706e+02
      vertex   3.476625e+02 3.443865e+02 1.815000e+02
      vertex   3.477864e+02 3.446618e+02 1.815000e+02
    endloop
  endfacet
  facet normal -8.846776e-01 4.362747e-01 -1.643470e-01
    outer loop
      vertex   3.477060e+02 3.444502e+02 1.813706e+02
      vertex   3.477864e+02 3.446618e+02 1.815000e+02
      vertex   3.478497e+02 3.447415e+02 1.813706e+02
    endloop
  endfacet
  facet normal -8.515091e-01 5.147552e-01 -9.979681e-02
    outer loop
      vertex   3.478497e+02 3.447415e+02 1.813706e+02
      vertex   3.477864e+02 3.446618e+02 1.815000e+02
      vertex   3.479425e+02 3.449202e+02 1.815000e+02
    endloop
  endfacet
  facet normal -8.196373e-01 5.476642e-01 -1.681029e-01
    outer loop
      vertex   3.478497e+02 3.447415e+02 1.813706e+02
      vertex   3.479425e+02 3.449202e+02 1.815000e+02
      vertex   3.480301e+02 3.450115e+02 1.813706e+02
    endloop
  endfacet
  facet normal -7.834775e-01 6.138154e-01 -9.692117e-02
    outer loop
      vertex   3.480301e+02 3.450115e+02 1.813706e+02
      vertex   3.479425e+02 3.449202e+02 1.815000e+02
      vertex   3.481287e+02 3.451578e+02 1.815000e+02
    endloop
  endfacet
  facet normal -7.408989e-01 6.497509e-01 -1.699782e-01
    outer loop
      vertex   3.480301e+02 3.450115e+02 1.813706e+02
      vertex   3.481287e+02 3.451578e+02 1.815000e+02
      vertex   3.482443e+02 3.452557e+02 1.813706e+02
    endloop
  endfacet
  facet normal -7.038435e-01 7.038435e-01 -9.596204e-02
    outer loop
      vertex   3.482443e+02 3.452557e+02 1.813706e+02
      vertex   3.481287e+02 3.451578e+02 1.815000e+02
      vertex   3.483422e+02 3.453713e+02 1.815000e+02
    endloop
  endfacet
  facet normal -6.497509e-01 7.408989e-01 -1.699782e-01
    outer loop
      vertex   3.482443e+02 3.452557e+02 1.813706e+02
      vertex   3.483422e+02 3.453713e+02 1.815000e+02
      vertex   3.484885e+02 3.454699e+02 1.813706e+02
    endloop
  endfacet
  facet normal -6.138154e-01 7.834775e-01 -9.692116e-02
    outer loop
      vertex   3.484885e+02 3.454699e+02 1.813706e+02
      vertex   3.483422e+02 3.453713e+02 1.815000e+02
      vertex   3.485798e+02 3.455575e+02 1.815000e+02
    endloop
  endfacet
  facet normal -5.476642e-01 8.196374e-01 -1.681029e-01
    outer loop
      vertex   3.484885e+02 3.454699e+02 1.813706e+02
      vertex   3.485798e+02 3.455575e+02 1.815000e+02
      vertex   3.487585e+02 3.456503e+02 1.813706e+02
    endloop
  endfacet
  facet normal -5.147552e-01 8.515091e-01 -9.979679e-02
    outer loop
      vertex   3.487585e+02 3.456503e+02 1.813706e+02
      vertex   3.485798e+02 3.455575e+02 1.815000e+02
      vertex   3.488382e+02 3.457136e+02 1.815000e+02
    endloop
  endfacet
  facet normal -4.362747e-01 8.846776e-01 -1.643470e-01
    outer loop
      vertex   3.487585e+02 3.456503e+02 1.813706e+02
      vertex   3.488382e+02 3.457136e+02 1.815000e+02
      vertex   3.490498e+02 3.457940e+02 1.813706e+02
    endloop
  endfacet
  facet normal -4.081621e-01 9.068991e-01 -1.045836e-01
    outer loop
      vertex   3.490498e+02 3.457940e+02 1.813706e+02
      vertex   3.488382e+02 3.457136e+02 1.815000e+02
      vertex   3.491135e+02 3.458375e+02 1.815000e+02
    endloop
  endfacet
  facet normal -3.173658e-01 9.349295e-01 -1.587003e-01
    outer loop
      vertex   3.490498e+02 3.457940e+02 1.813706e+02
      vertex   3.491135e+02 3.458375e+02 1.815000e+02
      vertex   3.493574e+02 3.458984e+02 1.813706e+02
    endloop
  endfacet
  facet normal -2.956555e-01 9.487920e-01 -1.112722e-01
    outer loop
      vertex   3.493574e+02 3.458984e+02 1.813706e+02
      vertex   3.491135e+02 3.458375e+02 1.815000e+02
      vertex   3.494017e+02 3.459274e+02 1.815000e+02
    endloop
  endfacet
  facet normal -1.928489e-01 9.695172e-01 -1.511481e-01
    outer loop
      vertex   3.493574e+02 3.458984e+02 1.813706e+02
      vertex   3.494017e+02 3.459274e+02 1.815000e+02
      vertex   3.496759e+02 3.459617e+02 1.813706e+02
    endloop
  endfacet
  facet normal -1.789558e-01 9.765302e-01 -1.198484e-01
    outer loop
      vertex   3.496759e+02 3.459617e+02 1.813706e+02
      vertex   3.494017e+02 3.459274e+02 1.815000e+02
      vertex   3.496987e+02 3.459818e+02 1.815000e+02
    endloop
  endfacet
  facet normal -6.474344e-02 9.877942e-01 -1.416720e-01
    outer loop
      vertex   3.496759e+02 3.459617e+02 1.813706e+02
      vertex   3.496987e+02 3.459818e+02 1.815000e+02
      vertex   3.500000e+02 3.459830e+02 1.813706e+02
    endloop
  endfacet
  facet normal -5.986380e-02 9.896668e-01 -1.302921e-01
    outer loop
      vertex   3.500000e+02 3.459830e+02 1.813706e+02
      vertex   3.496987e+02 3.459818e+02 1.815000e+02
      vertex   3.500000e+02 3.460000e+02 1.815000e+02
    endloop
  endfacet
  facet normal -6.044352e-02 9.221903e-01 -3.819837e-01
    outer loop
      vertex   3.500000e+02 3.459830e+02 1.813706e+02
      vertex   3.500000e+02 3.459330e+02 1.812500e+02
      vertex   3.496759e+02 3.459617e+02 1.813706e+02
    endloop
  endfacet
  facet normal -6.044352e-02 9.221903e-01 -3.819837e-01
    outer loop
      vertex   3.496759e+02 3.459617e+02 1.813706e+02
      vertex   3.500000e+02 3.459330e+02 1.812500e+02
      vertex   3.496824e+02 3.459122e+02 1.812500e+02
    endloop
  endfacet
  facet normal -1.802964e-01 9.064114e-01 -3.819838e-01
    outer loop
      vertex   3.496759e+02 3.459617e+02 1.813706e+02
      vertex   3.496824e+02 3.459122e+02 1.812500e+02
      vertex   3.493574e+02 3.458984e+02 1.813706e+02
    endloop
  endfacet
  facet normal -1.802964e-01 9.064114e-01 -3.819838e-01
    outer loop
      vertex   3.493574e+02 3.458984e+02 1.813706e+02
      vertex   3.496824e+02 3.459122e+02 1.812500e+02
      vertex   3.493703e+02 3.458501e+02 1.812500e+02
    endloop
  endfacet
  facet normal -2.970644e-01 8.751235e-01 -3.819838e-01
    outer loop
      vertex   3.493574e+02 3.458984e+02 1.813706e+02
      vertex   3.493703e+02 3.458501e+02 1.812500e+02
      vertex   3.490498e+02 3.457940e+02 1.813706e+02
    endloop
  endfacet
  facet normal -2.970644e-01 8.751235e-01 -3.819838e-01
    outer loop
      vertex   3.490498e+02 3.457940e+02 1.813706e+02
      vertex   3.493703e+02 3.458501e+02 1.812500e+02
      vertex   3.490689e+02 3.457478e+02 1.812500e+02
    endloop
  endfacet
  facet normal -4.087495e-01 8.288620e-01 -3.819838e-01
    outer loop
      vertex   3.490498e+02 3.457940e+02 1.813706e+02
      vertex   3.490689e+02 3.457478e+02 1.812500e+02
      vertex   3.487585e+02 3.456503e+02 1.813706e+02
    endloop
  endfacet
  facet normal -4.087495e-01 8.288620e-01 -3.819838e-01
    outer loop
      vertex   3.487585e+02 3.456503e+02 1.813706e+02
      vertex   3.490689e+02 3.457478e+02 1.812500e+02
      vertex   3.487835e+02 3.456071e+02 1.812500e+02
    endloop
  endfacet
  facet normal -5.134408e-01 7.684185e-01 -3.819838e-01
    outer loop
      vertex   3.487585e+02 3.456503e+02 1.813706e+02
      vertex   3.487835e+02 3.456071e+02 1.812500e+02
      vertex   3.484885e+02 3.454699e+02 1.813706e+02
    endloop
  endfacet
  facet normal -5.134408e-01 7.684185e-01 -3.819838e-01
    outer loop
      vertex   3.484885e+02 3.454699e+02 1.813706e+02
      vertex   3.487835e+02 3.456071e+02 1.812500e+02
      vertex   3.485189e+02 3.454302e+02 1.812500e+02
    endloop
  endfacet
  facet normal -6.093470e-01 6.948271e-01 -3.819838e-01
    outer loop
      vertex   3.484885e+02 3.454699e+02 1.813706e+02
      vertex   3.485189e+02 3.454302e+02 1.812500e+02
      vertex   3.482443e+02 3.452557e+02 1.813706e+02
    endloop
  endfacet
  facet normal -6.093470e-01 6.948271e-01 -3.819838e-01
    outer loop
      vertex   3.482443e+02 3.452557e+02 1.813706e+02
      vertex   3.485189e+02 3.454302e+02 1.812500e+02
      vertex   3.482796e+02 3.452204e+02 1.812500e+02
    endloop
  endfacet
  facet normal -6.948270e-01 6.093470e-01 -3.819838e-01
    outer loop
      vertex   3.482443e+02 3.452557e+02 1.813706e+02
      vertex   3.482796e+02 3.452204e+02 1.812500e+02
      vertex   3.480301e+02 3.450115e+02 1.813706e+02
    endloop
  endfacet
  facet normal -6.948270e-01 6.093470e-01 -3.819838e-01
    outer loop
      vertex   3.480301e+02 3.450115e+02 1.813706e+02
      vertex   3.482796e+02 3.452204e+02 1.812500e+02
      vertex   3.480698e+02 3.449811e+02 1.812500e+02
    endloop
  endfacet
  facet normal -7.684184e-01 5.134408e-01 -3.819838e-01
    outer loop
      vertex   3.480301e+02 3.450115e+02 1.813706e+02
      vertex   3.480698e+02 3.449811e+02 1.812500e+02
      vertex   3.478497e+02 3.447415e+02 1.813706e+02
    endloop
  endfacet
  facet normal -7.684184e-01 5.134408e-01 -3.819838e-01
    outer loop
      vertex   3.478497e+02 3.447415e+02 1.813706e+02
      vertex   3.480698e+02 3.449811e+02 1.812500e+02
      vertex   3.478929e+02 3.447165e+02 1.812500e+02
    endloop
  endfacet
  facet normal -8.288620e-01 4.087495e-01 -3.819838e-01
    outer loop
      vertex   3.478497e+02 3.447415e+02 1.813706e+02
      vertex   3.478929e+02 3.447165e+02 1.812500e+02
      vertex   3.477060e+02 3.444502e+02 1.813706e+02
    endloop
  endfacet
  facet normal -8.288620e-01 4.087495e-01 -3.819838e-01
    outer loop
      vertex   3.477060e+02 3.444502e+02 1.813706e+02
      vertex   3.478929e+02 3.447165e+02 1.812500e+02
      vertex   3.477522e+02 3.444311e+02 1.812500e+02
    endloop
  endfacet
  facet normal -8.751235e-01 2.970644e-01 -3.819838e-01
    outer loop
      vertex   3.477060e+02 3.444502e+02 1.813706e+02
      vertex   3.477522e+02 3.444311e+02 1.812500e+02
      vertex   3.476016e+02 3.441426e+02 1.813706e+02
    endloop
  endfacet
  facet normal -8.751235e-01 2.970644e-01 -3.819838e-01
    outer loop
      vertex   3.476016e+02 3.441426e+02 1.813706e+02
      vertex   3.477522e+02 3.444311e+02 1.812500e+02
      vertex   3.476499e+02 3.441297e+02 1.812500e+02
    endloop
  endfacet
  facet normal -9.064114e-01 1.802964e-01 -3.819838e-01
    outer loop
      vertex   3.476016e+02 3.441426e+02 1.813706e+02
      vertex   3.476499e+02 3.441297e+02 1.812500e+02
      vertex   3.475383e+02 3.438241e+02 1.813706e+02
    endloop
  endfacet
  facet normal -9.064114e-01 1.802964e-01 -3.819838e-01
    outer loop
      vertex   3.475383e+02 3.438241e+02 1.813706e+02
      vertex   3.476499e+02 3.441297e+02 1.812500e+02
      vertex   3.475878e+02 3.438176e+02 1.812500e+02
    endloop
  endfacet
  facet normal -5.192892e-02 7.922829e-01 -6.079401e-01
    outer loop
      vertex   3.500000e+02 3.459330e+02 1.812500e+02
      vertex   3.500000e+02 3.458536e+02 1.811464e+02
      vertex   3.496824e+02 3.459122e+02 1.812500e+02
    endloop
  endfacet
  facet normal -5.192892e-02 7.922829e-01 -6.079401e-01
    outer loop
      vertex   3.496824e+02 3.459122e+02 1.812500e+02
      vertex   3.500000e+02 3.458536e+02 1.811464e+02
      vertex   3.496928e+02 3.458334e+02 1.811464e+02
    endloop
  endfacet
  facet normal -1.548983e-01 7.787268e-01 -6.079401e-01
    outer loop
      vertex   3.496824e+02 3.459122e+02 1.812500e+02
      vertex   3.496928e+02 3.458334e+02 1.811464e+02
      vertex   3.493703e+02 3.458501e+02 1.812500e+02
    endloop
  endfacet
  facet normal -1.548983e-01 7.787268e-01 -6.079401e-01
    outer loop
      vertex   3.493703e+02 3.458501e+02 1.812500e+02
      vertex   3.496928e+02 3.458334e+02 1.811464e+02
      vertex   3.493909e+02 3.457734e+02 1.811464e+02
    endloop
  endfacet
  facet normal -2.552174e-01 7.518463e-01 -6.079401e-01
    outer loop
      vertex   3.493703e+02 3.458501e+02 1.812500e+02
      vertex   3.493909e+02 3.457734e+02 1.811464e+02
      vertex   3.490689e+02 3.457478e+02 1.812500e+02
    endloop
  endfacet
  facet normal -2.552174e-01 7.518463e-01 -6.079401e-01
    outer loop
      vertex   3.490689e+02 3.457478e+02 1.812500e+02
      vertex   3.493909e+02 3.457734e+02 1.811464e+02
      vertex   3.490993e+02 3.456744e+02 1.811464e+02
    endloop
  endfacet
  facet normal -3.511696e-01 7.121016e-01 -6.079401e-01
    outer loop
      vertex   3.490689e+02 3.457478e+02 1.812500e+02
      vertex   3.490993e+02 3.456744e+02 1.811464e+02
      vertex   3.487835e+02 3.456071e+02 1.812500e+02
    endloop
  endfacet
  facet normal -3.511696e-01 7.121016e-01 -6.079401e-01
    outer loop
      vertex   3.487835e+02 3.456071e+02 1.812500e+02
      vertex   3.490993e+02 3.456744e+02 1.811464e+02
      vertex   3.488232e+02 3.455382e+02 1.811464e+02
    endloop
  endfacet
  facet normal -4.411132e-01 6.601727e-01 -6.079401e-01
    outer loop
      vertex   3.487835e+02 3.456071e+02 1.812500e+02
      vertex   3.488232e+02 3.455382e+02 1.811464e+02
      vertex   3.485189e+02 3.454302e+02 1.812500e+02
    endloop
  endfacet
  facet normal -4.411132e-01 6.601727e-01 -6.079401e-01
    outer loop
      vertex   3.485189e+02 3.454302e+02 1.812500e+02
      vertex   3.488232e+02 3.455382e+02 1.811464e+02
      vertex   3.485672e+02 3.453672e+02 1.811464e+02
    endloop
  endfacet
  facet normal -5.235093e-01 5.969480e-01 -6.079401e-01
    outer loop
      vertex   3.485189e+02 3.454302e+02 1.812500e+02
      vertex   3.485672e+02 3.453672e+02 1.811464e+02
      vertex   3.482796e+02 3.452204e+02 1.812500e+02
    endloop
  endfacet
  facet normal -5.235093e-01 5.969480e-01 -6.079401e-01
    outer loop
      vertex   3.482796e+02 3.452204e+02 1.812500e+02
      vertex   3.485672e+02 3.453672e+02 1.811464e+02
      vertex   3.483358e+02 3.451642e+02 1.811464e+02
    endloop
  endfacet
  facet normal -5.969479e-01 5.235093e-01 -6.079401e-01
    outer loop
      vertex   3.482796e+02 3.452204e+02 1.812500e+02
      vertex   3.483358e+02 3.451642e+02 1.811464e+02
      vertex   3.480698e+02 3.449811e+02 1.812500e+02
    endloop
  endfacet
  facet normal -5.969479e-01 5.235093e-01 -6.079401e-01
    outer loop
      vertex   3.480698e+02 3.449811e+02 1.812500e+02
      vertex   3.483358e+02 3.451642e+02 1.811464e+02
      vertex   3.481328e+02 3.449328e+02 1.811464e+02
    endloop
  endfacet
  facet normal -6.601726e-01 4.411133e-01 -6.079401e-01
    outer loop
      vertex   3.480698e+02 3.449811e+02 1.812500e+02
      vertex   3.481328e+02 3.449328e+02 1.811464e+02
      vertex   3.478929e+02 3.447165e+02 1.812500e+02
    endloop
  endfacet
  facet normal -6.601726e-01 4.411133e-01 -6.079401e-01
    outer loop
      vertex   3.478929e+02 3.447165e+02 1.812500e+02
      vertex   3.481328e+02 3.449328e+02 1.811464e+02
      vertex   3.479618e+02 3.446768e+02 1.811464e+02
    endloop
  endfacet
  facet normal -7.121016e-01 3.511697e-01 -6.079401e-01
    outer loop
      vertex   3.478929e+02 3.447165e+02 1.812500e+02
      vertex   3.479618e+02 3.446768e+02 1.811464e+02
      vertex   3.477522e+02 3.444311e+02 1.812500e+02
    endloop
  endfacet
  facet normal -7.121016e-01 3.511697e-01 -6.079401e-01
    outer loop
      vertex   3.477522e+02 3.444311e+02 1.812500e+02
      vertex   3.479618e+02 3.446768e+02 1.811464e+02
      vertex   3.478256e+02 3.444007e+02 1.811464e+02
    endloop
  endfacet
  facet normal -7.518463e-01 2.552174e-01 -6.079401e-01
    outer loop
      vertex   3.477522e+02 3.444311e+02 1.812500e+02
      vertex   3.478256e+02 3.444007e+02 1.811464e+02
      vertex   3.476499e+02 3.441297e+02 1.812500e+02
    endloop
  endfacet
  facet normal -7.518463e-01 2.552174e-01 -6.079401e-01
    outer loop
      vertex   3.476499e+02 3.441297e+02 1.812500e+02
      vertex   3.478256e+02 3.444007e+02 1.811464e+02
      vertex   3.477266e+02 3.441091e+02 1.811464e+02
    endloop
  endfacet
  facet normal -7.787267e-01 1.548984e-01 -6.079401e-01
    outer loop
      vertex   3.476499e+02 3.441297e+02 1.812500e+02
      vertex   3.477266e+02 3.441091e+02 1.811464e+02
      vertex   3.475878e+02 3.438176e+02 1.812500e+02
    endloop
  endfacet
  facet normal -7.787267e-01 1.548984e-01 -6.079401e-01
    outer loop
      vertex   3.475878e+02 3.438176e+02 1.812500e+02
      vertex   3.477266e+02 3.441091e+02 1.811464e+02
      vertex   3.476666e+02 3.438072e+02 1.811464e+02
    endloop
  endfacet
  facet normal -3.986855e-02 6.082774e-01 -7.927226e-01
    outer loop
      vertex   3.500000e+02 3.458536e+02 1.811464e+02
      vertex   3.500000e+02 3.457500e+02 1.810670e+02
      vertex   3.496928e+02 3.458334e+02 1.811464e+02
    endloop
  endfacet
  facet normal -3.986855e-02 6.082774e-01 -7.927226e-01
    outer loop
      vertex   3.496928e+02 3.458334e+02 1.811464e+02
      vertex   3.500000e+02 3.457500e+02 1.810670e+02
      vertex   3.497063e+02 3.457308e+02 1.810670e+02
    endloop
  endfacet
  facet normal -1.189236e-01 5.978696e-01 -7.927226e-01
    outer loop
      vertex   3.496928e+02 3.458334e+02 1.811464e+02
      vertex   3.497063e+02 3.457308e+02 1.810670e+02
      vertex   3.493909e+02 3.457734e+02 1.811464e+02
    endloop
  endfacet
  facet normal -1.189236e-01 5.978696e-01 -7.927226e-01
    outer loop
      vertex   3.493909e+02 3.457734e+02 1.811464e+02
      vertex   3.497063e+02 3.457308e+02 1.810670e+02
      vertex   3.494177e+02 3.456733e+02 1.810670e+02
    endloop
  endfacet
  facet normal -1.959438e-01 5.772321e-01 -7.927226e-01
    outer loop
      vertex   3.493909e+02 3.457734e+02 1.811464e+02
      vertex   3.494177e+02 3.456733e+02 1.810670e+02
      vertex   3.490993e+02 3.456744e+02 1.811464e+02
    endloop
  endfacet
  facet normal -1.959438e-01 5.772321e-01 -7.927226e-01
    outer loop
      vertex   3.490993e+02 3.456744e+02 1.811464e+02
      vertex   3.494177e+02 3.456733e+02 1.810670e+02
      vertex   3.491390e+02 3.455787e+02 1.810670e+02
    endloop
  endfacet
  facet normal -2.696114e-01 5.467180e-01 -7.927226e-01
    outer loop
      vertex   3.490993e+02 3.456744e+02 1.811464e+02
      vertex   3.491390e+02 3.455787e+02 1.810670e+02
      vertex   3.488232e+02 3.455382e+02 1.811464e+02
    endloop
  endfacet
  facet normal -2.696114e-01 5.467180e-01 -7.927226e-01
    outer loop
      vertex   3.488232e+02 3.455382e+02 1.811464e+02
      vertex   3.491390e+02 3.455787e+02 1.810670e+02
      vertex   3.488750e+02 3.454486e+02 1.810670e+02
    endloop
  endfacet
  facet normal -3.386659e-01 5.068494e-01 -7.927226e-01
    outer loop
      vertex   3.488232e+02 3.455382e+02 1.811464e+02
      vertex   3.488750e+02 3.454486e+02 1.810670e+02
      vertex   3.485672e+02 3.453672e+02 1.811464e+02
    endloop
  endfacet
  facet normal -3.386659e-01 5.068494e-01 -7.927226e-01
    outer loop
      vertex   3.485672e+02 3.453672e+02 1.811464e+02
      vertex   3.488750e+02 3.454486e+02 1.810670e+02
      vertex   3.486303e+02 3.452850e+02 1.810670e+02
    endloop
  endfacet
  facet normal -4.019257e-01 4.583085e-01 -7.927226e-01
    outer loop
      vertex   3.485672e+02 3.453672e+02 1.811464e+02
      vertex   3.486303e+02 3.452850e+02 1.810670e+02
      vertex   3.483358e+02 3.451642e+02 1.811464e+02
    endloop
  endfacet
  facet normal -4.019257e-01 4.583085e-01 -7.927226e-01
    outer loop
      vertex   3.483358e+02 3.451642e+02 1.811464e+02
      vertex   3.486303e+02 3.452850e+02 1.810670e+02
      vertex   3.484090e+02 3.450910e+02 1.810670e+02
    endloop
  endfacet
  facet normal -4.583084e-01 4.019257e-01 -7.927226e-01
    outer loop
      vertex   3.483358e+02 3.451642e+02 1.811464e+02
      vertex   3.484090e+02 3.450910e+02 1.810670e+02
      vertex   3.481328e+02 3.449328e+02 1.811464e+02
    endloop
  endfacet
  facet normal -4.583084e-01 4.019257e-01 -7.927226e-01
    outer loop
      vertex   3.481328e+02 3.449328e+02 1.811464e+02
      vertex   3.484090e+02 3.450910e+02 1.810670e+02
      vertex   3.482150e+02 3.448697e+02 1.810670e+02
    endloop
  endfacet
  facet normal -5.068493e-01 3.386659e-01 -7.927226e-01
    outer loop
      vertex   3.481328e+02 3.449328e+02 1.811464e+02
      vertex   3.482150e+02 3.448697e+02 1.810670e+02
      vertex   3.479618e+02 3.446768e+02 1.811464e+02
    endloop
  endfacet
  facet normal -5.068493e-01 3.386659e-01 -7.927226e-01
    outer loop
      vertex   3.479618e+02 3.446768e+02 1.811464e+02
      vertex   3.482150e+02 3.448697e+02 1.810670e+02
      vertex   3.480514e+02 3.446250e+02 1.810670e+02
    endloop
  endfacet
  facet normal -5.467179e-01 2.696115e-01 -7.927226e-01
    outer loop
      vertex   3.479618e+02 3.446768e+02 1.811464e+02
      vertex   3.480514e+02 3.446250e+02 1.810670e+02
      vertex   3.478256e+02 3.444007e+02 1.811464e+02
    endloop
  endfacet
  facet normal -5.467179e-01 2.696115e-01 -7.927226e-01
    outer loop
      vertex   3.478256e+02 3.444007e+02 1.811464e+02
      vertex   3.480514e+02 3.446250e+02 1.810670e+02
      vertex   3.479213e+02 3.443610e+02 1.810670e+02
    endloop
  endfacet
  facet normal -5.772321e-01 1.959439e-01 -7.927226e-01
    outer loop
      vertex   3.478256e+02 3.444007e+02 1.811464e+02
      vertex   3.479213e+02 3.443610e+02 1.810670e+02
      vertex   3.477266e+02 3.441091e+02 1.811464e+02
    endloop
  endfacet
  facet normal -5.772321e-01 1.959439e-01 -7.927226e-01
    outer loop
      vertex   3.477266e+02 3.441091e+02 1.811464e+02
      vertex   3.479213e+02 3.443610e+02 1.810670e+02
      vertex   3.478267e+02 3.440823e+02 1.810670e+02
    endloop
  endfacet
  facet normal -5.978696e-01 1.189237e-01 -7.927226e-01
    outer loop
      vertex   3.477266e+02 3.441091e+02 1.811464e+02
      vertex   3.478267e+02 3.440823e+02 1.810670e+02
      vertex   3.476666e+02 3.438072e+02 1.811464e+02
    endloop
  endfacet
  facet normal -5.978696e-01 1.189237e-01 -7.927226e-01
    outer loop
      vertex   3.476666e+02 3.438072e+02 1.811464e+02
      vertex   3.478267e+02 3.440823e+02 1.810670e+02
      vertex   3.477692e+02 3.437937e+02 1.810670e+02
    endloop
  endfacet
  facet normal -2.507444e-02 3.825631e-01 -9.235891e-01
    outer loop
      vertex   3.500000e+02 3.457500e+02 1.810670e+02
      vertex   3.500000e+02 3.456294e+02 1.810170e+02
      vertex   3.497063e+02 3.457308e+02 1.810670e+02
    endloop
  endfacet
  facet normal -2.507444e-02 3.825631e-01 -9.235891e-01
    outer loop
      vertex   3.497063e+02 3.457308e+02 1.810670e+02
      vertex   3.500000e+02 3.456294e+02 1.810170e+02
      vertex   3.497221e+02 3.456112e+02 1.810170e+02
    endloop
  endfacet
  facet normal -7.479444e-02 3.760174e-01 -9.235891e-01
    outer loop
      vertex   3.497063e+02 3.457308e+02 1.810670e+02
      vertex   3.497221e+02 3.456112e+02 1.810170e+02
      vertex   3.494177e+02 3.456733e+02 1.810670e+02
    endloop
  endfacet
  facet normal -7.479444e-02 3.760174e-01 -9.235891e-01
    outer loop
      vertex   3.494177e+02 3.456733e+02 1.810670e+02
      vertex   3.497221e+02 3.456112e+02 1.810170e+02
      vertex   3.494489e+02 3.455569e+02 1.810170e+02
    endloop
  endfacet
  facet normal -1.232347e-01 3.630378e-01 -9.235891e-01
    outer loop
      vertex   3.494177e+02 3.456733e+02 1.810670e+02
      vertex   3.494489e+02 3.455569e+02 1.810170e+02
      vertex   3.491390e+02 3.455787e+02 1.810670e+02
    endloop
  endfacet
  facet normal -1.232347e-01 3.630378e-01 -9.235891e-01
    outer loop
      vertex   3.491390e+02 3.455787e+02 1.810670e+02
      vertex   3.494489e+02 3.455569e+02 1.810170e+02
      vertex   3.491851e+02 3.454673e+02 1.810170e+02
    endloop
  endfacet
  facet normal -1.695663e-01 3.438466e-01 -9.235891e-01
    outer loop
      vertex   3.491390e+02 3.455787e+02 1.810670e+02
      vertex   3.491851e+02 3.454673e+02 1.810170e+02
      vertex   3.488750e+02 3.454486e+02 1.810670e+02
    endloop
  endfacet
  facet normal -1.695663e-01 3.438466e-01 -9.235891e-01
    outer loop
      vertex   3.488750e+02 3.454486e+02 1.810670e+02
      vertex   3.491851e+02 3.454673e+02 1.810170e+02
      vertex   3.489353e+02 3.453441e+02 1.810170e+02
    endloop
  endfacet
  facet normal -2.129967e-01 3.187721e-01 -9.235891e-01
    outer loop
      vertex   3.488750e+02 3.454486e+02 1.810670e+02
      vertex   3.489353e+02 3.453441e+02 1.810170e+02
      vertex   3.486303e+02 3.452850e+02 1.810670e+02
    endloop
  endfacet
  facet normal -2.129967e-01 3.187721e-01 -9.235891e-01
    outer loop
      vertex   3.486303e+02 3.452850e+02 1.810670e+02
      vertex   3.489353e+02 3.453441e+02 1.810170e+02
      vertex   3.487037e+02 3.451894e+02 1.810170e+02
    endloop
  endfacet
  facet normal -2.527825e-01 2.882433e-01 -9.235891e-01
    outer loop
      vertex   3.486303e+02 3.452850e+02 1.810670e+02
      vertex   3.487037e+02 3.451894e+02 1.810170e+02
      vertex   3.484090e+02 3.450910e+02 1.810670e+02
    endloop
  endfacet
  facet normal -2.527825e-01 2.882433e-01 -9.235891e-01
    outer loop
      vertex   3.484090e+02 3.450910e+02 1.810670e+02
      vertex   3.487037e+02 3.451894e+02 1.810170e+02
      vertex   3.484943e+02 3.450057e+02 1.810170e+02
    endloop
  endfacet
  facet normal -2.882433e-01 2.527826e-01 -9.235891e-01
    outer loop
      vertex   3.484090e+02 3.450910e+02 1.810670e+02
      vertex   3.484943e+02 3.450057e+02 1.810170e+02
      vertex   3.482150e+02 3.448697e+02 1.810670e+02
    endloop
  endfacet
  facet normal -2.882433e-01 2.527826e-01 -9.235891e-01
    outer loop
      vertex   3.482150e+02 3.448697e+02 1.810670e+02
      vertex   3.484943e+02 3.450057e+02 1.810170e+02
      vertex   3.483106e+02 3.447963e+02 1.810170e+02
    endloop
  endfacet
  facet normal -3.187721e-01 2.129967e-01 -9.235891e-01
    outer loop
      vertex   3.482150e+02 3.448697e+02 1.810670e+02
      vertex   3.483106e+02 3.447963e+02 1.810170e+02
      vertex   3.480514e+02 3.446250e+02 1.810670e+02
    endloop
  endfacet
  facet normal -3.187721e-01 2.129967e-01 -9.235891e-01
    outer loop
      vertex   3.480514e+02 3.446250e+02 1.810670e+02
      vertex   3.483106e+02 3.447963e+02 1.810170e+02
      vertex   3.481559e+02 3.445647e+02 1.810170e+02
    endloop
  endfacet
  facet normal -3.438466e-01 1.695664e-01 -9.235891e-01
    outer loop
      vertex   3.480514e+02 3.446250e+02 1.810670e+02
      vertex   3.481559e+02 3.445647e+02 1.810170e+02
      vertex   3.479213e+02 3.443610e+02 1.810670e+02
    endloop
  endfacet
  facet normal -3.438466e-01 1.695664e-01 -9.235891e-01
    outer loop
      vertex   3.479213e+02 3.443610e+02 1.810670e+02
      vertex   3.481559e+02 3.445647e+02 1.810170e+02
      vertex   3.480327e+02 3.443149e+02 1.810170e+02
    endloop
  endfacet
  facet normal -3.630378e-01 1.232347e-01 -9.235891e-01
    outer loop
      vertex   3.479213e+02 3.443610e+02 1.810670e+02
      vertex   3.480327e+02 3.443149e+02 1.810170e+02
      vertex   3.478267e+02 3.440823e+02 1.810670e+02
    endloop
  endfacet
  facet normal -3.630378e-01 1.232347e-01 -9.235891e-01
    outer loop
      vertex   3.478267e+02 3.440823e+02 1.810670e+02
      vertex   3.480327e+02 3.443149e+02 1.810170e+02
      vertex   3.479431e+02 3.440511e+02 1.810170e+02
    endloop
  endfacet
  facet normal -3.760173e-01 7.479450e-02 -9.235891e-01
    outer loop
      vertex   3.478267e+02 3.440823e+02 1.810670e+02
      vertex   3.479431e+02 3.440511e+02 1.810170e+02
      vertex   3.477692e+02 3.437937e+02 1.810670e+02
    endloop
  endfacet
  facet normal -3.760173e-01 7.479450e-02 -9.235891e-01
    outer loop
      vertex   3.477692e+02 3.437937e+02 1.810670e+02
      vertex   3.479431e+02 3.440511e+02 1.810170e+02
      vertex   3.478888e+02 3.437779e+02 1.810170e+02
    endloop
  endfacet
  facet normal -8.554755e-03 1.305214e-01 -9.914086e-01
    outer loop
      vertex   3.500000e+02 3.456294e+02 1.810170e+02
      vertex   3.500000e+02 3.455000e+02 1.810000e+02
      vertex   3.497221e+02 3.456112e+02 1.810170e+02
    endloop
  endfacet
  facet normal -9.218592e-03 1.288938e-01 -9.916156e-01
    outer loop
      vertex   3.497221e+02 3.456112e+02 1.810170e+02
      vertex   3.500000e+02 3.455000e+02 1.810000e+02
      vertex   3.497154e+02 3.454796e+02 1.810000e+02
    endloop
  endfacet
  facet normal -2.579588e-02 1.296850e-01 -9.912196e-01
    outer loop
      vertex   3.497221e+02 3.456112e+02 1.810170e+02
      vertex   3.497154e+02 3.454796e+02 1.810000e+02
      vertex   3.494489e+02 3.455569e+02 1.810170e+02
    endloop
  endfacet
  facet normal -2.719086e-02 1.249947e-01 -9.917847e-01
    outer loop
      vertex   3.494489e+02 3.455569e+02 1.810170e+02
      vertex   3.497154e+02 3.454796e+02 1.810000e+02
      vertex   3.494365e+02 3.454190e+02 1.810000e+02
    endloop
  endfacet
  facet normal -4.287598e-02 1.263088e-01 -9.910639e-01
    outer loop
      vertex   3.494489e+02 3.455569e+02 1.810170e+02
      vertex   3.494365e+02 3.454190e+02 1.810000e+02
      vertex   3.491851e+02 3.454673e+02 1.810170e+02
    endloop
  endfacet
  facet normal -4.435418e-02 1.189184e-01 -9.919129e-01
    outer loop
      vertex   3.491851e+02 3.454673e+02 1.810170e+02
      vertex   3.494365e+02 3.454190e+02 1.810000e+02
      vertex   3.491692e+02 3.453193e+02 1.810000e+02
    endloop
  endfacet
  facet normal -5.938719e-02 1.204255e-01 -9.909444e-01
    outer loop
      vertex   3.491851e+02 3.454673e+02 1.810170e+02
      vertex   3.491692e+02 3.453193e+02 1.810000e+02
      vertex   3.489353e+02 3.453441e+02 1.810170e+02
    endloop
  endfacet
  facet normal -6.048964e-02 1.107786e-01 -9.920026e-01
    outer loop
      vertex   3.489353e+02 3.453441e+02 1.810170e+02
      vertex   3.491692e+02 3.453193e+02 1.810000e+02
      vertex   3.489187e+02 3.451825e+02 1.810000e+02
    endloop
  endfacet
  facet normal -7.492922e-02 1.121396e-01 -9.908634e-01
    outer loop
      vertex   3.489353e+02 3.453441e+02 1.810170e+02
      vertex   3.489187e+02 3.451825e+02 1.810000e+02
      vertex   3.487037e+02 3.451894e+02 1.810170e+02
    endloop
  endfacet
  facet normal -7.538879e-02 1.007077e-01 -9.920557e-01
    outer loop
      vertex   3.487037e+02 3.451894e+02 1.810170e+02
      vertex   3.489187e+02 3.451825e+02 1.810000e+02
      vertex   3.486903e+02 3.450115e+02 1.810000e+02
    endloop
  endfacet
  facet normal -8.912333e-02 1.016258e-01 -9.908225e-01
    outer loop
      vertex   3.487037e+02 3.451894e+02 1.810170e+02
      vertex   3.486903e+02 3.450115e+02 1.810000e+02
      vertex   3.484943e+02 3.450057e+02 1.810170e+02
    endloop
  endfacet
  facet normal -8.885551e-02 8.885558e-02 -9.920733e-01
    outer loop
      vertex   3.484943e+02 3.450057e+02 1.810170e+02
      vertex   3.486903e+02 3.450115e+02 1.810000e+02
      vertex   3.484885e+02 3.448097e+02 1.810000e+02
    endloop
  endfacet
  facet normal -1.016257e-01 8.912340e-02 -9.908225e-01
    outer loop
      vertex   3.484943e+02 3.450057e+02 1.810170e+02
      vertex   3.484885e+02 3.448097e+02 1.810000e+02
      vertex   3.483106e+02 3.447963e+02 1.810170e+02
    endloop
  endfacet
  facet normal -1.007077e-01 7.538886e-02 -9.920557e-01
    outer loop
      vertex   3.483106e+02 3.447963e+02 1.810170e+02
      vertex   3.484885e+02 3.448097e+02 1.810000e+02
      vertex   3.483175e+02 3.445813e+02 1.810000e+02
    endloop
  endfacet
  facet normal -1.121395e-01 7.492929e-02 -9.908634e-01
    outer loop
      vertex   3.483106e+02 3.447963e+02 1.810170e+02
      vertex   3.483175e+02 3.445813e+02 1.810000e+02
      vertex   3.481559e+02 3.445647e+02 1.810170e+02
    endloop
  endfacet
  facet normal -1.107786e-01 6.048971e-02 -9.920026e-01
    outer loop
      vertex   3.481559e+02 3.445647e+02 1.810170e+02
      vertex   3.483175e+02 3.445813e+02 1.810000e+02
      vertex   3.481807e+02 3.443308e+02 1.810000e+02
    endloop
  endfacet
  facet normal -1.204254e-01 5.938726e-02 -9.909444e-01
    outer loop
      vertex   3.481559e+02 3.445647e+02 1.810170e+02
      vertex   3.481807e+02 3.443308e+02 1.810000e+02
      vertex   3.480327e+02 3.443149e+02 1.810170e+02
    endloop
  endfacet
  facet normal -1.189183e-01 4.435425e-02 -9.919129e-01
    outer loop
      vertex   3.480327e+02 3.443149e+02 1.810170e+02
      vertex   3.481807e+02 3.443308e+02 1.810000e+02
      vertex   3.480810e+02 3.440635e+02 1.810000e+02
    endloop
  endfacet
  facet normal -1.263087e-01 4.287605e-02 -9.910640e-01
    outer loop
      vertex   3.480327e+02 3.443149e+02 1.810170e+02
      vertex   3.480810e+02 3.440635e+02 1.810000e+02
      vertex   3.479431e+02 3.440511e+02 1.810170e+02
    endloop
  endfacet
  facet normal -1.249946e-01 2.719093e-02 -9.917848e-01
    outer loop
      vertex   3.479431e+02 3.440511e+02 1.810170e+02
      vertex   3.480810e+02 3.440635e+02 1.810000e+02
      vertex   3.480204e+02 3.437846e+02 1.810000e+02
    endloop
  endfacet
  facet normal -1.296849e-01 2.579595e-02 -9.912196e-01
    outer loop
      vertex   3.479431e+02 3.440511e+02 1.810170e+02
      vertex   3.480204e+02 3.437846e+02 1.810000e+02
      vertex   3.478888e+02 3.437779e+02 1.810170e+02
    endloop
  endfacet
  facet normal -1.305261e-01 -5.189650e-11 -9.914449e-01
    outer loop
      vertex   3.478706e+02 3.285000e+02 1.810170e+02
      vertex   3.478706e+02 3.310000e+02 1.810170e+02
      vertex   3.480000e+02 3.285000e+02 1.810000e+02
    endloop
  endfacet
  facet normal -1.305261e-01 -5.188819e-11 -9.914449e-01
    outer loop
      vertex   3.480000e+02 3.285000e+02 1.810000e+02
      vertex   3.478706e+02 3.310000e+02 1.810170e+02
      vertex   3.478706e+02 3.335000e+02 1.810170e+02
    endloop
  endfacet
  facet normal -1.305261e-01 -5.191074e-11 -9.914449e-01
    outer loop
      vertex   3.480000e+02 3.285000e+02 1.810000e+02
      vertex   3.478706e+02 3.335000e+02 1.810170e+02
      vertex   3.478706e+02 3.360000e+02 1.810170e+02
    endloop
  endfacet
  facet normal -3.826834e-01 5.188586e-11 -9.238796e-01
    outer loop
      vertex   3.478706e+02 3.360000e+02 1.810170e+02
      vertex   3.478706e+02 3.335000e+02 1.810170e+02
      vertex   3.477500e+02 3.360000e+02 1.810670e+02
    endloop
  endfacet
  facet normal -3.826834e-01 -1.038104e-10 -9.238796e-01
    outer loop
      vertex   3.478706e+02 3.360000e+02 1.810170e+02
      vertex   3.477500e+02 3.360000e+02 1.810670e+02
      vertex   3.477500e+02 3.385000e+02 1.810670e+02
    endloop
  endfacet
  facet normal -6.087614e-01 1.037824e-10 -7.933534e-01
    outer loop
      vertex   3.477500e+02 3.385000e+02 1.810670e+02
      vertex   3.477500e+02 3.360000e+02 1.810670e+02
      vertex   3.476464e+02 3.385000e+02 1.811464e+02
    endloop
  endfacet
  facet normal -6.087614e-01 -1.556831e-10 -7.933534e-01
    outer loop
      vertex   3.477500e+02 3.385000e+02 1.810670e+02
      vertex   3.476464e+02 3.385000e+02 1.811464e+02
      vertex   3.476464e+02 3.410000e+02 1.811464e+02
    endloop
  endfacet
  facet normal -7.933533e-01 1.557149e-10 -6.087615e-01
    outer loop
      vertex   3.476464e+02 3.410000e+02 1.811464e+02
      vertex   3.476464e+02 3.385000e+02 1.811464e+02
      vertex   3.475670e+02 3.410000e+02 1.812500e+02
    endloop
  endfacet
  facet normal -7.933533e-01 -2.076218e-10 -6.087615e-01
    outer loop
      vertex   3.476464e+02 3.410000e+02 1.811464e+02
      vertex   3.475670e+02 3.410000e+02 1.812500e+02
      vertex   3.475670e+02 3.435000e+02 1.812500e+02
    endloop
  endfacet
  facet normal -9.238795e-01 2.075655e-10 -3.826835e-01
    outer loop
      vertex   3.475670e+02 3.435000e+02 1.812500e+02
      vertex   3.475670e+02 3.410000e+02 1.812500e+02
      vertex   3.475170e+02 3.435000e+02 1.813706e+02
    endloop
  endfacet
  facet normal -9.238795e-01 -2.595074e-10 -3.826835e-01
    outer loop
      vertex   3.475170e+02 3.435000e+02 1.813706e+02
      vertex   3.475670e+02 3.410000e+02 1.812500e+02
      vertex   3.475170e+02 3.410000e+02 1.813706e+02
    endloop
  endfacet
  facet normal -9.914449e-01 2.594730e-10 -1.305263e-01
    outer loop
      vertex   3.475170e+02 3.435000e+02 1.813706e+02
      vertex   3.475170e+02 3.410000e+02 1.813706e+02
      vertex   3.475000e+02 3.435000e+02 1.815000e+02
    endloop
  endfacet
  facet normal -9.914449e-01 2.594926e-10 -1.305263e-01
    outer loop
      vertex   3.475000e+02 3.435000e+02 1.815000e+02
      vertex   3.475170e+02 3.410000e+02 1.813706e+02
      vertex   3.475170e+02 3.385000e+02 1.813706e+02
    endloop
  endfacet
  facet normal -9.914449e-01 2.594956e-10 -1.305263e-01
    outer loop
      vertex   3.475000e+02 3.435000e+02 1.815000e+02
      vertex   3.475170e+02 3.385000e+02 1.813706e+02
      vertex   3.475170e+02 3.360000e+02 1.813706e+02
    endloop
  endfacet
  facet normal -9.238795e-01 -2.594864e-10 -3.826835e-01
    outer loop
      vertex   3.475170e+02 3.360000e+02 1.813706e+02
      vertex   3.475170e+02 3.385000e+02 1.813706e+02
      vertex   3.475670e+02 3.360000e+02 1.812500e+02
    endloop
  endfacet
  facet normal -9.238795e-01 2.075909e-10 -3.826835e-01
    outer loop
      vertex   3.475170e+02 3.360000e+02 1.813706e+02
      vertex   3.475670e+02 3.360000e+02 1.812500e+02
      vertex   3.475670e+02 3.335000e+02 1.812500e+02
    endloop
  endfacet
  facet normal -7.933533e-01 -2.075968e-10 -6.087615e-01
    outer loop
      vertex   3.475670e+02 3.335000e+02 1.812500e+02
      vertex   3.475670e+02 3.360000e+02 1.812500e+02
      vertex   3.476464e+02 3.335000e+02 1.811464e+02
    endloop
  endfacet
  facet normal -7.933533e-01 1.556857e-10 -6.087615e-01
    outer loop
      vertex   3.475670e+02 3.335000e+02 1.812500e+02
      vertex   3.476464e+02 3.335000e+02 1.811464e+02
      vertex   3.476464e+02 3.310000e+02 1.811464e+02
    endloop
  endfacet
  facet normal -6.087614e-01 -1.557018e-10 -7.933534e-01
    outer loop
      vertex   3.476464e+02 3.310000e+02 1.811464e+02
      vertex   3.476464e+02 3.335000e+02 1.811464e+02
      vertex   3.477500e+02 3.310000e+02 1.810670e+02
    endloop
  endfacet
  facet normal -6.087614e-01 1.038053e-10 -7.933534e-01
    outer loop
      vertex   3.476464e+02 3.310000e+02 1.811464e+02
      vertex   3.477500e+02 3.310000e+02 1.810670e+02
      vertex   3.477500e+02 3.285000e+02 1.810670e+02
    endloop
  endfacet
  facet normal -3.826834e-01 -1.037912e-10 -9.238796e-01
    outer loop
      vertex   3.477500e+02 3.285000e+02 1.810670e+02
      vertex   3.477500e+02 3.310000e+02 1.810670e+02
      vertex   3.478706e+02 3.285000e+02 1.810170e+02
    endloop
  endfacet
  facet normal -3.826834e-01 5.190506e-11 -9.238796e-01
    outer loop
      vertex   3.478706e+02 3.285000e+02 1.810170e+02
      vertex   3.477500e+02 3.310000e+02 1.810670e+02
      vertex   3.478706e+02 3.310000e+02 1.810170e+02
    endloop
  endfacet
  facet normal -6.087614e-01 -1.556789e-10 -7.933534e-01
    outer loop
      vertex   3.477500e+02 3.285000e+02 1.810670e+02
      vertex   3.476464e+02 3.285000e+02 1.811464e+02
      vertex   3.476464e+02 3.310000e+02 1.811464e+02
    endloop
  endfacet
  facet normal -7.933533e-01 1.557107e-10 -6.087615e-01
    outer loop
      vertex   3.476464e+02 3.310000e+02 1.811464e+02
      vertex   3.476464e+02 3.285000e+02 1.811464e+02
      vertex   3.475670e+02 3.310000e+02 1.812500e+02
    endloop
  endfacet
  facet normal -7.933533e-01 -2.075788e-10 -6.087615e-01
    outer loop
      vertex   3.476464e+02 3.310000e+02 1.811464e+02
      vertex   3.475670e+02 3.310000e+02 1.812500e+02
      vertex   3.475670e+02 3.335000e+02 1.812500e+02
    endloop
  endfacet
  facet normal -9.238795e-01 2.076119e-10 -3.826835e-01
    outer loop
      vertex   3.475670e+02 3.335000e+02 1.812500e+02
      vertex   3.475670e+02 3.310000e+02 1.812500e+02
      vertex   3.475170e+02 3.335000e+02 1.813706e+02
    endloop
  endfacet
  facet normal -9.238795e-01 -2.594863e-10 -3.826835e-01
    outer loop
      vertex   3.475670e+02 3.335000e+02 1.812500e+02
      vertex   3.475170e+02 3.335000e+02 1.813706e+02
      vertex   3.475170e+02 3.360000e+02 1.813706e+02
    endloop
  endfacet
  facet normal -9.914449e-01 2.594957e-10 -1.305262e-01
    outer loop
      vertex   3.475170e+02 3.360000e+02 1.813706e+02
      vertex   3.475170e+02 3.335000e+02 1.813706e+02
      vertex   3.475000e+02 3.285000e+02 1.815000e+02
    endloop
  endfacet
  facet normal -9.914449e-01 -3.113902e-10 -1.305262e-01
    outer loop
      vertex   3.475170e+02 3.360000e+02 1.813706e+02
      vertex   3.475000e+02 3.285000e+02 1.815000e+02
      vertex   3.475000e+02 3.435000e+02 1.815000e+02
    endloop
  endfacet
  facet normal -7.933533e-01 -2.076079e-10 -6.087615e-01
    outer loop
      vertex   3.476464e+02 3.285000e+02 1.811464e+02
      vertex   3.475670e+02 3.285000e+02 1.812500e+02
      vertex   3.475670e+02 3.310000e+02 1.812500e+02
    endloop
  endfacet
  facet normal -9.238795e-01 2.075743e-10 -3.826835e-01
    outer loop
      vertex   3.475670e+02 3.310000e+02 1.812500e+02
      vertex   3.475670e+02 3.285000e+02 1.812500e+02
      vertex   3.475170e+02 3.310000e+02 1.813706e+02
    endloop
  endfacet
  facet normal -9.238795e-01 -2.594863e-10 -3.826835e-01
    outer loop
      vertex   3.475670e+02 3.310000e+02 1.812500e+02
      vertex   3.475170e+02 3.310000e+02 1.813706e+02
      vertex   3.475170e+02 3.335000e+02 1.813706e+02
    endloop
  endfacet
  facet normal -9.914449e-01 2.594957e-10 -1.305262e-01
    outer loop
      vertex   3.475170e+02 3.335000e+02 1.813706e+02
      vertex   3.475170e+02 3.310000e+02 1.813706e+02
      vertex   3.475000e+02 3.285000e+02 1.815000e+02
    endloop
  endfacet
  facet normal -9.238795e-01 -2.594907e-10 -3.826834e-01
    outer loop
      vertex   3.475670e+02 3.285000e+02 1.812500e+02
      vertex   3.475170e+02 3.285000e+02 1.813706e+02
      vertex   3.475170e+02 3.310000e+02 1.813706e+02
    endloop
  endfacet
  facet normal -9.914449e-01 2.594942e-10 -1.305262e-01
    outer loop
      vertex   3.475170e+02 3.310000e+02 1.813706e+02
      vertex   3.475170e+02 3.285000e+02 1.813706e+02
      vertex   3.475000e+02 3.285000e+02 1.815000e+02
    endloop
  endfacet
  facet normal -7.933533e-01 1.556788e-10 -6.087615e-01
    outer loop
      vertex   3.475670e+02 3.435000e+02 1.812500e+02
      vertex   3.476464e+02 3.435000e+02 1.811464e+02
      vertex   3.476464e+02 3.410000e+02 1.811464e+02
    endloop
  endfacet
  facet normal -6.087614e-01 -1.557108e-10 -7.933534e-01
    outer loop
      vertex   3.476464e+02 3.410000e+02 1.811464e+02
      vertex   3.476464e+02 3.435000e+02 1.811464e+02
      vertex   3.477500e+02 3.410000e+02 1.810670e+02
    endloop
  endfacet
  facet normal -6.087614e-01 1.038052e-10 -7.933534e-01
    outer loop
      vertex   3.476464e+02 3.410000e+02 1.811464e+02
      vertex   3.477500e+02 3.410000e+02 1.810670e+02
      vertex   3.477500e+02 3.385000e+02 1.810670e+02
    endloop
  endfacet
  facet normal -3.826834e-01 -1.037912e-10 -9.238796e-01
    outer loop
      vertex   3.477500e+02 3.385000e+02 1.810670e+02
      vertex   3.477500e+02 3.410000e+02 1.810670e+02
      vertex   3.478706e+02 3.385000e+02 1.810170e+02
    endloop
  endfacet
  facet normal -3.826834e-01 5.189816e-11 -9.238796e-01
    outer loop
      vertex   3.477500e+02 3.385000e+02 1.810670e+02
      vertex   3.478706e+02 3.385000e+02 1.810170e+02
      vertex   3.478706e+02 3.360000e+02 1.810170e+02
    endloop
  endfacet
  facet normal -1.305261e-01 -5.189117e-11 -9.914449e-01
    outer loop
      vertex   3.478706e+02 3.360000e+02 1.810170e+02
      vertex   3.478706e+02 3.385000e+02 1.810170e+02
      vertex   3.480000e+02 3.435000e+02 1.810000e+02
    endloop
  endfacet
  facet normal -1.305261e-01 0.000000e+00 -9.914449e-01
    outer loop
      vertex   3.478706e+02 3.360000e+02 1.810170e+02
      vertex   3.480000e+02 3.435000e+02 1.810000e+02
      vertex   3.480000e+02 3.285000e+02 1.810000e+02
    endloop
  endfacet
  facet normal -6.087614e-01 1.037914e-10 -7.933534e-01
    outer loop
      vertex   3.476464e+02 3.435000e+02 1.811464e+02
      vertex   3.477500e+02 3.435000e+02 1.810670e+02
      vertex   3.477500e+02 3.410000e+02 1.810670e+02
    endloop
  endfacet
  facet normal -3.826834e-01 -1.037999e-10 -9.238796e-01
    outer loop
      vertex   3.477500e+02 3.410000e+02 1.810670e+02
      vertex   3.477500e+02 3.435000e+02 1.810670e+02
      vertex   3.478706e+02 3.410000e+02 1.810170e+02
    endloop
  endfacet
  facet normal -3.826834e-01 5.190506e-11 -9.238796e-01
    outer loop
      vertex   3.477500e+02 3.410000e+02 1.810670e+02
      vertex   3.478706e+02 3.410000e+02 1.810170e+02
      vertex   3.478706e+02 3.385000e+02 1.810170e+02
    endloop
  endfacet
  facet normal -1.305261e-01 -5.189650e-11 -9.914449e-01
    outer loop
      vertex   3.478706e+02 3.385000e+02 1.810170e+02
      vertex   3.478706e+02 3.410000e+02 1.810170e+02
      vertex   3.480000e+02 3.435000e+02 1.810000e+02
    endloop
  endfacet
  facet normal -3.826834e-01 5.188585e-11 -9.238796e-01
    outer loop
      vertex   3.477500e+02 3.435000e+02 1.810670e+02
      vertex   3.478706e+02 3.435000e+02 1.810170e+02
      vertex   3.478706e+02 3.410000e+02 1.810170e+02
    endloop
  endfacet
  facet normal -1.305261e-01 -5.191074e-11 -9.914449e-01
    outer loop
      vertex   3.478706e+02 3.410000e+02 1.810170e+02
      vertex   3.478706e+02 3.435000e+02 1.810170e+02
      vertex   3.480000e+02 3.435000e+02 1.810000e+02
    endloop
  endfacet
  facet normal -3.826834e-01 5.190686e-11 -9.238796e-01
    outer loop
      vertex   3.478706e+02 3.335000e+02 1.810170e+02
      vertex   3.478706e+02 3.310000e+02 1.810170e+02
      vertex   3.477500e+02 3.335000e+02 1.810670e+02
    endloop
  endfacet
  facet normal -3.826834e-01 -1.037894e-10 -9.238796e-01
    outer loop
      vertex   3.477500e+02 3.335000e+02 1.810670e+02
      vertex   3.478706e+02 3.310000e+02 1.810170e+02
      vertex   3.477500e+02 3.310000e+02 1.810670e+02
    endloop
  endfacet
  facet normal -6.087614e-01 1.038004e-10 -7.933534e-01
    outer loop
      vertex   3.477500e+02 3.335000e+02 1.810670e+02
      vertex   3.477500e+02 3.310000e+02 1.810670e+02
      vertex   3.476464e+02 3.335000e+02 1.811464e+02
    endloop
  endfacet
  facet normal -3.826834e-01 -1.037912e-10 -9.238796e-01
    outer loop
      vertex   3.478706e+02 3.335000e+02 1.810170e+02
      vertex   3.477500e+02 3.335000e+02 1.810670e+02
      vertex   3.477500e+02 3.360000e+02 1.810670e+02
    endloop
  endfacet
  facet normal -6.087614e-01 1.038052e-10 -7.933534e-01
    outer loop
      vertex   3.477500e+02 3.360000e+02 1.810670e+02
      vertex   3.477500e+02 3.335000e+02 1.810670e+02
      vertex   3.476464e+02 3.360000e+02 1.811464e+02
    endloop
  endfacet
  facet normal -6.087614e-01 -1.557156e-10 -7.933534e-01
    outer loop
      vertex   3.477500e+02 3.360000e+02 1.810670e+02
      vertex   3.476464e+02 3.360000e+02 1.811464e+02
      vertex   3.476464e+02 3.385000e+02 1.811464e+02
    endloop
  endfacet
  facet normal -7.933533e-01 1.556677e-10 -6.087615e-01
    outer loop
      vertex   3.476464e+02 3.385000e+02 1.811464e+02
      vertex   3.476464e+02 3.360000e+02 1.811464e+02
      vertex   3.475670e+02 3.385000e+02 1.812500e+02
    endloop
  endfacet
  facet normal -7.933533e-01 -2.075830e-10 -6.087615e-01
    outer loop
      vertex   3.476464e+02 3.385000e+02 1.811464e+02
      vertex   3.475670e+02 3.385000e+02 1.812500e+02
      vertex   3.475670e+02 3.410000e+02 1.812500e+02
    endloop
  endfacet
  facet normal -9.238795e-01 2.075996e-10 -3.826835e-01
    outer loop
      vertex   3.475670e+02 3.410000e+02 1.812500e+02
      vertex   3.475670e+02 3.385000e+02 1.812500e+02
      vertex   3.475170e+02 3.410000e+02 1.813706e+02
    endloop
  endfacet
  facet normal -6.087614e-01 -1.556741e-10 -7.933534e-01
    outer loop
      vertex   3.476464e+02 3.360000e+02 1.811464e+02
      vertex   3.477500e+02 3.335000e+02 1.810670e+02
      vertex   3.476464e+02 3.335000e+02 1.811464e+02
    endloop
  endfacet
  facet normal -7.933533e-01 -2.075968e-10 -6.087615e-01
    outer loop
      vertex   3.475670e+02 3.385000e+02 1.812500e+02
      vertex   3.476464e+02 3.360000e+02 1.811464e+02
      vertex   3.475670e+02 3.360000e+02 1.812500e+02
    endloop
  endfacet
  facet normal -7.933533e-01 1.557218e-10 -6.087615e-01
    outer loop
      vertex   3.475670e+02 3.360000e+02 1.812500e+02
      vertex   3.476464e+02 3.360000e+02 1.811464e+02
      vertex   3.476464e+02 3.335000e+02 1.811464e+02
    endloop
  endfacet
  facet normal -9.238795e-01 -2.594951e-10 -3.826835e-01
    outer loop
      vertex   3.475170e+02 3.410000e+02 1.813706e+02
      vertex   3.475670e+02 3.385000e+02 1.812500e+02
      vertex   3.475170e+02 3.385000e+02 1.813706e+02
    endloop
  endfacet
  facet normal -9.238795e-01 2.075909e-10 -3.826835e-01
    outer loop
      vertex   3.475170e+02 3.385000e+02 1.813706e+02
      vertex   3.475670e+02 3.385000e+02 1.812500e+02
      vertex   3.475670e+02 3.360000e+02 1.812500e+02
    endloop
  endfacet
  facet normal -9.218593e-03 -1.288938e-01 -9.916156e-01
    outer loop
      vertex   3.497154e+02 3.265204e+02 1.810000e+02
      vertex   3.500000e+02 3.265000e+02 1.810000e+02
      vertex   3.497221e+02 3.263888e+02 1.810170e+02
    endloop
  endfacet
  facet normal -8.554757e-03 -1.305214e-01 -9.914086e-01
    outer loop
      vertex   3.497221e+02 3.263888e+02 1.810170e+02
      vertex   3.500000e+02 3.265000e+02 1.810000e+02
      vertex   3.500000e+02 3.263706e+02 1.810170e+02
    endloop
  endfacet
  facet normal -2.507444e-02 -3.825631e-01 -9.235891e-01
    outer loop
      vertex   3.497221e+02 3.263888e+02 1.810170e+02
      vertex   3.500000e+02 3.263706e+02 1.810170e+02
      vertex   3.500000e+02 3.262500e+02 1.810670e+02
    endloop
  endfacet
  facet normal -2.507445e-02 -3.825631e-01 -9.235890e-01
    outer loop
      vertex   3.497221e+02 3.263888e+02 1.810170e+02
      vertex   3.500000e+02 3.262500e+02 1.810670e+02
      vertex   3.497063e+02 3.262692e+02 1.810670e+02
    endloop
  endfacet
  facet normal -3.986855e-02 -6.082774e-01 -7.927226e-01
    outer loop
      vertex   3.497063e+02 3.262692e+02 1.810670e+02
      vertex   3.500000e+02 3.262500e+02 1.810670e+02
      vertex   3.500000e+02 3.261464e+02 1.811464e+02
    endloop
  endfacet
  facet normal -3.986856e-02 -6.082774e-01 -7.927226e-01
    outer loop
      vertex   3.497063e+02 3.262692e+02 1.810670e+02
      vertex   3.500000e+02 3.261464e+02 1.811464e+02
      vertex   3.496928e+02 3.261666e+02 1.811464e+02
    endloop
  endfacet
  facet normal -5.192892e-02 -7.922829e-01 -6.079401e-01
    outer loop
      vertex   3.496928e+02 3.261666e+02 1.811464e+02
      vertex   3.500000e+02 3.261464e+02 1.811464e+02
      vertex   3.500000e+02 3.260670e+02 1.812500e+02
    endloop
  endfacet
  facet normal -5.192893e-02 -7.922830e-01 -6.079400e-01
    outer loop
      vertex   3.496928e+02 3.261666e+02 1.811464e+02
      vertex   3.500000e+02 3.260670e+02 1.812500e+02
      vertex   3.496824e+02 3.260878e+02 1.812500e+02
    endloop
  endfacet
  facet normal -6.044351e-02 -9.221903e-01 -3.819837e-01
    outer loop
      vertex   3.496824e+02 3.260878e+02 1.812500e+02
      vertex   3.500000e+02 3.260670e+02 1.812500e+02
      vertex   3.500000e+02 3.260170e+02 1.813706e+02
    endloop
  endfacet
  facet normal -6.044353e-02 -9.221903e-01 -3.819837e-01
    outer loop
      vertex   3.496824e+02 3.260878e+02 1.812500e+02
      vertex   3.500000e+02 3.260170e+02 1.813706e+02
      vertex   3.496759e+02 3.260383e+02 1.813706e+02
    endloop
  endfacet
  facet normal -6.474343e-02 -9.877942e-01 -1.416720e-01
    outer loop
      vertex   3.496759e+02 3.260383e+02 1.813706e+02
      vertex   3.500000e+02 3.260170e+02 1.813706e+02
      vertex   3.496987e+02 3.260182e+02 1.815000e+02
    endloop
  endfacet
  facet normal -1.789558e-01 -9.765302e-01 -1.198483e-01
    outer loop
      vertex   3.496759e+02 3.260383e+02 1.813706e+02
      vertex   3.496987e+02 3.260182e+02 1.815000e+02
      vertex   3.494017e+02 3.260726e+02 1.815000e+02
    endloop
  endfacet
  facet normal -5.986380e-02 -9.896668e-01 -1.302921e-01
    outer loop
      vertex   3.500000e+02 3.260170e+02 1.813706e+02
      vertex   3.500000e+02 3.260000e+02 1.815000e+02
      vertex   3.496987e+02 3.260182e+02 1.815000e+02
    endloop
  endfacet
  facet normal -1.928489e-01 -9.695172e-01 -1.511481e-01
    outer loop
      vertex   3.496759e+02 3.260383e+02 1.813706e+02
      vertex   3.494017e+02 3.260726e+02 1.815000e+02
      vertex   3.493574e+02 3.261016e+02 1.813706e+02
    endloop
  endfacet
  facet normal -2.956555e-01 -9.487920e-01 -1.112722e-01
    outer loop
      vertex   3.493574e+02 3.261016e+02 1.813706e+02
      vertex   3.494017e+02 3.260726e+02 1.815000e+02
      vertex   3.491135e+02 3.261625e+02 1.815000e+02
    endloop
  endfacet
  facet normal -3.173658e-01 -9.349295e-01 -1.587003e-01
    outer loop
      vertex   3.493574e+02 3.261016e+02 1.813706e+02
      vertex   3.491135e+02 3.261625e+02 1.815000e+02
      vertex   3.490498e+02 3.262060e+02 1.813706e+02
    endloop
  endfacet
  facet normal -4.081621e-01 -9.068991e-01 -1.045836e-01
    outer loop
      vertex   3.490498e+02 3.262060e+02 1.813706e+02
      vertex   3.491135e+02 3.261625e+02 1.815000e+02
      vertex   3.488382e+02 3.262864e+02 1.815000e+02
    endloop
  endfacet
  facet normal -4.362747e-01 -8.846776e-01 -1.643470e-01
    outer loop
      vertex   3.490498e+02 3.262060e+02 1.813706e+02
      vertex   3.488382e+02 3.262864e+02 1.815000e+02
      vertex   3.487585e+02 3.263497e+02 1.813706e+02
    endloop
  endfacet
  facet normal -5.147552e-01 -8.515091e-01 -9.979675e-02
    outer loop
      vertex   3.487585e+02 3.263497e+02 1.813706e+02
      vertex   3.488382e+02 3.262864e+02 1.815000e+02
      vertex   3.485798e+02 3.264425e+02 1.815000e+02
    endloop
  endfacet
  facet normal -5.476642e-01 -8.196374e-01 -1.681029e-01
    outer loop
      vertex   3.487585e+02 3.263497e+02 1.813706e+02
      vertex   3.485798e+02 3.264425e+02 1.815000e+02
      vertex   3.484885e+02 3.265301e+02 1.813706e+02
    endloop
  endfacet
  facet normal -6.138154e-01 -7.834775e-01 -9.692112e-02
    outer loop
      vertex   3.484885e+02 3.265301e+02 1.813706e+02
      vertex   3.485798e+02 3.264425e+02 1.815000e+02
      vertex   3.483422e+02 3.266287e+02 1.815000e+02
    endloop
  endfacet
  facet normal -6.497509e-01 -7.408989e-01 -1.699782e-01
    outer loop
      vertex   3.484885e+02 3.265301e+02 1.813706e+02
      vertex   3.483422e+02 3.266287e+02 1.815000e+02
      vertex   3.482443e+02 3.267443e+02 1.813706e+02
    endloop
  endfacet
  facet normal -7.038435e-01 -7.038435e-01 -9.596201e-02
    outer loop
      vertex   3.482443e+02 3.267443e+02 1.813706e+02
      vertex   3.483422e+02 3.266287e+02 1.815000e+02
      vertex   3.481287e+02 3.268422e+02 1.815000e+02
    endloop
  endfacet
  facet normal -7.408989e-01 -6.497509e-01 -1.699782e-01
    outer loop
      vertex   3.482443e+02 3.267443e+02 1.813706e+02
      vertex   3.481287e+02 3.268422e+02 1.815000e+02
      vertex   3.480301e+02 3.269885e+02 1.813706e+02
    endloop
  endfacet
  facet normal -7.834775e-01 -6.138154e-01 -9.692113e-02
    outer loop
      vertex   3.480301e+02 3.269885e+02 1.813706e+02
      vertex   3.481287e+02 3.268422e+02 1.815000e+02
      vertex   3.479425e+02 3.270798e+02 1.815000e+02
    endloop
  endfacet
  facet normal -8.196373e-01 -5.476642e-01 -1.681029e-01
    outer loop
      vertex   3.480301e+02 3.269885e+02 1.813706e+02
      vertex   3.479425e+02 3.270798e+02 1.815000e+02
      vertex   3.478497e+02 3.272585e+02 1.813706e+02
    endloop
  endfacet
  facet normal -8.515091e-01 -5.147552e-01 -9.979678e-02
    outer loop
      vertex   3.478497e+02 3.272585e+02 1.813706e+02
      vertex   3.479425e+02 3.270798e+02 1.815000e+02
      vertex   3.477864e+02 3.273382e+02 1.815000e+02
    endloop
  endfacet
  facet normal -8.846776e-01 -4.362747e-01 -1.643470e-01
    outer loop
      vertex   3.478497e+02 3.272585e+02 1.813706e+02
      vertex   3.477864e+02 3.273382e+02 1.815000e+02
      vertex   3.477060e+02 3.275498e+02 1.813706e+02
    endloop
  endfacet
  facet normal -9.068991e-01 -4.081621e-01 -1.045836e-01
    outer loop
      vertex   3.477060e+02 3.275498e+02 1.813706e+02
      vertex   3.477864e+02 3.273382e+02 1.815000e+02
      vertex   3.476625e+02 3.276135e+02 1.815000e+02
    endloop
  endfacet
  facet normal -9.349295e-01 -3.173658e-01 -1.587003e-01
    outer loop
      vertex   3.477060e+02 3.275498e+02 1.813706e+02
      vertex   3.476625e+02 3.276135e+02 1.815000e+02
      vertex   3.476016e+02 3.278574e+02 1.813706e+02
    endloop
  endfacet
  facet normal -9.487920e-01 -2.956556e-01 -1.112722e-01
    outer loop
      vertex   3.476016e+02 3.278574e+02 1.813706e+02
      vertex   3.476625e+02 3.276135e+02 1.815000e+02
      vertex   3.475726e+02 3.279017e+02 1.815000e+02
    endloop
  endfacet
  facet normal -9.695172e-01 -1.928490e-01 -1.511481e-01
    outer loop
      vertex   3.476016e+02 3.278574e+02 1.813706e+02
      vertex   3.475726e+02 3.279017e+02 1.815000e+02
      vertex   3.475383e+02 3.281759e+02 1.813706e+02
    endloop
  endfacet
  facet normal -9.765302e-01 -1.789558e-01 -1.198484e-01
    outer loop
      vertex   3.475383e+02 3.281759e+02 1.813706e+02
      vertex   3.475726e+02 3.279017e+02 1.815000e+02
      vertex   3.475182e+02 3.281987e+02 1.815000e+02
    endloop
  endfacet
  facet normal -9.877942e-01 -6.474345e-02 -1.416721e-01
    outer loop
      vertex   3.475383e+02 3.281759e+02 1.813706e+02
      vertex   3.475182e+02 3.281987e+02 1.815000e+02
      vertex   3.475170e+02 3.285000e+02 1.813706e+02
    endloop
  endfacet
  facet normal -9.896668e-01 -5.986380e-02 -1.302921e-01
    outer loop
      vertex   3.475170e+02 3.285000e+02 1.813706e+02
      vertex   3.475182e+02 3.281987e+02 1.815000e+02
      vertex   3.475000e+02 3.285000e+02 1.815000e+02
    endloop
  endfacet
  facet normal -9.221903e-01 -6.044355e-02 -3.819838e-01
    outer loop
      vertex   3.475170e+02 3.285000e+02 1.813706e+02
      vertex   3.475670e+02 3.285000e+02 1.812500e+02
      vertex   3.475383e+02 3.281759e+02 1.813706e+02
    endloop
  endfacet
  facet normal -9.221903e-01 -6.044355e-02 -3.819838e-01
    outer loop
      vertex   3.475383e+02 3.281759e+02 1.813706e+02
      vertex   3.475670e+02 3.285000e+02 1.812500e+02
      vertex   3.475878e+02 3.281824e+02 1.812500e+02
    endloop
  endfacet
  facet normal -9.064114e-01 -1.802964e-01 -3.819838e-01
    outer loop
      vertex   3.475383e+02 3.281759e+02 1.813706e+02
      vertex   3.475878e+02 3.281824e+02 1.812500e+02
      vertex   3.476016e+02 3.278574e+02 1.813706e+02
    endloop
  endfacet
  facet normal -9.064114e-01 -1.802964e-01 -3.819838e-01
    outer loop
      vertex   3.476016e+02 3.278574e+02 1.813706e+02
      vertex   3.475878e+02 3.281824e+02 1.812500e+02
      vertex   3.476499e+02 3.278703e+02 1.812500e+02
    endloop
  endfacet
  facet normal -8.751235e-01 -2.970644e-01 -3.819838e-01
    outer loop
      vertex   3.476016e+02 3.278574e+02 1.813706e+02
      vertex   3.476499e+02 3.278703e+02 1.812500e+02
      vertex   3.477060e+02 3.275498e+02 1.813706e+02
    endloop
  endfacet
  facet normal -8.751235e-01 -2.970644e-01 -3.819838e-01
    outer loop
      vertex   3.477060e+02 3.275498e+02 1.813706e+02
      vertex   3.476499e+02 3.278703e+02 1.812500e+02
      vertex   3.477522e+02 3.275689e+02 1.812500e+02
    endloop
  endfacet
  facet normal -8.288620e-01 -4.087495e-01 -3.819838e-01
    outer loop
      vertex   3.477060e+02 3.275498e+02 1.813706e+02
      vertex   3.477522e+02 3.275689e+02 1.812500e+02
      vertex   3.478497e+02 3.272585e+02 1.813706e+02
    endloop
  endfacet
  facet normal -8.288620e-01 -4.087495e-01 -3.819838e-01
    outer loop
      vertex   3.478497e+02 3.272585e+02 1.813706e+02
      vertex   3.477522e+02 3.275689e+02 1.812500e+02
      vertex   3.478929e+02 3.272835e+02 1.812500e+02
    endloop
  endfacet
  facet normal -7.684185e-01 -5.134408e-01 -3.819837e-01
    outer loop
      vertex   3.478497e+02 3.272585e+02 1.813706e+02
      vertex   3.478929e+02 3.272835e+02 1.812500e+02
      vertex   3.480301e+02 3.269885e+02 1.813706e+02
    endloop
  endfacet
  facet normal -7.684185e-01 -5.134408e-01 -3.819837e-01
    outer loop
      vertex   3.480301e+02 3.269885e+02 1.813706e+02
      vertex   3.478929e+02 3.272835e+02 1.812500e+02
      vertex   3.480698e+02 3.270189e+02 1.812500e+02
    endloop
  endfacet
  facet normal -6.948271e-01 -6.093470e-01 -3.819837e-01
    outer loop
      vertex   3.480301e+02 3.269885e+02 1.813706e+02
      vertex   3.480698e+02 3.270189e+02 1.812500e+02
      vertex   3.482443e+02 3.267443e+02 1.813706e+02
    endloop
  endfacet
  facet normal -6.948271e-01 -6.093470e-01 -3.819837e-01
    outer loop
      vertex   3.482443e+02 3.267443e+02 1.813706e+02
      vertex   3.480698e+02 3.270189e+02 1.812500e+02
      vertex   3.482796e+02 3.267796e+02 1.812500e+02
    endloop
  endfacet
  facet normal -6.093470e-01 -6.948271e-01 -3.819837e-01
    outer loop
      vertex   3.482443e+02 3.267443e+02 1.813706e+02
      vertex   3.482796e+02 3.267796e+02 1.812500e+02
      vertex   3.484885e+02 3.265301e+02 1.813706e+02
    endloop
  endfacet
  facet normal -6.093470e-01 -6.948271e-01 -3.819837e-01
    outer loop
      vertex   3.484885e+02 3.265301e+02 1.813706e+02
      vertex   3.482796e+02 3.267796e+02 1.812500e+02
      vertex   3.485189e+02 3.265698e+02 1.812500e+02
    endloop
  endfacet
  facet normal -5.134408e-01 -7.684185e-01 -3.819837e-01
    outer loop
      vertex   3.484885e+02 3.265301e+02 1.813706e+02
      vertex   3.485189e+02 3.265698e+02 1.812500e+02
      vertex   3.487585e+02 3.263497e+02 1.813706e+02
    endloop
  endfacet
  facet normal -5.134408e-01 -7.684185e-01 -3.819837e-01
    outer loop
      vertex   3.487585e+02 3.263497e+02 1.813706e+02
      vertex   3.485189e+02 3.265698e+02 1.812500e+02
      vertex   3.487835e+02 3.263929e+02 1.812500e+02
    endloop
  endfacet
  facet normal -4.087495e-01 -8.288620e-01 -3.819837e-01
    outer loop
      vertex   3.487585e+02 3.263497e+02 1.813706e+02
      vertex   3.487835e+02 3.263929e+02 1.812500e+02
      vertex   3.490498e+02 3.262060e+02 1.813706e+02
    endloop
  endfacet
  facet normal -4.087495e-01 -8.288620e-01 -3.819837e-01
    outer loop
      vertex   3.490498e+02 3.262060e+02 1.813706e+02
      vertex   3.487835e+02 3.263929e+02 1.812500e+02
      vertex   3.490689e+02 3.262522e+02 1.812500e+02
    endloop
  endfacet
  facet normal -2.970644e-01 -8.751235e-01 -3.819837e-01
    outer loop
      vertex   3.490498e+02 3.262060e+02 1.813706e+02
      vertex   3.490689e+02 3.262522e+02 1.812500e+02
      vertex   3.493574e+02 3.261016e+02 1.813706e+02
    endloop
  endfacet
  facet normal -2.970644e-01 -8.751235e-01 -3.819837e-01
    outer loop
      vertex   3.493574e+02 3.261016e+02 1.813706e+02
      vertex   3.490689e+02 3.262522e+02 1.812500e+02
      vertex   3.493703e+02 3.261499e+02 1.812500e+02
    endloop
  endfacet
  facet normal -1.802964e-01 -9.064114e-01 -3.819837e-01
    outer loop
      vertex   3.493574e+02 3.261016e+02 1.813706e+02
      vertex   3.493703e+02 3.261499e+02 1.812500e+02
      vertex   3.496759e+02 3.260383e+02 1.813706e+02
    endloop
  endfacet
  facet normal -1.802964e-01 -9.064114e-01 -3.819837e-01
    outer loop
      vertex   3.496759e+02 3.260383e+02 1.813706e+02
      vertex   3.493703e+02 3.261499e+02 1.812500e+02
      vertex   3.496824e+02 3.260878e+02 1.812500e+02
    endloop
  endfacet
  facet normal -7.922829e-01 -5.192897e-02 -6.079401e-01
    outer loop
      vertex   3.475670e+02 3.285000e+02 1.812500e+02
      vertex   3.476464e+02 3.285000e+02 1.811464e+02
      vertex   3.475878e+02 3.281824e+02 1.812500e+02
    endloop
  endfacet
  facet normal -7.922829e-01 -5.192897e-02 -6.079401e-01
    outer loop
      vertex   3.475878e+02 3.281824e+02 1.812500e+02
      vertex   3.476464e+02 3.285000e+02 1.811464e+02
      vertex   3.476666e+02 3.281928e+02 1.811464e+02
    endloop
  endfacet
  facet normal -7.787267e-01 -1.548984e-01 -6.079401e-01
    outer loop
      vertex   3.475878e+02 3.281824e+02 1.812500e+02
      vertex   3.476666e+02 3.281928e+02 1.811464e+02
      vertex   3.476499e+02 3.278703e+02 1.812500e+02
    endloop
  endfacet
  facet normal -7.787267e-01 -1.548984e-01 -6.079401e-01
    outer loop
      vertex   3.476499e+02 3.278703e+02 1.812500e+02
      vertex   3.476666e+02 3.281928e+02 1.811464e+02
      vertex   3.477266e+02 3.278909e+02 1.811464e+02
    endloop
  endfacet
  facet normal -7.518463e-01 -2.552175e-01 -6.079401e-01
    outer loop
      vertex   3.476499e+02 3.278703e+02 1.812500e+02
      vertex   3.477266e+02 3.278909e+02 1.811464e+02
      vertex   3.477522e+02 3.275689e+02 1.812500e+02
    endloop
  endfacet
  facet normal -7.518463e-01 -2.552175e-01 -6.079401e-01
    outer loop
      vertex   3.477522e+02 3.275689e+02 1.812500e+02
      vertex   3.477266e+02 3.278909e+02 1.811464e+02
      vertex   3.478256e+02 3.275993e+02 1.811464e+02
    endloop
  endfacet
  facet normal -7.121016e-01 -3.511697e-01 -6.079401e-01
    outer loop
      vertex   3.477522e+02 3.275689e+02 1.812500e+02
      vertex   3.478256e+02 3.275993e+02 1.811464e+02
      vertex   3.478929e+02 3.272835e+02 1.812500e+02
    endloop
  endfacet
  facet normal -7.121016e-01 -3.511697e-01 -6.079401e-01
    outer loop
      vertex   3.478929e+02 3.272835e+02 1.812500e+02
      vertex   3.478256e+02 3.275993e+02 1.811464e+02
      vertex   3.479618e+02 3.273232e+02 1.811464e+02
    endloop
  endfacet
  facet normal -6.601726e-01 -4.411133e-01 -6.079401e-01
    outer loop
      vertex   3.478929e+02 3.272835e+02 1.812500e+02
      vertex   3.479618e+02 3.273232e+02 1.811464e+02
      vertex   3.480698e+02 3.270189e+02 1.812500e+02
    endloop
  endfacet
  facet normal -6.601726e-01 -4.411133e-01 -6.079401e-01
    outer loop
      vertex   3.480698e+02 3.270189e+02 1.812500e+02
      vertex   3.479618e+02 3.273232e+02 1.811464e+02
      vertex   3.481328e+02 3.270672e+02 1.811464e+02
    endloop
  endfacet
  facet normal -5.969479e-01 -5.235093e-01 -6.079401e-01
    outer loop
      vertex   3.480698e+02 3.270189e+02 1.812500e+02
      vertex   3.481328e+02 3.270672e+02 1.811464e+02
      vertex   3.482796e+02 3.267796e+02 1.812500e+02
    endloop
  endfacet
  facet normal -5.969479e-01 -5.235093e-01 -6.079401e-01
    outer loop
      vertex   3.482796e+02 3.267796e+02 1.812500e+02
      vertex   3.481328e+02 3.270672e+02 1.811464e+02
      vertex   3.483358e+02 3.268358e+02 1.811464e+02
    endloop
  endfacet
  facet normal -5.235093e-01 -5.969480e-01 -6.079401e-01
    outer loop
      vertex   3.482796e+02 3.267796e+02 1.812500e+02
      vertex   3.483358e+02 3.268358e+02 1.811464e+02
      vertex   3.485189e+02 3.265698e+02 1.812500e+02
    endloop
  endfacet
  facet normal -5.235093e-01 -5.969480e-01 -6.079401e-01
    outer loop
      vertex   3.485189e+02 3.265698e+02 1.812500e+02
      vertex   3.483358e+02 3.268358e+02 1.811464e+02
      vertex   3.485672e+02 3.266328e+02 1.811464e+02
    endloop
  endfacet
  facet normal -4.411132e-01 -6.601727e-01 -6.079401e-01
    outer loop
      vertex   3.485189e+02 3.265698e+02 1.812500e+02
      vertex   3.485672e+02 3.266328e+02 1.811464e+02
      vertex   3.487835e+02 3.263929e+02 1.812500e+02
    endloop
  endfacet
  facet normal -4.411132e-01 -6.601727e-01 -6.079401e-01
    outer loop
      vertex   3.487835e+02 3.263929e+02 1.812500e+02
      vertex   3.485672e+02 3.266328e+02 1.811464e+02
      vertex   3.488232e+02 3.264618e+02 1.811464e+02
    endloop
  endfacet
  facet normal -3.511696e-01 -7.121017e-01 -6.079401e-01
    outer loop
      vertex   3.487835e+02 3.263929e+02 1.812500e+02
      vertex   3.488232e+02 3.264618e+02 1.811464e+02
      vertex   3.490689e+02 3.262522e+02 1.812500e+02
    endloop
  endfacet
  facet normal -3.511696e-01 -7.121017e-01 -6.079401e-01
    outer loop
      vertex   3.490689e+02 3.262522e+02 1.812500e+02
      vertex   3.488232e+02 3.264618e+02 1.811464e+02
      vertex   3.490993e+02 3.263256e+02 1.811464e+02
    endloop
  endfacet
  facet normal -2.552174e-01 -7.518464e-01 -6.079401e-01
    outer loop
      vertex   3.490689e+02 3.262522e+02 1.812500e+02
      vertex   3.490993e+02 3.263256e+02 1.811464e+02
      vertex   3.493703e+02 3.261499e+02 1.812500e+02
    endloop
  endfacet
  facet normal -2.552174e-01 -7.518464e-01 -6.079401e-01
    outer loop
      vertex   3.493703e+02 3.261499e+02 1.812500e+02
      vertex   3.490993e+02 3.263256e+02 1.811464e+02
      vertex   3.493909e+02 3.262266e+02 1.811464e+02
    endloop
  endfacet
  facet normal -1.548983e-01 -7.787268e-01 -6.079401e-01
    outer loop
      vertex   3.493703e+02 3.261499e+02 1.812500e+02
      vertex   3.493909e+02 3.262266e+02 1.811464e+02
      vertex   3.496824e+02 3.260878e+02 1.812500e+02
    endloop
  endfacet
  facet normal -1.548983e-01 -7.787268e-01 -6.079401e-01
    outer loop
      vertex   3.496824e+02 3.260878e+02 1.812500e+02
      vertex   3.493909e+02 3.262266e+02 1.811464e+02
      vertex   3.496928e+02 3.261666e+02 1.811464e+02
    endloop
  endfacet
  facet normal -6.082774e-01 -3.986861e-02 -7.927226e-01
    outer loop
      vertex   3.476464e+02 3.285000e+02 1.811464e+02
      vertex   3.477500e+02 3.285000e+02 1.810670e+02
      vertex   3.476666e+02 3.281928e+02 1.811464e+02
    endloop
  endfacet
  facet normal -6.082774e-01 -3.986861e-02 -7.927226e-01
    outer loop
      vertex   3.476666e+02 3.281928e+02 1.811464e+02
      vertex   3.477500e+02 3.285000e+02 1.810670e+02
      vertex   3.477692e+02 3.282063e+02 1.810670e+02
    endloop
  endfacet
  facet normal -5.978696e-01 -1.189237e-01 -7.927226e-01
    outer loop
      vertex   3.476666e+02 3.281928e+02 1.811464e+02
      vertex   3.477692e+02 3.282063e+02 1.810670e+02
      vertex   3.477266e+02 3.278909e+02 1.811464e+02
    endloop
  endfacet
  facet normal -5.978696e-01 -1.189237e-01 -7.927226e-01
    outer loop
      vertex   3.477266e+02 3.278909e+02 1.811464e+02
      vertex   3.477692e+02 3.282063e+02 1.810670e+02
      vertex   3.478267e+02 3.279177e+02 1.810670e+02
    endloop
  endfacet
  facet normal -5.772321e-01 -1.959439e-01 -7.927226e-01
    outer loop
      vertex   3.477266e+02 3.278909e+02 1.811464e+02
      vertex   3.478267e+02 3.279177e+02 1.810670e+02
      vertex   3.478256e+02 3.275993e+02 1.811464e+02
    endloop
  endfacet
  facet normal -5.772321e-01 -1.959439e-01 -7.927226e-01
    outer loop
      vertex   3.478256e+02 3.275993e+02 1.811464e+02
      vertex   3.478267e+02 3.279177e+02 1.810670e+02
      vertex   3.479213e+02 3.276390e+02 1.810670e+02
    endloop
  endfacet
  facet normal -5.467180e-01 -2.696115e-01 -7.927226e-01
    outer loop
      vertex   3.478256e+02 3.275993e+02 1.811464e+02
      vertex   3.479213e+02 3.276390e+02 1.810670e+02
      vertex   3.479618e+02 3.273232e+02 1.811464e+02
    endloop
  endfacet
  facet normal -5.467180e-01 -2.696115e-01 -7.927226e-01
    outer loop
      vertex   3.479618e+02 3.273232e+02 1.811464e+02
      vertex   3.479213e+02 3.276390e+02 1.810670e+02
      vertex   3.480514e+02 3.273750e+02 1.810670e+02
    endloop
  endfacet
  facet normal -5.068494e-01 -3.386660e-01 -7.927226e-01
    outer loop
      vertex   3.479618e+02 3.273232e+02 1.811464e+02
      vertex   3.480514e+02 3.273750e+02 1.810670e+02
      vertex   3.481328e+02 3.270672e+02 1.811464e+02
    endloop
  endfacet
  facet normal -5.068494e-01 -3.386660e-01 -7.927226e-01
    outer loop
      vertex   3.481328e+02 3.270672e+02 1.811464e+02
      vertex   3.480514e+02 3.273750e+02 1.810670e+02
      vertex   3.482150e+02 3.271303e+02 1.810670e+02
    endloop
  endfacet
  facet normal -4.583084e-01 -4.019257e-01 -7.927226e-01
    outer loop
      vertex   3.481328e+02 3.270672e+02 1.811464e+02
      vertex   3.482150e+02 3.271303e+02 1.810670e+02
      vertex   3.483358e+02 3.268358e+02 1.811464e+02
    endloop
  endfacet
  facet normal -4.583084e-01 -4.019257e-01 -7.927226e-01
    outer loop
      vertex   3.483358e+02 3.268358e+02 1.811464e+02
      vertex   3.482150e+02 3.271303e+02 1.810670e+02
      vertex   3.484090e+02 3.269090e+02 1.810670e+02
    endloop
  endfacet
  facet normal -4.019257e-01 -4.583085e-01 -7.927226e-01
    outer loop
      vertex   3.483358e+02 3.268358e+02 1.811464e+02
      vertex   3.484090e+02 3.269090e+02 1.810670e+02
      vertex   3.485672e+02 3.266328e+02 1.811464e+02
    endloop
  endfacet
  facet normal -4.019257e-01 -4.583085e-01 -7.927226e-01
    outer loop
      vertex   3.485672e+02 3.266328e+02 1.811464e+02
      vertex   3.484090e+02 3.269090e+02 1.810670e+02
      vertex   3.486303e+02 3.267150e+02 1.810670e+02
    endloop
  endfacet
  facet normal -3.386659e-01 -5.068494e-01 -7.927226e-01
    outer loop
      vertex   3.485672e+02 3.266328e+02 1.811464e+02
      vertex   3.486303e+02 3.267150e+02 1.810670e+02
      vertex   3.488232e+02 3.264618e+02 1.811464e+02
    endloop
  endfacet
  facet normal -3.386659e-01 -5.068494e-01 -7.927226e-01
    outer loop
      vertex   3.488232e+02 3.264618e+02 1.811464e+02
      vertex   3.486303e+02 3.267150e+02 1.810670e+02
      vertex   3.488750e+02 3.265514e+02 1.810670e+02
    endloop
  endfacet
  facet normal -2.696114e-01 -5.467180e-01 -7.927226e-01
    outer loop
      vertex   3.488232e+02 3.264618e+02 1.811464e+02
      vertex   3.488750e+02 3.265514e+02 1.810670e+02
      vertex   3.490993e+02 3.263256e+02 1.811464e+02
    endloop
  endfacet
  facet normal -2.696114e-01 -5.467180e-01 -7.927226e-01
    outer loop
      vertex   3.490993e+02 3.263256e+02 1.811464e+02
      vertex   3.488750e+02 3.265514e+02 1.810670e+02
      vertex   3.491390e+02 3.264213e+02 1.810670e+02
    endloop
  endfacet
  facet normal -1.959439e-01 -5.772321e-01 -7.927226e-01
    outer loop
      vertex   3.490993e+02 3.263256e+02 1.811464e+02
      vertex   3.491390e+02 3.264213e+02 1.810670e+02
      vertex   3.493909e+02 3.262266e+02 1.811464e+02
    endloop
  endfacet
  facet normal -1.959439e-01 -5.772321e-01 -7.927226e-01
    outer loop
      vertex   3.493909e+02 3.262266e+02 1.811464e+02
      vertex   3.491390e+02 3.264213e+02 1.810670e+02
      vertex   3.494177e+02 3.263267e+02 1.810670e+02
    endloop
  endfacet
  facet normal -1.189236e-01 -5.978696e-01 -7.927226e-01
    outer loop
      vertex   3.493909e+02 3.262266e+02 1.811464e+02
      vertex   3.494177e+02 3.263267e+02 1.810670e+02
      vertex   3.496928e+02 3.261666e+02 1.811464e+02
    endloop
  endfacet
  facet normal -1.189236e-01 -5.978696e-01 -7.927226e-01
    outer loop
      vertex   3.496928e+02 3.261666e+02 1.811464e+02
      vertex   3.494177e+02 3.263267e+02 1.810670e+02
      vertex   3.497063e+02 3.262692e+02 1.810670e+02
    endloop
  endfacet
  facet normal -3.825631e-01 -2.507451e-02 -9.235891e-01
    outer loop
      vertex   3.477500e+02 3.285000e+02 1.810670e+02
      vertex   3.478706e+02 3.285000e+02 1.810170e+02
      vertex   3.477692e+02 3.282063e+02 1.810670e+02
    endloop
  endfacet
  facet normal -3.825631e-01 -2.507451e-02 -9.235891e-01
    outer loop
      vertex   3.477692e+02 3.282063e+02 1.810670e+02
      vertex   3.478706e+02 3.285000e+02 1.810170e+02
      vertex   3.478888e+02 3.282221e+02 1.810170e+02
    endloop
  endfacet
  facet normal -3.760173e-01 -7.479450e-02 -9.235891e-01
    outer loop
      vertex   3.477692e+02 3.282063e+02 1.810670e+02
      vertex   3.478888e+02 3.282221e+02 1.810170e+02
      vertex   3.478267e+02 3.279177e+02 1.810670e+02
    endloop
  endfacet
  facet normal -3.760173e-01 -7.479450e-02 -9.235891e-01
    outer loop
      vertex   3.478267e+02 3.279177e+02 1.810670e+02
      vertex   3.478888e+02 3.282221e+02 1.810170e+02
      vertex   3.479431e+02 3.279489e+02 1.810170e+02
    endloop
  endfacet
  facet normal -3.630378e-01 -1.232347e-01 -9.235891e-01
    outer loop
      vertex   3.478267e+02 3.279177e+02 1.810670e+02
      vertex   3.479431e+02 3.279489e+02 1.810170e+02
      vertex   3.479213e+02 3.276390e+02 1.810670e+02
    endloop
  endfacet
  facet normal -3.630378e-01 -1.232347e-01 -9.235891e-01
    outer loop
      vertex   3.479213e+02 3.276390e+02 1.810670e+02
      vertex   3.479431e+02 3.279489e+02 1.810170e+02
      vertex   3.480327e+02 3.276851e+02 1.810170e+02
    endloop
  endfacet
  facet normal -3.438466e-01 -1.695664e-01 -9.235891e-01
    outer loop
      vertex   3.479213e+02 3.276390e+02 1.810670e+02
      vertex   3.480327e+02 3.276851e+02 1.810170e+02
      vertex   3.480514e+02 3.273750e+02 1.810670e+02
    endloop
  endfacet
  facet normal -3.438466e-01 -1.695664e-01 -9.235891e-01
    outer loop
      vertex   3.480514e+02 3.273750e+02 1.810670e+02
      vertex   3.480327e+02 3.276851e+02 1.810170e+02
      vertex   3.481559e+02 3.274353e+02 1.810170e+02
    endloop
  endfacet
  facet normal -3.187721e-01 -2.129967e-01 -9.235891e-01
    outer loop
      vertex   3.480514e+02 3.273750e+02 1.810670e+02
      vertex   3.481559e+02 3.274353e+02 1.810170e+02
      vertex   3.482150e+02 3.271303e+02 1.810670e+02
    endloop
  endfacet
  facet normal -3.187721e-01 -2.129967e-01 -9.235891e-01
    outer loop
      vertex   3.482150e+02 3.271303e+02 1.810670e+02
      vertex   3.481559e+02 3.274353e+02 1.810170e+02
      vertex   3.483106e+02 3.272037e+02 1.810170e+02
    endloop
  endfacet
  facet normal -2.882433e-01 -2.527826e-01 -9.235891e-01
    outer loop
      vertex   3.482150e+02 3.271303e+02 1.810670e+02
      vertex   3.483106e+02 3.272037e+02 1.810170e+02
      vertex   3.484090e+02 3.269090e+02 1.810670e+02
    endloop
  endfacet
  facet normal -2.882433e-01 -2.527826e-01 -9.235891e-01
    outer loop
      vertex   3.484090e+02 3.269090e+02 1.810670e+02
      vertex   3.483106e+02 3.272037e+02 1.810170e+02
      vertex   3.484943e+02 3.269943e+02 1.810170e+02
    endloop
  endfacet
  facet normal -2.527826e-01 -2.882433e-01 -9.235891e-01
    outer loop
      vertex   3.484090e+02 3.269090e+02 1.810670e+02
      vertex   3.484943e+02 3.269943e+02 1.810170e+02
      vertex   3.486303e+02 3.267150e+02 1.810670e+02
    endloop
  endfacet
  facet normal -2.527826e-01 -2.882433e-01 -9.235891e-01
    outer loop
      vertex   3.486303e+02 3.267150e+02 1.810670e+02
      vertex   3.484943e+02 3.269943e+02 1.810170e+02
      vertex   3.487037e+02 3.268106e+02 1.810170e+02
    endloop
  endfacet
  facet normal -2.129967e-01 -3.187721e-01 -9.235891e-01
    outer loop
      vertex   3.486303e+02 3.267150e+02 1.810670e+02
      vertex   3.487037e+02 3.268106e+02 1.810170e+02
      vertex   3.488750e+02 3.265514e+02 1.810670e+02
    endloop
  endfacet
  facet normal -2.129967e-01 -3.187721e-01 -9.235891e-01
    outer loop
      vertex   3.488750e+02 3.265514e+02 1.810670e+02
      vertex   3.487037e+02 3.268106e+02 1.810170e+02
      vertex   3.489353e+02 3.266559e+02 1.810170e+02
    endloop
  endfacet
  facet normal -1.695663e-01 -3.438466e-01 -9.235891e-01
    outer loop
      vertex   3.488750e+02 3.265514e+02 1.810670e+02
      vertex   3.489353e+02 3.266559e+02 1.810170e+02
      vertex   3.491390e+02 3.264213e+02 1.810670e+02
    endloop
  endfacet
  facet normal -1.695663e-01 -3.438466e-01 -9.235891e-01
    outer loop
      vertex   3.491390e+02 3.264213e+02 1.810670e+02
      vertex   3.489353e+02 3.266559e+02 1.810170e+02
      vertex   3.491851e+02 3.265327e+02 1.810170e+02
    endloop
  endfacet
  facet normal -1.232347e-01 -3.630378e-01 -9.235891e-01
    outer loop
      vertex   3.491390e+02 3.264213e+02 1.810670e+02
      vertex   3.491851e+02 3.265327e+02 1.810170e+02
      vertex   3.494177e+02 3.263267e+02 1.810670e+02
    endloop
  endfacet
  facet normal -1.232347e-01 -3.630378e-01 -9.235891e-01
    outer loop
      vertex   3.494177e+02 3.263267e+02 1.810670e+02
      vertex   3.491851e+02 3.265327e+02 1.810170e+02
      vertex   3.494489e+02 3.264431e+02 1.810170e+02
    endloop
  endfacet
  facet normal -7.479444e-02 -3.760174e-01 -9.235890e-01
    outer loop
      vertex   3.494177e+02 3.263267e+02 1.810670e+02
      vertex   3.494489e+02 3.264431e+02 1.810170e+02
      vertex   3.497063e+02 3.262692e+02 1.810670e+02
    endloop
  endfacet
  facet normal -7.479444e-02 -3.760174e-01 -9.235890e-01
    outer loop
      vertex   3.497063e+02 3.262692e+02 1.810670e+02
      vertex   3.494489e+02 3.264431e+02 1.810170e+02
      vertex   3.497221e+02 3.263888e+02 1.810170e+02
    endloop
  endfacet
  facet normal -1.305214e-01 -8.554826e-03 -9.914086e-01
    outer loop
      vertex   3.478706e+02 3.285000e+02 1.810170e+02
      vertex   3.480000e+02 3.285000e+02 1.810000e+02
      vertex   3.478888e+02 3.282221e+02 1.810170e+02
    endloop
  endfacet
  facet normal -1.288937e-01 -9.218664e-03 -9.916156e-01
    outer loop
      vertex   3.478888e+02 3.282221e+02 1.810170e+02
      vertex   3.480000e+02 3.285000e+02 1.810000e+02
      vertex   3.480204e+02 3.282154e+02 1.810000e+02
    endloop
  endfacet
  facet normal -1.296849e-01 -2.579595e-02 -9.912196e-01
    outer loop
      vertex   3.478888e+02 3.282221e+02 1.810170e+02
      vertex   3.480204e+02 3.282154e+02 1.810000e+02
      vertex   3.479431e+02 3.279489e+02 1.810170e+02
    endloop
  endfacet
  facet normal -1.249946e-01 -2.719093e-02 -9.917848e-01
    outer loop
      vertex   3.479431e+02 3.279489e+02 1.810170e+02
      vertex   3.480204e+02 3.282154e+02 1.810000e+02
      vertex   3.480810e+02 3.279365e+02 1.810000e+02
    endloop
  endfacet
  facet normal -1.263087e-01 -4.287605e-02 -9.910639e-01
    outer loop
      vertex   3.479431e+02 3.279489e+02 1.810170e+02
      vertex   3.480810e+02 3.279365e+02 1.810000e+02
      vertex   3.480327e+02 3.276851e+02 1.810170e+02
    endloop
  endfacet
  facet normal -1.189183e-01 -4.435426e-02 -9.919129e-01
    outer loop
      vertex   3.480327e+02 3.276851e+02 1.810170e+02
      vertex   3.480810e+02 3.279365e+02 1.810000e+02
      vertex   3.481807e+02 3.276692e+02 1.810000e+02
    endloop
  endfacet
  facet normal -1.204254e-01 -5.938726e-02 -9.909444e-01
    outer loop
      vertex   3.480327e+02 3.276851e+02 1.810170e+02
      vertex   3.481807e+02 3.276692e+02 1.810000e+02
      vertex   3.481559e+02 3.274353e+02 1.810170e+02
    endloop
  endfacet
  facet normal -1.107786e-01 -6.048971e-02 -9.920026e-01
    outer loop
      vertex   3.481559e+02 3.274353e+02 1.810170e+02
      vertex   3.481807e+02 3.276692e+02 1.810000e+02
      vertex   3.483175e+02 3.274187e+02 1.810000e+02
    endloop
  endfacet
  facet normal -1.121395e-01 -7.492930e-02 -9.908634e-01
    outer loop
      vertex   3.481559e+02 3.274353e+02 1.810170e+02
      vertex   3.483175e+02 3.274187e+02 1.810000e+02
      vertex   3.483106e+02 3.272037e+02 1.810170e+02
    endloop
  endfacet
  facet normal -1.007077e-01 -7.538887e-02 -9.920557e-01
    outer loop
      vertex   3.483106e+02 3.272037e+02 1.810170e+02
      vertex   3.483175e+02 3.274187e+02 1.810000e+02
      vertex   3.484885e+02 3.271903e+02 1.810000e+02
    endloop
  endfacet
  facet normal -1.016257e-01 -8.912341e-02 -9.908225e-01
    outer loop
      vertex   3.483106e+02 3.272037e+02 1.810170e+02
      vertex   3.484885e+02 3.271903e+02 1.810000e+02
      vertex   3.484943e+02 3.269943e+02 1.810170e+02
    endloop
  endfacet
  facet normal -8.885551e-02 -8.885559e-02 -9.920733e-01
    outer loop
      vertex   3.484943e+02 3.269943e+02 1.810170e+02
      vertex   3.484885e+02 3.271903e+02 1.810000e+02
      vertex   3.486903e+02 3.269885e+02 1.810000e+02
    endloop
  endfacet
  facet normal -8.912333e-02 -1.016258e-01 -9.908225e-01
    outer loop
      vertex   3.484943e+02 3.269943e+02 1.810170e+02
      vertex   3.486903e+02 3.269885e+02 1.810000e+02
      vertex   3.487037e+02 3.268106e+02 1.810170e+02
    endloop
  endfacet
  facet normal -7.538879e-02 -1.007077e-01 -9.920557e-01
    outer loop
      vertex   3.487037e+02 3.268106e+02 1.810170e+02
      vertex   3.486903e+02 3.269885e+02 1.810000e+02
      vertex   3.489187e+02 3.268175e+02 1.810000e+02
    endloop
  endfacet
  facet normal -7.492923e-02 -1.121396e-01 -9.908634e-01
    outer loop
      vertex   3.487037e+02 3.268106e+02 1.810170e+02
      vertex   3.489187e+02 3.268175e+02 1.810000e+02
      vertex   3.489353e+02 3.266559e+02 1.810170e+02
    endloop
  endfacet
  facet normal -6.048964e-02 -1.107786e-01 -9.920026e-01
    outer loop
      vertex   3.489353e+02 3.266559e+02 1.810170e+02
      vertex   3.489187e+02 3.268175e+02 1.810000e+02
      vertex   3.491692e+02 3.266807e+02 1.810000e+02
    endloop
  endfacet
  facet normal -5.938719e-02 -1.204255e-01 -9.909444e-01
    outer loop
      vertex   3.489353e+02 3.266559e+02 1.810170e+02
      vertex   3.491692e+02 3.266807e+02 1.810000e+02
      vertex   3.491851e+02 3.265327e+02 1.810170e+02
    endloop
  endfacet
  facet normal -4.435419e-02 -1.189184e-01 -9.919129e-01
    outer loop
      vertex   3.491851e+02 3.265327e+02 1.810170e+02
      vertex   3.491692e+02 3.266807e+02 1.810000e+02
      vertex   3.494365e+02 3.265810e+02 1.810000e+02
    endloop
  endfacet
  facet normal -4.287598e-02 -1.263088e-01 -9.910639e-01
    outer loop
      vertex   3.491851e+02 3.265327e+02 1.810170e+02
      vertex   3.494365e+02 3.265810e+02 1.810000e+02
      vertex   3.494489e+02 3.264431e+02 1.810170e+02
    endloop
  endfacet
  facet normal -2.719086e-02 -1.249947e-01 -9.917847e-01
    outer loop
      vertex   3.494489e+02 3.264431e+02 1.810170e+02
      vertex   3.494365e+02 3.265810e+02 1.810000e+02
      vertex   3.497154e+02 3.265204e+02 1.810000e+02
    endloop
  endfacet
  facet normal -2.579588e-02 -1.296850e-01 -9.912196e-01
    outer loop
      vertex   3.494489e+02 3.264431e+02 1.810170e+02
      vertex   3.497154e+02 3.265204e+02 1.810000e+02
      vertex   3.497221e+02 3.263888e+02 1.810170e+02
    endloop
  endfacet
  facet normal 7.015049e-09 -9.951847e-01 -9.801714e-02
    outer loop
      vertex   3.640000e+02 3.260000e+02 1.815000e+02
      vertex   3.500000e+02 3.260000e+02 1.815000e+02
      vertex   3.639025e+02 3.260096e+02 1.814025e+02
    endloop
  endfacet
  facet normal -4.219247e-04 -9.875349e-01 -1.573994e-01
    outer loop
      vertex   3.639025e+02 3.260096e+02 1.814025e+02
      vertex   3.500000e+02 3.260000e+02 1.815000e+02
      vertex   3.584000e+02 3.260170e+02 1.813706e+02
    endloop
  endfacet
  facet normal 1.625174e-08 -9.738770e-01 -2.270763e-01
    outer loop
      vertex   3.639025e+02 3.260096e+02 1.814025e+02
      vertex   3.584000e+02 3.260170e+02 1.813706e+02
      vertex   3.612000e+02 3.260170e+02 1.813706e+02
    endloop
  endfacet
  facet normal 2.738849e-08 -9.238795e-01 -3.826834e-01
    outer loop
      vertex   3.612000e+02 3.260170e+02 1.813706e+02
      vertex   3.584000e+02 3.260170e+02 1.813706e+02
      vertex   3.612000e+02 3.260670e+02 1.812500e+02
    endloop
  endfacet
  facet normal -1.639729e-03 -9.238783e-01 -3.826829e-01
    outer loop
      vertex   3.612000e+02 3.260170e+02 1.813706e+02
      vertex   3.612000e+02 3.260670e+02 1.812500e+02
      vertex   3.638087e+02 3.260381e+02 1.813087e+02
    endloop
  endfacet
  facet normal 8.388898e-04 -8.815720e-01 -4.720489e-01
    outer loop
      vertex   3.638087e+02 3.260381e+02 1.813087e+02
      vertex   3.612000e+02 3.260670e+02 1.812500e+02
      vertex   3.637222e+02 3.260843e+02 1.812222e+02
    endloop
  endfacet
  facet normal -1.271469e-03 -7.933527e-01 -6.087609e-01
    outer loop
      vertex   3.637222e+02 3.260843e+02 1.812222e+02
      vertex   3.612000e+02 3.260670e+02 1.812500e+02
      vertex   3.612000e+02 3.261464e+02 1.811464e+02
    endloop
  endfacet
  facet normal 4.540328e-08 -7.730105e-01 -6.343933e-01
    outer loop
      vertex   3.637222e+02 3.260843e+02 1.812222e+02
      vertex   3.612000e+02 3.261464e+02 1.811464e+02
      vertex   3.636464e+02 3.261464e+02 1.811464e+02
    endloop
  endfacet
  facet normal 5.532406e-08 -6.343933e-01 -7.730105e-01
    outer loop
      vertex   3.636464e+02 3.261464e+02 1.811464e+02
      vertex   3.612000e+02 3.261464e+02 1.811464e+02
      vertex   3.635843e+02 3.262222e+02 1.810843e+02
    endloop
  endfacet
  facet normal -1.345023e-03 -6.087609e-01 -7.933526e-01
    outer loop
      vertex   3.635843e+02 3.262222e+02 1.810843e+02
      vertex   3.612000e+02 3.261464e+02 1.811464e+02
      vertex   3.612000e+02 3.262500e+02 1.810670e+02
    endloop
  endfacet
  facet normal 9.034159e-04 -4.710209e-01 -8.821216e-01
    outer loop
      vertex   3.635843e+02 3.262222e+02 1.810843e+02
      vertex   3.612000e+02 3.262500e+02 1.810670e+02
      vertex   3.635381e+02 3.263087e+02 1.810381e+02
    endloop
  endfacet
  facet normal -1.829469e-03 -3.826828e-01 -9.238780e-01
    outer loop
      vertex   3.635381e+02 3.263087e+02 1.810381e+02
      vertex   3.612000e+02 3.262500e+02 1.810670e+02
      vertex   3.612000e+02 3.263706e+02 1.810170e+02
    endloop
  endfacet
  facet normal 9.228158e-04 -2.900282e-01 -9.570176e-01
    outer loop
      vertex   3.635381e+02 3.263087e+02 1.810381e+02
      vertex   3.612000e+02 3.263706e+02 1.810170e+02
      vertex   3.635096e+02 3.264025e+02 1.810096e+02
    endloop
  endfacet
  facet normal -1.155238e-03 -1.468981e-01 -9.891510e-01
    outer loop
      vertex   3.635096e+02 3.264025e+02 1.810096e+02
      vertex   3.612000e+02 3.263706e+02 1.810170e+02
      vertex   3.635024e+02 3.264510e+02 1.810024e+02
    endloop
  endfacet
  facet normal -4.624757e-03 -4.929380e-02 -9.987736e-01
    outer loop
      vertex   3.635024e+02 3.264510e+02 1.810024e+02
      vertex   3.612000e+02 3.263706e+02 1.810170e+02
      vertex   3.635000e+02 3.265000e+02 1.810000e+02
    endloop
  endfacet
  facet normal 7.095733e-08 -1.305262e-01 -9.914449e-01
    outer loop
      vertex   3.635000e+02 3.265000e+02 1.810000e+02
      vertex   3.612000e+02 3.263706e+02 1.810170e+02
      vertex   3.584000e+02 3.263706e+02 1.810170e+02
    endloop
  endfacet
  facet normal 7.095732e-08 -1.305262e-01 -9.914449e-01
    outer loop
      vertex   3.635000e+02 3.265000e+02 1.810000e+02
      vertex   3.584000e+02 3.263706e+02 1.810170e+02
      vertex   3.556000e+02 3.263706e+02 1.810170e+02
    endloop
  endfacet
  facet normal 6.612171e-08 -3.826834e-01 -9.238795e-01
    outer loop
      vertex   3.556000e+02 3.263706e+02 1.810170e+02
      vertex   3.584000e+02 3.263706e+02 1.810170e+02
      vertex   3.556000e+02 3.262500e+02 1.810670e+02
    endloop
  endfacet
  facet normal 6.612171e-08 -3.826834e-01 -9.238795e-01
    outer loop
      vertex   3.556000e+02 3.263706e+02 1.810170e+02
      vertex   3.556000e+02 3.262500e+02 1.810670e+02
      vertex   3.528000e+02 3.262500e+02 1.810670e+02
    endloop
  endfacet
  facet normal 5.678000e-08 -6.087614e-01 -7.933533e-01
    outer loop
      vertex   3.528000e+02 3.262500e+02 1.810670e+02
      vertex   3.556000e+02 3.262500e+02 1.810670e+02
      vertex   3.528000e+02 3.261464e+02 1.811464e+02
    endloop
  endfacet
  facet normal 5.678000e-08 -6.087614e-01 -7.933533e-01
    outer loop
      vertex   3.528000e+02 3.262500e+02 1.810670e+02
      vertex   3.528000e+02 3.261464e+02 1.811464e+02
      vertex   3.500000e+02 3.261464e+02 1.811464e+02
    endloop
  endfacet
  facet normal 4.356882e-08 -7.933533e-01 -6.087614e-01
    outer loop
      vertex   3.500000e+02 3.261464e+02 1.811464e+02
      vertex   3.528000e+02 3.261464e+02 1.811464e+02
      vertex   3.500000e+02 3.260670e+02 1.812500e+02
    endloop
  endfacet
  facet normal 4.356883e-08 -7.933533e-01 -6.087614e-01
    outer loop
      vertex   3.500000e+02 3.260670e+02 1.812500e+02
      vertex   3.528000e+02 3.261464e+02 1.811464e+02
      vertex   3.528000e+02 3.260670e+02 1.812500e+02
    endloop
  endfacet
  facet normal 2.738852e-08 -9.238795e-01 -3.826834e-01
    outer loop
      vertex   3.500000e+02 3.260670e+02 1.812500e+02
      vertex   3.528000e+02 3.260670e+02 1.812500e+02
      vertex   3.500000e+02 3.260170e+02 1.813706e+02
    endloop
  endfacet
  facet normal 2.738851e-08 -9.238795e-01 -3.826834e-01
    outer loop
      vertex   3.500000e+02 3.260170e+02 1.813706e+02
      vertex   3.528000e+02 3.260670e+02 1.812500e+02
      vertex   3.528000e+02 3.260170e+02 1.813706e+02
    endloop
  endfacet
  facet normal 9.341723e-09 -9.914449e-01 -1.305262e-01
    outer loop
      vertex   3.500000e+02 3.260170e+02 1.813706e+02
      vertex   3.528000e+02 3.260170e+02 1.813706e+02
      vertex   3.500000e+02 3.260000e+02 1.815000e+02
    endloop
  endfacet
  facet normal 9.341711e-09 -9.914449e-01 -1.305262e-01
    outer loop
      vertex   3.500000e+02 3.260000e+02 1.815000e+02
      vertex   3.528000e+02 3.260170e+02 1.813706e+02
      vertex   3.556000e+02 3.260170e+02 1.813706e+02
    endloop
  endfacet
  facet normal 9.341713e-09 -9.914449e-01 -1.305262e-01
    outer loop
      vertex   3.500000e+02 3.260000e+02 1.815000e+02
      vertex   3.556000e+02 3.260170e+02 1.813706e+02
      vertex   3.584000e+02 3.260170e+02 1.813706e+02
    endloop
  endfacet
  facet normal 2.738852e-08 -9.238795e-01 -3.826834e-01
    outer loop
      vertex   3.584000e+02 3.260170e+02 1.813706e+02
      vertex   3.556000e+02 3.260170e+02 1.813706e+02
      vertex   3.584000e+02 3.260670e+02 1.812500e+02
    endloop
  endfacet
  facet normal 2.738850e-08 -9.238795e-01 -3.826834e-01
    outer loop
      vertex   3.584000e+02 3.260170e+02 1.813706e+02
      vertex   3.584000e+02 3.260670e+02 1.812500e+02
      vertex   3.612000e+02 3.260670e+02 1.812500e+02
    endloop
  endfacet
  facet normal 4.356882e-08 -7.933533e-01 -6.087614e-01
    outer loop
      vertex   3.612000e+02 3.260670e+02 1.812500e+02
      vertex   3.584000e+02 3.260670e+02 1.812500e+02
      vertex   3.612000e+02 3.261464e+02 1.811464e+02
    endloop
  endfacet
  facet normal 5.677998e-08 -6.087614e-01 -7.933533e-01
    outer loop
      vertex   3.500000e+02 3.261464e+02 1.811464e+02
      vertex   3.500000e+02 3.262500e+02 1.810670e+02
      vertex   3.528000e+02 3.262500e+02 1.810670e+02
    endloop
  endfacet
  facet normal 6.612170e-08 -3.826834e-01 -9.238795e-01
    outer loop
      vertex   3.528000e+02 3.262500e+02 1.810670e+02
      vertex   3.500000e+02 3.262500e+02 1.810670e+02
      vertex   3.528000e+02 3.263706e+02 1.810170e+02
    endloop
  endfacet
  facet normal 6.612171e-08 -3.826834e-01 -9.238795e-01
    outer loop
      vertex   3.528000e+02 3.262500e+02 1.810670e+02
      vertex   3.528000e+02 3.263706e+02 1.810170e+02
      vertex   3.556000e+02 3.263706e+02 1.810170e+02
    endloop
  endfacet
  facet normal 7.095733e-08 -1.305262e-01 -9.914449e-01
    outer loop
      vertex   3.556000e+02 3.263706e+02 1.810170e+02
      vertex   3.528000e+02 3.263706e+02 1.810170e+02
      vertex   3.500000e+02 3.265000e+02 1.810000e+02
    endloop
  endfacet
  facet normal 7.095733e-08 -1.305262e-01 -9.914449e-01
    outer loop
      vertex   3.556000e+02 3.263706e+02 1.810170e+02
      vertex   3.500000e+02 3.265000e+02 1.810000e+02
      vertex   3.635000e+02 3.265000e+02 1.810000e+02
    endloop
  endfacet
  facet normal 6.612169e-08 -3.826834e-01 -9.238795e-01
    outer loop
      vertex   3.500000e+02 3.262500e+02 1.810670e+02
      vertex   3.500000e+02 3.263706e+02 1.810170e+02
      vertex   3.528000e+02 3.263706e+02 1.810170e+02
    endloop
  endfacet
  facet normal 7.095733e-08 -1.305262e-01 -9.914449e-01
    outer loop
      vertex   3.528000e+02 3.263706e+02 1.810170e+02
      vertex   3.500000e+02 3.263706e+02 1.810170e+02
      vertex   3.500000e+02 3.265000e+02 1.810000e+02
    endloop
  endfacet
  facet normal 8.011288e-04 -9.567172e-01 -2.910181e-01
    outer loop
      vertex   3.638087e+02 3.260381e+02 1.813087e+02
      vertex   3.639025e+02 3.260096e+02 1.814025e+02
      vertex   3.612000e+02 3.260170e+02 1.813706e+02
    endloop
  endfacet
  facet normal 2.738851e-08 -9.238795e-01 -3.826834e-01
    outer loop
      vertex   3.556000e+02 3.260170e+02 1.813706e+02
      vertex   3.528000e+02 3.260170e+02 1.813706e+02
      vertex   3.556000e+02 3.260670e+02 1.812500e+02
    endloop
  endfacet
  facet normal 2.738851e-08 -9.238795e-01 -3.826834e-01
    outer loop
      vertex   3.556000e+02 3.260670e+02 1.812500e+02
      vertex   3.528000e+02 3.260170e+02 1.813706e+02
      vertex   3.528000e+02 3.260670e+02 1.812500e+02
    endloop
  endfacet
  facet normal 4.356883e-08 -7.933533e-01 -6.087614e-01
    outer loop
      vertex   3.556000e+02 3.260670e+02 1.812500e+02
      vertex   3.528000e+02 3.260670e+02 1.812500e+02
      vertex   3.556000e+02 3.261464e+02 1.811464e+02
    endloop
  endfacet
  facet normal 4.356882e-08 -7.933533e-01 -6.087614e-01
    outer loop
      vertex   3.556000e+02 3.261464e+02 1.811464e+02
      vertex   3.528000e+02 3.260670e+02 1.812500e+02
      vertex   3.528000e+02 3.261464e+02 1.811464e+02
    endloop
  endfacet
  facet normal 5.677999e-08 -6.087614e-01 -7.933533e-01
    outer loop
      vertex   3.556000e+02 3.261464e+02 1.811464e+02
      vertex   3.528000e+02 3.261464e+02 1.811464e+02
      vertex   3.556000e+02 3.262500e+02 1.810670e+02
    endloop
  endfacet
  facet normal 2.738849e-08 -9.238795e-01 -3.826834e-01
    outer loop
      vertex   3.556000e+02 3.260170e+02 1.813706e+02
      vertex   3.556000e+02 3.260670e+02 1.812500e+02
      vertex   3.584000e+02 3.260670e+02 1.812500e+02
    endloop
  endfacet
  facet normal 4.356881e-08 -7.933533e-01 -6.087614e-01
    outer loop
      vertex   3.584000e+02 3.260670e+02 1.812500e+02
      vertex   3.556000e+02 3.260670e+02 1.812500e+02
      vertex   3.584000e+02 3.261464e+02 1.811464e+02
    endloop
  endfacet
  facet normal 4.356882e-08 -7.933533e-01 -6.087614e-01
    outer loop
      vertex   3.584000e+02 3.260670e+02 1.812500e+02
      vertex   3.584000e+02 3.261464e+02 1.811464e+02
      vertex   3.612000e+02 3.261464e+02 1.811464e+02
    endloop
  endfacet
  facet normal 5.677999e-08 -6.087614e-01 -7.933533e-01
    outer loop
      vertex   3.612000e+02 3.261464e+02 1.811464e+02
      vertex   3.584000e+02 3.261464e+02 1.811464e+02
      vertex   3.612000e+02 3.262500e+02 1.810670e+02
    endloop
  endfacet
  facet normal 4.356882e-08 -7.933533e-01 -6.087614e-01
    outer loop
      vertex   3.584000e+02 3.261464e+02 1.811464e+02
      vertex   3.556000e+02 3.260670e+02 1.812500e+02
      vertex   3.556000e+02 3.261464e+02 1.811464e+02
    endloop
  endfacet
  facet normal 5.678000e-08 -6.087614e-01 -7.933533e-01
    outer loop
      vertex   3.584000e+02 3.261464e+02 1.811464e+02
      vertex   3.556000e+02 3.261464e+02 1.811464e+02
      vertex   3.584000e+02 3.262500e+02 1.810670e+02
    endloop
  endfacet
  facet normal 5.678000e-08 -6.087614e-01 -7.933533e-01
    outer loop
      vertex   3.584000e+02 3.262500e+02 1.810670e+02
      vertex   3.556000e+02 3.261464e+02 1.811464e+02
      vertex   3.556000e+02 3.262500e+02 1.810670e+02
    endloop
  endfacet
  facet normal 6.612171e-08 -3.826834e-01 -9.238795e-01
    outer loop
      vertex   3.584000e+02 3.262500e+02 1.810670e+02
      vertex   3.556000e+02 3.262500e+02 1.810670e+02
      vertex   3.584000e+02 3.263706e+02 1.810170e+02
    endloop
  endfacet
  facet normal 6.612169e-08 -3.826834e-01 -9.238795e-01
    outer loop
      vertex   3.612000e+02 3.263706e+02 1.810170e+02
      vertex   3.612000e+02 3.262500e+02 1.810670e+02
      vertex   3.584000e+02 3.262500e+02 1.810670e+02
    endloop
  endfacet
  facet normal 5.677998e-08 -6.087614e-01 -7.933533e-01
    outer loop
      vertex   3.584000e+02 3.262500e+02 1.810670e+02
      vertex   3.612000e+02 3.262500e+02 1.810670e+02
      vertex   3.584000e+02 3.261464e+02 1.811464e+02
    endloop
  endfacet
  facet normal 6.612171e-08 -3.826834e-01 -9.238795e-01
    outer loop
      vertex   3.612000e+02 3.263706e+02 1.810170e+02
      vertex   3.584000e+02 3.262500e+02 1.810670e+02
      vertex   3.584000e+02 3.263706e+02 1.810170e+02
    endloop
  endfacet
  facet normal 7.156943e-08 9.833713e-14 -1.000000e+00
    outer loop
      vertex   3.519709e+02 3.356739e+02 1.810000e+02
      vertex   3.480000e+02 3.285000e+02 1.810000e+02
      vertex   3.519500e+02 3.360000e+02 1.810000e+02
    endloop
  endfacet
  facet normal 7.156962e-08 0.000000e+00 -1.000000e+00
    outer loop
      vertex   3.519500e+02 3.360000e+02 1.810000e+02
      vertex   3.480000e+02 3.285000e+02 1.810000e+02
      vertex   3.480000e+02 3.435000e+02 1.810000e+02
    endloop
  endfacet
  facet normal 7.156943e-08 -9.833713e-14 -1.000000e+00
    outer loop
      vertex   3.519500e+02 3.360000e+02 1.810000e+02
      vertex   3.480000e+02 3.435000e+02 1.810000e+02
      vertex   3.519709e+02 3.363261e+02 1.810000e+02
    endloop
  endfacet
  facet normal 7.156971e-08 5.605046e-14 -1.000000e+00
    outer loop
      vertex   3.519709e+02 3.363261e+02 1.810000e+02
      vertex   3.480000e+02 3.435000e+02 1.810000e+02
      vertex   3.520334e+02 3.366468e+02 1.810000e+02
    endloop
  endfacet
  facet normal 7.156968e-08 3.696135e-14 -1.000000e+00
    outer loop
      vertex   3.520334e+02 3.366468e+02 1.810000e+02
      vertex   3.480000e+02 3.435000e+02 1.810000e+02
      vertex   3.521364e+02 3.369569e+02 1.810000e+02
    endloop
  endfacet
  facet normal 7.156960e-08 -1.504763e-14 -1.000000e+00
    outer loop
      vertex   3.521364e+02 3.369569e+02 1.810000e+02
      vertex   3.480000e+02 3.435000e+02 1.810000e+02
      vertex   3.522781e+02 3.372513e+02 1.810000e+02
    endloop
  endfacet
  facet normal 7.156961e-08 -4.621310e-15 -1.000000e+00
    outer loop
      vertex   3.522781e+02 3.372513e+02 1.810000e+02
      vertex   3.480000e+02 3.435000e+02 1.810000e+02
      vertex   3.524564e+02 3.375252e+02 1.810000e+02
    endloop
  endfacet
  facet normal 7.156959e-08 -1.892338e-14 -1.000000e+00
    outer loop
      vertex   3.524564e+02 3.375252e+02 1.810000e+02
      vertex   3.480000e+02 3.435000e+02 1.810000e+02
      vertex   3.526682e+02 3.377740e+02 1.810000e+02
    endloop
  endfacet
  facet normal 7.156964e-08 2.206399e-14 -1.000000e+00
    outer loop
      vertex   3.526682e+02 3.377740e+02 1.810000e+02
      vertex   3.480000e+02 3.435000e+02 1.810000e+02
      vertex   3.529101e+02 3.379937e+02 1.810000e+02
    endloop
  endfacet
  facet normal 7.156962e-08 5.820047e-15 -1.000000e+00
    outer loop
      vertex   3.529101e+02 3.379937e+02 1.810000e+02
      vertex   3.480000e+02 3.435000e+02 1.810000e+02
      vertex   3.500000e+02 3.455000e+02 1.810000e+02
    endloop
  endfacet
  facet normal 7.156960e-08 -4.536715e-15 -1.000000e+00
    outer loop
      vertex   3.529101e+02 3.379937e+02 1.810000e+02
      vertex   3.500000e+02 3.455000e+02 1.810000e+02
      vertex   3.531781e+02 3.381806e+02 1.810000e+02
    endloop
  endfacet
  facet normal 7.156956e-08 -2.204024e-14 -1.000000e+00
    outer loop
      vertex   3.531781e+02 3.381806e+02 1.810000e+02
      vertex   3.500000e+02 3.455000e+02 1.810000e+02
      vertex   3.534678e+02 3.383318e+02 1.810000e+02
    endloop
  endfacet
  facet normal 7.156964e-08 1.812275e-14 -1.000000e+00
    outer loop
      vertex   3.534678e+02 3.383318e+02 1.810000e+02
      vertex   3.500000e+02 3.455000e+02 1.810000e+02
      vertex   3.537745e+02 3.384446e+02 1.810000e+02
    endloop
  endfacet
  facet normal 7.156959e-08 -6.774251e-15 -1.000000e+00
    outer loop
      vertex   3.537745e+02 3.384446e+02 1.810000e+02
      vertex   3.500000e+02 3.455000e+02 1.810000e+02
      vertex   3.540930e+02 3.385173e+02 1.810000e+02
    endloop
  endfacet
  facet normal 7.156962e-08 9.546426e-15 -1.000000e+00
    outer loop
      vertex   3.540930e+02 3.385173e+02 1.810000e+02
      vertex   3.500000e+02 3.455000e+02 1.810000e+02
      vertex   3.544183e+02 3.385487e+02 1.810000e+02
    endloop
  endfacet
  facet normal 7.156968e-08 4.380628e-14 -1.000000e+00
    outer loop
      vertex   3.544183e+02 3.385487e+02 1.810000e+02
      vertex   3.500000e+02 3.455000e+02 1.810000e+02
      vertex   3.547449e+02 3.385382e+02 1.810000e+02
    endloop
  endfacet
  facet normal 7.156962e-08 3.790395e-15 -1.000000e+00
    outer loop
      vertex   3.547449e+02 3.385382e+02 1.810000e+02
      vertex   3.500000e+02 3.455000e+02 1.810000e+02
      vertex   3.550674e+02 3.384861e+02 1.810000e+02
    endloop
  endfacet
  facet normal 7.156961e-08 1.518403e-15 -1.000000e+00
    outer loop
      vertex   3.550674e+02 3.384861e+02 1.810000e+02
      vertex   3.500000e+02 3.455000e+02 1.810000e+02
      vertex   3.635000e+02 3.455000e+02 1.810000e+02
    endloop
  endfacet
  facet normal 7.156960e-08 1.216913e-14 -1.000000e+00
    outer loop
      vertex   3.550674e+02 3.384861e+02 1.810000e+02
      vertex   3.635000e+02 3.455000e+02 1.810000e+02
      vertex   3.553807e+02 3.383931e+02 1.810000e+02
    endloop
  endfacet
  facet normal 7.156961e-08 4.720613e-15 -1.000000e+00
    outer loop
      vertex   3.553807e+02 3.383931e+02 1.810000e+02
      vertex   3.635000e+02 3.455000e+02 1.810000e+02
      vertex   3.556795e+02 3.382608e+02 1.810000e+02
    endloop
  endfacet
  facet normal 7.156964e-08 -2.410743e-14 -1.000000e+00
    outer loop
      vertex   3.556795e+02 3.382608e+02 1.810000e+02
      vertex   3.635000e+02 3.455000e+02 1.810000e+02
      vertex   3.559589e+02 3.380914e+02 1.810000e+02
    endloop
  endfacet
  facet normal 7.156958e-08 3.943407e-14 -1.000000e+00
    outer loop
      vertex   3.559589e+02 3.380914e+02 1.810000e+02
      vertex   3.635000e+02 3.455000e+02 1.810000e+02
      vertex   3.562144e+02 3.378877e+02 1.810000e+02
    endloop
  endfacet
  facet normal 7.156964e-08 -2.522370e-14 -1.000000e+00
    outer loop
      vertex   3.562144e+02 3.378877e+02 1.810000e+02
      vertex   3.635000e+02 3.455000e+02 1.810000e+02
      vertex   3.564417e+02 3.376530e+02 1.810000e+02
    endloop
  endfacet
  facet normal 7.156966e-08 -3.851833e-14 -1.000000e+00
    outer loop
      vertex   3.564417e+02 3.376530e+02 1.810000e+02
      vertex   3.635000e+02 3.455000e+02 1.810000e+02
      vertex   3.566371e+02 3.373911e+02 1.810000e+02
    endloop
  endfacet
  facet normal 7.156952e-08 7.414721e-14 -1.000000e+00
    outer loop
      vertex   3.566371e+02 3.373911e+02 1.810000e+02
      vertex   3.635000e+02 3.455000e+02 1.810000e+02
      vertex   3.567975e+02 3.371064e+02 1.810000e+02
    endloop
  endfacet
  facet normal 7.156960e-08 1.466769e-14 -1.000000e+00
    outer loop
      vertex   3.567975e+02 3.371064e+02 1.810000e+02
      vertex   3.635000e+02 3.455000e+02 1.810000e+02
      vertex   3.569201e+02 3.368035e+02 1.810000e+02
    endloop
  endfacet
  facet normal 7.156970e-08 -6.051461e-14 -1.000000e+00
    outer loop
      vertex   3.569201e+02 3.368035e+02 1.810000e+02
      vertex   3.635000e+02 3.455000e+02 1.810000e+02
      vertex   3.570030e+02 3.364875e+02 1.810000e+02
    endloop
  endfacet
  facet normal 7.156963e-08 -7.811588e-15 -1.000000e+00
    outer loop
      vertex   3.570030e+02 3.364875e+02 1.810000e+02
      vertex   3.635000e+02 3.455000e+02 1.810000e+02
      vertex   3.570448e+02 3.361634e+02 1.810000e+02
    endloop
  endfacet
  facet normal 7.156961e-08 0.000000e+00 -1.000000e+00
    outer loop
      vertex   3.570448e+02 3.361634e+02 1.810000e+02
      vertex   3.635000e+02 3.455000e+02 1.810000e+02
      vertex   3.635000e+02 3.265000e+02 1.810000e+02
    endloop
  endfacet
  facet normal 7.156961e-08 0.000000e+00 -1.000000e+00
    outer loop
      vertex   3.570448e+02 3.361634e+02 1.810000e+02
      vertex   3.635000e+02 3.265000e+02 1.810000e+02
      vertex   3.570448e+02 3.358366e+02 1.810000e+02
    endloop
  endfacet
  facet normal 7.156963e-08 7.811588e-15 -1.000000e+00
    outer loop
      vertex   3.570448e+02 3.358366e+02 1.810000e+02
      vertex   3.635000e+02 3.265000e+02 1.810000e+02
      vertex   3.570030e+02 3.355125e+02 1.810000e+02
    endloop
  endfacet
  facet normal 7.156970e-08 6.051461e-14 -1.000000e+00
    outer loop
      vertex   3.570030e+02 3.355125e+02 1.810000e+02
      vertex   3.635000e+02 3.265000e+02 1.810000e+02
      vertex   3.569201e+02 3.351965e+02 1.810000e+02
    endloop
  endfacet
  facet normal 7.156960e-08 -1.466769e-14 -1.000000e+00
    outer loop
      vertex   3.569201e+02 3.351965e+02 1.810000e+02
      vertex   3.635000e+02 3.265000e+02 1.810000e+02
      vertex   3.567975e+02 3.348936e+02 1.810000e+02
    endloop
  endfacet
  facet normal 7.156952e-08 -7.414721e-14 -1.000000e+00
    outer loop
      vertex   3.567975e+02 3.348936e+02 1.810000e+02
      vertex   3.635000e+02 3.265000e+02 1.810000e+02
      vertex   3.566371e+02 3.346089e+02 1.810000e+02
    endloop
  endfacet
  facet normal 7.156966e-08 3.851833e-14 -1.000000e+00
    outer loop
      vertex   3.566371e+02 3.346089e+02 1.810000e+02
      vertex   3.635000e+02 3.265000e+02 1.810000e+02
      vertex   3.564417e+02 3.343470e+02 1.810000e+02
    endloop
  endfacet
  facet normal 7.156964e-08 2.522370e-14 -1.000000e+00
    outer loop
      vertex   3.564417e+02 3.343470e+02 1.810000e+02
      vertex   3.635000e+02 3.265000e+02 1.810000e+02
      vertex   3.562144e+02 3.341123e+02 1.810000e+02
    endloop
  endfacet
  facet normal 7.156958e-08 -3.943407e-14 -1.000000e+00
    outer loop
      vertex   3.562144e+02 3.341123e+02 1.810000e+02
      vertex   3.635000e+02 3.265000e+02 1.810000e+02
      vertex   3.559589e+02 3.339086e+02 1.810000e+02
    endloop
  endfacet
  facet normal 7.156964e-08 2.410743e-14 -1.000000e+00
    outer loop
      vertex   3.559589e+02 3.339086e+02 1.810000e+02
      vertex   3.635000e+02 3.265000e+02 1.810000e+02
      vertex   3.556795e+02 3.337392e+02 1.810000e+02
    endloop
  endfacet
  facet normal 7.156961e-08 -4.720613e-15 -1.000000e+00
    outer loop
      vertex   3.556795e+02 3.337392e+02 1.810000e+02
      vertex   3.635000e+02 3.265000e+02 1.810000e+02
      vertex   3.553807e+02 3.336069e+02 1.810000e+02
    endloop
  endfacet
  facet normal 7.156960e-08 -1.216913e-14 -1.000000e+00
    outer loop
      vertex   3.553807e+02 3.336069e+02 1.810000e+02
      vertex   3.635000e+02 3.265000e+02 1.810000e+02
      vertex   3.550674e+02 3.335139e+02 1.810000e+02
    endloop
  endfacet
  facet normal 7.156961e-08 -1.518403e-15 -1.000000e+00
    outer loop
      vertex   3.550674e+02 3.335139e+02 1.810000e+02
      vertex   3.635000e+02 3.265000e+02 1.810000e+02
      vertex   3.500000e+02 3.265000e+02 1.810000e+02
    endloop
  endfacet
  facet normal 7.156962e-08 -3.790395e-15 -1.000000e+00
    outer loop
      vertex   3.550674e+02 3.335139e+02 1.810000e+02
      vertex   3.500000e+02 3.265000e+02 1.810000e+02
      vertex   3.547449e+02 3.334618e+02 1.810000e+02
    endloop
  endfacet
  facet normal 7.156968e-08 -4.380628e-14 -1.000000e+00
    outer loop
      vertex   3.547449e+02 3.334618e+02 1.810000e+02
      vertex   3.500000e+02 3.265000e+02 1.810000e+02
      vertex   3.544183e+02 3.334513e+02 1.810000e+02
    endloop
  endfacet
  facet normal 7.156962e-08 -9.546426e-15 -1.000000e+00
    outer loop
      vertex   3.544183e+02 3.334513e+02 1.810000e+02
      vertex   3.500000e+02 3.265000e+02 1.810000e+02
      vertex   3.540930e+02 3.334827e+02 1.810000e+02
    endloop
  endfacet
  facet normal 7.156959e-08 6.774251e-15 -1.000000e+00
    outer loop
      vertex   3.540930e+02 3.334827e+02 1.810000e+02
      vertex   3.500000e+02 3.265000e+02 1.810000e+02
      vertex   3.537745e+02 3.335554e+02 1.810000e+02
    endloop
  endfacet
  facet normal 7.156964e-08 -1.812275e-14 -1.000000e+00
    outer loop
      vertex   3.537745e+02 3.335554e+02 1.810000e+02
      vertex   3.500000e+02 3.265000e+02 1.810000e+02
      vertex   3.534678e+02 3.336682e+02 1.810000e+02
    endloop
  endfacet
  facet normal 7.156956e-08 2.204024e-14 -1.000000e+00
    outer loop
      vertex   3.534678e+02 3.336682e+02 1.810000e+02
      vertex   3.500000e+02 3.265000e+02 1.810000e+02
      vertex   3.531781e+02 3.338194e+02 1.810000e+02
    endloop
  endfacet
  facet normal 7.156960e-08 4.536715e-15 -1.000000e+00
    outer loop
      vertex   3.531781e+02 3.338194e+02 1.810000e+02
      vertex   3.500000e+02 3.265000e+02 1.810000e+02
      vertex   3.529101e+02 3.340063e+02 1.810000e+02
    endloop
  endfacet
  facet normal 7.156962e-08 -5.820047e-15 -1.000000e+00
    outer loop
      vertex   3.529101e+02 3.340063e+02 1.810000e+02
      vertex   3.500000e+02 3.265000e+02 1.810000e+02
      vertex   3.480000e+02 3.285000e+02 1.810000e+02
    endloop
  endfacet
  facet normal 7.156964e-08 -2.206399e-14 -1.000000e+00
    outer loop
      vertex   3.529101e+02 3.340063e+02 1.810000e+02
      vertex   3.480000e+02 3.285000e+02 1.810000e+02
      vertex   3.526682e+02 3.342260e+02 1.810000e+02
    endloop
  endfacet
  facet normal 7.156959e-08 1.892338e-14 -1.000000e+00
    outer loop
      vertex   3.526682e+02 3.342260e+02 1.810000e+02
      vertex   3.480000e+02 3.285000e+02 1.810000e+02
      vertex   3.524564e+02 3.344748e+02 1.810000e+02
    endloop
  endfacet
  facet normal 7.156961e-08 4.621310e-15 -1.000000e+00
    outer loop
      vertex   3.524564e+02 3.344748e+02 1.810000e+02
      vertex   3.480000e+02 3.285000e+02 1.810000e+02
      vertex   3.522781e+02 3.347487e+02 1.810000e+02
    endloop
  endfacet
  facet normal 7.156960e-08 1.504763e-14 -1.000000e+00
    outer loop
      vertex   3.522781e+02 3.347487e+02 1.810000e+02
      vertex   3.480000e+02 3.285000e+02 1.810000e+02
      vertex   3.521364e+02 3.350431e+02 1.810000e+02
    endloop
  endfacet
  facet normal 7.156968e-08 -3.696135e-14 -1.000000e+00
    outer loop
      vertex   3.521364e+02 3.350431e+02 1.810000e+02
      vertex   3.480000e+02 3.285000e+02 1.810000e+02
      vertex   3.520334e+02 3.353532e+02 1.810000e+02
    endloop
  endfacet
  facet normal 7.156971e-08 -5.605046e-14 -1.000000e+00
    outer loop
      vertex   3.520334e+02 3.353532e+02 1.810000e+02
      vertex   3.480000e+02 3.285000e+02 1.810000e+02
      vertex   3.519709e+02 3.356739e+02 1.810000e+02
    endloop
  endfacet
  facet normal 7.156960e-08 -2.570118e-14 -1.000000e+00
    outer loop
      vertex   3.500000e+02 3.265000e+02 1.810000e+02
      vertex   3.497154e+02 3.265204e+02 1.810000e+02
      vertex   3.480000e+02 3.285000e+02 1.810000e+02
    endloop
  endfacet
  facet normal 7.156968e-08 4.187558e-14 -1.000000e+00
    outer loop
      vertex   3.480000e+02 3.285000e+02 1.810000e+02
      vertex   3.497154e+02 3.265204e+02 1.810000e+02
      vertex   3.494365e+02 3.265810e+02 1.810000e+02
    endloop
  endfacet
  facet normal 7.156959e-08 -2.657556e-14 -1.000000e+00
    outer loop
      vertex   3.480000e+02 3.285000e+02 1.810000e+02
      vertex   3.494365e+02 3.265810e+02 1.810000e+02
      vertex   3.491692e+02 3.266807e+02 1.810000e+02
    endloop
  endfacet
  facet normal 7.156957e-08 -3.993749e-14 -1.000000e+00
    outer loop
      vertex   3.491692e+02 3.266807e+02 1.810000e+02
      vertex   3.489187e+02 3.268175e+02 1.810000e+02
      vertex   3.480000e+02 3.285000e+02 1.810000e+02
    endloop
  endfacet
  facet normal 7.156946e-08 -1.004016e-13 -1.000000e+00
    outer loop
      vertex   3.480000e+02 3.285000e+02 1.810000e+02
      vertex   3.489187e+02 3.268175e+02 1.810000e+02
      vertex   3.486903e+02 3.269885e+02 1.810000e+02
    endloop
  endfacet
  facet normal 7.156961e-08 -3.373557e-14 -1.000000e+00
    outer loop
      vertex   3.480000e+02 3.285000e+02 1.810000e+02
      vertex   3.486903e+02 3.269885e+02 1.810000e+02
      vertex   3.484885e+02 3.271903e+02 1.810000e+02
    endloop
  endfacet
  facet normal 7.156970e-08 1.353569e-15 -1.000000e+00
    outer loop
      vertex   3.484885e+02 3.271903e+02 1.810000e+02
      vertex   3.483175e+02 3.274187e+02 1.810000e+02
      vertex   3.480000e+02 3.285000e+02 1.810000e+02
    endloop
  endfacet
  facet normal 7.156998e-08 8.327046e-14 -1.000000e+00
    outer loop
      vertex   3.480000e+02 3.285000e+02 1.810000e+02
      vertex   3.483175e+02 3.274187e+02 1.810000e+02
      vertex   3.481807e+02 3.276692e+02 1.810000e+02
    endloop
  endfacet
  facet normal 7.156893e-08 -1.456255e-13 -1.000000e+00
    outer loop
      vertex   3.480000e+02 3.285000e+02 1.810000e+02
      vertex   3.481807e+02 3.276692e+02 1.810000e+02
      vertex   3.480810e+02 3.279365e+02 1.810000e+02
    endloop
  endfacet
  facet normal 7.157013e-08 2.728505e-14 -1.000000e+00
    outer loop
      vertex   3.480810e+02 3.279365e+02 1.810000e+02
      vertex   3.480204e+02 3.282154e+02 1.810000e+02
      vertex   3.480000e+02 3.285000e+02 1.810000e+02
    endloop
  endfacet
  facet normal 7.157013e-08 -2.728505e-14 -1.000000e+00
    outer loop
      vertex   3.480204e+02 3.437846e+02 1.810000e+02
      vertex   3.480810e+02 3.440635e+02 1.810000e+02
      vertex   3.480000e+02 3.435000e+02 1.810000e+02
    endloop
  endfacet
  facet normal 7.156893e-08 1.456255e-13 -1.000000e+00
    outer loop
      vertex   3.480000e+02 3.435000e+02 1.810000e+02
      vertex   3.480810e+02 3.440635e+02 1.810000e+02
      vertex   3.481807e+02 3.443308e+02 1.810000e+02
    endloop
  endfacet
  facet normal 7.156998e-08 -8.327046e-14 -1.000000e+00
    outer loop
      vertex   3.480000e+02 3.435000e+02 1.810000e+02
      vertex   3.481807e+02 3.443308e+02 1.810000e+02
      vertex   3.483175e+02 3.445813e+02 1.810000e+02
    endloop
  endfacet
  facet normal 7.156970e-08 -1.353569e-15 -1.000000e+00
    outer loop
      vertex   3.483175e+02 3.445813e+02 1.810000e+02
      vertex   3.484885e+02 3.448097e+02 1.810000e+02
      vertex   3.480000e+02 3.435000e+02 1.810000e+02
    endloop
  endfacet
  facet normal 7.156961e-08 3.373557e-14 -1.000000e+00
    outer loop
      vertex   3.480000e+02 3.435000e+02 1.810000e+02
      vertex   3.484885e+02 3.448097e+02 1.810000e+02
      vertex   3.486903e+02 3.450115e+02 1.810000e+02
    endloop
  endfacet
  facet normal 7.156946e-08 1.004016e-13 -1.000000e+00
    outer loop
      vertex   3.480000e+02 3.435000e+02 1.810000e+02
      vertex   3.486903e+02 3.450115e+02 1.810000e+02
      vertex   3.489187e+02 3.451825e+02 1.810000e+02
    endloop
  endfacet
  facet normal 7.156957e-08 3.993749e-14 -1.000000e+00
    outer loop
      vertex   3.489187e+02 3.451825e+02 1.810000e+02
      vertex   3.491692e+02 3.453193e+02 1.810000e+02
      vertex   3.480000e+02 3.435000e+02 1.810000e+02
    endloop
  endfacet
  facet normal 7.156959e-08 2.657556e-14 -1.000000e+00
    outer loop
      vertex   3.480000e+02 3.435000e+02 1.810000e+02
      vertex   3.491692e+02 3.453193e+02 1.810000e+02
      vertex   3.494365e+02 3.454190e+02 1.810000e+02
    endloop
  endfacet
  facet normal 7.156968e-08 -4.187558e-14 -1.000000e+00
    outer loop
      vertex   3.480000e+02 3.435000e+02 1.810000e+02
      vertex   3.494365e+02 3.454190e+02 1.810000e+02
      vertex   3.497154e+02 3.454796e+02 1.810000e+02
    endloop
  endfacet
  facet normal 7.156960e-08 2.570118e-14 -1.000000e+00
    outer loop
      vertex   3.497154e+02 3.454796e+02 1.810000e+02
      vertex   3.500000e+02 3.455000e+02 1.810000e+02
      vertex   3.480000e+02 3.435000e+02 1.810000e+02
    endloop
  endfacet
  facet normal -1.000000e+00 0.000000e+00 0.000000e+00
    outer loop
      vertex   3.635000e+02 3.356295e+02 1.794778e+02
      vertex   3.635000e+02 3.265000e+02 1.810000e+02
      vertex   3.635000e+02 3.360000e+02 1.794989e+02
    endloop
  endfacet
  facet normal -1.000000e+00 0.000000e+00 0.000000e+00
    outer loop
      vertex   3.635000e+02 3.360000e+02 1.794989e+02
      vertex   3.635000e+02 3.265000e+02 1.810000e+02
      vertex   3.635000e+02 3.455000e+02 1.810000e+02
    endloop
  endfacet
  facet normal -1.000000e+00 0.000000e+00 0.000000e+00
    outer loop
      vertex   3.635000e+02 3.360000e+02 1.794989e+02
      vertex   3.635000e+02 3.455000e+02 1.810000e+02
      vertex   3.635000e+02 3.363705e+02 1.794778e+02
    endloop
  endfacet
  facet normal -1.000000e+00 0.000000e+00 0.000000e+00
    outer loop
      vertex   3.635000e+02 3.363705e+02 1.794778e+02
      vertex   3.635000e+02 3.455000e+02 1.810000e+02
      vertex   3.635000e+02 3.367361e+02 1.794145e+02
    endloop
  endfacet
  facet normal -1.000000e+00 0.000000e+00 0.000000e+00
    outer loop
      vertex   3.635000e+02 3.367361e+02 1.794145e+02
      vertex   3.635000e+02 3.455000e+02 1.810000e+02
      vertex   3.635000e+02 3.370922e+02 1.793099e+02
    endloop
  endfacet
  facet normal -1.000000e+00 0.000000e+00 0.000000e+00
    outer loop
      vertex   3.635000e+02 3.370922e+02 1.793099e+02
      vertex   3.635000e+02 3.455000e+02 1.810000e+02
      vertex   3.635000e+02 3.374340e+02 1.791655e+02
    endloop
  endfacet
  facet normal -1.000000e+00 0.000000e+00 0.000000e+00
    outer loop
      vertex   3.635000e+02 3.374340e+02 1.791655e+02
      vertex   3.635000e+02 3.455000e+02 1.810000e+02
      vertex   3.635000e+02 3.377571e+02 1.789830e+02
    endloop
  endfacet
  facet normal -1.000000e+00 0.000000e+00 0.000000e+00
    outer loop
      vertex   3.635000e+02 3.377571e+02 1.789830e+02
      vertex   3.635000e+02 3.455000e+02 1.810000e+02
      vertex   3.635000e+02 3.380573e+02 1.787649e+02
    endloop
  endfacet
  facet normal -1.000000e+00 0.000000e+00 0.000000e+00
    outer loop
      vertex   3.635000e+02 3.380573e+02 1.787649e+02
      vertex   3.635000e+02 3.455000e+02 1.810000e+02
      vertex   3.635000e+02 3.383307e+02 1.785140e+02
    endloop
  endfacet
  facet normal -1.000000e+00 0.000000e+00 0.000000e+00
    outer loop
      vertex   3.635000e+02 3.383307e+02 1.785140e+02
      vertex   3.635000e+02 3.455000e+02 1.810000e+02
      vertex   3.635000e+02 3.385737e+02 1.782336e+02
    endloop
  endfacet
  facet normal -1.000000e+00 0.000000e+00 0.000000e+00
    outer loop
      vertex   3.635000e+02 3.385737e+02 1.782336e+02
      vertex   3.635000e+02 3.455000e+02 1.810000e+02
      vertex   3.635000e+02 3.387831e+02 1.779272e+02
    endloop
  endfacet
  facet normal -1.000000e+00 0.000000e+00 0.000000e+00
    outer loop
      vertex   3.635000e+02 3.387831e+02 1.779272e+02
      vertex   3.635000e+02 3.455000e+02 1.810000e+02
      vertex   3.635000e+02 3.389563e+02 1.775990e+02
    endloop
  endfacet
  facet normal -1.000000e+00 0.000000e+00 0.000000e+00
    outer loop
      vertex   3.635000e+02 3.389563e+02 1.775990e+02
      vertex   3.635000e+02 3.455000e+02 1.810000e+02
      vertex   3.635000e+02 3.390909e+02 1.772533e+02
    endloop
  endfacet
  facet normal -1.000000e+00 0.000000e+00 0.000000e+00
    outer loop
      vertex   3.635000e+02 3.390909e+02 1.772533e+02
      vertex   3.635000e+02 3.455000e+02 1.810000e+02
      vertex   3.635000e+02 3.391853e+02 1.768944e+02
    endloop
  endfacet
  facet normal -1.000000e+00 0.000000e+00 0.000000e+00
    outer loop
      vertex   3.635000e+02 3.391853e+02 1.768944e+02
      vertex   3.635000e+02 3.455000e+02 1.810000e+02
      vertex   3.635000e+02 3.392381e+02 1.765271e+02
    endloop
  endfacet
  facet normal -1.000000e+00 0.000000e+00 0.000000e+00
    outer loop
      vertex   3.635000e+02 3.392381e+02 1.765271e+02
      vertex   3.635000e+02 3.455000e+02 1.810000e+02
      vertex   3.635000e+02 3.392487e+02 1.761561e+02
    endloop
  endfacet
  facet normal -1.000000e+00 0.000000e+00 0.000000e+00
    outer loop
      vertex   3.635000e+02 3.392487e+02 1.761561e+02
      vertex   3.635000e+02 3.455000e+02 1.810000e+02
      vertex   3.635000e+02 3.455000e+02 1.715000e+02
    endloop
  endfacet
  facet normal -1.000000e+00 0.000000e+00 -0.000000e+00
    outer loop
      vertex   3.635000e+02 3.392487e+02 1.761561e+02
      vertex   3.635000e+02 3.455000e+02 1.715000e+02
      vertex   3.635000e+02 3.392169e+02 1.757864e+02
    endloop
  endfacet
  facet normal -1.000000e+00 0.000000e+00 -0.000000e+00
    outer loop
      vertex   3.635000e+02 3.392169e+02 1.757864e+02
      vertex   3.635000e+02 3.455000e+02 1.715000e+02
      vertex   3.635000e+02 3.391432e+02 1.754227e+02
    endloop
  endfacet
  facet normal -1.000000e+00 0.000000e+00 -0.000000e+00
    outer loop
      vertex   3.635000e+02 3.391432e+02 1.754227e+02
      vertex   3.635000e+02 3.455000e+02 1.715000e+02
      vertex   3.635000e+02 3.390286e+02 1.750698e+02
    endloop
  endfacet
  facet normal -1.000000e+00 0.000000e+00 -0.000000e+00
    outer loop
      vertex   3.635000e+02 3.390286e+02 1.750698e+02
      vertex   3.635000e+02 3.455000e+02 1.715000e+02
      vertex   3.635000e+02 3.388744e+02 1.747323e+02
    endloop
  endfacet
  facet normal -1.000000e+00 0.000000e+00 -0.000000e+00
    outer loop
      vertex   3.635000e+02 3.388744e+02 1.747323e+02
      vertex   3.635000e+02 3.455000e+02 1.715000e+02
      vertex   3.635000e+02 3.386828e+02 1.744145e+02
    endloop
  endfacet
  facet normal -1.000000e+00 0.000000e+00 -0.000000e+00
    outer loop
      vertex   3.635000e+02 3.386828e+02 1.744145e+02
      vertex   3.635000e+02 3.455000e+02 1.715000e+02
      vertex   3.635000e+02 3.384562e+02 1.741206e+02
    endloop
  endfacet
  facet normal -1.000000e+00 0.000000e+00 -0.000000e+00
    outer loop
      vertex   3.635000e+02 3.384562e+02 1.741206e+02
      vertex   3.635000e+02 3.455000e+02 1.715000e+02
      vertex   3.635000e+02 3.381976e+02 1.738545e+02
    endloop
  endfacet
  facet normal -1.000000e+00 0.000000e+00 -0.000000e+00
    outer loop
      vertex   3.635000e+02 3.381976e+02 1.738545e+02
      vertex   3.635000e+02 3.455000e+02 1.715000e+02
      vertex   3.635000e+02 3.379103e+02 1.736196e+02
    endloop
  endfacet
  facet normal -1.000000e+00 0.000000e+00 -0.000000e+00
    outer loop
      vertex   3.635000e+02 3.379103e+02 1.736196e+02
      vertex   3.635000e+02 3.455000e+02 1.715000e+02
      vertex   3.635000e+02 3.375981e+02 1.734190e+02
    endloop
  endfacet
  facet normal -1.000000e+00 0.000000e+00 -0.000000e+00
    outer loop
      vertex   3.635000e+02 3.375981e+02 1.734190e+02
      vertex   3.635000e+02 3.455000e+02 1.715000e+02
      vertex   3.635000e+02 3.372651e+02 1.732553e+02
    endloop
  endfacet
  facet normal -1.000000e+00 0.000000e+00 -0.000000e+00
    outer loop
      vertex   3.635000e+02 3.372651e+02 1.732553e+02
      vertex   3.635000e+02 3.455000e+02 1.715000e+02
      vertex   3.635000e+02 3.369156e+02 1.731306e+02
    endloop
  endfacet
  facet normal -1.000000e+00 0.000000e+00 -0.000000e+00
    outer loop
      vertex   3.635000e+02 3.369156e+02 1.731306e+02
      vertex   3.635000e+02 3.455000e+02 1.715000e+02
      vertex   3.635000e+02 3.365542e+02 1.730465e+02
    endloop
  endfacet
  facet normal -1.000000e+00 0.000000e+00 -0.000000e+00
    outer loop
      vertex   3.635000e+02 3.365542e+02 1.730465e+02
      vertex   3.635000e+02 3.455000e+02 1.715000e+02
      vertex   3.635000e+02 3.361855e+02 1.730042e+02
    endloop
  endfacet
  facet normal -1.000000e+00 0.000000e+00 -0.000000e+00
    outer loop
      vertex   3.635000e+02 3.361855e+02 1.730042e+02
      vertex   3.635000e+02 3.455000e+02 1.715000e+02
      vertex   3.635000e+02 3.265000e+02 1.715000e+02
    endloop
  endfacet
  facet normal -1.000000e+00 -0.000000e+00 0.000000e+00
    outer loop
      vertex   3.635000e+02 3.361855e+02 1.730042e+02
      vertex   3.635000e+02 3.265000e+02 1.715000e+02
      vertex   3.635000e+02 3.358145e+02 1.730042e+02
    endloop
  endfacet
  facet normal -1.000000e+00 -0.000000e+00 0.000000e+00
    outer loop
      vertex   3.635000e+02 3.358145e+02 1.730042e+02
      vertex   3.635000e+02 3.265000e+02 1.715000e+02
      vertex   3.635000e+02 3.354458e+02 1.730465e+02
    endloop
  endfacet
  facet normal -1.000000e+00 -0.000000e+00 0.000000e+00
    outer loop
      vertex   3.635000e+02 3.354458e+02 1.730465e+02
      vertex   3.635000e+02 3.265000e+02 1.715000e+02
      vertex   3.635000e+02 3.350844e+02 1.731306e+02
    endloop
  endfacet
  facet normal -1.000000e+00 -0.000000e+00 0.000000e+00
    outer loop
      vertex   3.635000e+02 3.350844e+02 1.731306e+02
      vertex   3.635000e+02 3.265000e+02 1.715000e+02
      vertex   3.635000e+02 3.347349e+02 1.732553e+02
    endloop
  endfacet
  facet normal -1.000000e+00 -0.000000e+00 0.000000e+00
    outer loop
      vertex   3.635000e+02 3.347349e+02 1.732553e+02
      vertex   3.635000e+02 3.265000e+02 1.715000e+02
      vertex   3.635000e+02 3.344019e+02 1.734190e+02
    endloop
  endfacet
  facet normal -1.000000e+00 -0.000000e+00 0.000000e+00
    outer loop
      vertex   3.635000e+02 3.344019e+02 1.734190e+02
      vertex   3.635000e+02 3.265000e+02 1.715000e+02
      vertex   3.635000e+02 3.340897e+02 1.736196e+02
    endloop
  endfacet
  facet normal -1.000000e+00 -0.000000e+00 0.000000e+00
    outer loop
      vertex   3.635000e+02 3.340897e+02 1.736196e+02
      vertex   3.635000e+02 3.265000e+02 1.715000e+02
      vertex   3.635000e+02 3.338024e+02 1.738545e+02
    endloop
  endfacet
  facet normal -1.000000e+00 -0.000000e+00 0.000000e+00
    outer loop
      vertex   3.635000e+02 3.338024e+02 1.738545e+02
      vertex   3.635000e+02 3.265000e+02 1.715000e+02
      vertex   3.635000e+02 3.335438e+02 1.741206e+02
    endloop
  endfacet
  facet normal -1.000000e+00 -0.000000e+00 0.000000e+00
    outer loop
      vertex   3.635000e+02 3.335438e+02 1.741206e+02
      vertex   3.635000e+02 3.265000e+02 1.715000e+02
      vertex   3.635000e+02 3.333172e+02 1.744145e+02
    endloop
  endfacet
  facet normal -1.000000e+00 -0.000000e+00 0.000000e+00
    outer loop
      vertex   3.635000e+02 3.333172e+02 1.744145e+02
      vertex   3.635000e+02 3.265000e+02 1.715000e+02
      vertex   3.635000e+02 3.331256e+02 1.747323e+02
    endloop
  endfacet
  facet normal -1.000000e+00 -0.000000e+00 0.000000e+00
    outer loop
      vertex   3.635000e+02 3.331256e+02 1.747323e+02
      vertex   3.635000e+02 3.265000e+02 1.715000e+02
      vertex   3.635000e+02 3.329714e+02 1.750698e+02
    endloop
  endfacet
  facet normal -1.000000e+00 -0.000000e+00 0.000000e+00
    outer loop
      vertex   3.635000e+02 3.329714e+02 1.750698e+02
      vertex   3.635000e+02 3.265000e+02 1.715000e+02
      vertex   3.635000e+02 3.328568e+02 1.754227e+02
    endloop
  endfacet
  facet normal -1.000000e+00 -0.000000e+00 0.000000e+00
    outer loop
      vertex   3.635000e+02 3.328568e+02 1.754227e+02
      vertex   3.635000e+02 3.265000e+02 1.715000e+02
      vertex   3.635000e+02 3.327831e+02 1.757864e+02
    endloop
  endfacet
  facet normal -1.000000e+00 -0.000000e+00 0.000000e+00
    outer loop
      vertex   3.635000e+02 3.327831e+02 1.757864e+02
      vertex   3.635000e+02 3.265000e+02 1.715000e+02
      vertex   3.635000e+02 3.327513e+02 1.761561e+02
    endloop
  endfacet
  facet normal -1.000000e+00 -0.000000e+00 0.000000e+00
    outer loop
      vertex   3.635000e+02 3.327513e+02 1.761561e+02
      vertex   3.635000e+02 3.265000e+02 1.715000e+02
      vertex   3.635000e+02 3.265000e+02 1.810000e+02
    endloop
  endfacet
  facet normal -1.000000e+00 0.000000e+00 0.000000e+00
    outer loop
      vertex   3.635000e+02 3.327513e+02 1.761561e+02
      vertex   3.635000e+02 3.265000e+02 1.810000e+02
      vertex   3.635000e+02 3.327619e+02 1.765271e+02
    endloop
  endfacet
  facet normal -1.000000e+00 0.000000e+00 0.000000e+00
    outer loop
      vertex   3.635000e+02 3.327619e+02 1.765271e+02
      vertex   3.635000e+02 3.265000e+02 1.810000e+02
      vertex   3.635000e+02 3.328147e+02 1.768944e+02
    endloop
  endfacet
  facet normal -1.000000e+00 0.000000e+00 0.000000e+00
    outer loop
      vertex   3.635000e+02 3.328147e+02 1.768944e+02
      vertex   3.635000e+02 3.265000e+02 1.810000e+02
      vertex   3.635000e+02 3.329091e+02 1.772533e+02
    endloop
  endfacet
  facet normal -1.000000e+00 0.000000e+00 0.000000e+00
    outer loop
      vertex   3.635000e+02 3.329091e+02 1.772533e+02
      vertex   3.635000e+02 3.265000e+02 1.810000e+02
      vertex   3.635000e+02 3.330437e+02 1.775990e+02
    endloop
  endfacet
  facet normal -1.000000e+00 0.000000e+00 0.000000e+00
    outer loop
      vertex   3.635000e+02 3.330437e+02 1.775990e+02
      vertex   3.635000e+02 3.265000e+02 1.810000e+02
      vertex   3.635000e+02 3.332169e+02 1.779272e+02
    endloop
  endfacet
  facet normal -1.000000e+00 0.000000e+00 0.000000e+00
    outer loop
      vertex   3.635000e+02 3.332169e+02 1.779272e+02
      vertex   3.635000e+02 3.265000e+02 1.810000e+02
      vertex   3.635000e+02 3.334263e+02 1.782336e+02
    endloop
  endfacet
  facet normal -1.000000e+00 0.000000e+00 0.000000e+00
    outer loop
      vertex   3.635000e+02 3.334263e+02 1.782336e+02
      vertex   3.635000e+02 3.265000e+02 1.810000e+02
      vertex   3.635000e+02 3.336693e+02 1.785140e+02
    endloop
  endfacet
  facet normal -1.000000e+00 0.000000e+00 0.000000e+00
    outer loop
      vertex   3.635000e+02 3.336693e+02 1.785140e+02
      vertex   3.635000e+02 3.265000e+02 1.810000e+02
      vertex   3.635000e+02 3.339427e+02 1.787649e+02
    endloop
  endfacet
  facet normal -1.000000e+00 0.000000e+00 0.000000e+00
    outer loop
      vertex   3.635000e+02 3.339427e+02 1.787649e+02
      vertex   3.635000e+02 3.265000e+02 1.810000e+02
      vertex   3.635000e+02 3.342429e+02 1.789830e+02
    endloop
  endfacet
  facet normal -1.000000e+00 0.000000e+00 0.000000e+00
    outer loop
      vertex   3.635000e+02 3.342429e+02 1.789830e+02
      vertex   3.635000e+02 3.265000e+02 1.810000e+02
      vertex   3.635000e+02 3.345660e+02 1.791655e+02
    endloop
  endfacet
  facet normal -1.000000e+00 0.000000e+00 0.000000e+00
    outer loop
      vertex   3.635000e+02 3.345660e+02 1.791655e+02
      vertex   3.635000e+02 3.265000e+02 1.810000e+02
      vertex   3.635000e+02 3.349078e+02 1.793099e+02
    endloop
  endfacet
  facet normal -1.000000e+00 0.000000e+00 0.000000e+00
    outer loop
      vertex   3.635000e+02 3.349078e+02 1.793099e+02
      vertex   3.635000e+02 3.265000e+02 1.810000e+02
      vertex   3.635000e+02 3.352639e+02 1.794145e+02
    endloop
  endfacet
  facet normal -1.000000e+00 0.000000e+00 0.000000e+00
    outer loop
      vertex   3.635000e+02 3.352639e+02 1.794145e+02
      vertex   3.635000e+02 3.265000e+02 1.810000e+02
      vertex   3.635000e+02 3.356295e+02 1.794778e+02
    endloop
  endfacet
  facet normal 0.000000e+00 1.000000e+00 0.000000e+00
    outer loop
      vertex   3.690000e+02 3.460000e+02 1.834979e+02
      vertex   3.690000e+02 3.460000e+02 1.690000e+02
      vertex   3.640000e+02 3.460000e+02 1.710000e+02
    endloop
  endfacet
  facet normal 0.000000e+00 1.000000e+00 0.000000e+00
    outer loop
      vertex   3.640000e+02 3.460000e+02 1.710000e+02
      vertex   3.690000e+02 3.460000e+02 1.690000e+02
      vertex   3.500000e+02 3.460000e+02 1.690000e+02
    endloop
  endfacet
  facet normal 0.000000e+00 1.000000e+00 0.000000e+00
    outer loop
      vertex   3.640000e+02 3.460000e+02 1.710000e+02
      vertex   3.500000e+02 3.460000e+02 1.690000e+02
      vertex   3.500000e+02 3.460000e+02 1.710000e+02
    endloop
  endfacet
  facet normal 0.000000e+00 1.000000e+00 0.000000e+00
    outer loop
      vertex   3.640000e+02 3.460000e+02 1.710000e+02
      vertex   3.640000e+02 3.460000e+02 1.815000e+02
      vertex   3.690000e+02 3.460000e+02 1.834979e+02
    endloop
  endfacet
  facet normal 0.000000e+00 1.000000e+00 0.000000e+00
    outer loop
      vertex   3.690000e+02 3.460000e+02 1.834979e+02
      vertex   3.640000e+02 3.460000e+02 1.815000e+02
      vertex   3.500000e+02 3.460000e+02 1.834979e+02
    endloop
  endfacet
  facet normal 0.000000e+00 1.000000e+00 0.000000e+00
    outer loop
      vertex   3.500000e+02 3.460000e+02 1.834979e+02
      vertex   3.640000e+02 3.460000e+02 1.815000e+02
      vertex   3.500000e+02 3.460000e+02 1.815000e+02
    endloop
  endfacet
  facet normal -9.981756e-01 6.037850e-02 0.000000e+00
    outer loop
      vertex   3.475000e+02 3.435000e+02 1.815000e+02
      vertex   3.475000e+02 3.435000e+02 1.834979e+02
      vertex   3.475182e+02 3.438013e+02 1.815000e+02
    endloop
  endfacet
  facet normal -9.981756e-01 6.037850e-02 -1.717870e-15
    outer loop
      vertex   3.475182e+02 3.438013e+02 1.815000e+02
      vertex   3.475000e+02 3.435000e+02 1.834979e+02
      vertex   3.475182e+02 3.438013e+02 1.834979e+02
    endloop
  endfacet
  facet normal -9.836199e-01 1.802550e-01 -5.128561e-15
    outer loop
      vertex   3.475182e+02 3.438013e+02 1.815000e+02
      vertex   3.475182e+02 3.438013e+02 1.834979e+02
      vertex   3.475726e+02 3.440983e+02 1.815000e+02
    endloop
  endfacet
  facet normal -9.836199e-01 1.802550e-01 5.128561e-15
    outer loop
      vertex   3.475726e+02 3.440983e+02 1.815000e+02
      vertex   3.475182e+02 3.438013e+02 1.834979e+02
      vertex   3.475726e+02 3.440983e+02 1.834979e+02
    endloop
  endfacet
  facet normal -9.547209e-01 2.975031e-01 8.464465e-15
    outer loop
      vertex   3.475726e+02 3.440983e+02 1.815000e+02
      vertex   3.475726e+02 3.440983e+02 1.834979e+02
      vertex   3.476625e+02 3.443865e+02 1.815000e+02
    endloop
  endfacet
  facet normal -9.547209e-01 2.975031e-01 0.000000e+00
    outer loop
      vertex   3.476625e+02 3.443865e+02 1.815000e+02
      vertex   3.475726e+02 3.440983e+02 1.834979e+02
      vertex   3.476625e+02 3.443865e+02 1.834979e+02
    endloop
  endfacet
  facet normal -9.118998e-01 4.104128e-01 0.000000e+00
    outer loop
      vertex   3.476625e+02 3.443865e+02 1.815000e+02
      vertex   3.476625e+02 3.443865e+02 1.834979e+02
      vertex   3.477864e+02 3.446618e+02 1.815000e+02
    endloop
  endfacet
  facet normal -9.118998e-01 4.104128e-01 -1.167694e-14
    outer loop
      vertex   3.477864e+02 3.446618e+02 1.815000e+02
      vertex   3.476625e+02 3.443865e+02 1.834979e+02
      vertex   3.477864e+02 3.446618e+02 1.834979e+02
    endloop
  endfacet
  facet normal -8.557813e-01 5.173378e-01 -1.471914e-14
    outer loop
      vertex   3.477864e+02 3.446618e+02 1.815000e+02
      vertex   3.477864e+02 3.446618e+02 1.834979e+02
      vertex   3.479425e+02 3.449202e+02 1.815000e+02
    endloop
  endfacet
  facet normal -8.557813e-01 5.173378e-01 1.471914e-14
    outer loop
      vertex   3.479425e+02 3.449202e+02 1.815000e+02
      vertex   3.477864e+02 3.446618e+02 1.834979e+02
      vertex   3.479425e+02 3.449202e+02 1.834979e+02
    endloop
  endfacet
  facet normal -7.871835e-01 6.167189e-01 1.754669e-14
    outer loop
      vertex   3.479425e+02 3.449202e+02 1.815000e+02
      vertex   3.479425e+02 3.449202e+02 1.834979e+02
      vertex   3.481287e+02 3.451578e+02 1.815000e+02
    endloop
  endfacet
  facet normal -7.871835e-01 6.167189e-01 -1.754669e-14
    outer loop
      vertex   3.481287e+02 3.451578e+02 1.815000e+02
      vertex   3.479425e+02 3.449202e+02 1.834979e+02
      vertex   3.481287e+02 3.451578e+02 1.834979e+02
    endloop
  endfacet
  facet normal -7.071068e-01 7.071068e-01 -2.011838e-14
    outer loop
      vertex   3.481287e+02 3.451578e+02 1.815000e+02
      vertex   3.481287e+02 3.451578e+02 1.834979e+02
      vertex   3.483422e+02 3.453713e+02 1.815000e+02
    endloop
  endfacet
  facet normal -7.071068e-01 7.071068e-01 -2.011838e-14
    outer loop
      vertex   3.483422e+02 3.453713e+02 1.815000e+02
      vertex   3.481287e+02 3.451578e+02 1.834979e+02
      vertex   3.483422e+02 3.453713e+02 1.834979e+02
    endloop
  endfacet
  facet normal -6.167189e-01 7.871835e-01 -1.754669e-14
    outer loop
      vertex   3.483422e+02 3.453713e+02 1.815000e+02
      vertex   3.483422e+02 3.453713e+02 1.834979e+02
      vertex   3.485798e+02 3.455575e+02 1.815000e+02
    endloop
  endfacet
  facet normal -6.167189e-01 7.871835e-01 0.000000e+00
    outer loop
      vertex   3.485798e+02 3.455575e+02 1.815000e+02
      vertex   3.483422e+02 3.453713e+02 1.834979e+02
      vertex   3.485798e+02 3.455575e+02 1.834979e+02
    endloop
  endfacet
  facet normal -5.173378e-01 8.557813e-01 0.000000e+00
    outer loop
      vertex   3.485798e+02 3.455575e+02 1.815000e+02
      vertex   3.485798e+02 3.455575e+02 1.834979e+02
      vertex   3.488382e+02 3.457136e+02 1.815000e+02
    endloop
  endfacet
  facet normal -5.173378e-01 8.557813e-01 0.000000e+00
    outer loop
      vertex   3.488382e+02 3.457136e+02 1.815000e+02
      vertex   3.485798e+02 3.455575e+02 1.834979e+02
      vertex   3.488382e+02 3.457136e+02 1.834979e+02
    endloop
  endfacet
  facet normal -4.104128e-01 9.118998e-01 0.000000e+00
    outer loop
      vertex   3.488382e+02 3.457136e+02 1.815000e+02
      vertex   3.488382e+02 3.457136e+02 1.834979e+02
      vertex   3.491135e+02 3.458375e+02 1.815000e+02
    endloop
  endfacet
  facet normal -4.104128e-01 9.118998e-01 0.000000e+00
    outer loop
      vertex   3.491135e+02 3.458375e+02 1.815000e+02
      vertex   3.488382e+02 3.457136e+02 1.834979e+02
      vertex   3.491135e+02 3.458375e+02 1.834979e+02
    endloop
  endfacet
  facet normal -2.975031e-01 9.547209e-01 0.000000e+00
    outer loop
      vertex   3.491135e+02 3.458375e+02 1.815000e+02
      vertex   3.491135e+02 3.458375e+02 1.834979e+02
      vertex   3.494017e+02 3.459274e+02 1.815000e+02
    endloop
  endfacet
  facet normal -2.975031e-01 9.547209e-01 1.692893e-14
    outer loop
      vertex   3.494017e+02 3.459274e+02 1.815000e+02
      vertex   3.491135e+02 3.458375e+02 1.834979e+02
      vertex   3.494017e+02 3.459274e+02 1.834979e+02
    endloop
  endfacet
  facet normal -1.802550e-01 9.836199e-01 1.025712e-14
    outer loop
      vertex   3.494017e+02 3.459274e+02 1.815000e+02
      vertex   3.494017e+02 3.459274e+02 1.834979e+02
      vertex   3.496987e+02 3.459818e+02 1.815000e+02
    endloop
  endfacet
  facet normal -1.802550e-01 9.836199e-01 -2.798565e-14
    outer loop
      vertex   3.496987e+02 3.459818e+02 1.815000e+02
      vertex   3.494017e+02 3.459274e+02 1.834979e+02
      vertex   3.496987e+02 3.459818e+02 1.834979e+02
    endloop
  endfacet
  facet normal -6.037850e-02 9.981756e-01 -2.839978e-14
    outer loop
      vertex   3.496987e+02 3.459818e+02 1.815000e+02
      vertex   3.496987e+02 3.459818e+02 1.834979e+02
      vertex   3.500000e+02 3.460000e+02 1.815000e+02
    endloop
  endfacet
  facet normal -6.037850e-02 9.981756e-01 0.000000e+00
    outer loop
      vertex   3.500000e+02 3.460000e+02 1.815000e+02
      vertex   3.496987e+02 3.459818e+02 1.834979e+02
      vertex   3.500000e+02 3.460000e+02 1.834979e+02
    endloop
  endfacet
  facet normal -1.000000e+00 0.000000e+00 0.000000e+00
    outer loop
      vertex   3.475000e+02 3.285000e+02 1.834979e+02
      vertex   3.475000e+02 3.435000e+02 1.834979e+02
      vertex   3.475000e+02 3.285000e+02 1.815000e+02
    endloop
  endfacet
  facet normal -1.000000e+00 0.000000e+00 0.000000e+00
    outer loop
      vertex   3.475000e+02 3.285000e+02 1.815000e+02
      vertex   3.475000e+02 3.435000e+02 1.834979e+02
      vertex   3.475000e+02 3.435000e+02 1.815000e+02
    endloop
  endfacet
  facet normal -6.037850e-02 -9.981756e-01 -0.000000e+00
    outer loop
      vertex   3.500000e+02 3.260000e+02 1.834979e+02
      vertex   3.496987e+02 3.260182e+02 1.834979e+02
      vertex   3.500000e+02 3.260000e+02 1.815000e+02
    endloop
  endfacet
  facet normal -6.037850e-02 -9.981756e-01 -5.680035e-14
    outer loop
      vertex   3.500000e+02 3.260000e+02 1.815000e+02
      vertex   3.496987e+02 3.260182e+02 1.834979e+02
      vertex   3.496987e+02 3.260182e+02 1.815000e+02
    endloop
  endfacet
  facet normal -1.802550e-01 -9.836199e-01 -5.597130e-14
    outer loop
      vertex   3.496987e+02 3.260182e+02 1.815000e+02
      vertex   3.496987e+02 3.260182e+02 1.834979e+02
      vertex   3.494017e+02 3.260726e+02 1.834979e+02
    endloop
  endfacet
  facet normal -1.802550e-01 -9.836199e-01 1.026197e-14
    outer loop
      vertex   3.496987e+02 3.260182e+02 1.815000e+02
      vertex   3.494017e+02 3.260726e+02 1.834979e+02
      vertex   3.494017e+02 3.260726e+02 1.815000e+02
    endloop
  endfacet
  facet normal -2.975031e-01 -9.547209e-01 1.692893e-14
    outer loop
      vertex   3.494017e+02 3.260726e+02 1.815000e+02
      vertex   3.494017e+02 3.260726e+02 1.834979e+02
      vertex   3.491135e+02 3.261625e+02 1.834979e+02
    endloop
  endfacet
  facet normal -2.975031e-01 -9.547209e-01 0.000000e+00
    outer loop
      vertex   3.494017e+02 3.260726e+02 1.815000e+02
      vertex   3.491135e+02 3.261625e+02 1.834979e+02
      vertex   3.491135e+02 3.261625e+02 1.815000e+02
    endloop
  endfacet
  facet normal -4.104128e-01 -9.118998e-01 0.000000e+00
    outer loop
      vertex   3.491135e+02 3.261625e+02 1.815000e+02
      vertex   3.491135e+02 3.261625e+02 1.834979e+02
      vertex   3.488382e+02 3.262864e+02 1.834979e+02
    endloop
  endfacet
  facet normal -4.104128e-01 -9.118998e-01 0.000000e+00
    outer loop
      vertex   3.491135e+02 3.261625e+02 1.815000e+02
      vertex   3.488382e+02 3.262864e+02 1.834979e+02
      vertex   3.488382e+02 3.262864e+02 1.815000e+02
    endloop
  endfacet
  facet normal -5.173378e-01 -8.557813e-01 0.000000e+00
    outer loop
      vertex   3.488382e+02 3.262864e+02 1.815000e+02
      vertex   3.488382e+02 3.262864e+02 1.834979e+02
      vertex   3.485798e+02 3.264425e+02 1.834979e+02
    endloop
  endfacet
  facet normal -5.173378e-01 -8.557813e-01 0.000000e+00
    outer loop
      vertex   3.488382e+02 3.262864e+02 1.815000e+02
      vertex   3.485798e+02 3.264425e+02 1.834979e+02
      vertex   3.485798e+02 3.264425e+02 1.815000e+02
    endloop
  endfacet
  facet normal -6.167189e-01 -7.871835e-01 0.000000e+00
    outer loop
      vertex   3.485798e+02 3.264425e+02 1.815000e+02
      vertex   3.485798e+02 3.264425e+02 1.834979e+02
      vertex   3.483422e+02 3.266287e+02 1.834979e+02
    endloop
  endfacet
  facet normal -6.167189e-01 -7.871835e-01 -1.754429e-14
    outer loop
      vertex   3.485798e+02 3.264425e+02 1.815000e+02
      vertex   3.483422e+02 3.266287e+02 1.834979e+02
      vertex   3.483422e+02 3.266287e+02 1.815000e+02
    endloop
  endfacet
  facet normal -7.071068e-01 -7.071068e-01 -2.011838e-14
    outer loop
      vertex   3.483422e+02 3.266287e+02 1.815000e+02
      vertex   3.483422e+02 3.266287e+02 1.834979e+02
      vertex   3.481287e+02 3.268422e+02 1.834979e+02
    endloop
  endfacet
  facet normal -7.071068e-01 -7.071068e-01 -4.024256e-14
    outer loop
      vertex   3.483422e+02 3.266287e+02 1.815000e+02
      vertex   3.481287e+02 3.268422e+02 1.834979e+02
      vertex   3.481287e+02 3.268422e+02 1.815000e+02
    endloop
  endfacet
  facet normal -7.871835e-01 -6.167189e-01 -3.509339e-14
    outer loop
      vertex   3.481287e+02 3.268422e+02 1.815000e+02
      vertex   3.481287e+02 3.268422e+02 1.834979e+02
      vertex   3.479425e+02 3.270798e+02 1.834979e+02
    endloop
  endfacet
  facet normal -7.871835e-01 -6.167189e-01 1.755579e-14
    outer loop
      vertex   3.481287e+02 3.268422e+02 1.815000e+02
      vertex   3.479425e+02 3.270798e+02 1.834979e+02
      vertex   3.479425e+02 3.270798e+02 1.815000e+02
    endloop
  endfacet
  facet normal -8.557813e-01 -5.173378e-01 1.471914e-14
    outer loop
      vertex   3.479425e+02 3.270798e+02 1.815000e+02
      vertex   3.479425e+02 3.270798e+02 1.834979e+02
      vertex   3.477864e+02 3.273382e+02 1.834979e+02
    endloop
  endfacet
  facet normal -8.557813e-01 -5.173378e-01 -2.943989e-14
    outer loop
      vertex   3.479425e+02 3.270798e+02 1.815000e+02
      vertex   3.477864e+02 3.273382e+02 1.834979e+02
      vertex   3.477864e+02 3.273382e+02 1.815000e+02
    endloop
  endfacet
  facet normal -9.118998e-01 -4.104128e-01 -2.335388e-14
    outer loop
      vertex   3.477864e+02 3.273382e+02 1.815000e+02
      vertex   3.477864e+02 3.273382e+02 1.834979e+02
      vertex   3.476625e+02 3.276135e+02 1.834979e+02
    endloop
  endfacet
  facet normal -9.118998e-01 -4.104128e-01 0.000000e+00
    outer loop
      vertex   3.477864e+02 3.273382e+02 1.815000e+02
      vertex   3.476625e+02 3.276135e+02 1.834979e+02
      vertex   3.476625e+02 3.276135e+02 1.815000e+02
    endloop
  endfacet
  facet normal -9.547209e-01 -2.975031e-01 0.000000e+00
    outer loop
      vertex   3.476625e+02 3.276135e+02 1.815000e+02
      vertex   3.476625e+02 3.276135e+02 1.834979e+02
      vertex   3.475726e+02 3.279017e+02 1.834979e+02
    endloop
  endfacet
  facet normal -9.547209e-01 -2.975031e-01 8.467275e-15
    outer loop
      vertex   3.476625e+02 3.276135e+02 1.815000e+02
      vertex   3.475726e+02 3.279017e+02 1.834979e+02
      vertex   3.475726e+02 3.279017e+02 1.815000e+02
    endloop
  endfacet
  facet normal -9.836199e-01 -1.802550e-01 5.128561e-15
    outer loop
      vertex   3.475726e+02 3.279017e+02 1.815000e+02
      vertex   3.475726e+02 3.279017e+02 1.834979e+02
      vertex   3.475182e+02 3.281987e+02 1.834979e+02
    endloop
  endfacet
  facet normal -9.836199e-01 -1.802550e-01 -1.025622e-14
    outer loop
      vertex   3.475726e+02 3.279017e+02 1.815000e+02
      vertex   3.475182e+02 3.281987e+02 1.834979e+02
      vertex   3.475182e+02 3.281987e+02 1.815000e+02
    endloop
  endfacet
  facet normal -9.981756e-01 -6.037850e-02 -3.435741e-15
    outer loop
      vertex   3.475182e+02 3.281987e+02 1.815000e+02
      vertex   3.475182e+02 3.281987e+02 1.834979e+02
      vertex   3.475000e+02 3.285000e+02 1.815000e+02
    endloop
  endfacet
  facet normal -9.981756e-01 -6.037850e-02 0.000000e+00
    outer loop
      vertex   3.475000e+02 3.285000e+02 1.815000e+02
      vertex   3.475182e+02 3.281987e+02 1.834979e+02
      vertex   3.475000e+02 3.285000e+02 1.834979e+02
    endloop
  endfacet
  facet normal 2.105312e-15 -5.573224e-15 1.000000e+00
    outer loop
      vertex   3.635000e+02 3.265000e+02 1.715000e+02
      vertex   3.550674e+02 3.335139e+02 1.715000e+02
      vertex   3.500000e+02 3.265000e+02 1.715000e+02
    endloop
  endfacet
  facet normal 7.417668e-16 -4.588090e-15 1.000000e+00
    outer loop
      vertex   3.500000e+02 3.265000e+02 1.715000e+02
      vertex   3.550674e+02 3.335139e+02 1.715000e+02
      vertex   3.547449e+02 3.334618e+02 1.715000e+02
    endloop
  endfacet
  facet normal 1.338442e-16 -4.173756e-15 1.000000e+00
    outer loop
      vertex   3.500000e+02 3.265000e+02 1.715000e+02
      vertex   3.547449e+02 3.334618e+02 1.715000e+02
      vertex   3.544183e+02 3.334513e+02 1.715000e+02
    endloop
  endfacet
  facet normal 8.805780e-15 0.000000e+00 1.000000e+00
    outer loop
      vertex   3.635000e+02 3.455000e+02 1.715000e+02
      vertex   3.570448e+02 3.361634e+02 1.715000e+02
      vertex   3.635000e+02 3.265000e+02 1.715000e+02
    endloop
  endfacet
  facet normal 8.805780e-15 0.000000e+00 1.000000e+00
    outer loop
      vertex   3.635000e+02 3.265000e+02 1.715000e+02
      vertex   3.570448e+02 3.361634e+02 1.715000e+02
      vertex   3.570448e+02 3.358366e+02 1.715000e+02
    endloop
  endfacet
  facet normal 7.421719e-15 -9.569247e-16 1.000000e+00
    outer loop
      vertex   3.635000e+02 3.265000e+02 1.715000e+02
      vertex   3.570448e+02 3.358366e+02 1.715000e+02
      vertex   3.570030e+02 3.355125e+02 1.715000e+02
    endloop
  endfacet
  facet normal 4.210624e-15 3.042092e-15 1.000000e+00
    outer loop
      vertex   3.500000e+02 3.455000e+02 1.715000e+02
      vertex   3.550674e+02 3.384861e+02 1.715000e+02
      vertex   3.635000e+02 3.455000e+02 1.715000e+02
    endloop
  endfacet
  facet normal 1.772765e-15 5.973032e-15 1.000000e+00
    outer loop
      vertex   3.635000e+02 3.455000e+02 1.715000e+02
      vertex   3.550674e+02 3.384861e+02 1.715000e+02
      vertex   3.553807e+02 3.383931e+02 1.715000e+02
    endloop
  endfacet
  facet normal 2.351433e-15 5.311929e-15 1.000000e+00
    outer loop
      vertex   3.635000e+02 3.455000e+02 1.715000e+02
      vertex   3.553807e+02 3.383931e+02 1.715000e+02
      vertex   3.556795e+02 3.382608e+02 1.715000e+02
    endloop
  endfacet
  facet normal -1.064523e-13 9.224143e-14 1.000000e+00
    outer loop
      vertex   3.497154e+02 3.454796e+02 1.715000e+02
      vertex   3.480000e+02 3.435000e+02 1.715000e+02
      vertex   3.500000e+02 3.455000e+02 1.715000e+02
    endloop
  endfacet
  facet normal -1.024068e-14 -3.970172e-15 1.000000e+00
    outer loop
      vertex   3.500000e+02 3.455000e+02 1.715000e+02
      vertex   3.480000e+02 3.435000e+02 1.715000e+02
      vertex   3.529101e+02 3.379937e+02 1.715000e+02
    endloop
  endfacet
  facet normal 0.000000e+00 0.000000e+00 1.000000e+00
    outer loop
      vertex   3.500000e+02 3.455000e+02 1.715000e+02
      vertex   3.529101e+02 3.379937e+02 1.715000e+02
      vertex   3.531781e+02 3.381806e+02 1.715000e+02
    endloop
  endfacet
  facet normal 0.000000e+00 0.000000e+00 1.000000e+00
    outer loop
      vertex   3.497154e+02 3.454796e+02 1.715000e+02
      vertex   3.494365e+02 3.454190e+02 1.715000e+02
      vertex   3.480000e+02 3.435000e+02 1.715000e+02
    endloop
  endfacet
  facet normal 0.000000e+00 0.000000e+00 1.000000e+00
    outer loop
      vertex   3.480000e+02 3.435000e+02 1.715000e+02
      vertex   3.494365e+02 3.454190e+02 1.715000e+02
      vertex   3.491692e+02 3.453193e+02 1.715000e+02
    endloop
  endfacet
  facet normal 0.000000e+00 0.000000e+00 1.000000e+00
    outer loop
      vertex   3.480000e+02 3.435000e+02 1.715000e+02
      vertex   3.491692e+02 3.453193e+02 1.715000e+02
      vertex   3.489187e+02 3.451825e+02 1.715000e+02
    endloop
  endfacet
  facet normal 0.000000e+00 0.000000e+00 1.000000e+00
    outer loop
      vertex   3.489187e+02 3.451825e+02 1.715000e+02
      vertex   3.486903e+02 3.450115e+02 1.715000e+02
      vertex   3.480000e+02 3.435000e+02 1.715000e+02
    endloop
  endfacet
  facet normal 0.000000e+00 0.000000e+00 1.000000e+00
    outer loop
      vertex   3.480000e+02 3.435000e+02 1.715000e+02
      vertex   3.486903e+02 3.450115e+02 1.715000e+02
      vertex   3.484885e+02 3.448097e+02 1.715000e+02
    endloop
  endfacet
  facet normal 0.000000e+00 0.000000e+00 1.000000e+00
    outer loop
      vertex   3.480000e+02 3.435000e+02 1.715000e+02
      vertex   3.484885e+02 3.448097e+02 1.715000e+02
      vertex   3.483175e+02 3.445813e+02 1.715000e+02
    endloop
  endfacet
  facet normal 0.000000e+00 0.000000e+00 1.000000e+00
    outer loop
      vertex   3.483175e+02 3.445813e+02 1.715000e+02
      vertex   3.481807e+02 3.443308e+02 1.715000e+02
      vertex   3.480000e+02 3.435000e+02 1.715000e+02
    endloop
  endfacet
  facet normal 0.000000e+00 0.000000e+00 1.000000e+00
    outer loop
      vertex   3.480000e+02 3.435000e+02 1.715000e+02
      vertex   3.481807e+02 3.443308e+02 1.715000e+02
      vertex   3.480810e+02 3.440635e+02 1.715000e+02
    endloop
  endfacet
  facet normal 0.000000e+00 0.000000e+00 1.000000e+00
    outer loop
      vertex   3.480000e+02 3.435000e+02 1.715000e+02
      vertex   3.480810e+02 3.440635e+02 1.715000e+02
      vertex   3.480204e+02 3.437846e+02 1.715000e+02
    endloop
  endfacet
  facet normal -7.195370e-15 0.000000e+00 1.000000e+00
    outer loop
      vertex   3.480000e+02 3.285000e+02 1.715000e+02
      vertex   3.519500e+02 3.360000e+02 1.715000e+02
      vertex   3.480000e+02 3.435000e+02 1.715000e+02
    endloop
  endfacet
  facet normal -6.413541e-15 4.117630e-16 1.000000e+00
    outer loop
      vertex   3.480000e+02 3.435000e+02 1.715000e+02
      vertex   3.519500e+02 3.360000e+02 1.715000e+02
      vertex   3.519709e+02 3.363261e+02 1.715000e+02
    endloop
  endfacet
  facet normal -5.294601e-15 1.031124e-15 1.000000e+00
    outer loop
      vertex   3.480000e+02 3.435000e+02 1.715000e+02
      vertex   3.519709e+02 3.363261e+02 1.715000e+02
      vertex   3.520334e+02 3.366468e+02 1.715000e+02
    endloop
  endfacet
  facet normal -0.000000e+00 -0.000000e+00 1.000000e+00
    outer loop
      vertex   3.480204e+02 3.282154e+02 1.715000e+02
      vertex   3.480810e+02 3.279365e+02 1.715000e+02
      vertex   3.480000e+02 3.285000e+02 1.715000e+02
    endloop
  endfacet
  facet normal 0.000000e+00 0.000000e+00 1.000000e+00
    outer loop
      vertex   3.480000e+02 3.285000e+02 1.715000e+02
      vertex   3.480810e+02 3.279365e+02 1.715000e+02
      vertex   3.481807e+02 3.276692e+02 1.715000e+02
    endloop
  endfacet
  facet normal 0.000000e+00 0.000000e+00 1.000000e+00
    outer loop
      vertex   3.480000e+02 3.285000e+02 1.715000e+02
      vertex   3.481807e+02 3.276692e+02 1.715000e+02
      vertex   3.483175e+02 3.274187e+02 1.715000e+02
    endloop
  endfacet
  facet normal -0.000000e+00 -0.000000e+00 1.000000e+00
    outer loop
      vertex   3.483175e+02 3.274187e+02 1.715000e+02
      vertex   3.484885e+02 3.271903e+02 1.715000e+02
      vertex   3.480000e+02 3.285000e+02 1.715000e+02
    endloop
  endfacet
  facet normal 0.000000e+00 0.000000e+00 1.000000e+00
    outer loop
      vertex   3.480000e+02 3.285000e+02 1.715000e+02
      vertex   3.484885e+02 3.271903e+02 1.715000e+02
      vertex   3.486903e+02 3.269885e+02 1.715000e+02
    endloop
  endfacet
  facet normal 0.000000e+00 0.000000e+00 1.000000e+00
    outer loop
      vertex   3.480000e+02 3.285000e+02 1.715000e+02
      vertex   3.486903e+02 3.269885e+02 1.715000e+02
      vertex   3.489187e+02 3.268175e+02 1.715000e+02
    endloop
  endfacet
  facet normal -0.000000e+00 -0.000000e+00 1.000000e+00
    outer loop
      vertex   3.489187e+02 3.268175e+02 1.715000e+02
      vertex   3.491692e+02 3.266807e+02 1.715000e+02
      vertex   3.480000e+02 3.285000e+02 1.715000e+02
    endloop
  endfacet
  facet normal 0.000000e+00 0.000000e+00 1.000000e+00
    outer loop
      vertex   3.480000e+02 3.285000e+02 1.715000e+02
      vertex   3.491692e+02 3.266807e+02 1.715000e+02
      vertex   3.494365e+02 3.265810e+02 1.715000e+02
    endloop
  endfacet
  facet normal 0.000000e+00 0.000000e+00 1.000000e+00
    outer loop
      vertex   3.480000e+02 3.285000e+02 1.715000e+02
      vertex   3.494365e+02 3.265810e+02 1.715000e+02
      vertex   3.497154e+02 3.265204e+02 1.715000e+02
    endloop
  endfacet
  facet normal -0.000000e+00 -0.000000e+00 1.000000e+00
    outer loop
      vertex   3.497154e+02 3.265204e+02 1.715000e+02
      vertex   3.500000e+02 3.265000e+02 1.715000e+02
      vertex   3.480000e+02 3.285000e+02 1.715000e+02
    endloop
  endfacet
  facet normal -2.728546e-15 -2.728546e-15 1.000000e+00
    outer loop
      vertex   3.480000e+02 3.285000e+02 1.715000e+02
      vertex   3.500000e+02 3.265000e+02 1.715000e+02
      vertex   3.529101e+02 3.340063e+02 1.715000e+02
    endloop
  endfacet
  facet normal -2.590107e-15 -2.851995e-15 1.000000e+00
    outer loop
      vertex   3.480000e+02 3.285000e+02 1.715000e+02
      vertex   3.529101e+02 3.340063e+02 1.715000e+02
      vertex   3.526682e+02 3.342260e+02 1.715000e+02
    endloop
  endfacet
  facet normal -4.505082e-15 1.495790e-15 1.000000e+00
    outer loop
      vertex   3.520334e+02 3.366468e+02 1.715000e+02
      vertex   3.521364e+02 3.369569e+02 1.715000e+02
      vertex   3.480000e+02 3.435000e+02 1.715000e+02
    endloop
  endfacet
  facet normal -3.900150e-15 1.878213e-15 1.000000e+00
    outer loop
      vertex   3.480000e+02 3.435000e+02 1.715000e+02
      vertex   3.521364e+02 3.369569e+02 1.715000e+02
      vertex   3.522781e+02 3.372513e+02 1.715000e+02
    endloop
  endfacet
  facet normal -3.405604e-15 2.216803e-15 1.000000e+00
    outer loop
      vertex   3.480000e+02 3.435000e+02 1.715000e+02
      vertex   3.522781e+02 3.372513e+02 1.715000e+02
      vertex   3.524564e+02 3.375252e+02 1.715000e+02
    endloop
  endfacet
  facet normal -2.978331e-15 2.535490e-15 1.000000e+00
    outer loop
      vertex   3.524564e+02 3.375252e+02 1.715000e+02
      vertex   3.526682e+02 3.377740e+02 1.715000e+02
      vertex   3.480000e+02 3.435000e+02 1.715000e+02
    endloop
  endfacet
  facet normal -2.590107e-15 2.851995e-15 1.000000e+00
    outer loop
      vertex   3.480000e+02 3.435000e+02 1.715000e+02
      vertex   3.526682e+02 3.377740e+02 1.715000e+02
      vertex   3.529101e+02 3.379937e+02 1.715000e+02
    endloop
  endfacet
  facet normal 0.000000e+00 -0.000000e+00 1.000000e+00
    outer loop
      vertex   3.531781e+02 3.381806e+02 1.715000e+02
      vertex   3.534678e+02 3.383318e+02 1.715000e+02
      vertex   3.500000e+02 3.455000e+02 1.715000e+02
    endloop
  endfacet
  facet normal 0.000000e+00 0.000000e+00 1.000000e+00
    outer loop
      vertex   3.500000e+02 3.455000e+02 1.715000e+02
      vertex   3.534678e+02 3.383318e+02 1.715000e+02
      vertex   3.537745e+02 3.384446e+02 1.715000e+02
    endloop
  endfacet
  facet normal 0.000000e+00 0.000000e+00 1.000000e+00
    outer loop
      vertex   3.500000e+02 3.455000e+02 1.715000e+02
      vertex   3.537745e+02 3.384446e+02 1.715000e+02
      vertex   3.540930e+02 3.385173e+02 1.715000e+02
    endloop
  endfacet
  facet normal 0.000000e+00 -0.000000e+00 1.000000e+00
    outer loop
      vertex   3.540930e+02 3.385173e+02 1.715000e+02
      vertex   3.544183e+02 3.385487e+02 1.715000e+02
      vertex   3.500000e+02 3.455000e+02 1.715000e+02
    endloop
  endfacet
  facet normal 0.000000e+00 0.000000e+00 1.000000e+00
    outer loop
      vertex   3.500000e+02 3.455000e+02 1.715000e+02
      vertex   3.544183e+02 3.385487e+02 1.715000e+02
      vertex   3.547449e+02 3.385382e+02 1.715000e+02
    endloop
  endfacet
  facet normal 0.000000e+00 0.000000e+00 1.000000e+00
    outer loop
      vertex   3.500000e+02 3.455000e+02 1.715000e+02
      vertex   3.547449e+02 3.385382e+02 1.715000e+02
      vertex   3.550674e+02 3.384861e+02 1.715000e+02
    endloop
  endfacet
  facet normal 2.876357e-15 4.744851e-15 1.000000e+00
    outer loop
      vertex   3.556795e+02 3.382608e+02 1.715000e+02
      vertex   3.559589e+02 3.380914e+02 1.715000e+02
      vertex   3.635000e+02 3.455000e+02 1.715000e+02
    endloop
  endfacet
  facet normal 3.377276e-15 4.234970e-15 1.000000e+00
    outer loop
      vertex   3.635000e+02 3.455000e+02 1.715000e+02
      vertex   3.559589e+02 3.380914e+02 1.715000e+02
      vertex   3.562144e+02 3.378877e+02 1.715000e+02
    endloop
  endfacet
  facet normal 3.878052e-15 3.755684e-15 1.000000e+00
    outer loop
      vertex   3.635000e+02 3.455000e+02 1.715000e+02
      vertex   3.562144e+02 3.378877e+02 1.715000e+02
      vertex   3.564417e+02 3.376530e+02 1.715000e+02
    endloop
  endfacet
  facet normal 4.401453e-15 3.284890e-15 1.000000e+00
    outer loop
      vertex   3.564417e+02 3.376530e+02 1.715000e+02
      vertex   3.566371e+02 3.373911e+02 1.715000e+02
      vertex   3.635000e+02 3.455000e+02 1.715000e+02
    endloop
  endfacet
  facet normal 4.973301e-15 2.800911e-15 1.000000e+00
    outer loop
      vertex   3.635000e+02 3.455000e+02 1.715000e+02
      vertex   3.566371e+02 3.373911e+02 1.715000e+02
      vertex   3.567975e+02 3.371064e+02 1.715000e+02
    endloop
  endfacet
  facet normal 5.627660e-15 2.278387e-15 1.000000e+00
    outer loop
      vertex   3.635000e+02 3.455000e+02 1.715000e+02
      vertex   3.567975e+02 3.371064e+02 1.715000e+02
      vertex   3.569201e+02 3.368035e+02 1.715000e+02
    endloop
  endfacet
  facet normal 6.415452e-15 1.682330e-15 1.000000e+00
    outer loop
      vertex   3.569201e+02 3.368035e+02 1.715000e+02
      vertex   3.570030e+02 3.364875e+02 1.715000e+02
      vertex   3.635000e+02 3.455000e+02 1.715000e+02
    endloop
  endfacet
  facet normal 7.421719e-15 9.569247e-16 1.000000e+00
    outer loop
      vertex   3.635000e+02 3.455000e+02 1.715000e+02
      vertex   3.570030e+02 3.364875e+02 1.715000e+02
      vertex   3.570448e+02 3.361634e+02 1.715000e+02
    endloop
  endfacet
  facet normal 6.415452e-15 -1.682330e-15 1.000000e+00
    outer loop
      vertex   3.570030e+02 3.355125e+02 1.715000e+02
      vertex   3.569201e+02 3.351965e+02 1.715000e+02
      vertex   3.635000e+02 3.265000e+02 1.715000e+02
    endloop
  endfacet
  facet normal 5.627660e-15 -2.278387e-15 1.000000e+00
    outer loop
      vertex   3.635000e+02 3.265000e+02 1.715000e+02
      vertex   3.569201e+02 3.351965e+02 1.715000e+02
      vertex   3.567975e+02 3.348936e+02 1.715000e+02
    endloop
  endfacet
  facet normal 4.973301e-15 -2.800911e-15 1.000000e+00
    outer loop
      vertex   3.635000e+02 3.265000e+02 1.715000e+02
      vertex   3.567975e+02 3.348936e+02 1.715000e+02
      vertex   3.566371e+02 3.346089e+02 1.715000e+02
    endloop
  endfacet
  facet normal 4.401453e-15 -3.284890e-15 1.000000e+00
    outer loop
      vertex   3.566371e+02 3.346089e+02 1.715000e+02
      vertex   3.564417e+02 3.343470e+02 1.715000e+02
      vertex   3.635000e+02 3.265000e+02 1.715000e+02
    endloop
  endfacet
  facet normal 3.878052e-15 -3.755684e-15 1.000000e+00
    outer loop
      vertex   3.635000e+02 3.265000e+02 1.715000e+02
      vertex   3.564417e+02 3.343470e+02 1.715000e+02
      vertex   3.562144e+02 3.341123e+02 1.715000e+02
    endloop
  endfacet
  facet normal 3.377276e-15 -4.234970e-15 1.000000e+00
    outer loop
      vertex   3.635000e+02 3.265000e+02 1.715000e+02
      vertex   3.562144e+02 3.341123e+02 1.715000e+02
      vertex   3.559589e+02 3.339086e+02 1.715000e+02
    endloop
  endfacet
  facet normal 2.876357e-15 -4.744851e-15 1.000000e+00
    outer loop
      vertex   3.559589e+02 3.339086e+02 1.715000e+02
      vertex   3.556795e+02 3.337392e+02 1.715000e+02
      vertex   3.635000e+02 3.265000e+02 1.715000e+02
    endloop
  endfacet
  facet normal 2.351433e-15 -5.311929e-15 1.000000e+00
    outer loop
      vertex   3.635000e+02 3.265000e+02 1.715000e+02
      vertex   3.556795e+02 3.337392e+02 1.715000e+02
      vertex   3.553807e+02 3.336069e+02 1.715000e+02
    endloop
  endfacet
  facet normal 1.772765e-15 -5.973032e-15 1.000000e+00
    outer loop
      vertex   3.635000e+02 3.265000e+02 1.715000e+02
      vertex   3.553807e+02 3.336069e+02 1.715000e+02
      vertex   3.550674e+02 3.335139e+02 1.715000e+02
    endloop
  endfacet
  facet normal -3.716428e-16 -3.852467e-15 1.000000e+00
    outer loop
      vertex   3.544183e+02 3.334513e+02 1.715000e+02
      vertex   3.540930e+02 3.334827e+02 1.715000e+02
      vertex   3.500000e+02 3.265000e+02 1.715000e+02
    endloop
  endfacet
  facet normal -8.193961e-16 -3.590009e-15 1.000000e+00
    outer loop
      vertex   3.500000e+02 3.265000e+02 1.715000e+02
      vertex   3.540930e+02 3.334827e+02 1.715000e+02
      vertex   3.537745e+02 3.335554e+02 1.715000e+02
    endloop
  endfacet
  facet normal -1.238621e-15 -3.365734e-15 1.000000e+00
    outer loop
      vertex   3.500000e+02 3.265000e+02 1.715000e+02
      vertex   3.537745e+02 3.335554e+02 1.715000e+02
      vertex   3.534678e+02 3.336682e+02 1.715000e+02
    endloop
  endfacet
  facet normal -1.651658e-15 -3.165918e-15 1.000000e+00
    outer loop
      vertex   3.534678e+02 3.336682e+02 1.715000e+02
      vertex   3.531781e+02 3.338194e+02 1.715000e+02
      vertex   3.500000e+02 3.265000e+02 1.715000e+02
    endloop
  endfacet
  facet normal -2.078980e-15 -2.980374e-15 1.000000e+00
    outer loop
      vertex   3.500000e+02 3.265000e+02 1.715000e+02
      vertex   3.531781e+02 3.338194e+02 1.715000e+02
      vertex   3.529101e+02 3.340063e+02 1.715000e+02
    endloop
  endfacet
  facet normal -2.978331e-15 -2.535490e-15 1.000000e+00
    outer loop
      vertex   3.526682e+02 3.342260e+02 1.715000e+02
      vertex   3.524564e+02 3.344748e+02 1.715000e+02
      vertex   3.480000e+02 3.285000e+02 1.715000e+02
    endloop
  endfacet
  facet normal -3.405604e-15 -2.216803e-15 1.000000e+00
    outer loop
      vertex   3.480000e+02 3.285000e+02 1.715000e+02
      vertex   3.524564e+02 3.344748e+02 1.715000e+02
      vertex   3.522781e+02 3.347487e+02 1.715000e+02
    endloop
  endfacet
  facet normal -3.900150e-15 -1.878213e-15 1.000000e+00
    outer loop
      vertex   3.480000e+02 3.285000e+02 1.715000e+02
      vertex   3.522781e+02 3.347487e+02 1.715000e+02
      vertex   3.521364e+02 3.350431e+02 1.715000e+02
    endloop
  endfacet
  facet normal -4.505082e-15 -1.495790e-15 1.000000e+00
    outer loop
      vertex   3.521364e+02 3.350431e+02 1.715000e+02
      vertex   3.520334e+02 3.353532e+02 1.715000e+02
      vertex   3.480000e+02 3.285000e+02 1.715000e+02
    endloop
  endfacet
  facet normal -5.294601e-15 -1.031124e-15 1.000000e+00
    outer loop
      vertex   3.480000e+02 3.285000e+02 1.715000e+02
      vertex   3.520334e+02 3.353532e+02 1.715000e+02
      vertex   3.519709e+02 3.356739e+02 1.715000e+02
    endloop
  endfacet
  facet normal -6.413541e-15 -4.117630e-16 1.000000e+00
    outer loop
      vertex   3.480000e+02 3.285000e+02 1.715000e+02
      vertex   3.519709e+02 3.356739e+02 1.715000e+02
      vertex   3.519500e+02 3.360000e+02 1.715000e+02
    endloop
  endfacet
  facet normal 0.000000e+00 -5.708881e-02 -9.983691e-01
    outer loop
      vertex   3.635000e+02 3.363705e+02 1.794778e+02
      vertex   3.695000e+02 3.363705e+02 1.794778e+02
      vertex   3.635000e+02 3.360000e+02 1.794989e+02
    endloop
  endfacet
  facet normal 0.000000e+00 -5.708881e-02 -9.983691e-01
    outer loop
      vertex   3.635000e+02 3.360000e+02 1.794989e+02
      vertex   3.695000e+02 3.363705e+02 1.794778e+02
      vertex   3.695000e+02 3.360000e+02 1.794989e+02
    endloop
  endfacet
  facet normal 0.000000e+00 5.708881e-02 -9.983691e-01
    outer loop
      vertex   3.635000e+02 3.360000e+02 1.794989e+02
      vertex   3.695000e+02 3.360000e+02 1.794989e+02
      vertex   3.635000e+02 3.356295e+02 1.794778e+02
    endloop
  endfacet
  facet normal 0.000000e+00 5.708881e-02 -9.983691e-01
    outer loop
      vertex   3.635000e+02 3.356295e+02 1.794778e+02
      vertex   3.695000e+02 3.360000e+02 1.794989e+02
      vertex   3.695000e+02 3.356295e+02 1.794778e+02
    endloop
  endfacet
  facet normal 0.000000e+00 1.705222e-01 -9.853538e-01
    outer loop
      vertex   3.635000e+02 3.356295e+02 1.794778e+02
      vertex   3.695000e+02 3.356295e+02 1.794778e+02
      vertex   3.635000e+02 3.352639e+02 1.794145e+02
    endloop
  endfacet
  facet normal 0.000000e+00 1.705222e-01 -9.853538e-01
    outer loop
      vertex   3.635000e+02 3.352639e+02 1.794145e+02
      vertex   3.695000e+02 3.356295e+02 1.794778e+02
      vertex   3.695000e+02 3.352639e+02 1.794145e+02
    endloop
  endfacet
  facet normal 0.000000e+00 2.817326e-01 -9.594930e-01
    outer loop
      vertex   3.635000e+02 3.352639e+02 1.794145e+02
      vertex   3.695000e+02 3.352639e+02 1.794145e+02
      vertex   3.635000e+02 3.349078e+02 1.793099e+02
    endloop
  endfacet
  facet normal 0.000000e+00 2.817326e-01 -9.594930e-01
    outer loop
      vertex   3.635000e+02 3.349078e+02 1.793099e+02
      vertex   3.695000e+02 3.352639e+02 1.794145e+02
      vertex   3.695000e+02 3.349078e+02 1.793099e+02
    endloop
  endfacet
  facet normal 0.000000e+00 3.892701e-01 -9.211237e-01
    outer loop
      vertex   3.635000e+02 3.349078e+02 1.793099e+02
      vertex   3.695000e+02 3.349078e+02 1.793099e+02
      vertex   3.635000e+02 3.345660e+02 1.791655e+02
    endloop
  endfacet
  facet normal 0.000000e+00 3.892701e-01 -9.211237e-01
    outer loop
      vertex   3.635000e+02 3.345660e+02 1.791655e+02
      vertex   3.695000e+02 3.349078e+02 1.793099e+02
      vertex   3.695000e+02 3.345660e+02 1.791655e+02
    endloop
  endfacet
  facet normal 0.000000e+00 4.917329e-01 -8.707461e-01
    outer loop
      vertex   3.635000e+02 3.345660e+02 1.791655e+02
      vertex   3.695000e+02 3.345660e+02 1.791655e+02
      vertex   3.635000e+02 3.342429e+02 1.789830e+02
    endloop
  endfacet
  facet normal 0.000000e+00 4.917329e-01 -8.707461e-01
    outer loop
      vertex   3.635000e+02 3.342429e+02 1.789830e+02
      vertex   3.695000e+02 3.345660e+02 1.791655e+02
      vertex   3.695000e+02 3.342429e+02 1.789830e+02
    endloop
  endfacet
  facet normal 0.000000e+00 5.877853e-01 -8.090170e-01
    outer loop
      vertex   3.635000e+02 3.342429e+02 1.789830e+02
      vertex   3.695000e+02 3.342429e+02 1.789830e+02
      vertex   3.635000e+02 3.339427e+02 1.787649e+02
    endloop
  endfacet
  facet normal 0.000000e+00 5.877853e-01 -8.090170e-01
    outer loop
      vertex   3.635000e+02 3.339427e+02 1.787649e+02
      vertex   3.695000e+02 3.342429e+02 1.789830e+02
      vertex   3.695000e+02 3.339427e+02 1.787649e+02
    endloop
  endfacet
  facet normal 0.000000e+00 6.761749e-01 -7.367411e-01
    outer loop
      vertex   3.635000e+02 3.339427e+02 1.787649e+02
      vertex   3.695000e+02 3.339427e+02 1.787649e+02
      vertex   3.635000e+02 3.336693e+02 1.785140e+02
    endloop
  endfacet
  facet normal 0.000000e+00 6.761749e-01 -7.367411e-01
    outer loop
      vertex   3.635000e+02 3.336693e+02 1.785140e+02
      vertex   3.695000e+02 3.339427e+02 1.787649e+02
      vertex   3.695000e+02 3.336693e+02 1.785140e+02
    endloop
  endfacet
  facet normal 0.000000e+00 7.557496e-01 -6.548607e-01
    outer loop
      vertex   3.635000e+02 3.336693e+02 1.785140e+02
      vertex   3.695000e+02 3.336693e+02 1.785140e+02
      vertex   3.635000e+02 3.334263e+02 1.782336e+02
    endloop
  endfacet
  facet normal 0.000000e+00 7.557496e-01 -6.548607e-01
    outer loop
      vertex   3.635000e+02 3.334263e+02 1.782336e+02
      vertex   3.695000e+02 3.336693e+02 1.785140e+02
      vertex   3.695000e+02 3.334263e+02 1.782336e+02
    endloop
  endfacet
  facet normal 0.000000e+00 8.254719e-01 -5.644432e-01
    outer loop
      vertex   3.635000e+02 3.334263e+02 1.782336e+02
      vertex   3.695000e+02 3.334263e+02 1.782336e+02
      vertex   3.635000e+02 3.332169e+02 1.779272e+02
    endloop
  endfacet
  facet normal 0.000000e+00 8.254719e-01 -5.644432e-01
    outer loop
      vertex   3.635000e+02 3.332169e+02 1.779272e+02
      vertex   3.695000e+02 3.334263e+02 1.782336e+02
      vertex   3.695000e+02 3.332169e+02 1.779272e+02
    endloop
  endfacet
  facet normal 0.000000e+00 8.844329e-01 -4.666673e-01
    outer loop
      vertex   3.635000e+02 3.332169e+02 1.779272e+02
      vertex   3.695000e+02 3.332169e+02 1.779272e+02
      vertex   3.635000e+02 3.330437e+02 1.775990e+02
    endloop
  endfacet
  facet normal 0.000000e+00 8.844329e-01 -4.666673e-01
    outer loop
      vertex   3.635000e+02 3.330437e+02 1.775990e+02
      vertex   3.695000e+02 3.332169e+02 1.779272e+02
      vertex   3.695000e+02 3.330437e+02 1.775990e+02
    endloop
  endfacet
  facet normal 0.000000e+00 9.318640e-01 -3.628077e-01
    outer loop
      vertex   3.635000e+02 3.330437e+02 1.775990e+02
      vertex   3.695000e+02 3.330437e+02 1.775990e+02
      vertex   3.635000e+02 3.329091e+02 1.772533e+02
    endloop
  endfacet
  facet normal 0.000000e+00 9.318640e-01 -3.628077e-01
    outer loop
      vertex   3.635000e+02 3.329091e+02 1.772533e+02
      vertex   3.695000e+02 3.330437e+02 1.775990e+02
      vertex   3.695000e+02 3.329091e+02 1.772533e+02
    endloop
  endfacet
  facet normal 0.000000e+00 9.671469e-01 -2.542183e-01
    outer loop
      vertex   3.635000e+02 3.329091e+02 1.772533e+02
      vertex   3.695000e+02 3.329091e+02 1.772533e+02
      vertex   3.635000e+02 3.328147e+02 1.768944e+02
    endloop
  endfacet
  facet normal -1.204220e-15 9.671469e-01 -2.542183e-01
    outer loop
      vertex   3.635000e+02 3.328147e+02 1.768944e+02
      vertex   3.695000e+02 3.329091e+02 1.772533e+02
      vertex   3.695000e+02 3.328147e+02 1.768944e+02
    endloop
  endfacet
  facet normal -6.741385e-16 9.898214e-01 -1.423148e-01
    outer loop
      vertex   3.635000e+02 3.328147e+02 1.768944e+02
      vertex   3.695000e+02 3.328147e+02 1.768944e+02
      vertex   3.635000e+02 3.327619e+02 1.765271e+02
    endloop
  endfacet
  facet normal 0.000000e+00 9.898214e-01 -1.423148e-01
    outer loop
      vertex   3.635000e+02 3.327619e+02 1.765271e+02
      vertex   3.695000e+02 3.328147e+02 1.768944e+02
      vertex   3.695000e+02 3.327619e+02 1.765271e+02
    endloop
  endfacet
  facet normal 0.000000e+00 9.995922e-01 -2.855605e-02
    outer loop
      vertex   3.635000e+02 3.327619e+02 1.765271e+02
      vertex   3.695000e+02 3.327619e+02 1.765271e+02
      vertex   3.635000e+02 3.327513e+02 1.761561e+02
    endloop
  endfacet
  facet normal 0.000000e+00 9.995922e-01 -2.855605e-02
    outer loop
      vertex   3.635000e+02 3.327513e+02 1.761561e+02
      vertex   3.695000e+02 3.327619e+02 1.765271e+02
      vertex   3.695000e+02 3.327513e+02 1.761561e+02
    endloop
  endfacet
  facet normal -0.000000e+00 9.963317e-01 8.557501e-02
    outer loop
      vertex   3.635000e+02 3.327513e+02 1.761561e+02
      vertex   3.695000e+02 3.327513e+02 1.761561e+02
      vertex   3.635000e+02 3.327831e+02 1.757864e+02
    endloop
  endfacet
  facet normal -0.000000e+00 9.963317e-01 8.557501e-02
    outer loop
      vertex   3.635000e+02 3.327831e+02 1.757864e+02
      vertex   3.695000e+02 3.327513e+02 1.761561e+02
      vertex   3.695000e+02 3.327831e+02 1.757864e+02
    endloop
  endfacet
  facet normal -0.000000e+00 9.800826e-01 1.985905e-01
    outer loop
      vertex   3.635000e+02 3.327831e+02 1.757864e+02
      vertex   3.695000e+02 3.327831e+02 1.757864e+02
      vertex   3.635000e+02 3.328568e+02 1.754227e+02
    endloop
  endfacet
  facet normal -0.000000e+00 9.800826e-01 1.985905e-01
    outer loop
      vertex   3.635000e+02 3.328568e+02 1.754227e+02
      vertex   3.695000e+02 3.327831e+02 1.757864e+02
      vertex   3.695000e+02 3.328568e+02 1.754227e+02
    endloop
  endfacet
  facet normal -0.000000e+00 9.510565e-01 3.090170e-01
    outer loop
      vertex   3.635000e+02 3.328568e+02 1.754227e+02
      vertex   3.695000e+02 3.328568e+02 1.754227e+02
      vertex   3.635000e+02 3.329714e+02 1.750698e+02
    endloop
  endfacet
  facet normal -0.000000e+00 9.510565e-01 3.090170e-01
    outer loop
      vertex   3.635000e+02 3.329714e+02 1.750698e+02
      vertex   3.695000e+02 3.328568e+02 1.754227e+02
      vertex   3.695000e+02 3.329714e+02 1.750698e+02
    endloop
  endfacet
  facet normal -0.000000e+00 9.096320e-01 4.154150e-01
    outer loop
      vertex   3.635000e+02 3.329714e+02 1.750698e+02
      vertex   3.695000e+02 3.329714e+02 1.750698e+02
      vertex   3.635000e+02 3.331256e+02 1.747323e+02
    endloop
  endfacet
  facet normal -0.000000e+00 9.096320e-01 4.154150e-01
    outer loop
      vertex   3.635000e+02 3.331256e+02 1.747323e+02
      vertex   3.695000e+02 3.329714e+02 1.750698e+02
      vertex   3.695000e+02 3.331256e+02 1.747323e+02
    endloop
  endfacet
  facet normal -0.000000e+00 8.563490e-01 5.163975e-01
    outer loop
      vertex   3.635000e+02 3.331256e+02 1.747323e+02
      vertex   3.695000e+02 3.331256e+02 1.747323e+02
      vertex   3.635000e+02 3.333172e+02 1.744145e+02
    endloop
  endfacet
  facet normal -0.000000e+00 8.563490e-01 5.163975e-01
    outer loop
      vertex   3.635000e+02 3.333172e+02 1.744145e+02
      vertex   3.695000e+02 3.331256e+02 1.747323e+02
      vertex   3.695000e+02 3.333172e+02 1.744145e+02
    endloop
  endfacet
  facet normal -0.000000e+00 7.919022e-01 6.106479e-01
    outer loop
      vertex   3.635000e+02 3.333172e+02 1.744145e+02
      vertex   3.695000e+02 3.333172e+02 1.744145e+02
      vertex   3.635000e+02 3.335438e+02 1.741206e+02
    endloop
  endfacet
  facet normal -0.000000e+00 7.919022e-01 6.106479e-01
    outer loop
      vertex   3.635000e+02 3.335438e+02 1.741206e+02
      vertex   3.695000e+02 3.333172e+02 1.744145e+02
      vertex   3.695000e+02 3.335438e+02 1.741206e+02
    endloop
  endfacet
  facet normal -0.000000e+00 7.171318e-01 6.969376e-01
    outer loop
      vertex   3.635000e+02 3.335438e+02 1.741206e+02
      vertex   3.695000e+02 3.335438e+02 1.741206e+02
      vertex   3.635000e+02 3.338024e+02 1.738545e+02
    endloop
  endfacet
  facet normal -0.000000e+00 7.171318e-01 6.969376e-01
    outer loop
      vertex   3.635000e+02 3.338024e+02 1.738545e+02
      vertex   3.695000e+02 3.335438e+02 1.741206e+02
      vertex   3.695000e+02 3.338024e+02 1.738545e+02
    endloop
  endfacet
  facet normal -0.000000e+00 6.330125e-01 7.741416e-01
    outer loop
      vertex   3.635000e+02 3.338024e+02 1.738545e+02
      vertex   3.695000e+02 3.338024e+02 1.738545e+02
      vertex   3.635000e+02 3.340897e+02 1.736196e+02
    endloop
  endfacet
  facet normal -0.000000e+00 6.330125e-01 7.741416e-01
    outer loop
      vertex   3.635000e+02 3.340897e+02 1.736196e+02
      vertex   3.695000e+02 3.338024e+02 1.738545e+02
      vertex   3.695000e+02 3.340897e+02 1.736196e+02
    endloop
  endfacet
  facet normal -0.000000e+00 5.406408e-01 8.412535e-01
    outer loop
      vertex   3.635000e+02 3.340897e+02 1.736196e+02
      vertex   3.695000e+02 3.340897e+02 1.736196e+02
      vertex   3.635000e+02 3.344019e+02 1.734190e+02
    endloop
  endfacet
  facet normal -0.000000e+00 5.406408e-01 8.412535e-01
    outer loop
      vertex   3.635000e+02 3.344019e+02 1.734190e+02
      vertex   3.695000e+02 3.340897e+02 1.736196e+02
      vertex   3.695000e+02 3.344019e+02 1.734190e+02
    endloop
  endfacet
  facet normal -0.000000e+00 4.412211e-01 8.973984e-01
    outer loop
      vertex   3.635000e+02 3.344019e+02 1.734190e+02
      vertex   3.695000e+02 3.344019e+02 1.734190e+02
      vertex   3.635000e+02 3.347349e+02 1.732553e+02
    endloop
  endfacet
  facet normal -0.000000e+00 4.412211e-01 8.973984e-01
    outer loop
      vertex   3.635000e+02 3.347349e+02 1.732553e+02
      vertex   3.695000e+02 3.344019e+02 1.734190e+02
      vertex   3.695000e+02 3.347349e+02 1.732553e+02
    endloop
  endfacet
  facet normal -0.000000e+00 3.360494e-01 9.418444e-01
    outer loop
      vertex   3.635000e+02 3.347349e+02 1.732553e+02
      vertex   3.695000e+02 3.347349e+02 1.732553e+02
      vertex   3.635000e+02 3.350844e+02 1.731306e+02
    endloop
  endfacet
  facet normal -0.000000e+00 3.360494e-01 9.418444e-01
    outer loop
      vertex   3.635000e+02 3.350844e+02 1.731306e+02
      vertex   3.695000e+02 3.347349e+02 1.732553e+02
      vertex   3.695000e+02 3.350844e+02 1.731306e+02
    endloop
  endfacet
  facet normal -0.000000e+00 2.264968e-01 9.740119e-01
    outer loop
      vertex   3.635000e+02 3.350844e+02 1.731306e+02
      vertex   3.695000e+02 3.350844e+02 1.731306e+02
      vertex   3.635000e+02 3.354458e+02 1.730465e+02
    endloop
  endfacet
  facet normal -0.000000e+00 2.264968e-01 9.740119e-01
    outer loop
      vertex   3.635000e+02 3.354458e+02 1.730465e+02
      vertex   3.695000e+02 3.350844e+02 1.731306e+02
      vertex   3.695000e+02 3.354458e+02 1.730465e+02
    endloop
  endfacet
  facet normal -0.000000e+00 1.139914e-01 9.934817e-01
    outer loop
      vertex   3.635000e+02 3.354458e+02 1.730465e+02
      vertex   3.695000e+02 3.354458e+02 1.730465e+02
      vertex   3.635000e+02 3.358145e+02 1.730042e+02
    endloop
  endfacet
  facet normal -0.000000e+00 1.139914e-01 9.934817e-01
    outer loop
      vertex   3.635000e+02 3.358145e+02 1.730042e+02
      vertex   3.695000e+02 3.354458e+02 1.730465e+02
      vertex   3.695000e+02 3.358145e+02 1.730042e+02
    endloop
  endfacet
  facet normal 0.000000e+00 0.000000e+00 1.000000e+00
    outer loop
      vertex   3.635000e+02 3.358145e+02 1.730042e+02
      vertex   3.695000e+02 3.358145e+02 1.730042e+02
      vertex   3.635000e+02 3.361855e+02 1.730042e+02
    endloop
  endfacet
  facet normal -0.000000e+00 0.000000e+00 1.000000e+00
    outer loop
      vertex   3.635000e+02 3.361855e+02 1.730042e+02
      vertex   3.695000e+02 3.358145e+02 1.730042e+02
      vertex   3.695000e+02 3.361855e+02 1.730042e+02
    endloop
  endfacet
  facet normal 0.000000e+00 -1.139914e-01 9.934817e-01
    outer loop
      vertex   3.635000e+02 3.361855e+02 1.730042e+02
      vertex   3.695000e+02 3.361855e+02 1.730042e+02
      vertex   3.635000e+02 3.365542e+02 1.730465e+02
    endloop
  endfacet
  facet normal 0.000000e+00 -1.139914e-01 9.934817e-01
    outer loop
      vertex   3.635000e+02 3.365542e+02 1.730465e+02
      vertex   3.695000e+02 3.361855e+02 1.730042e+02
      vertex   3.695000e+02 3.365542e+02 1.730465e+02
    endloop
  endfacet
  facet normal 0.000000e+00 -2.264968e-01 9.740119e-01
    outer loop
      vertex   3.635000e+02 3.365542e+02 1.730465e+02
      vertex   3.695000e+02 3.365542e+02 1.730465e+02
      vertex   3.635000e+02 3.369156e+02 1.731306e+02
    endloop
  endfacet
  facet normal 0.000000e+00 -2.264968e-01 9.740119e-01
    outer loop
      vertex   3.635000e+02 3.369156e+02 1.731306e+02
      vertex   3.695000e+02 3.365542e+02 1.730465e+02
      vertex   3.695000e+02 3.369156e+02 1.731306e+02
    endloop
  endfacet
  facet normal 0.000000e+00 -3.360494e-01 9.418444e-01
    outer loop
      vertex   3.635000e+02 3.369156e+02 1.731306e+02
      vertex   3.695000e+02 3.369156e+02 1.731306e+02
      vertex   3.635000e+02 3.372651e+02 1.732553e+02
    endloop
  endfacet
  facet normal 0.000000e+00 -3.360494e-01 9.418444e-01
    outer loop
      vertex   3.635000e+02 3.372651e+02 1.732553e+02
      vertex   3.695000e+02 3.369156e+02 1.731306e+02
      vertex   3.695000e+02 3.372651e+02 1.732553e+02
    endloop
  endfacet
  facet normal 0.000000e+00 -4.412211e-01 8.973984e-01
    outer loop
      vertex   3.635000e+02 3.372651e+02 1.732553e+02
      vertex   3.695000e+02 3.372651e+02 1.732553e+02
      vertex   3.635000e+02 3.375981e+02 1.734190e+02
    endloop
  endfacet
  facet normal 0.000000e+00 -4.412211e-01 8.973984e-01
    outer loop
      vertex   3.635000e+02 3.375981e+02 1.734190e+02
      vertex   3.695000e+02 3.372651e+02 1.732553e+02
      vertex   3.695000e+02 3.375981e+02 1.734190e+02
    endloop
  endfacet
  facet normal 0.000000e+00 -5.406408e-01 8.412535e-01
    outer loop
      vertex   3.635000e+02 3.375981e+02 1.734190e+02
      vertex   3.695000e+02 3.375981e+02 1.734190e+02
      vertex   3.635000e+02 3.379103e+02 1.736196e+02
    endloop
  endfacet
  facet normal 0.000000e+00 -5.406408e-01 8.412535e-01
    outer loop
      vertex   3.635000e+02 3.379103e+02 1.736196e+02
      vertex   3.695000e+02 3.375981e+02 1.734190e+02
      vertex   3.695000e+02 3.379103e+02 1.736196e+02
    endloop
  endfacet
  facet normal 0.000000e+00 -6.330125e-01 7.741416e-01
    outer loop
      vertex   3.635000e+02 3.379103e+02 1.736196e+02
      vertex   3.695000e+02 3.379103e+02 1.736196e+02
      vertex   3.635000e+02 3.381976e+02 1.738545e+02
    endloop
  endfacet
  facet normal 0.000000e+00 -6.330125e-01 7.741416e-01
    outer loop
      vertex   3.635000e+02 3.381976e+02 1.738545e+02
      vertex   3.695000e+02 3.379103e+02 1.736196e+02
      vertex   3.695000e+02 3.381976e+02 1.738545e+02
    endloop
  endfacet
  facet normal 0.000000e+00 -7.171318e-01 6.969376e-01
    outer loop
      vertex   3.635000e+02 3.381976e+02 1.738545e+02
      vertex   3.695000e+02 3.381976e+02 1.738545e+02
      vertex   3.635000e+02 3.384562e+02 1.741206e+02
    endloop
  endfacet
  facet normal 0.000000e+00 -7.171318e-01 6.969376e-01
    outer loop
      vertex   3.635000e+02 3.384562e+02 1.741206e+02
      vertex   3.695000e+02 3.381976e+02 1.738545e+02
      vertex   3.695000e+02 3.384562e+02 1.741206e+02
    endloop
  endfacet
  facet normal 0.000000e+00 -7.919022e-01 6.106479e-01
    outer loop
      vertex   3.635000e+02 3.384562e+02 1.741206e+02
      vertex   3.695000e+02 3.384562e+02 1.741206e+02
      vertex   3.635000e+02 3.386828e+02 1.744145e+02
    endloop
  endfacet
  facet normal 0.000000e+00 -7.919022e-01 6.106479e-01
    outer loop
      vertex   3.635000e+02 3.386828e+02 1.744145e+02
      vertex   3.695000e+02 3.384562e+02 1.741206e+02
      vertex   3.695000e+02 3.386828e+02 1.744145e+02
    endloop
  endfacet
  facet normal 0.000000e+00 -8.563490e-01 5.163975e-01
    outer loop
      vertex   3.635000e+02 3.386828e+02 1.744145e+02
      vertex   3.695000e+02 3.386828e+02 1.744145e+02
      vertex   3.635000e+02 3.388744e+02 1.747323e+02
    endloop
  endfacet
  facet normal 0.000000e+00 -8.563490e-01 5.163975e-01
    outer loop
      vertex   3.635000e+02 3.388744e+02 1.747323e+02
      vertex   3.695000e+02 3.386828e+02 1.744145e+02
      vertex   3.695000e+02 3.388744e+02 1.747323e+02
    endloop
  endfacet
  facet normal 0.000000e+00 -9.096320e-01 4.154150e-01
    outer loop
      vertex   3.635000e+02 3.388744e+02 1.747323e+02
      vertex   3.695000e+02 3.388744e+02 1.747323e+02
      vertex   3.635000e+02 3.390286e+02 1.750698e+02
    endloop
  endfacet
  facet normal 0.000000e+00 -9.096320e-01 4.154150e-01
    outer loop
      vertex   3.635000e+02 3.390286e+02 1.750698e+02
      vertex   3.695000e+02 3.388744e+02 1.747323e+02
      vertex   3.695000e+02 3.390286e+02 1.750698e+02
    endloop
  endfacet
  facet normal 0.000000e+00 -9.510565e-01 3.090170e-01
    outer loop
      vertex   3.635000e+02 3.390286e+02 1.750698e+02
      vertex   3.695000e+02 3.390286e+02 1.750698e+02
      vertex   3.635000e+02 3.391432e+02 1.754227e+02
    endloop
  endfacet
  facet normal 0.000000e+00 -9.510565e-01 3.090170e-01
    outer loop
      vertex   3.635000e+02 3.391432e+02 1.754227e+02
      vertex   3.695000e+02 3.390286e+02 1.750698e+02
      vertex   3.695000e+02 3.391432e+02 1.754227e+02
    endloop
  endfacet
  facet normal 0.000000e+00 -9.800826e-01 1.985905e-01
    outer loop
      vertex   3.635000e+02 3.391432e+02 1.754227e+02
      vertex   3.695000e+02 3.391432e+02 1.754227e+02
      vertex   3.635000e+02 3.392169e+02 1.757864e+02
    endloop
  endfacet
  facet normal 0.000000e+00 -9.800826e-01 1.985905e-01
    outer loop
      vertex   3.635000e+02 3.392169e+02 1.757864e+02
      vertex   3.695000e+02 3.391432e+02 1.754227e+02
      vertex   3.695000e+02 3.392169e+02 1.757864e+02
    endloop
  endfacet
  facet normal 0.000000e+00 -9.963317e-01 8.557501e-02
    outer loop
      vertex   3.635000e+02 3.392169e+02 1.757864e+02
      vertex   3.695000e+02 3.392169e+02 1.757864e+02
      vertex   3.635000e+02 3.392487e+02 1.761561e+02
    endloop
  endfacet
  facet normal 0.000000e+00 -9.963317e-01 8.557501e-02
    outer loop
      vertex   3.635000e+02 3.392487e+02 1.761561e+02
      vertex   3.695000e+02 3.392169e+02 1.757864e+02
      vertex   3.695000e+02 3.392487e+02 1.761561e+02
    endloop
  endfacet
  facet normal 0.000000e+00 -9.995922e-01 -2.855605e-02
    outer loop
      vertex   3.635000e+02 3.392487e+02 1.761561e+02
      vertex   3.695000e+02 3.392487e+02 1.761561e+02
      vertex   3.635000e+02 3.392381e+02 1.765271e+02
    endloop
  endfacet
  facet normal 0.000000e+00 -9.995922e-01 -2.855605e-02
    outer loop
      vertex   3.635000e+02 3.392381e+02 1.765271e+02
      vertex   3.695000e+02 3.392487e+02 1.761561e+02
      vertex   3.695000e+02 3.392381e+02 1.765271e+02
    endloop
  endfacet
  facet normal 0.000000e+00 -9.898214e-01 -1.423148e-01
    outer loop
      vertex   3.635000e+02 3.392381e+02 1.765271e+02
      vertex   3.695000e+02 3.392381e+02 1.765271e+02
      vertex   3.635000e+02 3.391853e+02 1.768944e+02
    endloop
  endfacet
  facet normal 6.741385e-16 -9.898214e-01 -1.423148e-01
    outer loop
      vertex   3.635000e+02 3.391853e+02 1.768944e+02
      vertex   3.695000e+02 3.392381e+02 1.765271e+02
      vertex   3.695000e+02 3.391853e+02 1.768944e+02
    endloop
  endfacet
  facet normal 1.204220e-15 -9.671469e-01 -2.542183e-01
    outer loop
      vertex   3.635000e+02 3.391853e+02 1.768944e+02
      vertex   3.695000e+02 3.391853e+02 1.768944e+02
      vertex   3.635000e+02 3.390909e+02 1.772533e+02
    endloop
  endfacet
  facet normal 0.000000e+00 -9.671469e-01 -2.542183e-01
    outer loop
      vertex   3.635000e+02 3.390909e+02 1.772533e+02
      vertex   3.695000e+02 3.391853e+02 1.768944e+02
      vertex   3.695000e+02 3.390909e+02 1.772533e+02
    endloop
  endfacet
  facet normal 0.000000e+00 -9.318640e-01 -3.628077e-01
    outer loop
      vertex   3.635000e+02 3.390909e+02 1.772533e+02
      vertex   3.695000e+02 3.390909e+02 1.772533e+02
      vertex   3.635000e+02 3.389563e+02 1.775990e+02
    endloop
  endfacet
  facet normal 0.000000e+00 -9.318640e-01 -3.628077e-01
    outer loop
      vertex   3.635000e+02 3.389563e+02 1.775990e+02
      vertex   3.695000e+02 3.390909e+02 1.772533e+02
      vertex   3.695000e+02 3.389563e+02 1.775990e+02
    endloop
  endfacet
  facet normal 0.000000e+00 -8.844329e-01 -4.666673e-01
    outer loop
      vertex   3.635000e+02 3.389563e+02 1.775990e+02
      vertex   3.695000e+02 3.389563e+02 1.775990e+02
      vertex   3.635000e+02 3.387831e+02 1.779272e+02
    endloop
  endfacet
  facet normal 0.000000e+00 -8.844329e-01 -4.666673e-01
    outer loop
      vertex   3.635000e+02 3.387831e+02 1.779272e+02
      vertex   3.695000e+02 3.389563e+02 1.775990e+02
      vertex   3.695000e+02 3.387831e+02 1.779272e+02
    endloop
  endfacet
  facet normal 0.000000e+00 -8.254719e-01 -5.644432e-01
    outer loop
      vertex   3.635000e+02 3.387831e+02 1.779272e+02
      vertex   3.695000e+02 3.387831e+02 1.779272e+02
      vertex   3.635000e+02 3.385737e+02 1.782336e+02
    endloop
  endfacet
  facet normal 0.000000e+00 -8.254719e-01 -5.644432e-01
    outer loop
      vertex   3.635000e+02 3.385737e+02 1.782336e+02
      vertex   3.695000e+02 3.387831e+02 1.779272e+02
      vertex   3.695000e+02 3.385737e+02 1.782336e+02
    endloop
  endfacet
  facet normal 0.000000e+00 -7.557496e-01 -6.548607e-01
    outer loop
      vertex   3.635000e+02 3.385737e+02 1.782336e+02
      vertex   3.695000e+02 3.385737e+02 1.782336e+02
      vertex   3.635000e+02 3.383307e+02 1.785140e+02
    endloop
  endfacet
  facet normal 0.000000e+00 -7.557496e-01 -6.548607e-01
    outer loop
      vertex   3.635000e+02 3.383307e+02 1.785140e+02
      vertex   3.695000e+02 3.385737e+02 1.782336e+02
      vertex   3.695000e+02 3.383307e+02 1.785140e+02
    endloop
  endfacet
  facet normal 0.000000e+00 -6.761749e-01 -7.367411e-01
    outer loop
      vertex   3.635000e+02 3.383307e+02 1.785140e+02
      vertex   3.695000e+02 3.383307e+02 1.785140e+02
      vertex   3.635000e+02 3.380573e+02 1.787649e+02
    endloop
  endfacet
  facet normal 0.000000e+00 -6.761749e-01 -7.367411e-01
    outer loop
      vertex   3.635000e+02 3.380573e+02 1.787649e+02
      vertex   3.695000e+02 3.383307e+02 1.785140e+02
      vertex   3.695000e+02 3.380573e+02 1.787649e+02
    endloop
  endfacet
  facet normal 0.000000e+00 -5.877853e-01 -8.090170e-01
    outer loop
      vertex   3.635000e+02 3.380573e+02 1.787649e+02
      vertex   3.695000e+02 3.380573e+02 1.787649e+02
      vertex   3.635000e+02 3.377571e+02 1.789830e+02
    endloop
  endfacet
  facet normal 0.000000e+00 -5.877853e-01 -8.090170e-01
    outer loop
      vertex   3.635000e+02 3.377571e+02 1.789830e+02
      vertex   3.695000e+02 3.380573e+02 1.787649e+02
      vertex   3.695000e+02 3.377571e+02 1.789830e+02
    endloop
  endfacet
  facet normal 0.000000e+00 -4.917329e-01 -8.707461e-01
    outer loop
      vertex   3.635000e+02 3.377571e+02 1.789830e+02
      vertex   3.695000e+02 3.377571e+02 1.789830e+02
      vertex   3.635000e+02 3.374340e+02 1.791655e+02
    endloop
  endfacet
  facet normal 0.000000e+00 -4.917329e-01 -8.707461e-01
    outer loop
      vertex   3.635000e+02 3.374340e+02 1.791655e+02
      vertex   3.695000e+02 3.377571e+02 1.789830e+02
      vertex   3.695000e+02 3.374340e+02 1.791655e+02
    endloop
  endfacet
  facet normal 0.000000e+00 -3.892701e-01 -9.211237e-01
    outer loop
      vertex   3.635000e+02 3.374340e+02 1.791655e+02
      vertex   3.695000e+02 3.374340e+02 1.791655e+02
      vertex   3.635000e+02 3.370922e+02 1.793099e+02
    endloop
  endfacet
  facet normal 0.000000e+00 -3.892701e-01 -9.211237e-01
    outer loop
      vertex   3.635000e+02 3.370922e+02 1.793099e+02
      vertex   3.695000e+02 3.374340e+02 1.791655e+02
      vertex   3.695000e+02 3.370922e+02 1.793099e+02
    endloop
  endfacet
  facet normal 0.000000e+00 -2.817326e-01 -9.594930e-01
    outer loop
      vertex   3.635000e+02 3.370922e+02 1.793099e+02
      vertex   3.695000e+02 3.370922e+02 1.793099e+02
      vertex   3.635000e+02 3.367361e+02 1.794145e+02
    endloop
  endfacet
  facet normal 0.000000e+00 -2.817326e-01 -9.594930e-01
    outer loop
      vertex   3.635000e+02 3.367361e+02 1.794145e+02
      vertex   3.695000e+02 3.370922e+02 1.793099e+02
      vertex   3.695000e+02 3.367361e+02 1.794145e+02
    endloop
  endfacet
  facet normal 0.000000e+00 -1.705222e-01 -9.853538e-01
    outer loop
      vertex   3.635000e+02 3.367361e+02 1.794145e+02
      vertex   3.695000e+02 3.367361e+02 1.794145e+02
      vertex   3.635000e+02 3.363705e+02 1.794778e+02
    endloop
  endfacet
  facet normal 0.000000e+00 -1.705222e-01 -9.853538e-01
    outer loop
      vertex   3.635000e+02 3.363705e+02 1.794778e+02
      vertex   3.695000e+02 3.367361e+02 1.794145e+02
      vertex   3.695000e+02 3.363705e+02 1.794778e+02
    endloop
  endfacet
  facet normal 9.979454e-01 -6.407022e-02 0.000000e+00
    outer loop
      vertex   3.519709e+02 3.363261e+02 1.685000e+02
      vertex   3.519709e+02 3.363261e+02 1.715000e+02
      vertex   3.519500e+02 3.360000e+02 1.685000e+02
    endloop
  endfacet
  facet normal 9.979454e-01 -6.407022e-02 0.000000e+00
    outer loop
      vertex   3.519500e+02 3.360000e+02 1.685000e+02
      vertex   3.519709e+02 3.363261e+02 1.715000e+02
      vertex   3.519500e+02 3.360000e+02 1.715000e+02
    endloop
  endfacet
  facet normal 9.979454e-01 6.407022e-02 -0.000000e+00
    outer loop
      vertex   3.519500e+02 3.360000e+02 1.685000e+02
      vertex   3.519500e+02 3.360000e+02 1.715000e+02
      vertex   3.519709e+02 3.356739e+02 1.685000e+02
    endloop
  endfacet
  facet normal 9.979454e-01 6.407022e-02 -0.000000e+00
    outer loop
      vertex   3.519709e+02 3.356739e+02 1.685000e+02
      vertex   3.519500e+02 3.360000e+02 1.715000e+02
      vertex   3.519709e+02 3.356739e+02 1.715000e+02
    endloop
  endfacet
  facet normal 9.815592e-01 1.911586e-01 -0.000000e+00
    outer loop
      vertex   3.519709e+02 3.356739e+02 1.685000e+02
      vertex   3.519709e+02 3.356739e+02 1.715000e+02
      vertex   3.520334e+02 3.353532e+02 1.685000e+02
    endloop
  endfacet
  facet normal 9.815592e-01 1.911586e-01 -0.000000e+00
    outer loop
      vertex   3.520334e+02 3.353532e+02 1.685000e+02
      vertex   3.519709e+02 3.356739e+02 1.715000e+02
      vertex   3.520334e+02 3.353532e+02 1.715000e+02
    endloop
  endfacet
  facet normal 9.490557e-01 3.151082e-01 -0.000000e+00
    outer loop
      vertex   3.520334e+02 3.353532e+02 1.685000e+02
      vertex   3.520334e+02 3.353532e+02 1.715000e+02
      vertex   3.521364e+02 3.350431e+02 1.685000e+02
    endloop
  endfacet
  facet normal 9.490557e-01 3.151082e-01 -0.000000e+00
    outer loop
      vertex   3.521364e+02 3.350431e+02 1.685000e+02
      vertex   3.520334e+02 3.353532e+02 1.715000e+02
      vertex   3.521364e+02 3.350431e+02 1.715000e+02
    endloop
  endfacet
  facet normal 9.009689e-01 4.338837e-01 -0.000000e+00
    outer loop
      vertex   3.521364e+02 3.350431e+02 1.685000e+02
      vertex   3.521364e+02 3.350431e+02 1.715000e+02
      vertex   3.522781e+02 3.347487e+02 1.685000e+02
    endloop
  endfacet
  facet normal 9.009689e-01 4.338837e-01 -0.000000e+00
    outer loop
      vertex   3.522781e+02 3.347487e+02 1.685000e+02
      vertex   3.521364e+02 3.350431e+02 1.715000e+02
      vertex   3.522781e+02 3.347487e+02 1.715000e+02
    endloop
  endfacet
  facet normal 8.380881e-01 5.455349e-01 -0.000000e+00
    outer loop
      vertex   3.522781e+02 3.347487e+02 1.685000e+02
      vertex   3.522781e+02 3.347487e+02 1.715000e+02
      vertex   3.524564e+02 3.344748e+02 1.685000e+02
    endloop
  endfacet
  facet normal 8.380881e-01 5.455349e-01 -0.000000e+00
    outer loop
      vertex   3.524564e+02 3.344748e+02 1.685000e+02
      vertex   3.522781e+02 3.347487e+02 1.715000e+02
      vertex   3.524564e+02 3.344748e+02 1.715000e+02
    endloop
  endfacet
  facet normal 7.614460e-01 6.482284e-01 -0.000000e+00
    outer loop
      vertex   3.524564e+02 3.344748e+02 1.685000e+02
      vertex   3.524564e+02 3.344748e+02 1.715000e+02
      vertex   3.526682e+02 3.342260e+02 1.685000e+02
    endloop
  endfacet
  facet normal 7.614460e-01 6.482284e-01 -0.000000e+00
    outer loop
      vertex   3.526682e+02 3.342260e+02 1.685000e+02
      vertex   3.524564e+02 3.344748e+02 1.715000e+02
      vertex   3.526682e+02 3.342260e+02 1.715000e+02
    endloop
  endfacet
  facet normal 6.723009e-01 7.402780e-01 -0.000000e+00
    outer loop
      vertex   3.526682e+02 3.342260e+02 1.685000e+02
      vertex   3.526682e+02 3.342260e+02 1.715000e+02
      vertex   3.529101e+02 3.340063e+02 1.685000e+02
    endloop
  endfacet
  facet normal 6.723009e-01 7.402780e-01 -0.000000e+00
    outer loop
      vertex   3.529101e+02 3.340063e+02 1.685000e+02
      vertex   3.526682e+02 3.342260e+02 1.715000e+02
      vertex   3.529101e+02 3.340063e+02 1.715000e+02
    endloop
  endfacet
  facet normal 5.721167e-01 8.201723e-01 -0.000000e+00
    outer loop
      vertex   3.529101e+02 3.340063e+02 1.685000e+02
      vertex   3.529101e+02 3.340063e+02 1.715000e+02
      vertex   3.531781e+02 3.338194e+02 1.685000e+02
    endloop
  endfacet
  facet normal 5.721167e-01 8.201723e-01 -0.000000e+00
    outer loop
      vertex   3.531781e+02 3.338194e+02 1.685000e+02
      vertex   3.529101e+02 3.340063e+02 1.715000e+02
      vertex   3.531781e+02 3.338194e+02 1.715000e+02
    endloop
  endfacet
  facet normal 4.625383e-01 8.865993e-01 -0.000000e+00
    outer loop
      vertex   3.531781e+02 3.338194e+02 1.685000e+02
      vertex   3.531781e+02 3.338194e+02 1.715000e+02
      vertex   3.534678e+02 3.336682e+02 1.685000e+02
    endloop
  endfacet
  facet normal 4.625383e-01 8.865993e-01 -0.000000e+00
    outer loop
      vertex   3.534678e+02 3.336682e+02 1.685000e+02
      vertex   3.531781e+02 3.338194e+02 1.715000e+02
      vertex   3.534678e+02 3.336682e+02 1.715000e+02
    endloop
  endfacet
  facet normal 3.453651e-01 9.384684e-01 -0.000000e+00
    outer loop
      vertex   3.534678e+02 3.336682e+02 1.685000e+02
      vertex   3.534678e+02 3.336682e+02 1.715000e+02
      vertex   3.537745e+02 3.335554e+02 1.685000e+02
    endloop
  endfacet
  facet normal 3.453651e-01 9.384684e-01 -0.000000e+00
    outer loop
      vertex   3.537745e+02 3.335554e+02 1.685000e+02
      vertex   3.534678e+02 3.336682e+02 1.715000e+02
      vertex   3.537745e+02 3.335554e+02 1.715000e+02
    endloop
  endfacet
  facet normal 2.225209e-01 9.749279e-01 -0.000000e+00
    outer loop
      vertex   3.537745e+02 3.335554e+02 1.685000e+02
      vertex   3.537745e+02 3.335554e+02 1.715000e+02
      vertex   3.540930e+02 3.334827e+02 1.685000e+02
    endloop
  endfacet
  facet normal 2.225209e-01 9.749279e-01 -0.000000e+00
    outer loop
      vertex   3.540930e+02 3.334827e+02 1.685000e+02
      vertex   3.537745e+02 3.335554e+02 1.715000e+02
      vertex   3.540930e+02 3.334827e+02 1.715000e+02
    endloop
  endfacet
  facet normal 9.602303e-02 9.953791e-01 -0.000000e+00
    outer loop
      vertex   3.540930e+02 3.334827e+02 1.685000e+02
      vertex   3.540930e+02 3.334827e+02 1.715000e+02
      vertex   3.544183e+02 3.334513e+02 1.685000e+02
    endloop
  endfacet
  facet normal 9.602303e-02 9.953791e-01 -0.000000e+00
    outer loop
      vertex   3.544183e+02 3.334513e+02 1.685000e+02
      vertex   3.540930e+02 3.334827e+02 1.715000e+02
      vertex   3.544183e+02 3.334513e+02 1.715000e+02
    endloop
  endfacet
  facet normal -3.205158e-02 9.994862e-01 0.000000e+00
    outer loop
      vertex   3.544183e+02 3.334513e+02 1.685000e+02
      vertex   3.544183e+02 3.334513e+02 1.715000e+02
      vertex   3.547449e+02 3.334618e+02 1.685000e+02
    endloop
  endfacet
  facet normal -3.205158e-02 9.994862e-01 0.000000e+00
    outer loop
      vertex   3.547449e+02 3.334618e+02 1.685000e+02
      vertex   3.544183e+02 3.334513e+02 1.715000e+02
      vertex   3.547449e+02 3.334618e+02 1.715000e+02
    endloop
  endfacet
  facet normal -1.595999e-01 9.871818e-01 0.000000e+00
    outer loop
      vertex   3.547449e+02 3.334618e+02 1.685000e+02
      vertex   3.547449e+02 3.334618e+02 1.715000e+02
      vertex   3.550674e+02 3.335139e+02 1.685000e+02
    endloop
  endfacet
  facet normal -1.595999e-01 9.871818e-01 0.000000e+00
    outer loop
      vertex   3.550674e+02 3.335139e+02 1.685000e+02
      vertex   3.547449e+02 3.334618e+02 1.715000e+02
      vertex   3.550674e+02 3.335139e+02 1.715000e+02
    endloop
  endfacet
  facet normal -2.845276e-01 9.586679e-01 0.000000e+00
    outer loop
      vertex   3.550674e+02 3.335139e+02 1.685000e+02
      vertex   3.550674e+02 3.335139e+02 1.715000e+02
      vertex   3.553807e+02 3.336069e+02 1.685000e+02
    endloop
  endfacet
  facet normal -2.845276e-01 9.586679e-01 0.000000e+00
    outer loop
      vertex   3.553807e+02 3.336069e+02 1.685000e+02
      vertex   3.550674e+02 3.335139e+02 1.715000e+02
      vertex   3.553807e+02 3.336069e+02 1.715000e+02
    endloop
  endfacet
  facet normal -4.047833e-01 9.144126e-01 0.000000e+00
    outer loop
      vertex   3.553807e+02 3.336069e+02 1.685000e+02
      vertex   3.553807e+02 3.336069e+02 1.715000e+02
      vertex   3.556795e+02 3.337392e+02 1.685000e+02
    endloop
  endfacet
  facet normal -4.047833e-01 9.144126e-01 0.000000e+00
    outer loop
      vertex   3.556795e+02 3.337392e+02 1.685000e+02
      vertex   3.553807e+02 3.336069e+02 1.715000e+02
      vertex   3.556795e+02 3.337392e+02 1.715000e+02
    endloop
  endfacet
  facet normal -5.183926e-01 8.551428e-01 0.000000e+00
    outer loop
      vertex   3.556795e+02 3.337392e+02 1.685000e+02
      vertex   3.556795e+02 3.337392e+02 1.715000e+02
      vertex   3.559589e+02 3.339086e+02 1.685000e+02
    endloop
  endfacet
  facet normal -5.183926e-01 8.551428e-01 0.000000e+00
    outer loop
      vertex   3.559589e+02 3.339086e+02 1.685000e+02
      vertex   3.556795e+02 3.337392e+02 1.715000e+02
      vertex   3.559589e+02 3.339086e+02 1.715000e+02
    endloop
  endfacet
  facet normal -6.234898e-01 7.818315e-01 0.000000e+00
    outer loop
      vertex   3.559589e+02 3.339086e+02 1.685000e+02
      vertex   3.559589e+02 3.339086e+02 1.715000e+02
      vertex   3.562144e+02 3.341123e+02 1.685000e+02
    endloop
  endfacet
  facet normal -6.234898e-01 7.818315e-01 0.000000e+00
    outer loop
      vertex   3.562144e+02 3.341123e+02 1.685000e+02
      vertex   3.559589e+02 3.339086e+02 1.715000e+02
      vertex   3.562144e+02 3.341123e+02 1.715000e+02
    endloop
  endfacet
  facet normal -7.183494e-01 6.956826e-01 0.000000e+00
    outer loop
      vertex   3.562144e+02 3.341123e+02 1.685000e+02
      vertex   3.562144e+02 3.341123e+02 1.715000e+02
      vertex   3.564417e+02 3.343470e+02 1.685000e+02
    endloop
  endfacet
  facet normal -7.183494e-01 6.956826e-01 0.000000e+00
    outer loop
      vertex   3.564417e+02 3.343470e+02 1.685000e+02
      vertex   3.562144e+02 3.341123e+02 1.715000e+02
      vertex   3.564417e+02 3.343470e+02 1.715000e+02
    endloop
  endfacet
  facet normal -8.014136e-01 5.981105e-01 0.000000e+00
    outer loop
      vertex   3.564417e+02 3.343470e+02 1.685000e+02
      vertex   3.564417e+02 3.343470e+02 1.715000e+02
      vertex   3.566371e+02 3.346089e+02 1.685000e+02
    endloop
  endfacet
  facet normal -8.014136e-01 5.981105e-01 0.000000e+00
    outer loop
      vertex   3.566371e+02 3.346089e+02 1.685000e+02
      vertex   3.564417e+02 3.343470e+02 1.715000e+02
      vertex   3.566371e+02 3.346089e+02 1.715000e+02
    endloop
  endfacet
  facet normal -8.713187e-01 4.907176e-01 0.000000e+00
    outer loop
      vertex   3.566371e+02 3.346089e+02 1.685000e+02
      vertex   3.566371e+02 3.346089e+02 1.715000e+02
      vertex   3.567975e+02 3.348936e+02 1.685000e+02
    endloop
  endfacet
  facet normal -8.713187e-01 4.907176e-01 0.000000e+00
    outer loop
      vertex   3.567975e+02 3.348936e+02 1.685000e+02
      vertex   3.566371e+02 3.346089e+02 1.715000e+02
      vertex   3.567975e+02 3.348936e+02 1.715000e+02
    endloop
  endfacet
  facet normal -9.269168e-01 3.752670e-01 0.000000e+00
    outer loop
      vertex   3.567975e+02 3.348936e+02 1.685000e+02
      vertex   3.567975e+02 3.348936e+02 1.715000e+02
      vertex   3.569201e+02 3.351965e+02 1.685000e+02
    endloop
  endfacet
  facet normal -9.269168e-01 3.752670e-01 0.000000e+00
    outer loop
      vertex   3.569201e+02 3.351965e+02 1.685000e+02
      vertex   3.567975e+02 3.348936e+02 1.715000e+02
      vertex   3.569201e+02 3.351965e+02 1.715000e+02
    endloop
  endfacet
  facet normal -9.672949e-01 2.536546e-01 0.000000e+00
    outer loop
      vertex   3.569201e+02 3.351965e+02 1.685000e+02
      vertex   3.569201e+02 3.351965e+02 1.715000e+02
      vertex   3.570030e+02 3.355125e+02 1.685000e+02
    endloop
  endfacet
  facet normal -9.672949e-01 2.536546e-01 0.000000e+00
    outer loop
      vertex   3.570030e+02 3.355125e+02 1.685000e+02
      vertex   3.569201e+02 3.351965e+02 1.715000e+02
      vertex   3.570030e+02 3.355125e+02 1.715000e+02
    endloop
  endfacet
  facet normal -9.917900e-01 1.278772e-01 0.000000e+00
    outer loop
      vertex   3.570030e+02 3.355125e+02 1.685000e+02
      vertex   3.570030e+02 3.355125e+02 1.715000e+02
      vertex   3.570448e+02 3.358366e+02 1.685000e+02
    endloop
  endfacet
  facet normal -9.917900e-01 1.278772e-01 0.000000e+00
    outer loop
      vertex   3.570448e+02 3.358366e+02 1.685000e+02
      vertex   3.570030e+02 3.355125e+02 1.715000e+02
      vertex   3.570448e+02 3.358366e+02 1.715000e+02
    endloop
  endfacet
  facet normal -1.000000e+00 0.000000e+00 0.000000e+00
    outer loop
      vertex   3.570448e+02 3.358366e+02 1.685000e+02
      vertex   3.570448e+02 3.358366e+02 1.715000e+02
      vertex   3.570448e+02 3.361634e+02 1.685000e+02
    endloop
  endfacet
  facet normal -1.000000e+00 0.000000e+00 0.000000e+00
    outer loop
      vertex   3.570448e+02 3.361634e+02 1.685000e+02
      vertex   3.570448e+02 3.358366e+02 1.715000e+02
      vertex   3.570448e+02 3.361634e+02 1.715000e+02
    endloop
  endfacet
  facet normal -9.917900e-01 -1.278772e-01 0.000000e+00
    outer loop
      vertex   3.570448e+02 3.361634e+02 1.685000e+02
      vertex   3.570448e+02 3.361634e+02 1.715000e+02
      vertex   3.570030e+02 3.364875e+02 1.685000e+02
    endloop
  endfacet
  facet normal -9.917900e-01 -1.278772e-01 0.000000e+00
    outer loop
      vertex   3.570030e+02 3.364875e+02 1.685000e+02
      vertex   3.570448e+02 3.361634e+02 1.715000e+02
      vertex   3.570030e+02 3.364875e+02 1.715000e+02
    endloop
  endfacet
  facet normal -9.672949e-01 -2.536546e-01 0.000000e+00
    outer loop
      vertex   3.570030e+02 3.364875e+02 1.685000e+02
      vertex   3.570030e+02 3.364875e+02 1.715000e+02
      vertex   3.569201e+02 3.368035e+02 1.715000e+02
    endloop
  endfacet
  facet normal 9.815592e-01 -1.911586e-01 0.000000e+00
    outer loop
      vertex   3.519709e+02 3.363261e+02 1.715000e+02
      vertex   3.519709e+02 3.363261e+02 1.685000e+02
      vertex   3.520334e+02 3.366468e+02 1.715000e+02
    endloop
  endfacet
  facet normal 9.815592e-01 -1.911586e-01 0.000000e+00
    outer loop
      vertex   3.520334e+02 3.366468e+02 1.715000e+02
      vertex   3.519709e+02 3.363261e+02 1.685000e+02
      vertex   3.520334e+02 3.366468e+02 1.685000e+02
    endloop
  endfacet
  facet normal 9.490557e-01 -3.151082e-01 0.000000e+00
    outer loop
      vertex   3.520334e+02 3.366468e+02 1.715000e+02
      vertex   3.520334e+02 3.366468e+02 1.685000e+02
      vertex   3.521364e+02 3.369569e+02 1.685000e+02
    endloop
  endfacet
  facet normal 9.490557e-01 -3.151082e-01 0.000000e+00
    outer loop
      vertex   3.520334e+02 3.366468e+02 1.715000e+02
      vertex   3.521364e+02 3.369569e+02 1.685000e+02
      vertex   3.521364e+02 3.369569e+02 1.715000e+02
    endloop
  endfacet
  facet normal 9.009689e-01 -4.338837e-01 0.000000e+00
    outer loop
      vertex   3.521364e+02 3.369569e+02 1.715000e+02
      vertex   3.521364e+02 3.369569e+02 1.685000e+02
      vertex   3.522781e+02 3.372513e+02 1.685000e+02
    endloop
  endfacet
  facet normal 9.009689e-01 -4.338837e-01 0.000000e+00
    outer loop
      vertex   3.521364e+02 3.369569e+02 1.715000e+02
      vertex   3.522781e+02 3.372513e+02 1.685000e+02
      vertex   3.522781e+02 3.372513e+02 1.715000e+02
    endloop
  endfacet
  facet normal 8.380881e-01 -5.455349e-01 0.000000e+00
    outer loop
      vertex   3.522781e+02 3.372513e+02 1.715000e+02
      vertex   3.522781e+02 3.372513e+02 1.685000e+02
      vertex   3.524564e+02 3.375252e+02 1.685000e+02
    endloop
  endfacet
  facet normal 8.380881e-01 -5.455349e-01 0.000000e+00
    outer loop
      vertex   3.522781e+02 3.372513e+02 1.715000e+02
      vertex   3.524564e+02 3.375252e+02 1.685000e+02
      vertex   3.524564e+02 3.375252e+02 1.715000e+02
    endloop
  endfacet
  facet normal 7.614460e-01 -6.482284e-01 0.000000e+00
    outer loop
      vertex   3.524564e+02 3.375252e+02 1.715000e+02
      vertex   3.524564e+02 3.375252e+02 1.685000e+02
      vertex   3.526682e+02 3.377740e+02 1.685000e+02
    endloop
  endfacet
  facet normal 7.614460e-01 -6.482284e-01 0.000000e+00
    outer loop
      vertex   3.524564e+02 3.375252e+02 1.715000e+02
      vertex   3.526682e+02 3.377740e+02 1.685000e+02
      vertex   3.526682e+02 3.377740e+02 1.715000e+02
    endloop
  endfacet
  facet normal 6.723009e-01 -7.402780e-01 0.000000e+00
    outer loop
      vertex   3.526682e+02 3.377740e+02 1.715000e+02
      vertex   3.526682e+02 3.377740e+02 1.685000e+02
      vertex   3.529101e+02 3.379937e+02 1.685000e+02
    endloop
  endfacet
  facet normal 6.723009e-01 -7.402780e-01 0.000000e+00
    outer loop
      vertex   3.526682e+02 3.377740e+02 1.715000e+02
      vertex   3.529101e+02 3.379937e+02 1.685000e+02
      vertex   3.529101e+02 3.379937e+02 1.715000e+02
    endloop
  endfacet
  facet normal 5.721167e-01 -8.201723e-01 0.000000e+00
    outer loop
      vertex   3.529101e+02 3.379937e+02 1.715000e+02
      vertex   3.529101e+02 3.379937e+02 1.685000e+02
      vertex   3.531781e+02 3.381806e+02 1.685000e+02
    endloop
  endfacet
  facet normal 5.721167e-01 -8.201723e-01 0.000000e+00
    outer loop
      vertex   3.529101e+02 3.379937e+02 1.715000e+02
      vertex   3.531781e+02 3.381806e+02 1.685000e+02
      vertex   3.531781e+02 3.381806e+02 1.715000e+02
    endloop
  endfacet
  facet normal 4.625383e-01 -8.865993e-01 0.000000e+00
    outer loop
      vertex   3.531781e+02 3.381806e+02 1.715000e+02
      vertex   3.531781e+02 3.381806e+02 1.685000e+02
      vertex   3.534678e+02 3.383318e+02 1.685000e+02
    endloop
  endfacet
  facet normal 4.625383e-01 -8.865993e-01 0.000000e+00
    outer loop
      vertex   3.531781e+02 3.381806e+02 1.715000e+02
      vertex   3.534678e+02 3.383318e+02 1.685000e+02
      vertex   3.534678e+02 3.383318e+02 1.715000e+02
    endloop
  endfacet
  facet normal 3.453651e-01 -9.384684e-01 0.000000e+00
    outer loop
      vertex   3.534678e+02 3.383318e+02 1.715000e+02
      vertex   3.534678e+02 3.383318e+02 1.685000e+02
      vertex   3.537745e+02 3.384446e+02 1.685000e+02
    endloop
  endfacet
  facet normal 3.453651e-01 -9.384684e-01 0.000000e+00
    outer loop
      vertex   3.534678e+02 3.383318e+02 1.715000e+02
      vertex   3.537745e+02 3.384446e+02 1.685000e+02
      vertex   3.537745e+02 3.384446e+02 1.715000e+02
    endloop
  endfacet
  facet normal 2.225209e-01 -9.749279e-01 0.000000e+00
    outer loop
      vertex   3.537745e+02 3.384446e+02 1.715000e+02
      vertex   3.537745e+02 3.384446e+02 1.685000e+02
      vertex   3.540930e+02 3.385173e+02 1.685000e+02
    endloop
  endfacet
  facet normal 2.225209e-01 -9.749279e-01 0.000000e+00
    outer loop
      vertex   3.537745e+02 3.384446e+02 1.715000e+02
      vertex   3.540930e+02 3.385173e+02 1.685000e+02
      vertex   3.540930e+02 3.385173e+02 1.715000e+02
    endloop
  endfacet
  facet normal 9.602303e-02 -9.953791e-01 0.000000e+00
    outer loop
      vertex   3.540930e+02 3.385173e+02 1.715000e+02
      vertex   3.540930e+02 3.385173e+02 1.685000e+02
      vertex   3.544183e+02 3.385487e+02 1.685000e+02
    endloop
  endfacet
  facet normal 9.602303e-02 -9.953791e-01 0.000000e+00
    outer loop
      vertex   3.540930e+02 3.385173e+02 1.715000e+02
      vertex   3.544183e+02 3.385487e+02 1.685000e+02
      vertex   3.544183e+02 3.385487e+02 1.715000e+02
    endloop
  endfacet
  facet normal -3.205158e-02 -9.994862e-01 -0.000000e+00
    outer loop
      vertex   3.544183e+02 3.385487e+02 1.715000e+02
      vertex   3.544183e+02 3.385487e+02 1.685000e+02
      vertex   3.547449e+02 3.385382e+02 1.685000e+02
    endloop
  endfacet
  facet normal -3.205158e-02 -9.994862e-01 0.000000e+00
    outer loop
      vertex   3.544183e+02 3.385487e+02 1.715000e+02
      vertex   3.547449e+02 3.385382e+02 1.685000e+02
      vertex   3.547449e+02 3.385382e+02 1.715000e+02
    endloop
  endfacet
  facet normal -1.595999e-01 -9.871818e-01 -0.000000e+00
    outer loop
      vertex   3.547449e+02 3.385382e+02 1.715000e+02
      vertex   3.547449e+02 3.385382e+02 1.685000e+02
      vertex   3.550674e+02 3.384861e+02 1.685000e+02
    endloop
  endfacet
  facet normal -1.595999e-01 -9.871818e-01 0.000000e+00
    outer loop
      vertex   3.547449e+02 3.385382e+02 1.715000e+02
      vertex   3.550674e+02 3.384861e+02 1.685000e+02
      vertex   3.550674e+02 3.384861e+02 1.715000e+02
    endloop
  endfacet
  facet normal -2.845276e-01 -9.586679e-01 -0.000000e+00
    outer loop
      vertex   3.550674e+02 3.384861e+02 1.715000e+02
      vertex   3.550674e+02 3.384861e+02 1.685000e+02
      vertex   3.553807e+02 3.383931e+02 1.685000e+02
    endloop
  endfacet
  facet normal -2.845276e-01 -9.586679e-01 0.000000e+00
    outer loop
      vertex   3.550674e+02 3.384861e+02 1.715000e+02
      vertex   3.553807e+02 3.383931e+02 1.685000e+02
      vertex   3.553807e+02 3.383931e+02 1.715000e+02
    endloop
  endfacet
  facet normal -4.047833e-01 -9.144126e-01 -0.000000e+00
    outer loop
      vertex   3.553807e+02 3.383931e+02 1.715000e+02
      vertex   3.553807e+02 3.383931e+02 1.685000e+02
      vertex   3.556795e+02 3.382608e+02 1.685000e+02
    endloop
  endfacet
  facet normal -4.047833e-01 -9.144126e-01 0.000000e+00
    outer loop
      vertex   3.553807e+02 3.383931e+02 1.715000e+02
      vertex   3.556795e+02 3.382608e+02 1.685000e+02
      vertex   3.556795e+02 3.382608e+02 1.715000e+02
    endloop
  endfacet
  facet normal -5.183926e-01 -8.551428e-01 -0.000000e+00
    outer loop
      vertex   3.556795e+02 3.382608e+02 1.715000e+02
      vertex   3.556795e+02 3.382608e+02 1.685000e+02
      vertex   3.559589e+02 3.380914e+02 1.685000e+02
    endloop
  endfacet
  facet normal -5.183926e-01 -8.551428e-01 0.000000e+00
    outer loop
      vertex   3.556795e+02 3.382608e+02 1.715000e+02
      vertex   3.559589e+02 3.380914e+02 1.685000e+02
      vertex   3.559589e+02 3.380914e+02 1.715000e+02
    endloop
  endfacet
  facet normal -6.234898e-01 -7.818315e-01 -0.000000e+00
    outer loop
      vertex   3.559589e+02 3.380914e+02 1.715000e+02
      vertex   3.559589e+02 3.380914e+02 1.685000e+02
      vertex   3.562144e+02 3.378877e+02 1.685000e+02
    endloop
  endfacet
  facet normal -6.234898e-01 -7.818315e-01 0.000000e+00
    outer loop
      vertex   3.559589e+02 3.380914e+02 1.715000e+02
      vertex   3.562144e+02 3.378877e+02 1.685000e+02
      vertex   3.562144e+02 3.378877e+02 1.715000e+02
    endloop
  endfacet
  facet normal -7.183494e-01 -6.956826e-01 -0.000000e+00
    outer loop
      vertex   3.562144e+02 3.378877e+02 1.715000e+02
      vertex   3.562144e+02 3.378877e+02 1.685000e+02
      vertex   3.564417e+02 3.376530e+02 1.685000e+02
    endloop
  endfacet
  facet normal -7.183494e-01 -6.956826e-01 0.000000e+00
    outer loop
      vertex   3.562144e+02 3.378877e+02 1.715000e+02
      vertex   3.564417e+02 3.376530e+02 1.685000e+02
      vertex   3.564417e+02 3.376530e+02 1.715000e+02
    endloop
  endfacet
  facet normal -8.014136e-01 -5.981105e-01 -0.000000e+00
    outer loop
      vertex   3.564417e+02 3.376530e+02 1.715000e+02
      vertex   3.564417e+02 3.376530e+02 1.685000e+02
      vertex   3.566371e+02 3.373911e+02 1.685000e+02
    endloop
  endfacet
  facet normal -8.014136e-01 -5.981105e-01 0.000000e+00
    outer loop
      vertex   3.564417e+02 3.376530e+02 1.715000e+02
      vertex   3.566371e+02 3.373911e+02 1.685000e+02
      vertex   3.566371e+02 3.373911e+02 1.715000e+02
    endloop
  endfacet
  facet normal -8.713187e-01 -4.907176e-01 -0.000000e+00
    outer loop
      vertex   3.566371e+02 3.373911e+02 1.715000e+02
      vertex   3.566371e+02 3.373911e+02 1.685000e+02
      vertex   3.567975e+02 3.371064e+02 1.685000e+02
    endloop
  endfacet
  facet normal -8.713187e-01 -4.907176e-01 0.000000e+00
    outer loop
      vertex   3.566371e+02 3.373911e+02 1.715000e+02
      vertex   3.567975e+02 3.371064e+02 1.685000e+02
      vertex   3.567975e+02 3.371064e+02 1.715000e+02
    endloop
  endfacet
  facet normal -9.269168e-01 -3.752670e-01 -0.000000e+00
    outer loop
      vertex   3.567975e+02 3.371064e+02 1.715000e+02
      vertex   3.567975e+02 3.371064e+02 1.685000e+02
      vertex   3.569201e+02 3.368035e+02 1.685000e+02
    endloop
  endfacet
  facet normal -9.269168e-01 -3.752670e-01 0.000000e+00
    outer loop
      vertex   3.567975e+02 3.371064e+02 1.715000e+02
      vertex   3.569201e+02 3.368035e+02 1.685000e+02
      vertex   3.569201e+02 3.368035e+02 1.715000e+02
    endloop
  endfacet
  facet normal -9.672949e-01 -2.536546e-01 -0.000000e+00
    outer loop
      vertex   3.569201e+02 3.368035e+02 1.715000e+02
      vertex   3.569201e+02 3.368035e+02 1.685000e+02
      vertex   3.570030e+02 3.364875e+02 1.685000e+02
    endloop
  endfacet
  facet normal 9.979454e-01 6.407022e-02 0.000000e+00
    outer loop
      vertex   3.519709e+02 3.356739e+02 1.810000e+02
      vertex   3.519500e+02 3.360000e+02 1.810000e+02
      vertex   3.519500e+02 3.360000e+02 1.839979e+02
    endloop
  endfacet
  facet normal 9.979454e-01 -6.407022e-02 0.000000e+00
    outer loop
      vertex   3.519500e+02 3.360000e+02 1.839979e+02
      vertex   3.519500e+02 3.360000e+02 1.810000e+02
      vertex   3.519709e+02 3.363261e+02 1.810000e+02
    endloop
  endfacet
  facet normal 9.979454e-01 -6.407022e-02 0.000000e+00
    outer loop
      vertex   3.519500e+02 3.360000e+02 1.839979e+02
      vertex   3.519709e+02 3.363261e+02 1.810000e+02
      vertex   3.519709e+02 3.363261e+02 1.839979e+02
    endloop
  endfacet
  facet normal 9.815592e-01 -1.911586e-01 0.000000e+00
    outer loop
      vertex   3.519709e+02 3.363261e+02 1.839979e+02
      vertex   3.519709e+02 3.363261e+02 1.810000e+02
      vertex   3.520334e+02 3.366468e+02 1.810000e+02
    endloop
  endfacet
  facet normal 9.815592e-01 -1.911586e-01 0.000000e+00
    outer loop
      vertex   3.519709e+02 3.363261e+02 1.839979e+02
      vertex   3.520334e+02 3.366468e+02 1.810000e+02
      vertex   3.520334e+02 3.366468e+02 1.839979e+02
    endloop
  endfacet
  facet normal 9.490557e-01 -3.151082e-01 0.000000e+00
    outer loop
      vertex   3.520334e+02 3.366468e+02 1.839979e+02
      vertex   3.520334e+02 3.366468e+02 1.810000e+02
      vertex   3.521364e+02 3.369569e+02 1.810000e+02
    endloop
  endfacet
  facet normal 9.490557e-01 -3.151082e-01 0.000000e+00
    outer loop
      vertex   3.520334e+02 3.366468e+02 1.839979e+02
      vertex   3.521364e+02 3.369569e+02 1.810000e+02
      vertex   3.521364e+02 3.369569e+02 1.839979e+02
    endloop
  endfacet
  facet normal 9.009689e-01 -4.338837e-01 0.000000e+00
    outer loop
      vertex   3.521364e+02 3.369569e+02 1.839979e+02
      vertex   3.521364e+02 3.369569e+02 1.810000e+02
      vertex   3.522781e+02 3.372513e+02 1.810000e+02
    endloop
  endfacet
  facet normal 9.009689e-01 -4.338837e-01 0.000000e+00
    outer loop
      vertex   3.521364e+02 3.369569e+02 1.839979e+02
      vertex   3.522781e+02 3.372513e+02 1.810000e+02
      vertex   3.522781e+02 3.372513e+02 1.839979e+02
    endloop
  endfacet
  facet normal 8.380881e-01 -5.455349e-01 0.000000e+00
    outer loop
      vertex   3.522781e+02 3.372513e+02 1.839979e+02
      vertex   3.522781e+02 3.372513e+02 1.810000e+02
      vertex   3.524564e+02 3.375252e+02 1.810000e+02
    endloop
  endfacet
  facet normal 8.380881e-01 -5.455349e-01 0.000000e+00
    outer loop
      vertex   3.522781e+02 3.372513e+02 1.839979e+02
      vertex   3.524564e+02 3.375252e+02 1.810000e+02
      vertex   3.524564e+02 3.375252e+02 1.839979e+02
    endloop
  endfacet
  facet normal 7.614460e-01 -6.482284e-01 0.000000e+00
    outer loop
      vertex   3.524564e+02 3.375252e+02 1.839979e+02
      vertex   3.524564e+02 3.375252e+02 1.810000e+02
      vertex   3.526682e+02 3.377740e+02 1.810000e+02
    endloop
  endfacet
  facet normal 7.614460e-01 -6.482284e-01 0.000000e+00
    outer loop
      vertex   3.524564e+02 3.375252e+02 1.839979e+02
      vertex   3.526682e+02 3.377740e+02 1.810000e+02
      vertex   3.526682e+02 3.377740e+02 1.839979e+02
    endloop
  endfacet
  facet normal 6.723009e-01 -7.402780e-01 0.000000e+00
    outer loop
      vertex   3.526682e+02 3.377740e+02 1.839979e+02
      vertex   3.526682e+02 3.377740e+02 1.810000e+02
      vertex   3.529101e+02 3.379937e+02 1.810000e+02
    endloop
  endfacet
  facet normal 6.723009e-01 -7.402780e-01 0.000000e+00
    outer loop
      vertex   3.526682e+02 3.377740e+02 1.839979e+02
      vertex   3.529101e+02 3.379937e+02 1.810000e+02
      vertex   3.529101e+02 3.379937e+02 1.839979e+02
    endloop
  endfacet
  facet normal 5.721167e-01 -8.201723e-01 0.000000e+00
    outer loop
      vertex   3.529101e+02 3.379937e+02 1.839979e+02
      vertex   3.529101e+02 3.379937e+02 1.810000e+02
      vertex   3.531781e+02 3.381806e+02 1.810000e+02
    endloop
  endfacet
  facet normal 5.721167e-01 -8.201723e-01 0.000000e+00
    outer loop
      vertex   3.529101e+02 3.379937e+02 1.839979e+02
      vertex   3.531781e+02 3.381806e+02 1.810000e+02
      vertex   3.531781e+02 3.381806e+02 1.839979e+02
    endloop
  endfacet
  facet normal 4.625383e-01 -8.865993e-01 0.000000e+00
    outer loop
      vertex   3.531781e+02 3.381806e+02 1.839979e+02
      vertex   3.531781e+02 3.381806e+02 1.810000e+02
      vertex   3.534678e+02 3.383318e+02 1.810000e+02
    endloop
  endfacet
  facet normal 4.625383e-01 -8.865993e-01 0.000000e+00
    outer loop
      vertex   3.531781e+02 3.381806e+02 1.839979e+02
      vertex   3.534678e+02 3.383318e+02 1.810000e+02
      vertex   3.534678e+02 3.383318e+02 1.839979e+02
    endloop
  endfacet
  facet normal 3.453651e-01 -9.384684e-01 0.000000e+00
    outer loop
      vertex   3.534678e+02 3.383318e+02 1.839979e+02
      vertex   3.534678e+02 3.383318e+02 1.810000e+02
      vertex   3.537745e+02 3.384446e+02 1.810000e+02
    endloop
  endfacet
  facet normal 3.453651e-01 -9.384684e-01 0.000000e+00
    outer loop
      vertex   3.534678e+02 3.383318e+02 1.839979e+02
      vertex   3.537745e+02 3.384446e+02 1.810000e+02
      vertex   3.537745e+02 3.384446e+02 1.839979e+02
    endloop
  endfacet
  facet normal 2.225209e-01 -9.749279e-01 0.000000e+00
    outer loop
      vertex   3.537745e+02 3.384446e+02 1.839979e+02
      vertex   3.537745e+02 3.384446e+02 1.810000e+02
      vertex   3.540930e+02 3.385173e+02 1.810000e+02
    endloop
  endfacet
  facet normal 2.225209e-01 -9.749279e-01 0.000000e+00
    outer loop
      vertex   3.537745e+02 3.384446e+02 1.839979e+02
      vertex   3.540930e+02 3.385173e+02 1.810000e+02
      vertex   3.540930e+02 3.385173e+02 1.839979e+02
    endloop
  endfacet
  facet normal 9.602303e-02 -9.953791e-01 0.000000e+00
    outer loop
      vertex   3.540930e+02 3.385173e+02 1.839979e+02
      vertex   3.540930e+02 3.385173e+02 1.810000e+02
      vertex   3.544183e+02 3.385487e+02 1.810000e+02
    endloop
  endfacet
  facet normal 9.602303e-02 -9.953791e-01 0.000000e+00
    outer loop
      vertex   3.540930e+02 3.385173e+02 1.839979e+02
      vertex   3.544183e+02 3.385487e+02 1.810000e+02
      vertex   3.544183e+02 3.385487e+02 1.839979e+02
    endloop
  endfacet
  facet normal -3.205158e-02 -9.994862e-01 -0.000000e+00
    outer loop
      vertex   3.544183e+02 3.385487e+02 1.839979e+02
      vertex   3.544183e+02 3.385487e+02 1.810000e+02
      vertex   3.547449e+02 3.385382e+02 1.810000e+02
    endloop
  endfacet
  facet normal -3.205158e-02 -9.994862e-01 0.000000e+00
    outer loop
      vertex   3.544183e+02 3.385487e+02 1.839979e+02
      vertex   3.547449e+02 3.385382e+02 1.810000e+02
      vertex   3.547449e+02 3.385382e+02 1.839979e+02
    endloop
  endfacet
  facet normal -1.595999e-01 -9.871818e-01 -0.000000e+00
    outer loop
      vertex   3.547449e+02 3.385382e+02 1.839979e+02
      vertex   3.547449e+02 3.385382e+02 1.810000e+02
      vertex   3.550674e+02 3.384861e+02 1.810000e+02
    endloop
  endfacet
  facet normal -1.595999e-01 -9.871818e-01 0.000000e+00
    outer loop
      vertex   3.547449e+02 3.385382e+02 1.839979e+02
      vertex   3.550674e+02 3.384861e+02 1.810000e+02
      vertex   3.550674e+02 3.384861e+02 1.839979e+02
    endloop
  endfacet
  facet normal -2.845276e-01 -9.586679e-01 -0.000000e+00
    outer loop
      vertex   3.550674e+02 3.384861e+02 1.839979e+02
      vertex   3.550674e+02 3.384861e+02 1.810000e+02
      vertex   3.553807e+02 3.383931e+02 1.810000e+02
    endloop
  endfacet
  facet normal -2.845276e-01 -9.586679e-01 0.000000e+00
    outer loop
      vertex   3.550674e+02 3.384861e+02 1.839979e+02
      vertex   3.553807e+02 3.383931e+02 1.810000e+02
      vertex   3.553807e+02 3.383931e+02 1.839979e+02
    endloop
  endfacet
  facet normal -4.047833e-01 -9.144126e-01 -0.000000e+00
    outer loop
      vertex   3.553807e+02 3.383931e+02 1.839979e+02
      vertex   3.553807e+02 3.383931e+02 1.810000e+02
      vertex   3.556795e+02 3.382608e+02 1.810000e+02
    endloop
  endfacet
  facet normal -4.047833e-01 -9.144126e-01 0.000000e+00
    outer loop
      vertex   3.553807e+02 3.383931e+02 1.839979e+02
      vertex   3.556795e+02 3.382608e+02 1.810000e+02
      vertex   3.556795e+02 3.382608e+02 1.839979e+02
    endloop
  endfacet
  facet normal -5.183926e-01 -8.551428e-01 -0.000000e+00
    outer loop
      vertex   3.556795e+02 3.382608e+02 1.839979e+02
      vertex   3.556795e+02 3.382608e+02 1.810000e+02
      vertex   3.559589e+02 3.380914e+02 1.810000e+02
    endloop
  endfacet
  facet normal -5.183926e-01 -8.551428e-01 0.000000e+00
    outer loop
      vertex   3.556795e+02 3.382608e+02 1.839979e+02
      vertex   3.559589e+02 3.380914e+02 1.810000e+02
      vertex   3.559589e+02 3.380914e+02 1.839979e+02
    endloop
  endfacet
  facet normal -6.234898e-01 -7.818315e-01 -0.000000e+00
    outer loop
      vertex   3.559589e+02 3.380914e+02 1.839979e+02
      vertex   3.559589e+02 3.380914e+02 1.810000e+02
      vertex   3.562144e+02 3.378877e+02 1.810000e+02
    endloop
  endfacet
  facet normal -6.234898e-01 -7.818315e-01 0.000000e+00
    outer loop
      vertex   3.559589e+02 3.380914e+02 1.839979e+02
      vertex   3.562144e+02 3.378877e+02 1.810000e+02
      vertex   3.562144e+02 3.378877e+02 1.839979e+02
    endloop
  endfacet
  facet normal -7.183494e-01 -6.956826e-01 -0.000000e+00
    outer loop
      vertex   3.562144e+02 3.378877e+02 1.839979e+02
      vertex   3.562144e+02 3.378877e+02 1.810000e+02
      vertex   3.564417e+02 3.376530e+02 1.810000e+02
    endloop
  endfacet
  facet normal -7.183494e-01 -6.956826e-01 0.000000e+00
    outer loop
      vertex   3.562144e+02 3.378877e+02 1.839979e+02
      vertex   3.564417e+02 3.376530e+02 1.810000e+02
      vertex   3.564417e+02 3.376530e+02 1.839979e+02
    endloop
  endfacet
  facet normal -8.014136e-01 -5.981105e-01 -0.000000e+00
    outer loop
      vertex   3.564417e+02 3.376530e+02 1.839979e+02
      vertex   3.564417e+02 3.376530e+02 1.810000e+02
      vertex   3.566371e+02 3.373911e+02 1.810000e+02
    endloop
  endfacet
  facet normal -8.014136e-01 -5.981105e-01 0.000000e+00
    outer loop
      vertex   3.564417e+02 3.376530e+02 1.839979e+02
      vertex   3.566371e+02 3.373911e+02 1.810000e+02
      vertex   3.566371e+02 3.373911e+02 1.839979e+02
    endloop
  endfacet
  facet normal -8.713187e-01 -4.907176e-01 -0.000000e+00
    outer loop
      vertex   3.566371e+02 3.373911e+02 1.839979e+02
      vertex   3.566371e+02 3.373911e+02 1.810000e+02
      vertex   3.567975e+02 3.371064e+02 1.810000e+02
    endloop
  endfacet
  facet normal -8.713187e-01 -4.907176e-01 0.000000e+00
    outer loop
      vertex   3.566371e+02 3.373911e+02 1.839979e+02
      vertex   3.567975e+02 3.371064e+02 1.810000e+02
      vertex   3.567975e+02 3.371064e+02 1.839979e+02
    endloop
  endfacet
  facet normal -9.269168e-01 -3.752670e-01 -0.000000e+00
    outer loop
      vertex   3.567975e+02 3.371064e+02 1.839979e+02
      vertex   3.567975e+02 3.371064e+02 1.810000e+02
      vertex   3.569201e+02 3.368035e+02 1.810000e+02
    endloop
  endfacet
  facet normal -9.269168e-01 -3.752670e-01 0.000000e+00
    outer loop
      vertex   3.567975e+02 3.371064e+02 1.839979e+02
      vertex   3.569201e+02 3.368035e+02 1.810000e+02
      vertex   3.569201e+02 3.368035e+02 1.839979e+02
    endloop
  endfacet
  facet normal -9.672949e-01 -2.536546e-01 -0.000000e+00
    outer loop
      vertex   3.569201e+02 3.368035e+02 1.839979e+02
      vertex   3.569201e+02 3.368035e+02 1.810000e+02
      vertex   3.570030e+02 3.364875e+02 1.810000e+02
    endloop
  endfacet
  facet normal -9.672949e-01 -2.536546e-01 0.000000e+00
    outer loop
      vertex   3.569201e+02 3.368035e+02 1.839979e+02
      vertex   3.570030e+02 3.364875e+02 1.810000e+02
      vertex   3.570030e+02 3.364875e+02 1.839979e+02
    endloop
  endfacet
  facet normal -9.917900e-01 -1.278772e-01 -0.000000e+00
    outer loop
      vertex   3.570030e+02 3.364875e+02 1.839979e+02
      vertex   3.570030e+02 3.364875e+02 1.810000e+02
      vertex   3.570448e+02 3.361634e+02 1.810000e+02
    endloop
  endfacet
  facet normal -9.917900e-01 -1.278772e-01 0.000000e+00
    outer loop
      vertex   3.570030e+02 3.364875e+02 1.839979e+02
      vertex   3.570448e+02 3.361634e+02 1.810000e+02
      vertex   3.570448e+02 3.361634e+02 1.839979e+02
    endloop
  endfacet
  facet normal -1.000000e+00 -0.000000e+00 -0.000000e+00
    outer loop
      vertex   3.570448e+02 3.361634e+02 1.839979e+02
      vertex   3.570448e+02 3.361634e+02 1.810000e+02
      vertex   3.570448e+02 3.358366e+02 1.839979e+02
    endloop
  endfacet
  facet normal -1.000000e+00 0.000000e+00 0.000000e+00
    outer loop
      vertex   3.570448e+02 3.358366e+02 1.839979e+02
      vertex   3.570448e+02 3.361634e+02 1.810000e+02
      vertex   3.570448e+02 3.358366e+02 1.810000e+02
    endloop
  endfacet
  facet normal -9.917900e-01 1.278772e-01 0.000000e+00
    outer loop
      vertex   3.570448e+02 3.358366e+02 1.839979e+02
      vertex   3.570448e+02 3.358366e+02 1.810000e+02
      vertex   3.570030e+02 3.355125e+02 1.839979e+02
    endloop
  endfacet
  facet normal -9.917900e-01 1.278772e-01 0.000000e+00
    outer loop
      vertex   3.570030e+02 3.355125e+02 1.839979e+02
      vertex   3.570448e+02 3.358366e+02 1.810000e+02
      vertex   3.570030e+02 3.355125e+02 1.810000e+02
    endloop
  endfacet
  facet normal -9.672949e-01 2.536546e-01 0.000000e+00
    outer loop
      vertex   3.570030e+02 3.355125e+02 1.839979e+02
      vertex   3.570030e+02 3.355125e+02 1.810000e+02
      vertex   3.569201e+02 3.351965e+02 1.839979e+02
    endloop
  endfacet
  facet normal -9.672949e-01 2.536546e-01 0.000000e+00
    outer loop
      vertex   3.569201e+02 3.351965e+02 1.839979e+02
      vertex   3.570030e+02 3.355125e+02 1.810000e+02
      vertex   3.569201e+02 3.351965e+02 1.810000e+02
    endloop
  endfacet
  facet normal -9.269168e-01 3.752670e-01 0.000000e+00
    outer loop
      vertex   3.569201e+02 3.351965e+02 1.839979e+02
      vertex   3.569201e+02 3.351965e+02 1.810000e+02
      vertex   3.567975e+02 3.348936e+02 1.839979e+02
    endloop
  endfacet
  facet normal -9.269168e-01 3.752670e-01 0.000000e+00
    outer loop
      vertex   3.567975e+02 3.348936e+02 1.839979e+02
      vertex   3.569201e+02 3.351965e+02 1.810000e+02
      vertex   3.567975e+02 3.348936e+02 1.810000e+02
    endloop
  endfacet
  facet normal -8.713187e-01 4.907176e-01 0.000000e+00
    outer loop
      vertex   3.567975e+02 3.348936e+02 1.839979e+02
      vertex   3.567975e+02 3.348936e+02 1.810000e+02
      vertex   3.566371e+02 3.346089e+02 1.839979e+02
    endloop
  endfacet
  facet normal -8.713187e-01 4.907176e-01 0.000000e+00
    outer loop
      vertex   3.566371e+02 3.346089e+02 1.839979e+02
      vertex   3.567975e+02 3.348936e+02 1.810000e+02
      vertex   3.566371e+02 3.346089e+02 1.810000e+02
    endloop
  endfacet
  facet normal -8.014136e-01 5.981105e-01 0.000000e+00
    outer loop
      vertex   3.566371e+02 3.346089e+02 1.839979e+02
      vertex   3.566371e+02 3.346089e+02 1.810000e+02
      vertex   3.564417e+02 3.343470e+02 1.839979e+02
    endloop
  endfacet
  facet normal -8.014136e-01 5.981105e-01 0.000000e+00
    outer loop
      vertex   3.564417e+02 3.343470e+02 1.839979e+02
      vertex   3.566371e+02 3.346089e+02 1.810000e+02
      vertex   3.564417e+02 3.343470e+02 1.810000e+02
    endloop
  endfacet
  facet normal -7.183494e-01 6.956826e-01 0.000000e+00
    outer loop
      vertex   3.564417e+02 3.343470e+02 1.839979e+02
      vertex   3.564417e+02 3.343470e+02 1.810000e+02
      vertex   3.562144e+02 3.341123e+02 1.839979e+02
    endloop
  endfacet
  facet normal -7.183494e-01 6.956826e-01 0.000000e+00
    outer loop
      vertex   3.562144e+02 3.341123e+02 1.839979e+02
      vertex   3.564417e+02 3.343470e+02 1.810000e+02
      vertex   3.562144e+02 3.341123e+02 1.810000e+02
    endloop
  endfacet
  facet normal -6.234898e-01 7.818315e-01 0.000000e+00
    outer loop
      vertex   3.562144e+02 3.341123e+02 1.839979e+02
      vertex   3.562144e+02 3.341123e+02 1.810000e+02
      vertex   3.559589e+02 3.339086e+02 1.839979e+02
    endloop
  endfacet
  facet normal -6.234898e-01 7.818315e-01 0.000000e+00
    outer loop
      vertex   3.559589e+02 3.339086e+02 1.839979e+02
      vertex   3.562144e+02 3.341123e+02 1.810000e+02
      vertex   3.559589e+02 3.339086e+02 1.810000e+02
    endloop
  endfacet
  facet normal -5.183926e-01 8.551428e-01 0.000000e+00
    outer loop
      vertex   3.559589e+02 3.339086e+02 1.839979e+02
      vertex   3.559589e+02 3.339086e+02 1.810000e+02
      vertex   3.556795e+02 3.337392e+02 1.839979e+02
    endloop
  endfacet
  facet normal -5.183926e-01 8.551428e-01 0.000000e+00
    outer loop
      vertex   3.556795e+02 3.337392e+02 1.839979e+02
      vertex   3.559589e+02 3.339086e+02 1.810000e+02
      vertex   3.556795e+02 3.337392e+02 1.810000e+02
    endloop
  endfacet
  facet normal -4.047833e-01 9.144126e-01 0.000000e+00
    outer loop
      vertex   3.556795e+02 3.337392e+02 1.839979e+02
      vertex   3.556795e+02 3.337392e+02 1.810000e+02
      vertex   3.553807e+02 3.336069e+02 1.839979e+02
    endloop
  endfacet
  facet normal -4.047833e-01 9.144126e-01 0.000000e+00
    outer loop
      vertex   3.553807e+02 3.336069e+02 1.839979e+02
      vertex   3.556795e+02 3.337392e+02 1.810000e+02
      vertex   3.553807e+02 3.336069e+02 1.810000e+02
    endloop
  endfacet
  facet normal -2.845276e-01 9.586679e-01 0.000000e+00
    outer loop
      vertex   3.553807e+02 3.336069e+02 1.839979e+02
      vertex   3.553807e+02 3.336069e+02 1.810000e+02
      vertex   3.550674e+02 3.335139e+02 1.839979e+02
    endloop
  endfacet
  facet normal -2.845276e-01 9.586679e-01 0.000000e+00
    outer loop
      vertex   3.550674e+02 3.335139e+02 1.839979e+02
      vertex   3.553807e+02 3.336069e+02 1.810000e+02
      vertex   3.550674e+02 3.335139e+02 1.810000e+02
    endloop
  endfacet
  facet normal -1.595999e-01 9.871818e-01 0.000000e+00
    outer loop
      vertex   3.550674e+02 3.335139e+02 1.839979e+02
      vertex   3.550674e+02 3.335139e+02 1.810000e+02
      vertex   3.547449e+02 3.334618e+02 1.839979e+02
    endloop
  endfacet
  facet normal -1.595999e-01 9.871818e-01 0.000000e+00
    outer loop
      vertex   3.547449e+02 3.334618e+02 1.839979e+02
      vertex   3.550674e+02 3.335139e+02 1.810000e+02
      vertex   3.547449e+02 3.334618e+02 1.810000e+02
    endloop
  endfacet
  facet normal -3.205158e-02 9.994862e-01 0.000000e+00
    outer loop
      vertex   3.547449e+02 3.334618e+02 1.839979e+02
      vertex   3.547449e+02 3.334618e+02 1.810000e+02
      vertex   3.544183e+02 3.334513e+02 1.839979e+02
    endloop
  endfacet
  facet normal -3.205158e-02 9.994862e-01 0.000000e+00
    outer loop
      vertex   3.544183e+02 3.334513e+02 1.839979e+02
      vertex   3.547449e+02 3.334618e+02 1.810000e+02
      vertex   3.544183e+02 3.334513e+02 1.810000e+02
    endloop
  endfacet
  facet normal 9.602303e-02 9.953791e-01 0.000000e+00
    outer loop
      vertex   3.544183e+02 3.334513e+02 1.839979e+02
      vertex   3.544183e+02 3.334513e+02 1.810000e+02
      vertex   3.540930e+02 3.334827e+02 1.839979e+02
    endloop
  endfacet
  facet normal 9.602303e-02 9.953791e-01 0.000000e+00
    outer loop
      vertex   3.540930e+02 3.334827e+02 1.839979e+02
      vertex   3.544183e+02 3.334513e+02 1.810000e+02
      vertex   3.540930e+02 3.334827e+02 1.810000e+02
    endloop
  endfacet
  facet normal 2.225209e-01 9.749279e-01 0.000000e+00
    outer loop
      vertex   3.540930e+02 3.334827e+02 1.839979e+02
      vertex   3.540930e+02 3.334827e+02 1.810000e+02
      vertex   3.537745e+02 3.335554e+02 1.839979e+02
    endloop
  endfacet
  facet normal 2.225209e-01 9.749279e-01 0.000000e+00
    outer loop
      vertex   3.537745e+02 3.335554e+02 1.839979e+02
      vertex   3.540930e+02 3.334827e+02 1.810000e+02
      vertex   3.537745e+02 3.335554e+02 1.810000e+02
    endloop
  endfacet
  facet normal 3.453651e-01 9.384684e-01 0.000000e+00
    outer loop
      vertex   3.537745e+02 3.335554e+02 1.839979e+02
      vertex   3.537745e+02 3.335554e+02 1.810000e+02
      vertex   3.534678e+02 3.336682e+02 1.839979e+02
    endloop
  endfacet
  facet normal 3.453651e-01 9.384684e-01 0.000000e+00
    outer loop
      vertex   3.534678e+02 3.336682e+02 1.839979e+02
      vertex   3.537745e+02 3.335554e+02 1.810000e+02
      vertex   3.534678e+02 3.336682e+02 1.810000e+02
    endloop
  endfacet
  facet normal 4.625383e-01 8.865993e-01 0.000000e+00
    outer loop
      vertex   3.534678e+02 3.336682e+02 1.839979e+02
      vertex   3.534678e+02 3.336682e+02 1.810000e+02
      vertex   3.531781e+02 3.338194e+02 1.839979e+02
    endloop
  endfacet
  facet normal 4.625383e-01 8.865993e-01 0.000000e+00
    outer loop
      vertex   3.531781e+02 3.338194e+02 1.839979e+02
      vertex   3.534678e+02 3.336682e+02 1.810000e+02
      vertex   3.531781e+02 3.338194e+02 1.810000e+02
    endloop
  endfacet
  facet normal 5.721167e-01 8.201723e-01 0.000000e+00
    outer loop
      vertex   3.531781e+02 3.338194e+02 1.839979e+02
      vertex   3.531781e+02 3.338194e+02 1.810000e+02
      vertex   3.529101e+02 3.340063e+02 1.839979e+02
    endloop
  endfacet
  facet normal 5.721167e-01 8.201723e-01 0.000000e+00
    outer loop
      vertex   3.529101e+02 3.340063e+02 1.839979e+02
      vertex   3.531781e+02 3.338194e+02 1.810000e+02
      vertex   3.529101e+02 3.340063e+02 1.810000e+02
    endloop
  endfacet
  facet normal 6.723009e-01 7.402780e-01 0.000000e+00
    outer loop
      vertex   3.529101e+02 3.340063e+02 1.839979e+02
      vertex   3.529101e+02 3.340063e+02 1.810000e+02
      vertex   3.526682e+02 3.342260e+02 1.839979e+02
    endloop
  endfacet
  facet normal 6.723009e-01 7.402780e-01 0.000000e+00
    outer loop
      vertex   3.526682e+02 3.342260e+02 1.839979e+02
      vertex   3.529101e+02 3.340063e+02 1.810000e+02
      vertex   3.526682e+02 3.342260e+02 1.810000e+02
    endloop
  endfacet
  facet normal 7.614460e-01 6.482284e-01 0.000000e+00
    outer loop
      vertex   3.526682e+02 3.342260e+02 1.839979e+02
      vertex   3.526682e+02 3.342260e+02 1.810000e+02
      vertex   3.524564e+02 3.344748e+02 1.839979e+02
    endloop
  endfacet
  facet normal 7.614460e-01 6.482284e-01 0.000000e+00
    outer loop
      vertex   3.524564e+02 3.344748e+02 1.839979e+02
      vertex   3.526682e+02 3.342260e+02 1.810000e+02
      vertex   3.524564e+02 3.344748e+02 1.810000e+02
    endloop
  endfacet
  facet normal 8.380881e-01 5.455349e-01 0.000000e+00
    outer loop
      vertex   3.524564e+02 3.344748e+02 1.839979e+02
      vertex   3.524564e+02 3.344748e+02 1.810000e+02
      vertex   3.522781e+02 3.347487e+02 1.839979e+02
    endloop
  endfacet
  facet normal 8.380881e-01 5.455349e-01 0.000000e+00
    outer loop
      vertex   3.522781e+02 3.347487e+02 1.839979e+02
      vertex   3.524564e+02 3.344748e+02 1.810000e+02
      vertex   3.522781e+02 3.347487e+02 1.810000e+02
    endloop
  endfacet
  facet normal 9.009689e-01 4.338837e-01 0.000000e+00
    outer loop
      vertex   3.522781e+02 3.347487e+02 1.839979e+02
      vertex   3.522781e+02 3.347487e+02 1.810000e+02
      vertex   3.521364e+02 3.350431e+02 1.839979e+02
    endloop
  endfacet
  facet normal 9.009689e-01 4.338837e-01 0.000000e+00
    outer loop
      vertex   3.521364e+02 3.350431e+02 1.839979e+02
      vertex   3.522781e+02 3.347487e+02 1.810000e+02
      vertex   3.521364e+02 3.350431e+02 1.810000e+02
    endloop
  endfacet
  facet normal 9.490557e-01 3.151082e-01 0.000000e+00
    outer loop
      vertex   3.521364e+02 3.350431e+02 1.839979e+02
      vertex   3.521364e+02 3.350431e+02 1.810000e+02
      vertex   3.520334e+02 3.353532e+02 1.839979e+02
    endloop
  endfacet
  facet normal 9.490557e-01 3.151082e-01 0.000000e+00
    outer loop
      vertex   3.520334e+02 3.353532e+02 1.839979e+02
      vertex   3.521364e+02 3.350431e+02 1.810000e+02
      vertex   3.520334e+02 3.353532e+02 1.810000e+02
    endloop
  endfacet
  facet normal 9.815592e-01 1.911586e-01 0.000000e+00
    outer loop
      vertex   3.520334e+02 3.353532e+02 1.839979e+02
      vertex   3.520334e+02 3.353532e+02 1.810000e+02
      vertex   3.519709e+02 3.356739e+02 1.839979e+02
    endloop
  endfacet
  facet normal 9.815592e-01 1.911586e-01 0.000000e+00
    outer loop
      vertex   3.519709e+02 3.356739e+02 1.839979e+02
      vertex   3.520334e+02 3.353532e+02 1.810000e+02
      vertex   3.519709e+02 3.356739e+02 1.810000e+02
    endloop
  endfacet
  facet normal 9.979454e-01 6.407022e-02 0.000000e+00
    outer loop
      vertex   3.519709e+02 3.356739e+02 1.839979e+02
      vertex   3.519709e+02 3.356739e+02 1.810000e+02
      vertex   3.519500e+02 3.360000e+02 1.839979e+02
    endloop
  endfacet
  facet normal 1.072952e-08 -5.084069e-15 -1.000000e+00
    outer loop
      vertex   3.695000e+02 3.455000e+02 1.685000e+02
      vertex   3.553807e+02 3.383931e+02 1.685000e+02
      vertex   3.500000e+02 3.455000e+02 1.685000e+02
    endloop
  endfacet
  facet normal 1.072959e-08 4.489249e-14 -1.000000e+00
    outer loop
      vertex   3.500000e+02 3.455000e+02 1.685000e+02
      vertex   3.553807e+02 3.383931e+02 1.685000e+02
      vertex   3.550674e+02 3.384861e+02 1.685000e+02
    endloop
  endfacet
  facet normal 1.072945e-08 -5.748562e-14 -1.000000e+00
    outer loop
      vertex   3.500000e+02 3.455000e+02 1.685000e+02
      vertex   3.550674e+02 3.384861e+02 1.685000e+02
      vertex   3.547449e+02 3.385382e+02 1.685000e+02
    endloop
  endfacet
  facet normal 1.072952e-08 0.000000e+00 -1.000000e+00
    outer loop
      vertex   3.695000e+02 3.265000e+02 1.685000e+02
      vertex   3.570448e+02 3.361634e+02 1.685000e+02
      vertex   3.695000e+02 3.455000e+02 1.685000e+02
    endloop
  endfacet
  facet normal 1.072950e-08 2.239859e-14 -1.000000e+00
    outer loop
      vertex   3.695000e+02 3.455000e+02 1.685000e+02
      vertex   3.570448e+02 3.361634e+02 1.685000e+02
      vertex   3.570030e+02 3.364875e+02 1.685000e+02
    endloop
  endfacet
  facet normal 1.072955e-08 -3.440262e-14 -1.000000e+00
    outer loop
      vertex   3.695000e+02 3.455000e+02 1.685000e+02
      vertex   3.570030e+02 3.364875e+02 1.685000e+02
      vertex   3.569201e+02 3.368035e+02 1.685000e+02
    endloop
  endfacet
  facet normal 1.072952e-08 5.084069e-15 -1.000000e+00
    outer loop
      vertex   3.500000e+02 3.265000e+02 1.685000e+02
      vertex   3.553807e+02 3.336069e+02 1.685000e+02
      vertex   3.695000e+02 3.265000e+02 1.685000e+02
    endloop
  endfacet
  facet normal 1.072950e-08 -2.925927e-14 -1.000000e+00
    outer loop
      vertex   3.695000e+02 3.265000e+02 1.685000e+02
      vertex   3.553807e+02 3.336069e+02 1.685000e+02
      vertex   3.556795e+02 3.337392e+02 1.685000e+02
    endloop
  endfacet
  facet normal 1.072947e-08 -9.616598e-14 -1.000000e+00
    outer loop
      vertex   3.695000e+02 3.265000e+02 1.685000e+02
      vertex   3.556795e+02 3.337392e+02 1.685000e+02
      vertex   3.559589e+02 3.339086e+02 1.685000e+02
    endloop
  endfacet
  facet normal 1.072965e-08 4.098737e-13 -1.000000e+00
    outer loop
      vertex   3.497154e+02 3.265204e+02 1.685000e+02
      vertex   3.494365e+02 3.265810e+02 1.685000e+02
      vertex   3.500000e+02 3.265000e+02 1.685000e+02
    endloop
  endfacet
  facet normal 1.072973e-08 9.332745e-13 -1.000000e+00
    outer loop
      vertex   3.500000e+02 3.265000e+02 1.685000e+02
      vertex   3.494365e+02 3.265810e+02 1.685000e+02
      vertex   3.491692e+02 3.266807e+02 1.685000e+02
    endloop
  endfacet
  facet normal 1.072948e-08 -2.086836e-13 -1.000000e+00
    outer loop
      vertex   3.500000e+02 3.265000e+02 1.685000e+02
      vertex   3.491692e+02 3.266807e+02 1.685000e+02
      vertex   3.489187e+02 3.268175e+02 1.685000e+02
    endloop
  endfacet
  facet normal 1.072953e-08 -4.866211e-14 -1.000000e+00
    outer loop
      vertex   3.489187e+02 3.268175e+02 1.685000e+02
      vertex   3.486903e+02 3.269885e+02 1.685000e+02
      vertex   3.500000e+02 3.265000e+02 1.685000e+02
    endloop
  endfacet
  facet normal 1.072968e-08 3.508874e-13 -1.000000e+00
    outer loop
      vertex   3.500000e+02 3.265000e+02 1.685000e+02
      vertex   3.486903e+02 3.269885e+02 1.685000e+02
      vertex   3.484885e+02 3.271903e+02 1.685000e+02
    endloop
  endfacet
  facet normal 1.072938e-08 -2.986790e-13 -1.000000e+00
    outer loop
      vertex   3.500000e+02 3.265000e+02 1.685000e+02
      vertex   3.484885e+02 3.271903e+02 1.685000e+02
      vertex   3.483175e+02 3.274187e+02 1.685000e+02
    endloop
  endfacet
  facet normal 1.072967e-08 2.283419e-13 -1.000000e+00
    outer loop
      vertex   3.483175e+02 3.274187e+02 1.685000e+02
      vertex   3.481807e+02 3.276692e+02 1.685000e+02
      vertex   3.500000e+02 3.265000e+02 1.685000e+02
    endloop
  endfacet
  facet normal 1.072945e-08 -1.144947e-13 -1.000000e+00
    outer loop
      vertex   3.500000e+02 3.265000e+02 1.685000e+02
      vertex   3.481807e+02 3.276692e+02 1.685000e+02
      vertex   3.480810e+02 3.279365e+02 1.685000e+02
    endloop
  endfacet
  facet normal 1.072951e-08 -3.477665e-14 -1.000000e+00
    outer loop
      vertex   3.500000e+02 3.265000e+02 1.685000e+02
      vertex   3.480810e+02 3.279365e+02 1.685000e+02
      vertex   3.480204e+02 3.282154e+02 1.685000e+02
    endloop
  endfacet
  facet normal 1.072963e-08 1.124389e-13 -1.000000e+00
    outer loop
      vertex   3.480204e+02 3.282154e+02 1.685000e+02
      vertex   3.480000e+02 3.285000e+02 1.685000e+02
      vertex   3.500000e+02 3.265000e+02 1.685000e+02
    endloop
  endfacet
  facet normal 1.072952e-08 2.803616e-15 -1.000000e+00
    outer loop
      vertex   3.500000e+02 3.265000e+02 1.685000e+02
      vertex   3.480000e+02 3.285000e+02 1.685000e+02
      vertex   3.537745e+02 3.335554e+02 1.685000e+02
    endloop
  endfacet
  facet normal 1.072943e-08 5.413880e-14 -1.000000e+00
    outer loop
      vertex   3.500000e+02 3.265000e+02 1.685000e+02
      vertex   3.537745e+02 3.335554e+02 1.685000e+02
      vertex   3.540930e+02 3.334827e+02 1.685000e+02
    endloop
  endfacet
  facet normal 1.072953e-08 8.132040e-23 -1.000000e+00
    outer loop
      vertex   3.480000e+02 3.435000e+02 1.685000e+02
      vertex   3.519500e+02 3.360000e+02 1.685000e+02
      vertex   3.480000e+02 3.285000e+02 1.685000e+02
    endloop
  endfacet
  facet normal 1.072947e-08 2.970167e-14 -1.000000e+00
    outer loop
      vertex   3.480000e+02 3.285000e+02 1.685000e+02
      vertex   3.519500e+02 3.360000e+02 1.685000e+02
      vertex   3.519709e+02 3.356739e+02 1.685000e+02
    endloop
  endfacet
  facet normal 1.072960e-08 -4.145443e-14 -1.000000e+00
    outer loop
      vertex   3.480000e+02 3.285000e+02 1.685000e+02
      vertex   3.519709e+02 3.356739e+02 1.685000e+02
      vertex   3.520334e+02 3.353532e+02 1.685000e+02
    endloop
  endfacet
  facet normal 1.072963e-08 -1.124389e-13 -1.000000e+00
    outer loop
      vertex   3.480204e+02 3.437846e+02 1.685000e+02
      vertex   3.500000e+02 3.455000e+02 1.685000e+02
      vertex   3.480000e+02 3.435000e+02 1.685000e+02
    endloop
  endfacet
  facet normal 1.072952e-08 -2.803616e-15 -1.000000e+00
    outer loop
      vertex   3.480000e+02 3.435000e+02 1.685000e+02
      vertex   3.500000e+02 3.455000e+02 1.685000e+02
      vertex   3.537745e+02 3.384446e+02 1.685000e+02
    endloop
  endfacet
  facet normal 1.072954e-08 1.633638e-14 -1.000000e+00
    outer loop
      vertex   3.480000e+02 3.435000e+02 1.685000e+02
      vertex   3.537745e+02 3.384446e+02 1.685000e+02
      vertex   3.534678e+02 3.383318e+02 1.685000e+02
    endloop
  endfacet
  facet normal 1.072951e-08 3.477665e-14 -1.000000e+00
    outer loop
      vertex   3.480204e+02 3.437846e+02 1.685000e+02
      vertex   3.480810e+02 3.440635e+02 1.685000e+02
      vertex   3.500000e+02 3.455000e+02 1.685000e+02
    endloop
  endfacet
  facet normal 1.072945e-08 1.144947e-13 -1.000000e+00
    outer loop
      vertex   3.500000e+02 3.455000e+02 1.685000e+02
      vertex   3.480810e+02 3.440635e+02 1.685000e+02
      vertex   3.481807e+02 3.443308e+02 1.685000e+02
    endloop
  endfacet
  facet normal 1.072967e-08 -2.283419e-13 -1.000000e+00
    outer loop
      vertex   3.500000e+02 3.455000e+02 1.685000e+02
      vertex   3.481807e+02 3.443308e+02 1.685000e+02
      vertex   3.483175e+02 3.445813e+02 1.685000e+02
    endloop
  endfacet
  facet normal 1.072938e-08 2.986790e-13 -1.000000e+00
    outer loop
      vertex   3.483175e+02 3.445813e+02 1.685000e+02
      vertex   3.484885e+02 3.448097e+02 1.685000e+02
      vertex   3.500000e+02 3.455000e+02 1.685000e+02
    endloop
  endfacet
  facet normal 1.072968e-08 -3.508874e-13 -1.000000e+00
    outer loop
      vertex   3.500000e+02 3.455000e+02 1.685000e+02
      vertex   3.484885e+02 3.448097e+02 1.685000e+02
      vertex   3.486903e+02 3.450115e+02 1.685000e+02
    endloop
  endfacet
  facet normal 1.072953e-08 4.866211e-14 -1.000000e+00
    outer loop
      vertex   3.500000e+02 3.455000e+02 1.685000e+02
      vertex   3.486903e+02 3.450115e+02 1.685000e+02
      vertex   3.489187e+02 3.451825e+02 1.685000e+02
    endloop
  endfacet
  facet normal 1.072948e-08 2.086836e-13 -1.000000e+00
    outer loop
      vertex   3.489187e+02 3.451825e+02 1.685000e+02
      vertex   3.491692e+02 3.453193e+02 1.685000e+02
      vertex   3.500000e+02 3.455000e+02 1.685000e+02
    endloop
  endfacet
  facet normal 1.072973e-08 -9.332745e-13 -1.000000e+00
    outer loop
      vertex   3.500000e+02 3.455000e+02 1.685000e+02
      vertex   3.491692e+02 3.453193e+02 1.685000e+02
      vertex   3.494365e+02 3.454190e+02 1.685000e+02
    endloop
  endfacet
  facet normal 1.072965e-08 -4.098737e-13 -1.000000e+00
    outer loop
      vertex   3.500000e+02 3.455000e+02 1.685000e+02
      vertex   3.494365e+02 3.454190e+02 1.685000e+02
      vertex   3.497154e+02 3.454796e+02 1.685000e+02
    endloop
  endfacet
  facet normal 1.072951e-08 1.066852e-14 -1.000000e+00
    outer loop
      vertex   3.520334e+02 3.353532e+02 1.685000e+02
      vertex   3.521364e+02 3.350431e+02 1.685000e+02
      vertex   3.480000e+02 3.285000e+02 1.685000e+02
    endloop
  endfacet
  facet normal 1.072946e-08 4.017743e-14 -1.000000e+00
    outer loop
      vertex   3.480000e+02 3.285000e+02 1.685000e+02
      vertex   3.521364e+02 3.350431e+02 1.685000e+02
      vertex   3.522781e+02 3.347487e+02 1.685000e+02
    endloop
  endfacet
  facet normal 1.072957e-08 -3.017038e-14 -1.000000e+00
    outer loop
      vertex   3.480000e+02 3.285000e+02 1.685000e+02
      vertex   3.522781e+02 3.347487e+02 1.685000e+02
      vertex   3.524564e+02 3.344748e+02 1.685000e+02
    endloop
  endfacet
  facet normal 1.072951e-08 1.126428e-14 -1.000000e+00
    outer loop
      vertex   3.524564e+02 3.344748e+02 1.685000e+02
      vertex   3.526682e+02 3.342260e+02 1.685000e+02
      vertex   3.480000e+02 3.285000e+02 1.685000e+02
    endloop
  endfacet
  facet normal 1.072953e-08 -1.184255e-15 -1.000000e+00
    outer loop
      vertex   3.480000e+02 3.285000e+02 1.685000e+02
      vertex   3.526682e+02 3.342260e+02 1.685000e+02
      vertex   3.529101e+02 3.340063e+02 1.685000e+02
    endloop
  endfacet
  facet normal 1.072957e-08 -3.881215e-14 -1.000000e+00
    outer loop
      vertex   3.480000e+02 3.285000e+02 1.685000e+02
      vertex   3.529101e+02 3.340063e+02 1.685000e+02
      vertex   3.531781e+02 3.338194e+02 1.685000e+02
    endloop
  endfacet
  facet normal 1.072950e-08 3.036124e-14 -1.000000e+00
    outer loop
      vertex   3.531781e+02 3.338194e+02 1.685000e+02
      vertex   3.534678e+02 3.336682e+02 1.685000e+02
      vertex   3.480000e+02 3.285000e+02 1.685000e+02
    endloop
  endfacet
  facet normal 1.072954e-08 -1.633638e-14 -1.000000e+00
    outer loop
      vertex   3.480000e+02 3.285000e+02 1.685000e+02
      vertex   3.534678e+02 3.336682e+02 1.685000e+02
      vertex   3.537745e+02 3.335554e+02 1.685000e+02
    endloop
  endfacet
  facet normal 1.072953e-08 -3.375920e-15 -1.000000e+00
    outer loop
      vertex   3.540930e+02 3.334827e+02 1.685000e+02
      vertex   3.544183e+02 3.334513e+02 1.685000e+02
      vertex   3.500000e+02 3.265000e+02 1.685000e+02
    endloop
  endfacet
  facet normal 1.072965e-08 -8.091448e-14 -1.000000e+00
    outer loop
      vertex   3.500000e+02 3.265000e+02 1.685000e+02
      vertex   3.544183e+02 3.334513e+02 1.685000e+02
      vertex   3.547449e+02 3.334618e+02 1.685000e+02
    endloop
  endfacet
  facet normal 1.072945e-08 5.748562e-14 -1.000000e+00
    outer loop
      vertex   3.500000e+02 3.265000e+02 1.685000e+02
      vertex   3.547449e+02 3.334618e+02 1.685000e+02
      vertex   3.550674e+02 3.335139e+02 1.685000e+02
    endloop
  endfacet
  facet normal 1.072959e-08 -4.489249e-14 -1.000000e+00
    outer loop
      vertex   3.550674e+02 3.335139e+02 1.685000e+02
      vertex   3.553807e+02 3.336069e+02 1.685000e+02
      vertex   3.500000e+02 3.265000e+02 1.685000e+02
    endloop
  endfacet
  facet normal 1.072958e-08 1.008397e-13 -1.000000e+00
    outer loop
      vertex   3.559589e+02 3.339086e+02 1.685000e+02
      vertex   3.562144e+02 3.341123e+02 1.685000e+02
      vertex   3.695000e+02 3.265000e+02 1.685000e+02
    endloop
  endfacet
  facet normal 1.072948e-08 -6.724069e-14 -1.000000e+00
    outer loop
      vertex   3.695000e+02 3.265000e+02 1.685000e+02
      vertex   3.562144e+02 3.341123e+02 1.685000e+02
      vertex   3.564417e+02 3.343470e+02 1.685000e+02
    endloop
  endfacet
  facet normal 1.072953e-08 8.398131e-15 -1.000000e+00
    outer loop
      vertex   3.695000e+02 3.265000e+02 1.685000e+02
      vertex   3.564417e+02 3.343470e+02 1.685000e+02
      vertex   3.566371e+02 3.346089e+02 1.685000e+02
    endloop
  endfacet
  facet normal 1.072950e-08 -3.184249e-14 -1.000000e+00
    outer loop
      vertex   3.566371e+02 3.346089e+02 1.685000e+02
      vertex   3.567975e+02 3.348936e+02 1.685000e+02
      vertex   3.695000e+02 3.265000e+02 1.685000e+02
    endloop
  endfacet
  facet normal 1.072952e-08 -3.075860e-15 -1.000000e+00
    outer loop
      vertex   3.695000e+02 3.265000e+02 1.685000e+02
      vertex   3.567975e+02 3.348936e+02 1.685000e+02
      vertex   3.569201e+02 3.351965e+02 1.685000e+02
    endloop
  endfacet
  facet normal 1.072955e-08 3.440262e-14 -1.000000e+00
    outer loop
      vertex   3.695000e+02 3.265000e+02 1.685000e+02
      vertex   3.569201e+02 3.351965e+02 1.685000e+02
      vertex   3.570030e+02 3.355125e+02 1.685000e+02
    endloop
  endfacet
  facet normal 1.072950e-08 -2.239859e-14 -1.000000e+00
    outer loop
      vertex   3.570030e+02 3.355125e+02 1.685000e+02
      vertex   3.570448e+02 3.358366e+02 1.685000e+02
      vertex   3.695000e+02 3.265000e+02 1.685000e+02
    endloop
  endfacet
  facet normal 1.072952e-08 0.000000e+00 -1.000000e+00
    outer loop
      vertex   3.695000e+02 3.265000e+02 1.685000e+02
      vertex   3.570448e+02 3.358366e+02 1.685000e+02
      vertex   3.570448e+02 3.361634e+02 1.685000e+02
    endloop
  endfacet
  facet normal 1.072952e-08 3.075860e-15 -1.000000e+00
    outer loop
      vertex   3.569201e+02 3.368035e+02 1.685000e+02
      vertex   3.567975e+02 3.371064e+02 1.685000e+02
      vertex   3.695000e+02 3.455000e+02 1.685000e+02
    endloop
  endfacet
  facet normal 1.072950e-08 3.184249e-14 -1.000000e+00
    outer loop
      vertex   3.695000e+02 3.455000e+02 1.685000e+02
      vertex   3.567975e+02 3.371064e+02 1.685000e+02
      vertex   3.566371e+02 3.373911e+02 1.685000e+02
    endloop
  endfacet
  facet normal 1.072953e-08 -8.398131e-15 -1.000000e+00
    outer loop
      vertex   3.695000e+02 3.455000e+02 1.685000e+02
      vertex   3.566371e+02 3.373911e+02 1.685000e+02
      vertex   3.564417e+02 3.376530e+02 1.685000e+02
    endloop
  endfacet
  facet normal 1.072948e-08 6.724069e-14 -1.000000e+00
    outer loop
      vertex   3.564417e+02 3.376530e+02 1.685000e+02
      vertex   3.562144e+02 3.378877e+02 1.685000e+02
      vertex   3.695000e+02 3.455000e+02 1.685000e+02
    endloop
  endfacet
  facet normal 1.072958e-08 -1.008397e-13 -1.000000e+00
    outer loop
      vertex   3.695000e+02 3.455000e+02 1.685000e+02
      vertex   3.562144e+02 3.378877e+02 1.685000e+02
      vertex   3.559589e+02 3.380914e+02 1.685000e+02
    endloop
  endfacet
  facet normal 1.072947e-08 9.616598e-14 -1.000000e+00
    outer loop
      vertex   3.695000e+02 3.455000e+02 1.685000e+02
      vertex   3.559589e+02 3.380914e+02 1.685000e+02
      vertex   3.556795e+02 3.382608e+02 1.685000e+02
    endloop
  endfacet
  facet normal 1.072950e-08 2.925927e-14 -1.000000e+00
    outer loop
      vertex   3.556795e+02 3.382608e+02 1.685000e+02
      vertex   3.553807e+02 3.383931e+02 1.685000e+02
      vertex   3.695000e+02 3.455000e+02 1.685000e+02
    endloop
  endfacet
  facet normal 1.072965e-08 8.091448e-14 -1.000000e+00
    outer loop
      vertex   3.547449e+02 3.385382e+02 1.685000e+02
      vertex   3.544183e+02 3.385487e+02 1.685000e+02
      vertex   3.500000e+02 3.455000e+02 1.685000e+02
    endloop
  endfacet
  facet normal 1.072953e-08 3.375920e-15 -1.000000e+00
    outer loop
      vertex   3.500000e+02 3.455000e+02 1.685000e+02
      vertex   3.544183e+02 3.385487e+02 1.685000e+02
      vertex   3.540930e+02 3.385173e+02 1.685000e+02
    endloop
  endfacet
  facet normal 1.072943e-08 -5.413880e-14 -1.000000e+00
    outer loop
      vertex   3.500000e+02 3.455000e+02 1.685000e+02
      vertex   3.540930e+02 3.385173e+02 1.685000e+02
      vertex   3.537745e+02 3.384446e+02 1.685000e+02
    endloop
  endfacet
  facet normal 1.072950e-08 -3.036124e-14 -1.000000e+00
    outer loop
      vertex   3.534678e+02 3.383318e+02 1.685000e+02
      vertex   3.531781e+02 3.381806e+02 1.685000e+02
      vertex   3.480000e+02 3.435000e+02 1.685000e+02
    endloop
  endfacet
  facet normal 1.072957e-08 3.881215e-14 -1.000000e+00
    outer loop
      vertex   3.480000e+02 3.435000e+02 1.685000e+02
      vertex   3.531781e+02 3.381806e+02 1.685000e+02
      vertex   3.529101e+02 3.379937e+02 1.685000e+02
    endloop
  endfacet
  facet normal 1.072953e-08 1.184256e-15 -1.000000e+00
    outer loop
      vertex   3.480000e+02 3.435000e+02 1.685000e+02
      vertex   3.529101e+02 3.379937e+02 1.685000e+02
      vertex   3.526682e+02 3.377740e+02 1.685000e+02
    endloop
  endfacet
  facet normal 1.072951e-08 -1.126428e-14 -1.000000e+00
    outer loop
      vertex   3.526682e+02 3.377740e+02 1.685000e+02
      vertex   3.524564e+02 3.375252e+02 1.685000e+02
      vertex   3.480000e+02 3.435000e+02 1.685000e+02
    endloop
  endfacet
  facet normal 1.072957e-08 3.017038e-14 -1.000000e+00
    outer loop
      vertex   3.480000e+02 3.435000e+02 1.685000e+02
      vertex   3.524564e+02 3.375252e+02 1.685000e+02
      vertex   3.522781e+02 3.372513e+02 1.685000e+02
    endloop
  endfacet
  facet normal 1.072946e-08 -4.017743e-14 -1.000000e+00
    outer loop
      vertex   3.480000e+02 3.435000e+02 1.685000e+02
      vertex   3.522781e+02 3.372513e+02 1.685000e+02
      vertex   3.521364e+02 3.369569e+02 1.685000e+02
    endloop
  endfacet
  facet normal 1.072951e-08 -1.066852e-14 -1.000000e+00
    outer loop
      vertex   3.521364e+02 3.369569e+02 1.685000e+02
      vertex   3.520334e+02 3.366468e+02 1.685000e+02
      vertex   3.480000e+02 3.435000e+02 1.685000e+02
    endloop
  endfacet
  facet normal 1.072960e-08 4.145443e-14 -1.000000e+00
    outer loop
      vertex   3.480000e+02 3.435000e+02 1.685000e+02
      vertex   3.520334e+02 3.366468e+02 1.685000e+02
      vertex   3.519709e+02 3.363261e+02 1.685000e+02
    endloop
  endfacet
  facet normal 1.072947e-08 -2.970167e-14 -1.000000e+00
    outer loop
      vertex   3.480000e+02 3.435000e+02 1.685000e+02
      vertex   3.519709e+02 3.363261e+02 1.685000e+02
      vertex   3.519500e+02 3.360000e+02 1.685000e+02
    endloop
  endfacet
  facet normal 1.000000e+00 0.000000e+00 0.000000e+00
    outer loop
      vertex   3.695000e+02 3.455000e+02 1.839979e+02
      vertex   3.695000e+02 3.392487e+02 1.761561e+02
      vertex   3.695000e+02 3.455000e+02 1.685000e+02
    endloop
  endfacet
  facet normal 1.000000e+00 0.000000e+00 0.000000e+00
    outer loop
      vertex   3.695000e+02 3.455000e+02 1.685000e+02
      vertex   3.695000e+02 3.392487e+02 1.761561e+02
      vertex   3.695000e+02 3.392169e+02 1.757864e+02
    endloop
  endfacet
  facet normal 1.000000e+00 0.000000e+00 0.000000e+00
    outer loop
      vertex   3.695000e+02 3.455000e+02 1.685000e+02
      vertex   3.695000e+02 3.392169e+02 1.757864e+02
      vertex   3.695000e+02 3.391432e+02 1.754227e+02
    endloop
  endfacet
  facet normal 1.000000e+00 -0.000000e+00 0.000000e+00
    outer loop
      vertex   3.695000e+02 3.265000e+02 1.839979e+02
      vertex   3.695000e+02 3.360000e+02 1.794989e+02
      vertex   3.695000e+02 3.455000e+02 1.839979e+02
    endloop
  endfacet
  facet normal 1.000000e+00 0.000000e+00 0.000000e+00
    outer loop
      vertex   3.695000e+02 3.455000e+02 1.839979e+02
      vertex   3.695000e+02 3.360000e+02 1.794989e+02
      vertex   3.695000e+02 3.363705e+02 1.794778e+02
    endloop
  endfacet
  facet normal 1.000000e+00 0.000000e+00 0.000000e+00
    outer loop
      vertex   3.695000e+02 3.455000e+02 1.839979e+02
      vertex   3.695000e+02 3.363705e+02 1.794778e+02
      vertex   3.695000e+02 3.367361e+02 1.794145e+02
    endloop
  endfacet
  facet normal 1.000000e+00 0.000000e+00 0.000000e+00
    outer loop
      vertex   3.695000e+02 3.265000e+02 1.685000e+02
      vertex   3.695000e+02 3.327513e+02 1.761561e+02
      vertex   3.695000e+02 3.265000e+02 1.839979e+02
    endloop
  endfacet
  facet normal 1.000000e+00 0.000000e+00 0.000000e+00
    outer loop
      vertex   3.695000e+02 3.265000e+02 1.839979e+02
      vertex   3.695000e+02 3.327513e+02 1.761561e+02
      vertex   3.695000e+02 3.327619e+02 1.765271e+02
    endloop
  endfacet
  facet normal 1.000000e+00 0.000000e+00 0.000000e+00
    outer loop
      vertex   3.695000e+02 3.265000e+02 1.839979e+02
      vertex   3.695000e+02 3.327619e+02 1.765271e+02
      vertex   3.695000e+02 3.328147e+02 1.768944e+02
    endloop
  endfacet
  facet normal 1.000000e+00 0.000000e+00 0.000000e+00
    outer loop
      vertex   3.695000e+02 3.455000e+02 1.685000e+02
      vertex   3.695000e+02 3.361855e+02 1.730042e+02
      vertex   3.695000e+02 3.265000e+02 1.685000e+02
    endloop
  endfacet
  facet normal 1.000000e+00 0.000000e+00 0.000000e+00
    outer loop
      vertex   3.695000e+02 3.265000e+02 1.685000e+02
      vertex   3.695000e+02 3.361855e+02 1.730042e+02
      vertex   3.695000e+02 3.358145e+02 1.730042e+02
    endloop
  endfacet
  facet normal 1.000000e+00 0.000000e+00 0.000000e+00
    outer loop
      vertex   3.695000e+02 3.265000e+02 1.685000e+02
      vertex   3.695000e+02 3.358145e+02 1.730042e+02
      vertex   3.695000e+02 3.354458e+02 1.730465e+02
    endloop
  endfacet
  facet normal 1.000000e+00 -0.000000e+00 0.000000e+00
    outer loop
      vertex   3.695000e+02 3.367361e+02 1.794145e+02
      vertex   3.695000e+02 3.370922e+02 1.793099e+02
      vertex   3.695000e+02 3.455000e+02 1.839979e+02
    endloop
  endfacet
  facet normal 1.000000e+00 0.000000e+00 0.000000e+00
    outer loop
      vertex   3.695000e+02 3.455000e+02 1.839979e+02
      vertex   3.695000e+02 3.370922e+02 1.793099e+02
      vertex   3.695000e+02 3.374340e+02 1.791655e+02
    endloop
  endfacet
  facet normal 1.000000e+00 0.000000e+00 0.000000e+00
    outer loop
      vertex   3.695000e+02 3.455000e+02 1.839979e+02
      vertex   3.695000e+02 3.374340e+02 1.791655e+02
      vertex   3.695000e+02 3.377571e+02 1.789830e+02
    endloop
  endfacet
  facet normal 1.000000e+00 -0.000000e+00 0.000000e+00
    outer loop
      vertex   3.695000e+02 3.377571e+02 1.789830e+02
      vertex   3.695000e+02 3.380573e+02 1.787649e+02
      vertex   3.695000e+02 3.455000e+02 1.839979e+02
    endloop
  endfacet
  facet normal 1.000000e+00 0.000000e+00 0.000000e+00
    outer loop
      vertex   3.695000e+02 3.455000e+02 1.839979e+02
      vertex   3.695000e+02 3.380573e+02 1.787649e+02
      vertex   3.695000e+02 3.383307e+02 1.785140e+02
    endloop
  endfacet
  facet normal 1.000000e+00 0.000000e+00 0.000000e+00
    outer loop
      vertex   3.695000e+02 3.455000e+02 1.839979e+02
      vertex   3.695000e+02 3.383307e+02 1.785140e+02
      vertex   3.695000e+02 3.385737e+02 1.782336e+02
    endloop
  endfacet
  facet normal 1.000000e+00 -0.000000e+00 0.000000e+00
    outer loop
      vertex   3.695000e+02 3.385737e+02 1.782336e+02
      vertex   3.695000e+02 3.387831e+02 1.779272e+02
      vertex   3.695000e+02 3.455000e+02 1.839979e+02
    endloop
  endfacet
  facet normal 1.000000e+00 0.000000e+00 0.000000e+00
    outer loop
      vertex   3.695000e+02 3.455000e+02 1.839979e+02
      vertex   3.695000e+02 3.387831e+02 1.779272e+02
      vertex   3.695000e+02 3.389563e+02 1.775990e+02
    endloop
  endfacet
  facet normal 1.000000e+00 0.000000e+00 0.000000e+00
    outer loop
      vertex   3.695000e+02 3.455000e+02 1.839979e+02
      vertex   3.695000e+02 3.389563e+02 1.775990e+02
      vertex   3.695000e+02 3.390909e+02 1.772533e+02
    endloop
  endfacet
  facet normal 1.000000e+00 -0.000000e+00 0.000000e+00
    outer loop
      vertex   3.695000e+02 3.390909e+02 1.772533e+02
      vertex   3.695000e+02 3.391853e+02 1.768944e+02
      vertex   3.695000e+02 3.455000e+02 1.839979e+02
    endloop
  endfacet
  facet normal 1.000000e+00 0.000000e+00 0.000000e+00
    outer loop
      vertex   3.695000e+02 3.455000e+02 1.839979e+02
      vertex   3.695000e+02 3.391853e+02 1.768944e+02
      vertex   3.695000e+02 3.392381e+02 1.765271e+02
    endloop
  endfacet
  facet normal 1.000000e+00 0.000000e+00 0.000000e+00
    outer loop
      vertex   3.695000e+02 3.455000e+02 1.839979e+02
      vertex   3.695000e+02 3.392381e+02 1.765271e+02
      vertex   3.695000e+02 3.392487e+02 1.761561e+02
    endloop
  endfacet
  facet normal 1.000000e+00 0.000000e+00 0.000000e+00
    outer loop
      vertex   3.695000e+02 3.391432e+02 1.754227e+02
      vertex   3.695000e+02 3.390286e+02 1.750698e+02
      vertex   3.695000e+02 3.455000e+02 1.685000e+02
    endloop
  endfacet
  facet normal 1.000000e+00 0.000000e+00 0.000000e+00
    outer loop
      vertex   3.695000e+02 3.455000e+02 1.685000e+02
      vertex   3.695000e+02 3.390286e+02 1.750698e+02
      vertex   3.695000e+02 3.388744e+02 1.747323e+02
    endloop
  endfacet
  facet normal 1.000000e+00 0.000000e+00 0.000000e+00
    outer loop
      vertex   3.695000e+02 3.455000e+02 1.685000e+02
      vertex   3.695000e+02 3.388744e+02 1.747323e+02
      vertex   3.695000e+02 3.386828e+02 1.744145e+02
    endloop
  endfacet
  facet normal 1.000000e+00 0.000000e+00 0.000000e+00
    outer loop
      vertex   3.695000e+02 3.386828e+02 1.744145e+02
      vertex   3.695000e+02 3.384562e+02 1.741206e+02
      vertex   3.695000e+02 3.455000e+02 1.685000e+02
    endloop
  endfacet
  facet normal 1.000000e+00 0.000000e+00 0.000000e+00
    outer loop
      vertex   3.695000e+02 3.455000e+02 1.685000e+02
      vertex   3.695000e+02 3.384562e+02 1.741206e+02
      vertex   3.695000e+02 3.381976e+02 1.738545e+02
    endloop
  endfacet
  facet normal 1.000000e+00 0.000000e+00 0.000000e+00
    outer loop
      vertex   3.695000e+02 3.455000e+02 1.685000e+02
      vertex   3.695000e+02 3.381976e+02 1.738545e+02
      vertex   3.695000e+02 3.379103e+02 1.736196e+02
    endloop
  endfacet
  facet normal 1.000000e+00 0.000000e+00 0.000000e+00
    outer loop
      vertex   3.695000e+02 3.379103e+02 1.736196e+02
      vertex   3.695000e+02 3.375981e+02 1.734190e+02
      vertex   3.695000e+02 3.455000e+02 1.685000e+02
    endloop
  endfacet
  facet normal 1.000000e+00 0.000000e+00 0.000000e+00
    outer loop
      vertex   3.695000e+02 3.455000e+02 1.685000e+02
      vertex   3.695000e+02 3.375981e+02 1.734190e+02
      vertex   3.695000e+02 3.372651e+02 1.732553e+02
    endloop
  endfacet
  facet normal 1.000000e+00 0.000000e+00 0.000000e+00
    outer loop
      vertex   3.695000e+02 3.455000e+02 1.685000e+02
      vertex   3.695000e+02 3.372651e+02 1.732553e+02
      vertex   3.695000e+02 3.369156e+02 1.731306e+02
    endloop
  endfacet
  facet normal 1.000000e+00 0.000000e+00 0.000000e+00
    outer loop
      vertex   3.695000e+02 3.369156e+02 1.731306e+02
      vertex   3.695000e+02 3.365542e+02 1.730465e+02
      vertex   3.695000e+02 3.455000e+02 1.685000e+02
    endloop
  endfacet
  facet normal 1.000000e+00 0.000000e+00 0.000000e+00
    outer loop
      vertex   3.695000e+02 3.455000e+02 1.685000e+02
      vertex   3.695000e+02 3.365542e+02 1.730465e+02
      vertex   3.695000e+02 3.361855e+02 1.730042e+02
    endloop
  endfacet
  facet normal 1.000000e+00 0.000000e+00 0.000000e+00
    outer loop
      vertex   3.695000e+02 3.354458e+02 1.730465e+02
      vertex   3.695000e+02 3.350844e+02 1.731306e+02
      vertex   3.695000e+02 3.265000e+02 1.685000e+02
    endloop
  endfacet
  facet normal 1.000000e+00 0.000000e+00 0.000000e+00
    outer loop
      vertex   3.695000e+02 3.265000e+02 1.685000e+02
      vertex   3.695000e+02 3.350844e+02 1.731306e+02
      vertex   3.695000e+02 3.347349e+02 1.732553e+02
    endloop
  endfacet
  facet normal 1.000000e+00 0.000000e+00 0.000000e+00
    outer loop
      vertex   3.695000e+02 3.265000e+02 1.685000e+02
      vertex   3.695000e+02 3.347349e+02 1.732553e+02
      vertex   3.695000e+02 3.344019e+02 1.734190e+02
    endloop
  endfacet
  facet normal 1.000000e+00 0.000000e+00 0.000000e+00
    outer loop
      vertex   3.695000e+02 3.344019e+02 1.734190e+02
      vertex   3.695000e+02 3.340897e+02 1.736196e+02
      vertex   3.695000e+02 3.265000e+02 1.685000e+02
    endloop
  endfacet
  facet normal 1.000000e+00 0.000000e+00 0.000000e+00
    outer loop
      vertex   3.695000e+02 3.265000e+02 1.685000e+02
      vertex   3.695000e+02 3.340897e+02 1.736196e+02
      vertex   3.695000e+02 3.338024e+02 1.738545e+02
    endloop
  endfacet
  facet normal 1.000000e+00 0.000000e+00 0.000000e+00
    outer loop
      vertex   3.695000e+02 3.265000e+02 1.685000e+02
      vertex   3.695000e+02 3.338024e+02 1.738545e+02
      vertex   3.695000e+02 3.335438e+02 1.741206e+02
    endloop
  endfacet
  facet normal 1.000000e+00 0.000000e+00 0.000000e+00
    outer loop
      vertex   3.695000e+02 3.335438e+02 1.741206e+02
      vertex   3.695000e+02 3.333172e+02 1.744145e+02
      vertex   3.695000e+02 3.265000e+02 1.685000e+02
    endloop
  endfacet
  facet normal 1.000000e+00 0.000000e+00 0.000000e+00
    outer loop
      vertex   3.695000e+02 3.265000e+02 1.685000e+02
      vertex   3.695000e+02 3.333172e+02 1.744145e+02
      vertex   3.695000e+02 3.331256e+02 1.747323e+02
    endloop
  endfacet
  facet normal 1.000000e+00 0.000000e+00 0.000000e+00
    outer loop
      vertex   3.695000e+02 3.265000e+02 1.685000e+02
      vertex   3.695000e+02 3.331256e+02 1.747323e+02
      vertex   3.695000e+02 3.329714e+02 1.750698e+02
    endloop
  endfacet
  facet normal 1.000000e+00 0.000000e+00 0.000000e+00
    outer loop
      vertex   3.695000e+02 3.329714e+02 1.750698e+02
      vertex   3.695000e+02 3.328568e+02 1.754227e+02
      vertex   3.695000e+02 3.265000e+02 1.685000e+02
    endloop
  endfacet
  facet normal 1.000000e+00 0.000000e+00 0.000000e+00
    outer loop
      vertex   3.695000e+02 3.265000e+02 1.685000e+02
      vertex   3.695000e+02 3.328568e+02 1.754227e+02
      vertex   3.695000e+02 3.327831e+02 1.757864e+02
    endloop
  endfacet
  facet normal 1.000000e+00 0.000000e+00 0.000000e+00
    outer loop
      vertex   3.695000e+02 3.265000e+02 1.685000e+02
      vertex   3.695000e+02 3.327831e+02 1.757864e+02
      vertex   3.695000e+02 3.327513e+02 1.761561e+02
    endloop
  endfacet
  facet normal 1.000000e+00 0.000000e+00 -0.000000e+00
    outer loop
      vertex   3.695000e+02 3.328147e+02 1.768944e+02
      vertex   3.695000e+02 3.329091e+02 1.772533e+02
      vertex   3.695000e+02 3.265000e+02 1.839979e+02
    endloop
  endfacet
  facet normal 1.000000e+00 0.000000e+00 0.000000e+00
    outer loop
      vertex   3.695000e+02 3.265000e+02 1.839979e+02
      vertex   3.695000e+02 3.329091e+02 1.772533e+02
      vertex   3.695000e+02 3.330437e+02 1.775990e+02
    endloop
  endfacet
  facet normal 1.000000e+00 0.000000e+00 0.000000e+00
    outer loop
      vertex   3.695000e+02 3.265000e+02 1.839979e+02
      vertex   3.695000e+02 3.330437e+02 1.775990e+02
      vertex   3.695000e+02 3.332169e+02 1.779272e+02
    endloop
  endfacet
  facet normal 1.000000e+00 0.000000e+00 -0.000000e+00
    outer loop
      vertex   3.695000e+02 3.332169e+02 1.779272e+02
      vertex   3.695000e+02 3.334263e+02 1.782336e+02
      vertex   3.695000e+02 3.265000e+02 1.839979e+02
    endloop
  endfacet
  facet normal 1.000000e+00 0.000000e+00 0.000000e+00
    outer loop
      vertex   3.695000e+02 3.265000e+02 1.839979e+02
      vertex   3.695000e+02 3.334263e+02 1.782336e+02
      vertex   3.695000e+02 3.336693e+02 1.785140e+02
    endloop
  endfacet
  facet normal 1.000000e+00 0.000000e+00 0.000000e+00
    outer loop
      vertex   3.695000e+02 3.265000e+02 1.839979e+02
      vertex   3.695000e+02 3.336693e+02 1.785140e+02
      vertex   3.695000e+02 3.339427e+02 1.787649e+02
    endloop
  endfacet
  facet normal 1.000000e+00 0.000000e+00 -0.000000e+00
    outer loop
      vertex   3.695000e+02 3.339427e+02 1.787649e+02
      vertex   3.695000e+02 3.342429e+02 1.789830e+02
      vertex   3.695000e+02 3.265000e+02 1.839979e+02
    endloop
  endfacet
  facet normal 1.000000e+00 0.000000e+00 0.000000e+00
    outer loop
      vertex   3.695000e+02 3.265000e+02 1.839979e+02
      vertex   3.695000e+02 3.342429e+02 1.789830e+02
      vertex   3.695000e+02 3.345660e+02 1.791655e+02
    endloop
  endfacet
  facet normal 1.000000e+00 0.000000e+00 0.000000e+00
    outer loop
      vertex   3.695000e+02 3.265000e+02 1.839979e+02
      vertex   3.695000e+02 3.345660e+02 1.791655e+02
      vertex   3.695000e+02 3.349078e+02 1.793099e+02
    endloop
  endfacet
  facet normal 1.000000e+00 0.000000e+00 -0.000000e+00
    outer loop
      vertex   3.695000e+02 3.349078e+02 1.793099e+02
      vertex   3.695000e+02 3.352639e+02 1.794145e+02
      vertex   3.695000e+02 3.265000e+02 1.839979e+02
    endloop
  endfacet
  facet normal 1.000000e+00 0.000000e+00 0.000000e+00
    outer loop
      vertex   3.695000e+02 3.265000e+02 1.839979e+02
      vertex   3.695000e+02 3.352639e+02 1.794145e+02
      vertex   3.695000e+02 3.356295e+02 1.794778e+02
    endloop
  endfacet
  facet normal 1.000000e+00 0.000000e+00 0.000000e+00
    outer loop
      vertex   3.695000e+02 3.265000e+02 1.839979e+02
      vertex   3.695000e+02 3.356295e+02 1.794778e+02
      vertex   3.695000e+02 3.360000e+02 1.794989e+02
    endloop
  endfacet
endsolid
